row_index,PlayerID,true_label,predicted_label,prob_High,prob_Low,prob_Medium
33212,42212,High,Medium,0.049065426492544535,0.04838626522285738,0.9025483082845981
32450,41450,High,Low,0.033091612461193375,0.9054638517199568,0.06144453581884981
25718,34718,High,High,0.8764313304816147,0.030566983743264636,0.09300168577512063
25647,34647,Medium,Medium,0.03478018159828663,0.04190545610848471,0.9233143622932286
6697,15697,Medium,Medium,0.09283066431640379,0.26231788300026043,0.6448514526833358
9578,18578,Low,Low,0.03215627863218703,0.9072055292009374,0.060638192166875514
22418,31418,Low,Low,0.026505879581022795,0.9195007673213259,0.05399335309765119
13852,22852,High,High,0.9151704832411828,0.029548947488529265,0.055280569270287995
35559,44559,Medium,Medium,0.03791968014826989,0.03620060503114854,0.9258797148205815
37904,46904,Low,Low,0.028410072462220586,0.9147626005235937,0.0568273270141856
336,9336,Medium,Medium,0.036395724072816056,0.03864624229962105,0.9249580336275628
22261,31261,Medium,Medium,0.03753179148653995,0.03941355341978355,0.9230546550936766
13433,22433,High,Low,0.028410072462220586,0.9147626005235937,0.0568273270141856
6518,15518,Low,Low,0.033372567415924724,0.9033069304476792,0.06332050213639596
33043,42043,Medium,Medium,0.037290440652083,0.04062454642331669,0.9220850129246002
10916,19916,Medium,Medium,0.038886252591924804,0.046166305018743775,0.9149474423893315
38118,47118,Medium,Medium,0.03527114626268923,0.03812634346140507,0.9266025102759058
14589,23589,Medium,Medium,0.026293840323421736,0.028771795854392216,0.9449343638221861
14029,23029,High,High,0.9059455444981147,0.034610132154841794,0.059444323347043554
11815,20815,High,Medium,0.04756437991436522,0.053403797534335044,0.8990318225512998
24102,33102,Medium,Low,0.0279926370683368,0.9159544857119251,0.05605287721973814
37284,46284,Medium,Medium,0.05390668613163613,0.06207317551391242,0.8840201383544514
37439,46439,Low,Low,0.17649493835787658,0.7645909400003764,0.05891412164174687
4840,13840,Medium,Medium,0.0457305986075405,0.047171275712554826,0.9070981256799047
30694,39694,High,High,0.9144529463258891,0.030165346139523253,0.055381707534587654
27993,36993,Medium,Medium,0.041377568240270474,0.04242187259119545,0.916200559168534
22606,31606,Medium,Medium,0.03858315269713807,0.03854956107853999,0.922867286224322
22737,31737,Medium,Medium,0.03870147247560501,0.04542165849661175,0.9158768690277833
36934,45934,High,High,0.9063750231535656,0.031632961946691844,0.06199201489974258
33527,42527,Medium,Medium,0.03518546799615908,0.041554479743479214,0.9232600522603617
21911,30911,Medium,High,0.8288974493918304,0.0794901863658002,0.09161236424236929
3413,12413,Low,Low,0.030012350431972715,0.912220815364134,0.057766834203893204
31047,40047,Medium,Medium,0.03784817857658784,0.040448043509670246,0.9217037779137419
8262,17262,Medium,Medium,0.03834180186268112,0.03976055408207312,0.9218976440552457
22731,31731,Low,Medium,0.2241277286155179,0.3698757232269309,0.4059965481575512
31333,40333,High,High,0.9090569422803073,0.032951381876950354,0.05799167584274235
5141,14141,Medium,Medium,0.034048438793915205,0.03634953130100874,0.9296020299050761
17425,26425,Medium,Medium,0.03901594200463724,0.047055031858880075,0.9139290261364826
32600,41600,Medium,Medium,0.039612555446097875,0.03966612885222009,0.920721315701682
28493,37493,High,High,0.9092833806644904,0.03255286325266422,0.05816375608284544
5848,14848,Low,Low,0.029906191792627712,0.9119274430955809,0.05816636511179137
36108,45108,Low,Low,0.09191854490804442,0.8135824252889128,0.0944990298030428
35044,44044,Low,Low,0.03215627863218703,0.9072055292009374,0.060638192166875514
38564,47564,High,High,0.9090024591856997,0.032546340558688304,0.05845120025561221
32873,41873,High,Medium,0.03462574909197649,0.03333979507638436,0.9320344558316392
23508,32508,Low,Low,0.030537456727185303,0.908786578635433,0.06067596463738164
11440,20440,Low,Low,0.03534500191089157,0.9011288008433155,0.06352619724579295
33801,42801,Medium,Medium,0.07472790305618807,0.17155407809560394,0.753718018848208
194,9194,Medium,Medium,0.052459569481026945,0.05172141084487782,0.8958190196740953
33709,42709,High,High,0.9063470671068506,0.03420589961827294,0.05944703327487628
24753,33753,Medium,Medium,0.03858315269713807,0.03854956107853999,0.922867286224322
3652,12652,High,High,0.9073734389571079,0.034284975166476675,0.05834158587641544
24245,33245,Medium,High,0.9065415835356149,0.03404648694634909,0.05941192951803596
4900,13900,Medium,Medium,0.026293840323421736,0.028771795854392216,0.9449343638221861
39248,48248,Low,Medium,0.034419268639353094,0.03366797942374742,0.9319127519368995
37207,46207,Medium,Medium,0.040714095691402295,0.04007291654380401,0.9192129877647935
4,9004,Medium,Medium,0.23392079292957127,0.05731349795417232,0.7087657091162565
29799,38799,Medium,Medium,0.04129188997374033,0.0458500088732696,0.91285810115299
13620,22620,High,High,0.9080916209840465,0.033144050894901196,0.05876432812105236
877,9877,Low,Low,0.04320920967002823,0.9019645165682575,0.054826273761714193
22784,31784,Medium,Medium,0.035150109879082035,0.040163166374005854,0.9246867237469121
31713,40713,High,High,0.9073734389571079,0.034284975166476675,0.05834158587641544
5018,14018,Low,Low,0.028417294739558684,0.916249860820094,0.05533284444034733
39432,48432,High,High,0.9057329129284813,0.03388747048818707,0.06037961658333152
37268,46268,Medium,Medium,0.03500269786888562,0.038634017065361466,0.9263632850657529
24481,33481,Low,Medium,0.03465754311984915,0.034507890380292346,0.9308345664998585
26361,35361,Low,Low,0.06172701283338065,0.8351496264497501,0.1031233607168693
16948,25948,Low,Low,0.14962227569746409,0.7230550735195966,0.12732265078293925
23116,32116,Low,Low,0.03155955612766461,0.908404109987691,0.060036333884644244
9856,18856,High,Medium,0.30034803238939173,0.037272338694710014,0.6623796289158982
21634,30634,Medium,Medium,0.03590852036894148,0.034785298723244616,0.9293061809078139
27799,36799,Medium,Medium,0.03347192029441353,0.03432883424797566,0.9321992454576109
16445,25445,High,High,0.9080794674423371,0.03308624962636881,0.05883428293129404
31904,40904,Low,Medium,0.02635287149424077,0.036172095362116255,0.937475033143643
31763,40763,Medium,Medium,0.026293840323421736,0.028771795854392216,0.9449343638221861
6945,15945,Medium,Medium,0.03460767371382104,0.035777387414013616,0.9296149388721653
7350,16350,High,High,0.9089997245698473,0.033269647898772674,0.057730627531380085
6060,15060,Medium,Medium,0.03858315269713807,0.03854956107853999,0.922867286224322
4186,13186,Medium,Medium,0.040986465923103184,0.04399406779451496,0.9150194662823817
4354,13354,Medium,High,0.8893593025189651,0.03090673355194831,0.07973396392908655
14818,23818,Medium,Medium,0.03325152648503275,0.04486197757423414,0.9218864959407331
34621,43621,Medium,Medium,0.03834180186268112,0.03976055408207312,0.9218976440552457
20920,29920,Low,Low,0.02844608681614529,0.9097738956599685,0.0617800175238861
21495,30495,Medium,Medium,0.03753179148653995,0.03941355341978355,0.9230546550936766
35775,44775,High,Low,0.026651000177572066,0.9018412402598258,0.07150775956260207
1059,10059,Medium,Medium,0.03666099131361411,0.3086808635018199,0.654658145184566
14512,23512,High,High,0.909233816731434,0.032123951544775035,0.05864223172379104
32464,41464,Medium,High,0.9073734389571079,0.034284975166476675,0.05834158587641544
30934,39934,Medium,Medium,0.03753179148653995,0.03941355341978355,0.9230546550936766
4963,13963,Medium,Medium,0.03639743097788712,0.043636592088238474,0.9199659769338745
10603,19603,Medium,Medium,0.03471475601900358,0.03681688231099236,0.9284683616700041
34010,43010,Medium,Medium,0.037677330197082214,0.04239827942065683,0.919924390382261
20018,29018,Medium,Medium,0.04182692787469753,0.045943826066845696,0.9122292460584567
25753,34753,High,High,0.9109776747800821,0.031606665951356194,0.05741565926856163
27532,36532,High,High,0.9057329129284813,0.03388747048818707,0.06037961658333152
1807,10807,High,High,0.9079120270709438,0.033174560695551615,0.05891341223350471
28432,37432,Medium,Medium,0.041331531269212574,0.04351206562844506,0.9151564031023423
38988,47988,Medium,Medium,0.035150109879082035,0.040163166374005854,0.9246867237469121
15857,24857,High,High,0.9088440373202307,0.032581466842977004,0.058574495836792355
33246,42246,Low,Low,0.05427607081356294,0.754418710658154,0.19130521852828306
33970,42970,Low,Low,0.034308140971338864,0.7030951680361354,0.26259669099252586
19239,28239,Medium,Medium,0.033866893205233846,0.03578942409524468,0.9303436826995215
5827,14827,Low,Low,0.03356921579927922,0.8440290683830849,0.12240171581763581
23983,32983,Medium,High,0.9035551397064329,0.03786803903600567,0.05857682125756159
17317,26317,Medium,Medium,0.03527114626268923,0.03812634346140507,0.9266025102759058
10748,19748,High,High,0.9068916888881448,0.033368443793316355,0.05973986731853887
9104,18104,Low,Low,0.04779082220532646,0.8923210588394311,0.0598881189552423
28186,37186,Low,High,0.8044944874592375,0.11733058389673108,0.07817492864403154
11073,20073,High,High,0.9059455444981147,0.034610132154841794,0.059444323347043554
9883,18883,Low,Low,0.03159498289904913,0.8933822208964709,0.07502279620447992
14348,23348,Medium,Medium,0.0342314121690724,0.03497423686169345,0.9307943509692341
39537,48537,Medium,Medium,0.036637074907273005,0.03743524929608791,0.9259276757966391
28513,37513,Medium,Medium,0.03262578706345395,0.03682171487991442,0.9305524980566316
12690,21690,Medium,Medium,0.026313172452408617,0.031006566474436056,0.9426802610731553
16869,25869,Low,Low,0.03347986077245769,0.9074358039292276,0.05908433529831464
26421,35421,Low,Low,0.028415339778138347,0.9140110927495702,0.05757356747229137
7990,16990,Medium,Medium,0.033509806433545154,0.036289675886859406,0.9302005176795954
33393,42393,High,High,0.8720246068495476,0.03182268081159572,0.09615271233885671
10477,19477,Low,Low,0.02863931870337962,0.9126641860299842,0.05869649526663623
7175,16175,Medium,Medium,0.10239220775364626,0.029276160765212098,0.8683316314811417
25567,34567,High,High,0.9140259488519358,0.03048566785840424,0.055488383289660104
21885,30885,Medium,Medium,0.03833646597331692,0.042774887863859516,0.9188886461628235
36573,45573,High,Low,0.03215627863218703,0.9072055292009374,0.060638192166875514
13632,22632,Medium,Medium,0.026293840323421736,0.028771795854392216,0.9449343638221861
21111,30111,Medium,Medium,0.03263010576342448,0.03734718319003502,0.9300227110465404
11974,20974,Low,Low,0.03029421986633947,0.9072061385139781,0.06249964161968241
11924,20924,Medium,Medium,0.03834180186268112,0.03976055408207312,0.9218976440552457
13363,22363,Medium,Medium,0.03672189587356902,0.10892956946937582,0.8543485346570551
25126,34126,Low,Low,0.0534978226363853,0.8261280468334992,0.12037413053011549
16482,25482,High,High,0.9083195833471379,0.03304328680495124,0.05863712984791076
20646,29646,Medium,Medium,0.041735944851163526,0.043095699704093555,0.9151683554447428
9564,18564,Medium,Medium,0.0385457999076782,0.043204515218070734,0.918249684874251
38590,47590,Low,Low,0.032847461120712136,0.9067411671763802,0.060411371702907536
18348,27348,Medium,Medium,0.03960493009927672,0.03730634154584517,0.9230887283548781
19052,28052,High,High,0.9151704832411828,0.029548947488529265,0.055280569270287995
8009,17009,High,High,0.9060258458784585,0.03620666518557499,0.05776748893596658
16040,25040,High,High,0.9065415835356149,0.03404648694634909,0.05941192951803596
21445,30445,Medium,Medium,0.035043203229428256,0.03872394326820375,0.9262328535023681
1449,10449,Medium,Medium,0.03858315269713807,0.03854956107853999,0.922867286224322
19740,28740,Medium,Medium,0.041377568240270474,0.04242187259119545,0.916200559168534
35327,44327,High,High,0.9078842322134619,0.03432267120941295,0.05779309657712522
16108,25108,Medium,Medium,0.04195835201967121,0.05429179183280764,0.9037498561475211
18926,27926,High,Medium,0.03406988172243796,0.03480754600905678,0.9311225722685053
27191,36191,High,High,0.9102063724078526,0.03201295418498371,0.05778067340716362
10353,19353,High,High,0.8982994931071987,0.037031845236173234,0.06466866165662828
34015,43015,Medium,Medium,0.03283566593989407,0.03723249826355951,0.9299318357965465
27621,36621,High,High,0.9054147295313705,0.03432640768885751,0.06025886277977203
30660,39660,Low,Low,0.03133393734496825,0.9085010213500463,0.060165041304985394
5923,14923,Medium,Medium,0.03834180186268112,0.03976055408207312,0.9218976440552457
4699,13699,Low,Low,0.028443452209422068,0.909950318017525,0.061606229773052905
4115,13115,High,High,0.8200549241401776,0.11577135512640546,0.06417372073341691
34833,43833,Medium,Medium,0.10491160544267743,0.3485609878913177,0.5465274066660049
27823,36823,Medium,Medium,0.03509980000451333,0.03548553895976518,0.9294146610357216
38428,47428,Medium,Medium,0.035088376135415766,0.03520588078328732,0.9297057430812968
33360,42360,High,Low,0.031118482908049836,0.6049653362304716,0.3639161808614786
2439,11439,Medium,Medium,0.03753179148653995,0.03941355341978355,0.9230546550936766
19205,28205,Medium,Medium,0.04872115486853943,0.029006078430465612,0.922272766700995
11881,20881,Low,Low,0.03545380510444011,0.9011002758438429,0.06344591905171698
16929,25929,High,High,0.910751236395899,0.032005184575642324,0.05724357902845854
4091,13091,Medium,Medium,0.027152567645436696,0.02877875181997042,0.9440686805345928
33435,42435,Medium,Medium,0.057954231295636705,0.21211536079963175,0.7299304079047316
12507,21507,Medium,Medium,0.041735944851163526,0.043095699704093555,0.9151683554447428
39003,48003,Medium,Medium,0.039709657160942304,0.04273282747850573,0.917557515360552
296,9296,Medium,Medium,0.03626087243731413,0.040738466989444895,0.9230006605732409
27168,36168,Medium,Medium,0.033180050958474275,0.03583822920293702,0.9309817198385887
11289,20289,Low,Low,0.027628316783145427,0.9085692100854117,0.0638024731314429
11643,20643,Low,Low,0.028642942963313045,0.9146273145750548,0.05672974246163217
6898,15898,Medium,Medium,0.04457456805885463,0.0587108235437273,0.896714608397418
24346,33346,High,High,0.9057027884529116,0.03489111567413145,0.059406095872956914
4916,13916,High,High,0.9153438687615503,0.02912212508046846,0.055534006157981396
21317,30317,Medium,Medium,0.031081398077857637,0.03229343241722573,0.9366251695049167
253,9253,Medium,Medium,0.031959278691915526,0.03743942941462728,0.9306012918934572
4084,13084,High,High,0.894254287444085,0.03432380913479877,0.07142190342111636
3028,12028,Low,Medium,0.038682254546927725,0.04272234388274617,0.9185954015703262
9624,18624,High,High,0.8843311244672218,0.05058607553044254,0.06508280000233564
26340,35340,High,High,0.9136847354029124,0.02957445505265056,0.056740809544436964
13198,22198,Low,Low,0.039376996242115166,0.8874880783178618,0.07313492544002305
1393,10393,Medium,Medium,0.14629379656305494,0.02907402944392594,0.824632173993019
34398,43398,Medium,Medium,0.03163410539963611,0.03629598762087333,0.9320699069794905
38242,47242,High,High,0.9047867685384513,0.03512915884971251,0.0600840726118362
36488,45488,Medium,Low,0.030258140608381345,0.9110831365954885,0.0586587227961301
13318,22318,High,High,0.9119415009952413,0.03177497920267746,0.05628351980208137
33742,42742,Low,Low,0.08471102952239506,0.8584646426577748,0.056824327819830135
11246,20246,Medium,Medium,0.04207639753541013,0.0460574895047666,0.9118661129598232
31364,40364,Medium,Medium,0.041735944851163526,0.043095699704093555,0.9151683554447428
2541,11541,Medium,Medium,0.035014121737983184,0.03891367524183933,0.9260722030201776
23205,32205,Medium,Medium,0.03753179148653995,0.03941355341978355,0.9230546550936766
32051,41051,Medium,Medium,0.03590852036894148,0.034785298723244616,0.9293061809078139
35753,44753,Medium,Medium,0.03858315269713807,0.03854956107853999,0.922867286224322
25190,34190,High,Medium,0.037995413681344604,0.035882437386814035,0.9261221489318414
22586,31586,Medium,Medium,0.03527114626268923,0.03812634346140507,0.9266025102759058
6125,15125,High,High,0.9113932046166298,0.03151375472060151,0.05709304066276879
9821,18821,Medium,Medium,0.032589190883410446,0.03597453512809659,0.9314362739884929
33700,42700,Medium,Medium,0.026293840323421736,0.028771795854392216,0.9449343638221861
13910,22910,High,High,0.81572146661104,0.11432717809296418,0.06995135529599587
14923,23923,Medium,Medium,0.03870147247560501,0.04542165849661175,0.9158768690277833
34470,43470,Low,Low,0.330005068437952,0.6090417879895401,0.06095314357250773
8229,17229,Medium,Medium,0.03878715074213515,0.041993522214537594,0.9192193270433272
33523,42523,Low,Low,0.0339470922127715,0.7798451878847571,0.18620771990247134
30071,39071,Medium,Medium,0.0457305986075405,0.047171275712554826,0.9070981256799047
14546,23546,Medium,High,0.5237348960202682,0.07978040630998627,0.3964846976697454
39062,48062,High,High,0.8628484197316734,0.04649221481584461,0.09065936545248206
32266,41266,Low,Low,0.032306937305981505,0.9056660859863177,0.06202697670770075
19320,28320,High,High,0.9115641706252121,0.03294748704931318,0.05548834232547468
12796,21796,Medium,Medium,0.047063389672892315,0.0612405364742326,0.8916960738528751
24038,33038,High,Medium,0.03784817857658784,0.040448043509670246,0.9217037779137419
9120,18120,Medium,Medium,0.026293840323421736,0.028771795854392216,0.9449343638221861
32515,41515,Medium,Medium,0.02635287149424077,0.036172095362116255,0.937475033143643
3851,12851,Medium,Medium,0.02635287149424077,0.036172095362116255,0.937475033143643
2909,11909,Low,Low,0.026653433316568487,0.9013032754504877,0.0720432912329438
5952,14952,Medium,Medium,0.049664444819674115,0.23033150430919314,0.7200040508711326
5086,14086,High,High,0.9150037904475505,0.029247153241958344,0.05574905631049116
35583,44583,High,High,0.9136875499535387,0.030352148210033614,0.0559603018364277
32154,41154,Low,Low,0.033091612461193375,0.9054638517199568,0.06144453581884981
36610,45610,Low,Low,0.08786904583199173,0.7449613695285325,0.16716958463947573
2908,11908,Medium,Medium,0.03834180186268112,0.03976055408207312,0.9218976440552457
177,9177,Medium,Medium,0.03423886815203366,0.03588294168739504,0.9298781901605713
14168,23168,Medium,Low,0.027211241141852343,0.7784321085751892,0.19435665028295848
20487,29487,High,High,0.9098129928205397,0.03234517880934407,0.05784182837011622
16269,25269,Low,Low,0.03215627863218703,0.9072055292009374,0.060638192166875514
26666,35666,Medium,Medium,0.026293840323421736,0.028771795854392216,0.9449343638221861
4548,13548,Low,Medium,0.03281372898856202,0.062428173259424125,0.9047580977520138
11056,20056,Low,Medium,0.0599004698737067,0.3431626505407163,0.5969368795855771
1326,10326,Medium,Medium,0.031085716777828176,0.032818900727346334,0.9360953824948255
1626,10626,High,Medium,0.03858315269713807,0.03854956107853999,0.922867286224322
19987,28987,Low,Low,0.0342064456337675,0.9034400536136901,0.06235350075254237
10481,19481,Low,Low,0.03246958617085059,0.9051323269295041,0.062398086899645266
19322,28322,Medium,Medium,0.03858315269713807,0.03854956107853999,0.922867286224322
7265,16265,Medium,Medium,0.08421174561203426,0.03724084636068325,0.8785474080272824
36022,45022,High,High,0.9068916888881448,0.033368443793316355,0.05973986731853887
24292,33292,Medium,Low,0.029345406291226932,0.9130209230426131,0.057633670666159896
20641,29641,Medium,Medium,0.04007214113622463,0.03800476010672531,0.9219230987570501
32455,41455,Medium,Medium,0.03527114626268923,0.03812634346140507,0.9266025102759058
11365,20365,High,High,0.9117182528300836,0.031010026511940746,0.05727172065797581
2559,11559,Medium,Medium,0.03870147247560501,0.04542165849661175,0.9158768690277833
32998,41998,Medium,Medium,0.03858315269713807,0.03854956107853999,0.922867286224322
3298,12298,Medium,Medium,0.03858315269713807,0.03854956107853999,0.922867286224322
28860,37860,Low,Low,0.08801606905063031,0.8533175244748685,0.05866640647450103
5883,14883,Medium,Medium,0.0342314121690724,0.03497423686169345,0.9307943509692341
30990,39990,Low,Medium,0.07319471082245409,0.04967475452973342,0.8771305346478124
7845,16845,Medium,Medium,0.03271578402995463,0.033919046907960874,0.9333651690620846
31171,40171,Medium,Medium,0.04556012351517972,0.04535106813629375,0.9090888083485266
9666,18666,Medium,Medium,0.03858315269713807,0.03854956107853999,0.922867286224322
18958,27958,Low,Low,0.030786871163527352,0.9096120284118582,0.05960110042461447
6529,15529,Medium,Medium,0.034419268639353094,0.03366797942374742,0.9319127519368995
27520,36520,Medium,Medium,0.03753179148653995,0.03941355341978355,0.9230546550936766
31900,40900,Low,Medium,0.029950213315461726,0.0328369223149678,0.9372128643695704
17450,26450,Medium,Medium,0.0937339905991509,0.06519018047053192,0.8410758289303172
22788,31788,High,High,0.9079120270709438,0.033174560695551615,0.05891341223350471
15904,24904,High,High,0.9156540449974161,0.028854266608435614,0.05549168839414833
37197,46197,High,High,0.9035551397064329,0.03786803903600567,0.05857682125756159
7469,16469,Medium,Medium,0.03066625325074049,0.02881840153869422,0.9405153452105653
18844,27844,Low,High,0.9117155182142312,0.031733333852025106,0.05655114793374369
18586,27586,Medium,Medium,0.038886252591924804,0.046166305018743775,0.9149474423893315
12573,21573,Medium,Medium,0.0369887140600933,0.032887309834925514,0.9301239761049812
6575,15575,Low,Low,0.03215627863218703,0.9072055292009374,0.060638192166875514
38096,47096,Medium,Medium,0.10168335126962076,0.08810356374519485,0.8102130849851844
13065,22065,Medium,Medium,0.039709657160942304,0.04273282747850573,0.917557515360552
6709,15709,Medium,Medium,0.07586934315065066,0.053439016885028785,0.8706916399643205
36301,45301,Medium,Medium,0.03960493009927672,0.03730634154584517,0.9230887283548781
3785,12785,Medium,Medium,0.03460767371382104,0.035777387414013616,0.9296149388721653
999,9999,High,High,0.9068916888881448,0.033368443793316355,0.05973986731853887
24823,33823,Low,Low,0.03106734396626877,0.8847215469533464,0.08421110908038486
10386,19386,Medium,Medium,0.03545321301751894,0.038381720044648314,0.9261650669378327
26160,35160,Medium,Medium,0.02686321910225943,0.1515991942098788,0.8215375866878617
17651,26651,Medium,Medium,0.036637074907273005,0.03743524929608791,0.9259276757966391
31555,40555,Medium,Medium,0.031106582610507114,0.035453298022023454,0.9334401193674694
815,9815,High,High,0.9080916209840465,0.033144050894901196,0.05876432812105236
6280,15280,Medium,Medium,0.03753179148653995,0.03941355341978355,0.9230546550936766
761,9761,High,High,0.9121968576761903,0.030909751429041316,0.05689339089476847
39264,48264,Medium,Medium,0.033381863724221535,0.054464217346255596,0.9121539189295228
5594,14594,Low,Low,0.026941504294598767,0.9190269813424078,0.054031514362993534
20266,29266,High,High,0.9077003594952785,0.03352746025147838,0.0587721802532433
5386,14386,Medium,Medium,0.03753179148653995,0.03941355341978355,0.9230546550936766
9404,18404,Medium,High,0.9100227610813011,0.03238568097139899,0.05759155794730003
14011,23011,Medium,Medium,0.03790309996561403,0.03629249638822971,0.9258044036461562
6544,15544,Low,Low,0.033091612461193375,0.9054638517199568,0.06144453581884981
19650,28650,Medium,Medium,0.03858315269713807,0.03854956107853999,0.922867286224322
2248,11248,Low,Low,0.03246958617085059,0.9051323269295041,0.062398086899645266
24402,33402,Low,Low,0.03094768426097906,0.9104791378831534,0.0585731778558675
16962,25962,Medium,Medium,0.03753179148653995,0.03941355341978355,0.9230546550936766
22708,31708,High,High,0.8950700459305704,0.02922794660465974,0.07570200746476989
14674,23674,Medium,Medium,0.4145583799434564,0.029203451635199967,0.5562381684213437
35842,44842,Medium,Medium,0.033866893205233846,0.03578942409524468,0.9303436826995215
22955,31955,Medium,Medium,0.056007366949896276,0.03184409692752651,0.9121485361225772
7767,16767,Medium,Medium,0.033965995055023505,0.039962206899450854,0.9260717980455256
18013,27013,Low,Low,0.03569045892487894,0.9074819418247572,0.056827599250363965
642,9642,High,High,0.9047867685384513,0.03512915884971251,0.0600840726118362
27,9027,High,High,0.9128971381565538,0.030415749354259825,0.05668711248918642
21324,30324,Medium,Medium,0.049065426492544535,0.04838626522285738,0.9025483082845981
38559,47559,Medium,Medium,0.040594091883891306,0.04785419394924798,0.9115517141668606
3593,12593,Low,Low,0.034415194601464034,0.905694126448247,0.059890678950288934
10643,19643,Low,Low,0.028649807781237106,0.9144854811581293,0.05686471106063349
14355,23355,Low,Low,0.033523271349880444,0.902772180783324,0.06370454786679558
28582,37582,Medium,Medium,0.08721937188890189,0.26037982320023584,0.6524008049108624
35318,44318,Medium,Medium,0.03423886815203366,0.03588294168739504,0.9298781901605713
17922,26922,Medium,Medium,0.038682254546927725,0.04272234388274617,0.9185954015703262
14785,23785,Medium,Medium,0.03858315269713807,0.03854956107853999,0.922867286224322
32736,41736,Low,Medium,0.14332874525963712,0.02933782198268879,0.8273334327576741
6641,15641,High,Medium,0.32272734489027327,0.07231300446038387,0.6049596506493429
16242,25242,Medium,Low,0.029381308682399507,0.746402287875001,0.22421640344259952
22065,31065,Low,Low,0.03340491999985694,0.9033906494485234,0.06320443055161956
38783,47783,Medium,Medium,0.03858315269713807,0.03854956107853999,0.922867286224322
25889,34889,Medium,High,0.8508438551758709,0.08826767532200756,0.06088846950212151
17726,26726,Medium,Medium,0.041377568240270474,0.04242187259119545,0.916200559168534
11068,20068,Medium,Medium,0.03463389732600788,0.03752302842355097,0.9278430742504411
34547,43547,High,High,0.9136847354029124,0.02957445505265056,0.056740809544436964
9736,18736,Medium,Medium,0.036395724072816056,0.03864624229962105,0.9249580336275628
34960,43960,Medium,Medium,0.03066272311004215,0.03366848372432842,0.9356687931656295
37933,46933,Low,Medium,0.03858315269713807,0.03854956107853999,0.922867286224322
31618,40618,High,High,0.9152056654465514,0.029688818110948006,0.055105516442500675
14908,23908,Medium,Medium,0.038886252591924804,0.046166305018743775,0.9149474423893315
16766,25766,Medium,Medium,0.04396376392831091,0.07750214615066492,0.8785340899210241
12974,21974,Medium,Medium,0.03365107104326154,0.047541449275328586,0.9188074796814099
26665,35665,Low,Low,0.03467527160776127,0.7793818179921658,0.18594291040007296
20462,29462,Low,Low,0.034857897863518575,0.901899547682364,0.06324255445411749
29040,38040,Medium,Medium,0.043395256863947775,0.05743186783332577,0.8991728753027265
28316,37316,High,High,0.9183275713898787,0.02854656487736677,0.05312586373275452
38554,47554,Medium,Medium,0.03858315269713807,0.03854956107853999,0.922867286224322
13083,22083,High,High,0.9102063724078526,0.03201295418498371,0.05778067340716362
20655,29655,Low,Low,0.033091612461193375,0.9054638517199568,0.06144453581884981
34299,43299,Medium,Medium,0.03753179148653995,0.03941355341978355,0.9230546550936766
14555,23555,Medium,Medium,0.038886252591924804,0.046166305018743775,0.9149474423893315
15955,24955,Low,Low,0.032543673347994385,0.8435602465667041,0.1238960800853014
19758,28758,High,High,0.9073734389571079,0.034284975166476675,0.05834158587641544
390,9390,Low,Low,0.03215627863218703,0.9072055292009374,0.060638192166875514
3938,12938,Medium,Medium,0.04206313773089582,0.05084047692650395,0.9070963853426002
30918,39918,Low,Low,0.03004216898227191,0.9079469421469812,0.06201088887074683
25965,34965,High,High,0.9083195833471379,0.03304328680495124,0.05863712984791076
22987,31987,Medium,Medium,0.03842561890436987,0.036027385835443626,0.9255469952601865
7691,16691,Medium,Medium,0.03590852036894148,0.034785298723244616,0.9293061809078139
27425,36425,Low,Low,0.03187152794531344,0.9108381484918685,0.05729032356281804
39257,48257,Low,Low,0.033091612461193375,0.9054638517199568,0.06144453581884981
14935,23935,High,High,0.9112111055611182,0.03207878869866194,0.05671010574021982
31371,40371,Medium,Medium,0.03466186181981969,0.03503335869041295,0.9303047794897674
34359,43359,Medium,Medium,0.0376308933363296,0.043586336223989726,0.9187827704396807
30873,39873,High,High,0.909233816731434,0.032123951544775035,0.05864223172379104
17454,26454,Medium,Medium,0.03527114626268923,0.03812634346140507,0.9266025102759058
12330,21330,Medium,Medium,0.026293840323421736,0.028771795854392216,0.9449343638221861
37413,46413,High,High,0.9006019468918143,0.035566825132801155,0.06383122797538468
26992,35992,High,High,0.913461124040404,0.03068835669201193,0.05585051926758408
19983,28983,Medium,Medium,0.03858315269713807,0.03854956107853999,0.922867286224322
35973,44973,Low,Low,0.029946065193041053,0.8653028236145074,0.10475111119245145
13533,22533,Medium,Medium,0.03753179148653995,0.03941355341978355,0.9230546550936766
29936,38936,Medium,Low,0.026545314185616384,0.9138279254120761,0.059626760402307494
22264,31264,Medium,Medium,0.03791968014826989,0.03620060503114854,0.9258797148205815
2944,11944,Low,Medium,0.03243910806153349,0.045459336930569326,0.9221015550078971
66,9066,Medium,Medium,0.02737609594205125,0.028786148206660842,0.9438377558512879
30070,39070,Low,Low,0.028415339778138347,0.9140110927495702,0.05757356747229137
5246,14246,Low,Low,0.037575465255836174,0.9049961354315176,0.057428399312646254
31426,40426,Low,Low,0.026505879581022795,0.9195007673213259,0.05399335309765119
24603,33603,Medium,High,0.9105594768704202,0.03152905320681146,0.05791146992276846
14594,23594,Medium,Medium,0.0342314121690724,0.03497423686169345,0.9307943509692341
20446,29446,Medium,Medium,0.0416382348951797,0.04092156905783027,0.9174401960469899
5315,14315,High,Low,0.026505879581022795,0.9195007673213259,0.05399335309765119
3715,12715,Low,Low,0.028410072462220586,0.9147626005235937,0.0568273270141856
9815,18815,Medium,Medium,0.037290440652083,0.04062454642331669,0.9220850129246002
36381,45381,High,Medium,0.03753179148653995,0.03941355341978355,0.9230546550936766
33799,42799,Low,Low,0.03161780200661013,0.9074364132422684,0.060945784751121536
5761,14761,Low,Low,0.027219348437279075,0.7969343574175475,0.1758462941451735
4003,13003,Medium,Medium,0.0336255423707769,0.03700041709877781,0.9293740405304453
8399,17399,Medium,Medium,0.03858315269713807,0.03854956107853999,0.922867286224322
7966,16966,Medium,Medium,0.03753179148653995,0.03941355341978355,0.9230546550936766
29961,38961,Low,Medium,0.033866893205233846,0.03578942409524468,0.9303436826995215
295,9295,High,High,0.9183275713898787,0.02854656487736677,0.05312586373275452
24857,33857,Medium,Medium,0.03960493009927672,0.03730634154584517,0.9230887283548781
33266,42266,High,High,0.9035551397064329,0.03786803903600567,0.05857682125756159
164,9164,Low,Low,0.02840401760482848,0.9156231599267749,0.0559728224683966
20780,29780,Medium,Medium,0.03677194346196589,0.03798239053771559,0.9252456660003184
9378,18378,Low,Low,0.03347986077245769,0.9074358039292276,0.05908433529831464
29753,38753,Medium,Medium,0.0610174542111099,0.14807719227976293,0.7909053535091272
11047,20047,Medium,Medium,0.03858315269713807,0.03854956107853999,0.922867286224322
38298,47298,Low,Low,0.030165818052370275,0.829356042075089,0.14047813987254068
12914,21914,High,High,0.9089997245698473,0.033269647898772674,0.057730627531380085
25564,34564,High,High,0.9139811963695855,0.029521576185316232,0.05649722744509832
10941,19941,Low,Medium,0.03527114626268923,0.03812634346140507,0.9266025102759058
32603,41603,Low,Low,0.027557012354760824,0.9164282716908433,0.0560147159543958
28645,37645,Medium,Medium,0.03531058982261439,0.039073617394395965,0.9256157927829897
13347,22347,Low,Low,0.02840401760482848,0.9156231599267749,0.0559728224683966
597,9597,High,High,0.8987913744774526,0.029877735716690168,0.07133088980585726
3726,12726,Low,Low,0.034415194601464034,0.905694126448247,0.059890678950288934
4206,13206,Low,Low,0.028642942963313045,0.9146273145750548,0.05672974246163217
21349,30349,High,High,0.9077003594952785,0.03352746025147838,0.0587721802532433
21257,30257,Medium,Medium,0.03590852036894148,0.034785298723244616,0.9293061809078139
40026,49026,High,High,0.9075025621828353,0.03359284480296494,0.058904593014199806
20388,29388,Medium,Medium,0.03753179148653995,0.03941355341978355,0.9230546550936766
3786,12786,High,High,0.9083195833471379,0.03304328680495124,0.05863712984791076
39612,48612,High,High,0.911200299304263,0.030688380085484853,0.05811132061025218
4909,13909,Medium,Medium,0.13466065607083397,0.03056367903933434,0.8347756648898317
12054,21054,High,High,0.9044380496295635,0.039035929367417024,0.05652602100301934
4005,13005,Low,Low,0.03256148445997094,0.9082183925538966,0.05922012298613246
27225,36225,Low,Low,0.03155955612766461,0.908404109987691,0.060036333884644244
38718,47718,High,High,0.9019952421787499,0.03859857210697978,0.059406185714270233
16493,25493,Low,Low,0.05760625460060287,0.8145495364317968,0.12784420896760032
35512,44512,High,High,0.912790009532577,0.03227787025625675,0.05493212021116629
38937,47937,Medium,Medium,0.031666757186457305,0.03709914425523105,0.9312340985583116
34812,43812,Low,Low,0.02657354958878556,0.9102216764337303,0.06320477397748413
37884,46884,Low,Low,0.032306937305981505,0.9056660859863177,0.06202697670770075
14231,23231,Low,Low,0.032306937305981505,0.9056660859863177,0.06202697670770075
3088,12088,Low,Low,0.033091612461193375,0.9054638517199568,0.06144453581884981
34293,43293,Medium,Medium,0.036306483715731745,0.03604677638022602,0.9276467399040422
17847,26847,Medium,Medium,0.03858315269713807,0.03854956107853999,0.922867286224322
22108,31108,Low,Low,0.026930331768887553,0.8625714498570357,0.11049821837407675
37162,46162,High,High,0.9065735054910338,0.0338073809939868,0.05961911351497939
31653,40653,Low,Low,0.028410072462220586,0.9147626005235937,0.0568273270141856
2691,11691,High,High,0.9059455444981147,0.034610132154841794,0.059444323347043554
32149,41149,Medium,Medium,0.034341812216939945,0.03869931185539826,0.9269588759276618
32237,41237,Medium,Medium,0.031085716777828176,0.032818900727346334,0.9360953824948255
25698,34698,Medium,Medium,0.040714095691402295,0.04007291654380401,0.9192129877647935
11333,20333,Medium,Low,0.13988501850453364,0.4785480918026608,0.38156688969280567
22775,31775,Medium,Medium,0.03858315269713807,0.03854956107853999,0.922867286224322
1706,10706,Low,Low,0.030258140608381345,0.9110831365954885,0.0586587227961301
25325,34325,High,High,0.8509234326280262,0.040210143652290455,0.10886642371968343
319,9319,Low,Low,0.030385296940173695,0.9111416328203918,0.0584730702394344
36249,45249,Medium,Medium,0.03858315269713807,0.03854956107853999,0.922867286224322
23616,32616,Medium,Medium,0.026750972669204166,0.0888330198450646,0.8844160074857313
38926,47926,High,Medium,0.0973032802276897,0.09525382641090539,0.8074428933614048
16676,25676,Low,Low,0.028410072462220586,0.9147626005235937,0.0568273270141856
39349,48349,Low,Low,0.030012350431972715,0.912220815364134,0.057766834203893204
1338,10338,Medium,Medium,0.027234028040131836,0.1805611429960773,0.7922048289637907
5082,14082,Low,Low,0.036389138933446454,0.8993585983628622,0.06425226270369128
515,9515,Medium,Medium,0.03639743097788712,0.043636592088238474,0.9199659769338745
29557,38557,Medium,Medium,0.03458455494520273,0.03948697100980801,0.9259284740449892
7334,16334,Medium,Medium,0.10153876284111474,0.029311191687476052,0.8691500454714092
28654,37654,Medium,Medium,0.0336255423707769,0.03700041709877781,0.9293740405304453
12667,21667,Medium,Medium,0.031228819001763664,0.03664696398587882,0.9321242170123575
6749,15749,Low,Low,0.02652385738389203,0.917084007950308,0.05639213466579988
9504,18504,Low,Low,0.02656725940937804,0.9110150621477954,0.06241767844282655
6344,15344,Medium,Medium,0.03465754311984915,0.034507890380292346,0.9308345664998585
27546,36546,Medium,Medium,0.04359613426055131,0.04022872203239709,0.9161751437070516
39146,48146,Medium,Medium,0.29032280008201145,0.03510159539732691,0.6745756045206616
27714,36714,High,High,0.9088581714609738,0.031932872334026176,0.059208956205000024
39212,48212,Low,Low,0.028648997820705152,0.9137667551718737,0.05758424700742116
15656,24656,Medium,Medium,0.03263010576342448,0.03734718319003502,0.9300227110465404
13520,22520,Low,Low,0.164297030396594,0.5104199153256879,0.32528305427771814
24938,33938,Low,Medium,0.033615111596767826,0.03646105163950667,0.9299238367637255
16492,25492,Low,Low,0.03194177968944598,0.5899181753698209,0.37814004494073306
21422,30422,High,High,0.909233816731434,0.032123951544775035,0.05864223172379104
12841,21841,Medium,Medium,0.03776300846361236,0.03897014313858269,0.9232668483978049
33358,42358,Medium,Medium,0.03605697829364052,0.04067480228756543,0.923268219418794
33550,42550,High,High,0.9088856706811633,0.0343296677332502,0.05678466158558653
2699,11699,Medium,Medium,0.03791968014826989,0.03620060503114854,0.9258797148205815
14287,23287,High,High,0.9109776747800821,0.031606665951356194,0.05741565926856163
29334,38334,High,High,0.9099858524945971,0.03212967650384486,0.05788447100155806
35623,44623,Medium,Medium,0.03424410226095612,0.03652518120913497,0.9292307165299089
6968,15968,Low,Low,0.037282037685832124,0.9081620166114687,0.054555945702699095
28522,37522,High,High,0.9108611567836115,0.03036821565805023,0.05877062755833839
20419,29419,Medium,Medium,0.03858315269713807,0.03854956107853999,0.922867286224322
8581,17581,Medium,Medium,0.036637074907273005,0.03743524929608791,0.9259276757966391
33803,42803,High,High,0.8149433626140321,0.05709626355659129,0.1279603738293766
34872,43872,High,High,0.9073734389571079,0.034284975166476675,0.05834158587641544
21020,30020,Medium,Medium,0.03858315269713807,0.03854956107853999,0.922867286224322
9752,18752,High,High,0.9065415835356149,0.03404648694634909,0.05941192951803596
21011,30011,Medium,Medium,0.026293840323421736,0.028771795854392216,0.9449343638221861
16010,25010,Low,Low,0.028439628919977727,0.9105078410525062,0.06105253002751617
35836,44836,Medium,Medium,0.033519924368196403,0.31129203611600553,0.655188039515798
30744,39744,High,High,0.9106617111904272,0.031798794556409916,0.057539494253162925
14621,23621,High,High,0.9075025621828353,0.03359284480296494,0.058904593014199806
38966,47966,Low,Low,0.03215627863218703,0.9072055292009374,0.060638192166875514
30567,39567,High,High,0.913461124040404,0.03068835669201193,0.05585051926758408
30118,39118,Low,Low,0.030012350431972715,0.912220815364134,0.057766834203893204
30432,39432,High,High,0.9148463938441928,0.030207370852316878,0.05494623530349044
20475,29475,High,High,0.9151704832411828,0.029548947488529265,0.055280569270287995
28243,37243,Medium,High,0.6456537842396949,0.02902969183798579,0.3253165239223192
38653,47653,Medium,Medium,0.03753179148653995,0.03941355341978355,0.9230546550936766
24446,33446,Medium,Medium,0.10377142151922299,0.03250025164141881,0.8637283268393582
19241,28241,Medium,High,0.8981606099193499,0.03361752721867778,0.06822186286197235
14712,23712,Medium,Medium,0.07319760482161557,0.07237621239150481,0.8544261827868797
34998,43998,Medium,Medium,0.03753179148653995,0.03941355341978355,0.9230546550936766
22576,31576,Low,Low,0.032306937305981505,0.9056660859863177,0.06202697670770075
4481,13481,Low,Medium,0.03858315269713807,0.03854956107853999,0.922867286224322
12673,21673,Medium,Medium,0.03320342065636567,0.03344046804785323,0.933356111295781
906,9906,Medium,Medium,0.03753179148653995,0.03941355341978355,0.9230546550936766
26257,35257,Medium,Medium,0.03753179148653995,0.03941355341978355,0.9230546550936766
11505,20505,Low,Medium,0.03424410226095612,0.03652518120913497,0.9292307165299089
34799,43799,Medium,Low,0.02663902976708526,0.8995208837231541,0.0738400865097606
8108,17108,Medium,Medium,0.03527114626268923,0.03812634346140507,0.9266025102759058
11175,20175,High,High,0.9110147762545212,0.03266749290706116,0.05631773083841778
32326,41326,High,High,0.9119496103758179,0.030587637498027467,0.05746275212615464
23342,32342,Medium,Medium,0.04382405216433882,0.04129267696077681,0.9148832708748844
6470,15470,High,High,0.905048004077153,0.036535854201064935,0.058416141721782146
7365,16365,Low,Low,0.03094768426097906,0.9104791378831534,0.0585731778558675
19337,28337,Low,Low,0.02840401760482848,0.9156231599267749,0.0559728224683966
8544,17544,Low,Low,0.026505879581022795,0.9195007673213259,0.05399335309765119
14332,23332,Medium,Medium,0.03066625325074049,0.02881840153869422,0.9405153452105653
4078,13078,Medium,Medium,0.0972819424047871,0.06182171972881164,0.8408963378664013
11152,20152,Low,Low,0.02870750300686148,0.6788173895474804,0.2924751074456582
8109,17109,Medium,Medium,0.03878715074213515,0.041993522214537594,0.9192193270433272
10781,19781,High,High,0.9077003594952785,0.03352746025147838,0.0587721802532433
37976,46976,Low,Medium,0.04359613426055131,0.04022872203239709,0.9161751437070516
10516,19516,Medium,Medium,0.21605509422516414,0.02948382842877652,0.7544610773460593
14033,23033,High,High,0.9010337047944857,0.030591710065859423,0.06837458513965478
30717,39717,Medium,Medium,0.03753179148653995,0.03941355341978355,0.9230546550936766
34495,43495,Medium,Medium,0.041331531269212574,0.04351206562844506,0.9151564031023423
33285,42285,High,High,0.9068916888881448,0.033368443793316355,0.05973986731853887
7822,16822,Medium,Medium,0.026293840323421736,0.028771795854392216,0.9449343638221861
7007,16007,Low,Low,0.027683873817576508,0.915776528984699,0.05653959719772437
34238,43238,Medium,Medium,0.04736759209616392,0.053349941493380786,0.8992824664104554
21059,30059,Low,Low,0.08740566561589384,0.8490957162246969,0.06349861815940926
16698,25698,Medium,Medium,0.03419397750445747,0.03933425730188203,0.9264717651936606
29381,38381,High,High,0.5237348960202682,0.07978040630998627,0.3964846976697454
21375,30375,High,High,0.9109776747800821,0.031606665951356194,0.05741565926856163
32076,41076,Medium,Medium,0.03177500434014732,0.03403128591906273,0.9341937097407901
21877,30877,Low,Low,0.030547945805042786,0.9106078737635782,0.05884418043137891
8767,17767,Low,Low,0.0311396142888171,0.9024717715468688,0.06638861416431421
31244,40244,Low,Low,0.027922799176061077,0.914780683632979,0.05729651719095994
9675,18675,Low,Low,0.08968425467240064,0.8437510340579738,0.0665647112696256
37945,46945,High,High,0.9065735054910338,0.0338073809939868,0.05961911351497939
12456,21456,Medium,Medium,0.04007962104288989,0.10817157704229496,0.8517488019148152
20857,29857,Low,Low,0.03187152794531344,0.9108381484918685,0.05729032356281804
21171,30171,Medium,Medium,0.026945724130761347,0.14100005188616524,0.8320542239830734
39735,48735,Medium,Medium,0.03834180186268112,0.03976055408207312,0.9218976440552457
18666,27666,Low,Low,0.041435588032134804,0.8929303275093895,0.06563408445847564
5552,14552,Medium,Medium,0.034571864853319006,0.03793602666236649,0.9274921084843145
33909,42909,Medium,Medium,0.03776300846361236,0.03897014313858269,0.9232668483978049
3292,12292,High,Low,0.06507207223889794,0.8769167139693786,0.058011213791723325
20168,29168,Medium,Medium,0.03858315269713807,0.03854956107853999,0.922867286224322
15003,24003,Medium,Medium,0.03753179148653995,0.03941355341978355,0.9230546550936766
32203,41203,Medium,Medium,0.03360618190925103,0.03537188272153591,0.9310219353692131
332,9332,Medium,Medium,0.036637074907273005,0.03743524929608791,0.9259276757966391
3656,12656,Low,Low,0.028648997820705152,0.9137667551718737,0.05758424700742116
12964,21964,Medium,Medium,0.03314679291512319,0.0808607234549782,0.8859924836298987
4924,13924,Medium,Medium,0.038886252591924804,0.046166305018743775,0.9149474423893315
32315,41315,Medium,Medium,0.034902438307139155,0.03541697752247544,0.9296805841703853
32304,41304,Medium,Medium,0.062451747433576406,0.041655571006979426,0.8958926815594442
17706,26706,Medium,Medium,0.17529025973913945,0.03505929557809966,0.7896504446827608
10853,19853,Low,Low,0.029206439005230306,0.9114618571169224,0.0593317038778472
25358,34358,Low,Low,0.09019496926674393,0.8498419840800918,0.05996304665316416
4773,13773,Low,Low,0.02840401760482848,0.9156231599267749,0.0559728224683966
29847,38847,Medium,Medium,0.038682254546927725,0.04272234388274617,0.9185954015703262
967,9967,High,Medium,0.09882371608435765,0.029277846209466583,0.8718984377061757
19599,28599,Low,Low,0.03324227113498785,0.9039244085053371,0.06283332035967504
8664,17664,Low,Low,0.08743932801142723,0.8468803637303516,0.06568030825822112
9140,18140,High,High,0.8977569275367631,0.030244917417848904,0.07199815504538816
113,9113,Low,Low,0.02991978159114769,0.8687890176308827,0.10129120077796945
274,9274,Medium,Medium,0.033756039319763835,0.0388820770325298,0.9273618836477063
28640,37640,Medium,Medium,0.03753179148653995,0.03941355341978355,0.9230546550936766
30074,39074,Low,Low,0.030258140608381345,0.9110831365954885,0.0586587227961301
2576,11576,Medium,Medium,0.037290440652083,0.04062454642331669,0.9220850129246002
27990,36990,Low,Low,0.03178609809485521,0.9049716988830191,0.06324220302212569
29838,38838,Low,Low,0.026505879581022795,0.9195007673213259,0.05399335309765119
38475,47475,Medium,Medium,0.0680330874538146,0.3218210988911622,0.6101458136550232
24895,33895,Medium,Medium,0.041377568240270474,0.04242187259119545,0.916200559168534
4247,13247,Medium,Medium,0.03284606838136416,0.03837809996563258,0.9287758316530033
25104,34104,High,High,0.90237306833323,0.03139374078618342,0.06623319088058659
26042,35042,Medium,Medium,0.03753179148653995,0.03941355341978355,0.9230546550936766
6618,15618,Medium,Medium,0.03478855299019982,0.04293093214580562,0.9222805148639944
36838,45838,Medium,Medium,0.13947605257136866,0.1426400909491555,0.7178838564794758
35857,44857,Medium,Medium,0.041331531269212574,0.04351206562844506,0.9151564031023423
21608,30608,Medium,Medium,0.03545321301751894,0.038381720044648314,0.9261650669378327
30145,39145,Medium,Medium,0.034419268639353094,0.03366797942374742,0.9319127519368995
10470,19470,High,High,0.909233816731434,0.032123951544775035,0.05864223172379104
37822,46822,High,High,0.9100028132798941,0.032062440148106296,0.05793474657199971
11962,20962,Medium,Medium,0.036637074907273005,0.03743524929608791,0.9259276757966391
19382,28382,Medium,Medium,0.03858315269713807,0.03854956107853999,0.922867286224322
1518,10518,High,High,0.8993895661667232,0.03766901970371348,0.06294141412956335
8879,17879,Low,Low,0.030547945805042786,0.9106078737635782,0.05884418043137891
19070,28070,Medium,Medium,0.15386684944486703,0.0360916576847784,0.8100414928703547
18126,27126,Medium,Medium,0.03753179148653995,0.03941355341978355,0.9230546550936766
17183,26183,Medium,Medium,0.03066625325074049,0.02881840153869422,0.9405153452105653
22119,31119,High,High,0.9090024591856997,0.032546340558688304,0.05845120025561221
35496,44496,Medium,Medium,0.03465754311984915,0.034507890380292346,0.9308345664998585
18648,27648,Medium,Medium,0.056007366949896276,0.03184409692752651,0.9121485361225772
22574,31574,High,High,0.913461124040404,0.03068835669201193,0.05585051926758408
36073,45073,Medium,Medium,0.03834180186268112,0.03976055408207312,0.9218976440552457
30093,39093,Low,Low,0.028648997820705152,0.9137667551718737,0.05758424700742116
28103,37103,Medium,Medium,0.032437409881745226,0.047231673185626266,0.9203309169326285
9207,18207,Low,Low,0.028642942963313045,0.9146273145750548,0.05672974246163217
4966,13966,High,High,0.909233816731434,0.032123951544775035,0.05864223172379104
33644,42644,Medium,Medium,0.030168110326115466,0.07312806583520527,0.8967038238386792
29669,38669,High,High,0.8422921019746532,0.08925521086475008,0.0684526871605967
14018,23018,High,High,0.9084098043811574,0.03270511369423076,0.05888508192461186
26180,35180,Medium,Medium,0.08635408489287427,0.03739999448256049,0.8762459206245653
25675,34675,Medium,Medium,0.03513279541793258,0.09672736557480298,0.8681398390072644
4587,13587,Medium,Medium,0.04335478342609436,0.041439715035930226,0.9152055015379753
8801,17801,Medium,Medium,0.031959278691915526,0.03743942941462728,0.9306012918934572
37178,46178,Low,Low,0.028417294739558684,0.916249860820094,0.05533284444034733
39436,48436,Medium,Medium,0.03849747443060792,0.04197769736061413,0.919524828208778
3295,12295,High,High,0.8933767797569255,0.03956369230661937,0.06705952793645516
4713,13713,High,High,0.9112958581771932,0.031167728750685752,0.05753641307212113
8841,17841,Low,Low,0.03151452461977195,0.9085250985329401,0.05996037684728798
37548,46548,High,High,0.9109717687802031,0.031826152114473365,0.05720207910532357
9212,18212,Medium,Medium,0.037677330197082214,0.04239827942065683,0.919924390382261
6551,15551,Low,Low,0.026505879581022795,0.9195007673213259,0.05399335309765119
8026,17026,Low,Low,0.030012350431972715,0.912220815364134,0.057766834203893204
2046,11046,Medium,Medium,0.02635287149424077,0.036172095362116255,0.937475033143643
5320,14320,High,High,0.9105594768704202,0.03152905320681146,0.05791146992276846
17356,26356,High,High,0.909233816731434,0.032123951544775035,0.05864223172379104
344,9344,Medium,Medium,0.03605697829364052,0.04067480228756543,0.923268219418794
4746,13746,High,High,0.9112111055611182,0.03207878869866194,0.05671010574021982
26822,35822,Medium,Medium,0.041331531269212574,0.04351206562844506,0.9151564031023423
8267,17267,Medium,Medium,0.03858315269713807,0.03854956107853999,0.922867286224322
24766,33766,Medium,Medium,0.037290440652083,0.04062454642331669,0.9220850129246002
26089,35089,Medium,Medium,0.026293840323421736,0.028771795854392216,0.9449343638221861
36960,45960,Medium,Medium,0.034571864853319006,0.03793602666236649,0.9274921084843145
14471,23471,Low,Low,0.02898008000928284,0.9113895016098779,0.0596304183808394
9220,18220,High,High,0.8996743021646173,0.04066647450917255,0.05965922332621016
23863,32863,Medium,Medium,0.038682254546927725,0.04272234388274617,0.9185954015703262
647,9647,Medium,High,0.9079120270709438,0.033174560695551615,0.05891341223350471
30764,39764,Medium,Medium,0.03590852036894148,0.034785298723244616,0.9293061809078139
20533,29533,High,High,0.9019952421787499,0.03859857210697978,0.059406185714270233
23079,32079,High,Medium,0.050308739841514016,0.051317158046391226,0.8983741021120948
7472,16472,Low,Low,0.04119223317003688,0.8825220788675909,0.0762856879623721
28248,37248,Low,Low,0.027557012354760824,0.9164282716908433,0.0560147159543958
13212,22212,High,High,0.9066652505039617,0.03376696241760249,0.059567787078435776
4043,13043,Medium,Medium,0.28460434942572976,0.04027635054574344,0.6751193000285268
39582,48582,Medium,Medium,0.026293840323421736,0.028771795854392216,0.9449343638221861
1502,10502,Medium,Medium,0.02766375247976402,0.12323497039455578,0.8491012771256802
14329,23329,Low,Medium,0.03776300846361236,0.03897014313858269,0.9232668483978049
1993,10993,High,High,0.9080916209840465,0.033144050894901196,0.05876432812105236
18535,27535,High,High,0.9088581714609738,0.031932872334026176,0.059208956205000024
1389,10389,Medium,Medium,0.03423886815203366,0.03588294168739504,0.9298781901605713
19627,28627,Low,Low,0.02846858385178239,0.9066710760611655,0.06486034008705208
36667,45667,High,High,0.9063470671068506,0.03420589961827294,0.05944703327487628
22858,31858,Low,Low,0.03215627863218703,0.9072055292009374,0.060638192166875514
32564,41564,Medium,Medium,0.0376308933363296,0.043586336223989726,0.9187827704396807
33780,42780,Medium,Medium,0.04359613426055131,0.04022872203239709,0.9161751437070516
33097,42097,High,High,0.9063994114677983,0.03639785706434917,0.057202731467852486
8185,17185,Low,Low,0.032306937305981505,0.9056660859863177,0.06202697670770075
3830,12830,Low,Low,0.08853949165048562,0.8517370306189966,0.05972347773051765
6711,15711,Medium,Medium,0.03163410539963611,0.03629598762087333,0.9320699069794905
26881,35881,Medium,Medium,0.02737609594205125,0.028786148206660842,0.9438377558512879
37234,46234,Medium,Medium,0.03834180186268112,0.03976055408207312,0.9218976440552457
30511,39511,Low,Low,0.03324227113498785,0.9039244085053371,0.06283332035967504
30861,39861,Medium,Medium,0.13795701994587406,0.2574742234794072,0.6045687565747188
23740,32740,High,High,0.871814584904507,0.06525614259076605,0.06292927250472707
25093,34093,Low,Low,0.03029421986633947,0.9072061385139781,0.06249964161968241
21555,30555,Medium,Medium,0.10518095487246615,0.03678877027635557,0.8580302748511782
14299,23299,Low,Low,0.026729351661375026,0.5860591543186567,0.3872114940199682
39927,48927,Medium,Medium,0.033866893205233846,0.03578942409524468,0.9303436826995215
23154,32154,Low,Low,0.033091612461193375,0.9054638517199568,0.06144453581884981
8535,17535,High,High,0.9089997245698473,0.033269647898772674,0.057730627531380085
2680,11680,Medium,Medium,0.0732308668640255,0.0569328247623934,0.8698363083735812
6608,15608,Medium,Medium,0.02737609594205125,0.028786148206660842,0.9438377558512879
10078,19078,Low,Low,0.03324227113498785,0.9039244085053371,0.06283332035967504
6046,15046,Medium,Medium,0.04396376392831091,0.07750214615066492,0.8785340899210241
30780,39780,Low,Medium,0.03870147247560501,0.04542165849661175,0.9158768690277833
32892,41892,High,High,0.9083195833471379,0.03304328680495124,0.05863712984791076
14833,23833,Medium,Medium,0.026293840323421736,0.028771795854392216,0.9449343638221861
13989,22989,Low,Low,0.15453386765185964,0.7459571651994364,0.09950896714870401
28735,37735,High,High,0.9128971381565538,0.030415749354259825,0.05668711248918642
13209,22209,High,High,0.9053099547035964,0.03678536713264225,0.057904678163761346
13186,22186,Medium,Medium,0.03858315269713807,0.03854956107853999,0.922867286224322
28952,37952,High,High,0.9065735054910338,0.0338073809939868,0.05961911351497939
5110,14110,Low,Low,0.02715769373512048,0.9042053864842766,0.06863691978060303
18496,27496,Medium,High,0.9065735054910338,0.0338073809939868,0.05961911351497939
30483,39483,Low,Low,0.026505879581022795,0.9195007673213259,0.05399335309765119
5287,14287,Medium,Medium,0.026829328463938207,0.2650187172120187,0.7081519543240432
1521,10521,Medium,Medium,0.03870147247560501,0.04542165849661175,0.9158768690277833
8562,17562,High,High,0.9037014674586046,0.03512197230382721,0.06117656023756826
23570,32570,Medium,Medium,0.03284606838136416,0.03837809996563258,0.9287758316530033
36679,45679,Low,Low,0.033091612461193375,0.9054638517199568,0.06144453581884981
380,9380,Medium,Medium,0.03527114626268923,0.03812634346140507,0.9266025102759058
634,9634,Medium,Medium,0.041735944851163526,0.043095699704093555,0.9151683554447428
26708,35708,High,High,0.9132664709505128,0.03039067362348961,0.056342855425997686
15553,24553,Medium,Medium,0.04207639753541013,0.0460574895047666,0.9118661129598232
7234,16234,Medium,Medium,0.026293840323421736,0.028771795854392216,0.9449343638221861
20014,29014,High,High,0.905048004077153,0.036535854201064935,0.058416141721782146
27307,36307,Low,Low,0.03215627863218703,0.9072055292009374,0.060638192166875514
24746,33746,Low,High,0.9044380496295635,0.039035929367417024,0.05652602100301934
3140,12140,High,High,0.8730774521167403,0.03071954540367905,0.09620300247958068
25819,34819,Medium,Medium,0.034765656820689605,0.03754609611900651,0.927688247060304
6297,15297,Low,Low,0.03029421986633947,0.9072061385139781,0.06249964161968241
29919,38919,High,High,0.9107663139521344,0.03174966253115987,0.057484023516705736
21617,30617,Medium,Medium,0.03858315269713807,0.03854956107853999,0.922867286224322
19303,28303,High,High,0.6685046214324623,0.26681701623509785,0.06467836233243986
2889,11889,Medium,Medium,0.0416382348951797,0.04092156905783027,0.9174401960469899
38352,47352,Low,Low,0.037575465255836174,0.9049961354315176,0.057428399312646254
18626,27626,High,High,0.9088581714609738,0.031932872334026176,0.059208956205000024
27019,36019,Low,Low,0.03462129231336331,0.903021549134829,0.06235715855180759
2844,11844,Medium,Medium,0.03605697829364052,0.04067480228756543,0.923268219418794
28441,37441,High,High,0.9088440373202307,0.032581466842977004,0.058574495836792355
8242,17242,Medium,Medium,0.037290440652083,0.04062454642331669,0.9220850129246002
17304,26304,High,High,0.912790009532577,0.03227787025625675,0.05493212021116629
14501,23501,Low,Low,0.02659012605751257,0.9071522565637021,0.06625761737878523
20231,29231,High,High,0.8998329503433542,0.03562833652946989,0.064538713127176
31038,40038,Low,Low,0.03094768426097906,0.9104791378831534,0.0585731778558675
35545,44545,High,High,0.9079120270709438,0.033174560695551615,0.05891341223350471
12713,21713,Medium,Low,0.027111760535776352,0.910993235787276,0.06189500367694761
31086,40086,High,High,0.9091282539542714,0.03320230326311326,0.05766944278261519
11321,20321,Medium,Medium,0.03858315269713807,0.03854956107853999,0.922867286224322
1132,10132,Medium,Medium,0.03605697829364052,0.04067480228756543,0.923268219418794
33816,42816,Low,Low,0.02945204661775766,0.9128776713182786,0.05767028206396375
11563,20563,Medium,Medium,0.041331531269212574,0.04351206562844506,0.9151564031023423
31306,40306,Low,Low,0.033091612461193375,0.9054638517199568,0.06144453581884981
26533,35533,High,High,0.8869875324631394,0.03307994102824831,0.07993252650861235
27488,36488,Low,Medium,0.03858315269713807,0.03854956107853999,0.922867286224322
11434,20434,Medium,Medium,0.14094338790447855,0.03527765869877959,0.8237789533967419
19907,28907,Medium,Medium,0.03347192029441353,0.03432883424797566,0.9321992454576109
30478,39478,High,High,0.913461124040404,0.03068835669201193,0.05585051926758408
24100,33100,Medium,Medium,0.03858315269713807,0.03854956107853999,0.922867286224322
14556,23556,Medium,Medium,0.0416382348951797,0.04092156905783027,0.9174401960469899
14755,23755,Medium,Medium,0.03697178096366565,0.0369126848475283,0.926115534188806
36466,45466,High,High,0.9136875499535387,0.030352148210033614,0.0559603018364277
16422,25422,Medium,Medium,0.03332982361245329,0.03495214919277483,0.9317180271947718
37363,46363,High,High,0.8903832051004597,0.03939215037387742,0.07022464452566285
887,9887,High,Low,0.026505879581022795,0.9195007673213259,0.05399335309765119
1814,10814,Low,Medium,0.07916567987097929,0.3893757313148509,0.5314585888141699
4957,13957,High,High,0.9035551397064329,0.03786803903600567,0.05857682125756159
31048,40048,Medium,Medium,0.041735944851163526,0.043095699704093555,0.9151683554447428
11879,20879,Medium,Medium,0.033180050958474275,0.03583822920293702,0.9309817198385887
22400,31400,Medium,Medium,0.03709953591474418,0.03662118709119124,0.9262792769940645
12965,21965,Low,Low,0.03094768426097906,0.9104791378831534,0.0585731778558675
18631,27631,Medium,Medium,0.035043203229428256,0.03872394326820375,0.9262328535023681
14490,23490,Medium,Medium,0.03858315269713807,0.03854956107853999,0.922867286224322
23872,32872,Medium,Medium,0.0406680587203444,0.041163109581053604,0.918168831698602
11508,20508,Medium,Medium,0.03360618190925103,0.03537188272153591,0.9310219353692131
39314,48314,Low,Low,0.03057144814704491,0.9090099343240552,0.060418617528899855
7986,16986,High,High,0.9090024591856997,0.032546340558688304,0.05845120025561221
31566,40566,High,High,0.9057329129284813,0.03388747048818707,0.06037961658333152
5190,14190,Medium,Medium,0.03284606838136416,0.03837809996563258,0.9287758316530033
28031,37031,Medium,Medium,0.03605697829364052,0.04067480228756543,0.923268219418794
31975,40975,High,High,0.9112958581771932,0.031167728750685752,0.05753641307212113
32896,41896,High,High,0.9136847354029124,0.02957445505265056,0.056740809544436964
32718,41718,Medium,Medium,0.03590852036894148,0.034785298723244616,0.9293061809078139
12248,21248,Medium,Medium,0.031034855004078113,0.04312241756440893,0.925842727431513
30953,39953,High,High,0.9063470671068506,0.03420589961827294,0.05944703327487628
36933,45933,High,High,0.9077003594952785,0.03352746025147838,0.0587721802532433
36427,45427,High,High,0.911200299304263,0.030688380085484853,0.05811132061025218
13689,22689,Medium,Medium,0.03466186181981969,0.03503335869041295,0.9303047794897674
28215,37215,Low,Low,0.033091612461193375,0.9054638517199568,0.06144453581884981
9357,18357,Low,Low,0.030271272301229793,0.9096913355941769,0.060037392104593225
10501,19501,High,Medium,0.040714095691402295,0.04007291654380401,0.9192129877647935
8124,17124,Medium,Medium,0.04207639753541013,0.0460574895047666,0.9118661129598232
9929,18929,Medium,Medium,0.03318750694143554,0.0367469340286386,0.9300655590299258
37182,46182,Low,Low,0.03499138932092644,0.9017258810131836,0.06328272966588984
35809,44809,Medium,Medium,0.03791968014826989,0.03620060503114854,0.9258797148205815
39994,48994,Low,High,0.897490822500065,0.036872828778011214,0.06563634872192385
34713,43713,Medium,Medium,0.04415450810333934,0.031781310766281504,0.9240641811303791
21204,30204,Low,Low,0.033091612461193375,0.9054638517199568,0.06144453581884981
18234,27234,High,High,0.9115598309646146,0.031045152796229446,0.05739501623915596
20583,29583,Low,Low,0.11582268986453205,0.8056618076310511,0.07851550250441675
5928,14928,Medium,Medium,0.04182692787469753,0.045943826066845696,0.9122292460584567
26629,35629,Medium,Medium,0.03320342065636567,0.03344046804785323,0.933356111295781
36846,45846,Medium,High,0.9035551397064329,0.03786803903600567,0.05857682125756159
29495,38495,Medium,Medium,0.03834180186268112,0.03976055408207312,0.9218976440552457
5420,14420,Low,Low,0.07409605663220048,0.867932598474265,0.05797134489353454
19429,28429,High,High,0.9089997245698473,0.033269647898772674,0.057730627531380085
36346,45346,High,High,0.9013824270655602,0.036518371595037326,0.06209920133940258
12545,21545,Medium,Low,0.034605357875190236,0.4837342922806198,0.48166034984419
4887,13887,Medium,Low,0.026578629561167702,0.5950495604759238,0.3783718099629085
36690,45690,Medium,Medium,0.03858315269713807,0.03854956107853999,0.922867286224322
11942,20942,High,High,0.909233816731434,0.032123951544775035,0.05864223172379104
26714,35714,Low,Low,0.03341936294339602,0.9005352512335209,0.06604538582308299
3377,12377,High,High,0.9035551397064329,0.03786803903600567,0.05857682125756159
24946,33946,Low,Low,0.09137095822829616,0.8514854258413905,0.05714361593031325
21624,30624,High,High,0.9115641706252121,0.03294748704931318,0.05548834232547468
10039,19039,Medium,Medium,0.033866893205233846,0.03578942409524468,0.9303436826995215
14197,23197,High,High,0.9156540449974161,0.028854266608435614,0.05549168839414833
25571,34571,High,High,0.9125287864649237,0.030808864762596505,0.056662348772479824
23612,32612,Low,Low,0.030447130364203653,0.8886521421245348,0.08090072751126144
12306,21306,Medium,Medium,0.03791968014826989,0.03620060503114854,0.9258797148205815
5938,14938,Medium,Medium,0.026293840323421736,0.028771795854392216,0.9449343638221861
21580,30580,Medium,Medium,0.03527114626268923,0.03812634346140507,0.9266025102759058
35746,44746,High,Medium,0.38725448102234056,0.09798032912572417,0.5147651898519353
18542,27542,Medium,Medium,0.03284606838136416,0.03837809996563258,0.9287758316530033
16574,25574,High,Medium,0.026293840323421736,0.028771795854392216,0.9449343638221861
36048,45048,High,High,0.9136875499535387,0.030352148210033614,0.0559603018364277
7722,16722,Medium,Medium,0.033180050958474275,0.03583822920293702,0.9309817198385887
25265,34265,High,Medium,0.03465754311984915,0.034507890380292346,0.9308345664998585
439,9439,Medium,Medium,0.03521348810776995,0.03600691876811032,0.9287795931241197
18801,27801,Medium,Medium,0.03466957480930283,0.040110157308629775,0.9252202678820675
35077,44077,High,High,0.9098201695621043,0.03299135089268531,0.05718847954521042
30375,39375,Low,Low,0.03347986077245769,0.9074358039292276,0.05908433529831464
23933,32933,Medium,Medium,0.0376308933363296,0.043586336223989726,0.9187827704396807
3496,12496,High,High,0.910754539567011,0.032186975995409255,0.05705848443757985
8870,17870,Medium,Medium,0.1536737464271737,0.07518598079408839,0.7711402727787379
24135,33135,Low,Low,0.03324227113498785,0.9039244085053371,0.06283332035967504
28629,37629,High,Medium,0.03527114626268923,0.03812634346140507,0.9266025102759058
241,9241,Medium,Medium,0.036736176757062665,0.04160803210029409,0.9216557911426433
509,9509,Medium,Medium,0.03858315269713807,0.03854956107853999,0.922867286224322
27438,36438,Low,Low,0.03075601028729286,0.9105151837108675,0.058728806001839745
10653,19653,High,High,0.6828480710735594,0.25862868323938326,0.058523245687057385
12216,21216,Medium,Low,0.02834199362552205,0.9154098613841075,0.05624814499037036
19298,28298,Medium,Medium,0.038680327241379896,0.035906962647295836,0.9254127101113242
33058,42058,High,High,0.9109776747800821,0.031606665951356194,0.05741565926856163
14285,23285,Medium,Medium,0.029521167010957774,0.03911213389478473,0.9313666990942574
26865,35865,Low,Low,0.03215627863218703,0.9072055292009374,0.060638192166875514
17893,26893,Low,Low,0.029463773804350182,0.9113068654315531,0.05922936076409671
6506,15506,Medium,Medium,0.03858315269713807,0.03854956107853999,0.922867286224322
27707,36707,Low,Low,0.0291297713378695,0.8942719962571473,0.07659823240498313
38256,47256,Medium,Medium,0.0385457999076782,0.043204515218070734,0.918249684874251
10401,19401,High,Medium,0.03527114626268923,0.03812634346140507,0.9266025102759058
7094,16094,Medium,Medium,0.036026840147408416,0.04165739614131638,0.9223157637112752
31489,40489,Medium,Low,0.027557012354760824,0.9164282716908433,0.0560147159543958
24140,33140,Medium,Medium,0.03314679291512319,0.0808607234549782,0.8859924836298987
36027,45027,High,High,0.9068916888881448,0.033368443793316355,0.05973986731853887
23220,32220,Low,Low,0.030131624778718186,0.9082938412833165,0.06157453393796525
25953,34953,Medium,Medium,0.0353661558580472,0.03876016286574926,0.9258736812762035
23261,32261,Medium,Medium,0.03834180186268112,0.03976055408207312,0.9218976440552457
22961,31961,High,Medium,0.03791968014826989,0.03620060503114854,0.9258797148205815
13273,22273,High,High,0.9090024591856997,0.032546340558688304,0.05845120025561221
23917,32917,High,High,0.5641409134473286,0.37627179163774277,0.059587294914928556
36603,45603,Low,Low,0.26192983470322223,0.6820420144554781,0.05602815084129969
28891,37891,High,High,0.9059455444981147,0.034610132154841794,0.059444323347043554
26662,35662,High,High,0.9088900010771774,0.03288508787702457,0.05822491104579805
39277,48277,Medium,Medium,0.03858315269713807,0.03854956107853999,0.922867286224322
29172,38172,Medium,Medium,0.03834180186268112,0.03976055408207312,0.9218976440552457
9663,18663,Low,Low,0.026508983341831646,0.9191737602993397,0.05431725635882864
23279,32279,Medium,Medium,0.03858315269713807,0.03854956107853999,0.922867286224322
2898,11898,Medium,Medium,0.0406680587203444,0.041163109581053604,0.918168831698602
10807,19807,Low,Low,0.026505879581022795,0.9195007673213259,0.05399335309765119
34537,43537,Low,Low,0.026505879581022795,0.9195007673213259,0.05399335309765119
10797,19797,Medium,Medium,0.09854830642017616,0.0998635479189869,0.8015881456608369
20775,29775,Medium,Medium,0.0336255423707769,0.03700041709877781,0.9293740405304453
35091,44091,Low,Low,0.03211045330379801,0.9098423031401484,0.0580472435560536
15989,24989,Low,Low,0.030012350431972715,0.912220815364134,0.057766834203893204
31079,40079,Medium,Medium,0.03692197540327548,0.038161432074534964,0.9249165925221896
34693,43693,Low,Low,0.029820937199866757,0.9109030762384279,0.05927598656170535
24732,33732,Medium,Medium,0.035920552058395165,0.04038756565158205,0.9236918822900227
8384,17384,Medium,Low,0.02689276597528813,0.5126539581506417,0.4604532758740701
13521,22521,Medium,Medium,0.10239220775364626,0.029276160765212098,0.8683316314811417
26088,35088,Medium,Medium,0.036395724072816056,0.03864624229962105,0.9249580336275628
2275,11275,High,High,0.8777342737469008,0.0634125635810213,0.05885316267207802
28278,37278,Medium,Medium,0.0385457999076782,0.043204515218070734,0.918249684874251
6876,15876,Medium,Medium,0.03858315269713807,0.03854956107853999,0.922867286224322
38220,47220,Medium,Medium,0.04207639753541013,0.0460574895047666,0.9118661129598232
33683,42683,Medium,Medium,0.03468340724689576,0.03545921976967911,0.9298573729834251
16433,25433,Low,Low,0.032306937305981505,0.9056660859863177,0.06202697670770075
33397,42397,Medium,Medium,0.0385457999076782,0.043204515218070734,0.918249684874251
30493,39493,Low,Medium,0.026819911919403496,0.22951274114202136,0.7436673469385752
27645,36645,Low,Low,0.0279926370683368,0.9159544857119251,0.05605287721973814
34351,43351,Medium,Medium,0.0371752694478189,0.03630301944685673,0.9265217111053244
39724,48724,Medium,Medium,0.030653900300523267,0.030477243677380857,0.9388688560220958
18738,27738,Medium,Medium,0.033180050958474275,0.03583822920293702,0.9309817198385887
27563,36563,Medium,Medium,0.038886252591924804,0.046166305018743775,0.9149474423893315
3524,12524,Medium,Medium,0.03858315269713807,0.03854956107853999,0.922867286224322
19460,28460,High,High,0.9078146806315072,0.032828534725635856,0.05935678464285705
38051,47051,Medium,Medium,0.28633876835622873,0.03730193066807149,0.6763593009756997
6496,15496,High,High,0.9091282539542714,0.03320230326311326,0.05766944278261519
24328,33328,Medium,Medium,0.03521811978298027,0.04235763637783694,0.9224242438391829
14781,23781,Medium,Medium,0.03753179148653995,0.03941355341978355,0.9230546550936766
20864,29864,Low,Low,0.03215627863218703,0.9072055292009374,0.060638192166875514
10778,19778,Medium,Medium,0.035007007655146555,0.036335103115473374,0.9286578892293802
20059,29059,Medium,Medium,0.0312641771188407,0.03803827735535218,0.9306975455258071
18322,27322,Medium,Medium,0.039709657160942304,0.04273282747850573,0.917557515360552
37563,46563,High,High,0.9109776747800821,0.031606665951356194,0.05741565926856163
6432,15432,High,High,0.913461124040404,0.03068835669201193,0.05585051926758408
34280,43280,Medium,Medium,0.03753179148653995,0.03941355341978355,0.9230546550936766
18134,27134,Medium,Medium,0.03858315269713807,0.03854956107853999,0.922867286224322
36931,45931,Medium,Medium,0.034571864853319006,0.03793602666236649,0.9274921084843145
6557,15557,Low,Low,0.03168566303703241,0.8811824751700054,0.08713186179296221
25800,34800,Low,Low,0.028220572011817824,0.9176382740182515,0.05414115396993056
26946,35946,Low,Low,0.030547945805042786,0.9106078737635782,0.05884418043137891
9509,18509,Low,Low,0.033091612461193375,0.9054638517199568,0.06144453581884981
33776,42776,Medium,Medium,0.03834180186268112,0.03976055408207312,0.9218976440552457
11577,20577,Medium,Medium,0.026532822317175807,0.2993394934580517,0.6741276842247724
9144,18144,Low,Low,0.03194177968944598,0.5899181753698209,0.37814004494073306
1618,10618,Medium,Medium,0.039709657160942304,0.04273282747850573,0.917557515360552
7693,16693,Medium,Medium,0.03858315269713807,0.03854956107853999,0.922867286224322
28847,37847,High,High,0.9090024591856997,0.032546340558688304,0.05845120025561221
38880,47880,High,High,0.9088581714609738,0.031932872334026176,0.059208956205000024
24734,33734,Low,Low,0.032306937305981505,0.9056660859863177,0.06202697670770075
14002,23002,Medium,Medium,0.0457305986075405,0.047171275712554826,0.9070981256799047
27529,36529,High,High,0.9063470671068506,0.03420589961827294,0.05944703327487628
7584,16584,Medium,Medium,0.03858315269713807,0.03854956107853999,0.922867286224322
4301,13301,High,High,0.838089292026357,0.08882938911066278,0.07308131886298035
19130,28130,Medium,Medium,0.027152567645436696,0.02877875181997042,0.9440686805345928
13605,22605,Low,Low,0.03183893078509898,0.9023850799385853,0.06577598927631571
22785,31785,Low,Medium,0.040916629159652454,0.04223700808299622,0.9168463627573513
34587,43587,High,High,0.9065415835356149,0.03404648694634909,0.05941192951803596
6796,15796,Medium,Medium,0.03858315269713807,0.03854956107853999,0.922867286224322
18005,27005,High,High,0.9066652505039617,0.03376696241760249,0.059567787078435776
35394,44394,High,High,0.6951943575362801,0.10606454985650327,0.19874109260721654
25736,34736,Medium,Medium,0.05556843034853818,0.06850129427511938,0.8759302753763424
19639,28639,Low,Medium,0.04081426168766123,0.1587556094083957,0.8004301289039432
36150,45150,Medium,Medium,0.036510481760728825,0.039490737516223624,0.9239987807230475
3962,12962,Medium,Low,0.026505879581022795,0.9195007673213259,0.05399335309765119
24637,33637,Medium,Medium,0.041735944851163526,0.043095699704093555,0.9151683554447428
5531,14531,High,High,0.909233816731434,0.032123951544775035,0.05864223172379104
29643,38643,High,Low,0.034409668081885225,0.9028704783242961,0.06271985359381865
37030,46030,Medium,Medium,0.027109245426789202,0.039080746866161295,0.9338100077070495
35534,44534,Low,Low,0.03493227206477367,0.5330485530757485,0.4320191748594778
11616,20616,Low,Low,0.03609643800972805,0.8970330935471397,0.0668704684431322
11579,20579,Medium,Medium,0.03033562930972819,0.37712054749247415,0.5925438231977975
28599,37599,High,High,0.9066652505039617,0.03376696241760249,0.059567787078435776
4505,13505,Medium,Medium,0.04175348966929676,0.2060516744190748,0.7521948359116285
12747,21747,High,Medium,0.4755102602838139,0.04334395490842773,0.4811457848077585
39666,48666,Low,Low,0.029361837995479173,0.9106671720209171,0.05997098998360364
876,9876,Medium,Medium,0.03709953591474418,0.03662118709119124,0.9262792769940645
38248,47248,Medium,Medium,0.041331531269212574,0.04351206562844506,0.9151564031023423
36484,45484,Low,Low,0.02898008000928284,0.9113895016098779,0.0596304183808394
12195,21195,Medium,Medium,0.03791968014826989,0.03620060503114854,0.9258797148205815
12521,21521,Medium,Medium,0.03284606838136416,0.03837809996563258,0.9287758316530033
30355,39355,Low,Low,0.033091612461193375,0.9054638517199568,0.06144453581884981
23085,32085,Medium,Medium,0.03234650152752503,0.03691628656841247,0.9307372119040624
4106,13106,Medium,Medium,0.08887886872426766,0.040478444786870675,0.8706426864888618
22722,31722,Low,Low,0.029206439005230306,0.9114618571169224,0.0593317038778472
38001,47001,Medium,High,0.9099458689598774,0.032027959537247234,0.0580261715028754
2578,11578,Medium,Medium,0.036049335891479545,0.03476812560436195,0.9291825385041586
24036,33036,Medium,Medium,0.06726073095199257,0.03989077082483892,0.8928484982231687
32334,41334,Medium,Medium,0.031106582610507114,0.035453298022023454,0.9334401193674694
13586,22586,Medium,Medium,0.038886252591924804,0.046166305018743775,0.9149474423893315
34412,43412,Medium,Medium,0.03622844401212392,0.04082716598061655,0.9229443900072596
453,9453,Medium,Medium,0.036395724072816056,0.03864624229962105,0.9249580336275628
34513,43513,Medium,Medium,0.03753179148653995,0.03941355341978355,0.9230546550936766
36559,45559,Low,High,0.9073734389571079,0.034284975166476675,0.05834158587641544
96,9096,Low,Low,0.029463773804350182,0.9113068654315531,0.05922936076409671
21783,30783,Medium,Medium,0.08730973129637644,0.029210607106336144,0.8834796615972874
19465,28465,Low,Low,0.029810587462560045,0.9082923775926072,0.061897034944832806
37311,46311,Low,Medium,0.03605697829364052,0.04067480228756543,0.923268219418794
9696,18696,Medium,Medium,0.03753179148653995,0.03941355341978355,0.9230546550936766
23678,32678,Medium,Medium,0.026750972669204166,0.0888330198450646,0.8844160074857313
18073,27073,Medium,Medium,0.03605697829364052,0.04067480228756543,0.923268219418794
10629,19629,Medium,Medium,0.03776300846361236,0.03897014313858269,0.9232668483978049
17826,26826,High,High,0.9080750407717706,0.032642978239645744,0.05928198098858368
5076,14076,Medium,Medium,0.03709953591474418,0.03662118709119124,0.9262792769940645
4129,13129,High,High,0.9096390472106256,0.03323999930604954,0.057120953483324965
1384,10384,High,High,0.9098714227962352,0.033160630463629576,0.056967946740135174
20106,29106,High,High,0.9019952421787499,0.03859857210697978,0.059406185714270233
23441,32441,Medium,Medium,0.041377568240270474,0.04242187259119545,0.916200559168534
449,9449,Low,Medium,0.035088376135415766,0.03520588078328732,0.9297057430812968
3090,12090,Low,Low,0.03324227113498785,0.9039244085053371,0.06283332035967504
12742,21742,Low,Low,0.02840401760482848,0.9156231599267749,0.0559728224683966
32968,41968,Low,Low,0.06424536131108104,0.8764368436396671,0.05931779504925181
27449,36449,High,High,0.9089997245698473,0.033269647898772674,0.057730627531380085
36256,45256,Medium,Medium,0.25076440354012486,0.05304367635245486,0.6961919201074204
32055,41055,High,High,0.9011296078878113,0.03479660566358315,0.06407378644860563
13120,22120,High,High,0.9106617111904272,0.031798794556409916,0.057539494253162925
13861,22861,Medium,Medium,0.03791968014826989,0.03620060503114854,0.9258797148205815
7017,16017,Medium,Medium,0.08887886872426766,0.040478444786870675,0.8706426864888618
39244,48244,Medium,Medium,0.026550654914682045,0.06535815157551193,0.908091193509806
9147,18147,High,High,0.9106278207153277,0.03163824664880405,0.05773393263586831
22296,31296,Low,Low,0.028220572011817824,0.9176382740182515,0.05414115396993056
13163,22163,Low,Low,0.028426504166472827,0.9124088495018977,0.05916464633162934
21961,30961,Low,Low,0.03215627863218703,0.9072055292009374,0.060638192166875514
10032,19032,Medium,Medium,0.033866893205233846,0.03578942409524468,0.9303436826995215
8545,17545,Low,Low,0.028410072462220586,0.9147626005235937,0.0568273270141856
30755,39755,Medium,Medium,0.03776300846361236,0.03897014313858269,0.9232668483978049
9895,18895,Medium,Medium,0.041377568240270474,0.04242187259119545,0.916200559168534
15214,24214,High,High,0.9153438687615503,0.02912212508046846,0.055534006157981396
33214,42214,High,High,0.9132605524795853,0.030672469928914592,0.05606697759150015
13154,22154,Medium,Medium,0.03461765430415915,0.033750183684706704,0.9316321620111342
7980,16980,High,High,0.9105506773061288,0.03192698767023717,0.05752233502363408
9255,18255,Medium,Medium,0.03355381168392734,0.037062903625321185,0.9293832846907515
31247,40247,Medium,Medium,0.03991169926364524,0.4624884663074442,0.49759983442891054
4943,13943,Low,Low,0.030258140608381345,0.9110831365954885,0.0586587227961301
20444,29444,High,High,0.9090073783472509,0.032522470169061166,0.05847015148368794
37827,46827,Low,High,0.9090535149191168,0.03225018457442944,0.0586963005064538
18613,27613,High,High,0.9088581714609738,0.031932872334026176,0.059208956205000024
39455,48455,High,High,0.9136875499535387,0.030352148210033614,0.0559603018364277
14003,23003,Medium,Medium,0.03590852036894148,0.034785298723244616,0.9293061809078139
3263,12263,Medium,Medium,0.036637074907273005,0.03743524929608791,0.9259276757966391
30852,39852,Low,Low,0.03340491999985694,0.9033906494485234,0.06320443055161956
34303,43303,High,High,0.9079120270709438,0.033174560695551615,0.05891341223350471
18557,27557,Low,Low,0.02713726826796439,0.9069306048728003,0.06593212685923523
6137,15137,High,High,0.9112958581771932,0.031167728750685752,0.05753641307212113
35890,44890,High,Low,0.030012350431972715,0.912220815364134,0.057766834203893204
9755,18755,Medium,Medium,0.0342314121690724,0.03497423686169345,0.9307943509692341
215,9215,Medium,Medium,0.03325152648503275,0.04486197757423414,0.9218864959407331
2146,11146,Low,Low,0.03094768426097906,0.9104791378831534,0.0585731778558675
21669,30669,High,High,0.9090569422803073,0.032951381876950354,0.05799167584274235
35433,44433,Medium,Medium,0.03858315269713807,0.03854956107853999,0.922867286224322
10714,19714,Medium,Medium,0.03860545411496925,0.08213436878528903,0.8792601770997418
8874,17874,Low,Low,0.032264140381127106,0.9035573520046469,0.06417850761422599
37070,46070,Medium,Medium,0.03489737630266691,0.057179640244952055,0.907922983452381
22827,31827,Medium,Medium,0.03858315269713807,0.03854956107853999,0.922867286224322
34428,43428,High,High,0.9122879968031666,0.03078346728870591,0.05692853590812757
18427,27427,Medium,Medium,0.03858315269713807,0.03854956107853999,0.922867286224322
6510,15510,Medium,High,0.9090024591856997,0.032546340558688304,0.05845120025561221
35833,44833,Low,Low,0.034415194601464034,0.905694126448247,0.059890678950288934
15628,24628,Low,Low,0.02652385738389203,0.917084007950308,0.05639213466579988
2200,11200,High,High,0.9066559046718438,0.033347561420506565,0.059996533907649696
4565,13565,Low,Low,0.02867276151361224,0.910353441357902,0.060973797128485795
22733,31733,Low,Low,0.07138359550023109,0.8727538725004426,0.05586253199932626
4119,13119,Medium,Medium,0.031130902304663588,0.036402609533465406,0.932466488161871
26222,35222,Medium,Medium,0.02891559189563094,0.029522377041635336,0.9415620310627338
24693,33693,High,High,0.8492418812264879,0.09216682517645708,0.05859129359705498
5596,14596,Medium,Medium,0.026293840323421736,0.028771795854392216,0.9449343638221861
27756,36756,High,High,0.9066652505039617,0.03376696241760249,0.059567787078435776
17333,26333,Medium,Medium,0.033615111596767826,0.03646105163950667,0.9299238367637255
13362,22362,Low,Low,0.030447130364203653,0.8886521421245348,0.08090072751126144
22666,31666,High,High,0.9084098043811574,0.03270511369423076,0.05888508192461186
28975,37975,Low,Low,0.026505879581022795,0.9195007673213259,0.05399335309765119
18165,27165,Low,Low,0.036389138933446454,0.8993585983628622,0.06425226270369128
16017,25017,High,High,0.884012941070111,0.05102501273111298,0.06496204619877614
29994,38994,Medium,Medium,0.026293840323421736,0.028771795854392216,0.9449343638221861
8110,17110,Medium,Medium,0.03582284210241133,0.03821343500531877,0.9259637228922699
21596,30596,Low,Low,0.026508983341831646,0.9191737602993397,0.05431725635882864
27372,36372,Low,Low,0.027557012354760824,0.9164282716908433,0.0560147159543958
15156,24156,Medium,Medium,0.06669347982098316,0.032624429022508485,0.9006820911565084
31377,40377,Medium,Medium,0.03858315269713807,0.03854956107853999,0.922867286224322
37203,46203,High,High,0.9099458689598774,0.032027959537247234,0.0580261715028754
17717,26717,High,High,0.9150037904475505,0.029247153241958344,0.05574905631049116
33945,42945,Low,Low,0.028642942963313045,0.9146273145750548,0.05672974246163217
12183,21183,Low,Low,0.02840401760482848,0.9156231599267749,0.0559728224683966
2495,11495,Medium,Medium,0.027152567645436696,0.02877875181997042,0.9440686805345928
30659,39659,High,High,0.9059850786920767,0.03649207559970168,0.05752284570822164
27049,36049,Medium,Medium,0.03605697829364052,0.04067480228756543,0.923268219418794
12473,21473,High,Medium,0.03590852036894148,0.034785298723244616,0.9293061809078139
38416,47416,High,High,0.9091282539542714,0.03320230326311326,0.05766944278261519
39616,48616,Low,Low,0.037575465255836174,0.9049961354315176,0.057428399312646254
13447,22447,Medium,Medium,0.03834180186268112,0.03976055408207312,0.9218976440552457
695,9695,Low,Low,0.02945204661775766,0.9128776713182786,0.05767028206396375
27180,36180,Medium,Medium,0.03119226087703726,0.03202516173994931,0.9367825773830134
3794,12794,Medium,Medium,0.032315524526718736,0.038336439629810426,0.9293480358434708
38062,47062,High,High,0.9063470671068506,0.03420589961827294,0.05944703327487628
746,9746,Low,Low,0.03094768426097906,0.9104791378831534,0.0585731778558675
4052,13052,High,High,0.9089997245698473,0.033269647898772674,0.057730627531380085
35557,44557,High,High,0.8721387715262036,0.06793367933658176,0.05992754913721471
4118,13118,High,High,0.9156540449974161,0.028854266608435614,0.05549168839414833
793,9793,Low,Low,0.03295574250462106,0.8906918548600876,0.07635240263529118
17872,26872,Low,Low,0.03062422229865826,0.9101457874686717,0.059229990232669956
767,9767,Medium,Medium,0.037290440652083,0.04062454642331669,0.9220850129246002
29382,38382,Medium,Medium,0.03468340724689576,0.03545921976967911,0.9298573729834251
1649,10649,Low,Low,0.030485921825736364,0.9103945752209109,0.059119502953352665
4829,13829,Medium,Medium,0.036142501413862736,0.03953911494138973,0.9243183836447475
8774,17774,High,High,0.9078842322134619,0.03432267120941295,0.05779309657712522
14418,23418,High,High,0.9090569422803073,0.032951381876950354,0.05799167584274235
14584,23584,Low,Low,0.03246958617085059,0.9051323269295041,0.062398086899645266
2827,11827,Medium,Medium,0.03590852036894148,0.034785298723244616,0.9293061809078139
984,9984,Low,Low,0.03147279055619165,0.9070449011544524,0.061482308289355934
9508,18508,Low,Low,0.03094768426097906,0.9104791378831534,0.0585731778558675
9526,18526,Medium,Medium,0.11799384676598668,0.40683415183007937,0.475172001403934
13798,22798,High,High,0.9089997245698473,0.033269647898772674,0.057730627531380085
571,9571,High,High,0.9125287864649237,0.030808864762596505,0.056662348772479824
20276,29276,High,High,0.9047867685384513,0.03512915884971251,0.0600840726118362
21557,30557,High,High,0.9122879968031666,0.03078346728870591,0.05692853590812757
36560,45560,Medium,Medium,0.037290440652083,0.04062454642331669,0.9220850129246002
36634,45634,Medium,Medium,0.049065426492544535,0.04838626522285738,0.9025483082845981
9240,18240,High,High,0.909233816731434,0.032123951544775035,0.05864223172379104
37645,46645,High,High,0.9099704053336705,0.028563162331140757,0.06146643233518876
32973,41973,High,High,0.9083362763104722,0.03404967359099818,0.05761405009852963
5963,14963,Medium,Medium,0.033180050958474275,0.03583822920293702,0.9309817198385887
29090,38090,Medium,Medium,0.033180050958474275,0.03583822920293702,0.9309817198385887
35277,44277,Medium,Medium,0.03753179148653995,0.03941355341978355,0.9230546550936766
28751,37751,Medium,Medium,0.03109032776537443,0.03338260133519649,0.935527070899429
11389,20389,Medium,Medium,0.026293840323421736,0.028771795854392216,0.9449343638221861
10333,19333,High,High,0.9114307077388872,0.03173728315974118,0.056832009101371594
29299,38299,Low,Low,0.028648997820705152,0.9137667551718737,0.05758424700742116
32658,41658,Medium,Medium,0.033965995055023505,0.039962206899450854,0.9260717980455256
4680,13680,Medium,High,0.9099458689598774,0.032027959537247234,0.0580261715028754
9360,18360,High,High,0.9175621750175283,0.02873336694787713,0.05370445803459457
35146,44146,Medium,Medium,0.09082380522063356,0.1053761016379447,0.8038000931414219
24965,33965,Medium,Medium,0.03605697829364052,0.04067480228756543,0.923268219418794
12540,21540,Medium,Medium,0.039709657160942304,0.04273282747850573,0.917557515360552
12028,21028,Low,Low,0.03304578713280436,0.9081006256591677,0.05885358720802789
19655,28655,High,High,0.9075025621828353,0.03359284480296494,0.058904593014199806
2120,11120,Medium,Medium,0.042842935706919265,0.042630676759499615,0.9145263875335811
6087,15087,Low,Medium,0.034048438793915205,0.03634953130100874,0.9296020299050761
29140,38140,Low,Low,0.035830581026358936,0.9021253216994466,0.0620440972741945
26269,35269,Low,Low,0.026505879581022795,0.9195007673213259,0.05399335309765119
35754,44754,Medium,Medium,0.03834180186268112,0.03976055408207312,0.9218976440552457
2572,11572,High,High,0.9035551397064329,0.03786803903600567,0.05857682125756159
10584,19584,Medium,Medium,0.24459933536984227,0.029832607238218192,0.7255680573919395
22498,31498,Medium,Medium,0.03797284272011613,0.20547537955705739,0.7565517777228266
24431,33431,Low,Low,0.03062422229865826,0.9101457874686717,0.059229990232669956
16375,25375,Medium,Medium,0.026293840323421736,0.028771795854392216,0.9449343638221861
36632,45632,Medium,Medium,0.03708149639347141,0.04014154433725323,0.9227769592692754
26366,35366,Medium,Medium,0.03834180186268112,0.03976055408207312,0.9218976440552457
5257,14257,Low,Low,0.030977502811278257,0.9062052646660006,0.06281723252272113
19105,28105,Medium,Medium,0.03753179148653995,0.03941355341978355,0.9230546550936766
11965,20965,Low,Low,0.028717700426261438,0.9050807761677361,0.06620152340600251
33428,42428,Medium,Low,0.04320920967002823,0.9019645165682575,0.054826273761714193
32657,41657,Medium,Medium,0.05128182543084675,0.049225175281079524,0.8994929992880737
27804,36804,High,High,0.9019952421787499,0.03859857210697978,0.059406185714270233
30952,39952,Low,Low,0.026733660798377815,0.9188122059467484,0.05445413325487375
20898,29898,Medium,Medium,0.027555220013984152,0.030194805899417563,0.9422499740865983
35760,44760,High,High,0.9109776747800821,0.031606665951356194,0.05741565926856163
31202,40202,Medium,Medium,0.03365107104326154,0.047541449275328586,0.9188074796814099
26051,35051,Low,Low,0.06441323243775716,0.7462822180312209,0.18930454953102197
27906,36906,High,High,0.9013824270655602,0.036518371595037326,0.06209920133940258
34755,43755,Medium,Medium,0.03865689894101599,0.03974780327314969,0.9215952977858343
2178,11178,Medium,Medium,0.3238299158634154,0.14441185484120925,0.5317582292953754
2213,11213,Medium,Medium,0.04359613426055131,0.04022872203239709,0.9161751437070516
2399,11399,Low,Low,0.028430756012851947,0.9120102868231249,0.05955895716402312
32135,41135,Low,Low,0.032244952844278245,0.9028279254657091,0.06492712169001273
23437,32437,Medium,Medium,0.041377568240270474,0.04242187259119545,0.916200559168534
5887,14887,Medium,Medium,0.10130995213501674,0.02926180841294347,0.8694282394520397
3531,12531,Low,Low,0.033091612461193375,0.9054638517199568,0.06144453581884981
9202,18202,Low,Low,0.026505879581022795,0.9195007673213259,0.05399335309765119
37356,46356,Low,Medium,0.03521811978298027,0.04235763637783694,0.9224242438391829
4868,13868,High,High,0.9019952421787499,0.03859857210697978,0.059406185714270233
23790,32790,Medium,Medium,0.031354466372917104,0.035173841681128186,0.9334716919459547
21400,30400,Medium,Medium,0.0342314121690724,0.03497423686169345,0.9307943509692341
24072,33072,High,High,0.9066652505039617,0.03376696241760249,0.059567787078435776
33802,42802,High,High,0.910754539567011,0.032186975995409255,0.05705848443757985
13700,22700,Low,Medium,0.03527114626268923,0.03812634346140507,0.9266025102759058
24125,33125,Low,Low,0.03187152794531344,0.9108381484918685,0.05729032356281804
27734,36734,Medium,Medium,0.037690279639070255,0.04074370325416037,0.9215660171067693
32982,41982,Medium,Medium,0.03753179148653995,0.03941355341978355,0.9230546550936766
5441,14441,Low,Low,0.030537456727185303,0.908786578635433,0.06067596463738164
3137,12137,Medium,Medium,0.0419089715969946,0.03909140795421844,0.9189996204487869
32373,41373,High,High,0.9065735054910338,0.0338073809939868,0.05961911351497939
5540,14540,Low,Medium,0.037290440652083,0.04062454642331669,0.9220850129246002
22761,31761,Medium,Medium,0.03858315269713807,0.03854956107853999,0.922867286224322
5398,14398,Medium,Medium,0.03590852036894148,0.034785298723244616,0.9293061809078139
1583,10583,Medium,Medium,0.03878715074213515,0.041993522214537594,0.9192193270433272
34026,43026,Medium,Medium,0.036637074907273005,0.03743524929608791,0.9259276757966391
22611,31611,High,High,0.8924999962572951,0.03308103137023419,0.07441897237247082
13889,22889,Medium,Medium,0.033615111596767826,0.03646105163950667,0.9299238367637255
12919,21919,High,High,0.897490822500065,0.036872828778011214,0.06563634872192385
32911,41911,Medium,Medium,0.031118212212779866,0.03485166518602389,0.9340301226011962
13457,22457,Medium,Medium,0.033615111596767826,0.03646105163950667,0.9299238367637255
4009,13009,Low,Low,0.033091612461193375,0.9054638517199568,0.06144453581884981
9135,18135,Low,Low,0.07087484535972881,0.8540848038673126,0.07504035077295866
7825,16825,Medium,Medium,0.03238519283841337,0.03253057399209898,0.9350842331694876
19042,28042,High,High,0.9053099547035964,0.03678536713264225,0.057904678163761346
36806,45806,High,Medium,0.43924558857956936,0.09100111822540731,0.4697532931950234
11489,20489,High,High,0.9090024591856997,0.032546340558688304,0.05845120025561221
4705,13705,High,High,0.9082501330503163,0.032079499056474024,0.05967036789320974
12891,21891,Medium,Medium,0.04597399654700258,0.0448389839406822,0.9091870195123152
17298,26298,Medium,Medium,0.039709657160942304,0.04273282747850573,0.917557515360552
26407,35407,Medium,Medium,0.03283566593989407,0.03723249826355951,0.9299318357965465
3482,12482,Medium,Medium,0.03791968014826989,0.03620060503114854,0.9258797148205815
33050,42050,Low,Low,0.0313096190152719,0.9045696029466898,0.06412077803803844
31793,40793,Medium,Medium,0.039330037600784545,0.04996234669185671,0.9107076157073587
28400,37400,Medium,Medium,0.04207639753541013,0.0460574895047666,0.9118661129598232
13817,22817,High,Medium,0.036637074907273005,0.03743524929608791,0.9259276757966391
6771,15771,High,High,0.9106617111904272,0.031798794556409916,0.057539494253162925
19590,28590,High,High,0.9059455444981147,0.034610132154841794,0.059444323347043554
26403,35403,Medium,Medium,0.037290440652083,0.04062454642331669,0.9220850129246002
9180,18180,High,High,0.9132664709505128,0.03039067362348961,0.056342855425997686
5765,14765,Low,Low,0.030012350431972715,0.912220815364134,0.057766834203893204
29618,38618,High,High,0.6703566912054596,0.02914102270659791,0.30050228608794266
32769,41769,Low,Low,0.02660877290471986,0.9075524522543655,0.06583877484091455
18873,27873,Medium,Medium,0.0515417152915174,0.049967862258657236,0.8984904224498255
18889,27889,Medium,Medium,0.037677330197082214,0.04239827942065683,0.919924390382261
9710,18710,Low,Low,0.030231987428572606,0.9032406851502494,0.06652732742117808
24869,33869,Low,Low,0.02898008000928284,0.9113895016098779,0.0596304183808394
37090,46090,High,High,0.9068916888881448,0.033368443793316355,0.05973986731853887
7567,16567,High,Medium,0.03753179148653995,0.03941355341978355,0.9230546550936766
12527,21527,High,Low,0.030889154012553547,0.9069821556345685,0.06212869035287799
12191,21191,High,High,0.9065735054910338,0.0338073809939868,0.05961911351497939
9274,18274,Medium,Medium,0.036637074907273005,0.03743524929608791,0.9259276757966391
31613,40613,High,High,0.9097832385874001,0.03084293622087625,0.05937382519172382
31150,40150,Medium,Medium,0.03605697829364052,0.04067480228756543,0.923268219418794
16547,25547,Low,Low,0.02679343516439912,0.9132392230063289,0.059967341829272
37109,46109,High,High,0.9091282539542714,0.03320230326311326,0.05766944278261519
25131,34131,High,Low,0.027050280176096033,0.8220141855254339,0.15093553429846998
2058,11058,Low,Low,0.031027909361675182,0.8903943888625961,0.07857770177572855
16848,25848,Low,Low,0.026667500493269904,0.8956700219129887,0.0776624775937413
37229,46229,High,High,0.9065415835356149,0.03404648694634909,0.05941192951803596
13583,22583,Low,High,0.9065415835356149,0.03404648694634909,0.05941192951803596
36620,45620,Medium,Medium,0.03423886815203366,0.03588294168739504,0.9298781901605713
25677,34677,Medium,Low,0.030012350431972715,0.912220815364134,0.057766834203893204
39808,48808,Low,Low,0.05278279338888808,0.7980385425291691,0.1491786640819429
5430,14430,Medium,Medium,0.08887886872426766,0.040478444786870675,0.8706426864888618
26570,35570,Low,Low,0.026505879581022795,0.9195007673213259,0.05399335309765119
34617,43617,Low,Low,0.029024248211244764,0.905023948878951,0.0659518029098042
3330,12330,Medium,High,0.91315800572848,0.030934081990507734,0.05590791228101231
32756,41756,Low,Low,0.026505879581022795,0.9195007673213259,0.05399335309765119
8064,17064,High,High,0.9119496103758179,0.030587637498027467,0.05746275212615464
26907,35907,High,High,0.9035551397064329,0.03786803903600567,0.05857682125756159
23596,32596,Low,Low,0.033685958484356966,0.9047632266158097,0.061550814899833294
4632,13632,Low,Low,0.029774976147410797,0.9134076964668759,0.05681732738571324
28281,37281,Medium,Medium,0.03776300846361236,0.03897014313858269,0.9232668483978049
21630,30630,Medium,Medium,0.034414227133848584,0.041602161981964314,0.9239836108841871
16494,25494,Low,Low,0.034409668081885225,0.9028704783242961,0.06271985359381865
24330,33330,Medium,Medium,0.03753179148653995,0.03941355341978355,0.9230546550936766
18477,27477,High,Medium,0.040594091883891306,0.04785419394924798,0.9115517141668606
9560,18560,Low,Low,0.02653833958516336,0.91484368411091,0.058617976303926546
27227,36227,Medium,Medium,0.038682254546927725,0.04272234388274617,0.9185954015703262
29194,38194,Medium,Medium,0.03531058982261439,0.039073617394395965,0.9256157927829897
17236,26236,High,High,0.9090073783472509,0.032522470169061166,0.05847015148368794
10313,19313,Medium,Medium,0.029247974200028243,0.31949942072245363,0.6512526050775181
16094,25094,Medium,Medium,0.03177176981250888,0.03384674660269477,0.9343814835847963
22303,31303,Low,Low,0.03133393734496825,0.9085010213500463,0.060165041304985394
22713,31713,Medium,Medium,0.04359613426055131,0.04022872203239709,0.9161751437070516
9193,18193,High,High,0.9131084417954236,0.030505170282618548,0.0563863879219579
12934,21934,Low,Low,0.24388431351291281,0.6613273290059456,0.09478835748114162
1222,10222,Medium,Medium,0.041377568240270474,0.04242187259119545,0.916200559168534
39382,48382,Low,Low,0.026505879581022795,0.9195007673213259,0.05399335309765119
32013,41013,Medium,Medium,0.0303363799435398,0.2970651708111454,0.6725984492453149
20112,29112,High,High,0.9151704832411828,0.029548947488529265,0.055280569270287995
9820,18820,Medium,Medium,0.03753179148653995,0.03941355341978355,0.9230546550936766
18202,27202,Medium,Medium,0.03424410226095612,0.03652518120913497,0.9292307165299089
32362,41362,High,High,0.9157727869960106,0.02918564184528961,0.055041571158699835
21994,30994,Low,Low,0.03151452461977195,0.9085250985329401,0.05996037684728798
9715,18715,High,High,0.9066652505039617,0.03376696241760249,0.059567787078435776
3660,12660,Medium,Medium,0.03531058982261439,0.039073617394395965,0.9256157927829897
38771,47771,Medium,Medium,0.10153876284111474,0.029311191687476052,0.8691500454714092
17259,26259,High,Low,0.03215627863218703,0.9072055292009374,0.060638192166875514
16859,25859,Medium,Medium,0.0710956991765352,0.03598932199763414,0.8929149788258307
812,9812,Low,Low,0.02896751364674574,0.9124577024686426,0.05857478388461163
35374,44374,High,High,0.9073734389571079,0.034284975166476675,0.05834158587641544
3289,12289,Low,Low,0.029361837995479173,0.9106671720209171,0.05997098998360364
24736,33736,Low,Medium,0.02635287149424077,0.036172095362116255,0.937475033143643
38024,47024,Medium,Medium,0.034048438793915205,0.03634953130100874,0.9296020299050761
16898,25898,Low,Low,0.033091612461193375,0.9054638517199568,0.06144453581884981
24658,33658,Medium,Medium,0.04057377951784102,0.03547808763262864,0.9239481328495303
13770,22770,Low,Low,0.03094768426097906,0.9104791378831534,0.0585731778558675
18947,27947,Low,Low,0.029709844464203206,0.908636193915183,0.06165396162061376
21087,30087,Medium,Medium,0.03605697829364052,0.04067480228756543,0.923268219418794
7366,16366,Medium,Medium,0.041331531269212574,0.04351206562844506,0.9151564031023423
18758,27758,Medium,Medium,0.037290440652083,0.04062454642331669,0.9220850129246002
31563,40563,Low,Low,0.026742551318457337,0.8817742594038304,0.09148318927771232
2601,11601,Medium,Medium,0.05549041902792206,0.02907992171275127,0.9154296592593266
38730,47730,Medium,Medium,0.04736759209616392,0.053349941493380786,0.8992824664104554
26987,35987,Medium,Medium,0.03466186181981969,0.03503335869041295,0.9303047794897674
6881,15881,Low,Low,0.026505879581022795,0.9195007673213259,0.05399335309765119
23182,32182,High,Low,0.04493681684391793,0.8946351979247992,0.060427985231282844
28421,37421,Medium,Medium,0.04197159516219625,0.11326160171342455,0.8447668031243792
34982,43982,Low,Low,0.04135222072006827,0.88386711061466,0.07478066866527185
37883,46883,Low,Low,0.028645075956913704,0.9155612994455163,0.05579362459756989
22633,31633,Low,Low,0.033091612461193375,0.9054638517199568,0.06144453581884981
12078,21078,Medium,Medium,0.034760783682637485,0.036567084229811676,0.9286721320875508
21105,30105,Low,Low,0.03340491999985694,0.9033906494485234,0.06320443055161956
23405,32405,Low,Low,0.037575465255836174,0.9049961354315176,0.057428399312646254
33172,42172,Medium,Medium,0.03318750694143554,0.0367469340286386,0.9300655590299258
21741,30741,Medium,Medium,0.037690279639070255,0.04074370325416037,0.9215660171067693
29284,38284,Medium,High,0.9073928063104431,0.035661852568190926,0.056945341121365976
28247,37247,High,High,0.5665568777270188,0.10869770844647143,0.32474541382650984
7870,16870,Low,Low,0.026891437922877248,0.5340889984806512,0.4390195635964716
2427,11427,Medium,Medium,0.03834180186268112,0.03976055408207312,0.9218976440552457
29534,38534,Medium,Medium,0.03753179148653995,0.03941355341978355,0.9230546550936766
19860,28860,Low,Low,0.033091612461193375,0.9054638517199568,0.06144453581884981
3401,12401,Low,Medium,0.03753179148653995,0.03941355341978355,0.9230546550936766
29079,38079,Medium,Medium,0.15632247423419107,0.04272554221017203,0.8009519835556369
14316,23316,Low,Low,0.02654914666511296,0.913703575489925,0.05974727784496201
24474,33474,Medium,Medium,0.026506989191972866,0.30356387910400406,0.6699291317040231
32262,41262,High,High,0.9059455444981147,0.034610132154841794,0.059444323347043554
28024,37024,Medium,Medium,0.037290440652083,0.04062454642331669,0.9220850129246002
3682,12682,Medium,Medium,0.03753179148653995,0.03941355341978355,0.9230546550936766
24858,33858,High,High,0.9057329129284813,0.03388747048818707,0.06037961658333152
21423,30423,Medium,Medium,0.03925708382436937,0.038204342162992073,0.9225385740126386
2160,11160,High,High,0.909233816731434,0.032123951544775035,0.05864223172379104
28752,37752,High,High,0.9127237526361863,0.030842571762320633,0.05643367560149301
3787,12787,Medium,Medium,0.06134504299801285,0.0653233151815018,0.8733316418204854
31354,40354,Medium,Medium,0.03858315269713807,0.03854956107853999,0.922867286224322
20377,29377,High,High,0.9047867685384513,0.03512915884971251,0.0600840726118362
22730,31730,Medium,Medium,0.03834180186268112,0.03976055408207312,0.9218976440552457
31368,40368,Medium,Medium,0.03870147247560501,0.04542165849661175,0.9158768690277833
33959,42959,High,High,0.9059455444981147,0.034610132154841794,0.059444323347043554
38103,47103,High,High,0.9073734389571079,0.034284975166476675,0.05834158587641544
28433,37433,High,High,0.8404849843995928,0.09470132002174632,0.06481369557866089
10882,19882,High,High,0.9074553117254899,0.0286015684376615,0.06394311983684875
4266,13266,Low,Low,0.030447130364203653,0.8886521421245348,0.08090072751126144
27747,36747,Medium,Medium,0.03753179148653995,0.03941355341978355,0.9230546550936766
14130,23130,Medium,Medium,0.03527114626268923,0.03812634346140507,0.9266025102759058
1692,10692,Low,Low,0.028649807781237106,0.9144854811581293,0.05686471106063349
4806,13806,Medium,Medium,0.03478018159828663,0.04190545610848471,0.9233143622932286
7481,16481,High,High,0.9073734389571079,0.034284975166476675,0.05834158587641544
20688,29688,Medium,Medium,0.03318750694143554,0.0367469340286386,0.9300655590299258
8717,17717,Medium,Medium,0.03318750694143554,0.0367469340286386,0.9300655590299258
12435,21435,High,High,0.9112111055611182,0.03207878869866194,0.05671010574021982
10913,19913,Medium,Medium,0.03858315269713807,0.03854956107853999,0.922867286224322
8139,17139,Medium,Medium,0.03791968014826989,0.03620060503114854,0.9258797148205815
3033,12033,Medium,Medium,0.03834180186268112,0.03976055408207312,0.9218976440552457
12912,21912,Medium,Medium,0.03460767371382104,0.035777387414013616,0.9296149388721653
23413,32413,Medium,Low,0.029403917680788736,0.9049293985801848,0.06566668373902636
33863,42863,Medium,Medium,0.037677330197082214,0.04239827942065683,0.919924390382261
26551,35551,Medium,Medium,0.1413862168959968,0.3496247005113924,0.5089890825926107
1152,10152,Low,Low,0.02958201184138219,0.911898921590148,0.05851906656846979
3223,12223,Medium,Medium,0.037677330197082214,0.04239827942065683,0.919924390382261
22903,31903,Medium,Medium,0.04481274441803096,0.04541772712633424,0.9097695284556347
13307,22307,Medium,Medium,0.031085716777828176,0.032818900727346334,0.9360953824948255
24209,33209,Low,Low,0.028642942963313045,0.9146273145750548,0.05672974246163217
15967,24967,Medium,Medium,0.03463389732600788,0.03752302842355097,0.9278430742504411
20428,29428,High,High,0.909233816731434,0.032123951544775035,0.05864223172379104
35674,44674,High,High,0.9084175376548039,0.035391084644922854,0.05619137770027315
13616,22616,Medium,Medium,0.02994560232791547,0.03227322170711764,0.9377811759649669
37960,46960,Low,Low,0.03499138932092644,0.9017258810131836,0.06328272966588984
21525,30525,Medium,Medium,0.03791968014826989,0.03620060503114854,0.9258797148205815
32569,41569,Medium,Medium,0.03776300846361236,0.03897014313858269,0.9232668483978049
19137,28137,Medium,Medium,0.04359613426055131,0.04022872203239709,0.9161751437070516
25054,34054,High,High,0.9105717032765988,0.03266662838884809,0.05676166833455312
17467,26467,Low,Low,0.03040879928217582,0.9095436933808688,0.06004750733695533
20722,29722,Medium,Medium,0.032298024471091064,0.035410869426682895,0.932291106102226
34661,43661,Low,Low,0.034409668081885225,0.9028704783242961,0.06271985359381865
15488,24488,High,High,0.6199484800240721,0.05904285275411573,0.32100866722181226
17787,26787,Medium,Medium,0.03423886815203366,0.03588294168739504,0.9298781901605713
12580,21580,Medium,Medium,0.0406680587203444,0.041163109581053604,0.918168831698602
9109,18109,Medium,Medium,0.03527114626268923,0.03812634346140507,0.9266025102759058
20880,29880,Medium,Medium,0.033180050958474275,0.03583822920293702,0.9309817198385887
8814,17814,High,High,0.8971773579730926,0.03298445312964482,0.0698381888972626
8505,17505,High,High,0.9107663139521344,0.03174966253115987,0.057484023516705736
18280,27280,Medium,Medium,0.07586934315065066,0.053439016885028785,0.8706916399643205
15947,24947,Medium,Medium,0.026990410497709155,0.15416827280551698,0.8188413166967737
16064,25064,Medium,Medium,0.04801406528194641,0.049250257564100945,0.9027356771539526
6894,15894,High,High,0.913461124040404,0.03068835669201193,0.05585051926758408
4566,13566,Medium,Medium,0.031085716777828176,0.032818900727346334,0.9360953824948255
9908,18908,Low,Low,0.030271272301229793,0.9096913355941769,0.060037392104593225
28041,37041,Medium,Medium,0.0371752694478189,0.03630301944685673,0.9265217111053244
1253,10253,Low,Low,0.030517345670388538,0.9101572441091673,0.059325410220444075
2250,11250,Low,Low,0.03147279055619165,0.9070449011544524,0.061482308289355934
19623,28623,Medium,Medium,0.035088376135415766,0.03520588078328732,0.9297057430812968
1381,10381,Low,Low,0.03147279055619165,0.9070449011544524,0.061482308289355934
17257,26257,Medium,Medium,0.0385457999076782,0.043204515218070734,0.918249684874251
14474,23474,Medium,Medium,0.07225478337399255,0.04998728743241602,0.8777579291935914
23385,32385,Medium,Medium,0.036637074907273005,0.03743524929608791,0.9259276757966391
35057,44057,Medium,Medium,0.03834180186268112,0.03976055408207312,0.9218976440552457
15085,24085,Low,Low,0.03246958617085059,0.9051323269295041,0.062398086899645266
14745,23745,Medium,Medium,0.031959278691915526,0.03743942941462728,0.9306012918934572
32431,41431,Medium,Medium,0.02856945496228221,0.357827453924554,0.6136030911131638
32199,41199,Low,High,0.9073734389571079,0.034284975166476675,0.05834158587641544
3862,12862,Low,Low,0.05576813304839547,0.7002476828583056,0.2439841840932987
18609,27609,Low,Low,0.029105965644647833,0.8195789007342125,0.15131513362113963
30245,39245,High,High,0.9108014961575028,0.03188953315357862,0.05730897068891843
14561,23561,Medium,Medium,0.03877118730593946,0.27169536343575207,0.6895334492583084
22628,31628,Low,Low,0.028415744791421005,0.9140523540400495,0.057531901168529555
11423,20423,Medium,Medium,0.038886252591924804,0.046166305018743775,0.9149474423893315
2123,11123,Low,Low,0.029902403014588616,0.9059939080625677,0.0641036889228437
14964,23964,Low,Low,0.033091612461193375,0.9054638517199568,0.06144453581884981
7044,16044,Medium,Medium,0.031202911482208464,0.04809308486381369,0.9207040036539779
28321,37321,Medium,Medium,0.03355381168392734,0.037062903625321185,0.9293832846907515
30944,39944,Low,Low,0.0434481350285128,0.9009686712165373,0.055583193754949765
37114,46114,Medium,Medium,0.035920552058395165,0.04038756565158205,0.9236918822900227
24755,33755,Medium,Medium,0.026293840323421736,0.028771795854392216,0.9449343638221861
11811,20811,Medium,Medium,0.059473427056185746,0.2180356081073815,0.7224909648364327
29824,38824,Medium,Medium,0.07185767567640011,0.0569748851477472,0.8711674391758525
4317,13317,Medium,Medium,0.033180050958474275,0.03583822920293702,0.9309817198385887
10476,19476,Medium,Medium,0.026832222951752843,0.135684923765077,0.8374828532831701
15623,24623,Medium,Medium,0.06581535626116031,0.04026750951627504,0.8939171342225647
7216,16216,Medium,Medium,0.03548633948220603,0.03646735844026872,0.9280463020775253
16782,25782,Low,Low,0.026523072649321786,0.9170477771595684,0.05642915019110976
11909,20909,Low,Low,0.033091612461193375,0.9054638517199568,0.06144453581884981
6240,15240,Medium,Medium,0.08256644927644129,0.05020628553127134,0.8672272651922874
27131,36131,High,High,0.9115877163228031,0.0312774693634874,0.05713481431370962
36928,45928,High,High,0.9059455444981147,0.034610132154841794,0.059444323347043554
21330,30330,Low,Low,0.033372567415924724,0.9033069304476792,0.06332050213639596
37714,46714,High,High,0.5973320958310929,0.03718259457130136,0.3654853095976058
3567,12567,Medium,Medium,0.03123719039367685,0.03767244002319973,0.9310903695831234
2445,11445,Low,Low,0.04292813310576815,0.8555865921618219,0.10148527473240987
4743,13743,High,High,0.5078759670852433,0.05236846629764377,0.43975556661711296
31782,40782,Medium,Medium,0.0342314121690724,0.03497423686169345,0.9307943509692341
9311,18311,Low,Low,0.030012350431972715,0.912220815364134,0.057766834203893204
28996,37996,Medium,Medium,0.036637074907273005,0.03743524929608791,0.9259276757966391
27210,36210,High,High,0.9063470671068506,0.03420589961827294,0.05944703327487628
4010,13010,Medium,Medium,0.034791088213653655,0.055909809755217726,0.9092991020311286
37917,46917,Low,Low,0.035259771912522005,0.8992465040344587,0.06549372405301927
27534,36534,Medium,Medium,0.03834180186268112,0.03976055408207312,0.9218976440552457
18993,27993,High,High,0.9068916888881448,0.033368443793316355,0.05973986731853887
36550,45550,Medium,Medium,0.25446671933826204,0.03201161575691209,0.7135216649048258
16282,25282,Medium,Medium,0.03314679291512319,0.0808607234549782,0.8859924836298987
15329,24329,High,High,0.8767097185733266,0.06685576316519341,0.056434518261480104
2040,11040,Medium,Medium,0.03858315269713807,0.03854956107853999,0.922867286224322
29898,38898,Medium,Medium,0.03543990262145342,0.03765541524360161,0.926904682134945
20406,29406,Medium,Medium,0.041735944851163526,0.043095699704093555,0.9151683554447428
5957,14957,Low,Low,0.029797462709055145,0.9101933860419988,0.06000915124894598
36504,45504,Low,Low,0.033091612461193375,0.9054638517199568,0.06144453581884981
4970,13970,Low,Low,0.03545380510444011,0.9011002758438429,0.06344591905171698
4229,13229,Medium,Medium,0.03531058982261439,0.039073617394395965,0.9256157927829897
12453,21453,Low,Low,0.08829029645723269,0.8105667366396965,0.10114296690307083
27820,36820,Low,Low,0.028645075956913704,0.9155612994455163,0.05579362459756989
24200,33200,Medium,Medium,0.03238519283841337,0.03253057399209898,0.9350842331694876
29910,38910,Low,Low,0.03062422229865826,0.9101457874686717,0.059229990232669956
18029,27029,Low,Low,0.027989533307527948,0.9162814927339112,0.05572897395856069
36376,45376,Medium,Medium,0.03858315269713807,0.03854956107853999,0.922867286224322
3965,12965,High,High,0.9099858524945971,0.03212967650384486,0.05788447100155806
29107,38107,High,High,0.9146922831068043,0.030417982723711833,0.0548897341694839
37032,46032,High,High,0.9089997245698473,0.033269647898772674,0.057730627531380085
23744,32744,Medium,High,0.9068916888881448,0.033368443793316355,0.05973986731853887
12267,21267,High,High,0.8926244760270259,0.05131897906772973,0.05605654490524442
5745,14745,High,High,0.909233816731434,0.032123951544775035,0.05864223172379104
31313,40313,Medium,Medium,0.278243926809658,0.07261129028901579,0.6491447829013262
35800,44800,Medium,Medium,0.0342314121690724,0.03497423686169345,0.9307943509692341
29024,38024,Medium,Medium,0.038925149599272506,0.04252534684700873,0.9185495035537188
16627,25627,Low,Low,0.030271272301229793,0.9096913355941769,0.060037392104593225
26968,35968,Medium,Medium,0.038682254546927725,0.04272234388274617,0.9185954015703262
22798,31798,Medium,Medium,0.04207639753541013,0.0460574895047666,0.9118661129598232
25743,34743,Medium,Medium,0.03858315269713807,0.03854956107853999,0.922867286224322
37273,46273,Medium,Medium,0.0342314121690724,0.03497423686169345,0.9307943509692341
39596,48596,Low,Low,0.04727694331594732,0.8945296395791873,0.058193417104865384
5905,14905,Medium,Medium,0.0371752694478189,0.03630301944685673,0.9265217111053244
9153,18153,High,High,0.9079120270709438,0.033174560695551615,0.05891341223350471
32791,41791,Medium,Medium,0.03834180186268112,0.03976055408207312,0.9218976440552457
21508,30508,Medium,Medium,0.03347192029441353,0.03432883424797566,0.9321992454576109
8046,17046,Low,Low,0.03094768426097906,0.9104791378831534,0.0585731778558675
26716,35716,Medium,Medium,0.43924558857956936,0.09100111822540731,0.4697532931950234
24208,33208,Low,Low,0.03324227113498785,0.9039244085053371,0.06283332035967504
35239,44239,Medium,Low,0.031581722748652,0.9113134113237787,0.05710486592756923
34466,43466,High,High,0.9063470671068506,0.03420589961827294,0.05944703327487628
9163,18163,Medium,Medium,0.03858315269713807,0.03854956107853999,0.922867286224322
32414,41414,Medium,Medium,0.033866893205233846,0.03578942409524468,0.9303436826995215
15089,24089,Low,Low,0.02715769373512048,0.9042053864842766,0.06863691978060303
26958,35958,High,High,0.9073928063104431,0.035661852568190926,0.056945341121365976
26658,35658,Medium,Medium,0.04597399654700258,0.0448389839406822,0.9091870195123152
28071,37071,Medium,Medium,0.03858315269713807,0.03854956107853999,0.922867286224322
25912,34912,Low,Low,0.030325657970636286,0.9101476130927008,0.05952672893666295
32704,41704,Medium,Medium,0.033140235758593574,0.10520989857893531,0.861649865662471
32167,41167,Medium,Medium,0.03858315269713807,0.03854956107853999,0.922867286224322
29815,38815,Medium,Medium,0.03590852036894148,0.034785298723244616,0.9293061809078139
6730,15730,Medium,Medium,0.04556012351517972,0.04535106813629375,0.9090888083485266
13297,22297,High,High,0.909540455056922,0.03268492920631671,0.05777461573676129
37612,46612,Medium,High,0.9089997245698473,0.033269647898772674,0.057730627531380085
10769,19769,Low,Low,0.026867293632155977,0.8717518896707078,0.10138081669713621
12383,21383,Low,Low,0.03246958617085059,0.9051323269295041,0.062398086899645266
5464,14464,High,High,0.9088440373202307,0.032581466842977004,0.058574495836792355
16019,25019,Low,Low,0.027557012354760824,0.9164282716908433,0.0560147159543958
18689,27689,Medium,Medium,0.0376308933363296,0.043586336223989726,0.9187827704396807
28086,37086,High,Low,0.038668991706856885,0.9019912066163123,0.05933980167683076
30538,39538,Low,Low,0.02834199362552205,0.9154098613841075,0.05624814499037036
23952,32952,Medium,High,0.9090569422803073,0.032951381876950354,0.05799167584274235
8036,17036,Medium,Medium,0.03527114626268923,0.03812634346140507,0.9266025102759058
36045,45045,Medium,Medium,0.03865689894101599,0.03974780327314969,0.9215952977858343
308,9308,Medium,Medium,0.0710956991765352,0.03598932199763414,0.8929149788258307
7635,16635,High,High,0.9059850786920767,0.03649207559970168,0.05752284570822164
4915,13915,Low,Low,0.026505879581022795,0.9195007673213259,0.05399335309765119
32656,41656,Medium,Medium,0.03314679291512319,0.0808607234549782,0.8859924836298987
3873,12873,Medium,Medium,0.0376308933363296,0.043586336223989726,0.9187827704396807
10143,19143,Medium,Medium,0.03753179148653995,0.03941355341978355,0.9230546550936766
28548,37548,Low,Low,0.026505879581022795,0.9195007673213259,0.05399335309765119
5818,14818,Low,Low,0.04135222072006827,0.88386711061466,0.07478066866527185
28084,37084,Low,Low,0.06894613866774459,0.8394849611301413,0.09156890020211413
20453,29453,Medium,Medium,0.15766404277767976,0.06194951106888019,0.7803864461534401
30834,39834,Medium,Medium,0.03634655070384427,0.03731033070737075,0.9263431185887848
1060,10060,Medium,Medium,0.03753179148653995,0.03941355341978355,0.9230546550936766
6975,15975,High,High,0.9047911146936576,0.039904627718068277,0.055304257588274196
14730,23730,Medium,Medium,0.217053403552228,0.06515883144098951,0.7177877650067824
37542,46542,High,High,0.9073734389571079,0.034284975166476675,0.05834158587641544
24037,33037,Medium,Medium,0.03858315269713807,0.03854956107853999,0.922867286224322
26317,35317,High,Medium,0.03834180186268112,0.03976055408207312,0.9218976440552457
7537,16537,Medium,Medium,0.03363185138753516,0.032282514024930646,0.9340856345875341
26079,35079,Low,Low,0.03691046162402114,0.8925623298593107,0.07052720851666809
19333,28333,Low,Low,0.03367990362696486,0.9056237860189907,0.06069631035404429
22878,31878,Medium,Medium,0.03461080035859227,0.07805879277682777,0.8873304068645799
34205,43205,Medium,Medium,0.0937339905991509,0.06519018047053192,0.8410758289303172
18217,27217,Low,High,0.9073734389571079,0.034284975166476675,0.05834158587641544
6169,15169,Medium,Medium,0.03753179148653995,0.03941355341978355,0.9230546550936766
37275,46275,Low,Low,0.02835918669382104,0.91295687122235,0.05868394208382893
24265,33265,High,High,0.91315800572848,0.030934081990507734,0.05590791228101231
4049,13049,Medium,Low,0.03300021293435576,0.9074175995529922,0.05958218751265226
6196,15196,Medium,Medium,0.0449460910458707,0.04696379508105783,0.9080901138730715
39942,48942,Low,Low,0.04307291356694895,0.8821275379973449,0.07479954843570634
24408,33408,Medium,Medium,0.03878715074213515,0.041993522214537594,0.9192193270433272
30802,39802,Medium,Medium,0.03424410226095612,0.03652518120913497,0.9292307165299089
23644,32644,Low,Low,0.026585951437185295,0.9083237147715627,0.06509033379125191
2338,11338,High,High,0.9091282539542714,0.03320230326311326,0.05766944278261519
20505,29505,Medium,Medium,0.03858315269713807,0.03854956107853999,0.922867286224322
31736,40736,Medium,Medium,0.03262578706345395,0.03682171487991442,0.9305524980566316
5080,14080,Medium,Medium,0.07646247992700379,0.2803748724171072,0.643162647655889
7208,16208,High,High,0.913461124040404,0.03068835669201193,0.05585051926758408
32299,41299,High,High,0.9079120270709438,0.033174560695551615,0.05891341223350471
35530,44530,Medium,Medium,0.041735944851163526,0.043095699704093555,0.9151683554447428
30315,39315,Medium,Medium,0.03858315269713807,0.03854956107853999,0.922867286224322
5974,14974,High,High,0.909233816731434,0.032123951544775035,0.05864223172379104
1097,10097,Low,High,0.904725813503973,0.03624562547924355,0.05902856101678355
19886,28886,Medium,Medium,0.03858315269713807,0.03854956107853999,0.922867286224322
7193,16193,High,High,0.9122153609897964,0.031028427607119758,0.05675621140308402
17955,26955,High,Low,0.03632702072370607,0.8895884957214291,0.07408448355486481
2241,11241,Medium,Medium,0.03590852036894148,0.034785298723244616,0.9293061809078139
37579,46579,Low,Low,0.02840401760482848,0.9156231599267749,0.0559728224683966
3586,12586,High,High,0.9023173864420038,0.03451441149663561,0.06316820206136078
16463,25463,High,High,0.9109717687802031,0.031826152114473365,0.05720207910532357
1966,10966,Medium,High,0.5490350015211156,0.04171598556857651,0.40924901291030796
33468,42468,Low,Low,0.026505879581022795,0.9195007673213259,0.05399335309765119
8118,17118,Low,Low,0.03435469677240237,0.8987935737525402,0.06685172947505728
35506,44506,Medium,Medium,0.032741004667789265,0.06209700251933129,0.9051619928128795
357,9357,Medium,Medium,0.03527114626268923,0.03812634346140507,0.9266025102759058
23295,32295,Low,Medium,0.03858315269713807,0.03854956107853999,0.922867286224322
27765,36765,Low,Low,0.028410072462220586,0.9147626005235937,0.0568273270141856
1744,10744,Medium,High,0.877572863532753,0.031124199265557557,0.09130293720168951
34008,43008,Low,Low,0.030823005160339978,0.9106622078583796,0.058514786981280396
5622,14622,Low,Low,0.03013259834775273,0.612620464125701,0.3572469375265462
32915,41915,Medium,Medium,0.03605697829364052,0.04067480228756543,0.923268219418794
20435,29435,Low,Low,0.02779743446358163,0.912072979726002,0.06012958581041635
16496,25496,Medium,High,0.9063994114677983,0.03639785706434917,0.057202731467852486
14383,23383,High,Medium,0.031959278691915526,0.03743942941462728,0.9306012918934572
2509,11509,Medium,High,0.9125287864649237,0.030808864762596505,0.056662348772479824
8916,17916,Low,High,0.9112111055611182,0.03207878869866194,0.05671010574021982
10242,19242,Low,Medium,0.03605697829364052,0.04067480228756543,0.923268219418794
1052,10052,Medium,Medium,0.1871949561302569,0.08938597807797606,0.7234190657917671
16934,25934,Medium,Medium,0.03527114626268923,0.03812634346140507,0.9266025102759058
8368,17368,High,High,0.9019952421787499,0.03859857210697978,0.059406185714270233
31624,40624,Medium,Medium,0.035088376135415766,0.03520588078328732,0.9297057430812968
28789,37789,Low,Low,0.04721843744059606,0.8974138699521311,0.05536769260727279
26130,35130,Low,Low,0.03147279055619165,0.9070449011544524,0.061482308289355934
25977,34977,Medium,Medium,0.03753179148653995,0.03941355341978355,0.9230546550936766
15186,24186,Low,Low,0.026505879581022795,0.9195007673213259,0.05399335309765119
29086,38086,High,High,0.9088581714609738,0.031932872334026176,0.059208956205000024
5307,14307,Medium,Medium,0.035014121737983184,0.03891367524183933,0.9260722030201776
25533,34533,High,High,0.9019952421787499,0.03859857210697978,0.059406185714270233
8335,17335,Medium,Medium,0.0718449855845164,0.05542394080030568,0.8727310736151779
31956,40956,High,High,0.9100028132798941,0.032062440148106296,0.05793474657199971
27802,36802,Medium,Medium,0.03858315269713807,0.03854956107853999,0.922867286224322
37939,46939,Medium,Medium,0.03753179148653995,0.03941355341978355,0.9230546550936766
21366,30366,High,Medium,0.03590852036894148,0.034785298723244616,0.9293061809078139
18562,27562,Medium,Medium,0.031345536685400306,0.03408467276315742,0.9345697905514423
34126,43126,High,Low,0.028503271696473927,0.9029634979670996,0.06853323033642657
32784,41784,Medium,Medium,0.04359613426055131,0.04022872203239709,0.9161751437070516
39458,48458,Medium,Medium,0.03527114626268923,0.03812634346140507,0.9266025102759058
26286,35286,Low,Low,0.028443452209422068,0.909950318017525,0.061606229773052905
5759,14759,Medium,Medium,0.03527114626268923,0.03812634346140507,0.9266025102759058
35083,44083,Low,Low,0.03311973327693578,0.8938326363857724,0.07304763033729188
15371,24371,Medium,Medium,0.039709657160942304,0.04273282747850573,0.917557515360552
25110,34110,Medium,Medium,0.03753179148653995,0.03941355341978355,0.9230546550936766
2852,11852,Medium,Medium,0.03458455494520273,0.03948697100980801,0.9259284740449892
9051,18051,High,High,0.8772283708402494,0.029049229875002882,0.09372239928474768
10260,19260,High,High,0.9099458689598774,0.032027959537247234,0.0580261715028754
21974,30974,High,High,0.81572146661104,0.11432717809296418,0.06995135529599587
33417,42417,Low,Low,0.026505879581022795,0.9195007673213259,0.05399335309765119
13293,22293,High,High,0.9091282539542714,0.03320230326311326,0.05766944278261519
1131,10131,Medium,Medium,0.02630277001093853,0.02986096477236298,0.9438362652166985
8320,17320,Medium,Medium,0.03527114626268923,0.03812634346140507,0.9266025102759058
279,9279,Low,Low,0.03155955612766461,0.908404109987691,0.060036333884644244
14966,23966,Low,Low,0.033372567415924724,0.9033069304476792,0.06332050213639596
24296,33296,Low,Low,0.057646754611869855,0.8663736007727211,0.07597964461540911
32207,41207,Medium,Medium,0.037290440652083,0.04062454642331669,0.9220850129246002
20138,29138,Medium,Medium,0.03156046909744404,0.03582931376549672,0.9326102171370593
4166,13166,Medium,Medium,0.032437409881745226,0.047231673185626266,0.9203309169326285
14330,23330,High,High,0.9136875499535387,0.030352148210033614,0.0559603018364277
38250,47250,Medium,Medium,0.033866893205233846,0.03578942409524468,0.9303436826995215
5206,14206,Low,Low,0.030485921825736364,0.9103945752209109,0.059119502953352665
31796,40796,Medium,Medium,0.03478018159828663,0.04190545610848471,0.9233143622932286
13803,22803,Low,Low,0.06507207223889794,0.8769167139693786,0.058011213791723325
10444,19444,Medium,Medium,0.029629676389089993,0.028797809119944045,0.941572514490966
9426,18426,Medium,Medium,0.03753179148653995,0.03941355341978355,0.9230546550936766
21284,30284,Medium,Medium,0.026293840323421736,0.028771795854392216,0.9449343638221861
13726,22726,Medium,Medium,0.04207639753541013,0.0460574895047666,0.9118661129598232
22256,31256,Low,Low,0.033091612461193375,0.9054638517199568,0.06144453581884981
28470,37470,High,High,0.9025521056661855,0.030878888249898272,0.06656900608391632
17340,26340,Medium,High,0.91315800572848,0.030934081990507734,0.05590791228101231
2919,11919,High,High,0.9136875499535387,0.030352148210033614,0.0559603018364277
40024,49024,Medium,Medium,0.026750972669204166,0.0888330198450646,0.8844160074857313
21772,30772,High,High,0.9106278207153277,0.03163824664880405,0.05773393263586831
23286,32286,High,High,0.9136847354029124,0.02957445505265056,0.056740809544436964
13148,22148,Medium,Medium,0.03870147247560501,0.04542165849661175,0.9158768690277833
35978,44978,High,High,0.9073734389571079,0.034284975166476675,0.05834158587641544
5471,14471,Medium,Medium,0.037290440652083,0.04062454642331669,0.9220850129246002
33198,42198,Low,Low,0.2704791160587955,0.6695068708023085,0.06001401313889603
23925,32925,Medium,Medium,0.03973168845197802,0.03504297030605227,0.9252253412419696
3846,12846,Medium,Medium,0.036395724072816056,0.03864624229962105,0.9249580336275628
9350,18350,High,High,0.9066652505039617,0.03376696241760249,0.059567787078435776
26800,35800,Low,Low,0.03029421986633947,0.9072061385139781,0.06249964161968241
23097,32097,Low,Low,0.033091612461193375,0.9054638517199568,0.06144453581884981
15996,24996,High,High,0.9119496103758179,0.030587637498027467,0.05746275212615464
8107,17107,Low,Low,0.03324227113498785,0.9039244085053371,0.06283332035967504
38006,47006,High,High,0.9088440373202307,0.032581466842977004,0.058574495836792355
15772,24772,Low,Low,0.05267096727010708,0.8884805873106553,0.05884844541923765
1525,10525,Medium,Medium,0.036637074907273005,0.03743524929608791,0.9259276757966391
15867,24867,Low,Low,0.026505879581022795,0.9195007673213259,0.05399335309765119
34389,43389,Medium,Medium,0.03858315269713807,0.03854956107853999,0.922867286224322
26262,35262,Low,Low,0.034409668081885225,0.9028704783242961,0.06271985359381865
12472,21472,Medium,High,0.5384874039491009,0.1197058615548522,0.34180673449604687
24748,33748,Low,Low,0.037575465255836174,0.9049961354315176,0.057428399312646254
35541,44541,Medium,Medium,0.08721937188890189,0.26037982320023584,0.6524008049108624
2871,11871,Medium,Medium,0.03791968014826989,0.03620060503114854,0.9258797148205815
3249,12249,High,High,0.9059455444981147,0.034610132154841794,0.059444323347043554
1694,10694,Low,Low,0.06172701283338065,0.8351496264497501,0.1031233607168693
9776,18776,Medium,Low,0.029048543918668606,0.5922522446043043,0.3786992114770271
35568,44568,Low,Low,0.03345537870485611,0.9121768857737172,0.05436773552142656
32342,41342,Medium,Medium,0.03858315269713807,0.03854956107853999,0.922867286224322
10631,19631,High,High,0.885333330600357,0.030148218609713697,0.08451845078992946
22061,31061,Medium,Medium,0.0687475470241496,0.07074517906751802,0.8605072739083323
16885,25885,High,High,0.65340918233094,0.028934787568718784,0.3176560301003412
11913,20913,Medium,Medium,0.03655139664074286,0.040863385578162055,0.9225852177810951
6208,15208,High,High,0.9078842322134619,0.03432267120941295,0.05779309657712522
33240,42240,Medium,Medium,0.03753179148653995,0.03941355341978355,0.9230546550936766
16090,25090,High,High,0.9035551397064329,0.03786803903600567,0.05857682125756159
36645,45645,High,High,0.9090569422803073,0.032951381876950354,0.05799167584274235
24388,33388,Medium,Medium,0.041331531269212574,0.04351206562844506,0.9151564031023423
29168,38168,High,Medium,0.038886252591924804,0.046166305018743775,0.9149474423893315
39592,48592,Medium,Medium,0.03834180186268112,0.03976055408207312,0.9218976440552457
39558,48558,High,High,0.9099858524945971,0.03212967650384486,0.05788447100155806
35931,44931,Medium,Medium,0.029515152677168182,0.03221409987839814,0.9382707474444336
27277,36277,Low,Medium,0.04396376392831091,0.07750214615066492,0.8785340899210241
9556,18556,High,High,0.9073734389571079,0.034284975166476675,0.05834158587641544
26797,35797,High,High,0.9047867685384513,0.03512915884971251,0.0600840726118362
9599,18599,High,Medium,0.026293840323421736,0.028771795854392216,0.9449343638221861
6972,15972,Low,Low,0.0533778688739813,0.5743096961566904,0.3723124349693283
34949,43949,Medium,Medium,0.03605697829364052,0.04067480228756543,0.923268219418794
4709,13709,Medium,Medium,0.035043203229428256,0.03872394326820375,0.9262328535023681
28123,37123,Medium,Medium,0.03284606838136416,0.03837809996563258,0.9287758316530033
17896,26896,High,Medium,0.03858315269713807,0.03854956107853999,0.922867286224322
33160,42160,Medium,Medium,0.026293840323421736,0.028771795854392216,0.9449343638221861
1265,10265,Low,Low,0.03341936294339602,0.9005352512335209,0.06604538582308299
33612,42612,High,High,0.9112111055611182,0.03207878869866194,0.05671010574021982
33813,42813,High,Low,0.028031715786352007,0.5025910507696826,0.4693772334439654
14794,23794,Low,Low,0.06146653300148334,0.8570204465440958,0.08151302045442088
33534,42534,Low,Low,0.03532066137917942,0.9046333039201419,0.060046034700678735
39805,48805,Medium,Medium,0.03753179148653995,0.03941355341978355,0.9230546550936766
3893,12893,High,High,0.9068916888881448,0.033368443793316355,0.05973986731853887
6086,15086,Low,Low,0.028410072462220586,0.9147626005235937,0.0568273270141856
38061,47061,Medium,Medium,0.0277084958223472,0.03225431692262568,0.9400371872550272
4224,13224,High,High,0.9082501330503163,0.032079499056474024,0.05967036789320974
11940,20940,Medium,Medium,0.0680330874538146,0.3218210988911622,0.6101458136550232
39741,48741,High,High,0.9115598309646146,0.031045152796229446,0.05739501623915596
14284,23284,Low,Low,0.03144986176002316,0.91039701068448,0.05815312755549688
4801,13801,Low,Medium,0.06568403578741745,0.04304230603378264,0.8912736581787999
29965,38965,High,High,0.9079120270709438,0.033174560695551615,0.05891341223350471
17597,26597,Medium,Medium,0.041331531269212574,0.04351206562844506,0.9151564031023423
29556,38556,Medium,Medium,0.04294922379593252,0.043900507249233944,0.9131502689548335
17924,26924,Medium,Medium,0.03365107104326154,0.047541449275328586,0.9188074796814099
760,9760,Low,Low,0.028439628919977727,0.9105078410525062,0.06105253002751617
39819,48819,High,High,0.9151704832411828,0.029548947488529265,0.055280569270287995
28138,37138,Medium,Medium,0.060445527584605856,0.23773605328675393,0.7018184191286402
3998,12998,Medium,Medium,0.040714095691402295,0.04007291654380401,0.9192129877647935
12649,21649,Medium,Low,0.028112157410916817,0.9023695225447054,0.06951832004437776
30494,39494,High,Low,0.030547945805042786,0.9106078737635782,0.05884418043137891
10040,19040,High,High,0.9063470671068506,0.03420589961827294,0.05944703327487628
8190,17190,Medium,Medium,0.039612555446097875,0.03966612885222009,0.920721315701682
15970,24970,High,Medium,0.038886252591924804,0.046166305018743775,0.9149474423893315
39764,48764,Low,High,0.910754539567011,0.032186975995409255,0.05705848443757985
28314,37314,Medium,Medium,0.041993280571513414,0.043360723667350796,0.9146459957611358
4452,13452,High,High,0.913461124040404,0.03068835669201193,0.05585051926758408
19366,28366,Low,High,0.9088440373202307,0.032581466842977004,0.058574495836792355
31544,40544,Medium,Medium,0.03776300846361236,0.03897014313858269,0.9232668483978049
13506,22506,Low,Low,0.034409668081885225,0.9028704783242961,0.06271985359381865
11065,20065,High,High,0.9077265040212018,0.03515367351712793,0.0571198224616703
36712,45712,Low,Low,0.033091612461193375,0.9054638517199568,0.06144453581884981
12417,21417,Medium,Medium,0.03741864903518693,0.18865782083447957,0.7739235301303334
23867,32867,Medium,Medium,0.11586198684148608,0.1236265131121288,0.7605115000463852
38415,47415,Low,Low,0.030335971205876663,0.9025022313702165,0.06716179742390677
24274,33274,High,High,0.9092833806644904,0.03255286325266422,0.05816375608284544
14478,23478,Medium,Medium,0.03639743097788712,0.043636592088238474,0.9199659769338745
26911,35911,Medium,Medium,0.029807525928725525,0.028811445573116014,0.9413810284981584
24055,33055,Low,Low,0.03040879928217582,0.9095436933808688,0.06004750733695533
27634,36634,Medium,Medium,0.034419268639353094,0.03366797942374742,0.9319127519368995
30869,39869,Medium,Medium,0.08887886872426766,0.040478444786870675,0.8706426864888618
2086,11086,High,High,0.9050225527547524,0.03515004122252229,0.059827406022725384
22517,31517,Medium,Medium,0.03753179148653995,0.03941355341978355,0.9230546550936766
36385,45385,High,High,0.9110147762545212,0.03266749290706116,0.05631773083841778
33083,42083,Low,Low,0.18588131582181602,0.7541496640673616,0.0599690201108222
2394,11394,Medium,Medium,0.037290440652083,0.04062454642331669,0.9220850129246002
16500,25500,Medium,Medium,0.07103727491844448,0.07457886141306591,0.8543838636684896
1835,10835,Medium,Medium,0.0342314121690724,0.03497423686169345,0.9307943509692341
7576,16576,Medium,Medium,0.0710956991765352,0.03598932199763414,0.8929149788258307
38074,47074,Medium,Medium,0.031085716777828176,0.032818900727346334,0.9360953824948255
21682,30682,High,High,0.9136875499535387,0.030352148210033614,0.0559603018364277
32000,41000,High,High,0.9128971381565538,0.030415749354259825,0.05668711248918642
29833,38833,High,High,0.9109776747800821,0.031606665951356194,0.05741565926856163
19681,28681,Low,Low,0.03340491999985694,0.9033906494485234,0.06320443055161956
25271,34271,High,Low,0.028518247134146035,0.9049558864895205,0.0665258663763334
21587,30587,High,High,0.9088581714609738,0.031932872334026176,0.059208956205000024
27743,36743,Medium,Medium,0.035150109879082035,0.040163166374005854,0.9246867237469121
18688,27688,Medium,Medium,0.03521811978298027,0.04235763637783694,0.9224242438391829
16136,25136,Medium,Medium,0.026722610752031223,0.10058811583548727,0.8726892734124815
18918,27918,Medium,Medium,0.038682254546927725,0.04272234388274617,0.9185954015703262
31783,40783,Medium,Medium,0.03858315269713807,0.03854956107853999,0.922867286224322
38676,47676,High,High,0.9156540449974161,0.028854266608435614,0.05549168839414833
37616,46616,High,High,0.8971773579730926,0.03298445312964482,0.0698381888972626
31817,40817,Medium,Medium,0.036637074907273005,0.03743524929608791,0.9259276757966391
33782,42782,High,High,0.9066652505039617,0.03376696241760249,0.059567787078435776
22173,31173,High,High,0.8760379508943018,0.030899208367624987,0.09306284073807324
23940,32940,Low,Low,0.028427519946830602,0.9140252204872518,0.057547259565917545
3563,12563,Low,Low,0.033091612461193375,0.9054638517199568,0.06144453581884981
34832,43832,Medium,Medium,0.03907508158873798,0.16139162511760347,0.7995332932936585
18847,27847,Low,Medium,0.1870688081094182,0.029315421117961468,0.7836157707726202
27911,36911,Medium,Medium,0.037290440652083,0.04062454642331669,0.9220850129246002
18182,27182,Medium,Medium,0.031085716777828176,0.032818900727346334,0.9360953824948255
7891,16891,Medium,Medium,0.04295731867925414,0.056979687563973536,0.9000629937567722
38276,47276,High,Medium,0.03858315269713807,0.03854956107853999,0.922867286224322
28155,37155,Medium,Medium,0.03349187491141387,0.10066195911777293,0.8658461659708131
18698,27698,High,High,0.529765630185505,0.39115754888592474,0.07907682092857017
29313,38313,Medium,Medium,0.03119226087703726,0.03202516173994931,0.9367825773830134
34885,43885,Medium,Medium,0.31667679755407635,0.031019696929711956,0.6523035055162117
27218,36218,Medium,Medium,0.03753179148653995,0.03941355341978355,0.9230546550936766
6365,15365,Medium,Medium,0.03967484338323293,0.03671251964427005,0.923612636972497
12392,21392,Low,Low,0.03446749856763864,0.9048341451969364,0.06069835623542491
31109,40109,Medium,Low,0.2689653429916314,0.3725678192619522,0.35846683774641624
23580,32580,Low,Low,0.03347986077245769,0.9074358039292276,0.05908433529831464
19117,28117,Medium,Medium,0.03664333375324097,0.0350056238903169,0.9283510423564421
7685,16685,High,High,0.9025307936610644,0.03674438586058932,0.06072482047834632
26429,35429,Medium,Medium,0.03259651393449264,0.0343620811061097,0.9330414049593977
26140,35140,Medium,Medium,0.038886252591924804,0.046166305018743775,0.9149474423893315
28538,37538,Low,Low,0.02957827679231939,0.9128856370940741,0.057536086113606465
24498,33498,Medium,Medium,0.03639743097788712,0.043636592088238474,0.9199659769338745
18591,27591,Medium,Medium,0.03543990262145342,0.03765541524360161,0.926904682134945
37894,46894,Medium,Medium,0.03347192029441353,0.03432883424797566,0.9321992454576109
18109,27109,Medium,High,0.6544491348265152,0.05183765301704088,0.2937132121564439
29551,38551,Medium,Medium,0.17529025973913945,0.03505929557809966,0.7896504446827608
24684,33684,Medium,Medium,0.029950213315461726,0.0328369223149678,0.9372128643695704
15718,24718,High,High,0.9114307077388872,0.03173728315974118,0.056832009101371594
24882,33882,Medium,Medium,0.026293840323421736,0.028771795854392216,0.9449343638221861
30110,39110,Medium,Medium,0.03605697829364052,0.04067480228756543,0.923268219418794
11110,20110,Medium,Medium,0.03639743097788712,0.043636592088238474,0.9199659769338745
30036,39036,Medium,Medium,0.045489281450553025,0.04617180725979076,0.9083389112896562
30897,39897,Medium,Medium,0.036395724072816056,0.03864624229962105,0.9249580336275628
23871,32871,Low,Low,0.027599092040070394,0.9106904982501108,0.061710409709818524
11615,20615,High,High,0.9090024591856997,0.032546340558688304,0.05845120025561221
17177,26177,Medium,Medium,0.036637074907273005,0.03743524929608791,0.9259276757966391
9756,18756,Medium,Medium,0.039122874650947374,0.041069442938325665,0.919807682410727
39208,48208,Medium,Medium,0.03834180186268112,0.03976055408207312,0.9218976440552457
7967,16967,High,High,0.8204372149077912,0.029064346089125184,0.1504984390030836
5684,14684,Medium,Medium,0.036049335891479545,0.03476812560436195,0.9291825385041586
15453,24453,Low,Medium,0.038682254546927725,0.04272234388274617,0.9185954015703262
26081,35081,Medium,Medium,0.02635287149424077,0.036172095362116255,0.937475033143643
4512,13512,High,High,0.9090024591856997,0.032546340558688304,0.05845120025561221
8373,17373,High,High,0.9066652505039617,0.03376696241760249,0.059567787078435776
37654,46654,Medium,Medium,0.03527114626268923,0.03812634346140507,0.9266025102759058
17757,26757,Low,Low,0.03215627863218703,0.9072055292009374,0.060638192166875514
34721,43721,Low,Low,0.17649493835787658,0.7645909400003764,0.05891412164174687
15289,24289,Medium,Medium,0.037290440652083,0.04062454642331669,0.9220850129246002
19273,28273,Medium,Medium,0.03753179148653995,0.03941355341978355,0.9230546550936766
10164,19164,Medium,Medium,0.04359613426055131,0.04022872203239709,0.9161751437070516
18452,27452,High,High,0.848782759193306,0.028993068671756866,0.12222417213493701
28648,37648,Low,Low,0.028417294739558684,0.916249860820094,0.05533284444034733
38535,47535,Medium,Medium,0.041377568240270474,0.04242187259119545,0.916200559168534
10870,19870,Medium,Medium,0.03543990262145342,0.03765541524360161,0.926904682134945
15929,24929,Low,Low,0.03276385644922539,0.7826327244933977,0.18460341905737684
38696,47696,Medium,Medium,0.03531058982261439,0.039073617394395965,0.9256157927829897
2117,11117,Low,Low,0.030325657970636286,0.9101476130927008,0.05952672893666295
29438,38438,Medium,Medium,0.03791968014826989,0.03620060503114854,0.9258797148205815
21100,30100,Medium,Medium,0.03605697829364052,0.04067480228756543,0.923268219418794
8571,17571,High,High,0.6636244607357752,0.04315284896031978,0.2932226903039051
22335,31335,Low,Low,0.026508983341831646,0.9191737602993397,0.05431725635882864
1950,10950,High,High,0.8576171574231134,0.073216423271885,0.0691664193050018
34474,43474,Medium,Low,0.05278279338888808,0.7980385425291691,0.1491786640819429
2650,11650,Low,Low,0.027881727132323855,0.8715502711446231,0.10056800172305301
30092,39092,Medium,Medium,0.04428261849700252,0.04461483903366637,0.911102542469331
3600,12600,Low,Low,0.028793042917217206,0.8936300386961952,0.07757691838658753
14862,23862,Medium,Medium,0.033965995055023505,0.039962206899450854,0.9260717980455256
13456,22456,High,High,0.9125287864649237,0.030808864762596505,0.056662348772479824
31220,40220,Medium,Medium,0.036395724072816056,0.03864624229962105,0.9249580336275628
9214,18214,Low,Low,0.033661478469962265,0.8984252431994713,0.06791327833056643
31967,40967,Medium,Medium,0.035150109879082035,0.040163166374005854,0.9246867237469121
22769,31769,Medium,Medium,0.07925180831062369,0.061371272996442496,0.8593769186929338
35319,44319,Low,Low,0.02938778948785663,0.9110873945343791,0.059524815977764246
1945,10945,Low,High,0.9063470671068506,0.03420589961827294,0.05944703327487628
186,9186,High,High,0.9065735054910338,0.0338073809939868,0.05961911351497939
27328,36328,High,Medium,0.04335478342609436,0.041439715035930226,0.9152055015379753
7406,16406,High,High,0.9057329129284813,0.03388747048818707,0.06037961658333152
24495,33495,High,High,0.9183275713898787,0.02854656487736677,0.05312586373275452
28276,37276,Medium,Medium,0.12355748251606356,0.029383084477654878,0.8470594330062816
13640,22640,Medium,Medium,0.034686957394625045,0.037826933053020616,0.9274861095523543
15379,24379,High,High,0.9094813190183655,0.03407100161376451,0.05644767936787006
1391,10391,Medium,Medium,0.03325152648503275,0.04486197757423414,0.9218864959407331
23250,32250,Low,Low,0.07163730105830592,0.776121060815063,0.15224163812663102
12075,21075,Medium,Medium,0.08887886872426766,0.040478444786870675,0.8706426864888618
30530,39530,Medium,Medium,0.10485119939739525,0.036337323592433184,0.8588114770101715
37583,46583,Low,High,0.9156540449974161,0.028854266608435614,0.05549168839414833
31913,40913,Low,Low,0.02704696003781437,0.8310530853554319,0.14189995460675367
12745,21745,Medium,Medium,0.026293840323421736,0.028771795854392216,0.9449343638221861
24375,33375,Medium,Medium,0.03858315269713807,0.03854956107853999,0.922867286224322
27267,36267,Medium,Medium,0.026506989191972866,0.30356387910400406,0.6699291317040231
15657,24657,Medium,Medium,0.027152567645436696,0.02877875181997042,0.9440686805345928
28673,37673,High,High,0.9112958581771932,0.031167728750685752,0.05753641307212113
6389,15389,Low,Low,0.02896751364674574,0.9124577024686426,0.05857478388461163
2496,11496,Medium,Medium,0.057839221270356546,0.04109059325343627,0.9010701854762072
27622,36622,Medium,Medium,0.04569297019162005,0.2962216162051888,0.6580854136031912
28026,37026,Low,Low,0.10314420342219772,0.6645082309212985,0.2323475656565038
32024,41024,Low,Low,0.06393949437229615,0.8449067463209928,0.091153759306711
5149,14149,Medium,Medium,0.03228533437920734,0.033859925079241376,0.9338547405415513
22381,31381,Low,Low,0.02722689958653321,0.7101644886307118,0.26260861178275496
21871,30871,Medium,Medium,0.03858315269713807,0.03854956107853999,0.922867286224322
32777,41777,Medium,Medium,0.30841587547791544,0.22551879494275262,0.466065329579332
37451,46451,Medium,Low,0.030517345670388538,0.9101572441091673,0.059325410220444075
10757,19757,Medium,Medium,0.030750513935558808,0.03953476928749162,0.9297147167769495
3101,12101,Medium,Medium,0.16279873370935505,0.13762434550340918,0.6995769207872358
29353,38353,Medium,Medium,0.03858315269713807,0.03854956107853999,0.922867286224322
29741,38741,Medium,Medium,0.030062684615181693,0.316972938414155,0.6529643769706631
16061,25061,High,High,0.9099704053336705,0.028563162331140757,0.06146643233518876
23802,32802,Low,High,0.909233816731434,0.032123951544775035,0.05864223172379104
1079,10079,High,High,0.9128971381565538,0.030415749354259825,0.05668711248918642
27628,36628,High,High,0.9112958581771932,0.031167728750685752,0.05753641307212113
25262,34262,High,High,0.9113636809203983,0.031819258060963175,0.05681706101863868
35963,44963,Medium,Medium,0.03243910806153349,0.045459336930569326,0.9221015550078971
32932,41932,Medium,Medium,0.041377568240270474,0.04242187259119545,0.916200559168534
30180,39180,High,Medium,0.2791874665134724,0.3513962533446647,0.36941628014186284
37706,46706,High,High,0.9144529463258891,0.030165346139523253,0.055381707534587654
35058,44058,Low,Low,0.057965748107821326,0.825777992133664,0.11625625975851477
5400,14400,High,High,0.9112111055611182,0.03207878869866194,0.05671010574021982
38373,47373,Medium,Medium,0.03685067124684929,0.028846590102715165,0.9343027386504356
1278,10278,Medium,High,0.9059455444981147,0.034610132154841794,0.059444323347043554
19365,28365,Low,Medium,0.031656354744987215,0.035953542553157976,0.9323901027018549
19088,28088,Low,Low,0.041435588032134804,0.8929303275093895,0.06563408445847564
35229,44229,Medium,High,0.8885797431164977,0.030891216103696693,0.08052904077980579
18691,27691,High,High,0.9019952421787499,0.03859857210697978,0.059406185714270233
16365,25365,Low,Low,0.030012350431972715,0.912220815364134,0.057766834203893204
205,9205,High,High,0.9090024591856997,0.032546340558688304,0.05845120025561221
21390,30390,High,High,0.9091282539542714,0.03320230326311326,0.05766944278261519
25846,34846,Low,Low,0.026508983341831646,0.9191737602993397,0.05431725635882864
10471,19471,Medium,Medium,0.037290440652083,0.04062454642331669,0.9220850129246002
34129,43129,High,High,0.8999007405488003,0.040267955884886415,0.059831303566313256
4216,13216,High,Low,0.03324227113498785,0.9039244085053371,0.06283332035967504
10216,19216,High,High,0.9084098043811574,0.03270511369423076,0.05888508192461186
19537,28537,Medium,Medium,0.03791968014826989,0.03620060503114854,0.9258797148205815
38483,47483,Low,Low,0.03215627863218703,0.9072055292009374,0.060638192166875514
5226,14226,Medium,Medium,0.034765656820689605,0.03754609611900651,0.927688247060304
10107,19107,Low,Low,0.03094768426097906,0.9104791378831534,0.0585731778558675
32859,41859,Medium,Medium,0.03870147247560501,0.04542165849661175,0.9158768690277833
3368,12368,High,High,0.9080794674423371,0.03308624962636881,0.05883428293129404
11601,20601,Low,Low,0.026750853866676805,0.9163592157849908,0.056889930348332333
17358,26358,Medium,Medium,0.02814893177628212,0.07195186555786313,0.8998992026658548
39189,48189,Medium,Medium,0.03776300846361236,0.03897014313858269,0.9232668483978049
25471,34471,Medium,Medium,0.03383584943253224,0.03572647516092826,0.9304376754065395
6947,15947,Medium,Medium,0.04644742984013328,0.09705858447310921,0.8564939856867575
20570,29570,Medium,Medium,0.03605697829364052,0.04067480228756543,0.923268219418794
28424,37424,Medium,Medium,0.037290440652083,0.04062454642331669,0.9220850129246002
11159,20159,Low,Low,0.03147279055619165,0.9070449011544524,0.061482308289355934
24581,33581,High,High,0.8969073145859716,0.04152966954805982,0.0615630158659685
37968,46968,Low,Low,0.032336442445589905,0.908665355005803,0.05899820254860702
11991,20991,Medium,Medium,0.041735944851163526,0.043095699704093555,0.9151683554447428
7248,16248,High,High,0.9078842322134619,0.03432267120941295,0.05779309657712522
12327,21327,High,High,0.9099458689598774,0.032027959537247234,0.0580261715028754
31007,40007,High,High,0.904701689991016,0.03664285706313628,0.05865545294584776
26757,35757,Low,Low,0.02958201184138219,0.911898921590148,0.05851906656846979
2708,11708,High,High,0.7708465262812746,0.09851282374095031,0.13064064997777516
1429,10429,Medium,Medium,0.026293840323421736,0.028771795854392216,0.9449343638221861
18156,27156,Medium,Medium,0.041331531269212574,0.04351206562844506,0.9151564031023423
8119,17119,High,High,0.9106617111904272,0.031798794556409916,0.057539494253162925
32376,41376,Medium,High,0.6517643214917396,0.028944102762609503,0.3192915757456509
15100,24100,Low,Low,0.03215627863218703,0.9072055292009374,0.060638192166875514
10670,19670,Low,Low,0.03215627863218703,0.9072055292009374,0.060638192166875514
1863,10863,Medium,Medium,0.03858315269713807,0.03854956107853999,0.922867286224322
29630,38630,Low,Low,0.033091612461193375,0.9054638517199568,0.06144453581884981
20039,29039,Low,Low,0.030547945805042786,0.9106078737635782,0.05884418043137891
29084,38084,High,High,0.9155011782199515,0.02856263232538339,0.0559361894546652
29034,38034,Medium,Medium,0.03753179148653995,0.03941355341978355,0.9230546550936766
18756,27756,Medium,Medium,0.03527114626268923,0.03812634346140507,0.9266025102759058
35888,44888,Medium,Medium,0.02658214423279223,0.06833288696430431,0.9050849688029033
19934,28934,Low,Low,0.02896751364674574,0.9124577024686426,0.05857478388461163
37072,46072,High,High,0.9157727869960106,0.02918564184528961,0.055041571158699835
36627,45627,Low,Low,0.03545380510444011,0.9011002758438429,0.06344591905171698
6564,15564,Medium,Medium,0.036395724072816056,0.03864624229962105,0.9249580336275628
33708,42708,Low,Medium,0.026506989191972866,0.30356387910400406,0.6699291317040231
24300,33300,Low,Low,0.03377109009711686,0.9055799773261969,0.06064893257668619
35290,44290,Low,Low,0.026825891161143357,0.8652676206420641,0.10790648819679254
14221,23221,High,High,0.909233816731434,0.032123951544775035,0.05864223172379104
2920,11920,Low,Low,0.033091612461193375,0.9054638517199568,0.06144453581884981
16027,25027,Medium,Medium,0.037677330197082214,0.04239827942065683,0.919924390382261
3957,12957,High,High,0.9175621750175283,0.02873336694787713,0.05370445803459457
38536,47536,Low,Low,0.033091612461193375,0.9054638517199568,0.06144453581884981
6956,15956,Medium,High,0.763079003991446,0.17608249548365998,0.060838500524894014
11078,20078,Medium,Medium,0.04214313213599102,0.055036438354939675,0.9028204295090694
16667,25667,Medium,Medium,0.03870147247560501,0.04542165849661175,0.9158768690277833
35345,44345,High,High,0.9089099454231621,0.03075673620053131,0.0603333183763067
8946,17946,Low,Low,0.026505879581022795,0.9195007673213259,0.05399335309765119
9804,18804,High,High,0.9122879968031666,0.03078346728870591,0.05692853590812757
30860,39860,Low,Low,0.03340491999985694,0.9033906494485234,0.06320443055161956
11781,20781,Medium,Medium,0.038886252591924804,0.046166305018743775,0.9149474423893315
11374,20374,Low,Low,0.02896751364674574,0.9124577024686426,0.05857478388461163
7260,16260,Medium,Medium,0.03590852036894148,0.034785298723244616,0.9293061809078139
7524,16524,High,High,0.910754539567011,0.032186975995409255,0.05705848443757985
24219,33219,High,High,0.9166827105506784,0.028555880071257488,0.05476140937806424
25191,34191,Medium,High,0.6059793964212882,0.043966305878149675,0.3500542977005621
4393,13393,Medium,High,0.9088440373202307,0.032581466842977004,0.058574495836792355
39932,48932,Low,High,0.9090024591856997,0.032546340558688304,0.05845120025561221
17750,26750,High,High,0.9100487770368408,0.032366061182153856,0.0575851617810054
32427,41427,Medium,Medium,0.03858315269713807,0.03854956107853999,0.922867286224322
36879,45879,Medium,Medium,0.03870147247560501,0.04542165849661175,0.9158768690277833
28605,37605,Medium,Medium,0.03753179148653995,0.03941355341978355,0.9230546550936766
16477,25477,Low,Low,0.03347986077245769,0.9074358039292276,0.05908433529831464
27870,36870,High,Low,0.030012350431972715,0.912220815364134,0.057766834203893204
6537,15537,Medium,Medium,0.11386160049540979,0.11803864105010509,0.7680997584544852
31252,40252,Low,Low,0.037575465255836174,0.9049961354315176,0.057428399312646254
29037,38037,High,High,0.6758992813447066,0.16026041587834053,0.16384030277695286
15126,24126,High,High,0.9066652505039617,0.03376696241760249,0.059567787078435776
33202,42202,High,High,0.8879973620045786,0.054371404687007484,0.057631233308414104
31133,40133,Medium,Medium,0.037290440652083,0.04062454642331669,0.9220850129246002
39588,48588,Low,Low,0.03106734396626877,0.8847215469533464,0.08421110908038486
28904,37904,Medium,Medium,0.04359613426055131,0.04022872203239709,0.9161751437070516
18789,27789,Medium,Medium,0.03527114626268923,0.03812634346140507,0.9266025102759058
14093,23093,Medium,Medium,0.03858315269713807,0.03854956107853999,0.922867286224322
1642,10642,Low,Low,0.030258140608381345,0.9110831365954885,0.0586587227961301
30524,39524,High,High,0.9109776747800821,0.031606665951356194,0.05741565926856163
38724,47724,Low,High,0.9073734389571079,0.034284975166476675,0.05834158587641544
19880,28880,High,High,0.9077003594952785,0.03352746025147838,0.0587721802532433
21761,30761,Low,Low,0.035677327232030494,0.9088737428260686,0.055448929941900836
28220,37220,Medium,Medium,0.037716571602859746,0.04015819994191558,0.9221252284552247
14363,23363,High,High,0.909233816731434,0.032123951544775035,0.05864223172379104
629,9629,High,High,0.9064504472137456,0.03482488423415718,0.058724668552097264
34052,43052,Medium,Medium,0.04335478342609436,0.041439715035930226,0.9152055015379753
16253,25253,High,High,0.9092833806644904,0.03255286325266422,0.05816375608284544
35198,44198,Low,Low,0.09181786963737455,0.8463811296172613,0.0618010007453641
4517,13517,Medium,Medium,0.034372493146796,0.19521547508210738,0.7704120317710964
9997,18997,Medium,Medium,0.026293840323421736,0.028771795854392216,0.9449343638221861
28976,37976,Medium,Medium,0.0316334101761501,0.14802323552745142,0.8203433542963984
4689,13689,Medium,Medium,0.027105521081670764,0.16754398296620296,0.8053504959521263
26458,35458,Medium,Medium,0.03177500434014732,0.03403128591906273,0.9341937097407901
21765,30765,Medium,Medium,0.03466186181981969,0.03503335869041295,0.9303047794897674
38755,47755,High,High,0.9124836367313854,0.030885534583738206,0.05663082868487629
36261,45261,Medium,Medium,0.031196463932579892,0.03241678771350288,0.9363867483539172
25038,34038,Medium,Medium,0.043695236110340964,0.04440150483660327,0.9119032590530557
3981,12981,Medium,Medium,0.041331531269212574,0.04351206562844506,0.9151564031023423
21166,30166,Medium,Medium,0.0457305986075405,0.047171275712554826,0.9070981256799047
27477,36477,Medium,Medium,0.0342314121690724,0.03497423686169345,0.9307943509692341
13840,22840,Medium,Medium,0.03791968014826989,0.03620060503114854,0.9258797148205815
4391,13391,Medium,Medium,0.03527114626268923,0.03812634346140507,0.9266025102759058
9574,18574,High,High,0.9100028132798941,0.032062440148106296,0.05793474657199971
8097,17097,High,High,0.9096276855627664,0.03246689673791767,0.057905417699315904
2129,11129,Low,Low,0.19528438186169342,0.4036991462744352,0.40101647186387135
29989,38989,Medium,Medium,0.037290440652083,0.04062454642331669,0.9220850129246002
30753,39753,Medium,High,0.9100028132798941,0.032062440148106296,0.05793474657199971
23781,32781,Low,Low,0.0284481858067904,0.9092576071958481,0.0622942069973614
19265,28265,Medium,Medium,0.03590852036894148,0.034785298723244616,0.9293061809078139
37784,46784,Medium,Medium,0.03709953591474418,0.03662118709119124,0.9262792769940645
17440,26440,Medium,Medium,0.037677330197082214,0.04239827942065683,0.919924390382261
37742,46742,Low,Low,0.033091612461193375,0.9054638517199568,0.06144453581884981
2840,11840,Low,Medium,0.03858315269713807,0.03854956107853999,0.922867286224322
31478,40478,Medium,Medium,0.03590852036894148,0.034785298723244616,0.9293061809078139
12619,21619,High,Medium,0.040594091883891306,0.04785419394924798,0.9115517141668606
17028,26028,High,High,0.8998159178578509,0.03102780108757153,0.06915628105457773
17243,26243,Medium,Medium,0.038261677050404334,0.040176390799617274,0.9215619321499783
353,9353,Medium,Medium,0.0342314121690724,0.03497423686169345,0.9307943509692341
37046,46046,High,High,0.9084098043811574,0.03270511369423076,0.05888508192461186
28702,37702,Low,Low,0.03569045892487894,0.9074819418247572,0.056827599250363965
19715,28715,Low,Medium,0.03332982361245329,0.03495214919277483,0.9317180271947718
5687,14687,Medium,Medium,0.034048438793915205,0.03634953130100874,0.9296020299050761
777,9777,High,High,0.9059455444981147,0.034610132154841794,0.059444323347043554
32535,41535,Medium,Medium,0.03590852036894148,0.034785298723244616,0.9293061809078139
3045,12045,Medium,Medium,0.03605697829364052,0.04067480228756543,0.923268219418794
25397,34397,Medium,Medium,0.03834180186268112,0.03976055408207312,0.9218976440552457
15096,24096,Medium,Medium,0.033381863724221535,0.054464217346255596,0.9121539189295228
12354,21354,High,High,0.91315800572848,0.030934081990507734,0.05590791228101231
25170,34170,Medium,Medium,0.03360618190925103,0.03537188272153591,0.9310219353692131
12208,21208,Medium,Medium,0.03858315269713807,0.03854956107853999,0.922867286224322
39606,48606,Medium,Medium,0.034760783682637485,0.036567084229811676,0.9286721320875508
10768,19768,Medium,Medium,0.0367410437092248,0.037179754536580185,0.9260792017541949
15751,24751,Medium,Medium,0.038886252591924804,0.046166305018743775,0.9149474423893315
9,9009,High,Medium,0.11130645842577742,0.04827692012919571,0.8404166214450267
20433,29433,Medium,Medium,0.046621209676843724,0.03511726486935925,0.918261525453797
11954,20954,Medium,Medium,0.0376308933363296,0.043586336223989726,0.9187827704396807
25184,34184,Medium,Medium,0.03776300846361236,0.03897014313858269,0.9232668483978049
19851,28851,High,Low,0.030012350431972715,0.912220815364134,0.057766834203893204
8669,17669,Low,Low,0.03347986077245769,0.9074358039292276,0.05908433529831464
28719,37719,Medium,Medium,0.026293840323421736,0.028771795854392216,0.9449343638221861
20855,29855,Medium,Medium,0.19398001935795817,0.03824439243504944,0.7677755882069923
17665,26665,High,High,0.9075025621828353,0.03359284480296494,0.058904593014199806
6776,15776,Medium,Medium,0.03858315269713807,0.03854956107853999,0.922867286224322
39050,48050,High,High,0.91166925387301,0.028565336351791423,0.05976540977519867
2035,11035,High,High,0.9091282539542714,0.03320230326311326,0.05766944278261519
37852,46852,Medium,Medium,0.10662852007423039,0.19553473981439426,0.6978367401113754
13849,22849,Medium,Medium,0.034048438793915205,0.03634953130100874,0.9296020299050761
26224,35224,High,High,0.909233816731434,0.032123951544775035,0.05864223172379104
28687,37687,Low,Low,0.02656725940937804,0.9110150621477954,0.06241767844282655
37646,46646,High,High,0.9112958581771932,0.031167728750685752,0.05753641307212113
33958,42958,Low,Low,0.029339351433834825,0.9138814824457943,0.05677916612037089
14190,23190,Medium,Medium,0.035088376135415766,0.03520588078328732,0.9297057430812968
18876,27876,Low,Low,0.07210661029096078,0.8573145945761286,0.07057879513291059
22375,31375,High,High,0.873312035623015,0.033721377235415635,0.09296658714156945
2282,11282,Low,Low,0.030485921825736364,0.9103945752209109,0.059119502953352665
23338,32338,Low,Low,0.029934144983479086,0.7329599487169581,0.2371059062995626
7638,16638,Medium,Medium,0.033866893205233846,0.03578942409524468,0.9303436826995215
19614,28614,Low,Low,0.03341936294339602,0.9005352512335209,0.06604538582308299
18377,27377,Medium,Medium,0.06030167159871427,0.03709729808852974,0.9026010303127561
18628,27628,Medium,Medium,0.03858315269713807,0.03854956107853999,0.922867286224322
5581,14581,Medium,Medium,0.036947638562341206,0.052137147236849625,0.9109152142008092
10919,19919,Medium,Medium,0.03318750694143554,0.0367469340286386,0.9300655590299258
1530,10530,Medium,Medium,0.0336255423707769,0.03700041709877781,0.9293740405304453
16110,25110,High,High,0.6725296579950596,0.2668487174483986,0.0606216245565419
34629,43629,High,High,0.9148463938441928,0.030207370852316878,0.05494623530349044
39420,48420,Medium,Medium,0.03870147247560501,0.04542165849661175,0.9158768690277833
25096,34096,Low,Medium,0.02753428348800756,0.047269497247100854,0.9251962192648916
20307,29307,Medium,Medium,0.03753179148653995,0.03941355341978355,0.9230546550936766
14909,23909,Low,Low,0.0311396142888171,0.9024717715468688,0.06638861416431421
7299,16299,High,High,0.9099799340236695,0.03241147280926985,0.057608593167060525
24542,33542,High,High,0.9059455444981147,0.034610132154841794,0.059444323347043554
24584,33584,Low,Low,0.036389138933446454,0.8993585983628622,0.06425226270369128
32343,41343,Low,Low,0.03340491999985694,0.9033906494485234,0.06320443055161956
28095,37095,High,High,0.9047867685384513,0.03512915884971251,0.0600840726118362
1299,10299,High,High,0.9125287864649237,0.030808864762596505,0.056662348772479824
14691,23691,Medium,Medium,0.03163410539963611,0.03629598762087333,0.9320699069794905
6458,15458,Medium,Medium,0.03527114626268923,0.03812634346140507,0.9266025102759058
23467,32467,Medium,Medium,0.0406680587203444,0.041163109581053604,0.918168831698602
6231,15231,Medium,Medium,0.0336110603634096,0.30399160318416035,0.6623973364524299
8298,17298,High,Medium,0.03527114626268923,0.03812634346140507,0.9266025102759058
4474,13474,Low,Low,0.030012350431972715,0.912220815364134,0.057766834203893204
18983,27983,Low,Low,0.32279988007452604,0.6163674118221264,0.06083270810334753
26059,35059,Medium,Medium,0.0336255423707769,0.03700041709877781,0.9293740405304453
39747,48747,Medium,Medium,0.038925149599272506,0.04252534684700873,0.9185495035537188
14343,23343,High,High,0.909233816731434,0.032123951544775035,0.05864223172379104
17850,26850,Medium,Medium,0.03527114626268923,0.03812634346140507,0.9266025102759058
29626,38626,Medium,High,0.9135846543476237,0.029951736422819165,0.05646360922955718
6466,15466,High,High,0.9089997245698473,0.033269647898772674,0.057730627531380085
25526,34526,Medium,Medium,0.038682254546927725,0.04272234388274617,0.9185954015703262
17291,26291,Medium,Medium,0.03902283831523114,0.21912033058620953,0.7418568310985593
33330,42330,Low,Low,0.0325997177314821,0.884598853908482,0.08280142836003589
15873,24873,Medium,Medium,0.036736176757062665,0.04160803210029409,0.9216557911426433
17800,26800,High,High,0.9091299827930214,0.034044910436612945,0.05682510677036579
27050,36050,Medium,Medium,0.0376308933363296,0.043586336223989726,0.9187827704396807
15613,24613,Medium,Medium,0.03849747443060792,0.04197769736061413,0.919524828208778
30060,39060,High,High,0.9144529463258891,0.030165346139523253,0.055381707534587654
37915,46915,Medium,Medium,0.031228819001763664,0.03664696398587882,0.9321242170123575
5541,14541,Medium,Medium,0.2179649450019759,0.029573123833422102,0.752461931164602
31051,40051,High,High,0.9115668925298533,0.03170273108306826,0.056730376387078375
30243,39243,Medium,Medium,0.037290440652083,0.04062454642331669,0.9220850129246002
25771,34771,High,High,0.8532554333159817,0.08798697082194346,0.058757595862074685
25940,34940,Medium,Medium,0.035927283353742456,0.1510895040122859,0.8129832126339717
33211,42211,Medium,Medium,0.07062610708163262,0.03720105626254389,0.8921728366558234
3844,12844,Low,Low,0.029403917680788736,0.9049293985801848,0.06566668373902636
1548,10548,High,High,0.903863776795089,0.03566906791739301,0.06046715528751803
25387,34387,Medium,Medium,0.026293840323421736,0.028771795854392216,0.9449343638221861
19909,28909,Medium,Medium,0.027152567645436696,0.02877875181997042,0.9440686805345928
7958,16958,High,High,0.8509234326280262,0.040210143652290455,0.10886642371968343
17615,26615,Low,Medium,0.03066272311004215,0.03366848372432842,0.9356687931656295
38240,47240,Low,Low,0.0874009320185255,0.8497884270463737,0.06281064093510076
9657,18657,High,High,0.9103040358917079,0.03169073930317442,0.05800522480511755
27002,36002,High,High,0.870735324273451,0.031964037652220376,0.09730063807432852
22734,31734,High,High,0.8160648366948626,0.05873077353620574,0.12520438976893158
23538,32538,Low,Low,0.033091612461193375,0.9054638517199568,0.06144453581884981
31756,40756,High,High,0.8446237653379546,0.09424551067533304,0.06113072398671247
17187,26187,Medium,Low,0.03324227113498785,0.9039244085053371,0.06283332035967504
22081,31081,Medium,Medium,0.036637074907273005,0.03743524929608791,0.9259276757966391
31091,40091,Medium,Medium,0.03753179148653995,0.03941355341978355,0.9230546550936766
34633,43633,Low,Low,0.02835918669382104,0.91295687122235,0.05868394208382893
6329,15329,High,Low,0.03215627863218703,0.9072055292009374,0.060638192166875514
17158,26158,Medium,Medium,0.03860545411496925,0.08213436878528903,0.8792601770997418
36173,45173,Medium,Medium,0.02737609594205125,0.028786148206660842,0.9438377558512879
15280,24280,Medium,High,0.9025521056661855,0.030878888249898272,0.06656900608391632
9209,18209,Medium,Medium,0.03766408653804656,0.06164727747934646,0.9006886359826071
33587,42587,High,High,0.9109776747800821,0.031606665951356194,0.05741565926856163
32209,41209,Low,Medium,0.026293840323421736,0.028771795854392216,0.9449343638221861
23417,32417,Medium,Medium,0.03982939840796185,0.037217100952315556,0.9229535006397226
9735,18735,Medium,Medium,0.03834180186268112,0.03976055408207312,0.9218976440552457
20804,29804,Medium,Medium,0.036395724072816056,0.03864624229962105,0.9249580336275628
36963,45963,Medium,Medium,0.038682254546927725,0.04272234388274617,0.9185954015703262
1181,10181,Medium,Medium,0.032008726326664634,0.05326482394972812,0.9147264497236073
10928,19928,Low,Low,0.027683873817576508,0.915776528984699,0.05653959719772437
15515,24515,Low,Low,0.028642942963313045,0.9146273145750548,0.05672974246163217
35764,44764,High,High,0.869642399540837,0.06465720023404138,0.06570040022512173
18997,27997,Low,Medium,0.04207639753541013,0.0460574895047666,0.9118661129598232
23214,32214,Low,Low,0.02863931870337962,0.9126641860299842,0.05869649526663623
21101,30101,Medium,Medium,0.03513970743761195,0.039017564671932785,0.9258427278904553
36383,45383,Low,Low,0.035259771912522005,0.8992465040344587,0.06549372405301927
13742,22742,Medium,Medium,0.03787707393069243,0.03377990676623647,0.9283430193030711
32674,41674,Medium,Medium,0.05407840805595778,0.05006542617671448,0.8958561657673277
15877,24877,High,High,0.909233816731434,0.032123951544775035,0.05864223172379104
19543,28543,Medium,Medium,0.03870147247560501,0.04542165849661175,0.9158768690277833
2517,11517,Low,Low,0.24194259281820799,0.6627794677036284,0.09527793947816358
27501,36501,Low,Low,0.029902847475752087,0.9107160249876619,0.05938112753658592
26972,35972,Low,Low,0.02844608681614529,0.9097738956599685,0.0617800175238861
23947,32947,Medium,Medium,0.038682254546927725,0.04272234388274617,0.9185954015703262
3701,12701,Low,Low,0.026519011273871244,0.9181089663200144,0.05537202240611431
4334,13334,Low,Low,0.030823005160339978,0.9106622078583796,0.058514786981280396
16646,25646,Medium,Medium,0.03858315269713807,0.03854956107853999,0.922867286224322
9676,18676,Medium,Medium,0.03582284210241133,0.03821343500531877,0.9259637228922699
11973,20973,Low,Low,0.057817498750777595,0.7890719294688453,0.1531105717803771
1346,10346,Medium,Medium,0.03753179148653995,0.03941355341978355,0.9230546550936766
34838,43838,Medium,Medium,0.03858315269713807,0.03854956107853999,0.922867286224322
30517,39517,Low,Low,0.026505879581022795,0.9195007673213259,0.05399335309765119
18674,27674,Low,Low,0.02654429260526076,0.914274439029164,0.059181268365575114
10103,19103,High,High,0.9105304742758911,0.03129222067888829,0.05817730504522065
30457,39457,Medium,Medium,0.03306804394811813,0.03779936345938725,0.9291325925924947
26785,35785,High,High,0.9035551397064329,0.03786803903600567,0.05857682125756159
20727,29727,Low,Low,0.032690518113024945,0.9103547437938476,0.05695473809312749
27294,36294,Medium,Medium,0.03281925136883256,0.2861741898398473,0.6810065587913202
23537,32537,Low,Low,0.03211045330379801,0.9098423031401484,0.0580472435560536
10550,19550,Medium,Medium,0.0323691894618722,0.03512907352897616,0.9325017370091516
9235,18235,Low,Low,0.03147279055619165,0.9070449011544524,0.061482308289355934
47,9047,Low,Low,0.027030408381829418,0.8461966257324395,0.12677296588573106
36354,45354,High,High,0.9151704832411828,0.029548947488529265,0.055280569270287995
7155,16155,Medium,Medium,0.03119226087703726,0.03202516173994931,0.9367825773830134
22029,31029,Medium,Medium,0.030655267127080884,0.032759778898626836,0.9365849539742923
30794,39794,Low,Low,0.2704791160587955,0.6695068708023085,0.06001401313889603
29296,38296,Low,Low,0.02717625186400865,0.8031801017429409,0.1696436463930505
30941,39941,Low,Low,0.026505879581022795,0.9195007673213259,0.05399335309765119
16421,25421,Medium,Medium,0.03521811978298027,0.04235763637783694,0.9224242438391829
16622,25622,Medium,Medium,0.03858315269713807,0.03854956107853999,0.922867286224322
17102,26102,Medium,Medium,0.034048438793915205,0.03634953130100874,0.9296020299050761
256,9256,Medium,Medium,0.03325152648503275,0.04486197757423414,0.9218864959407331
13414,22414,Medium,High,0.5635451429670825,0.02896023953530218,0.40749461749761545
34534,43534,Medium,Medium,0.03468340724689576,0.03545921976967911,0.9298573729834251
24060,33060,Low,Low,0.03353216473863229,0.906575822677917,0.05989201258345062
2845,11845,Low,Low,0.0340132000876072,0.7129922280646568,0.25299457184773616
28464,37464,High,High,0.9066652505039617,0.03376696241760249,0.059567787078435776
29896,38896,Medium,Medium,0.03753179148653995,0.03941355341978355,0.9230546550936766
32628,41628,Medium,Medium,0.036637074907273005,0.03743524929608791,0.9259276757966391
1041,10041,Low,Low,0.02811421240816703,0.9160984227586851,0.0557873648331478
22437,31437,Medium,Medium,0.03858315269713807,0.03854956107853999,0.922867286224322
22197,31197,High,High,0.9090073783472509,0.032522470169061166,0.05847015148368794
31854,40854,Medium,Medium,0.03791968014826989,0.03620060503114854,0.9258797148205815
18681,27681,High,High,0.9112111055611182,0.03207878869866194,0.05671010574021982
22151,31151,Low,Low,0.032210768572188055,0.9038088599157369,0.06398037151207497
35159,44159,Medium,Medium,0.0342314121690724,0.03497423686169345,0.9307943509692341
27982,36982,High,High,0.9079120270709438,0.033174560695551615,0.05891341223350471
9068,18068,Low,Medium,0.032315524526718736,0.038336439629810426,0.9293480358434708
26952,35952,Medium,Medium,0.038682254546927725,0.04272234388274617,0.9185954015703262
33655,42655,High,High,0.9078842322134619,0.03432267120941295,0.05779309657712522
511,9511,Medium,Medium,0.032437409881745226,0.047231673185626266,0.9203309169326285
26428,35428,Medium,Medium,0.03527114626268923,0.03812634346140507,0.9266025102759058
20674,29674,Low,Low,0.029864457729047406,0.9104472457170932,0.05968829655385932
10288,19288,Medium,Medium,0.037995413681344604,0.035882437386814035,0.9261221489318414
38518,47518,Medium,Medium,0.03460767371382104,0.035777387414013616,0.9296149388721653
33418,42418,Medium,Medium,0.03605697829364052,0.04067480228756543,0.923268219418794
1206,10206,Low,Low,0.032306937305981505,0.9056660859863177,0.06202697670770075
9129,18129,High,High,0.9183275713898787,0.02854656487736677,0.05312586373275452
8999,17999,Low,Low,0.0992716844795292,0.8280744914146076,0.07265382410586313
29791,38791,Medium,Medium,0.036637074907273005,0.03743524929608791,0.9259276757966391
25807,34807,Medium,Medium,0.03973168845197802,0.03504297030605227,0.9252253412419696
21565,30565,Medium,Medium,0.0449460910458707,0.04696379508105783,0.9080901138730715
16340,25340,High,High,0.913461124040404,0.03068835669201193,0.05585051926758408
11086,20086,High,High,0.9068916888881448,0.033368443793316355,0.05973986731853887
36717,45717,Low,Low,0.030271272301229793,0.9096913355941769,0.060037392104593225
26237,35237,Medium,Medium,0.03858315269713807,0.03854956107853999,0.922867286224322
16647,25647,Low,Low,0.036389138933446454,0.8993585983628622,0.06425226270369128
6583,15583,Low,Low,0.026505879581022795,0.9195007673213259,0.05399335309765119
25394,34394,Medium,Medium,0.0457305986075405,0.047171275712554826,0.9070981256799047
14359,23359,Medium,Medium,0.03834180186268112,0.03976055408207312,0.9218976440552457
18144,27144,Medium,Medium,0.03527114626268923,0.03812634346140507,0.9266025102759058
1955,10955,High,High,0.9079120270709438,0.033174560695551615,0.05891341223350471
8987,17987,Medium,Medium,0.038886252591924804,0.046166305018743775,0.9149474423893315
22777,31777,Medium,Medium,0.026293840323421736,0.028771795854392216,0.9449343638221861
22050,31050,High,High,0.9059455444981147,0.034610132154841794,0.059444323347043554
31698,40698,Medium,Low,0.026991098511981868,0.6146463260436829,0.3583625754443353
28896,37896,Medium,Medium,0.03489568771305426,0.03779855984894713,0.9273057524379986
31297,40297,Medium,Medium,0.03753179148653995,0.03941355341978355,0.9230546550936766
6069,15069,High,High,0.9114307077388872,0.03173728315974118,0.056832009101371594
16972,25972,Medium,Medium,0.03834180186268112,0.03976055408207312,0.9218976440552457
333,9333,Medium,Medium,0.038886252591924804,0.046166305018743775,0.9149474423893315
20547,29547,Medium,Medium,0.02630277001093853,0.02986096477236298,0.9438362652166985
23641,32641,Medium,Medium,0.032437409881745226,0.047231673185626266,0.9203309169326285
39434,48434,Medium,Medium,0.041331531269212574,0.04351206562844506,0.9151564031023423
22904,31904,Medium,Medium,0.038886252591924804,0.046166305018743775,0.9149474423893315
8053,17053,High,High,0.9105506773061288,0.03192698767023717,0.05752233502363408
17424,26424,High,High,0.9087022828584801,0.036001449556639524,0.05529626758488044
37185,46185,Medium,Medium,0.032437409881745226,0.047231673185626266,0.9203309169326285
39518,48518,Medium,Medium,0.036637074907273005,0.03743524929608791,0.9259276757966391
23371,32371,Low,Low,0.03340491999985694,0.9033906494485234,0.06320443055161956
6421,15421,High,High,0.9136661347050139,0.030354237957591085,0.05597962733739509
38853,47853,Medium,Medium,0.03466186181981969,0.03503335869041295,0.9303047794897674
2149,11149,Medium,Medium,0.03527114626268923,0.03812634346140507,0.9266025102759058
13818,22818,Medium,Medium,0.04359613426055131,0.04022872203239709,0.9161751437070516
17385,26385,Low,Low,0.028410072462220586,0.9147626005235937,0.0568273270141856
32443,41443,Medium,Medium,0.03858315269713807,0.03854956107853999,0.922867286224322
5527,14527,High,High,0.9053099547035964,0.03678536713264225,0.057904678163761346
23798,32798,High,High,0.9073734389571079,0.034284975166476675,0.05834158587641544
11177,20177,High,High,0.9119415009952413,0.03177497920267746,0.05628351980208137
8032,17032,High,High,0.9096390472106256,0.03323999930604954,0.057120953483324965
33473,42473,Low,Low,0.027989533307527948,0.9162814927339112,0.05572897395856069
2147,11147,High,High,0.9085813639885213,0.035084058995637234,0.05633457701584161
9870,18870,Medium,Medium,0.03753179148653995,0.03941355341978355,0.9230546550936766
37362,46362,Low,Medium,0.12986804910837443,0.3269780357956762,0.5431539150959493
14593,23593,Low,Medium,0.037995413681344604,0.035882437386814035,0.9261221489318414
18959,27959,Medium,Medium,0.07916567987097929,0.3893757313148509,0.5314585888141699
9747,18747,Low,Low,0.02840401760482848,0.9156231599267749,0.0559728224683966
11054,20054,High,High,0.873312035623015,0.033721377235415635,0.09296658714156945
24249,33249,High,High,0.9091282539542714,0.03320230326311326,0.05766944278261519
19735,28735,Medium,Medium,0.04207639753541013,0.0460574895047666,0.9118661129598232
11882,20882,High,High,0.9108014961575028,0.03188953315357862,0.05730897068891843
30104,39104,Medium,Medium,0.03858315269713807,0.03854956107853999,0.922867286224322
29039,38039,Medium,Medium,0.03753179148653995,0.03941355341978355,0.9230546550936766
33886,42886,Low,Low,0.026505879581022795,0.9195007673213259,0.05399335309765119
25730,34730,Medium,Medium,0.03753179148653995,0.03941355341978355,0.9230546550936766
8039,17039,High,High,0.902285746064091,0.03098908555080247,0.06672516838510655
9690,18690,Medium,Medium,0.03753179148653995,0.03941355341978355,0.9230546550936766
856,9856,High,High,0.9112958581771932,0.031167728750685752,0.05753641307212113
36272,45272,High,High,0.9065735054910338,0.0338073809939868,0.05961911351497939
30711,39711,Medium,Medium,0.037716571602859746,0.04015819994191558,0.9221252284552247
15328,24328,Medium,Medium,0.02656894849097578,0.2931262841869376,0.6803047673220867
5807,14807,Low,Low,0.030271272301229793,0.9096913355941769,0.060037392104593225
39885,48885,High,High,0.9066652505039617,0.03376696241760249,0.059567787078435776
7232,16232,Medium,Medium,0.03709953591474418,0.03662118709119124,0.9262792769940645
35738,44738,Medium,Medium,0.03489737630266691,0.057179640244952055,0.907922983452381
4203,13203,High,High,0.9059455444981147,0.034610132154841794,0.059444323347043554
29121,38121,Medium,Medium,0.041735944851163526,0.043095699704093555,0.9151683554447428
27181,36181,Medium,Medium,0.036395724072816056,0.03864624229962105,0.9249580336275628
24996,33996,Medium,Medium,0.07172119677015408,0.04469464464349835,0.8835841585863475
2218,11218,High,High,0.9105557555601499,0.03461440445219157,0.05482983998765866
17434,26434,Medium,Medium,0.14629379656305494,0.02907402944392594,0.824632173993019
38616,47616,Medium,Low,0.05171877805544554,0.8497924520877557,0.09848876985679882
10804,19804,High,High,0.9073734389571079,0.034284975166476675,0.05834158587641544
21955,30955,Medium,Medium,0.03858315269713807,0.03854956107853999,0.922867286224322
20189,29189,Medium,Medium,0.19398001935795817,0.03824439243504944,0.7677755882069923
32142,41142,Medium,Medium,0.03858315269713807,0.03854956107853999,0.922867286224322
37673,46673,High,High,0.8244932801027821,0.08169090140843081,0.09381581848878705
5248,14248,Low,Low,0.07190038781101361,0.8545536256836933,0.07354598650529308
25549,34549,Medium,Medium,0.03318750694143554,0.0367469340286386,0.9300655590299258
32091,41091,Medium,Medium,0.03489737630266691,0.057179640244952055,0.907922983452381
34227,43227,High,High,0.9035551397064329,0.03786803903600567,0.05857682125756159
28053,37053,Low,Low,0.036389138933446454,0.8993585983628622,0.06425226270369128
22546,31546,Medium,Medium,0.25076440354012486,0.05304367635245486,0.6961919201074204
21012,30012,Low,Low,0.026585951437185295,0.9083237147715627,0.06509033379125191
6300,15300,High,High,0.875723882517585,0.0607266992424032,0.06354941824001166
19967,28967,Low,Low,0.03367990362696486,0.9056237860189907,0.06069631035404429
24202,33202,Medium,Medium,0.0457305986075405,0.047171275712554826,0.9070981256799047
34937,43937,High,High,0.9059455444981147,0.034610132154841794,0.059444323347043554
27337,36337,Medium,Medium,0.0376308933363296,0.043586336223989726,0.9187827704396807
14118,23118,Low,Low,0.026531469903475994,0.9159594498744625,0.05750908022206138
16344,25344,Medium,Medium,0.036510481760728825,0.039490737516223624,0.9239987807230475
37875,46875,High,High,0.9092833806644904,0.03255286325266422,0.05816375608284544
33952,42952,Medium,Medium,0.03776300846361236,0.03897014313858269,0.9232668483978049
8910,17910,Low,Low,0.028237765080116814,0.915185283856494,0.056576951063389135
36339,45339,High,High,0.9089997245698473,0.033269647898772674,0.057730627531380085
39806,48806,Medium,Medium,0.03066272311004215,0.03366848372432842,0.9356687931656295
33740,42740,Low,Low,0.02759717567804214,0.9109580868814287,0.06144473744052916
9116,18116,Medium,Medium,0.03834180186268112,0.03976055408207312,0.9218976440552457
13721,22721,High,High,0.9183275713898787,0.02854656487736677,0.05312586373275452
30972,39972,Medium,Medium,0.038886252591924804,0.046166305018743775,0.9149474423893315
3624,12624,Low,Low,0.028410072462220586,0.9147626005235937,0.0568273270141856
20687,29687,Low,Low,0.026505879581022795,0.9195007673213259,0.05399335309765119
13379,22379,Medium,Medium,0.03892632441342451,0.0289065492327743,0.9321671263538013
29651,38651,Medium,Medium,0.034765656820689605,0.03754609611900651,0.927688247060304
18816,27816,High,High,0.9056340275664962,0.03652234899255171,0.05784362344095201
8448,17448,High,High,0.9066652505039617,0.03376696241760249,0.059567787078435776
30745,39745,Medium,High,0.9057329129284813,0.03388747048818707,0.06037961658333152
37474,46474,High,High,0.7986355542234266,0.09746185942886613,0.10390258634770748
39809,48809,Low,Low,0.036389138933446454,0.8993585983628622,0.06425226270369128
23020,32020,Low,Low,0.033091612461193375,0.9054638517199568,0.06144453581884981
3374,12374,High,High,0.9090024591856997,0.032546340558688304,0.05845120025561221
605,9605,Low,Medium,0.03527114626268923,0.03812634346140507,0.9266025102759058
34358,43358,Medium,Medium,0.060618244533456274,0.0689677527510734,0.8704140027154703
39822,48822,High,High,0.912055596528231,0.031608305690535216,0.05633609778123392
23440,32440,Medium,Medium,0.026293840323421736,0.028771795854392216,0.9449343638221861
36007,45007,High,High,0.9068916888881448,0.033368443793316355,0.05973986731853887
4948,13948,Low,Low,0.03853753749286599,0.8996415848468869,0.061820877660247055
11891,20891,Medium,Medium,0.05334604764774592,0.2718432667017345,0.6748106856505195
11094,20094,Medium,Medium,0.035831798655386125,0.04921333967446324,0.9149548616701506
32888,41888,Medium,Medium,0.033615111596767826,0.03646105163950667,0.9299238367637255
17622,26622,High,High,0.9068916888881448,0.033368443793316355,0.05973986731853887
27692,36692,Medium,Medium,0.0392518497154469,0.03756210264125214,0.9231860476433008
20010,29010,Low,Medium,0.0449460910458707,0.04696379508105783,0.9080901138730715
37732,46732,Medium,Medium,0.036736176757062665,0.04160803210029409,0.9216557911426433
30735,39735,Medium,High,0.9073734389571079,0.034284975166476675,0.05834158587641544
29,9029,Low,Low,0.03941510958668498,0.8819830849901162,0.07860180542319885
13636,22636,Medium,Medium,0.03957475313052553,0.04150135185937027,0.9189238950101042
29762,38762,High,Medium,0.038261677050404334,0.040176390799617274,0.9215619321499783
22740,31740,Medium,Medium,0.08887886872426766,0.040478444786870675,0.8706426864888618
34611,43611,Medium,Medium,0.0376308933363296,0.043586336223989726,0.9187827704396807
7200,16200,Low,Low,0.041435588032134804,0.8929303275093895,0.06563408445847564
34740,43740,Medium,Medium,0.04047619533245145,0.03930601473323875,0.9202177899343099
2609,11609,High,High,0.9106617111904272,0.031798794556409916,0.057539494253162925
6489,15489,Low,Low,0.03340491999985694,0.9033906494485234,0.06320443055161956
19807,28807,Medium,Medium,0.0342314121690724,0.03497423686169345,0.9307943509692341
28743,37743,High,High,0.6685046214324623,0.26681701623509785,0.06467836233243986
12385,21385,Low,Low,0.026505879581022795,0.9195007673213259,0.05399335309765119
21860,30860,Low,Low,0.026505879581022795,0.9195007673213259,0.05399335309765119
25653,34653,Medium,Medium,0.03605697829364052,0.04067480228756543,0.923268219418794
24780,33780,High,High,0.9127237526361863,0.030842571762320633,0.05643367560149301
29405,38405,Low,Low,0.02958201184138219,0.911898921590148,0.05851906656846979
13805,22805,Medium,Medium,0.03753179148653995,0.03941355341978355,0.9230546550936766
8871,17871,Medium,High,0.9026138474086767,0.034461532629301274,0.06292461996202214
26921,35921,Medium,Medium,0.036395724072816056,0.03864624229962105,0.9249580336275628
36895,45895,Medium,Medium,0.038886252591924804,0.046166305018743775,0.9149474423893315
3636,12636,Low,Low,0.033091612461193375,0.9054638517199568,0.06144453581884981
1219,10219,High,Medium,0.03870147247560501,0.04542165849661175,0.9158768690277833
18390,27390,Medium,Medium,0.034643340379877485,0.04695977503366363,0.9183968845864589
19814,28814,Low,Low,0.026991826681945,0.877639096115168,0.09536907720288694
11218,20218,Medium,Medium,0.03753179148653995,0.03941355341978355,0.9230546550936766
39303,48303,High,High,0.9006197503788885,0.04261899323694601,0.05676125638416549
23550,32550,High,High,0.9150037904475505,0.029247153241958344,0.05574905631049116
32660,41660,Low,Low,0.030485921825736364,0.9103945752209109,0.059119502953352665
13159,22159,Low,Low,0.03499138932092644,0.9017258810131836,0.06328272966588984
21939,30939,Low,Low,0.09086280808629592,0.8497739012206972,0.05936329069300681
27122,36122,Low,Low,0.02658554067154416,0.910707980440881,0.06270647888757479
32383,41383,Medium,Medium,0.031085716777828176,0.032818900727346334,0.9360953824948255
22494,31494,Low,Medium,0.03423886815203366,0.03588294168739504,0.9298781901605713
4479,13479,Medium,Medium,0.036395724072816056,0.03864624229962105,0.9249580336275628
33904,42904,High,High,0.909233816731434,0.032123951544775035,0.05864223172379104
2237,11237,Low,Low,0.028410072462220586,0.9147626005235937,0.0568273270141856
26187,35187,High,Low,0.030385296940173695,0.9111416328203918,0.0584730702394344
39376,48376,High,High,0.8958883818092175,0.02867717972572339,0.07543443846505923
32643,41643,Low,Low,0.026505879581022795,0.9195007673213259,0.05399335309765119
31758,40758,High,High,0.9059455444981147,0.034610132154841794,0.059444323347043554
16679,25679,Medium,Medium,0.03639743097788712,0.043636592088238474,0.9199659769338745
7511,16511,High,High,0.9083195833471379,0.03304328680495124,0.05863712984791076
26884,35884,Medium,Medium,0.18906036220779707,0.31948739999543335,0.49145223779676966
36823,45823,Medium,Medium,0.0371734941764131,0.03363195635705754,0.9291945494665294
28162,37162,High,High,0.909257377179999,0.03251017289960153,0.058232449920399554
11610,20610,Medium,Medium,0.026293840323421736,0.028771795854392216,0.9449343638221861
38608,47608,Medium,Medium,0.07646247992700379,0.2803748724171072,0.643162647655889
3976,12976,High,High,0.89261260206306,0.046313664739201975,0.061073733197738046
27101,36101,High,High,0.9089997245698473,0.033269647898772674,0.057730627531380085
27917,36917,Medium,Medium,0.032299731376162134,0.04040121921530032,0.9272990494085375
23810,32810,Medium,Low,0.03256062139094363,0.8411017150823313,0.12633766352672496
24222,33222,Low,Low,0.027762206789743837,0.8851352343118428,0.0871025588984134
35985,44985,Medium,Medium,0.036395724072816056,0.03864624229962105,0.9249580336275628
16462,25462,High,High,0.9110147762545212,0.03266749290706116,0.05631773083841778
15920,24920,Low,Medium,0.03634655070384427,0.03731033070737075,0.9263431185887848
26860,35860,High,Medium,0.0376308933363296,0.043586336223989726,0.9187827704396807
19297,28297,Medium,Medium,0.14683217919138603,0.13598715735461073,0.7171806634540032
980,9980,Medium,Medium,0.033615111596767826,0.03646105163950667,0.9299238367637255
12463,21463,High,High,0.909233816731434,0.032123951544775035,0.05864223172379104
15381,24381,Medium,Medium,0.03384171758629398,0.03545394075045565,0.9307043416632504
24984,33984,High,High,0.9066652505039617,0.03376696241760249,0.059567787078435776
24500,33500,Medium,Medium,0.029950213315461726,0.0328369223149678,0.9372128643695704
2048,11048,Medium,Medium,0.03527114626268923,0.03812634346140507,0.9266025102759058
9794,18794,Medium,Medium,0.03791968014826989,0.03620060503114854,0.9258797148205815
18212,27212,Low,Low,0.03215627863218703,0.9072055292009374,0.060638192166875514
39677,48677,High,High,0.9125287864649237,0.030808864762596505,0.056662348772479824
31089,40089,High,Low,0.02834199362552205,0.9154098613841075,0.05624814499037036
27678,36678,Medium,Medium,0.03360618190925103,0.03537188272153591,0.9310219353692131
19153,28153,Medium,Medium,0.07005688007264739,0.07602869357144441,0.8539144263559081
14830,23830,Medium,Medium,0.026293840323421736,0.028771795854392216,0.9449343638221861
13060,22060,Medium,Medium,0.03753179148653995,0.03941355341978355,0.9230546550936766
28748,37748,Low,High,0.9136847354029124,0.02957445505265056,0.056740809544436964
7860,16860,High,High,0.9068916888881448,0.033368443793316355,0.05973986731853887
34860,43860,Low,Low,0.02834199362552205,0.9154098613841075,0.05624814499037036
22012,31012,Medium,Medium,0.03834180186268112,0.03976055408207312,0.9218976440552457
15260,24260,Low,Low,0.09243989592771734,0.8467126544077139,0.06084744966456864
1448,10448,Low,Low,0.032336442445589905,0.908665355005803,0.05899820254860702
14058,23058,Medium,Medium,0.043118875715284694,0.05093264425355817,0.9059484800311571
2798,11798,Low,Low,0.0769938005330734,0.8642590950306889,0.05874710443623766
25091,34091,Medium,Medium,0.04700021363936697,0.04870937206009327,0.9042904143005397
38637,47637,High,High,0.9109717687802031,0.031826152114473365,0.05720207910532357
6976,15976,Medium,Medium,0.03281170715400945,0.03270309608497335,0.9344851967610172
35861,44861,High,High,0.9167417424963197,0.02894935381165667,0.05430890369202371
26419,35419,Medium,Medium,0.03834180186268112,0.03976055408207312,0.9218976440552457
37496,46496,Low,Low,0.030012350431972715,0.912220815364134,0.057766834203893204
28836,37836,Medium,Medium,0.03527114626268923,0.03812634346140507,0.9266025102759058
19984,28984,Medium,Medium,0.030370054056554418,0.10356407337809209,0.8660658725653535
28918,37918,High,High,0.702171168123003,0.029264403250169272,0.2685644286268278
19827,28827,Medium,Medium,0.03776300846361236,0.03897014313858269,0.9232668483978049
27859,36859,Medium,Medium,0.035204633326925576,0.11319630777945916,0.8515990588936152
23263,32263,High,High,0.9066652505039617,0.03376696241760249,0.059567787078435776
31001,40001,Low,Low,0.030485921825736364,0.9103945752209109,0.059119502953352665
11484,20484,Low,Low,0.0272587670935904,0.9153779692180474,0.05736326368836219
32081,41081,Medium,Medium,0.035150109879082035,0.040163166374005854,0.9246867237469121
8551,17551,High,Medium,0.13947605257136866,0.1426400909491555,0.7178838564794758
21900,30900,Low,Low,0.036389138933446454,0.8993585983628622,0.06425226270369128
3304,12304,Low,Low,0.03659703480805503,0.611718939608478,0.35168402558346684
38487,47487,High,High,0.9115598309646146,0.031045152796229446,0.05739501623915596
38888,47888,High,High,0.9106278207153277,0.03163824664880405,0.05773393263586831
5811,14811,Low,Low,0.026505879581022795,0.9195007673213259,0.05399335309765119
37177,46177,Low,Low,0.027922799176061077,0.914780683632979,0.05729651719095994
33071,42071,High,High,0.9079120270709438,0.033174560695551615,0.05891341223350471
21688,30688,Low,Low,0.026505879581022795,0.9195007673213259,0.05399335309765119
29582,38582,High,High,0.9098129928205397,0.03234517880934407,0.05784182837011622
9692,18692,Low,Low,0.027989533307527948,0.9162814927339112,0.05572897395856069
23031,32031,Low,Low,0.03147279055619165,0.9070449011544524,0.061482308289355934
17616,26616,Medium,Medium,0.03306804394811813,0.03779936345938725,0.9291325925924947
18634,27634,Medium,Medium,0.036947638562341206,0.052137147236849625,0.9109152142008092
5260,14260,Medium,Medium,0.036736176757062665,0.04160803210029409,0.9216557911426433
32116,41116,Medium,Medium,0.04359613426055131,0.04022872203239709,0.9161751437070516
31374,40374,High,High,0.9057329129284813,0.03388747048818707,0.06037961658333152
17347,26347,High,High,0.9107663139521344,0.03174966253115987,0.057484023516705736
6095,15095,High,High,0.9066652505039617,0.03376696241760249,0.059567787078435776
26126,35126,Low,Low,0.037575465255836174,0.9049961354315176,0.057428399312646254
31787,40787,Low,Low,0.03268901062183663,0.8679423970303439,0.09936859234781936
1083,10083,Low,Medium,0.03605697829364052,0.04067480228756543,0.923268219418794
20947,29947,Medium,Medium,0.03509980000451333,0.03548553895976518,0.9294146610357216
38785,47785,Medium,Medium,0.03753179148653995,0.03941355341978355,0.9230546550936766
35235,44235,Medium,Medium,0.033965995055023505,0.039962206899450854,0.9260717980455256
9545,18545,Low,Low,0.028237765080116814,0.915185283856494,0.056576951063389135
23826,32826,Low,Low,0.03155955612766461,0.908404109987691,0.060036333884644244
7011,16011,Medium,Medium,0.0336255423707769,0.03700041709877781,0.9293740405304453
32109,41109,Medium,Medium,0.04007214113622463,0.03800476010672531,0.9219230987570501
18030,27030,Medium,Medium,0.04094191936091529,0.04422471600859435,0.9148333646304904
19628,28628,Low,Low,0.26438693043700845,0.6733769316533885,0.06223613790960298
18529,27529,Medium,Medium,0.08643923796904783,0.3534304904806524,0.5601302715502998
13655,22655,Low,Low,0.029463773804350182,0.9113068654315531,0.05922936076409671
34783,43783,Medium,High,0.9150037904475505,0.029247153241958344,0.05574905631049116
14484,23484,Low,Low,0.028615737703901644,0.8838735866834733,0.0875106756126251
26355,35355,High,High,0.9089997245698473,0.033269647898772674,0.057730627531380085
34834,43834,Medium,Medium,0.02635287149424077,0.036172095362116255,0.937475033143643
13149,22149,Medium,Medium,0.04207639753541013,0.0460574895047666,0.9118661129598232
27737,36737,Low,Low,0.02892912390004106,0.9121889231980739,0.05888195290188503
28840,37840,High,High,0.9078842322134619,0.03432267120941295,0.05779309657712522
22802,31802,Low,Low,0.03435469677240237,0.8987935737525402,0.06685172947505728
14842,23842,Low,Medium,0.03605697829364052,0.04067480228756543,0.923268219418794
28739,37739,Medium,Medium,0.03834180186268112,0.03976055408207312,0.9218976440552457
37437,46437,Medium,Medium,0.036736176757062665,0.04160803210029409,0.9216557911426433
30317,39317,Low,Low,0.030012350431972715,0.912220815364134,0.057766834203893204
36738,45738,High,High,0.9127237526361863,0.030842571762320633,0.05643367560149301
18394,27394,Low,Low,0.032306937305981505,0.9056660859863177,0.06202697670770075
34284,43284,Medium,Medium,0.035334889995401846,0.04090781289613788,0.9237572971084602
34156,43156,Low,Low,0.029366089841858293,0.9102686093421443,0.06036530081599741
24197,33197,Medium,Medium,0.02646798520137981,0.05217956188806461,0.9213524529105556
38280,47280,Medium,Medium,0.03791968014826989,0.03620060503114854,0.9258797148205815
29829,38829,High,High,0.9085335362510705,0.03261795361955652,0.05884851012937309
19421,28421,Medium,Medium,0.03590852036894148,0.034785298723244616,0.9293061809078139
33606,42606,Medium,Medium,0.03423886815203366,0.03588294168739504,0.9298781901605713
27953,36953,High,High,0.9076124084882121,0.03532034702927017,0.057067244482517744
30287,39287,Medium,Medium,0.03751623169290934,0.043318435784198944,0.9191653325228916
5090,14090,Low,Low,0.031050395923319526,0.8871800784377192,0.0817695256389613
36780,45780,Low,Low,0.02684440025657688,0.862689004513325,0.11046659523009798
32909,41909,Medium,Medium,0.03834180186268112,0.03976055408207312,0.9218976440552457
4663,13663,High,High,0.9066652505039617,0.03376696241760249,0.059567787078435776
11764,20764,High,High,0.9047867685384513,0.03512915884971251,0.0600840726118362
38671,47671,High,High,0.9035551397064329,0.03786803903600567,0.05857682125756159
17094,26094,Medium,Medium,0.032315524526718736,0.038336439629810426,0.9293480358434708
11171,20171,Medium,Medium,0.036637074907273005,0.03743524929608791,0.9259276757966391
34848,43848,High,High,0.8995758708906344,0.03224360329212505,0.06818052581724048
32250,41250,High,High,0.9107663139521344,0.03174966253115987,0.057484023516705736
31594,40594,Medium,Low,0.028410072462220586,0.9147626005235937,0.0568273270141856
18510,27510,High,High,0.9099458689598774,0.032027959537247234,0.0580261715028754
27840,36840,Medium,Medium,0.028748368779639166,0.03514272709269443,0.9361089041276665
23195,32195,High,Medium,0.03753179148653995,0.03941355341978355,0.9230546550936766
33787,42787,Medium,Medium,0.03753179148653995,0.03941355341978355,0.9230546550936766
9957,18957,Medium,Medium,0.03605697829364052,0.04067480228756543,0.923268219418794
33853,42853,Low,Low,0.026505879581022795,0.9195007673213259,0.05399335309765119
36594,45594,Medium,Medium,0.07646247992700379,0.2803748724171072,0.643162647655889
39723,48723,Low,Medium,0.03518546799615908,0.041554479743479214,0.9232600522603617
5519,14519,Medium,Medium,0.030070783846446725,0.04672329906328729,0.9232059170902659
17344,26344,High,High,0.9075025621828353,0.03359284480296494,0.058904593014199806
10674,19674,Medium,Medium,0.035150109879082035,0.040163166374005854,0.9246867237469121
1243,10243,Medium,Medium,0.03870147247560501,0.04542165849661175,0.9158768690277833
9319,18319,Low,Low,0.030271272301229793,0.9096913355941769,0.060037392104593225
37487,46487,Medium,Medium,0.038886252591924804,0.046166305018743775,0.9149474423893315
10500,19500,High,High,0.8429474925708306,0.09682654988830114,0.06022595754086832
19468,28468,Medium,Medium,0.15967895427148282,0.029471238047996978,0.8108498076805203
35208,44208,Medium,Medium,0.03320342065636567,0.03344046804785323,0.933356111295781
20158,29158,Medium,Medium,0.03334989907470931,0.031706729925459906,0.9349433709998308
23021,32021,Low,Low,0.026508983341831646,0.9191737602993397,0.05431725635882864
32692,41692,High,High,0.8742350273663773,0.03318146816773513,0.0925835044658876
19269,28269,Low,Low,0.03215627863218703,0.9072055292009374,0.060638192166875514
19005,28005,Medium,Medium,0.030669230171158312,0.2881254811723524,0.6812052886564893
20549,29549,Low,Low,0.030325657970636286,0.9101476130927008,0.05952672893666295
14933,23933,Low,Low,0.036389138933446454,0.8993585983628622,0.06425226270369128
31597,40597,Medium,Medium,0.03753179148653995,0.03941355341978355,0.9230546550936766
1477,10477,High,High,0.9073734389571079,0.034284975166476675,0.05834158587641544
19877,28877,Medium,Medium,0.03878715074213515,0.041993522214537594,0.9192193270433272
13786,22786,Medium,Medium,0.0376308933363296,0.043586336223989726,0.9187827704396807
17258,26258,Low,Low,0.026523072649321786,0.9170477771595684,0.05642915019110976
33718,42718,Medium,Medium,0.03590852036894148,0.034785298723244616,0.9293061809078139
22813,31813,Low,Low,0.062401866830489684,0.8552787690631152,0.08231936410639518
30339,39339,High,High,0.909233816731434,0.032123951544775035,0.05864223172379104
12226,21226,Low,Medium,0.02737609594205125,0.028786148206660842,0.9438377558512879
14311,23311,Low,Low,0.03347986077245769,0.9074358039292276,0.05908433529831464
28279,37279,Medium,Low,0.02835372219788029,0.8976583904200797,0.07398788738203997
14386,23386,Medium,Medium,0.09052308068687454,0.06289347814859907,0.8465834411645264
37293,46293,Medium,High,0.9065735054910338,0.0338073809939868,0.05961911351497939
19542,28542,High,Medium,0.034775862898316086,0.041379987798364104,0.9238441493033198
39330,48330,Medium,Medium,0.033192741050358,0.03738917355037854,0.9294180853992634
8993,17993,Low,Low,0.026967094617051966,0.9154856638955442,0.057547241487403734
17059,26059,Low,Low,0.03215627863218703,0.9072055292009374,0.060638192166875514
36849,45849,Low,Low,0.034409668081885225,0.9028704783242961,0.06271985359381865
36508,45508,Low,Low,0.026999996991677617,0.8039097155381406,0.16909028747018176
32344,41344,Medium,Medium,0.0449460910458707,0.04696379508105783,0.9080901138730715
27086,36086,Medium,Medium,0.026293840323421736,0.028771795854392216,0.9449343638221861
9315,18315,High,High,0.9019952421787499,0.03859857210697978,0.059406185714270233
35785,44785,Low,Low,0.026505879581022795,0.9195007673213259,0.05399335309765119
39890,48890,Medium,Medium,0.039020779925626504,0.03886875244796887,0.9221104676264047
36089,45089,Low,Low,0.03215627863218703,0.9072055292009374,0.060638192166875514
1155,10155,Low,Low,0.028410072462220586,0.9147626005235937,0.0568273270141856
16752,25752,Medium,Medium,0.026543673238516655,0.05916902441384181,0.9142873023476416
14735,23735,Medium,Medium,0.03281170715400945,0.03270309608497335,0.9344851967610172
25007,34007,Low,Low,0.028908602532194256,0.7324911269005775,0.2386002705672282
13048,22048,Medium,Medium,0.03283566593989407,0.03723249826355951,0.9299318357965465
4328,13328,High,High,0.6206302466916269,0.3242904223682305,0.055079330940142564
10485,19485,High,High,0.8843311244672218,0.05058607553044254,0.06508280000233564
13314,22314,Medium,Medium,0.03543990262145342,0.03765541524360161,0.926904682134945
13203,22203,High,High,0.9112498632373193,0.031117291793374035,0.057632844969306596
26036,35036,High,High,0.9053099547035964,0.03678536713264225,0.057904678163761346
6684,15684,Low,Low,0.03341936294339602,0.9005352512335209,0.06604538582308299
18104,27104,Low,Low,0.029048543918668606,0.5922522446043043,0.3786992114770271
38695,47695,High,High,0.9109776747800821,0.031606665951356194,0.05741565926856163
8030,17030,High,High,0.598875875756875,0.09889534517335874,0.30222877906976636
25504,34504,High,High,0.9091282539542714,0.03320230326311326,0.05766944278261519
34023,43023,Medium,Medium,0.04277486606133313,0.05396158750724208,0.9032635464314248
7309,16309,Medium,Medium,0.036736176757062665,0.04160803210029409,0.9216557911426433
23593,32593,Medium,Medium,0.03163410539963611,0.03629598762087333,0.9320699069794905
3444,12444,Medium,Medium,0.034765656820689605,0.03754609611900651,0.927688247060304
12802,21802,Low,Low,0.034409668081885225,0.9028704783242961,0.06271985359381865
5122,14122,High,High,0.9080916209840465,0.033144050894901196,0.05876432812105236
18656,27656,Low,Low,0.03499138932092644,0.9017258810131836,0.06328272966588984
1445,10445,Medium,Medium,0.0457305986075405,0.047171275712554826,0.9070981256799047
38757,47757,High,High,0.9093716983162278,0.031811247373759004,0.0588170543100133
15431,24431,Medium,Medium,0.02807317600404642,0.20979453073218737,0.7621322932637663
291,9291,Low,Low,0.033091612461193375,0.9054638517199568,0.06144453581884981
20921,29921,Low,High,0.9079120270709438,0.033174560695551615,0.05891341223350471
30273,39273,High,High,0.9082501330503163,0.032079499056474024,0.05967036789320974
33250,42250,Medium,Medium,0.11386160049540979,0.11803864105010509,0.7680997584544852
1622,10622,Medium,High,0.8782965817111954,0.02876093999842727,0.09294247829037731
20818,29818,Medium,Medium,0.0457305986075405,0.047171275712554826,0.9070981256799047
34761,43761,High,High,0.789516953254311,0.04817233976009943,0.16231070698558955
14669,23669,Medium,Medium,0.037290440652083,0.04062454642331669,0.9220850129246002
18343,27343,Medium,Medium,0.038680327241379896,0.035906962647295836,0.9254127101113242
8230,17230,Medium,Medium,0.026293840323421736,0.028771795854392216,0.9449343638221861
11330,20330,Low,Low,0.037575465255836174,0.9049961354315176,0.057428399312646254
33712,42712,High,Medium,0.026293840323421736,0.028771795854392216,0.9449343638221861
14114,23114,Medium,Medium,0.037995413681344604,0.035882437386814035,0.9261221489318414
17159,26159,Low,Low,0.2634515966080021,0.6751186091343692,0.0614297942576287
2179,11179,Medium,Medium,0.03791968014826989,0.03620060503114854,0.9258797148205815
20963,29963,Medium,Medium,0.03605697829364052,0.04067480228756543,0.923268219418794
8461,17461,Medium,Medium,0.10644701133723707,0.04187908218786027,0.8516739064749026
1440,10440,Medium,Medium,0.04801406528194641,0.049250257564100945,0.9027356771539526
14687,23687,Medium,Medium,0.06750428622677317,0.04010317052286305,0.8923925432503638
22684,31684,Low,Low,0.026674947842205837,0.8944209392134396,0.07890411294435466
27946,36946,Medium,Medium,0.03382648811805513,0.03893503829023836,0.9272384735917064
1080,10080,Medium,Medium,0.03834180186268112,0.03976055408207312,0.9218976440552457
4399,13399,High,Medium,0.026293840323421736,0.028771795854392216,0.9449343638221861
10879,19879,Low,Low,0.030131624778718186,0.9082938412833165,0.06157453393796525
5235,14235,Medium,Medium,0.03753179148653995,0.03941355341978355,0.9230546550936766
33565,42565,Medium,Medium,0.04182376751831537,0.3959576753371828,0.5622185571445018
2956,11956,Low,Low,0.0279926370683368,0.9159544857119251,0.05605287721973814
39899,48899,Medium,Medium,0.037290440652083,0.04062454642331669,0.9220850129246002
22564,31564,Medium,Low,0.225374526482783,0.7127516122723803,0.06187386124483674
24785,33785,Medium,Medium,0.02770702306839391,0.03219788413852337,0.9400950927930828
29327,38327,High,High,0.9097832385874001,0.03084293622087625,0.05937382519172382
27487,36487,Low,Low,0.029133782059748845,0.9128698522320802,0.05799636570817096
29049,38049,Low,Low,0.030271272301229793,0.9096913355941769,0.060037392104593225
11593,20593,Medium,Medium,0.03478018159828663,0.04190545610848471,0.9233143622932286
14368,23368,Medium,Medium,0.03605697829364052,0.04067480228756543,0.923268219418794
32198,41198,Medium,Medium,0.03834180186268112,0.03976055408207312,0.9218976440552457
36396,45396,Medium,Medium,0.03892632441342451,0.0289065492327743,0.9321671263538013
9434,18434,Low,Low,0.02653435030720744,0.9156499055111605,0.0578157441816319
29177,38177,High,High,0.9156540449974161,0.028854266608435614,0.05549168839414833
36658,45658,Low,Low,0.03545380510444011,0.9011002758438429,0.06344591905171698
4250,13250,Low,Low,0.026505879581022795,0.9195007673213259,0.05399335309765119
23112,32112,High,High,0.9122879968031666,0.03078346728870591,0.05692853590812757
22480,31480,High,High,0.9025039011463907,0.03815288157465179,0.059343217278957555
1836,10836,High,High,0.9099704053336705,0.028563162331140757,0.06146643233518876
12204,21204,Medium,Medium,0.03870147247560501,0.04542165849661175,0.9158768690277833
6782,15782,Medium,Medium,0.03860545411496925,0.08213436878528903,0.8792601770997418
17790,26790,Medium,Medium,0.07525685494893576,0.20101281704548055,0.7237303280055837
38997,47997,High,High,0.8438105358082288,0.08662696595399087,0.06956249823778031
23253,32253,Medium,Medium,0.027860627866911628,0.03239077444795105,0.9397485976851373
10172,19172,Low,Low,0.026505879581022795,0.9195007673213259,0.05399335309765119
7543,16543,Medium,Medium,0.026293840323421736,0.028771795854392216,0.9449343638221861
6328,15328,Low,Medium,0.026551975562091823,0.28977982394869123,0.6836682004892171
19008,28008,Medium,Medium,0.11186678305844429,0.02933660266126642,0.8587966142802893
33770,42770,High,High,0.7578687405004135,0.16241987893065965,0.07971138056892692
33303,42303,Low,Low,0.028410072462220586,0.9147626005235937,0.0568273270141856
29704,38704,Low,Low,0.033091612461193375,0.9054638517199568,0.06144453581884981
6029,15029,Low,Low,0.031314869347775304,0.8998776954874677,0.06880743516475699
26655,35655,Medium,Medium,0.026293840323421736,0.028771795854392216,0.9449343638221861
10120,19120,Low,Low,0.02840401760482848,0.9156231599267749,0.0559728224683966
21109,30109,High,Low,0.030447130364203653,0.8886521421245348,0.08090072751126144
30709,39709,High,High,0.9099458689598774,0.032027959537247234,0.0580261715028754
28615,37615,Low,High,0.9019952421787499,0.03859857210697978,0.059406185714270233
4056,13056,Low,Medium,0.029867614402193755,0.02881209729797989,0.9413202882998263
29920,38920,Medium,Low,0.02867276151361224,0.910353441357902,0.060973797128485795
20510,29510,Low,Medium,0.026769796691616513,0.24755373910830103,0.7256764642000825
26892,35892,High,High,0.812799941854141,0.11722581767265272,0.0699742404732064
27324,36324,High,High,0.9065128135532786,0.03322301943800529,0.06026416700871626
31063,40063,Low,Medium,0.026293840323421736,0.028771795854392216,0.9449343638221861
32223,41223,Medium,Medium,0.052662501068142915,0.3235093276912227,0.6238281712406344
13622,22622,Medium,Medium,0.03849747443060792,0.04197769736061413,0.919524828208778
19772,28772,High,High,0.9088581714609738,0.031932872334026176,0.059208956205000024
33515,42515,Medium,Medium,0.034765656820689605,0.03754609611900651,0.927688247060304
6940,15940,Low,Low,0.032847461120712136,0.9067411671763802,0.060411371702907536
35069,44069,Low,Low,0.026505879581022795,0.9195007673213259,0.05399335309765119
39763,48763,Medium,Medium,0.029867614402193755,0.02881209729797989,0.9413202882998263
1647,10647,High,High,0.9099458689598774,0.032027959537247234,0.0580261715028754
17915,26915,Medium,Medium,0.03119226087703726,0.03202516173994931,0.9367825773830134
14577,23577,Medium,Medium,0.026293840323421736,0.028771795854392216,0.9449343638221861
9117,18117,High,High,0.9136875499535387,0.030352148210033614,0.0559603018364277
38479,47479,Low,Low,0.030023672605282586,0.9106087481869295,0.05936757920778798
26017,35017,Medium,Medium,0.03509980000451333,0.03548553895976518,0.9294146610357216
27208,36208,Low,Low,0.03025340878405794,0.9121589548828756,0.05758763633306649
17613,26613,High,High,0.9106278207153277,0.03163824664880405,0.05773393263586831
33429,42429,Low,Low,0.026962037444433522,0.8245941868974093,0.14844377565815728
27966,36966,Medium,Medium,0.03147915599707149,0.03217898185872218,0.9363418621442063
27312,36312,High,High,0.9105506773061288,0.03192698767023717,0.05752233502363408
4985,13985,Medium,Medium,0.03605697829364052,0.04067480228756543,0.923268219418794
23481,32481,Low,Low,0.03324227113498785,0.9039244085053371,0.06283332035967504
36038,45038,Low,Low,0.03025340878405794,0.9121589548828756,0.05758763633306649
12638,21638,Medium,Medium,0.03479208487196419,0.056006377463990974,0.9092015376640449
23162,32162,Medium,Medium,0.033279154189440385,0.03312230040351872,0.9335985454070409
1005,10005,Medium,High,0.9099458689598774,0.032027959537247234,0.0580261715028754
4268,13268,Low,Medium,0.038682254546927725,0.04272234388274617,0.9185954015703262
22083,31083,High,High,0.9127237526361863,0.030842571762320633,0.05643367560149301
25427,34427,Medium,Medium,0.03706949091964947,0.03908681549379159,0.9238436935865589
30526,39526,Medium,Medium,0.03944786677389592,0.04245729605310957,0.9180948371729944
3990,12990,Medium,Medium,0.043695236110340964,0.04440150483660327,0.9119032590530557
5250,14250,Medium,Medium,0.03858315269713807,0.03854956107853999,0.922867286224322
35558,44558,Low,Low,0.026505879581022795,0.9195007673213259,0.05399335309765119
13359,22359,Low,Low,0.030023672605282586,0.9106087481869295,0.05936757920778798
28043,37043,Medium,Medium,0.033192741050358,0.03738917355037854,0.9294180853992634
9303,18303,Medium,Medium,0.03859518438659174,0.04415182800687742,0.9172529876065308
11704,20704,Medium,Medium,0.040520649111429836,0.0458976911117547,0.9135816597768155
14176,23176,High,High,0.9083362763104722,0.03404967359099818,0.05761405009852963
21429,30429,Low,Low,0.05371812721789443,0.7962968650481884,0.1499850077339172
26404,35404,Low,Low,0.0769938005330734,0.8642590950306889,0.05874710443623766
21606,30606,High,High,0.8438105358082288,0.08662696595399087,0.06956249823778031
23351,32351,Medium,Medium,0.03740994360389608,0.042048605294464615,0.9205414511016392
27600,36600,High,High,0.911478002056627,0.031120332535120646,0.05740166540825243
9174,18174,Medium,Medium,0.03753179148653995,0.03941355341978355,0.9230546550936766
31974,40974,Low,Low,0.033091612461193375,0.9054638517199568,0.06144453581884981
11052,20052,Medium,Medium,0.03163410539963611,0.03629598762087333,0.9320699069794905
36487,45487,High,High,0.9080750407717706,0.032642978239645744,0.05928198098858368
34163,43163,Medium,Low,0.17346489109982824,0.7496889216574022,0.07684618724276954
22333,31333,High,High,0.9053099547035964,0.03678536713264225,0.057904678163761346
38472,47472,Medium,Medium,0.03858315269713807,0.03854956107853999,0.922867286224322
10924,19924,Low,Low,0.03324227113498785,0.9039244085053371,0.06283332035967504
37269,46269,Low,Low,0.03324227113498785,0.9039244085053371,0.06283332035967504
37707,46707,Low,Low,0.033685958484356966,0.9047632266158097,0.061550814899833294
38939,47939,Medium,Medium,0.03753179148653995,0.03941355341978355,0.9230546550936766
9549,18549,Medium,Medium,0.03605697829364052,0.04067480228756543,0.923268219418794
22350,31350,Medium,Medium,0.0370801629492318,0.05664478111497497,0.9062750559357933
20781,29781,Medium,Medium,0.03605697829364052,0.04067480228756543,0.923268219418794
11293,20293,High,High,0.9019952421787499,0.03859857210697978,0.059406185714270233
28388,37388,Low,Low,0.036389138933446454,0.8993585983628622,0.06425226270369128
10944,19944,Medium,Medium,0.03858315269713807,0.03854956107853999,0.922867286224322
15782,24782,High,High,0.9136875499535387,0.030352148210033614,0.0559603018364277
32836,41836,Medium,Medium,0.026293840323421736,0.028771795854392216,0.9449343638221861
18573,27573,Medium,Medium,0.03791968014826989,0.03620060503114854,0.9258797148205815
14183,23183,Medium,Medium,0.03834180186268112,0.03976055408207312,0.9218976440552457
15844,24844,Medium,Medium,0.03510610950493621,0.04050788591967955,0.9243860045753843
13837,22837,High,High,0.9068916888881448,0.033368443793316355,0.05973986731853887
27114,36114,Medium,Medium,0.03479208487196419,0.056006377463990974,0.9092015376640449
5561,14561,Medium,Medium,0.03527114626268923,0.03812634346140507,0.9266025102759058
6057,15057,High,High,0.9065735054910338,0.0338073809939868,0.05961911351497939
1701,10701,Medium,Medium,0.03363185138753516,0.032282514024930646,0.9340856345875341
34511,43511,Low,Low,0.049167600179966,0.8954335322458608,0.055398867574173095
27226,36226,Low,Low,0.23832996974710163,0.6816735801774668,0.0799964500754316
16091,25091,High,High,0.9059455444981147,0.034610132154841794,0.059444323347043554
5070,14070,Low,Low,0.03347986077245769,0.9074358039292276,0.05908433529831464
24320,33320,Medium,Medium,0.033615111596767826,0.03646105163950667,0.9299238367637255
1113,10113,Low,Low,0.033091612461193375,0.9054638517199568,0.06144453581884981
18276,27276,Medium,Medium,0.03605697829364052,0.04067480228756543,0.923268219418794
13265,22265,High,High,0.9073734389571079,0.034284975166476675,0.05834158587641544
10232,19232,High,High,0.9053099547035964,0.03678536713264225,0.057904678163761346
26982,35982,Medium,Medium,0.0406680587203444,0.041163109581053604,0.918168831698602
19919,28919,Low,Low,0.03324227113498785,0.9039244085053371,0.06283332035967504
34440,43440,Low,Low,0.03145296552083201,0.9100700036624936,0.058477030816674325
810,9810,Low,Low,0.030547945805042786,0.9106078737635782,0.05884418043137891
9018,18018,Medium,Medium,0.026293840323421736,0.028771795854392216,0.9449343638221861
16319,25319,High,High,0.909233816731434,0.032123951544775035,0.05864223172379104
37524,46524,Medium,Medium,0.14873628629170596,0.047824636936098765,0.8034390767721954
37842,46842,Low,Low,0.030485921825736364,0.9103945752209109,0.059119502953352665
31018,40018,High,High,0.8571144938028802,0.041976914135372835,0.10090859206174696
5512,14512,High,High,0.91315800572848,0.030934081990507734,0.05590791228101231
11307,20307,Medium,Medium,0.03858315269713807,0.03854956107853999,0.922867286224322
1360,10360,Medium,Medium,0.03318750694143554,0.0367469340286386,0.9300655590299258
22671,31671,High,High,0.908018775504582,0.03250188807038731,0.059479336425030914
36296,45296,Medium,Medium,0.026866397538398482,0.1680626334233659,0.8050709690382356
29620,38620,Medium,Medium,0.03753179148653995,0.03941355341978355,0.9230546550936766
39586,48586,Medium,Medium,0.038682254546927725,0.04272234388274617,0.9185954015703262
22901,31901,Medium,Medium,0.02737609594205125,0.028786148206660842,0.9438377558512879
33407,42407,High,Medium,0.03284606838136416,0.03837809996563258,0.9287758316530033
27202,36202,Low,Low,0.02938778948785663,0.9110873945343791,0.059524815977764246
31301,40301,Medium,Medium,0.036510481760728825,0.039490737516223624,0.9239987807230475
14784,23784,Medium,High,0.9059455444981147,0.034610132154841794,0.059444323347043554
22992,31992,Medium,Medium,0.03325152648503275,0.04486197757423414,0.9218864959407331
6636,15636,High,Medium,0.041331531269212574,0.04351206562844506,0.9151564031023423
35616,44616,Medium,Medium,0.08728039118805281,0.16699349025155796,0.7457261185603893
29002,38002,Medium,Medium,0.03363185138753516,0.032282514024930646,0.9340856345875341
9423,18423,Low,Low,0.03545380510444011,0.9011002758438429,0.06344591905171698
16742,25742,Medium,Medium,0.08887886872426766,0.040478444786870675,0.8706426864888618
5589,14589,Medium,Medium,0.08635408489287427,0.03739999448256049,0.8762459206245653
31535,40535,Low,Low,0.20027401884018717,0.656830035004024,0.1428959461557887
26008,35008,Low,Low,0.07163730105830592,0.776121060815063,0.15224163812663102
8363,17363,High,High,0.909233816731434,0.032123951544775035,0.05864223172379104
29181,38181,Medium,Medium,0.041331531269212574,0.04351206562844506,0.9151564031023423
11105,20105,Medium,Medium,0.03582284210241133,0.03821343500531877,0.9259637228922699
37483,46483,Medium,Medium,0.0457305986075405,0.047171275712554826,0.9070981256799047
5925,14925,Low,Low,0.03545380510444011,0.9011002758438429,0.06344591905171698
19509,28509,Medium,Medium,0.034329122125056226,0.03714836750795674,0.928522510366987
12277,21277,High,High,0.9073734389571079,0.034284975166476675,0.05834158587641544
13917,22917,Medium,Medium,0.049065426492544535,0.04838626522285738,0.9025483082845981
38575,47575,High,High,0.81572146661104,0.11432717809296418,0.06995135529599587
32850,41850,High,High,0.909233816731434,0.032123951544775035,0.05864223172379104
38364,47364,High,Low,0.030012350431972715,0.912220815364134,0.057766834203893204
15511,24511,Low,Low,0.02840401760482848,0.9156231599267749,0.0559728224683966
25638,34638,Medium,Medium,0.13310723033699637,0.04019269247026407,0.8267000771927395
32014,41014,Low,Low,0.033091612461193375,0.9054638517199568,0.06144453581884981
484,9484,High,Medium,0.03753179148653995,0.03941355341978355,0.9230546550936766
16060,25060,Medium,Medium,0.037290440652083,0.04062454642331669,0.9220850129246002
10985,19985,Medium,Medium,0.0710956991765352,0.03598932199763414,0.8929149788258307
27130,36130,Medium,Medium,0.03509980000451333,0.03548553895976518,0.9294146610357216
32547,41547,Medium,Medium,0.02691022384893044,0.32280730284426995,0.6502824733067997
39341,48341,High,High,0.9057329129284813,0.03388747048818707,0.06037961658333152
4491,13491,Medium,Medium,0.03404533627308972,0.056813173393647054,0.9091414903332633
31996,40996,High,High,0.9084694650072658,0.03118379619870237,0.060346738794031816
10368,19368,High,High,0.9112958581771932,0.031167728750685752,0.05753641307212113
2348,11348,Medium,Medium,0.038682254546927725,0.04272234388274617,0.9185954015703262
22449,31449,Medium,Medium,0.035150109879082035,0.040163166374005854,0.9246867237469121
37332,46332,High,Medium,0.03384171758629398,0.03545394075045565,0.9307043416632504
25164,34164,Medium,High,0.8028176627425968,0.08019111795237845,0.11699121930502483
13279,22279,Low,Low,0.03215627863218703,0.9072055292009374,0.060638192166875514
27040,36040,High,High,0.90525443469652,0.03798706537583094,0.056758499927648955
18480,27480,High,Medium,0.03605697829364052,0.04067480228756543,0.923268219418794
35885,44885,Medium,Medium,0.031666757186457305,0.03709914425523105,0.9312340985583116
14523,23523,High,Medium,0.04335478342609436,0.041439715035930226,0.9152055015379753
5081,14081,High,High,0.9141562070751098,0.03126093039624451,0.05458286252864581
5655,14655,Low,Low,0.033091612461193375,0.9054638517199568,0.06144453581884981
13489,22489,High,High,0.9106617111904272,0.031798794556409916,0.057539494253162925
18068,27068,Low,Low,0.02654914666511296,0.913703575489925,0.05974727784496201
35854,44854,Low,Low,0.03324227113498785,0.9039244085053371,0.06283332035967504
25245,34245,High,Low,0.2293356784879059,0.7108041783518453,0.05986014316024877
11235,20235,High,High,0.9100742283592415,0.0337518741606965,0.056173897480062164
36950,45950,High,High,0.9073734389571079,0.034284975166476675,0.05834158587641544
38741,47741,High,High,0.9047867685384513,0.03512915884971251,0.0600840726118362
36979,45979,Medium,Medium,0.03119226087703726,0.03202516173994931,0.9367825773830134
38491,47491,Medium,Medium,0.03776300846361236,0.03897014313858269,0.9232668483978049
18265,27265,Medium,Medium,0.03605697829364052,0.04067480228756543,0.923268219418794
14701,23701,Low,Low,0.20144615734215654,0.6587788629349447,0.13977497972289873
11400,20400,Medium,Medium,0.036306483715731745,0.03604677638022602,0.9276467399040422
32253,41253,High,High,0.9068916888881448,0.033368443793316355,0.05973986731853887
26238,35238,High,High,0.8787526300980565,0.030885127350610428,0.09036224255133313
12744,21744,Low,Low,0.03340491999985694,0.9033906494485234,0.06320443055161956
39160,48160,Medium,Medium,0.03858315269713807,0.03854956107853999,0.922867286224322
21417,30417,Low,Low,0.033091612461193375,0.9054638517199568,0.06144453581884981
11066,20066,Medium,Medium,0.035007007655146555,0.036335103115473374,0.9286578892293802
39636,48636,Low,Low,0.05552909344522853,0.6064600188643774,0.33801088769039406
36169,45169,Medium,Medium,0.03466957480930283,0.040110157308629775,0.9252202678820675
4861,13861,Medium,Low,0.02784721982191585,0.5530404391499311,0.41911234102815315
15986,24986,High,High,0.9109717687802031,0.031826152114473365,0.05720207910532357
25825,34825,Low,Low,0.029929585883775558,0.9071031518840119,0.06296726223221244
11223,20223,Low,Low,0.026505879581022795,0.9195007673213259,0.05399335309765119
27712,36712,Medium,Medium,0.032337883319086456,0.03218593782430038,0.9354761788566132
1198,10198,Medium,Medium,0.04207639753541013,0.0460574895047666,0.9118661129598232
35751,44751,Medium,Medium,0.0371752694478189,0.03630301944685673,0.9265217111053244
771,9771,Medium,Medium,0.0346641561482836,0.31623531009791545,0.649100533753801
6781,15781,Medium,Medium,0.03858315269713807,0.03854956107853999,0.922867286224322
19593,28593,Medium,Medium,0.032491171752694344,0.0316997739598817,0.9358090542874239
33826,42826,Low,Low,0.029241476265011418,0.9063493789414198,0.0644091447935688
13487,22487,High,High,0.9091282539542714,0.03320230326311326,0.05766944278261519
26801,35801,Medium,Medium,0.027860627866911628,0.03239077444795105,0.9397485976851373
35757,44757,Medium,Medium,0.041735944851163526,0.043095699704093555,0.9151683554447428
27562,36562,Low,Low,0.029770707055747442,0.690323747347993,0.2799055455962595
10390,19390,High,High,0.9079120270709438,0.033174560695551615,0.05891341223350471
32868,41868,Medium,Medium,0.03590852036894148,0.034785298723244616,0.9293061809078139
35851,44851,Medium,Medium,0.031106582610507114,0.035453298022023454,0.9334401193674694
2321,11321,Low,Low,0.030485921825736364,0.9103945752209109,0.059119502953352665
20400,29400,Medium,Medium,0.041735944851163526,0.043095699704093555,0.9151683554447428
28575,37575,Medium,Medium,0.04047619533245145,0.03930601473323875,0.9202177899343099
12493,21493,High,High,0.9119415009952413,0.03177497920267746,0.05628351980208137
35877,44877,High,High,0.9098201695621043,0.03299135089268531,0.05718847954521042
38262,47262,Medium,Medium,0.03839296711754867,0.03522422920108591,0.9263828036813654
32594,41594,Low,Low,0.0317222049925337,0.9078703509308775,0.06040744407658877
24457,33457,Medium,Medium,0.03776300846361236,0.03897014313858269,0.9232668483978049
23991,32991,Low,Low,0.07304194411996713,0.8555729170951479,0.07138513878488488
39973,48973,Low,Medium,0.03639743097788712,0.043636592088238474,0.9199659769338745
2599,11599,Medium,Medium,0.041331531269212574,0.04351206562844506,0.9151564031023423
13778,22778,Medium,Medium,0.0313295129278447,0.03286909802322194,0.9358013890489333
436,9436,Low,Low,0.02945204661775766,0.9128776713182786,0.05767028206396375
31439,40439,High,High,0.9089997245698473,0.033269647898772674,0.057730627531380085
3419,12419,High,Low,0.03304578713280436,0.9081006256591677,0.05885358720802789
27121,36121,High,High,0.916316424437969,0.02901112772067714,0.05467244784135398
16971,25971,Low,Low,0.028414374744128234,0.9141489837776843,0.05743664147818741
36029,45029,Low,Low,0.02896751364674574,0.9124577024686426,0.05857478388461163
5213,14213,High,High,0.9112958581771932,0.031167728750685752,0.05753641307212113
29278,38278,Medium,Medium,0.03753179148653995,0.03941355341978355,0.9230546550936766
22189,31189,High,High,0.9091282539542714,0.03320230326311326,0.05766944278261519
26721,35721,Low,Low,0.059060836584921526,0.8604429966870696,0.08049616672800904
37611,46611,High,High,0.9128971381565538,0.030415749354259825,0.05668711248918642
36543,45543,Medium,Medium,0.03204669954160389,0.04790194698679102,0.9200513534716052
30480,39480,Medium,Medium,0.03753179148653995,0.03941355341978355,0.9230546550936766
34781,43781,Medium,Medium,0.03548633948220603,0.03646735844026872,0.9280463020775253
27363,36363,Low,Low,0.030152326338051243,0.9120334720306943,0.057814201631254475
30500,39500,Medium,High,0.6202698962321047,0.051088178139512115,0.3286419256283832
37329,46329,High,High,0.8717104255346279,0.06917989923922911,0.05910967522614304
29998,38998,High,High,0.9047867685384513,0.03512915884971251,0.0600840726118362
36085,45085,Low,Low,0.028648997820705152,0.9137667551718737,0.05758424700742116
34797,43797,Medium,Medium,0.037290440652083,0.04062454642331669,0.9220850129246002
3752,12752,High,High,0.9057329129284813,0.03388747048818707,0.06037961658333152
11100,20100,Medium,Medium,0.04047619533245145,0.03930601473323875,0.9202177899343099
31216,40216,Medium,Medium,0.048033573870724634,0.40829645120695757,0.5436699749223178
4060,13060,High,High,0.9090569422803073,0.032951381876950354,0.05799167584274235
19464,28464,Low,Low,0.02811421240816703,0.9160984227586851,0.0557873648331478
37025,46025,Low,Low,0.030889154012553547,0.9069821556345685,0.06212869035287799
23560,32560,Low,Low,0.027037031711325998,0.6078584767406835,0.3651044915479907
15587,24587,Medium,High,0.7777489693888809,0.031203823733146896,0.19104720687797228
25793,34793,Low,Low,0.050763993341287915,0.5055692401801269,0.44366676647858516
24931,33931,Low,Low,0.030012350431972715,0.912220815364134,0.057766834203893204
29655,38655,High,High,0.9112958581771932,0.031167728750685752,0.05753641307212113
9600,18600,Low,Low,0.033091612461193375,0.9054638517199568,0.06144453581884981
14825,23825,Low,Low,0.033091612461193375,0.9054638517199568,0.06144453581884981
38580,47580,Medium,Medium,0.03776300846361236,0.03897014313858269,0.9232668483978049
31712,40712,Medium,Medium,0.032337883319086456,0.03218593782430038,0.9354761788566132
31681,40681,High,High,0.9013824270655602,0.036518371595037326,0.06209920133940258
35080,44080,High,Medium,0.026293840323421736,0.028771795854392216,0.9449343638221861
29566,38566,High,High,0.9090073783472509,0.032522470169061166,0.05847015148368794
15940,24940,High,High,0.9007406692488473,0.04353638379794831,0.055722946953204316
36482,45482,Low,Low,0.028642942963313045,0.9146273145750548,0.05672974246163217
31399,40399,Low,Low,0.04789570311021174,0.8083288757064158,0.14377542118337253
32578,41578,Medium,Medium,0.11573131263072549,0.21127974590771056,0.672988941461564
15409,24409,Medium,Medium,0.02770702306839391,0.03219788413852337,0.9400950927930828
1689,10689,Medium,Medium,0.033924739417561696,0.10950563516196908,0.8565696254204692
31988,40988,High,High,0.8779168034745973,0.05889260915882688,0.06319058736657591
39549,48549,High,High,0.9147724329018162,0.029669542255871623,0.05555802484231234
33063,42063,High,High,0.9138774383438837,0.03044365888594981,0.05567890277016657
5458,14458,Medium,Medium,0.026293840323421736,0.028771795854392216,0.9449343638221861
1985,10985,Medium,Medium,0.03858315269713807,0.03854956107853999,0.922867286224322
7723,16723,Low,High,0.9125287864649237,0.030808864762596505,0.056662348772479824
9989,18989,Low,Low,0.026961351655448274,0.8297365241921971,0.14330212415235458
13249,22249,Medium,Medium,0.028512511674251242,0.14461903047972405,0.8268684578460247
4749,13749,Low,Low,0.03324227113498785,0.9039244085053371,0.06283332035967504
35422,44422,Medium,Medium,0.041377568240270474,0.04242187259119545,0.916200559168534
6982,15982,High,High,0.9156540449974161,0.028854266608435614,0.05549168839414833
5748,14748,Medium,Medium,0.036637074907273005,0.03743524929608791,0.9259276757966391
38229,47229,High,High,0.9128971381565538,0.030415749354259825,0.05668711248918642
16670,25670,Medium,Medium,0.057839221270356546,0.04109059325343627,0.9010701854762072
12960,21960,High,High,0.6747891736708712,0.02930458489451934,0.29590624143460936
31338,40338,High,High,0.6502444215090071,0.24446802802396728,0.10528755046702565
24040,33040,High,High,0.9098223386526577,0.03276457980643999,0.0574130815409023
30408,39408,Medium,Medium,0.15632247423419107,0.04272554221017203,0.8009519835556369
24115,33115,Low,Low,0.029709844464203206,0.908636193915183,0.06165396162061376
21652,30652,Medium,Medium,0.0416382348951797,0.04092156905783027,0.9174401960469899
28395,37395,Medium,Low,0.03324227113498785,0.9039244085053371,0.06283332035967504
29956,38956,Medium,Medium,0.0457305986075405,0.047171275712554826,0.9070981256799047
8251,17251,Medium,Medium,0.04081426168766123,0.1587556094083957,0.8004301289039432
14976,23976,Low,Low,0.03744558631567794,0.8403057541966644,0.12224865948765758
32598,41598,High,High,0.8982994931071987,0.037031845236173234,0.06466866165662828
12007,21007,High,Medium,0.03468340724689576,0.03545921976967911,0.9298573729834251
38142,47142,Medium,Medium,0.029867614402193755,0.02881209729797989,0.9413202882998263
21978,30978,High,Low,0.030271272301229793,0.9096913355941769,0.060037392104593225
20311,29311,Medium,Medium,0.03944786677389592,0.04245729605310957,0.9180948371729944
4800,13800,High,High,0.8685628582852368,0.04800604797415261,0.08343109374061064
7140,16140,Medium,Medium,0.03500269786888562,0.038634017065361466,0.9263632850657529
15479,24479,Medium,Medium,0.0416382348951797,0.04092156905783027,0.9174401960469899
2002,11002,Medium,Medium,0.1060002705639772,0.037647461897452904,0.8563522675385699
4997,13997,High,High,0.9068916888881448,0.033368443793316355,0.05973986731853887
17068,26068,High,High,0.9112958581771932,0.031167728750685752,0.05753641307212113
32876,41876,Low,Low,0.028414374744128234,0.9141489837776843,0.05743664147818741
24170,33170,Low,Low,0.0842671101602754,0.8575096779299827,0.05822321190974191
29973,38973,Medium,Medium,0.03500269786888562,0.038634017065361466,0.9263632850657529
2047,11047,Low,Low,0.030804836252643842,0.8786326082131186,0.09056255553423752
17181,26181,Low,Medium,0.0346641561482836,0.31623531009791545,0.649100533753801
11670,20670,Low,Low,0.033091612461193375,0.9054638517199568,0.06144453581884981
28228,37228,High,High,0.911200299304263,0.030688380085484853,0.05811132061025218
24960,33960,Medium,Medium,0.03834180186268112,0.03976055408207312,0.9218976440552457
12352,21352,Low,Low,0.02941148099146622,0.9084472103412408,0.062141308667293026
12458,21458,High,High,0.9087830822857522,0.03369793347250805,0.0575189842417397
17318,26318,Low,Low,0.028907973664804288,0.8733123713265489,0.09777965500864666
25543,34543,High,High,0.9073734389571079,0.034284975166476675,0.05834158587641544
9379,18379,Low,Low,0.08933107671498543,0.8363161911972973,0.07435273208771727
16633,25633,Medium,Medium,0.041993280571513414,0.043360723667350796,0.9146459957611358
31780,40780,Low,Low,0.028426504166472827,0.9124088495018977,0.05916464633162934
32744,41744,Medium,Medium,0.038682254546927725,0.04272234388274617,0.9185954015703262
3439,12439,Medium,Low,0.041353411257555026,0.6074114346986942,0.3512351540437508
22698,31698,High,High,0.8394356123655012,0.08939081743599119,0.07117357019850769
7304,16304,Low,Low,0.026505879581022795,0.9195007673213259,0.05399335309765119
4457,13457,Low,Low,0.11950578780871839,0.8197942242761443,0.06069998791513722
23194,32194,High,Medium,0.03852503493888717,0.0407989973821607,0.9206759676789522
12792,21792,High,High,0.904701689991016,0.03664285706313628,0.05865545294584776
24220,33220,Medium,Medium,0.03192707426133675,0.032245486907021594,0.9358274388316415
1094,10094,Medium,Low,0.026750853866676805,0.9163592157849908,0.056889930348332333
23349,32349,Medium,Medium,0.05081992467584134,0.14577337662097659,0.8034066987031822
27065,36065,High,High,0.9080916209840465,0.033144050894901196,0.05876432812105236
37383,46383,Medium,Medium,0.038886252591924804,0.046166305018743775,0.9149474423893315
5466,14466,Medium,Medium,0.059662771628952734,0.03435758464763906,0.9059796437234082
4322,13322,Medium,Medium,0.03858315269713807,0.03854956107853999,0.922867286224322
25778,34778,Low,Medium,0.036637074907273005,0.03743524929608791,0.9259276757966391
35436,44436,High,High,0.909233816731434,0.032123951544775035,0.05864223172379104
33294,42294,Medium,Medium,0.041735944851163526,0.043095699704093555,0.9151683554447428
38827,47827,Medium,Medium,0.04359613426055131,0.04022872203239709,0.9161751437070516
8486,17486,Medium,Medium,0.040520649111429836,0.0458976911117547,0.9135816597768155
22703,31703,Low,Low,0.08332751221884221,0.811892297611176,0.10478019016998168
35958,44958,Medium,Low,0.04782998090685505,0.8155204447101227,0.13664957438302214
20043,29043,High,High,0.9125287864649237,0.030808864762596505,0.056662348772479824
1799,10799,Low,Low,0.03215627863218703,0.9072055292009374,0.060638192166875514
9278,18278,Medium,Medium,0.037290440652083,0.04062454642331669,0.9220850129246002
34028,43028,Medium,Medium,0.034414227133848584,0.041602161981964314,0.9239836108841871
10411,19411,Medium,Medium,0.04335478342609436,0.041439715035930226,0.9152055015379753
3217,12217,Low,Low,0.03532066137917942,0.9046333039201419,0.060046034700678735
27651,36651,Low,Low,0.26438693043700845,0.6733769316533885,0.06223613790960298
26203,35203,Medium,Medium,0.25076440354012486,0.05304367635245486,0.6961919201074204
6211,15211,Low,Low,0.035259771912522005,0.8992465040344587,0.06549372405301927
21823,30823,High,High,0.9088440373202307,0.032581466842977004,0.058574495836792355
5890,14890,Medium,Medium,0.041735944851163526,0.043095699704093555,0.9151683554447428
26086,35086,High,High,0.9144529463258891,0.030165346139523253,0.055381707534587654
24894,33894,Medium,Medium,0.036510481760728825,0.039490737516223624,0.9239987807230475
1208,10208,Medium,Medium,0.038886252591924804,0.046166305018743775,0.9149474423893315
37490,46490,Medium,Medium,0.049065426492544535,0.04838626522285738,0.9025483082845981
27211,36211,High,High,0.9059455444981147,0.034610132154841794,0.059444323347043554
9271,18271,Low,Low,0.033685958484356966,0.9047632266158097,0.061550814899833294
6794,15794,High,High,0.9090024591856997,0.032546340558688304,0.05845120025561221
25754,34754,Medium,Medium,0.0304082954100366,0.054982817553115314,0.9146088870368482
34901,43901,Medium,High,0.9090024591856997,0.032546340558688304,0.05845120025561221
2375,11375,Low,Low,0.030335971205876663,0.9025022313702165,0.06716179742390677
4760,13760,Low,Low,0.03595666209539479,0.8981373067626491,0.06590603114195605
27005,36005,Medium,Medium,0.03858315269713807,0.03854956107853999,0.922867286224322
11291,20291,Low,Low,0.26224300223679414,0.6783922178165852,0.05936477994662067
1120,10120,Medium,Medium,0.03545321301751894,0.038381720044648314,0.9261650669378327
22465,31465,Low,Low,0.03851079908484252,0.9032544579505369,0.058234742964620535
6037,15037,Medium,Medium,0.03776300846361236,0.03897014313858269,0.9232668483978049
32088,41088,High,High,0.9106617111904272,0.031798794556409916,0.057539494253162925
35209,44209,Low,Low,0.03151452461977195,0.9085250985329401,0.05996037684728798
11792,20792,Low,Low,0.026505879581022795,0.9195007673213259,0.05399335309765119
28937,37937,High,High,0.5160183585941657,0.40960650649542857,0.07437513491040586
6356,15356,Medium,Medium,0.03021944990071065,0.032813466552639864,0.9369670835466496
35289,44289,Medium,Medium,0.03870147247560501,0.04542165849661175,0.9158768690277833
19705,28705,High,High,0.9108014961575028,0.03188953315357862,0.05730897068891843
2068,11068,Medium,Medium,0.03753179148653995,0.03941355341978355,0.9230546550936766
28459,37459,Medium,Medium,0.08274728537921444,0.044370068148762876,0.8728826464720227
35051,44051,Medium,Medium,0.026293840323421736,0.028771795854392216,0.9449343638221861
39562,48562,Medium,Medium,0.03858315269713807,0.03854956107853999,0.922867286224322
9023,18023,High,High,0.9075025621828353,0.03359284480296494,0.058904593014199806
21046,30046,Medium,Medium,0.03545321301751894,0.038381720044648314,0.9261650669378327
12245,21245,Medium,Medium,0.032205732719990575,0.033718796656083266,0.9340754706239262
654,9654,Low,Low,0.027297156840295076,0.915646748488616,0.05705609467108879
1382,10382,Low,Low,0.03159905551708566,0.8958319534028,0.07256899108011423
10968,19968,Medium,Medium,0.035043203229428256,0.03872394326820375,0.9262328535023681
13119,22119,Medium,Medium,0.037290440652083,0.04062454642331669,0.9220850129246002
29736,38736,Low,Low,0.035259771912522005,0.8992465040344587,0.06549372405301927
33286,42286,Medium,Medium,0.38656103576501444,0.029352217248244553,0.584086746986741
19394,28394,Low,Low,0.07190038781101361,0.8545536256836933,0.07354598650529308
2967,11967,Medium,Medium,0.026293840323421736,0.028771795854392216,0.9449343638221861
37967,46967,Low,Low,0.033091612461193375,0.9054638517199568,0.06144453581884981
31482,40482,Low,High,0.9065128135532786,0.03322301943800529,0.06026416700871626
34744,43744,Medium,Medium,0.03791968014826989,0.03620060503114854,0.9258797148205815
82,9082,Medium,Medium,0.04359613426055131,0.04022872203239709,0.9161751437070516
16085,25085,Low,Low,0.029797462709055145,0.9101933860419988,0.06000915124894598
18437,27437,Medium,Medium,0.036736176757062665,0.04160803210029409,0.9216557911426433
29095,38095,Low,Low,0.20790362673956833,0.6637089675431048,0.1283874057173268
15572,24572,High,High,0.9056340275664962,0.03652234899255171,0.05784362344095201
26220,35220,Medium,Medium,0.03753179148653995,0.03941355341978355,0.9230546550936766
28508,37508,Low,Low,0.03340491999985694,0.9033906494485234,0.06320443055161956
39661,48661,Medium,Medium,0.033180050958474275,0.03583822920293702,0.9309817198385887
15277,24277,Medium,Medium,0.2756858694731804,0.045431834997952336,0.6788822955288673
7869,16869,High,High,0.7954104173267756,0.14704934753752053,0.05754023513570394
37296,46296,Medium,Medium,0.035334889995401846,0.04090781289613788,0.9237572971084602
38668,47668,High,High,0.9035551397064329,0.03786803903600567,0.05857682125756159
8282,17282,Medium,Medium,0.0607613952428088,0.058028413655927265,0.8812101911012639
31981,40981,Low,Low,0.04427748653645248,0.8997428442135486,0.055979669249998955
4006,13006,High,High,0.9090073783472509,0.032522470169061166,0.05847015148368794
11497,20497,Medium,Medium,0.08431008951758055,0.1552672709382826,0.7604226395441369
12116,21116,Low,Low,0.033091612461193375,0.9054638517199568,0.06144453581884981
27133,36133,Low,Low,0.027200277013932846,0.828740678840477,0.14405904414559015
35565,44565,Low,Low,0.03545380510444011,0.9011002758438429,0.06344591905171698
25612,34612,Medium,Medium,0.03834180186268112,0.03976055408207312,0.9218976440552457
18483,27483,Medium,Medium,0.03753179148653995,0.03941355341978355,0.9230546550936766
13425,22425,Medium,Medium,0.03858315269713807,0.03854956107853999,0.922867286224322
34001,43001,Medium,Low,0.11720748403720442,0.44764284004987975,0.4351496759129158
7452,16452,Medium,Medium,0.03325152648503275,0.04486197757423414,0.9218864959407331
13505,22505,Low,Low,0.032306937305981505,0.9056660859863177,0.06202697670770075
24251,33251,High,High,0.913461124040404,0.03068835669201193,0.05585051926758408
28669,37669,Medium,Medium,0.12588835360707354,0.18938149700420095,0.6847301493887255
24927,33927,Low,Low,0.03094768426097906,0.9104791378831534,0.0585731778558675
4394,13394,Medium,Low,0.23474833543674564,0.4475133614057132,0.31773830315754126
24475,33475,Medium,Medium,0.039709657160942304,0.04273282747850573,0.917557515360552
21755,30755,Low,Low,0.03057144814704491,0.9090099343240552,0.060418617528899855
7786,16786,Medium,Medium,0.027668933346509147,0.029770437008803666,0.9425606296446872
16772,25772,Medium,Medium,0.25206417360109273,0.11711109073228775,0.6308247356666197
29664,38664,Low,Low,0.030258140608381345,0.9110831365954885,0.0586587227961301
24189,33189,Low,Low,0.02840401760482848,0.9156231599267749,0.0559728224683966
18913,27913,Medium,Medium,0.03423886815203366,0.03588294168739504,0.9298781901605713
16795,25795,Low,Low,0.026508983341831646,0.9191737602993397,0.05431725635882864
20598,29598,Medium,Medium,0.03582284210241133,0.03821343500531877,0.9259637228922699
35177,44177,High,High,0.8578936682834772,0.040191715215332345,0.10191461650119053
14006,23006,High,High,0.9066652505039617,0.03376696241760249,0.059567787078435776
27316,36316,Medium,Medium,0.03605697829364052,0.04067480228756543,0.923268219418794
5516,14516,Low,Low,0.02938778948785663,0.9110873945343791,0.059524815977764246
4722,13722,Medium,Medium,0.03776300846361236,0.03897014313858269,0.9232668483978049
21116,30116,High,High,0.9079120270709438,0.033174560695551615,0.05891341223350471
26353,35353,Medium,Medium,0.03858315269713807,0.03854956107853999,0.922867286224322
25506,34506,High,High,0.81572146661104,0.11432717809296418,0.06995135529599587
38100,47100,Low,Low,0.037575465255836174,0.9049961354315176,0.057428399312646254
20258,29258,Low,Medium,0.041735944851163526,0.043095699704093555,0.9151683554447428
19281,28281,Medium,Low,0.028867099920734635,0.9119756246554065,0.05915727542385879
32303,41303,Medium,Medium,0.0508846367661226,0.22903731783713718,0.7200780453967401
11614,20614,High,High,0.9088581714609738,0.031932872334026176,0.059208956205000024
24828,33828,High,High,0.9065128135532786,0.03322301943800529,0.06026416700871626
21531,30531,High,High,0.8950700459305704,0.02922794660465974,0.07570200746476989
34492,43492,Medium,Medium,0.08084708869946795,0.037191128688551615,0.8819617826119804
10046,19046,Medium,Medium,0.03834180186268112,0.03976055408207312,0.9218976440552457
1961,10961,Medium,Low,0.03215627863218703,0.9072055292009374,0.060638192166875514
22468,31468,Medium,Medium,0.11092119938285806,0.10674736809194574,0.7823314325251962
19644,28644,Medium,Medium,0.034673893509273364,0.040635625618750386,0.9246904808719761
12266,21266,High,High,0.9108014961575028,0.03188953315357862,0.05730897068891843
22639,31639,Medium,Medium,0.02669203556948764,0.09013792325258824,0.8831700411779241
15834,24834,Medium,Medium,0.03527114626268923,0.03812634346140507,0.9266025102759058
27547,36547,Medium,Medium,0.03858315269713807,0.03854956107853999,0.922867286224322
9493,18493,Medium,Medium,0.041331531269212574,0.04351206562844506,0.9151564031023423
14088,23088,Medium,High,0.9183275713898787,0.02854656487736677,0.05312586373275452
8146,17146,High,High,0.9123440900712554,0.029565014936545883,0.05809089499219868
21067,30067,Medium,Medium,0.0336255423707769,0.03700041709877781,0.9293740405304453
29680,38680,High,High,0.9109776747800821,0.031606665951356194,0.05741565926856163
1217,10217,Medium,Medium,0.03284606838136416,0.03837809996563258,0.9287758316530033
872,9872,High,High,0.909233816731434,0.032123951544775035,0.05864223172379104
7343,16343,Medium,Medium,0.03776300846361236,0.03897014313858269,0.9232668483978049
1377,10377,Low,Low,0.026523072649321786,0.9170477771595684,0.05642915019110976
30094,39094,Low,Low,0.03215627863218703,0.9072055292009374,0.060638192166875514
17693,26693,Low,Low,0.033091612461193375,0.9054638517199568,0.06144453581884981
2590,11590,Low,Low,0.02651623672032255,0.9180265911722354,0.055457172107442
37132,46132,Medium,Medium,0.04207639753541013,0.0460574895047666,0.9118661129598232
6679,15679,High,High,0.9073734389571079,0.034284975166476675,0.05834158587641544
21496,30496,High,High,0.9138774383438837,0.03044365888594981,0.05567890277016657
15476,24476,High,Low,0.02840401760482848,0.9156231599267749,0.0559728224683966
4979,13979,Medium,Medium,0.033965995055023505,0.039962206899450854,0.9260717980455256
1981,10981,Medium,Medium,0.27418776382771703,0.03956826337860996,0.686243972793673
26184,35184,Medium,Medium,0.03527114626268923,0.03812634346140507,0.9266025102759058
33090,42090,Low,Low,0.0716544941266049,0.7736680706533056,0.15467743522008962
2617,11617,Low,Low,0.026545314185616384,0.9138279254120761,0.059626760402307494
21342,30342,Medium,Medium,0.036637074907273005,0.03743524929608791,0.9259276757966391
5624,14624,Medium,Medium,0.03162370295816603,0.03515038591880026,0.9332259111230338
1400,10400,Medium,Medium,0.03284606838136416,0.03837809996563258,0.9287758316530033
32828,41828,Medium,Medium,0.03697178096366565,0.0369126848475283,0.926115534188806
39130,48130,Low,Low,0.03151452461977195,0.9085250985329401,0.05996037684728798
22469,31469,Low,Low,0.03215627863218703,0.9072055292009374,0.060638192166875514
27397,36397,Low,Low,0.033091612461193375,0.9054638517199568,0.06144453581884981
11148,20148,High,Medium,0.03858315269713807,0.03854956107853999,0.922867286224322
25851,34851,Medium,Medium,0.03858315269713807,0.03854956107853999,0.922867286224322
2925,11925,Low,Low,0.03187152794531344,0.9108381484918685,0.05729032356281804
17368,26368,Medium,Medium,0.036026840147408416,0.04165739614131638,0.9223157637112752
24933,33933,Low,Low,0.033091612461193375,0.9054638517199568,0.06144453581884981
4543,13543,High,High,0.9084115228452161,0.03698468276466845,0.05460379439011548
31372,40372,Medium,Medium,0.07520587060178248,0.051090060837637334,0.87370406856058
2713,11713,Medium,Medium,0.03163410539963611,0.03629598762087333,0.9320699069794905
9525,18525,Medium,Medium,0.04047619533245145,0.03930601473323875,0.9202177899343099
25034,34034,Medium,Medium,0.03066625325074049,0.02881840153869422,0.9405153452105653
26266,35266,Low,Low,0.03085076426584887,0.9067133763639997,0.06243585937015139
35873,44873,Medium,Medium,0.038682254546927725,0.04272234388274617,0.9185954015703262
9138,18138,High,High,0.9035551397064329,0.03786803903600567,0.05857682125756159
32466,41466,Medium,Medium,0.03753179148653995,0.03941355341978355,0.9230546550936766
3402,12402,Medium,Medium,0.03834180186268112,0.03976055408207312,0.9218976440552457
30628,39628,Medium,Medium,0.046156722917322125,0.03757025670684064,0.9162730203758372
3527,12527,Low,Low,0.07042488055078477,0.8403628752816849,0.08921224416753037
27367,36367,Medium,Low,0.33052846659304985,0.457375762551695,0.2120957708552553
30923,39923,Low,Low,0.03347986077245769,0.9074358039292276,0.05908433529831464
9261,18261,High,High,0.9019952421787499,0.03859857210697978,0.059406185714270233
28651,37651,Medium,Medium,0.06016985241372159,0.13275529412962708,0.8070748534566513
38513,47513,Medium,Medium,0.03791968014826989,0.03620060503114854,0.9258797148205815
10005,19005,High,High,0.909233816731434,0.032123951544775035,0.05864223172379104
15532,24532,Medium,Medium,0.03834180186268112,0.03976055408207312,0.9218976440552457
31991,40991,Medium,Medium,0.03363185138753516,0.032282514024930646,0.9340856345875341
9627,18627,High,High,0.9141562070751098,0.03126093039624451,0.05458286252864581
7401,16401,High,High,0.9132605524795853,0.030672469928914592,0.05606697759150015
23316,32316,Medium,Medium,0.03753179148653995,0.03941355341978355,0.9230546550936766
29462,38462,Medium,Medium,0.0268228522427171,0.21700643243909576,0.756170715318187
19064,28064,Medium,Medium,0.03858315269713807,0.03854956107853999,0.922867286224322
34593,43593,Medium,Medium,0.03858315269713807,0.03854956107853999,0.922867286224322
4984,13984,High,High,0.6222051937982563,0.028633581462793822,0.3491612247389499
32047,41047,Medium,Medium,0.041993280571513414,0.043360723667350796,0.9146459957611358
11666,20666,High,High,0.89261260206306,0.046313664739201975,0.061073733197738046
38031,47031,Low,Low,0.07871021902985902,0.8012483289480734,0.12004145202206763
37527,46527,High,High,0.9080750407717706,0.032642978239645744,0.05928198098858368
34702,43702,High,High,0.9019952421787499,0.03859857210697978,0.059406185714270233
3646,12646,High,Medium,0.026750972669204166,0.0888330198450646,0.8844160074857313
3242,12242,Medium,Medium,0.03626087243731413,0.040738466989444895,0.9230006605732409
36417,45417,High,Medium,0.47676615072013445,0.029552749878175077,0.4936810994016905
17682,26682,Medium,Medium,0.03753179148653995,0.03941355341978355,0.9230546550936766
24307,33307,High,High,0.9035551397064329,0.03786803903600567,0.05857682125756159
7547,16547,High,High,0.9073734389571079,0.034284975166476675,0.05834158587641544
23852,32852,High,High,0.8742199543502527,0.062029662783349974,0.06375038286639739
35664,44664,Low,Low,0.027553908593951976,0.9167552787128296,0.05569081269321833
14852,23852,High,High,0.9127237526361863,0.030842571762320633,0.05643367560149301
8066,17066,Low,Low,0.030385296940173695,0.9111416328203918,0.0584730702394344
23454,32454,Medium,Medium,0.03858315269713807,0.03854956107853999,0.922867286224322
24158,33158,Low,Low,0.03215627863218703,0.9072055292009374,0.060638192166875514
22893,31893,Medium,Medium,0.03753179148653995,0.03941355341978355,0.9230546550936766
24181,33181,High,High,0.9096088659232345,0.03290192996432659,0.057489204112438935
2233,11233,High,High,0.6165208324247345,0.17823189424256092,0.20524727333270457
13296,22296,Medium,Medium,0.03404533627308972,0.056813173393647054,0.9091414903332633
21866,30866,Low,Low,0.026505879581022795,0.9195007673213259,0.05399335309765119
17031,26031,Low,Low,0.02840401760482848,0.9156231599267749,0.0559728224683966
34086,43086,Low,Low,0.034409668081885225,0.9028704783242961,0.06271985359381865
20399,29399,Medium,Medium,0.03858315269713807,0.03854956107853999,0.922867286224322
24215,33215,Low,Low,0.030258140608381345,0.9110831365954885,0.0586587227961301
4619,13619,Medium,Medium,0.033203450467862015,0.028838110563531718,0.9379584389686061
16558,25558,Low,Low,0.030547945805042786,0.9106078737635782,0.05884418043137891
12087,21087,Low,Low,0.03347986077245769,0.9074358039292276,0.05908433529831464
16528,25528,Medium,Medium,0.03858315269713807,0.03854956107853999,0.922867286224322
20309,29309,Medium,Medium,0.0371752694478189,0.03630301944685673,0.9265217111053244
5507,14507,Medium,Medium,0.03527114626268923,0.03812634346140507,0.9266025102759058
26244,35244,Medium,Medium,0.035150109879082035,0.040163166374005854,0.9246867237469121
21242,30242,Medium,Medium,0.03858315269713807,0.03854956107853999,0.922867286224322
3147,12147,High,High,0.907571924586304,0.03310951824492551,0.0593185571687704
29025,38025,High,High,0.9035551397064329,0.03786803903600567,0.05857682125756159
31395,40395,Low,Low,0.02651623672032255,0.9180265911722354,0.055457172107442
21616,30616,Low,Low,0.026505879581022795,0.9195007673213259,0.05399335309765119
33371,42371,Medium,Medium,0.03119226087703726,0.03202516173994931,0.9367825773830134
24104,33104,Low,Low,0.02840401760482848,0.9156231599267749,0.0559728224683966
14547,23547,High,High,0.9107663139521344,0.03174966253115987,0.057484023516705736
39329,48329,High,High,0.8425032072823783,0.09781632901383813,0.0596804637037836
35271,44271,Medium,Medium,0.0411585433459006,0.04430394091854601,0.9145375157355534
10499,19499,Low,Low,0.04510734769383392,0.8980869091737064,0.05680574313245961
2240,11240,Medium,Medium,0.10663981476976102,0.0356403984773515,0.8577197867528875
34375,43375,High,High,0.9106278207153277,0.03163824664880405,0.05773393263586831
28218,37218,Medium,Medium,0.038886252591924804,0.046166305018743775,0.9149474423893315
5350,14350,Medium,Medium,0.034924505245088465,0.3109452781923331,0.6541302165625784
36018,45018,Low,Low,0.03246958617085059,0.9051323269295041,0.062398086899645266
3592,12592,High,High,0.9153438687615503,0.02912212508046846,0.055534006157981396
2270,11270,High,High,0.909540455056922,0.03268492920631671,0.05777461573676129
17817,26817,Medium,Medium,0.041377568240270474,0.04242187259119545,0.916200559168534
3453,12453,Medium,Medium,0.035007007655146555,0.036335103115473374,0.9286578892293802
18228,27228,Medium,Medium,0.041331531269212574,0.04351206562844506,0.9151564031023423
33237,42237,Medium,Medium,0.037290440652083,0.04062454642331669,0.9220850129246002
19176,28176,Medium,Medium,0.034760783682637485,0.036567084229811676,0.9286721320875508
38747,47747,Medium,Medium,0.06091706375449866,0.07449862802425081,0.8645843082212505
13225,22225,Low,Low,0.030258140608381345,0.9110831365954885,0.0586587227961301
26578,35578,Medium,Medium,0.031959278691915526,0.03743942941462728,0.9306012918934572
20234,29234,Low,Low,0.033091612461193375,0.9054638517199568,0.06144453581884981
13316,22316,Medium,Medium,0.03605697829364052,0.04067480228756543,0.923268219418794
8114,17114,Medium,Medium,0.038886252591924804,0.046166305018743775,0.9149474423893315
6892,15892,High,High,0.9079120270709438,0.033174560695551615,0.05891341223350471
16780,25780,High,High,0.8704319944186292,0.046224450544946664,0.08334355503642414
31511,40511,Medium,Medium,0.03605697829364052,0.04067480228756543,0.923268219418794
34563,43563,Medium,Medium,0.03582284210241133,0.03821343500531877,0.9259637228922699
6554,15554,Low,Low,0.028415339778138347,0.9140110927495702,0.05757356747229137
13319,22319,Medium,Medium,0.03849747443060792,0.04197769736061413,0.919524828208778
7925,16925,Medium,Medium,0.033866893205233846,0.03578942409524468,0.9303436826995215
22824,31824,High,High,0.9135846543476237,0.029951736422819165,0.05646360922955718
4174,13174,Low,High,0.8982994931071987,0.037031845236173234,0.06466866165662828
6245,15245,Medium,Medium,0.0406680587203444,0.041163109581053604,0.918168831698602
881,9881,Low,Low,0.034409668081885225,0.9028704783242961,0.06271985359381865
2957,11957,Medium,Medium,0.0376308933363296,0.043586336223989726,0.9187827704396807
34915,43915,Medium,Medium,0.0385457999076782,0.043204515218070734,0.918249684874251
22749,31749,Medium,Medium,0.03590852036894148,0.034785298723244616,0.9293061809078139
19369,28369,Low,Medium,0.031354466372917104,0.035173841681128186,0.9334716919459547
17740,26740,Medium,Medium,0.041735944851163526,0.043095699704093555,0.9151683554447428
462,9462,High,High,0.9147724329018162,0.029669542255871623,0.05555802484231234
11373,20373,Low,Low,0.02784721982191585,0.5530404391499311,0.41911234102815315
14806,23806,Medium,Medium,0.03468226490118656,0.041661101656071294,0.9236566334427421
20166,29166,Medium,Medium,0.03478018159828663,0.04190545610848471,0.9233143622932286
39704,48704,Medium,Medium,0.034765656820689605,0.03754609611900651,0.927688247060304
4021,13021,High,High,0.9077003594952785,0.03352746025147838,0.0587721802532433
36882,45882,Medium,Medium,0.04171406273738553,0.3763180503365577,0.5819678869260568
21301,30301,Medium,Medium,0.03527114626268923,0.03812634346140507,0.9266025102759058
8084,17084,Medium,Medium,0.03478855299019982,0.04293093214580562,0.9222805148639944
35059,44059,High,High,0.9088581714609738,0.031932872334026176,0.059208956205000024
29012,38012,High,High,0.9090024591856997,0.032546340558688304,0.05845120025561221
23638,32638,Medium,Medium,0.03555257605544683,0.03368581319702164,0.9307616107475316
6592,15592,Medium,Medium,0.05407840805595778,0.05006542617671448,0.8958561657673277
34705,43705,Medium,Medium,0.03858315269713807,0.03854956107853999,0.922867286224322
31339,40339,Medium,Medium,0.03363185138753516,0.032282514024930646,0.9340856345875341
33736,42736,Low,Low,0.030012350431972715,0.912220815364134,0.057766834203893204
23215,32215,Low,Low,0.02840401760482848,0.9156231599267749,0.0559728224683966
20061,29061,Low,Low,0.030485921825736364,0.9103945752209109,0.059119502953352665
7077,16077,Low,Low,0.034857897863518575,0.901899547682364,0.06324255445411749
13224,22224,Medium,Medium,0.02698074599070131,0.3615961439297863,0.6114231100795124
13312,22312,High,High,0.806239041336433,0.11626873517335934,0.07749222349020761
7500,16500,Low,Low,0.030547945805042786,0.9106078737635782,0.05884418043137891
2532,11532,Low,Low,0.03062422229865826,0.9101457874686717,0.059229990232669956
10905,19905,Low,Low,0.0291297713378695,0.8942719962571473,0.07659823240498313
26013,35013,Medium,Medium,0.03429060498964462,0.23586074504647891,0.7298486499638764
24848,33848,Medium,Medium,0.03858315269713807,0.03854956107853999,0.922867286224322
24622,33622,Medium,Medium,0.037995413681344604,0.035882437386814035,0.9261221489318414
10602,19602,Medium,Medium,0.040714095691402295,0.04007291654380401,0.9192129877647935
16454,25454,Medium,Medium,0.031959278691915526,0.03743942941462728,0.9306012918934572
98,9098,Medium,Medium,0.0376308933363296,0.043586336223989726,0.9187827704396807
24977,33977,Medium,Medium,0.029950213315461726,0.0328369223149678,0.9372128643695704
22675,31675,Medium,Medium,0.02658214423279223,0.06833288696430431,0.9050849688029033
31349,40349,Medium,Medium,0.026293840323421736,0.028771795854392216,0.9449343638221861
26055,35055,Low,Low,0.028410072462220586,0.9147626005235937,0.0568273270141856
8055,17055,Low,Low,0.030023672605282586,0.9106087481869295,0.05936757920778798
10013,19013,Low,Low,0.03324227113498785,0.9039244085053371,0.06283332035967504
10753,19753,Medium,Medium,0.03021944990071065,0.032813466552639864,0.9369670835466496
20571,29571,High,High,0.9135846543476237,0.029951736422819165,0.05646360922955718
10266,19266,High,High,0.9019952421787499,0.03859857210697978,0.059406185714270233
33977,42977,Medium,Medium,0.029867614402193755,0.02881209729797989,0.9413202882998263
7554,16554,Low,Low,0.026661522272256044,0.9014501472085894,0.0718883305191545
31499,40499,Low,Low,0.0272587670935904,0.9153779692180474,0.05736326368836219
34950,43950,Low,Low,0.033091612461193375,0.9054638517199568,0.06144453581884981
39674,48674,Medium,Medium,0.032743443956649076,0.04917599325872787,0.918080562784623
1988,10988,Medium,Medium,0.038886252591924804,0.046166305018743775,0.9149474423893315
7358,16358,Low,Low,0.03324227113498785,0.9039244085053371,0.06283332035967504
5361,14361,Medium,Medium,0.03858315269713807,0.03854956107853999,0.922867286224322
39863,48863,Medium,Medium,0.026293840323421736,0.028771795854392216,0.9449343638221861
31833,40833,High,High,0.913461124040404,0.03068835669201193,0.05585051926758408
34866,43866,High,High,0.9183275713898787,0.02854656487736677,0.05312586373275452
5791,14791,Low,Low,0.09254895246484988,0.8477611875047636,0.05968986003038645
1939,10939,Low,Low,0.02658554067154416,0.910707980440881,0.06270647888757479
23212,32212,Medium,Medium,0.026594336247343444,0.0730877643916176,0.9003178993610389
26923,35923,Medium,Medium,0.03478018159828663,0.04190545610848471,0.9233143622932286
405,9405,High,High,0.8338382639491799,0.039767276792787805,0.12639445925803236
22122,31122,Low,Low,0.02898008000928284,0.9113895016098779,0.0596304183808394
8873,17873,High,High,0.9130575590911442,0.03358550131225601,0.05335693959659998
28837,37837,Medium,Medium,0.03543990262145342,0.03765541524360161,0.926904682134945
24871,33871,Medium,Medium,0.041377568240270474,0.04242187259119545,0.916200559168534
10572,19572,Low,Low,0.028426504166472827,0.9124088495018977,0.05916464633162934
11826,20826,High,High,0.9029182339221123,0.03805866303929927,0.05902310303858841
20241,29241,Medium,Medium,0.03753179148653995,0.03941355341978355,0.9230546550936766
18434,27434,Medium,Medium,0.03776300846361236,0.03897014313858269,0.9232668483978049
10295,19295,High,High,0.8771693388946081,0.028655756134603694,0.09417490497078822
8513,17513,Medium,Medium,0.033965995055023505,0.039962206899450854,0.9260717980455256
37368,46368,High,High,0.9092425750905003,0.03250337773727074,0.058254047172228936
11379,20379,Medium,Medium,0.033866893205233846,0.03578942409524468,0.9303436826995215
28790,37790,Low,Low,0.036254473632135444,0.8950556030457671,0.06868992332209733
31605,40605,High,High,0.9158808407848823,0.02984018915115814,0.05427897006395954
14208,23208,Low,Low,0.029797462709055145,0.9101933860419988,0.06000915124894598
24247,33247,Low,Low,0.030271272301229793,0.9096913355941769,0.060037392104593225
17037,26037,Medium,Medium,0.03527114626268923,0.03812634346140507,0.9266025102759058
24185,33185,Medium,Medium,0.040520649111429836,0.0458976911117547,0.9135816597768155
37985,46985,Low,Low,0.02834199362552205,0.9154098613841075,0.05624814499037036
29519,38519,Medium,High,0.9109776747800821,0.031606665951356194,0.05741565926856163
29041,38041,Low,Low,0.0282966327157642,0.6199029510765008,0.351800416207735
4561,13561,Medium,Medium,0.039709657160942304,0.04273282747850573,0.917557515360552
19139,28139,High,High,0.9077003594952785,0.03352746025147838,0.0587721802532433
30417,39417,High,High,0.9076124084882121,0.03532034702927017,0.057067244482517744
24501,33501,High,High,0.9068916888881448,0.033368443793316355,0.05973986731853887
13069,22069,High,High,0.9125287864649237,0.030808864762596505,0.056662348772479824
21339,30339,Medium,Medium,0.043695236110340964,0.04440150483660327,0.9119032590530557
31995,40995,Medium,Medium,0.04416657494155817,0.12931597975762035,0.8265174453008214
1282,10282,Medium,Medium,0.03960493009927672,0.03730634154584517,0.9230887283548781
17118,26118,High,Medium,0.03605697829364052,0.04067480228756543,0.923268219418794
6990,15990,Low,Low,0.028417294739558684,0.916249860820094,0.05533284444034733
7518,16518,Medium,Medium,0.03944786677389592,0.04245729605310957,0.9180948371729944
26832,35832,Medium,Medium,0.034028247325074285,0.03390369605569752,0.9320680566192282
12644,21644,Medium,Medium,0.03649208941438654,0.040295056708244036,0.9232128538773693
15032,24032,High,High,0.9100028132798941,0.032062440148106296,0.05793474657199971
12700,21700,High,Medium,0.03791968014826989,0.03620060503114854,0.9258797148205815
21972,30972,High,High,0.9035551397064329,0.03786803903600567,0.05857682125756159
4937,13937,Low,Low,0.02929192426290814,0.6150196463093711,0.35568842942772066
15951,24951,Medium,Medium,0.041331531269212574,0.04351206562844506,0.9151564031023423
29357,38357,High,High,0.9073734389571079,0.034284975166476675,0.05834158587641544
18121,27121,Medium,Medium,0.03347192029441353,0.03432883424797566,0.9321992454576109
21890,30890,High,High,0.9080916209840465,0.033144050894901196,0.05876432812105236
3869,12869,Medium,Medium,0.03858315269713807,0.03854956107853999,0.922867286224322
329,9329,Medium,Medium,0.03605697829364052,0.04067480228756543,0.923268219418794
9764,18764,Medium,Medium,0.03325152648503275,0.04486197757423414,0.9218864959407331
14837,23837,Low,Low,0.0301925142453756,0.9136806411689996,0.05612684458562472
21120,30120,Medium,Medium,0.036637074907273005,0.03743524929608791,0.9259276757966391
23806,32806,Medium,Medium,0.033615111596767826,0.03646105163950667,0.9299238367637255
5525,14525,Medium,Low,0.050763993341287915,0.5055692401801269,0.44366676647858516
23039,32039,High,High,0.9085579004710501,0.03789515250412542,0.05354694702482455
16360,25360,Medium,Medium,0.3742343136138371,0.02922803929202496,0.5965376470941379
18439,27439,Low,Low,0.030823005160339978,0.9106622078583796,0.058514786981280396
16112,25112,High,High,0.9083362763104722,0.03404967359099818,0.05761405009852963
25030,34030,Medium,Medium,0.036637074907273005,0.03743524929608791,0.9259276757966391
25894,34894,Medium,Medium,0.03834180186268112,0.03976055408207312,0.9218976440552457
25040,34040,High,High,0.6747891736708712,0.02930458489451934,0.29590624143460936
19866,28866,Medium,Medium,0.03833646597331692,0.042774887863859516,0.9188886461628235
25581,34581,Medium,Medium,0.02768638436319433,0.04624129552971868,0.926072320107087
29760,38760,Medium,Medium,0.036395724072816056,0.03864624229962105,0.9249580336275628
19752,28752,Medium,Medium,0.037290440652083,0.04062454642331669,0.9220850129246002
32542,41542,High,High,0.909257377179999,0.03251017289960153,0.058232449920399554
37817,46817,High,High,0.9035551397064329,0.03786803903600567,0.05857682125756159
17861,26861,High,High,0.869642399540837,0.06465720023404138,0.06570040022512173
23949,32949,Medium,Medium,0.03753179148653995,0.03941355341978355,0.9230546550936766
18762,27762,High,High,0.9136847354029124,0.02957445505265056,0.056740809544436964
27929,36929,Medium,Medium,0.0342314121690724,0.03497423686169345,0.9307943509692341
29872,38872,High,High,0.9100028132798941,0.032062440148106296,0.05793474657199971
38241,47241,Low,High,0.8843311244672218,0.05058607553044254,0.06508280000233564
29681,38681,Low,Medium,0.03375075458498041,0.03925320593457286,0.9269960394804467
9783,18783,Low,Low,0.02651623672032255,0.9180265911722354,0.055457172107442
23712,32712,Medium,Medium,0.036026840147408416,0.04165739614131638,0.9223157637112752
25256,34256,High,High,0.9156540449974161,0.028854266608435614,0.05549168839414833
27484,36484,Low,Low,0.02676404546458998,0.8783276574897457,0.09490829704566435
18593,27593,Low,Low,0.09308565065909119,0.8496229325383161,0.05729141680259262
38226,47226,Low,Low,0.03215627863218703,0.9072055292009374,0.060638192166875514
4252,13252,Low,Low,0.11107692371150168,0.5621157895096339,0.3268072867788645
7148,16148,Low,Low,0.033091612461193375,0.9054638517199568,0.06144453581884981
33659,42659,Low,Low,0.02840401760482848,0.9156231599267749,0.0559728224683966
10335,19335,Low,Low,0.02825665126977595,0.9137612759367412,0.057982072793482865
9287,18287,Medium,Medium,0.034760783682637485,0.036567084229811676,0.9286721320875508
20710,29710,High,High,0.9079120270709438,0.033174560695551615,0.05891341223350471
23757,32757,Medium,Medium,0.049065426492544535,0.04838626522285738,0.9025483082845981
19198,28198,Low,Low,0.034409668081885225,0.9028704783242961,0.06271985359381865
21200,30200,Medium,Medium,0.03605697829364052,0.04067480228756543,0.923268219418794
14148,23148,Medium,Medium,0.03753179148653995,0.03941355341978355,0.9230546550936766
33185,42185,Medium,Medium,0.03509980000451333,0.03548553895976518,0.9294146610357216
31777,40777,Low,Low,0.03215627863218703,0.9072055292009374,0.060638192166875514
29344,38344,Medium,Medium,0.03858315269713807,0.03854956107853999,0.922867286224322
30363,39363,Medium,Medium,0.030655267127080884,0.032759778898626836,0.9365849539742923
20723,29723,Medium,Medium,0.06411007677265168,0.2177852846528163,0.7181046385745321
5990,14990,Low,Low,0.033091612461193375,0.9054638517199568,0.06144453581884981
23754,32754,High,Medium,0.036637074907273005,0.03743524929608791,0.9259276757966391
31840,40840,High,High,0.8517237940368529,0.09101307152508444,0.057263134438062635
16701,25701,Low,Low,0.03138837118174432,0.9118293294544711,0.05678229936378457
2557,11557,Low,Low,0.026987977946744224,0.7395830447200057,0.23342897733325005
31914,40914,Low,Low,0.02941148099146622,0.9084472103412408,0.062141308667293026
2882,11882,Low,Low,0.030447130364203653,0.8886521421245348,0.08090072751126144
16469,25469,Medium,Medium,0.03877118730593946,0.27169536343575207,0.6895334492583084
35574,44574,Medium,Medium,0.038680327241379896,0.035906962647295836,0.9254127101113242
27595,36595,Medium,Medium,0.033180050958474275,0.03583822920293702,0.9309817198385887
227,9227,Low,Low,0.026505879581022795,0.9195007673213259,0.05399335309765119
7795,16795,High,Low,0.03340491999985694,0.9033906494485234,0.06320443055161956
39753,48753,High,High,0.9121968576761903,0.030909751429041316,0.05689339089476847
10269,19269,Medium,Medium,0.034048438793915205,0.03634953130100874,0.9296020299050761
39951,48951,Medium,Medium,0.030655267127080884,0.032759778898626836,0.9365849539742923
25143,34143,Medium,Medium,0.04335478342609436,0.041439715035930226,0.9152055015379753
1594,10594,High,High,0.9063470671068506,0.03420589961827294,0.05944703327487628
14798,23798,Low,Low,0.03340491999985694,0.9033906494485234,0.06320443055161956
5809,14809,High,High,0.9131872515748007,0.03149721842987744,0.055315529995321945
14264,23264,High,High,0.9074964972343963,0.033267471926306295,0.05923603083929755
13891,22891,High,High,0.9115598309646146,0.031045152796229446,0.05739501623915596
36676,45676,Medium,Medium,0.041735944851163526,0.043095699704093555,0.9151683554447428
26805,35805,Medium,High,0.9090073783472509,0.032522470169061166,0.05847015148368794
12529,21529,Medium,High,0.9079120270709438,0.033174560695551615,0.05891341223350471
35381,44381,Medium,Medium,0.033520503642720884,0.038800019003610055,0.927679477353669
15490,24490,Medium,Medium,0.031656354744987215,0.035953542553157976,0.9323901027018549
11002,20002,Medium,Low,0.03341936294339602,0.9005352512335209,0.06604538582308299
19815,28815,High,High,0.9088581714609738,0.031932872334026176,0.059208956205000024
21775,30775,Medium,Medium,0.03527114626268923,0.03812634346140507,0.9266025102759058
19995,28995,High,Low,0.026505879581022795,0.9195007673213259,0.05399335309765119
6370,15370,Medium,Medium,0.03487047085236303,0.03904102043426072,0.9260885087133762
19926,28926,Medium,Medium,0.03527114626268923,0.03812634346140507,0.9266025102759058
3801,12801,Low,Low,0.2193055214156782,0.5094859858489945,0.27120849273532727
27939,36939,Low,Low,0.05760625460060287,0.8145495364317968,0.12784420896760032
37902,46902,Low,Low,0.037575465255836174,0.9049961354315176,0.057428399312646254
22340,31340,Low,Low,0.03283174909424971,0.7732280195030045,0.19394023140274586
6474,15474,Medium,Medium,0.03639743097788712,0.043636592088238474,0.9199659769338745
32792,41792,Low,Low,0.02651623672032255,0.9180265911722354,0.055457172107442
11051,20051,Medium,Low,0.033091612461193375,0.9054638517199568,0.06144453581884981
34362,43362,Medium,Medium,0.03870147247560501,0.04542165849661175,0.9158768690277833
20490,29490,Medium,Medium,0.03605697829364052,0.04067480228756543,0.923268219418794
24410,33410,Medium,Medium,0.03858315269713807,0.03854956107853999,0.922867286224322
31770,40770,High,High,0.9083362763104722,0.03404967359099818,0.05761405009852963
11740,20740,Medium,Medium,0.03353319373460461,0.04035096335105157,0.9261158429143438
3992,12992,High,High,0.9063470671068506,0.03420589961827294,0.05944703327487628
14728,23728,High,High,0.8965446781100349,0.038114517139536654,0.06534080475042853
16291,25291,Medium,Medium,0.037740527377217364,0.04059151675066371,0.9216679558721189
32662,41662,Medium,Medium,0.03521348810776995,0.03600691876811032,0.9287795931241197
7898,16898,Medium,Medium,0.03521811978298027,0.04235763637783694,0.9224242438391829
20393,29393,High,High,0.9151704832411828,0.029548947488529265,0.055280569270287995
40,9040,Medium,Medium,0.037290440652083,0.04062454642331669,0.9220850129246002
11736,20736,High,High,0.9112958581771932,0.031167728750685752,0.05753641307212113
35669,44669,Low,Low,0.026505879581022795,0.9195007673213259,0.05399335309765119
24259,33259,Medium,Medium,0.0457305986075405,0.047171275712554826,0.9070981256799047
4312,13312,Low,Low,0.0279926370683368,0.9159544857119251,0.05605287721973814
11580,20580,Low,High,0.8740500077931589,0.03060854804388773,0.09534144416295326
19833,28833,Medium,Medium,0.033615111596767826,0.03646105163950667,0.9299238367637255
16519,25519,High,High,0.8676955143425186,0.03536804863818843,0.0969364370192931
27297,36297,Medium,Medium,0.03787707393069243,0.03377990676623647,0.9283430193030711
27264,36264,High,High,0.9075025621828353,0.03359284480296494,0.058904593014199806
6568,15568,Medium,Medium,0.031085716777828176,0.032818900727346334,0.9360953824948255
31593,40593,Medium,Medium,0.0342314121690724,0.03497423686169345,0.9307943509692341
25646,34646,Medium,Medium,0.026396160071488515,0.041923402636238054,0.9316804372922735
461,9461,Medium,Medium,0.041377568240270474,0.04242187259119545,0.916200559168534
25328,34328,High,High,0.9112958581771932,0.031167728750685752,0.05753641307212113
6817,15817,Low,Medium,0.041735944851163526,0.043095699704093555,0.9151683554447428
3866,12866,Low,Low,0.026505879581022795,0.9195007673213259,0.05399335309765119
36132,45132,Low,Low,0.03499138932092644,0.9017258810131836,0.06328272966588984
36566,45566,High,High,0.9108688607032397,0.03148805046956673,0.05764308882719358
21181,30181,Low,Low,0.029339351433834825,0.9138814824457943,0.05677916612037089
6176,15176,Medium,Medium,0.039709657160942304,0.04273282747850573,0.917557515360552
875,9875,Medium,Medium,0.03605697829364052,0.04067480228756543,0.923268219418794
459,9459,Medium,Medium,0.03834180186268112,0.03976055408207312,0.9218976440552457
15157,24157,Medium,Medium,0.3272336284775039,0.031094491178034905,0.6416718803444611
29485,38485,Medium,Medium,0.032029502963690504,0.045284844985454216,0.9226856520508552
28260,37260,High,Medium,0.03605697829364052,0.04067480228756543,0.923268219418794
37614,46614,Medium,Medium,0.041377568240270474,0.04242187259119545,0.916200559168534
39813,48813,High,High,0.907588242247324,0.03322705334992199,0.05918470440275395
12981,21981,Medium,Medium,0.038886252591924804,0.046166305018743775,0.9149474423893315
38084,47084,High,High,0.9035551397064329,0.03786803903600567,0.05857682125756159
5673,14673,Medium,Medium,0.03527114626268923,0.03812634346140507,0.9266025102759058
25542,34542,Low,Low,0.029402001318760487,0.9051969872115024,0.065401011469737
16154,25154,Low,Low,0.02653569813132199,0.9152268941041731,0.05823740776450481
3784,12784,Medium,Medium,0.28460434942572976,0.04027635054574344,0.6751193000285268
6855,15855,Medium,Medium,0.035150109879082035,0.040163166374005854,0.9246867237469121
22315,31315,Medium,Medium,0.03605697829364052,0.04067480228756543,0.923268219418794
29860,38860,Medium,Medium,0.036637074907273005,0.03743524929608791,0.9259276757966391
15422,24422,Medium,Medium,0.03910089925886415,0.03991908789288148,0.9209800128482543
22295,31295,Low,Low,0.03465084877112045,0.8987667896637414,0.06658236156513815
32375,41375,Medium,Medium,0.026293840323421736,0.028771795854392216,0.9449343638221861
17119,26119,Low,Low,0.030485921825736364,0.9103945752209109,0.059119502953352665
14346,23346,Low,Low,0.08042491146065404,0.799385835644999,0.12018925289434701
30864,39864,High,High,0.9089997245698473,0.033269647898772674,0.057730627531380085
12621,21621,Low,Low,0.03340491999985694,0.9033906494485234,0.06320443055161956
8647,17647,Low,Low,0.026505879581022795,0.9195007673213259,0.05399335309765119
29787,38787,Low,Low,0.028427519946830602,0.9140252204872518,0.057547259565917545
11081,20081,High,High,0.9147724329018162,0.029669542255871623,0.05555802484231234
3997,12997,Medium,Medium,0.03753179148653995,0.03941355341978355,0.9230546550936766
29379,38379,Medium,Medium,0.034775862898316086,0.041379987798364104,0.9238441493033198
14089,23089,Medium,Medium,0.027335092537821588,0.48421580222936367,0.48844910523281476
13107,22107,Medium,Medium,0.03944786677389592,0.04245729605310957,0.9180948371729944
21201,30201,Low,Low,0.03094768426097906,0.9104791378831534,0.0585731778558675
21084,30084,High,High,0.9088581714609738,0.031932872334026176,0.059208956205000024
23530,32530,High,High,0.9019952421787499,0.03859857210697978,0.059406185714270233
18655,27655,Medium,Medium,0.033615111596767826,0.03646105163950667,0.9299238367637255
22747,31747,Medium,Medium,0.02807317600404642,0.20979453073218737,0.7621322932637663
38542,47542,Low,Low,0.03094768426097906,0.9104791378831534,0.0585731778558675
33625,42625,Medium,Medium,0.046096509757197,0.045817989276749564,0.9080855009660533
13767,22767,Low,Low,0.034857897863518575,0.901899547682364,0.06324255445411749
13933,22933,Medium,Medium,0.03858315269713807,0.03854956107853999,0.922867286224322
39965,48965,High,High,0.9090024591856997,0.032546340558688304,0.05845120025561221
8913,17913,Medium,Medium,0.038886252591924804,0.046166305018743775,0.9149474423893315
23535,32535,Medium,Medium,0.039708457002472816,0.04427497187284311,0.916016571124684
36311,45311,Medium,Medium,0.03318750694143554,0.0367469340286386,0.9300655590299258
13629,22629,High,High,0.9091829340271546,0.03520428257441249,0.05561278339843311
29932,38932,Medium,Medium,0.041735944851163526,0.043095699704093555,0.9151683554447428
10159,19159,Medium,Low,0.08839124885182004,0.799272762309123,0.11233598883905692
22932,31932,High,High,0.909233816731434,0.032123951544775035,0.05864223172379104
9750,18750,Medium,Medium,0.03753179148653995,0.03941355341978355,0.9230546550936766
30847,39847,Medium,Medium,0.037290440652083,0.04062454642331669,0.9220850129246002
6889,15889,Low,Low,0.028237765080116814,0.915185283856494,0.056576951063389135
19539,28539,Medium,Medium,0.026293840323421736,0.028771795854392216,0.9449343638221861
2646,11646,Low,Low,0.037575465255836174,0.9049961354315176,0.057428399312646254
14486,23486,High,High,0.8622504848900316,0.03679437187994935,0.10095514323001903
15784,24784,Medium,Medium,0.03834180186268112,0.03976055408207312,0.9218976440552457
9842,18842,Medium,Medium,0.03753179148653995,0.03941355341978355,0.9230546550936766
33124,42124,Medium,Medium,0.03334989907470931,0.031706729925459906,0.9349433709998308
29423,38423,High,High,0.9075025621828353,0.03359284480296494,0.058904593014199806
929,9929,Medium,Medium,0.041735944851163526,0.043095699704093555,0.9151683554447428
8078,17078,High,High,0.9073928063104431,0.035661852568190926,0.056945341121365976
2665,11665,Low,Low,0.029902847475752087,0.9107160249876619,0.05938112753658592
19053,28053,Low,Low,0.02819204300566235,0.9075175175334133,0.06429043946092446
21971,30971,Medium,Medium,0.034414227133848584,0.041602161981964314,0.9239836108841871
35923,44923,Medium,Medium,0.12644036570536601,0.3051113001144266,0.5684483341802075
6228,15228,Medium,Medium,0.04207639753541013,0.0460574895047666,0.9118661129598232
26576,35576,Medium,Medium,0.037677330197082214,0.04239827942065683,0.919924390382261
33498,42498,Medium,Medium,0.10130995213501674,0.02926180841294347,0.8694282394520397
11777,20777,Medium,Medium,0.033866893205233846,0.03578942409524468,0.9303436826995215
29426,38426,High,High,0.9147724329018162,0.029669542255871623,0.05555802484231234
5605,14605,Medium,Medium,0.038682254546927725,0.04272234388274617,0.9185954015703262
10014,19014,Low,Low,0.026508983341831646,0.9191737602993397,0.05431725635882864
28798,37798,High,High,0.8916128165510503,0.036038996122171554,0.07234818732677815
17551,26551,Medium,Medium,0.03834180186268112,0.03976055408207312,0.9218976440552457
22916,31916,Medium,Medium,0.04207639753541013,0.0460574895047666,0.9118661129598232
1070,10070,High,High,0.9078146806315072,0.032828534725635856,0.05935678464285705
31973,40973,High,High,0.9072700588502132,0.03366599055059243,0.059063950599194455
14219,23219,Medium,Medium,0.04207639753541013,0.0460574895047666,0.9118661129598232
18399,27399,Medium,Medium,0.14629379656305494,0.02907402944392594,0.824632173993019
20270,29270,Medium,Medium,0.033180050958474275,0.03583822920293702,0.9309817198385887
22990,31990,High,High,0.9080916209840465,0.033144050894901196,0.05876432812105236
22156,31156,Medium,Medium,0.03465754311984915,0.034507890380292346,0.9308345664998585
35078,44078,Medium,Medium,0.0371734941764131,0.03363195635705754,0.9291945494665294
5739,14739,Medium,Medium,0.033615111596767826,0.03646105163950667,0.9299238367637255
508,9508,Medium,Medium,0.03753179148653995,0.03941355341978355,0.9230546550936766
35321,44321,Low,Low,0.030426333241306152,0.8773489087643522,0.09222475799434164
943,9943,High,High,0.9085813639885213,0.035084058995637234,0.05633457701584161
25839,34839,Low,Low,0.02867276151361224,0.910353441357902,0.060973797128485795
13947,22947,High,High,0.9077011653015165,0.03669344110203957,0.05560539359644393
15333,24333,High,High,0.9083195833471379,0.03304328680495124,0.05863712984791076
16794,25794,Low,Low,0.02898008000928284,0.9113895016098779,0.0596304183808394
31825,40825,High,High,0.8950700459305704,0.02922794660465974,0.07570200746476989
2888,11888,Low,Low,0.026505879581022795,0.9195007673213259,0.05399335309765119
38003,47003,Medium,Medium,0.03590852036894148,0.034785298723244616,0.9293061809078139
32010,41010,Medium,Medium,0.03858315269713807,0.03854956107853999,0.922867286224322
15937,24937,Low,Low,0.03340491999985694,0.9033906494485234,0.06320443055161956
23955,32955,Medium,Medium,0.10662852007423039,0.19553473981439426,0.6978367401113754
18361,27361,Low,Low,0.03545380510444011,0.9011002758438429,0.06344591905171698
28246,37246,Low,Low,0.03324227113498785,0.9039244085053371,0.06283332035967504
25618,34618,Medium,Medium,0.10485119939739525,0.036337323592433184,0.8588114770101715
6188,15188,High,High,0.9109776747800821,0.031606665951356194,0.05741565926856163
15358,24358,High,Medium,0.43479981244517224,0.06679308375903249,0.4984071037957953
30664,39664,Medium,Medium,0.03858315269713807,0.03854956107853999,0.922867286224322
10461,19461,Low,Low,0.03215627863218703,0.9072055292009374,0.060638192166875514
29195,38195,Medium,Medium,0.049065426492544535,0.04838626522285738,0.9025483082845981
28333,37333,Medium,Medium,0.03753179148653995,0.03941355341978355,0.9230546550936766
19803,28803,Medium,Medium,0.0457305986075405,0.047171275712554826,0.9070981256799047
37174,46174,High,High,0.9125287864649237,0.030808864762596505,0.056662348772479824
29378,38378,Medium,Medium,0.03318750694143554,0.0367469340286386,0.9300655590299258
9772,18772,Low,High,0.9090024591856997,0.032546340558688304,0.05845120025561221
24619,33619,Low,Medium,0.026913320585561673,0.1579103247996321,0.8151763546148062
35865,44865,Low,Low,0.06860013944001088,0.8645945465333206,0.06680531402666856
3080,12080,Low,Low,0.030012350431972715,0.912220815364134,0.057766834203893204
27319,36319,Low,Low,0.026825213946846407,0.8774896631114402,0.09568512294171348
20612,29612,High,High,0.9019952421787499,0.03859857210697978,0.059406185714270233
6983,15983,Medium,Medium,0.040714095691402295,0.04007291654380401,0.9192129877647935
33383,42383,Low,Low,0.026505879581022795,0.9195007673213259,0.05399335309765119
2308,11308,High,High,0.9073734389571079,0.034284975166476675,0.05834158587641544
17886,26886,Medium,Medium,0.03162370295816603,0.03515038591880026,0.9332259111230338
37755,46755,Medium,Medium,0.027051355721613785,0.23944661158648506,0.7335020326919012
21553,30553,Medium,Medium,0.037397911914442396,0.036446338366127186,0.9261557497194305
35427,44427,High,High,0.9035730182978711,0.03641392451236578,0.06001305718976318
24291,33291,Medium,Medium,0.030653900300523267,0.030477243677380857,0.9388688560220958
6677,15677,High,High,0.9112428053133775,0.031139424966911074,0.057617769719711436
30220,39220,Medium,Medium,0.033866893205233846,0.03578942409524468,0.9303436826995215
5797,14797,Low,Low,0.030547945805042786,0.9106078737635782,0.05884418043137891
19323,28323,Medium,Medium,0.039709657160942304,0.04273282747850573,0.917557515360552
39918,48918,Medium,Medium,0.033180050958474275,0.03583822920293702,0.9309817198385887
1726,10726,Medium,Medium,0.031563416681889805,0.04289534960751957,0.9255412337105905
17703,26703,Medium,Medium,0.0327316048634445,0.10860181526346396,0.8586665798730916
15884,24884,High,Medium,0.14629379656305494,0.02907402944392594,0.824632173993019
2774,11774,Medium,Medium,0.03776300846361236,0.03897014313858269,0.9232668483978049
4949,13949,Medium,Medium,0.03527114626268923,0.03812634346140507,0.9266025102759058
3816,12816,High,High,0.9112958581771932,0.031167728750685752,0.05753641307212113
6999,15999,High,High,0.9078146806315072,0.032828534725635856,0.05935678464285705
325,9325,High,Medium,0.026293840323421736,0.028771795854392216,0.9449343638221861
22804,31804,Medium,Medium,0.03334989907470931,0.031706729925459906,0.9349433709998308
26913,35913,Medium,Medium,0.03834180186268112,0.03976055408207312,0.9218976440552457
10459,19459,Low,Low,0.02761064268508973,0.7661917058731715,0.20619765144173874
28678,37678,Medium,Medium,0.04294922379593252,0.043900507249233944,0.9131502689548335
32296,41296,Medium,Medium,0.1078818112128317,0.03728656886179848,0.8548316199253697
39984,48984,Medium,Medium,0.03175367646221909,0.1404218093587515,0.8278245141790294
8304,17304,Medium,Medium,0.03430288769563087,0.04399798523299058,0.9216991270713786
35589,44589,Medium,Medium,0.037717017469227294,0.29493639221776274,0.6673465903130099
3827,12827,Low,Low,0.049167600179966,0.8954335322458608,0.055398867574173095
28362,37362,Medium,Medium,0.03776300846361236,0.03897014313858269,0.9232668483978049
23884,32884,High,High,0.9106617111904272,0.031798794556409916,0.057539494253162925
1142,10142,High,High,0.9078146806315072,0.032828534725635856,0.05935678464285705
10801,19801,Medium,Medium,0.041735944851163526,0.043095699704093555,0.9151683554447428
15198,24198,High,High,0.9125287864649237,0.030808864762596505,0.056662348772479824
7460,16460,Medium,Medium,0.028513498484244577,0.04141766623232169,0.9300688352834338
36579,45579,Medium,Medium,0.03605697829364052,0.04067480228756543,0.923268219418794
23017,32017,High,High,0.8691431919958744,0.03661269259758019,0.09424411540654543
6307,15307,High,High,0.9063470671068506,0.03420589961827294,0.05944703327487628
20974,29974,Medium,Medium,0.03870147247560501,0.04542165849661175,0.9158768690277833
22621,31621,Low,Low,0.02687874464344463,0.8701924149500373,0.10292884040651805
23971,32971,Medium,Medium,0.033180050958474275,0.03583822920293702,0.9309817198385887
12780,21780,Low,Low,0.033091612461193375,0.9054638517199568,0.06144453581884981
37905,46905,High,High,0.909233816731434,0.032123951544775035,0.05864223172379104
10852,19852,Medium,Medium,0.041735944851163526,0.043095699704093555,0.9151683554447428
12147,21147,Medium,High,0.8893593025189651,0.03090673355194831,0.07973396392908655
23484,32484,Medium,Medium,0.03605697829364052,0.04067480228756543,0.923268219418794
31260,40260,Medium,Medium,0.026931731844330408,0.48423055229770257,0.48883771585796704
37418,46418,Low,Low,0.030271272301229793,0.9096913355941769,0.060037392104593225
5549,14549,Medium,Medium,0.026293840323421736,0.028771795854392216,0.9449343638221861
19171,28171,Medium,Medium,0.03543990262145342,0.03765541524360161,0.926904682134945
38126,47126,High,High,0.9151704832411828,0.029548947488529265,0.055280569270287995
31497,40497,Medium,Medium,0.03468226490118656,0.041661101656071294,0.9236566334427421
39620,48620,Medium,Medium,0.035920552058395165,0.04038756565158205,0.9236918822900227
18077,27077,Medium,Medium,0.033180050958474275,0.03583822920293702,0.9309817198385887
31121,40121,High,High,0.9099458689598774,0.032027959537247234,0.0580261715028754
13380,22380,High,High,0.909257377179999,0.03251017289960153,0.058232449920399554
29494,38494,Medium,Medium,0.033180050958474275,0.03583822920293702,0.9309817198385887
31971,40971,High,High,0.7723847114131358,0.0999446872722493,0.12767060131461475
24846,33846,Medium,Medium,0.02737609594205125,0.028786148206660842,0.9438377558512879
37715,46715,Low,Medium,0.03545321301751894,0.038381720044648314,0.9261650669378327
36140,45140,Medium,Medium,0.1468198681590367,0.22981497473155507,0.6233651571094082
4151,13151,Medium,Medium,0.03360618190925103,0.03537188272153591,0.9310219353692131
36207,45207,Low,Low,0.030012350431972715,0.912220815364134,0.057766834203893204
14815,23815,Medium,Medium,0.03858315269713807,0.03854956107853999,0.922867286224322
31843,40843,Medium,Medium,0.03682978921075033,0.03293783146758075,0.930232379321669
6596,15596,Medium,Medium,0.03753179148653995,0.03941355341978355,0.9230546550936766
21731,30731,Medium,Medium,0.03639743097788712,0.043636592088238474,0.9199659769338745
20068,29068,Medium,Medium,0.034048438793915205,0.03634953130100874,0.9296020299050761
3373,12373,Medium,Medium,0.03543990262145342,0.03765541524360161,0.926904682134945
6692,15692,High,High,0.9166827105506784,0.028555880071257488,0.05476140937806424
23835,32835,Low,Medium,0.03858315269713807,0.03854956107853999,0.922867286224322
5169,14169,Medium,Medium,0.03776300846361236,0.03897014313858269,0.9232668483978049
39581,48581,Medium,Medium,0.03605697829364052,0.04067480228756543,0.923268219418794
39284,48284,Medium,High,0.9105506773061288,0.03192698767023717,0.05752233502363408
5568,14568,Medium,Medium,0.06809202524256663,0.04277029421458901,0.8891376805428445
6084,15084,Medium,Medium,0.031081398077857637,0.03229343241722573,0.9366251695049167
28200,37200,Medium,Medium,0.037290440652083,0.04062454642331669,0.9220850129246002
16133,25133,Low,Low,0.03126099179964263,0.9084059356117201,0.060333072588637245
37970,46970,Medium,Medium,0.03753179148653995,0.03941355341978355,0.9230546550936766
12703,21703,Medium,Medium,0.04047619533245145,0.03930601473323875,0.9202177899343099
236,9236,Low,Low,0.02937059641955764,0.9135403846961366,0.057089018884305676
29654,38654,Low,Low,0.03246958617085059,0.9051323269295041,0.062398086899645266
24741,33741,Medium,Medium,0.03869470125658833,0.037912580265999495,0.9233927184774121
6528,15528,Medium,Medium,0.0664518316358848,0.0685456038640138,0.8650025645001014
11932,20932,High,High,0.9090535149191168,0.03225018457442944,0.0586963005064538
14911,23911,High,Medium,0.041735944851163526,0.043095699704093555,0.9151683554447428
14298,23298,Medium,Medium,0.03834180186268112,0.03976055408207312,0.9218976440552457
28966,37966,Medium,Medium,0.041735944851163526,0.043095699704093555,0.9151683554447428
17155,26155,Medium,Medium,0.04335478342609436,0.041439715035930226,0.9152055015379753
35405,44405,Low,Low,0.03215627863218703,0.9072055292009374,0.060638192166875514
7721,16721,High,High,0.9108014961575028,0.03188953315357862,0.05730897068891843
30486,39486,Medium,Medium,0.3272336284775039,0.031094491178034905,0.6416718803444611
35932,44932,Medium,Medium,0.03858315269713807,0.03854956107853999,0.922867286224322
34625,43625,High,High,0.9088581714609738,0.031932872334026176,0.059208956205000024
26602,35602,Medium,Medium,0.030655267127080884,0.032759778898626836,0.9365849539742923
34648,43648,Low,Low,0.037953481689175235,0.8309949983906203,0.1310515199202044
35385,44385,High,High,0.9017824004306799,0.029592229628281345,0.06862536994103889
31254,40254,Medium,Medium,0.03858315269713807,0.03854956107853999,0.922867286224322
11180,20180,Medium,Medium,0.040096575772293676,0.046535533946589734,0.9133678902811165
1034,10034,High,High,0.7130792044795214,0.16756080533386528,0.11935999018661335
34037,43037,Low,Low,0.18016249155286876,0.7579939106552332,0.061843597791897964
23787,32787,High,High,0.8461104012253283,0.08567214699522109,0.06821745177945056
36787,45787,High,High,0.9115598309646146,0.031045152796229446,0.05739501623915596
35124,44124,Low,Medium,0.1078818112128317,0.03728656886179848,0.8548316199253697
4211,13211,Low,Low,0.03468561964951915,0.6149698461097101,0.3503445342407707
1753,10753,Low,Low,0.028503271696473927,0.9029634979670996,0.06853323033642657
24047,33047,Low,Low,0.03215627863218703,0.9072055292009374,0.060638192166875514
22225,31225,Low,Low,0.08370359822609046,0.7281627697370224,0.18813363203688704
35936,44936,High,High,0.9078269485235083,0.034688258908975395,0.05748479256751626
34034,43034,Medium,Medium,0.03791968014826989,0.03620060503114854,0.9258797148205815
27271,36271,Low,Low,0.03246958617085059,0.9051323269295041,0.062398086899645266
12016,21016,Medium,Medium,0.03284606838136416,0.03837809996563258,0.9287758316530033
14052,23052,Low,Low,0.03246958617085059,0.9051323269295041,0.062398086899645266
37758,46758,Medium,Medium,0.03739469584915489,0.028901746006730438,0.9337035581441148
27358,36358,Low,Low,0.026742551318457337,0.8817742594038304,0.09148318927771232
9551,18551,High,High,0.897490822500065,0.036872828778011214,0.06563634872192385
9414,18414,Medium,Medium,0.041735944851163526,0.043095699704093555,0.9151683554447428
19726,28726,Low,Low,0.033022022332792576,0.7414596146618173,0.22551836300539
15114,24114,Low,Low,0.03340491999985694,0.9033906494485234,0.06320443055161956
10969,19969,High,High,0.9088581714609738,0.031932872334026176,0.059208956205000024
18520,27520,High,High,0.9105506773061288,0.03192698767023717,0.05752233502363408
27971,36971,High,High,0.9112428053133775,0.031139424966911074,0.057617769719711436
20069,29069,Medium,Medium,0.03858315269713807,0.03854956107853999,0.922867286224322
19711,28711,Medium,Medium,0.03753179148653995,0.03941355341978355,0.9230546550936766
31882,40882,Low,Low,0.02945204661775766,0.9128776713182786,0.05767028206396375
22464,31464,Medium,Medium,0.03753179148653995,0.03941355341978355,0.9230546550936766
9250,18250,Low,Medium,0.028748368779639166,0.03514272709269443,0.9361089041276665
16285,25285,Medium,Medium,0.03731223364791225,0.03987447464820133,0.9228132917038864
7593,16593,Low,Low,0.034857897863518575,0.901899547682364,0.06324255445411749
17968,26968,High,Medium,0.03179596948863568,0.07208408002335963,0.8961199504880047
34022,43022,Medium,Medium,0.038682254546927725,0.04272234388274617,0.9185954015703262
30467,39467,Low,Low,0.04526498370404986,0.8326362466766533,0.12209876961929694
3255,12255,Medium,Medium,0.03465754311984915,0.034507890380292346,0.9308345664998585
24593,33593,Medium,Medium,0.06566009673192064,0.04500476801195882,0.8893351352561205
1301,10301,High,High,0.909233816731434,0.032123951544775035,0.05864223172379104
25897,34897,Low,Low,0.026505879581022795,0.9195007673213259,0.05399335309765119
21752,30752,Low,Low,0.03340491999985694,0.9033906494485234,0.06320443055161956
5633,14633,Low,Low,0.06158377769740055,0.8560050689116842,0.08241115339091527
19773,28773,Low,Low,0.030012350431972715,0.912220815364134,0.057766834203893204
31677,40677,High,High,0.9106617111904272,0.031798794556409916,0.057539494253162925
12452,21452,Medium,High,0.7777489693888809,0.031203823733146896,0.19104720687797228
12892,21892,High,High,0.9140809974718422,0.03039417292282723,0.055524829605330485
39907,48907,Low,Low,0.028417294739558684,0.916249860820094,0.05533284444034733
15597,24597,Low,Low,0.03899673011662715,0.9062995233083943,0.05470374657497847
9346,18346,High,Medium,0.03776300846361236,0.03897014313858269,0.9232668483978049
38153,47153,Medium,Low,0.07781436175812563,0.7734668839214386,0.14871875432043577
3770,12770,Medium,Medium,0.036736176757062665,0.04160803210029409,0.9216557911426433
12603,21603,Medium,Medium,0.03347192029441353,0.03432883424797566,0.9321992454576109
23341,32341,Low,Low,0.029225870185691467,0.9102518228412322,0.06052230697307629
3666,12666,High,High,0.9057329129284813,0.03388747048818707,0.06037961658333152
7382,16382,Low,Low,0.026505879581022795,0.9195007673213259,0.05399335309765119
39444,48444,High,High,0.9066652505039617,0.03376696241760249,0.059567787078435776
19977,28977,High,High,0.9107663139521344,0.03174966253115987,0.057484023516705736
37480,46480,Medium,Medium,0.03478855299019982,0.04293093214580562,0.9222805148639944
1661,10661,Medium,Medium,0.026293840323421736,0.028771795854392216,0.9449343638221861
39388,48388,Medium,Medium,0.032315524526718736,0.038336439629810426,0.9293480358434708
23854,32854,High,High,0.9132664709505128,0.03039067362348961,0.056342855425997686
12073,21073,Low,Low,0.026505879581022795,0.9195007673213259,0.05399335309765119
17987,26987,High,High,0.9059455444981147,0.034610132154841794,0.059444323347043554
34638,43638,Medium,Low,0.2993875915622028,0.5105029291002999,0.19010947933749736
35404,44404,Low,Low,0.07210661029096078,0.8573145945761286,0.07057879513291059
7257,16257,High,High,0.9047867685384513,0.03512915884971251,0.0600840726118362
36903,45903,Medium,Medium,0.03876603276609738,0.04220159209589083,0.9190323751380118
5050,14050,Low,Low,0.029755532019790656,0.6760719009389838,0.29417256704122535
37094,46094,High,High,0.9122879968031666,0.03078346728870591,0.05692853590812757
34381,43381,Medium,Medium,0.03605697829364052,0.04067480228756543,0.923268219418794
16372,25372,High,High,0.9053099547035964,0.03678536713264225,0.057904678163761346
5915,14915,Low,Low,0.029709844464203206,0.908636193915183,0.06165396162061376
12457,21457,High,High,0.9035551397064329,0.03786803903600567,0.05857682125756159
1957,10957,Medium,Medium,0.03384171758629398,0.03545394075045565,0.9307043416632504
30292,39292,High,High,0.8990264529290363,0.030779305826419145,0.07019424124454464
4525,13525,Medium,Medium,0.04396376392831091,0.07750214615066492,0.8785340899210241
4352,13352,Low,Low,0.03499138932092644,0.9017258810131836,0.06328272966588984
39036,48036,High,High,0.897490822500065,0.036872828778011214,0.06563634872192385
27364,36364,Medium,Medium,0.03507389371562597,0.29185883395725826,0.6730672723271157
11030,20030,High,Medium,0.03119226087703726,0.03202516173994931,0.9367825773830134
29436,38436,Medium,Medium,0.03467425569885282,0.06351142810273812,0.9018143161984091
27985,36985,Low,Low,0.027553908593951976,0.9167552787128296,0.05569081269321833
20955,29955,Low,Low,0.028410072462220586,0.9147626005235937,0.0568273270141856
1817,10817,Medium,Medium,0.03622844401212392,0.04082716598061655,0.9229443900072596
17747,26747,Low,Low,0.06350541806320835,0.85052952207761,0.08596505985918163
27085,36085,Low,Low,0.026552393876343006,0.9131413653468118,0.06030624077684523
11598,20598,Medium,Low,0.026505879581022795,0.9195007673213259,0.05399335309765119
3356,12356,Medium,Medium,0.04428261849700252,0.04461483903366637,0.911102542469331
17868,26868,High,High,0.9063470671068506,0.03420589961827294,0.05944703327487628
7884,16884,Medium,Medium,0.038925149599272506,0.04252534684700873,0.9185495035537188
5801,14801,Low,Low,0.02840401760482848,0.9156231599267749,0.0559728224683966
30548,39548,Medium,Medium,0.031959278691915526,0.03743942941462728,0.9306012918934572
22587,31587,Medium,Medium,0.2927788803325192,0.033872428748992094,0.6733486909184886
7702,16702,Medium,Medium,0.039612555446097875,0.03966612885222009,0.920721315701682
12560,21560,Medium,Medium,0.07220695590750954,0.08058696648989411,0.8472060776025963
6495,15495,High,High,0.9133141147122105,0.028556021157900707,0.05812986412988894
34669,43669,Medium,Medium,0.03605697829364052,0.04067480228756543,0.923268219418794
12305,21305,Medium,Medium,0.0449460910458707,0.04696379508105783,0.9080901138730715
21127,30127,Medium,Medium,0.03858315269713807,0.03854956107853999,0.922867286224322
32570,41570,Medium,Medium,0.03439125985168907,0.05452470639049909,0.9110840337578118
8905,17905,High,High,0.9066652505039617,0.03376696241760249,0.059567787078435776
23460,32460,High,High,0.9109776747800821,0.031606665951356194,0.05741565926856163
1463,10463,Low,Low,0.04510734769383392,0.8980869091737064,0.05680574313245961
30174,39174,Medium,Medium,0.033192741050358,0.03738917355037854,0.9294180853992634
2473,11473,Medium,Medium,0.03858315269713807,0.03854956107853999,0.922867286224322
25750,34750,Low,Low,0.027683873817576508,0.915776528984699,0.05653959719772437
7564,16564,Medium,Medium,0.03791968014826989,0.03620060503114854,0.9258797148205815
34185,43185,High,High,0.903863522183212,0.028804437956188478,0.06733203986059948
26134,35134,Medium,Medium,0.03527114626268923,0.03812634346140507,0.9266025102759058
1473,10473,Medium,Medium,0.041377568240270474,0.04242187259119545,0.916200559168534
31207,40207,High,High,0.9078842322134619,0.03432267120941295,0.05779309657712522
30441,39441,High,High,0.9083195833471379,0.03304328680495124,0.05863712984791076
11570,20570,Low,Low,0.031473546194440864,0.9072347726950083,0.061291681110550944
16989,25989,Low,Low,0.026505879581022795,0.9195007673213259,0.05399335309765119
19581,28581,High,High,0.91315800572848,0.030934081990507734,0.05590791228101231
25913,34913,Medium,Medium,0.036736176757062665,0.04160803210029409,0.9216557911426433
12825,21825,Medium,Medium,0.026293840323421736,0.028771795854392216,0.9449343638221861
29541,38541,Low,Low,0.03545421278202577,0.9068272366805891,0.05771855053738514
27207,36207,Low,Low,0.026505879581022795,0.9195007673213259,0.05399335309765119
29361,38361,Low,Low,0.032306937305981505,0.9056660859863177,0.06202697670770075
27480,36480,Low,Low,0.028793042917217206,0.8936300386961952,0.07757691838658753
27000,36000,High,High,0.9090024591856997,0.032546340558688304,0.05845120025561221
18320,27320,Medium,Medium,0.033180050958474275,0.03583822920293702,0.9309817198385887
31832,40832,Low,Low,0.03262253457419221,0.8603261158249443,0.10705134960086353
35075,44075,Medium,Medium,0.031321645363194976,0.04743099269320308,0.921247361943602
22637,31637,High,Medium,0.052459569481026945,0.05172141084487782,0.8958190196740953
23883,32883,Medium,Medium,0.03021944990071065,0.032813466552639864,0.9369670835466496
7149,16149,Low,Low,0.03217379358072082,0.9091991140626167,0.058627092356662504
30172,39172,Medium,Medium,0.03423886815203366,0.03588294168739504,0.9298781901605713
1423,10423,Low,Low,0.03246958617085059,0.9051323269295041,0.062398086899645266
27517,36517,Low,Low,0.030012350431972715,0.912220815364134,0.057766834203893204
1671,10671,Medium,Medium,0.03878715074213515,0.041993522214537594,0.9192193270433272
222,9222,Medium,Medium,0.057839221270356546,0.04109059325343627,0.9010701854762072
39006,48006,High,Medium,0.041735944851163526,0.043095699704093555,0.9151683554447428
10441,19441,Medium,Medium,0.03605697829364052,0.04067480228756543,0.923268219418794
27576,36576,Medium,Low,0.035259771912522005,0.8992465040344587,0.06549372405301927
38818,47818,Low,Low,0.1173954113166835,0.6146618964655557,0.2679426922177608
37054,46054,Medium,Medium,0.03163410539963611,0.03629598762087333,0.9320699069794905
30067,39067,Low,Low,0.03810549566493963,0.9051566640744446,0.05673784026061573
24411,33411,Medium,Medium,0.037677330197082214,0.04239827942065683,0.919924390382261
33648,42648,Low,Low,0.02834199362552205,0.9154098613841075,0.05624814499037036
27104,36104,Medium,Medium,0.03306804394811813,0.03779936345938725,0.9291325925924947
18264,27264,Medium,Medium,0.03582284210241133,0.03821343500531877,0.9259637228922699
34896,43896,Medium,Low,0.03345537870485611,0.9121768857737172,0.05436773552142656
13257,22257,High,High,0.9077265040212018,0.03515367351712793,0.0571198224616703
7789,16789,Low,Medium,0.0346641561482836,0.31623531009791545,0.649100533753801
7656,16656,Low,Low,0.026750853866676805,0.9163592157849908,0.056889930348332333
19850,28850,Medium,Medium,0.03834180186268112,0.03976055408207312,0.9218976440552457
39500,48500,Medium,Medium,0.026293840323421736,0.028771795854392216,0.9449343638221861
16985,25985,High,High,0.9100227610813011,0.03238568097139899,0.05759155794730003
32083,41083,Medium,Medium,0.03163410539963611,0.03629598762087333,0.9320699069794905
36795,45795,Medium,Medium,0.031959278691915526,0.03743942941462728,0.9306012918934572
20803,29803,High,High,0.9109776747800821,0.031606665951356194,0.05741565926856163
28617,37617,Medium,Medium,0.03858315269713807,0.03854956107853999,0.922867286224322
1328,10328,High,High,0.9047867685384513,0.03512915884971251,0.0600840726118362
31053,40053,Medium,Medium,0.11949874408328949,0.2152186325319184,0.665282623384792
24919,33919,High,High,0.9183275713898787,0.02854656487736677,0.05312586373275452
10573,19573,Medium,Medium,0.03465754311984915,0.034507890380292346,0.9308345664998585
15238,24238,High,High,0.6828480710735594,0.25862868323938326,0.058523245687057385
15418,24418,High,High,0.9183275713898787,0.02854656487736677,0.05312586373275452
2331,11331,Medium,High,0.909233816731434,0.032123951544775035,0.05864223172379104
27238,36238,High,High,0.9088581714609738,0.031932872334026176,0.059208956205000024
32339,41339,Low,Low,0.03151452461977195,0.9085250985329401,0.05996037684728798
6751,15751,Medium,Medium,0.041377568240270474,0.04242187259119545,0.916200559168534
23424,32424,Medium,Medium,0.03527114626268923,0.03812634346140507,0.9266025102759058
2418,11418,Low,Low,0.028220572011817824,0.9176382740182515,0.05414115396993056
35246,44246,High,High,0.9132605524795853,0.030672469928914592,0.05606697759150015
20219,29219,High,High,0.9119496103758179,0.030587637498027467,0.05746275212615464
5353,14353,Low,Low,0.03347986077245769,0.9074358039292276,0.05908433529831464
33866,42866,Medium,Medium,0.08321382907393578,0.04051579071481248,0.8762703802112517
28560,37560,Medium,Medium,0.03123719039367685,0.03767244002319973,0.9310903695831234
19526,28526,Low,Low,0.033685958484356966,0.9047632266158097,0.061550814899833294
36901,45901,Medium,Medium,0.03878715074213515,0.041993522214537594,0.9192193270433272
15694,24694,Low,Low,0.027297156840295076,0.915646748488616,0.05705609467108879
15082,24082,Medium,Medium,0.031130902304663588,0.036402609533465406,0.932466488161871
34442,43442,Medium,Medium,0.054890457991088465,0.05892188178134044,0.8861876602275712
36178,45178,Low,Low,0.030786871163527352,0.9096120284118582,0.05960110042461447
24152,33152,Medium,Medium,0.03858315269713807,0.03854956107853999,0.922867286224322
28156,37156,Medium,Medium,0.07586934315065066,0.053439016885028785,0.8706916399643205
26684,35684,Medium,Medium,0.036637074907273005,0.03743524929608791,0.9259276757966391
11899,20899,High,High,0.9112111055611182,0.03207878869866194,0.05671010574021982
21808,30808,Medium,Medium,0.04382405216433882,0.04129267696077681,0.9148832708748844
1810,10810,Medium,Medium,0.03776300846361236,0.03897014313858269,0.9232668483978049
15573,24573,High,Medium,0.03858315269713807,0.03854956107853999,0.922867286224322
35693,44693,High,High,0.8202813625243607,0.11537283650211934,0.06434580097352001
15496,24496,Medium,Medium,0.03590852036894148,0.034785298723244616,0.9293061809078139
9125,18125,Low,Low,0.033091612461193375,0.9054638517199568,0.06144453581884981
15307,24307,Low,Low,0.02680348006918357,0.8726548155804957,0.10054170435032067
18404,27404,High,High,0.9019952421787499,0.03859857210697978,0.059406185714270233
3113,12113,Low,Medium,0.3224162179150442,0.028684779268965167,0.6488990028159907
10923,19923,Medium,Medium,0.08202453544599052,0.09010442773033057,0.8278710368236789
20977,29977,High,High,0.9073928063104431,0.035661852568190926,0.056945341121365976
11368,20368,Medium,Medium,0.03595511254097942,0.04932651568370186,0.9147183717753187
33012,42012,Medium,Medium,0.033615111596767826,0.03646105163950667,0.9299238367637255
21162,30162,Low,Low,0.05481741087406768,0.7487518719239366,0.19643071720199579
34658,43658,Medium,Medium,0.07594607279042416,0.41027013151189196,0.5137837956976838
23948,32948,Medium,Medium,0.026293840323421736,0.028771795854392216,0.9449343638221861
33966,42966,Medium,Medium,0.026845852421714195,0.14450159896461792,0.8286525486136679
36181,45181,Low,High,0.911200299304263,0.030688380085484853,0.05811132061025218
26363,35363,Low,Low,0.030271272301229793,0.9096913355941769,0.060037392104593225
27777,36777,Medium,Medium,0.03791968014826989,0.03620060503114854,0.9258797148205815
1813,10813,Low,Low,0.03324227113498785,0.9039244085053371,0.06283332035967504
38009,47009,Low,Low,0.027989533307527948,0.9162814927339112,0.05572897395856069
5678,14678,Medium,Medium,0.11468687774904823,0.36824285798410505,0.5170702642668465
25745,34745,High,High,0.9059455444981147,0.034610132154841794,0.059444323347043554
37807,46807,Low,Medium,0.026293840323421736,0.028771795854392216,0.9449343638221861
36452,45452,Medium,Medium,0.035150109879082035,0.040163166374005854,0.9246867237469121
2432,11432,Medium,Medium,0.03753179148653995,0.03941355341978355,0.9230546550936766
6226,15226,Medium,Medium,0.03858315269713807,0.03854956107853999,0.922867286224322
26889,35889,High,High,0.9084098043811574,0.03270511369423076,0.05888508192461186
37840,46840,Medium,Medium,0.03419879937920306,0.30665872687588636,0.6591424737449106
13240,22240,High,High,0.8764382730772793,0.06157859450845082,0.06198313241427004
15608,24608,Medium,Medium,0.029950213315461726,0.0328369223149678,0.9372128643695704
22090,31090,High,High,0.9090024591856997,0.032546340558688304,0.05845120025561221
1575,10575,Medium,Medium,0.03859518438659174,0.04415182800687742,0.9172529876065308
38760,47760,Medium,Medium,0.32382610243244964,0.059129869339542784,0.6170440282280075
7657,16657,High,High,0.909233816731434,0.032123951544775035,0.05864223172379104
20982,29982,Medium,Medium,0.031959278691915526,0.03743942941462728,0.9306012918934572
18159,27159,Medium,Medium,0.03858315269713807,0.03854956107853999,0.922867286224322
33713,42713,Low,Low,0.03499138932092644,0.9017258810131836,0.06328272966588984
33960,42960,High,High,0.6194002813567453,0.02859503514555652,0.3520046834976982
9786,18786,High,High,0.9066652505039617,0.03376696241760249,0.059567787078435776
23848,32848,Medium,Medium,0.042028597836850805,0.4704061627516201,0.487565239411529
39081,48081,Low,Low,0.033091612461193375,0.9054638517199568,0.06144453581884981
29333,38333,Medium,Medium,0.03753179148653995,0.03941355341978355,0.9230546550936766
37398,46398,Low,Low,0.029471629267430122,0.9102427174763492,0.06028565325622051
33449,42449,High,High,0.9104303536446926,0.03222118357032319,0.057348462784984094
12403,21403,Medium,Medium,0.04207639753541013,0.0460574895047666,0.9118661129598232
37674,46674,High,High,0.9078842322134619,0.03432267120941295,0.05779309657712522
38002,47002,Medium,Medium,0.036395724072816056,0.03864624229962105,0.9249580336275628
15348,24348,Medium,Medium,0.0336255423707769,0.03700041709877781,0.9293740405304453
553,9553,High,High,0.9037014674586046,0.03512197230382721,0.06117656023756826
37881,46881,Medium,Medium,0.19847476748781837,0.02900698721423219,0.7725182452979494
39768,48768,Medium,Medium,0.031880230173454,0.08280044777215702,0.8853193220543889
20282,29282,Low,High,0.9106617111904272,0.031798794556409916,0.057539494253162925
18505,27505,Medium,Medium,0.43924558857956936,0.09100111822540731,0.4697532931950234
2678,11678,Medium,Medium,0.036395724072816056,0.03864624229962105,0.9249580336275628
38278,47278,High,High,0.9099458689598774,0.032027959537247234,0.0580261715028754
21928,30928,Low,Low,0.030447130364203653,0.8886521421245348,0.08090072751126144
10015,19015,Low,Low,0.033091612461193375,0.9054638517199568,0.06144453581884981
34433,43433,Medium,Medium,0.03753179148653995,0.03941355341978355,0.9230546550936766
37600,46600,Medium,Medium,0.041735944851163526,0.043095699704093555,0.9151683554447428
2497,11497,High,High,0.9099799340236695,0.03241147280926985,0.057608593167060525
35729,44729,Low,Low,0.029225870185691467,0.9102518228412322,0.06052230697307629
39080,48080,Medium,Medium,0.03858315269713807,0.03854956107853999,0.922867286224322
13982,22982,Medium,Medium,0.03878715074213515,0.041993522214537594,0.9192193270433272
16635,25635,High,High,0.9080916209840465,0.033144050894901196,0.05876432812105236
33817,42817,High,High,0.9119496103758179,0.030587637498027467,0.05746275212615464
37479,46479,Low,Low,0.026505879581022795,0.9195007673213259,0.05399335309765119
21680,30680,Low,Low,0.02840401760482848,0.9156231599267749,0.0559728224683966
29826,38826,Low,Low,0.033091612461193375,0.9054638517199568,0.06144453581884981
16051,25051,High,Medium,0.0449460910458707,0.04696379508105783,0.9080901138730715
25153,34153,Low,High,0.9096088659232345,0.03290192996432659,0.057489204112438935
23752,32752,Low,Low,0.02840401760482848,0.9156231599267749,0.0559728224683966
21054,30054,Medium,Medium,0.03902283831523114,0.21912033058620953,0.7418568310985593
31327,40327,Medium,Medium,0.03461080035859227,0.07805879277682777,0.8873304068645799
21920,30920,Medium,Medium,0.041735944851163526,0.043095699704093555,0.9151683554447428
13919,22919,Medium,Medium,0.03858315269713807,0.03854956107853999,0.922867286224322
37138,46138,Medium,Low,0.04624892236000581,0.5016405708478229,0.4521105067921713
12084,21084,Medium,Medium,0.03753179148653995,0.03941355341978355,0.9230546550936766
33891,42891,Low,Low,0.030485921825736364,0.9103945752209109,0.059119502953352665
26848,35848,Low,Low,0.026505879581022795,0.9195007673213259,0.05399335309765119
39827,48827,Low,Medium,0.10644701133723707,0.04187908218786027,0.8516739064749026
35425,44425,Medium,Medium,0.03858315269713807,0.03854956107853999,0.922867286224322
39262,48262,Medium,Medium,0.0457305986075405,0.047171275712554826,0.9070981256799047
3155,12155,Low,Medium,0.041331531269212574,0.04351206562844506,0.9151564031023423
2006,11006,Low,Low,0.029820937199866757,0.9109030762384279,0.05927598656170535
5192,14192,High,High,0.9066652505039617,0.03376696241760249,0.059567787078435776
17646,26646,Medium,Medium,0.034048438793915205,0.03634953130100874,0.9296020299050761
2949,11949,Low,Low,0.02656725940937804,0.9110150621477954,0.06241767844282655
19668,28668,Low,Low,0.02845337399751681,0.9123728627385836,0.05917376326389962
35060,44060,Low,Low,0.030537456727185303,0.908786578635433,0.06067596463738164
4275,13275,High,Medium,0.03531058982261439,0.039073617394395965,0.9256157927829897
16517,25517,Low,Low,0.03324227113498785,0.9039244085053371,0.06283332035967504
23080,32080,High,High,0.9125287864649237,0.030808864762596505,0.056662348772479824
26342,35342,High,High,0.9063470671068506,0.03420589961827294,0.05944703327487628
4026,13026,High,High,0.9153438687615503,0.02912212508046846,0.055534006157981396
25200,34200,High,High,0.9099458689598774,0.032027959537247234,0.0580261715028754
3878,12878,High,High,0.9125287864649237,0.030808864762596505,0.056662348772479824
26313,35313,High,High,0.9099458689598774,0.032027959537247234,0.0580261715028754
15140,24140,High,High,0.9025521056661855,0.030878888249898272,0.06656900608391632
3944,12944,Medium,High,0.868593576475198,0.05008986974128334,0.08131655378351875
19927,28927,High,High,0.9090024591856997,0.032546340558688304,0.05845120025561221
16083,25083,High,High,0.9099004709424481,0.0345878839234185,0.055511645134133446
4260,13260,Medium,Medium,0.038682254546927725,0.04272234388274617,0.9185954015703262
28367,37367,High,High,0.9136875499535387,0.030352148210033614,0.0559603018364277
18805,27805,Medium,Medium,0.034414227133848584,0.041602161981964314,0.9239836108841871
31487,40487,Medium,Medium,0.03066625325074049,0.02881840153869422,0.9405153452105653
18172,27172,Medium,Medium,0.03543990262145342,0.03765541524360161,0.926904682134945
38715,47715,Medium,Medium,0.032491171752694344,0.0316997739598817,0.9358090542874239
26522,35522,Medium,Medium,0.026293840323421736,0.028771795854392216,0.9449343638221861
37914,46914,Low,Low,0.03029421986633947,0.9072061385139781,0.06249964161968241
11832,20832,Low,Low,0.06146653300148334,0.8570204465440958,0.08151302045442088
1259,10259,High,Low,0.02958201184138219,0.911898921590148,0.05851906656846979
6501,15501,Low,Low,0.033091612461193375,0.9054638517199568,0.06144453581884981
26073,35073,Low,Low,0.03532066137917942,0.9046333039201419,0.060046034700678735
30495,39495,High,High,0.911200299304263,0.030688380085484853,0.05811132061025218
25398,34398,Low,Low,0.03040879928217582,0.9095436933808688,0.06004750733695533
10276,19276,Medium,Medium,0.03834180186268112,0.03976055408207312,0.9218976440552457
20676,29676,Medium,Medium,0.03466186181981969,0.03503335869041295,0.9303047794897674
33681,42681,Medium,Medium,0.033579720166116184,0.3319372015984054,0.6344830782354784
11787,20787,Low,Low,0.03126099179964263,0.9084059356117201,0.060333072588637245
39192,48192,Medium,Medium,0.0371734941764131,0.03363195635705754,0.9291945494665294
700,9700,Medium,Medium,0.03318750694143554,0.0367469340286386,0.9300655590299258
15939,24939,Medium,Medium,0.03468226490118656,0.041661101656071294,0.9236566334427421
13876,22876,High,High,0.9148463938441928,0.030207370852316878,0.05494623530349044
4377,13377,High,High,0.9107908344161547,0.03110666419289818,0.05810250139094728
8182,17182,Medium,Medium,0.03334989907470931,0.031706729925459906,0.9349433709998308
35795,44795,Medium,Medium,0.039709657160942304,0.04273282747850573,0.917557515360552
37860,46860,High,High,0.9078842322134619,0.03432267120941295,0.05779309657712522
39154,48154,High,High,0.9167417424963197,0.02894935381165667,0.05430890369202371
10730,19730,Medium,Medium,0.03284606838136416,0.03837809996563258,0.9287758316530033
12137,21137,Medium,Medium,0.041735944851163526,0.043095699704093555,0.9151683554447428
1919,10919,Medium,Medium,0.03834180186268112,0.03976055408207312,0.9218976440552457
29262,38262,Medium,Medium,0.036637074907273005,0.03743524929608791,0.9259276757966391
5305,14305,Low,Low,0.03886519796081668,0.618323427708196,0.34281137433098735
27376,36376,Medium,Medium,0.03858315269713807,0.03854956107853999,0.922867286224322
37053,46053,Medium,Medium,0.23318512207587935,0.03212985670529228,0.7346850212188284
19219,28219,Low,Low,0.026505879581022795,0.9195007673213259,0.05399335309765119
25529,34529,Medium,Medium,0.04207639753541013,0.0460574895047666,0.9118661129598232
8907,17907,Medium,Medium,0.03521811978298027,0.04235763637783694,0.9224242438391829
31830,40830,Medium,Medium,0.0910859472803996,0.20754365905981223,0.7013703936597881
13239,22239,Medium,Medium,0.03858315269713807,0.03854956107853999,0.922867286224322
14012,23012,High,High,0.9090569422803073,0.032951381876950354,0.05799167584274235
33935,42935,Medium,Medium,0.03865689894101599,0.03974780327314969,0.9215952977858343
13986,22986,Medium,Medium,0.041735944851163526,0.043095699704093555,0.9151683554447428
8983,17983,Medium,Medium,0.038886252591924804,0.046166305018743775,0.9149474423893315
1238,10238,Medium,Medium,0.14094338790447855,0.03527765869877959,0.8237789533967419
3078,12078,Low,Low,0.033091612461193375,0.9054638517199568,0.06144453581884981
21614,30614,High,High,0.9077003594952785,0.03352746025147838,0.0587721802532433
38961,47961,High,High,0.9073734389571079,0.034284975166476675,0.05834158587641544
7064,16064,Low,Low,0.027297156840295076,0.915646748488616,0.05705609467108879
31463,40463,Medium,Medium,0.09646489666813933,0.26051055012237995,0.6430245532094808
6258,15258,Medium,Medium,0.036395724072816056,0.03864624229962105,0.9249580336275628
17015,26015,Low,Low,0.03340491999985694,0.9033906494485234,0.06320443055161956
16467,25467,Medium,Medium,0.041377568240270474,0.04242187259119545,0.916200559168534
7032,16032,Medium,Medium,0.03156046909744404,0.03582931376549672,0.9326102171370593
34229,43229,Low,Low,0.03085076426584887,0.9067133763639997,0.06243585937015139
7435,16435,Low,Low,0.04229933956581685,0.5725044167058516,0.38519624372833144
10275,19275,Medium,Medium,0.03423886815203366,0.03588294168739504,0.9298781901605713
10284,19284,Medium,Medium,0.03263847715533768,0.038372659227355936,0.9289888636173064
3057,12057,Medium,Medium,0.046878609556572505,0.06049588995210057,0.8926255004913268
19224,28224,Medium,Medium,0.03147915599707149,0.03217898185872218,0.9363418621442063
16437,25437,High,High,0.9132664709505128,0.03039067362348961,0.056342855425997686
1755,10755,Medium,Medium,0.033615111596767826,0.03646105163950667,0.9299238367637255
28660,37660,Low,Low,0.030485921825736364,0.9103945752209109,0.059119502953352665
1915,10915,Medium,High,0.909233816731434,0.032123951544775035,0.05864223172379104
2632,11632,Medium,Medium,0.026293840323421736,0.028771795854392216,0.9449343638221861
5835,14835,Low,Low,0.02840401760482848,0.9156231599267749,0.0559728224683966
22317,31317,Medium,Medium,0.036637074907273005,0.03743524929608791,0.9259276757966391
9713,18713,Medium,Medium,0.07586934315065066,0.053439016885028785,0.8706916399643205
5903,14903,High,High,0.9083362763104722,0.03404967359099818,0.05761405009852963
24224,33224,Low,Low,0.03187152794531344,0.9108381484918685,0.05729032356281804
21797,30797,Medium,Medium,0.03858315269713807,0.03854956107853999,0.922867286224322
28636,37636,Medium,Medium,0.03590852036894148,0.034785298723244616,0.9293061809078139
11429,20429,Medium,Medium,0.03791968014826989,0.03620060503114854,0.9258797148205815
17640,26640,Low,Low,0.026505879581022795,0.9195007673213259,0.05399335309765119
31765,40765,Medium,Medium,0.03527114626268923,0.03812634346140507,0.9266025102759058
12202,21202,High,High,0.9073734389571079,0.034284975166476675,0.05834158587641544
35227,44227,Low,Low,0.03155955612766461,0.908404109987691,0.060036333884644244
21039,30039,Medium,Medium,0.041331531269212574,0.04351206562844506,0.9151564031023423
5842,14842,Medium,Medium,0.0382733009279082,0.058448475841569335,0.9032782232305224
28205,37205,High,High,0.9025521056661855,0.030878888249898272,0.06656900608391632
20413,29413,Medium,Medium,0.038886252591924804,0.046166305018743775,0.9149474423893315
29297,38297,Low,Low,0.028867099920734635,0.9119756246554065,0.05915727542385879
196,9196,Low,Low,0.030823005160339978,0.9106622078583796,0.058514786981280396
10530,19530,High,High,0.9125287864649237,0.030808864762596505,0.056662348772479824
6588,15588,High,High,0.9157727869960106,0.02918564184528961,0.055041571158699835
19016,28016,Medium,Medium,0.03605697829364052,0.04067480228756543,0.923268219418794
32049,41049,Medium,Medium,0.040714095691402295,0.04007291654380401,0.9192129877647935
5475,14475,High,High,0.9124836367313854,0.030885534583738206,0.05663082868487629
23142,32142,Medium,Medium,0.026293840323421736,0.028771795854392216,0.9449343638221861
2483,11483,Medium,Medium,0.03424410226095612,0.03652518120913497,0.9292307165299089
24309,33309,High,High,0.9153438687615503,0.02912212508046846,0.055534006157981396
24884,33884,Medium,Medium,0.08887886872426766,0.040478444786870675,0.8706426864888618
28109,37109,Medium,Medium,0.038886252591924804,0.046166305018743775,0.9149474423893315
2785,11785,Low,Low,0.030485921825736364,0.9103945752209109,0.059119502953352665
5917,14917,Medium,Medium,0.041331531269212574,0.04351206562844506,0.9151564031023423
5112,14112,Low,Low,0.028642942963313045,0.9146273145750548,0.05672974246163217
24664,33664,Medium,Medium,0.0367410437092248,0.037179754536580185,0.9260792017541949
34776,43776,Medium,Medium,0.041978687579426306,0.04388335885850331,0.9141379535620704
27960,36960,Medium,Medium,0.036637074907273005,0.03743524929608791,0.9259276757966391
15090,24090,Low,Low,0.027557012354760824,0.9164282716908433,0.0560147159543958
27579,36579,Medium,Medium,0.03332982361245329,0.03495214919277483,0.9317180271947718
22036,31036,Medium,Medium,0.037290440652083,0.04062454642331669,0.9220850129246002
18076,27076,Medium,Medium,0.03753179148653995,0.03941355341978355,0.9230546550936766
23486,32486,Medium,Medium,0.03753179148653995,0.03941355341978355,0.9230546550936766
31071,40071,Medium,Medium,0.039709657160942304,0.04273282747850573,0.917557515360552
15324,24324,Medium,Medium,0.037290440652083,0.04062454642331669,0.9220850129246002
8558,17558,High,High,0.909233816731434,0.032123951544775035,0.05864223172379104
13018,22018,Low,Low,0.02863931870337962,0.9126641860299842,0.05869649526663623
12380,21380,Medium,Medium,0.03500269786888562,0.038634017065361466,0.9263632850657529
6070,15070,High,High,0.7316784477019936,0.13700108674413156,0.1313204655538748
23907,32907,Medium,Medium,0.03753179148653995,0.03941355341978355,0.9230546550936766
4549,13549,Low,Low,0.17795900274202894,0.7613781543357655,0.06066284292220553
3832,12832,High,High,0.9078842322134619,0.03432267120941295,0.05779309657712522
19453,28453,High,High,0.9084098043811574,0.03270511369423076,0.05888508192461186
25962,34962,High,High,0.9121834604041661,0.03434064358168942,0.05347589601414452
1809,10809,Medium,Medium,0.026293840323421736,0.028771795854392216,0.9449343638221861
23199,32199,Low,Low,0.09310284372739018,0.8471699423765586,0.05972721389605121
10809,19809,Low,Low,0.026505879581022795,0.9195007673213259,0.05399335309765119
4983,13983,Medium,Medium,0.03543990262145342,0.03765541524360161,0.926904682134945
34895,43895,Low,Medium,0.19673104623363188,0.1608904199663113,0.6423785338000568
17069,26069,High,High,0.9147724329018162,0.029669542255871623,0.05555802484231234
18713,27713,High,High,0.9158808407848823,0.02984018915115814,0.05427897006395954
34988,43988,Low,Low,0.026726417165129523,0.8854480887924149,0.08782549404245558
10613,19613,High,High,0.9100028132798941,0.032062440148106296,0.05793474657199971
5492,14492,Medium,Medium,0.36917451789748806,0.04420552977703127,0.5866199523254807
11029,20029,Medium,Medium,0.041377568240270474,0.04242187259119545,0.916200559168534
30943,39943,Medium,Medium,0.03834180186268112,0.03976055408207312,0.9218976440552457
37031,46031,Medium,Medium,0.03582284210241133,0.03821343500531877,0.9259637228922699
31155,40155,Low,Low,0.030485921825736364,0.9103945752209109,0.059119502953352665
21323,30323,Medium,Medium,0.038682254546927725,0.04272234388274617,0.9185954015703262
6505,15505,High,High,0.8731270160497967,0.031148457111568235,0.0957245268386351
3945,12945,High,High,0.9087022828584801,0.036001449556639524,0.05529626758488044
301,9301,Medium,Medium,0.041735944851163526,0.043095699704093555,0.9151683554447428
16609,25609,Low,Low,0.046923585875289366,0.8708627845569171,0.0822136295677935
26957,35957,Medium,Medium,0.04207639753541013,0.0460574895047666,0.9118661129598232
32731,41731,Low,Low,0.026825213946846407,0.8774896631114402,0.09568512294171348
12292,21292,Low,Low,0.05223396084313969,0.8093043247958173,0.1384617143610431
31737,40737,Medium,Medium,0.03590852036894148,0.034785298723244616,0.9293061809078139
21667,30667,Low,Low,0.03133393734496825,0.9085010213500463,0.060165041304985394
8314,17314,High,High,0.8422921019746532,0.08925521086475008,0.0684526871605967
25990,34990,Medium,Medium,0.02766375247976402,0.12323497039455578,0.8491012771256802
29479,38479,High,High,0.9019952421787499,0.03859857210697978,0.059406185714270233
32809,41809,Low,Low,0.026505879581022795,0.9195007673213259,0.05399335309765119
11765,20765,Low,Low,0.029463773804350182,0.9113068654315531,0.05922936076409671
28853,37853,Medium,Medium,0.03734453036313954,0.07486364567003097,0.8877918239668294
24050,33050,High,High,0.6588465873869153,0.029001846535935755,0.31215156607714895
6850,15850,Low,Medium,0.031970528996173996,0.12212063371945532,0.8459088372843707
30704,39704,High,Medium,0.03834180186268112,0.03976055408207312,0.9218976440552457
20719,29719,Medium,Medium,0.043695236110340964,0.04440150483660327,0.9119032590530557
38227,47227,Low,Low,0.026987977946744224,0.7395830447200057,0.23342897733325005
25813,34813,Medium,Medium,0.026750972669204166,0.0888330198450646,0.8844160074857313
30911,39911,High,High,0.9115877163228031,0.0312774693634874,0.05713481431370962
15734,24734,Medium,Medium,0.037290440652083,0.04062454642331669,0.9220850129246002
26931,35931,Low,Low,0.027557012354760824,0.9164282716908433,0.0560147159543958
30300,39300,Low,Low,0.03062422229865826,0.9101457874686717,0.059229990232669956
11244,20244,Medium,Medium,0.03527114626268923,0.03812634346140507,0.9266025102759058
23658,32658,Low,Low,0.07115316522163813,0.8419346211003603,0.0869122136780015
26715,35715,High,High,0.9035551397064329,0.03786803903600567,0.05857682125756159
19982,28982,Medium,Medium,0.0457305986075405,0.047171275712554826,0.9070981256799047
12568,21568,Medium,Medium,0.03858315269713807,0.03854956107853999,0.922867286224322
31648,40648,Medium,Medium,0.032823131023107,0.03298275426145121,0.9341941147154419
15994,24994,Medium,High,0.9098223386526577,0.03276457980643999,0.0574130815409023
26747,35747,Medium,Medium,0.04818614313264871,0.0457950356692908,0.9060188211980605
12633,21633,High,High,0.9073734389571079,0.034284975166476675,0.05834158587641544
9206,18206,Low,Low,0.028717700426261438,0.9050807761677361,0.06620152340600251
11362,20362,Medium,Medium,0.19107496910122612,0.036051425992578524,0.7728736049061954
12913,21913,High,High,0.9084098043811574,0.03270511369423076,0.05888508192461186
18502,27502,Medium,Medium,0.037290440652083,0.04062454642331669,0.9220850129246002
4210,13210,Medium,Medium,0.03858315269713807,0.03854956107853999,0.922867286224322
26186,35186,Medium,Medium,0.03973168845197802,0.03504297030605227,0.9252253412419696
12596,21596,Medium,Medium,0.15386684944486703,0.0360916576847784,0.8100414928703547
32717,41717,High,High,0.905048004077153,0.036535854201064935,0.058416141721782146
38765,47765,Medium,Medium,0.03147915599707149,0.03217898185872218,0.9363418621442063
9577,18577,Medium,Medium,0.03463389732600788,0.03752302842355097,0.9278430742504411
28598,37598,Low,Low,0.027683873817576508,0.915776528984699,0.05653959719772437
16377,25377,High,High,0.9065128135532786,0.03322301943800529,0.06026416700871626
10752,19752,Medium,Medium,0.03590852036894148,0.034785298723244616,0.9293061809078139
38108,47108,Low,Low,0.030012350431972715,0.912220815364134,0.057766834203893204
24464,33464,Medium,Medium,0.039709657160942304,0.04273282747850573,0.917557515360552
12760,21760,High,High,0.8028176627425968,0.08019111795237845,0.11699121930502483
14091,23091,Low,Low,0.031027909361675182,0.8903943888625961,0.07857770177572855
6580,15580,Low,Low,0.030012350431972715,0.912220815364134,0.057766834203893204
977,9977,Low,Low,0.027083379830413593,0.8363165532798598,0.13660006688972665
33619,42619,Medium,Medium,0.02737609594205125,0.028786148206660842,0.9438377558512879
20810,29810,High,High,0.9019952421787499,0.03859857210697978,0.059406185714270233
12469,21469,Low,Low,0.02835331579883192,0.913797794206903,0.05784888999426513
37049,46049,Medium,Medium,0.026293840323421736,0.028771795854392216,0.9449343638221861
22844,31844,Medium,Medium,0.03753179148653995,0.03941355341978355,0.9230546550936766
1541,10541,Low,Low,0.028237765080116814,0.915185283856494,0.056576951063389135
16955,25955,High,High,0.9106278207153277,0.03163824664880405,0.05773393263586831
15035,24035,Medium,Medium,0.03548633948220603,0.03646735844026872,0.9280463020775253
314,9314,Low,Low,0.03246958617085059,0.9051323269295041,0.062398086899645266
31416,40416,Medium,Medium,0.03834180186268112,0.03976055408207312,0.9218976440552457
21269,30269,Medium,High,0.9080916209840465,0.033144050894901196,0.05876432812105236
12021,21021,Medium,Medium,0.03834180186268112,0.03976055408207312,0.9218976440552457
34624,43624,Medium,Medium,0.03582284210241133,0.03821343500531877,0.9259637228922699
10932,19932,High,High,0.9183275713898787,0.02854656487736677,0.05312586373275452
39948,48948,High,High,0.8783976213473742,0.05586755269964289,0.06573482595298283
13201,22201,Medium,Medium,0.04801406528194641,0.049250257564100945,0.9027356771539526
6099,15099,Low,Low,0.03732622444588838,0.9021293015996957,0.06054447395441587
2721,11721,Medium,Medium,0.04801406528194641,0.049250257564100945,0.9027356771539526
63,9063,High,High,0.910754539567011,0.032186975995409255,0.05705848443757985
16137,25137,Medium,Medium,0.036637074907273005,0.03743524929608791,0.9259276757966391
14353,23353,High,High,0.9109776747800821,0.031606665951356194,0.05741565926856163
34969,43969,Low,Low,0.026505879581022795,0.9195007673213259,0.05399335309765119
27432,36432,High,High,0.9150037904475505,0.029247153241958344,0.05574905631049116
37446,46446,High,High,0.9151704832411828,0.029548947488529265,0.055280569270287995
33404,42404,Medium,Medium,0.03527114626268923,0.03812634346140507,0.9266025102759058
2382,11382,Low,Low,0.033091612461193375,0.9054638517199568,0.06144453581884981
17362,26362,High,High,0.9156540449974161,0.028854266608435614,0.05549168839414833
14150,23150,High,High,0.9108014961575028,0.03188953315357862,0.05730897068891843
28411,37411,Medium,Medium,0.030404230017030454,0.03355811307477189,0.9360376569081977
35949,44949,High,High,0.8837139772421937,0.02873135481568814,0.08755466794211819
14721,23721,Medium,Medium,0.03925199690269892,0.03842534216676801,0.9223226609305332
37315,46315,Medium,Medium,0.03460767371382104,0.035777387414013616,0.9296149388721653
24156,33156,High,High,0.9019952421787499,0.03859857210697978,0.059406185714270233
7609,16609,High,High,0.9035551397064329,0.03786803903600567,0.05857682125756159
30002,39002,Medium,Medium,0.03460767371382104,0.035777387414013616,0.9296149388721653
19378,28378,Medium,Medium,0.03334989907470931,0.031706729925459906,0.9349433709998308
26552,35552,High,Medium,0.03162370295816603,0.03515038591880026,0.9332259111230338
26052,35052,Medium,Medium,0.029950213315461726,0.0328369223149678,0.9372128643695704
7461,16461,Medium,Low,0.038975853217068146,0.6012742653099498,0.3597498814729821
2719,11719,Medium,Medium,0.03527114626268923,0.03812634346140507,0.9266025102759058
2273,11273,Low,Low,0.029403917680788736,0.9049293985801848,0.06566668373902636
28597,37597,Medium,Medium,0.03639743097788712,0.043636592088238474,0.9199659769338745
38071,47071,High,High,0.9144529463258891,0.030165346139523253,0.055381707534587654
2709,11709,Low,Low,0.028220572011817824,0.9176382740182515,0.05414115396993056
21153,30153,Medium,High,0.9099458689598774,0.032027959537247234,0.0580261715028754
32533,41533,Medium,Medium,0.03876603276609738,0.04220159209589083,0.9190323751380118
5359,14359,Low,Low,0.11950578780871839,0.8197942242761443,0.06069998791513722
16385,25385,High,High,0.8201256359000882,0.11212646305033358,0.06774790104957813
35389,44389,Medium,Medium,0.037995413681344604,0.035882437386814035,0.9261221489318414
19392,28392,Medium,Medium,0.03271146532998409,0.033393578597840264,0.9338949560721757
39215,48215,Medium,Medium,0.03545321301751894,0.038381720044648314,0.9261650669378327
5539,14539,Medium,Medium,0.034329122125056226,0.03714836750795674,0.928522510366987
28446,37446,Medium,Medium,0.03753179148653995,0.03941355341978355,0.9230546550936766
38393,47393,High,High,0.9131084417954236,0.030505170282618548,0.0563863879219579
35313,44313,Medium,Medium,0.03066625325074049,0.02881840153869422,0.9405153452105653
10424,19424,Medium,Medium,0.026293840323421736,0.028771795854392216,0.9449343638221861
8893,17893,Medium,Medium,0.0669902142642159,0.1754587317746986,0.7575510539610856
7592,16592,Medium,Medium,0.03318750694143554,0.0367469340286386,0.9300655590299258
5106,14106,High,High,0.9019952421787499,0.03859857210697978,0.059406185714270233
33892,42892,Medium,Medium,0.039709657160942304,0.04273282747850573,0.917557515360552
26719,35719,Low,Low,0.03324227113498785,0.9039244085053371,0.06283332035967504
13985,22985,Medium,Medium,0.03858315269713807,0.03854956107853999,0.922867286224322
34112,43112,Medium,Medium,0.055308529222915154,0.11497371927559087,0.829717751501494
22794,31794,Low,Low,0.049167600179966,0.8954335322458608,0.055398867574173095
2360,11360,Low,Low,0.026603308043727333,0.9057482909232039,0.06764840103306875
1535,10535,Medium,Medium,0.036395724072816056,0.03864624229962105,0.9249580336275628
20174,29174,Low,Low,0.029622725141640948,0.8829696033782892,0.08740767148006978
2388,11388,Low,Low,0.032625513760491144,0.908257802377575,0.05911668386193374
39990,48990,High,High,0.9106617111904272,0.031798794556409916,0.057539494253162925
28504,37504,Medium,Medium,0.038886252591924804,0.046166305018743775,0.9149474423893315
24523,33523,Low,Low,0.03499138932092644,0.9017258810131836,0.06328272966588984
35301,44301,Medium,Medium,0.031085716777828176,0.032818900727346334,0.9360953824948255
5513,14513,Low,Low,0.026505879581022795,0.9195007673213259,0.05399335309765119
3718,12718,Medium,Medium,0.06717901928676308,0.03303682021735726,0.8997841604958797
4597,13597,High,High,0.916316424437969,0.02901112772067714,0.05467244784135398
23975,32975,Medium,Medium,0.03284606838136416,0.03837809996563258,0.9287758316530033
22401,31401,Medium,Medium,0.034571864853319006,0.03793602666236649,0.9274921084843145
3854,12854,High,High,0.9144529463258891,0.030165346139523253,0.055381707534587654
17070,26070,Medium,Medium,0.038682254546927725,0.04272234388274617,0.9185954015703262
39187,48187,Medium,Medium,0.030062732386957072,0.314207622053539,0.655729645559504
16149,25149,Medium,Medium,0.24973144824278246,0.06182662418845433,0.6884419275687632
32366,41366,Low,Low,0.028410072462220586,0.9147626005235937,0.0568273270141856
34274,43274,High,High,0.9112958581771932,0.031167728750685752,0.05753641307212113
38439,47439,Medium,Medium,0.07520587060178248,0.051090060837637334,0.87370406856058
28688,37688,High,High,0.9099704053336705,0.028563162331140757,0.06146643233518876
35020,44020,High,High,0.9142265079417061,0.03056386476380939,0.05520962729448456
30998,39998,High,High,0.9096276855627664,0.03246689673791767,0.057905417699315904
36701,45701,Low,Low,0.0291297713378695,0.8942719962571473,0.07659823240498313
28435,37435,High,High,0.9089997245698473,0.033269647898772674,0.057730627531380085
26782,35782,Low,Low,0.03268410856335981,0.8943064223646906,0.07300946907194954
17714,26714,Medium,Medium,0.03858315269713807,0.03854956107853999,0.922867286224322
4276,13276,High,High,0.8764313304816147,0.030566983743264636,0.09300168577512063
23670,32670,Low,Medium,0.032491171752694344,0.0316997739598817,0.9358090542874239
7030,16030,Low,Low,0.051582265324145206,0.48399995601078666,0.46441777866506806
13040,22040,High,High,0.9066652505039617,0.03376696241760249,0.059567787078435776
36720,45720,Medium,Medium,0.03521348810776995,0.03600691876811032,0.9287795931241197
26616,35616,Low,Low,0.03215627863218703,0.9072055292009374,0.060638192166875514
13410,22410,Medium,Medium,0.03858315269713807,0.03854956107853999,0.922867286224322
32360,41360,Medium,Medium,0.03878715074213515,0.041993522214537594,0.9192193270433272
14802,23802,Medium,Medium,0.03753179148653995,0.03941355341978355,0.9230546550936766
21647,30647,Low,High,0.9019952421787499,0.03859857210697978,0.059406185714270233
28984,37984,Medium,Medium,0.07586934315065066,0.053439016885028785,0.8706916399643205
26778,35778,Medium,Medium,0.026293840323421736,0.028771795854392216,0.9449343638221861
22999,31999,High,High,0.8201256359000882,0.11212646305033358,0.06774790104957813
32779,41779,Medium,Medium,0.03021944990071065,0.032813466552639864,0.9369670835466496
11260,20260,Medium,Medium,0.041735944851163526,0.043095699704093555,0.9151683554447428
20387,29387,Medium,Medium,0.03021944990071065,0.032813466552639864,0.9369670835466496
19528,28528,Medium,Medium,0.18203627037741085,0.06710545611481056,0.7508582735077786
669,9669,Low,Low,0.026505879581022795,0.9195007673213259,0.05399335309765119
37547,46547,Medium,Medium,0.03320342065636567,0.03344046804785323,0.933356111295781
9121,18121,Low,Medium,0.03858315269713807,0.03854956107853999,0.922867286224322
35072,44072,Low,Low,0.03215627863218703,0.9072055292009374,0.060638192166875514
34124,43124,Low,Low,0.026545314185616384,0.9138279254120761,0.059626760402307494
38210,47210,High,Medium,0.03858315269713807,0.03854956107853999,0.922867286224322
23876,32876,Medium,Medium,0.03753179148653995,0.03941355341978355,0.9230546550936766
16823,25823,Medium,Medium,0.03753179148653995,0.03941355341978355,0.9230546550936766
29623,38623,Low,Low,0.028426504166472827,0.9124088495018977,0.05916464633162934
25654,34654,Low,Low,0.030012350431972715,0.912220815364134,0.057766834203893204
16793,25793,High,High,0.9056340275664962,0.03652234899255171,0.05784362344095201
28601,37601,Low,Low,0.04821585396547667,0.8965427313774059,0.055241414657117315
33170,42170,Medium,Medium,0.036637074907273005,0.03743524929608791,0.9259276757966391
12239,21239,Low,Low,0.036389138933446454,0.8993585983628622,0.06425226270369128
12297,21297,Medium,Medium,0.03284606838136416,0.03837809996563258,0.9287758316530033
7129,16129,High,High,0.9092425750905003,0.03250337773727074,0.058254047172228936
7073,16073,Low,Low,0.03324227113498785,0.9039244085053371,0.06283332035967504
4363,13363,Medium,Medium,0.031959278691915526,0.03743942941462728,0.9306012918934572
24925,33925,Medium,Medium,0.03478855299019982,0.04293093214580562,0.9222805148639944
28875,37875,Low,Low,0.030485921825736364,0.9103945752209109,0.059119502953352665
17353,26353,Medium,Medium,0.15766404277767976,0.06194951106888019,0.7803864461534401
34147,43147,Low,Low,0.03732622444588838,0.9021293015996957,0.06054447395441587
39141,48141,Medium,Medium,0.03590852036894148,0.034785298723244616,0.9293061809078139
13376,22376,Medium,Medium,0.035204633326925576,0.11319630777945916,0.8515990588936152
23003,32003,Medium,Medium,0.041377568240270474,0.04242187259119545,0.916200559168534
31034,40034,High,High,0.7919292397810894,0.14871015351247063,0.05936060670643987
9239,18239,High,High,0.9059455444981147,0.034610132154841794,0.059444323347043554
23141,32141,High,High,0.91315800572848,0.030934081990507734,0.05590791228101231
12856,21856,High,High,0.9066652505039617,0.03376696241760249,0.059567787078435776
35673,44673,Medium,Medium,0.03605697829364052,0.04067480228756543,0.923268219418794
14143,23143,Medium,Medium,0.033180050958474275,0.03583822920293702,0.9309817198385887
31524,40524,Low,Low,0.0861652481840811,0.8536320705354316,0.060202681280487315
2757,11757,Medium,Medium,0.077529236588579,0.08922503125561003,0.8332457321558109
10358,19358,Low,Low,0.026484416079787253,0.6207662313095313,0.35274935261068135
33306,42306,Medium,Medium,0.026550654914682045,0.06535815157551193,0.908091193509806
8100,17100,High,High,0.9089997245698473,0.033269647898772674,0.057730627531380085
36156,45156,Low,Low,0.049164496419157155,0.895760539267847,0.05507496431299563
39814,48814,High,High,0.8494371340653067,0.09157003469147244,0.058992831243220835
25464,34464,Low,Low,0.03062422229865826,0.9101457874686717,0.059229990232669956
15138,24138,Low,Medium,0.041669928089424636,0.25852172842926713,0.6998083434813083
1196,10196,Medium,Medium,0.03776300846361236,0.03897014313858269,0.9232668483978049
28989,37989,Low,Low,0.028642942963313045,0.9146273145750548,0.05672974246163217
24488,33488,High,High,0.9097832385874001,0.03084293622087625,0.05937382519172382
6098,15098,Low,Low,0.027099898064398265,0.8305830573757221,0.1423170445598797
15952,24952,Medium,Medium,0.04396376392831091,0.07750214615066492,0.8785340899210241
20620,29620,Medium,Low,0.026667500493269904,0.8956700219129887,0.0776624775937413
11146,20146,Low,Low,0.030271272301229793,0.9096913355941769,0.060037392104593225
28854,37854,Medium,Medium,0.03692197540327548,0.038161432074534964,0.9249165925221896
24004,33004,Medium,Medium,0.03776300846361236,0.03897014313858269,0.9232668483978049
24034,33034,High,High,0.9041881631357621,0.03676448202340346,0.05904735484083449
32715,41715,High,High,0.9059455444981147,0.034610132154841794,0.059444323347043554
21144,30144,Medium,Medium,0.034765656820689605,0.03754609611900651,0.927688247060304
39780,48780,Medium,Medium,0.041331531269212574,0.04351206562844506,0.9151564031023423
3499,12499,High,High,0.909233816731434,0.032123951544775035,0.05864223172379104
22270,31270,Low,Low,0.15453386765185964,0.7459571651994364,0.09950896714870401
15914,24914,Medium,Medium,0.03066625325074049,0.02881840153869422,0.9405153452105653
37993,46993,High,High,0.9088440373202307,0.032581466842977004,0.058574495836792355
33242,42242,Medium,Medium,0.041377568240270474,0.04242187259119545,0.916200559168534
20998,29998,High,High,0.913470333211395,0.03065066194866169,0.05587900483994344
35391,44391,Medium,Medium,0.05045531308184143,0.04366868144683652,0.9058760054713221
4544,13544,Medium,Medium,0.027152567645436696,0.02877875181997042,0.9440686805345928
36252,45252,Low,Low,0.033091612461193375,0.9054638517199568,0.06144453581884981
39294,48294,Low,Low,0.03215627863218703,0.9072055292009374,0.060638192166875514
30168,39168,High,High,0.909233816731434,0.032123951544775035,0.05864223172379104
4686,13686,Medium,Medium,0.03731223364791225,0.03987447464820133,0.9228132917038864
38703,47703,Medium,Medium,0.034341812216939945,0.03869931185539826,0.9269588759276618
8665,17665,Medium,Medium,0.030297862246078968,0.03615353825854402,0.933548599495377
24560,33560,Medium,Medium,0.033858581007373115,0.036790113171858735,0.9293513058207682
16420,25420,Medium,Medium,0.05957113701216957,0.22020973875364477,0.7202191242341857
799,9799,High,High,0.9109776747800821,0.031606665951356194,0.05741565926856163
2596,11596,High,High,0.9129441573529112,0.03017109449206601,0.056884748155022785
12707,21707,Medium,Medium,0.04335478342609436,0.041439715035930226,0.9152055015379753
24035,33035,Low,Low,0.02676404546458998,0.8783276574897457,0.09490829704566435
11448,20448,High,High,0.9007406692488473,0.04353638379794831,0.055722946953204316
29468,38468,Medium,Medium,0.03605697829364052,0.04067480228756543,0.923268219418794
37037,46037,High,High,0.9065415835356149,0.03404648694634909,0.05941192951803596
27711,36711,High,High,0.9136875499535387,0.030352148210033614,0.0559603018364277
24183,33183,Low,Low,0.032264140381127106,0.9035573520046469,0.06417850761422599
25888,34888,Medium,Medium,0.03709953591474418,0.03662118709119124,0.9262792769940645
21234,30234,Low,Low,0.030447130364203653,0.8886521421245348,0.08090072751126144
16233,25233,Low,Medium,0.0910859472803996,0.20754365905981223,0.7013703936597881
28263,37263,Medium,Medium,0.03753179148653995,0.03941355341978355,0.9230546550936766
32514,41514,Low,Low,0.02945204661775766,0.9128776713182786,0.05767028206396375
35533,44533,Medium,Medium,0.03347192029441353,0.03432883424797566,0.9321992454576109
14987,23987,Low,Low,0.03151452461977195,0.9085250985329401,0.05996037684728798
8420,17420,High,Medium,0.04359613426055131,0.04022872203239709,0.9161751437070516
13748,22748,Medium,Medium,0.028748368779639166,0.03514272709269443,0.9361089041276665
31278,40278,Medium,Medium,0.03967484338323293,0.03671251964427005,0.923612636972497
34078,43078,Low,Low,0.03094768426097906,0.9104791378831534,0.0585731778558675
19306,28306,Low,Low,0.03215627863218703,0.9072055292009374,0.060638192166875514
34127,43127,Low,Low,0.029797462709055145,0.9101933860419988,0.06000915124894598
2021,11021,Low,Low,0.03324227113498785,0.9039244085053371,0.06283332035967504
36446,45446,Medium,Medium,0.041735944851163526,0.043095699704093555,0.9151683554447428
14240,23240,High,High,0.9064546921119772,0.036631704338634184,0.0569136035493887
38339,47339,High,High,0.8886636948547978,0.03796823999810933,0.07336806514709289
22585,31585,Low,Low,0.03215627863218703,0.9072055292009374,0.060638192166875514
39700,48700,Medium,Medium,0.035334889995401846,0.04090781289613788,0.9237572971084602
7826,16826,High,High,0.9068916888881448,0.033368443793316355,0.05973986731853887
10503,19503,Medium,Medium,0.03776300846361236,0.03897014313858269,0.9232668483978049
22103,31103,Low,Low,0.03155955612766461,0.908404109987691,0.060036333884644244
15384,24384,Medium,Low,0.026941504294598767,0.9190269813424078,0.054031514362993534
12348,21348,Medium,Medium,0.03419879937920306,0.30665872687588636,0.6591424737449106
38411,47411,Medium,Medium,0.03147915599707149,0.03217898185872218,0.9363418621442063
23586,32586,Medium,Medium,0.0844530964464912,0.036029853357150116,0.8795170501963586
28349,37349,Medium,Medium,0.036395724072816056,0.03864624229962105,0.9249580336275628
5609,14609,Medium,Medium,0.03791968014826989,0.03620060503114854,0.9258797148205815
26490,35490,Medium,Medium,0.0937339905991509,0.06519018047053192,0.8410758289303172
6472,15472,High,High,0.9089997245698473,0.033269647898772674,0.057730627531380085
2092,11092,Medium,Medium,0.03284606838136416,0.03837809996563258,0.9287758316530033
12019,21019,Low,Low,0.03246958617085059,0.9051323269295041,0.062398086899645266
10525,19525,High,High,0.9131084417954236,0.030505170282618548,0.0563863879219579
707,9707,Medium,Medium,0.12517887759158566,0.04192345548621943,0.8328976669221948
6769,15769,Low,Low,0.040268938316762745,0.9047377514997398,0.05499331018349741
27619,36619,Low,Low,0.026505879581022795,0.9195007673213259,0.05399335309765119
16489,25489,Medium,Medium,0.03605697829364052,0.04067480228756543,0.923268219418794
29576,38576,Medium,Medium,0.11563491236723189,0.07800124054016108,0.806363847092607
38967,47967,High,High,0.9113932046166298,0.03151375472060151,0.05709304066276879
22252,31252,Low,Low,0.02858293278699529,0.8941707110866547,0.07724635612635018
1654,10654,Medium,Medium,0.10358081126310063,0.11746224409517537,0.7789569446417239
11778,20778,Medium,Medium,0.03878715074213515,0.041993522214537594,0.9192193270433272
31924,40924,Medium,Medium,0.03791968014826989,0.03620060503114854,0.9258797148205815
6460,15460,Medium,High,0.6997073401880368,0.07632147394055078,0.2239711858714125
22940,31940,Medium,Medium,0.03325152648503275,0.04486197757423414,0.9218864959407331
18955,27955,High,High,0.9073734389571079,0.034284975166476675,0.05834158587641544
34414,43414,Low,Low,0.07714710324360907,0.8616027855558004,0.06125011120059045
21717,30717,High,Low,0.02654340510318463,0.6416372066181728,0.33181938827864255
506,9506,High,High,0.9025521056661855,0.030878888249898272,0.06656900608391632
33001,42001,Medium,Medium,0.036637074907273005,0.03743524929608791,0.9259276757966391
25530,34530,Low,Low,0.03340491999985694,0.9033906494485234,0.06320443055161956
25105,34105,Medium,Medium,0.038886252591924804,0.046166305018743775,0.9149474423893315
36697,45697,Medium,Medium,0.06333827948939942,0.28865709129644584,0.6480046292141547
23258,32258,Medium,Medium,0.03244486586470649,0.048140378011327846,0.9194147561239657
4156,13156,High,Medium,0.40125399144175905,0.04305780314540706,0.5556882054128339
32180,41180,High,High,0.9091282539542714,0.03320230326311326,0.05766944278261519
4289,13289,Medium,Medium,0.041331531269212574,0.04351206562844506,0.9151564031023423
7412,16412,Low,Low,0.03106734396626877,0.8847215469533464,0.08421110908038486
25316,34316,Medium,Medium,0.03849747443060792,0.04197769736061413,0.919524828208778
2514,11514,Low,Low,0.2327824673405102,0.6717944250216812,0.0954231076378087
9570,18570,Medium,Medium,0.027581338074046183,0.10059507180106547,0.8718235901248884
3438,12438,Medium,Medium,0.038682254546927725,0.04272234388274617,0.9185954015703262
29648,38648,High,High,0.9035551397064329,0.03786803903600567,0.05857682125756159
15376,24376,Medium,Medium,0.03858315269713807,0.03854956107853999,0.922867286224322
18834,27834,High,High,0.9151704832411828,0.029548947488529265,0.055280569270287995
16190,25190,Medium,Medium,0.03858315269713807,0.03854956107853999,0.922867286224322
39421,48421,Low,Low,0.03217379358072082,0.9091991140626167,0.058627092356662504
32287,41287,Low,Low,0.034706423926123206,0.9038382998452162,0.06145527622866048
13971,22971,Low,Low,0.026962037444433522,0.8245941868974093,0.14844377565815728
3408,12408,High,High,0.9091829340271546,0.03520428257441249,0.05561278339843311
7785,16785,Medium,Medium,0.03156046909744404,0.03582931376549672,0.9326102171370593
20129,29129,Medium,Medium,0.02635287149424077,0.036172095362116255,0.937475033143643
1918,10918,Medium,Medium,0.036736176757062665,0.04160803210029409,0.9216557911426433
22646,31646,Low,Medium,0.029867614402193755,0.02881209729797989,0.9413202882998263
27024,36024,Medium,Medium,0.03753179148653995,0.03941355341978355,0.9230546550936766
32758,41758,Medium,Low,0.026640058771020502,0.6027156111967947,0.37064433003218467
37445,46445,Low,Medium,0.026293840323421736,0.028771795854392216,0.9449343638221861
29709,38709,Medium,Medium,0.02737609594205125,0.028786148206660842,0.9438377558512879
27414,36414,Medium,Medium,0.04207639753541013,0.0460574895047666,0.9118661129598232
29138,38138,High,High,0.9090569422803073,0.032951381876950354,0.05799167584274235
13825,22825,Medium,Medium,0.037995413681344604,0.035882437386814035,0.9261221489318414
25966,34966,Low,Low,0.028426504166472827,0.9124088495018977,0.05916464633162934
34614,43614,Medium,Medium,0.034419268639353094,0.03366797942374742,0.9319127519368995
12351,21351,High,High,0.885882826868782,0.056076588474993215,0.05804058465622495
37131,46131,High,High,0.9065735054910338,0.0338073809939868,0.05961911351497939
3110,12110,Low,Low,0.041435588032134804,0.8929303275093895,0.06563408445847564
10689,19689,High,High,0.8446237653379546,0.09424551067533304,0.06113072398671247
14754,23754,Medium,Medium,0.04277486606133313,0.05396158750724208,0.9032635464314248
28157,37157,Low,Low,0.026505879581022795,0.9195007673213259,0.05399335309765119
1332,10332,Low,Low,0.03851079908484252,0.9032544579505369,0.058234742964620535
31789,40789,Medium,Medium,0.03238519283841337,0.03253057399209898,0.9350842331694876
6259,15259,High,High,0.8678859209592482,0.028709636809161193,0.10340444223159058
29156,38156,Low,Low,0.03215627863218703,0.9072055292009374,0.060638192166875514
28786,37786,Medium,Medium,0.03858315269713807,0.03854956107853999,0.922867286224322
32617,41617,Medium,Medium,0.03527114626268923,0.03812634346140507,0.9266025102759058
27705,36705,Low,Low,0.02898008000928284,0.9113895016098779,0.0596304183808394
11074,20074,High,High,0.9080916209840465,0.033144050894901196,0.05876432812105236
24645,33645,Low,Low,0.033091612461193375,0.9054638517199568,0.06144453581884981
13918,22918,Medium,Medium,0.037677330197082214,0.04239827942065683,0.919924390382261
35440,44440,High,High,0.8767756353798908,0.030481017228518092,0.09274334739159111
10669,19669,High,High,0.9083195833471379,0.03304328680495124,0.05863712984791076
32732,41732,Low,Low,0.029953924454141745,0.904870886331825,0.06517518921403344
6157,15157,High,High,0.9112958581771932,0.031167728750685752,0.05753641307212113
27215,36215,Medium,Medium,0.03163410539963611,0.03629598762087333,0.9320699069794905
1600,10600,High,High,0.9047867685384513,0.03512915884971251,0.0600840726118362
30176,39176,Medium,Medium,0.03776300846361236,0.03897014313858269,0.9232668483978049
14358,23358,High,High,0.9035551397064329,0.03786803903600567,0.05857682125756159
23073,32073,High,Medium,0.03858315269713807,0.03854956107853999,0.922867286224322
7177,16177,High,High,0.9091282539542714,0.03320230326311326,0.05766944278261519
1348,10348,High,Low,0.028325759634330667,0.9137772718006452,0.0578969685650241
20037,29037,High,High,0.9100028132798941,0.032062440148106296,0.05793474657199971
20294,29294,High,High,0.9035551397064329,0.03786803903600567,0.05857682125756159
29672,38672,Low,Low,0.028430756012851947,0.9120102868231249,0.05955895716402312
38247,47247,High,High,0.8759239188657241,0.05061108057901275,0.07346500055526328
4842,13842,High,High,0.9156540449974161,0.028854266608435614,0.05549168839414833
16748,25748,Medium,High,0.9073734389571079,0.034284975166476675,0.05834158587641544
4080,13080,Medium,Medium,0.03753179148653995,0.03941355341978355,0.9230546550936766
30448,39448,Low,Medium,0.026617657390534576,0.07395096539325242,0.8994313772162129
33208,42208,High,High,0.9096390472106256,0.03323999930604954,0.057120953483324965
6041,15041,Medium,Medium,0.03511183169396701,0.04108780588810262,0.9238003624179304
5074,14074,High,High,0.9156540449974161,0.028854266608435614,0.05549168839414833
4655,13655,High,Medium,0.02635287149424077,0.036172095362116255,0.937475033143643
25197,34197,High,High,0.9080750407717706,0.032642978239645744,0.05928198098858368
964,9964,Low,Low,0.04920868317921342,0.8897278242560741,0.06106349256471242
27143,36143,High,High,0.7047841324070792,0.17559854051126686,0.11961732708165411
22500,31500,Medium,Medium,0.033965995055023505,0.039962206899450854,0.9260717980455256
12824,21824,Medium,Medium,0.14857809874574968,0.02934128789565876,0.8220806133585916
16867,25867,Medium,Medium,0.03521811978298027,0.04235763637783694,0.9224242438391829
18954,27954,Medium,Medium,0.033192741050358,0.03738917355037854,0.9294180853992634
8957,17957,Low,Low,0.030325657970636286,0.9101476130927008,0.05952672893666295
38775,47775,Medium,Medium,0.03404533627308972,0.056813173393647054,0.9091414903332633
29358,38358,High,High,0.9183275713898787,0.02854656487736677,0.05312586373275452
4359,13359,Medium,Medium,0.049810035520623665,0.028916118822037023,0.9212738456573394
18545,27545,High,Medium,0.03243910806153349,0.045459336930569326,0.9221015550078971
12272,21272,High,High,0.9150037904475505,0.029247153241958344,0.05574905631049116
12271,21271,Medium,Medium,0.03753179148653995,0.03941355341978355,0.9230546550936766
26723,35723,Medium,Medium,0.040714095691402295,0.04007291654380401,0.9192129877647935
31495,40495,Medium,Medium,0.03545321301751894,0.038381720044648314,0.9261650669378327
16783,25783,High,High,0.9078146806315072,0.032828534725635856,0.05935678464285705
3196,12196,High,High,0.9138774383438837,0.03044365888594981,0.05567890277016657
19566,28566,Low,Low,0.026764045464589978,0.8783276574897457,0.09490829704566434
36285,45285,Medium,Medium,0.03284606838136416,0.03837809996563258,0.9287758316530033
19586,28586,High,High,0.9106617111904272,0.031798794556409916,0.057539494253162925
35025,44025,Low,Low,0.03187152794531344,0.9108381484918685,0.05729032356281804
5712,14712,Medium,Medium,0.03753179148653995,0.03941355341978355,0.9230546550936766
14423,23423,High,High,0.9073734389571079,0.034284975166476675,0.05834158587641544
34271,43271,Medium,Medium,0.034048438793915205,0.03634953130100874,0.9296020299050761
10911,19911,Medium,Medium,0.03858315269713807,0.03854956107853999,0.922867286224322
9035,18035,Low,Low,0.03215627863218703,0.9072055292009374,0.060638192166875514
10063,19063,Low,Low,0.028426504166472827,0.9124088495018977,0.05916464633162934
5556,14556,Low,Low,0.03315841662083832,0.9061855422221865,0.060656041156975204
10526,19526,Medium,Medium,0.028748368779639166,0.03514272709269443,0.9361089041276665
30840,39840,Medium,Medium,0.03160865600171638,0.049099490698244486,0.919291853300039
34517,43517,Medium,Medium,0.03753179148653995,0.03941355341978355,0.9230546550936766
14218,23218,Medium,Medium,0.03592041975306753,0.03777667718877186,0.9263029030581605
24005,33005,Low,Low,0.03159498289904913,0.8933822208964709,0.07502279620447992
9312,18312,Low,Low,0.033091612461193375,0.9054638517199568,0.06144453581884981
31690,40690,Medium,Medium,0.0710956991765352,0.03598932199763414,0.8929149788258307
26329,35329,Low,Low,0.0279926370683368,0.9159544857119251,0.05605287721973814
34421,43421,High,High,0.9099614307100636,0.0322927966311914,0.057745772658744976
36533,45533,High,Medium,0.036637074907273005,0.03743524929608791,0.9259276757966391
6477,15477,High,Low,0.026505879581022795,0.9195007673213259,0.05399335309765119
2656,11656,Low,Low,0.03324227113498785,0.9039244085053371,0.06283332035967504
23934,32934,Medium,Medium,0.06750428622677317,0.04010317052286305,0.8923925432503638
25583,34583,Medium,Medium,0.038886252591924804,0.046166305018743775,0.9149474423893315
24380,33380,Low,Low,0.026733660798377815,0.9188122059467484,0.05445413325487375
35268,44268,Medium,Medium,0.0449460910458707,0.04696379508105783,0.9080901138730715
2267,11267,Medium,Medium,0.03791968014826989,0.03620060503114854,0.9258797148205815
37851,46851,Medium,Medium,0.038886252591924804,0.046166305018743775,0.9149474423893315
2782,11782,High,High,0.9025521056661855,0.030878888249898272,0.06656900608391632
18415,27415,Medium,Medium,0.03753179148653995,0.03941355341978355,0.9230546550936766
7359,16359,Medium,Medium,0.03423886815203366,0.03588294168739504,0.9298781901605713
2230,11230,Medium,Medium,0.03753179148653995,0.03941355341978355,0.9230546550936766
39178,48178,Medium,Medium,0.03527114626268923,0.03812634346140507,0.9266025102759058
27867,36867,Medium,Medium,0.0336255423707769,0.03700041709877781,0.9293740405304453
30954,39954,Medium,Low,0.026523072649321786,0.9170477771595684,0.05642915019110976
39009,48009,Medium,Medium,0.040112781567926574,0.037164699913622284,0.9227225185184512
16981,25981,Medium,Medium,0.033180050958474275,0.03583822920293702,0.9309817198385887
3133,12133,High,High,0.9132605524795853,0.030672469928914592,0.05606697759150015
10612,19612,Medium,Medium,0.2252078521280174,0.12620613416511287,0.6485860137068699
16362,25362,Low,Low,0.03252118678635004,0.8467745569915812,0.12070425622206866
30253,39253,Medium,Medium,0.05429600285962429,0.09984035997330964,0.8458636371670661
39939,48939,High,High,0.909233816731434,0.032123951544775035,0.05864223172379104
26857,35857,Medium,Medium,0.033866893205233846,0.03578942409524468,0.9303436826995215
20371,29371,Medium,Medium,0.14094338790447855,0.03527765869877959,0.8237789533967419
11621,20621,Medium,Medium,0.038682254546927725,0.04272234388274617,0.9185954015703262
26349,35349,Low,Low,0.030012350431972715,0.912220815364134,0.057766834203893204
37794,46794,Medium,Medium,0.03363185138753516,0.032282514024930646,0.9340856345875341
9175,18175,Low,Low,0.028410072462220586,0.9147626005235937,0.0568273270141856
7759,16759,High,High,0.9063994114677983,0.03639785706434917,0.057202731467852486
16217,25217,High,High,0.9109776747800821,0.031606665951356194,0.05741565926856163
32499,41499,Low,Low,0.030517345670388538,0.9101572441091673,0.059325410220444075
31718,40718,Low,Low,0.027654694171344436,0.6243411946279253,0.3480041112007302
27629,36629,High,High,0.9131084417954236,0.030505170282618548,0.0563863879219579
8630,17630,Medium,Medium,0.03776300846361236,0.03897014313858269,0.9232668483978049
17912,26912,Medium,Medium,0.31518508499382963,0.028720731297987186,0.6560941837081833
12625,21625,Medium,Medium,0.03753179148653995,0.03941355341978355,0.9230546550936766
7701,16701,Medium,Medium,0.034765656820689605,0.03754609611900651,0.927688247060304
36043,45043,Medium,Medium,0.037290440652083,0.04062454642331669,0.9220850129246002
3947,12947,Low,Low,0.03324227113498785,0.9039244085053371,0.06283332035967504
27155,36155,Medium,Medium,0.03283566593989407,0.03723249826355951,0.9299318357965465
34801,43801,High,High,0.9088581714609738,0.031932872334026176,0.059208956205000024
36203,45203,Medium,Medium,0.034048438793915205,0.03634953130100874,0.9296020299050761
24971,33971,High,High,0.8177145370387685,0.08060209745096335,0.10168336551026826
27302,36302,Medium,Medium,0.03753179148653995,0.03941355341978355,0.9230546550936766
38310,47310,Medium,Medium,0.032437409881745226,0.047231673185626266,0.9203309169326285
29421,38421,Medium,Medium,0.03548633948220603,0.03646735844026872,0.9280463020775253
18795,27795,Medium,Medium,0.2740686200935799,0.04370069901819857,0.6822306808882215
15290,24290,Medium,Medium,0.03753179148653995,0.03941355341978355,0.9230546550936766
27422,36422,High,High,0.910754539567011,0.032186975995409255,0.05705848443757985
14765,23765,Medium,Medium,0.02737609594205125,0.028786148206660842,0.9438377558512879
20161,29161,Medium,Medium,0.03858315269713807,0.03854956107853999,0.922867286224322
36450,45450,Low,Medium,0.026819911919403496,0.2295127411420214,0.7436673469385752
38162,47162,Medium,Medium,0.027105521081670764,0.16754398296620296,0.8053504959521263
13440,22440,High,High,0.913461124040404,0.03068835669201193,0.05585051926758408
18248,27248,Medium,Medium,0.03334989907470931,0.031706729925459906,0.9349433709998308
2098,11098,Low,Low,0.028645075956913704,0.9155612994455163,0.05579362459756989
9601,18601,High,High,0.7004462581134647,0.11076691761557507,0.1887868242709602
10563,19563,Medium,Medium,0.03753179148653995,0.03941355341978355,0.9230546550936766
10228,19228,Low,Low,0.06146653300148334,0.8570204465440958,0.08151302045442088
23726,32726,Medium,Medium,0.03247547755088546,0.03639890401871049,0.931125618430404
725,9725,High,High,0.9107112751234835,0.032227706264299105,0.05706101861221733
25004,34004,High,High,0.9122879968031666,0.03078346728870591,0.05692853590812757
26474,35474,Medium,Medium,0.03791968014826989,0.03620060503114854,0.9258797148205815
9290,18290,High,High,0.9056340275664962,0.03652234899255171,0.05784362344095201
5916,14916,High,High,0.8764730173100532,0.0464478348868198,0.07707914780312701
18122,27122,Low,Low,0.026545314185616384,0.9138279254120761,0.059626760402307494
9042,18042,Low,Low,0.026930653599094686,0.5928660042064694,0.3802033421944358
31003,40003,Medium,Medium,0.03527114626268923,0.03812634346140507,0.9266025102759058
29569,38569,Medium,Medium,0.03834180186268112,0.03976055408207312,0.9218976440552457
5720,14720,High,High,0.913461124040404,0.03068835669201193,0.05585051926758408
40005,49005,Medium,Medium,0.059662771628952734,0.03435758464763906,0.9059796437234082
25596,34596,Medium,Medium,0.03753179148653995,0.03941355341978355,0.9230546550936766
39801,48801,High,High,0.8509710749161908,0.0914895995536597,0.057539325530149614
15112,24112,Medium,Medium,0.037290440652083,0.04062454642331669,0.9220850129246002
33754,42754,Low,High,0.9107663139521344,0.03174966253115987,0.057484023516705736
23069,32069,High,High,0.9105594768704202,0.03152905320681146,0.05791146992276846
11977,20977,Low,Low,0.04727694331594732,0.8945296395791873,0.058193417104865384
37907,46907,High,High,0.90237306833323,0.03139374078618342,0.06623319088058659
24512,33512,Medium,Medium,0.03858315269713807,0.03854956107853999,0.922867286224322
39657,48657,High,Medium,0.039709657160942304,0.04273282747850573,0.917557515360552
17066,26066,High,High,0.9065735054910338,0.0338073809939868,0.05961911351497939
5119,14119,Medium,Medium,0.03860545411496925,0.08213436878528903,0.8792601770997418
16683,25683,Medium,Medium,0.03791968014826989,0.03620060503114854,0.9258797148205815
14572,23572,Medium,Medium,0.035150109879082035,0.040163166374005854,0.9246867237469121
11015,20015,Medium,Medium,0.036510481760728825,0.039490737516223624,0.9239987807230475
11976,20976,High,Medium,0.16279873370935505,0.13762434550340918,0.6995769207872358
24216,33216,Low,Low,0.026825213946846407,0.8774896631114402,0.09568512294171348
31036,40036,High,High,0.9080916209840465,0.033144050894901196,0.05876432812105236
3186,12186,High,High,0.8172912481899498,0.09078112401076797,0.0919276277992823
36636,45636,Medium,Medium,0.027109245426789202,0.039080746866161295,0.9338100077070495
21750,30750,Medium,Medium,0.038682254546927725,0.04272234388274617,0.9185954015703262
17489,26489,High,High,0.9076124084882121,0.03532034702927017,0.057067244482517744
17171,26171,High,High,0.8765754977872374,0.06393159027589201,0.05949291193687067
2666,11666,Medium,Medium,0.07538977947789191,0.3153481124188736,0.6092621081032344
7415,16415,Medium,Medium,0.0336255423707769,0.03700041709877781,0.9293740405304453
23271,32271,Medium,Medium,0.11181515357668136,0.1209036949376537,0.767281151485665
11353,20353,Medium,Medium,0.03527114626268923,0.03812634346140507,0.9266025102759058
14447,23447,Medium,Medium,0.0376308933363296,0.043586336223989726,0.9187827704396807
6720,15720,Medium,Medium,0.10614490605943595,0.12907894614785223,0.7647761477927117
35018,44018,High,High,0.9074553117254899,0.0286015684376615,0.06394311983684875
3475,12475,High,High,0.9090024591856997,0.032546340558688304,0.05845120025561221
3176,12176,Medium,High,0.9073734389571079,0.034284975166476675,0.05834158587641544
31217,40217,High,High,0.9125287864649237,0.030808864762596505,0.056662348772479824
5902,14902,Medium,Medium,0.03834180186268112,0.03976055408207312,0.9218976440552457
30278,39278,Medium,Medium,0.036637074907273005,0.03743524929608791,0.9259276757966391
15995,24995,Low,Low,0.028417294739558684,0.916249860820094,0.05533284444034733
387,9387,Low,High,0.8576171574231134,0.073216423271885,0.0691664193050018
38057,47057,Medium,Medium,0.03753179148653995,0.03941355341978355,0.9230546550936766
10662,19662,High,Medium,0.03639743097788712,0.043636592088238474,0.9199659769338745
15007,24007,Medium,Medium,0.036395724072816056,0.03864624229962105,0.9249580336275628
21196,30196,High,High,0.9065415835356149,0.03404648694634909,0.05941192951803596
14432,23432,High,High,0.9090024591856997,0.032546340558688304,0.05845120025561221
2510,11510,Medium,Medium,0.08421174561203426,0.03724084636068325,0.8785474080272824
29714,38714,Low,Low,0.028952626242043186,0.910590983758551,0.06045638999940598
11325,20325,Low,Low,0.026505879581022795,0.9195007673213259,0.05399335309765119
24077,33077,Low,Low,0.030977502811278257,0.9062052646660006,0.06281723252272113
14891,23891,High,High,0.8787506864114683,0.056736251050294145,0.06451306253823769
31839,40839,High,High,0.9100028132798941,0.032062440148106296,0.05793474657199971
26571,35571,High,Medium,0.03639743097788712,0.043636592088238474,0.9199659769338745
30258,39258,Medium,Medium,0.25234766428196587,0.06624565589937399,0.6814066798186603
3955,12955,Low,Low,0.027105454880898185,0.9124583117816832,0.06043623333741852
28909,37909,Medium,Medium,0.036395724072816056,0.03864624229962105,0.9249580336275628
37111,46111,Medium,Medium,0.039709657160942304,0.04273282747850573,0.917557515360552
29759,38759,Medium,Medium,0.037716571602859746,0.04015819994191558,0.9221252284552247
4283,13283,High,High,0.9175621750175283,0.02873336694787713,0.05370445803459457
13508,22508,Low,Low,0.08933107671498543,0.8363161911972973,0.07435273208771727
33423,42423,Medium,Medium,0.03859518438659174,0.04415182800687742,0.9172529876065308
16153,25153,High,High,0.9110147762545212,0.03266749290706116,0.05631773083841778
21480,30480,Low,Low,0.03499138932092644,0.9017258810131836,0.06328272966588984
2744,11744,Medium,Medium,0.03870147247560501,0.04542165849661175,0.9158768690277833
14191,23191,High,High,0.9089997245698473,0.033269647898772674,0.057730627531380085
32311,41311,High,High,0.914303509967187,0.029741155316739834,0.055955334716073224
33139,42139,High,High,0.9063994114677983,0.03639785706434917,0.057202731467852486
22956,31956,High,High,0.9059455444981147,0.034610132154841794,0.059444323347043554
14297,23297,Low,Low,0.13949751607260422,0.44137462696095014,0.41912785696644567
36097,45097,Low,Low,0.027557012354760824,0.9164282716908433,0.0560147159543958
3769,12769,High,High,0.9088581714609738,0.031932872334026176,0.059208956205000024
22223,31223,High,High,0.9146922831068043,0.030417982723711833,0.0548897341694839
20837,29837,Medium,Medium,0.03973168845197802,0.03504297030605227,0.9252253412419696
36606,45606,Medium,Medium,0.036637074907273005,0.03743524929608791,0.9259276757966391
33228,42228,High,High,0.6499939705990871,0.268703521540554,0.08130250786035892
26469,35469,Low,Low,0.03499138932092644,0.9017258810131836,0.06328272966588984
30969,39969,High,High,0.9097832385874001,0.03084293622087625,0.05937382519172382
3993,12993,Medium,Medium,0.036736176757062665,0.04160803210029409,0.9216557911426433
39967,48967,High,High,0.9090569422803073,0.032951381876950354,0.05799167584274235
27459,36459,Low,Low,0.06575611248681824,0.8507549419894053,0.0834889455237765
21936,30936,Low,Low,0.029934144983479086,0.7329599487169581,0.2371059062995626
6606,15606,High,High,0.9065735054910338,0.0338073809939868,0.05961911351497939
5391,14391,Low,Low,0.11185276151671925,0.8127123309655278,0.07543490751775295
32477,41477,Medium,Low,0.051464066018210936,0.7038811729463732,0.24465476103541586
18729,27729,Low,Medium,0.040968469927926916,0.02894204745031811,0.9300894826217551
12285,21285,High,High,0.6369860501362031,0.07938241370838534,0.2836315361554115
13877,22877,Medium,Medium,0.03981784327609223,0.03950178195882086,0.9206803747650869
29021,38021,Medium,Medium,0.08431008951758055,0.1552672709382826,0.7604226395441369
2042,11042,Low,Low,0.033091612461193375,0.9054638517199568,0.06144453581884981
6652,15652,Low,Low,0.03127543474318171,0.9055505373967175,0.06317402786010069
35637,44637,Medium,Medium,0.03243910806153349,0.045459336930569326,0.9221015550078971
10588,19588,Medium,Medium,0.03548633948220603,0.03646735844026872,0.9280463020775253
9376,18376,Low,Low,0.027050280176096033,0.8220141855254339,0.15093553429847
7173,16173,High,High,0.8760379508943018,0.030899208367624987,0.09306284073807324
660,9660,Medium,Medium,0.026293840323421736,0.028771795854392216,0.9449343638221861
33309,42309,Medium,Medium,0.03243910806153349,0.045459336930569326,0.9221015550078971
1061,10061,Medium,Medium,0.03776300846361236,0.03897014313858269,0.9232668483978049
26351,35351,Medium,Medium,0.04081426168766123,0.1587556094083957,0.8004301289039432
5178,14178,Medium,Medium,0.037677330197082214,0.04239827942065683,0.919924390382261
5553,14553,High,High,0.9112111055611182,0.03207878869866194,0.05671010574021982
6312,15312,Medium,Medium,0.02793654503337215,0.15052437764417667,0.8215390773224511
18570,27570,Low,Low,0.02938778948785663,0.9110873945343791,0.059524815977764246
20521,29521,High,High,0.9053099547035964,0.03678536713264225,0.057904678163761346
29572,38572,Medium,Low,0.02834199362552205,0.9154098613841075,0.05624814499037036
23700,32700,High,High,0.9092833806644904,0.03255286325266422,0.05816375608284544
30509,39509,Low,Low,0.03347986077245769,0.9074358039292276,0.05908433529831464
38453,47453,Medium,Medium,0.03605697829364052,0.04067480228756543,0.923268219418794
23345,32345,Medium,Medium,0.038682254546927725,0.04272234388274617,0.9185954015703262
20455,29455,Low,Medium,0.054499196542780716,0.23248904728974992,0.7130117561674693
8437,17437,Medium,Medium,0.03423886815203366,0.03588294168739504,0.9298781901605713
3114,12114,Low,Low,0.026505879581022795,0.9195007673213259,0.05399335309765119
2392,11392,Medium,Medium,0.026293840323421736,0.028771795854392216,0.9449343638221861
4634,13634,Medium,Medium,0.04074379225341912,0.04084494193671911,0.9184112658098617
7775,16775,Low,Low,0.030823005160339978,0.9106622078583796,0.058514786981280396
21921,30921,Low,Low,0.03215627863218703,0.9072055292009374,0.060638192166875514
33438,42438,High,High,0.9119496103758179,0.030587637498027467,0.05746275212615464
27473,36473,Medium,Medium,0.029891786613543844,0.039527813321913415,0.9305804000645427
27849,36849,High,Medium,0.03605697829364052,0.04067480228756543,0.923268219418794
15985,24985,Medium,Medium,0.03466186181981969,0.03503335869041295,0.9303047794897674
26991,35991,Low,Low,0.030258140608381345,0.9110831365954885,0.0586587227961301
6016,15016,Medium,Medium,0.03753179148653995,0.03941355341978355,0.9230546550936766
36978,45978,High,High,0.909233816731434,0.032123951544775035,0.05864223172379104
32788,41788,Low,Low,0.03004216898227191,0.9079469421469812,0.06201088887074683
38538,47538,Medium,Medium,0.03605697829364052,0.04067480228756543,0.923268219418794
26964,35964,Low,Low,0.02840401760482848,0.9156231599267749,0.0559728224683966
7964,16964,Medium,Medium,0.09796498876234272,0.02927089024388838,0.8727641209937689
16297,25297,Medium,Medium,0.041377568240270474,0.04242187259119545,0.916200559168534
16115,25115,Low,Low,0.03300021293435576,0.9074175995529922,0.05958218751265226
15713,24713,Low,Low,0.028649807781237106,0.9144854811581293,0.05686471106063349
19515,28515,Low,Low,0.030137679636110293,0.9074332818801354,0.06242903848375425
33402,42402,Medium,Low,0.029361837995479173,0.9106671720209171,0.05997098998360364
31050,40050,Medium,Medium,0.036395724072816056,0.03864624229962105,0.9249580336275628
36827,45827,High,Low,0.07871021902985902,0.8012483289480734,0.12004145202206763
14841,23841,High,High,0.7856407464079469,0.15639793516427916,0.05796131842777399
25160,34160,Medium,Medium,0.03870147247560501,0.04542165849661175,0.9158768690277833
6559,15559,Medium,Medium,0.026945724130761347,0.14100005188616524,0.8320542239830734
34009,43009,High,High,0.9090073783472509,0.032522470169061166,0.05847015148368794
17131,26131,High,High,0.9077003594952785,0.03352746025147838,0.0587721802532433
7560,16560,Medium,Medium,0.02737609594205125,0.028786148206660842,0.9438377558512879
24489,33489,Low,Low,0.02863931870337962,0.9126641860299842,0.05869649526663623
23067,32067,Medium,Medium,0.02737609594205125,0.028786148206660842,0.9438377558512879
13394,22394,High,High,0.9119496103758179,0.030587637498027467,0.05746275212615464
32653,41653,High,High,0.9063470671068506,0.03420589961827294,0.05944703327487628
12304,21304,Medium,Medium,0.03527114626268923,0.03812634346140507,0.9266025102759058
24374,33374,Low,Low,0.05008898789947034,0.5276197878818016,0.42229122421872795
39288,48288,Low,Low,0.03446749856763864,0.9048341451969364,0.06069835623542491
2162,11162,Low,Low,0.03340491999985694,0.9033906494485234,0.06320443055161956
14508,23508,High,High,0.9167417424963197,0.02894935381165667,0.05430890369202371
9372,18372,High,High,0.9082501330503163,0.032079499056474024,0.05967036789320974
13177,22177,Medium,Medium,0.056007366949896276,0.03184409692752651,0.9121485361225772
33507,42507,High,Low,0.38658665831165345,0.5146671584657533,0.09874618322259328
33658,42658,Low,Low,0.030547945805042786,0.9106078737635782,0.05884418043137891
24948,33948,Low,Low,0.033091612461193375,0.9054638517199568,0.06144453581884981
5668,14668,Medium,Medium,0.03753179148653995,0.03941355341978355,0.9230546550936766
20806,29806,Medium,Medium,0.03776300846361236,0.03897014313858269,0.9232668483978049
39622,48622,Medium,Medium,0.026293840323421736,0.028771795854392216,0.9449343638221861
28144,37144,Low,Low,0.16208651214242595,0.7284713120353107,0.10944217582226345
7467,16467,Low,Low,0.032959759839712895,0.905777155076915,0.06126308508337206
4435,13435,Low,High,0.9080750407717706,0.032642978239645744,0.05928198098858368
26875,35875,Low,Low,0.030012350431972715,0.912220815364134,0.057766834203893204
19043,28043,Medium,Medium,0.030404230017030454,0.03355811307477189,0.9360376569081977
6369,15369,High,High,0.9090073783472509,0.032522470169061166,0.05847015148368794
14498,23498,Medium,Medium,0.03858315269713807,0.03854956107853999,0.922867286224322
10101,19101,Medium,Medium,0.03706949091964947,0.03908681549379159,0.9238436935865589
26144,35144,Medium,Medium,0.03753179148653995,0.03941355341978355,0.9230546550936766
34678,43678,Medium,Medium,0.036395724072816056,0.03864624229962105,0.9249580336275628
30962,39962,Medium,Medium,0.034414227133848584,0.041602161981964314,0.9239836108841871
15064,24064,High,High,0.9057329129284813,0.03388747048818707,0.06037961658333152
3232,12232,Medium,Medium,0.035334889995401846,0.04090781289613788,0.9237572971084602
20016,29016,Medium,Medium,0.04300839524475785,0.03756159834067114,0.919430006414571
2066,11066,Medium,Medium,0.04872115486853943,0.029006078430465612,0.922272766700995
27660,36660,Low,Low,0.028466986322622748,0.906478326530471,0.06505468714690624
19142,28142,Medium,Medium,0.03834180186268112,0.03976055408207312,0.9218976440552457
27204,36204,Medium,Medium,0.03423886815203366,0.03588294168739504,0.9298781901605713
14642,23642,High,High,0.5471524333942783,0.11426018688980755,0.33858737971591424
19618,28618,Medium,Medium,0.0457305986075405,0.047171275712554826,0.9070981256799047
19208,28208,Medium,Medium,0.0937339905991509,0.06519018047053192,0.8410758289303172
10454,19454,High,High,0.9068916888881448,0.033368443793316355,0.05973986731853887
2593,11593,Medium,Medium,0.026293840323421736,0.028771795854392216,0.9449343638221861
35903,44903,Low,Low,0.02898008000928284,0.9113895016098779,0.0596304183808394
36061,45061,High,High,0.9083195833471379,0.03304328680495124,0.05863712984791076
31877,40877,High,High,0.9117182528300836,0.031010026511940746,0.05727172065797581
31464,40464,High,High,0.9138774383438837,0.03044365888594981,0.05567890277016657
28672,37672,Low,Low,0.03215627863218703,0.9072055292009374,0.060638192166875514
5175,14175,Low,Low,0.033091612461193375,0.9054638517199568,0.06144453581884981
15271,24271,High,High,0.9059850786920767,0.03649207559970168,0.05752284570822164
13657,22657,Medium,Medium,0.04207639753541013,0.0460574895047666,0.9118661129598232
38868,47868,Medium,Medium,0.0329944772812829,0.0356235587630911,0.931381963955626
33162,42162,Medium,Medium,0.026722610752031223,0.10058811583548727,0.8726892734124815
27963,36963,Medium,Medium,0.03534358774036988,0.042522197708639624,0.9221342145509905
20993,29993,Medium,Medium,0.03347192029441353,0.03432883424797566,0.9321992454576109
29963,38963,Medium,Medium,0.03870147247560501,0.04542165849661175,0.9158768690277833
24792,33792,Medium,Medium,0.08757491730135065,0.033127739096830956,0.8792973436018183
32369,41369,High,High,0.87913218723731,0.06386852859818828,0.056999284164501646
15474,24474,Medium,Medium,0.03791968014826989,0.03620060503114854,0.9258797148205815
30687,39687,High,High,0.9123996632391963,0.03150099512610824,0.05609934163469546
32735,41735,Low,Low,0.030335971205876663,0.9025022313702165,0.06716179742390677
33008,42008,Low,Low,0.029133782059748845,0.9128698522320802,0.05799636570817096
5517,14517,Medium,Medium,0.03858315269713807,0.03854956107853999,0.922867286224322
3517,12517,Medium,Medium,0.036637074907273005,0.03743524929608791,0.9259276757966391
4557,13557,Low,Low,0.033685958484356966,0.9047632266158097,0.061550814899833294
9712,18712,High,High,0.9116893056954968,0.03120975346347937,0.05710094084102391
22351,31351,High,High,0.9013824270655602,0.036518371595037326,0.06209920133940258
5158,14158,Medium,Medium,0.28460434942572976,0.04027635054574344,0.6751193000285268
17459,26459,Medium,Medium,0.0376308933363296,0.043586336223989726,0.9187827704396807
23036,32036,Medium,Medium,0.03655139664074286,0.040863385578162055,0.9225852177810951
32579,41579,High,High,0.8751811717564073,0.03193977980620969,0.09287904843738293
8394,17394,Medium,Medium,0.03527114626268923,0.03812634346140507,0.9266025102759058
20422,29422,Medium,Medium,0.036637074907273005,0.03743524929608791,0.9259276757966391
3898,12898,Medium,Medium,0.03548633948220603,0.03646735844026872,0.9280463020775253
328,9328,High,High,0.9156540449974161,0.028854266608435614,0.05549168839414833
25249,34249,Medium,Medium,0.035150109879082035,0.040163166374005854,0.9246867237469121
32620,41620,High,High,0.909233816731434,0.032123951544775035,0.05864223172379104
11776,20776,Medium,Medium,0.0376308933363296,0.043586336223989726,0.9187827704396807
10472,19472,Medium,Medium,0.03605697829364052,0.04067480228756543,0.923268219418794
3361,12361,Low,Low,0.02958201184138219,0.911898921590148,0.05851906656846979
25115,34115,Medium,Medium,0.02735540005991997,0.46575966249964784,0.5068849374404323
38315,47315,Low,Low,0.027989533307527948,0.9162814927339112,0.05572897395856069
26899,35899,Medium,Medium,0.0371734941764131,0.03363195635705754,0.9291945494665294
28589,37589,Low,Low,0.03545380510444011,0.9011002758438429,0.06344591905171698
35761,44761,Low,Low,0.030977502811278257,0.9062052646660006,0.06281723252272113
33020,42020,High,High,0.9131084417954236,0.030505170282618548,0.0563863879219579
6753,15753,Medium,Medium,0.03834180186268112,0.03976055408207312,0.9218976440552457
17008,26008,Medium,Medium,0.029257870406405987,0.33097938292186946,0.6397627466717245
12428,21428,Medium,Medium,0.0449460910458707,0.04696379508105783,0.9080901138730715
32972,41972,High,High,0.9068916888881448,0.033368443793316355,0.05973986731853887
19444,28444,Medium,Medium,0.03791968014826989,0.03620060503114854,0.9258797148205815
18486,27486,Low,Low,0.02825665126977595,0.9137612759367412,0.057982072793482865
7427,16427,Medium,Medium,0.03858315269713807,0.03854956107853999,0.922867286224322
24750,33750,High,Low,0.04083438177351314,0.8533530236851435,0.10581259454134317
33375,42375,Medium,Medium,0.038886252591924804,0.046166305018743775,0.9149474423893315
33622,42622,Low,Low,0.03347986077245769,0.9074358039292276,0.05908433529831464
13006,22006,Medium,Medium,0.15766404277767976,0.06194951106888019,0.7803864461534401
38375,47375,Medium,Medium,0.028748368779639166,0.03514272709269443,0.9361089041276665
39807,48807,Low,Low,0.03482169455883124,0.8655345252608431,0.09964378018032564
37218,46218,High,High,0.8751916030803139,0.067519093264279,0.05728930365540713
1426,10426,High,High,0.9042866960365074,0.033794223052420656,0.06191908091107215
26172,35172,Low,Low,0.026603308043727333,0.9057482909232039,0.06764840103306875
34161,43161,Medium,Medium,0.036736176757062665,0.04160803210029409,0.9216557911426433
37938,46938,Medium,Medium,0.03284606838136416,0.03837809996563258,0.9287758316530033
13235,22235,Medium,Medium,0.033615111596767826,0.03646105163950667,0.9299238367637255
1523,10523,Medium,Medium,0.03753179148653995,0.03941355341978355,0.9230546550936766
15881,24881,Medium,Medium,0.04359613426055131,0.04022872203239709,0.9161751437070516
26054,35054,Medium,Medium,0.03595511254097942,0.04932651568370186,0.9147183717753187
36854,45854,Medium,Medium,0.03858315269713807,0.03854956107853999,0.922867286224322
1215,10215,Low,Low,0.036389138933446454,0.8993585983628622,0.06425226270369128
21371,30371,High,High,0.9139234021008305,0.030747279919997372,0.05532931797917227
4590,13590,Low,Medium,0.041735944851163526,0.043095699704093555,0.9151683554447428
1651,10651,Medium,Medium,0.0376308933363296,0.043586336223989726,0.9187827704396807
12958,21958,High,High,0.9080916209840465,0.033144050894901196,0.05876432812105236
36334,45334,Medium,Medium,0.0881684586183914,0.029217563071914348,0.8826139783096942
25563,34563,Low,Low,0.03112400820949715,0.9063742154466811,0.06250177634382172
39210,48210,Medium,Medium,0.041735944851163526,0.043095699704093555,0.9151683554447428
24331,33331,Medium,Medium,0.041377568240270474,0.04242187259119545,0.916200559168534
13445,22445,High,High,0.9098201695621043,0.03299135089268531,0.05718847954521042
4308,13308,High,High,0.680147022735408,0.26081716901173907,0.059035808252853005
32267,41267,Low,Low,0.02834199362552205,0.9154098613841075,0.05624814499037036
38828,47828,Low,Low,0.03851079908484252,0.9032544579505369,0.058234742964620535
26540,35540,Medium,Medium,0.03739469584915489,0.028901746006730438,0.9337035581441148
30532,39532,High,High,0.8686962551508067,0.06589888859556682,0.06540485625362642
38441,47441,Medium,Medium,0.026293840323421736,0.028771795854392216,0.9449343638221861
39505,48505,Medium,Low,0.02840401760482848,0.9156231599267749,0.0559728224683966
13695,22695,Medium,Medium,0.03457618355328954,0.0384614949724871,0.9269623214742233
35217,44217,Low,Low,0.030271272301229793,0.9096913355941769,0.060037392104593225
38321,47321,Medium,Medium,0.03753179148653995,0.03941355341978355,0.9230546550936766
20312,29312,Low,Low,0.028642942963313045,0.9146273145750548,0.05672974246163217
15549,24549,Low,Low,0.03324227113498785,0.9039244085053371,0.06283332035967504
21771,30771,Low,Low,0.03106734396626877,0.8847215469533464,0.08421110908038486
6688,15688,Medium,Medium,0.02640587737103194,0.04207727923406216,0.9315168433949058
9754,18754,High,High,0.6719297111894349,0.02887673826268086,0.29919355054788427
36480,45480,Low,Low,0.028410072462220586,0.9147626005235937,0.0568273270141856
34964,43964,Low,Medium,0.041377568240270474,0.04242187259119545,0.916200559168534
39828,48828,Medium,Medium,0.03791968014826989,0.03620060503114854,0.9258797148205815
32820,41820,Medium,Medium,0.0336255423707769,0.03700041709877781,0.9293740405304453
21923,30923,Medium,Medium,0.03605697829364052,0.04067480228756543,0.923268219418794
1956,10956,Medium,Medium,0.031959278691915526,0.03743942941462728,0.9306012918934572
26263,35263,High,High,0.8495915787710143,0.08401134102027098,0.06639708020871464
30139,39139,Low,Low,0.03126099179964263,0.9084059356117201,0.060333072588637245
24982,33982,Medium,Medium,0.03595511254097942,0.04932651568370186,0.9147183717753187
32456,41456,Medium,Medium,0.03753179148653995,0.03941355341978355,0.9230546550936766
28351,37351,Medium,Medium,0.026293840323421736,0.028771795854392216,0.9449343638221861
30383,39383,Low,Low,0.09370298023892633,0.8400423764402974,0.06625464332077612
17618,26618,Low,Low,0.026505879581022795,0.9195007673213259,0.05399335309765119
9976,18976,Medium,Medium,0.03134985538537085,0.034610141073278027,0.9340400035413511
13997,22997,High,High,0.9083362763104722,0.03404967359099818,0.05761405009852963
29242,38242,High,High,0.911200299304263,0.030688380085484853,0.05811132061025218
24643,33643,Medium,Medium,0.03753179148653995,0.03941355341978355,0.9230546550936766
27383,36383,Medium,Medium,0.03605697829364052,0.04067480228756543,0.923268219418794
25047,34047,Medium,Medium,0.03516549580767686,0.03766525294985019,0.9271692512424728
32498,41498,Medium,Medium,0.03834180186268112,0.03976055408207312,0.9218976440552457
2560,11560,High,High,0.9059455444981147,0.034610132154841794,0.059444323347043554
11700,20700,Medium,Medium,0.037290440652083,0.04062454642331669,0.9220850129246002
39698,48698,Medium,Medium,0.03460767371382104,0.035777387414013616,0.9296149388721653
28390,37390,Medium,Medium,0.032747300467804774,0.05262136732650236,0.9146313322056928
23811,32811,High,Medium,0.32522113035655514,0.02872332558620247,0.6460555440572424
35964,44964,Low,Low,0.03347986077245769,0.9074358039292276,0.05908433529831464
34615,43615,Medium,Medium,0.09012017551270855,0.0702584118162124,0.8396214126710791
6840,15840,Low,Low,0.026505879581022795,0.9195007673213259,0.05399335309765119
26531,35531,Medium,Medium,0.038682254546927725,0.04272234388274617,0.9185954015703262
7222,16222,Medium,Medium,0.033180050958474275,0.03583822920293702,0.9309817198385887
25781,34781,High,Low,0.03126099179964263,0.9084059356117201,0.060333072588637245
14866,23866,High,High,0.9088856706811633,0.0343296677332502,0.05678466158558653
18142,27142,Low,Low,0.027628316783145427,0.9085692100854117,0.0638024731314429
37771,46771,High,High,0.9122879968031666,0.03078346728870591,0.05692853590812757
16784,25784,Medium,Medium,0.03527114626268923,0.03812634346140507,0.9266025102759058
2859,11859,High,High,0.909233816731434,0.032123951544775035,0.05864223172379104
12480,21480,Medium,Medium,0.03505387525901058,0.05628190888938713,0.9086642158516023
2181,11181,Medium,Medium,0.03753179148653995,0.03941355341978355,0.9230546550936766
33522,42522,Medium,Medium,0.30301357136549045,0.21474435063111005,0.4822420780033996
7821,16821,Medium,Medium,0.2038999903468536,0.029243914531508843,0.7668560951216375
20366,29366,Low,Low,0.03085076426584887,0.9067133763639997,0.06243585937015139
6010,15010,Medium,Medium,0.033866893205233846,0.03578942409524468,0.9303436826995215
28015,37015,Medium,Medium,0.03320342065636567,0.03344046804785323,0.933356111295781
38947,47947,Medium,Medium,0.034419268639353094,0.03366797942374742,0.9319127519368995
10893,19893,Medium,Medium,0.032437409881745226,0.047231673185626266,0.9203309169326285
15017,24017,Low,Low,0.11376737842938854,0.8065267767510337,0.07970584481957767
32599,41599,Medium,Medium,0.0457305986075405,0.047171275712554826,0.9070981256799047
39483,48483,Medium,Medium,0.03878715074213515,0.041993522214537594,0.9192193270433272
10475,19475,High,High,0.9150037904475505,0.029247153241958344,0.05574905631049116
10237,19237,High,High,0.9057191061139317,0.035008650779127924,0.05927224310694046
32483,41483,Low,Low,0.033715514942114104,0.900508467144722,0.06577601791316386
14135,23135,Medium,Medium,0.035150109879082035,0.040163166374005854,0.9246867237469121
11727,20727,High,High,0.9105717032765988,0.03266662838884809,0.05676166833455312
29081,38081,Low,Low,0.032306937305981505,0.9056660859863177,0.06202697670770075
21984,30984,Medium,Medium,0.03753179148653995,0.03941355341978355,0.9230546550936766
9964,18964,Medium,Medium,0.033866893205233846,0.03578942409524468,0.9303436826995215
31160,40160,Medium,Medium,0.03396276052738506,0.0397776675830829,0.9262595718895321
30528,39528,Low,Medium,0.06323654570772476,0.03439788609122673,0.9023655682010485
2789,11789,High,High,0.9019952421787499,0.03859857210697978,0.059406185714270233
19134,28134,High,High,0.9073734389571079,0.034284975166476675,0.05834158587641544
30537,39537,Medium,Medium,0.03465754311984915,0.034507890380292346,0.9308345664998585
10729,19729,Medium,Medium,0.03753179148653995,0.03941355341978355,0.9230546550936766
15484,24484,Low,Low,0.027683873817576508,0.915776528984699,0.05653959719772437
35064,44064,Low,Low,0.028237765080116814,0.915185283856494,0.056576951063389135
21628,30628,Medium,Medium,0.03534358774036988,0.042522197708639624,0.9221342145509905
20407,29407,Medium,Medium,0.03944786677389592,0.04245729605310957,0.9180948371729944
19547,28547,Medium,High,0.9059941484671831,0.0352941658395395,0.05871168569327747
39490,48490,Medium,Medium,0.04359613426055131,0.04022872203239709,0.9161751437070516
34805,43805,Low,Low,0.02840401760482848,0.9156231599267749,0.0559728224683966
6283,15283,Medium,Medium,0.03858315269713807,0.03854956107853999,0.922867286224322
23329,32329,High,High,0.9073928063104431,0.035661852568190926,0.056945341121365976
37056,46056,High,High,0.9080750407717706,0.032642978239645744,0.05928198098858368
32113,41113,High,High,0.9090073783472509,0.032522470169061166,0.05847015148368794
19057,28057,High,High,0.9136661347050139,0.030354237957591085,0.05597962733739509
11831,20831,High,High,0.909233816731434,0.032123951544775035,0.05864223172379104
12993,21993,Low,Low,0.03094768426097906,0.9104791378831534,0.0585731778558675
1344,10344,Low,Low,0.02896751364674574,0.9124577024686426,0.05857478388461163
7360,16360,High,Medium,0.032437409881745226,0.047231673185626266,0.9203309169326285
24192,33192,Medium,High,0.5973320958310929,0.03718259457130136,0.3654853095976058
22362,31362,High,High,0.913461124040404,0.03068835669201193,0.05585051926758408
40014,49014,Medium,Medium,0.2756858694731804,0.045431834997952336,0.6788822955288673
19356,28356,Medium,Medium,0.03791968014826989,0.03620060503114854,0.9258797148205815
9843,18843,Low,Low,0.03155955612766461,0.908404109987691,0.060036333884644244
14707,23707,High,High,0.9073734389571079,0.034284975166476675,0.05834158587641544
10494,19494,High,High,0.913461124040404,0.03068835669201193,0.05585051926758408
29180,38180,High,High,0.9144529463258891,0.030165346139523253,0.055381707534587654
22545,31545,Low,Low,0.028867099920734635,0.9119756246554065,0.05915727542385879
7361,16361,Low,Low,0.029345406291226932,0.9130209230426131,0.057633670666159896
26630,35630,Medium,Medium,0.05234861045363264,0.05623159626617991,0.8914197932801874
3537,12537,High,High,0.9115668925298533,0.03170273108306826,0.056730376387078375
7873,16873,Low,Low,0.030485921825736364,0.9103945752209109,0.059119502953352665
21796,30796,Medium,Medium,0.03590852036894148,0.034785298723244616,0.9293061809078139
17074,26074,High,High,0.9065415835356149,0.03404648694634909,0.05941192951803596
17653,26653,Low,Low,0.026825891161143357,0.8652676206420641,0.10790648819679254
10030,19030,Medium,Medium,0.03753179148653995,0.03941355341978355,0.9230546550936766
9272,18272,High,High,0.6831307253637365,0.2602416088086374,0.05662766582762612
24021,33021,Medium,Low,0.08660861441031603,0.8443243499373753,0.0690670356523087
25937,34937,Medium,Medium,0.03794262244821203,0.059783198513104985,0.9022741790386829
18630,27630,Medium,Medium,0.036637074907273005,0.03743524929608791,0.9259276757966391
9242,18242,High,High,0.9183275713898787,0.02854656487736677,0.05312586373275452
26742,35742,Low,Low,0.026631851268935414,0.9006666835388328,0.0727014651922317
22166,31166,High,High,0.909233816731434,0.032123951544775035,0.05864223172379104
23837,32837,Medium,Medium,0.033192741050358,0.03738917355037854,0.9294180853992634
13752,22752,Low,Low,0.03094768426097906,0.9104791378831534,0.0585731778558675
10518,19518,High,High,0.9080916209840465,0.033144050894901196,0.05876432812105236
8504,17504,Medium,Low,0.06651971629820132,0.6989311346875017,0.23454914901429702
33446,42446,High,High,0.9059455444981147,0.034610132154841794,0.059444323347043554
14901,23901,Medium,Medium,0.032298024471091064,0.035410869426682895,0.932291106102226
36338,45338,Medium,Medium,0.034414227133848584,0.041602161981964314,0.9239836108841871
19785,28785,Medium,High,0.8759239188657241,0.05061108057901275,0.07346500055526328
2390,11390,Medium,Medium,0.03263847715533768,0.038372659227355936,0.9289888636173064
29314,38314,Medium,Medium,0.03858315269713807,0.03854956107853999,0.922867286224322
32856,41856,Low,Low,0.02845337399751681,0.9123728627385836,0.05917376326389962
5275,14275,High,High,0.9097832385874001,0.03084293622087625,0.05937382519172382
36179,45179,Low,Low,0.03324227113498785,0.9039244085053371,0.06283332035967504
3772,12772,Medium,Medium,0.053651814846910804,0.03635577825183161,0.9099924069012576
8786,17786,Medium,Medium,0.06128206644451135,0.03564746593015123,0.9030704676253375
31393,40393,Medium,Medium,0.034686957394625045,0.037826933053020616,0.9274861095523543
35460,44460,Medium,Medium,0.03423886815203366,0.03588294168739504,0.9298781901605713
8911,17911,Medium,Medium,0.054890457991088465,0.05892188178134044,0.8861876602275712
10392,19392,Low,Low,0.032306937305981505,0.9056660859863177,0.06202697670770075
11426,20426,High,High,0.9063470671068506,0.03420589961827294,0.05944703327487628
38322,47322,Medium,Medium,0.0392915731103963,0.037372184636893735,0.9233362422527099
8789,17789,Low,Low,0.028410072462220586,0.9147626005235937,0.0568273270141856
14895,23895,Medium,Medium,0.034048438793915205,0.03634953130100874,0.9296020299050761
1483,10483,Low,Low,0.02703098587623538,0.9160665305926249,0.056902483531139615
36878,45878,High,High,0.9131084417954236,0.030505170282618548,0.0563863879219579
35127,44127,Medium,Medium,0.038682254546927725,0.04272234388274617,0.9185954015703262
14233,23233,Low,Low,0.02703098587623538,0.9160665305926249,0.056902483531139615
4344,13344,Medium,Medium,0.18558775341822611,0.044151353200285036,0.7702608933814888
25194,34194,Low,Low,0.030258140608381345,0.9110831365954885,0.0586587227961301
26019,35019,High,High,0.9073734389571079,0.034284975166476675,0.05834158587641544
28549,37549,High,High,0.9077003594952785,0.03352746025147838,0.0587721802532433
13411,22411,Low,Low,0.030485921825736364,0.9103945752209109,0.059119502953352665
11822,20822,Low,Low,0.026505879581022795,0.9195007673213259,0.05399335309765119
5199,14199,Medium,Medium,0.035150109879082035,0.040163166374005854,0.9246867237469121
14372,23372,Low,Low,0.033091612461193375,0.9054638517199568,0.06144453581884981
3449,12449,Medium,Medium,0.03460767371382104,0.035777387414013616,0.9296149388721653
21005,30005,High,High,0.9112958581771932,0.031167728750685752,0.05753641307212113
31081,40081,Medium,Medium,0.044499389095129925,0.039519758330876294,0.9159808525739938
17206,26206,Medium,Medium,0.03605697829364052,0.04067480228756543,0.923268219418794
17778,26778,Medium,Medium,0.03776300846361236,0.03897014313858269,0.9232668483978049
35354,44354,Medium,Low,0.028031715786352007,0.5025910507696826,0.4693772334439654
34131,43131,Medium,Medium,0.036637074907273005,0.03743524929608791,0.9259276757966391
18253,27253,High,High,0.9150037904475505,0.029247153241958344,0.05574905631049116
10880,19880,Medium,Medium,0.03590852036894148,0.034785298723244616,0.9293061809078139
19411,28411,Low,Low,0.035259771912522005,0.8992465040344587,0.06549372405301927
39531,48531,Medium,Medium,0.026293840323421736,0.028771795854392216,0.9449343638221861
5806,14806,Medium,Medium,0.03791968014826989,0.03620060503114854,0.9258797148205815
11003,20003,Medium,Medium,0.03870147247560501,0.04542165849661175,0.9158768690277833
7623,16623,Medium,Low,0.026484416079787253,0.6207662313095313,0.35274935261068135
28624,37624,Medium,Medium,0.03334989907470931,0.031706729925459906,0.9349433709998308
6094,15094,Medium,Medium,0.04359613426055131,0.04022872203239709,0.9161751437070516
22613,31613,Low,Low,0.030271272301229793,0.9096913355941769,0.060037392104593225
4001,13001,Low,Low,0.026505879581022795,0.9195007673213259,0.05399335309765119
27978,36978,Low,Low,0.033091612461193375,0.9054638517199568,0.06144453581884981
16359,25359,High,Medium,0.037290440652083,0.04062454642331669,0.9220850129246002
19484,28484,Medium,Medium,0.037995413681344604,0.035882437386814035,0.9261221489318414
18769,27769,High,High,0.9060258458784585,0.03620666518557499,0.05776748893596658
3587,12587,Medium,Medium,0.037290440652083,0.04062454642331669,0.9220850129246002
21957,30957,Medium,Medium,0.059473427056185746,0.2180356081073815,0.7224909648364327
18484,27484,Medium,Medium,0.042037742974903015,0.30578142087813637,0.6521808361469607
7084,16084,Low,Low,0.03215627863218703,0.9072055292009374,0.060638192166875514
34965,43965,High,High,0.9057191061139317,0.035008650779127924,0.05927224310694046
13364,22364,High,High,0.9155011782199515,0.02856263232538339,0.0559361894546652
36104,45104,Low,Low,0.033091612461193375,0.9054638517199568,0.06144453581884981
23728,32728,Low,Low,0.03462129231336331,0.903021549134829,0.06235715855180759
32890,41890,Low,Low,0.032306937305981505,0.9056660859863177,0.06202697670770075
11780,20780,High,High,0.9073747602914071,0.03313698031442724,0.059488259394165736
10261,19261,Medium,Medium,0.12993572564103414,0.13326485481416198,0.7367994195448038
6546,15546,Medium,Medium,0.0457305986075405,0.047171275712554826,0.9070981256799047
16700,25700,Medium,Medium,0.026293840323421736,0.028771795854392216,0.9449343638221861
3489,12489,High,High,0.9019952421787499,0.03859857210697978,0.059406185714270233
29082,38082,High,High,0.9084694650072658,0.03118379619870237,0.060346738794031816
7798,16798,Low,Low,0.026545314185616384,0.9138279254120761,0.059626760402307494
33822,42822,Low,Low,0.037575465255836174,0.9049961354315176,0.057428399312646254
3218,12218,Medium,Medium,0.03834180186268112,0.03976055408207312,0.9218976440552457
8293,17293,Medium,Medium,0.03834180186268112,0.03976055408207312,0.9218976440552457
6812,15812,Medium,Medium,0.04007214113622463,0.03800476010672531,0.9219230987570501
23621,32621,High,High,0.9156540449974161,0.028854266608435614,0.05549168839414833
32887,41887,Medium,Medium,0.04872115486853942,0.029006078430465616,0.922272766700995
3705,12705,Medium,Medium,0.033965995055023505,0.039962206899450854,0.9260717980455256
38307,47307,Medium,Medium,0.03649126383205154,0.03679142290235805,0.9267173132655904
6241,15241,Medium,Medium,0.03833646597331692,0.042774887863859516,0.9188886461628235
9782,18782,Medium,Medium,0.03318750694143554,0.0367469340286386,0.9300655590299258
23356,32356,High,High,0.9021126147496087,0.041286808402005284,0.05660057684838604
8044,17044,High,High,0.9127527283032902,0.03236969347675949,0.05487757821995032
35778,44778,High,High,0.9057329129284813,0.03388747048818707,0.06037961658333152
35578,44578,Medium,Medium,0.03753179148653995,0.03941355341978355,0.9230546550936766
15462,24462,Low,Low,0.12778696003101656,0.7630437649208521,0.10916927504813125
29897,38897,Low,High,0.9100028132798941,0.032062440148106296,0.05793474657199971
26726,35726,Low,Low,0.029133782059748845,0.9128698522320802,0.05799636570817096
2406,11406,High,Medium,0.08496197332492016,0.26749552697005563,0.6475424997050242
27748,36748,High,High,0.9019952421787499,0.03859857210697978,0.059406185714270233
27580,36580,High,Medium,0.027501555078830692,0.03340217200025183,0.9390962729209176
609,9609,Low,Low,0.17736080595899242,0.759882018851569,0.06275717518943848
28694,37694,Medium,Medium,0.03527114626268923,0.03812634346140507,0.9266025102759058
38622,47622,Medium,Medium,0.039212649750488424,0.21714946044676156,0.7436378898027499
14460,23460,High,High,0.9090024591856997,0.032546340558688304,0.05845120025561221
35929,44929,Medium,Medium,0.03753542169656856,0.05639090376971973,0.9060736745337117
23686,32686,Low,Low,0.02945512731687135,0.9008472395659967,0.06969763311713194
16361,25361,Low,Low,0.03025340878405794,0.9121589548828756,0.05758763633306649
34664,43664,High,High,0.9063470671068506,0.03420589961827294,0.05944703327487628
31293,40293,Medium,Medium,0.029527842769051904,0.03376504422583966,0.9367071130051084
18566,27566,Low,Low,0.029895702714770225,0.9101061479674356,0.059998149317794104
4751,13751,Medium,Medium,0.03776300846361236,0.03897014313858269,0.9232668483978049
7281,16281,Low,Low,0.033091612461193375,0.9054638517199568,0.06144453581884981
28034,37034,High,High,0.8494371340653067,0.09157003469147244,0.058992831243220835
19716,28716,Medium,Medium,0.03834180186268112,0.03976055408207312,0.9218976440552457
11470,20470,High,High,0.9023173864420038,0.03451441149663561,0.06316820206136078
14772,23772,High,Low,0.033091612461193375,0.9054638517199568,0.06144453581884981
27373,36373,High,High,0.9125287864649237,0.030808864762596505,0.056662348772479824
19924,28924,Medium,Medium,0.033180050958474275,0.03583822920293702,0.9309817198385887
16182,25182,High,High,0.9100028132798941,0.032062440148106296,0.05793474657199971
39426,48426,High,High,0.9130575590911442,0.03358550131225601,0.05335693959659998
19719,28719,Low,Low,0.028642942963313045,0.9146273145750548,0.05672974246163217
19409,28409,High,High,0.9080916209840465,0.033144050894901196,0.05876432812105236
8639,17639,Medium,Medium,0.03753179148653995,0.03941355341978355,0.9230546550936766
37635,46635,Medium,Medium,0.1280645181339928,0.034868131038152096,0.8370673508278551
27652,36652,Low,Low,0.1783930763816823,0.7607133326058254,0.06089359101249228
23855,32855,Medium,High,0.9085335362510705,0.03261795361955652,0.05884851012937309
12637,21637,Low,Low,0.03367990362696486,0.9056237860189907,0.06069631035404429
15671,24671,Medium,Low,0.029721053622896575,0.6231798708432846,0.34709907553381875
11072,20072,Medium,Medium,0.03605697829364052,0.04067480228756543,0.923268219418794
36437,45437,High,High,0.9054147295313705,0.03432640768885751,0.06025886277977203
31753,40753,Medium,Medium,0.02737609594205125,0.028786148206660842,0.9438377558512879
37254,46254,High,High,0.7343346431692767,0.03222462826081248,0.23344072856991083
1688,10688,Low,Low,0.04367317258725175,0.7263287011522707,0.22999812626047755
20985,29985,High,High,0.9076359958301087,0.03454367566577966,0.05782032850411168
31929,40929,High,High,0.9090024591856997,0.032546340558688304,0.05845120025561221
22620,31620,Medium,Medium,0.03726242808752209,0.041123221875208,0.9216143500372699
18614,27614,Medium,Medium,0.033192741050358,0.03738917355037854,0.9294180853992634
32984,41984,High,High,0.9077003594952785,0.03352746025147838,0.0587721802532433
32967,41967,Medium,Medium,0.03518618234140742,0.19508502869943067,0.7697287889591619
2136,11136,High,High,0.8843311244672218,0.05058607553044254,0.06508280000233564
37866,46866,Medium,Medium,0.03382648811805513,0.03893503829023836,0.9272384735917064
39833,48833,Low,Low,0.07304194411996713,0.8555729170951479,0.07138513878488488
22390,31390,Medium,Medium,0.026293840323421736,0.028771795854392216,0.9449343638221861
27944,36944,High,Medium,0.032031168095363945,0.14790878496894788,0.8200600469356881
31897,40897,High,High,0.9123996632391963,0.03150099512610824,0.05609934163469546
13777,22777,Low,Low,0.09444545593367655,0.5429000634618492,0.36265448060447425
23046,32046,High,High,0.9080750407717706,0.032642978239645744,0.05928198098858368
26044,35044,High,High,0.9144501193042146,0.02944996312444802,0.05609991757133744
3424,12424,Medium,Medium,0.03753179148653995,0.03941355341978355,0.9230546550936766
21045,30045,Medium,Medium,0.028748368779639166,0.03514272709269443,0.9361089041276665
35556,44556,High,High,0.9183275713898787,0.02854656487736677,0.05312586373275452
5054,14054,High,High,0.9066652505039617,0.03376696241760249,0.059567787078435776
39694,48694,Medium,Medium,0.0376308933363296,0.043586336223989726,0.9187827704396807
16573,25573,Low,Low,0.03545380510444011,0.9011002758438429,0.06344591905171698
26734,35734,Low,Medium,0.1323227227753266,0.039985211838767076,0.8276920653859063
26174,35174,High,High,0.9047867685384513,0.03512915884971251,0.0600840726118362
37991,46991,High,High,0.9035551397064329,0.03786803903600567,0.05857682125756159
1114,10114,Medium,Medium,0.03858315269713807,0.03854956107853999,0.922867286224322
39478,48478,Medium,Medium,0.04047619533245145,0.03930601473323875,0.9202177899343099
11265,20265,Low,Low,0.02898008000928284,0.9113895016098779,0.0596304183808394
2658,11658,Medium,Medium,0.03605697829364052,0.04067480228756543,0.923268219418794
6443,15443,Medium,Medium,0.026293840323421736,0.028771795854392216,0.9449343638221861
2696,11696,High,Medium,0.03511183169396701,0.04108780588810262,0.9238003624179304
8299,17299,Medium,Medium,0.037716571602859746,0.04015819994191558,0.9221252284552247
7483,16483,Medium,Medium,0.026293840323421736,0.028771795854392216,0.9449343638221861
36687,45687,Medium,Medium,0.03465754311984915,0.034507890380292346,0.9308345664998585
17266,26266,Medium,Low,0.030012350431972715,0.912220815364134,0.057766834203893204
1334,10334,Medium,Medium,0.04295731867925414,0.056979687563973536,0.9000629937567722
32802,41802,Medium,Medium,0.031081398077857637,0.03229343241722573,0.9366251695049167
23856,32856,Medium,Medium,0.036637074907273005,0.03743524929608791,0.9259276757966391
24808,33808,Medium,Medium,0.03347192029441353,0.03432883424797566,0.9321992454576109
17876,26876,Low,Low,0.026505879581022795,0.9195007673213259,0.05399335309765119
38944,47944,High,High,0.9073928063104431,0.035661852568190926,0.056945341121365976
1943,10943,Low,Low,0.03595666209539479,0.8981373067626491,0.06590603114195605
1787,10787,Low,Low,0.030447130364203653,0.8886521421245348,0.08090072751126144
36977,45977,Medium,Medium,0.04207639753541013,0.0460574895047666,0.9118661129598232
38813,47813,Medium,High,0.9057329129284813,0.03388747048818707,0.06037961658333152
22033,31033,Low,Low,0.030889154012553547,0.9069821556345685,0.06212869035287799
10675,19675,Low,Low,0.03246958617085059,0.9051323269295041,0.062398086899645266
36917,45917,Medium,Medium,0.037677330197082214,0.04239827942065683,0.919924390382261
5509,14509,Low,Low,0.11376737842938854,0.8065267767510337,0.07970584481957767
12017,21017,Medium,Medium,0.03527114626268923,0.03812634346140507,0.9266025102759058
34881,43881,Medium,Medium,0.22613410833073055,0.053145879837358266,0.7207200118319111
16704,25704,Low,Low,0.030271272301229793,0.9096913355941769,0.060037392104593225
28082,37082,Low,Low,0.030786871163527352,0.9096120284118582,0.05960110042461447
11782,20782,High,High,0.8192283638105371,0.09478925277384813,0.08598238341561482
36063,45063,Medium,Medium,0.033866893205233846,0.03578942409524468,0.9303436826995215
18391,27391,Low,High,0.9073734389571079,0.034284975166476675,0.05834158587641544
10490,19490,Medium,Medium,0.03595511254097942,0.04932651568370186,0.9147183717753187
36163,45163,Medium,Medium,0.03858315269713807,0.03854956107853999,0.922867286224322
37242,46242,Medium,Medium,0.0457305986075405,0.047171275712554826,0.9070981256799047
37729,46729,High,High,0.9089997245698473,0.033269647898772674,0.057730627531380085
30586,39586,Low,Low,0.033091612461193375,0.9054638517199568,0.06144453581884981
19661,28661,High,High,0.9128971381565538,0.030415749354259825,0.05668711248918642
34666,43666,Low,Low,0.02840401760482848,0.9156231599267749,0.0559728224683966
39593,48593,Medium,Medium,0.03834180186268112,0.03976055408207312,0.9218976440552457
18181,27181,High,High,0.9065735054910338,0.0338073809939868,0.05961911351497939
8947,17947,Medium,Medium,0.029744815749682973,0.059721197290135274,0.9105339869601817
25949,34949,Low,Low,0.037575465255836174,0.9049961354315176,0.057428399312646254
36672,45672,High,High,0.9063470671068506,0.03420589961827294,0.05944703327487628
4696,13696,Medium,Medium,0.027070905561376427,0.15601425686586545,0.8169148375727581
16281,25281,High,High,0.9125287864649237,0.030808864762596505,0.056662348772479824
23197,32197,Medium,Medium,0.03605697829364052,0.04067480228756543,0.923268219418794
19225,28225,Medium,Medium,0.026750972669204166,0.0888330198450646,0.8844160074857313
4886,13886,High,High,0.909233816731434,0.032123951544775035,0.05864223172379104
23321,32321,Medium,Medium,0.034784792585832884,0.04246915671633486,0.9227460506978322
18669,27669,High,High,0.9080916209840465,0.033144050894901196,0.05876432812105236
10844,19844,High,High,0.9115598309646146,0.031045152796229446,0.05739501623915596
8926,17926,High,High,0.9109776747800821,0.031606665951356194,0.05741565926856163
2735,11735,High,High,0.910754539567011,0.032186975995409255,0.05705848443757985
34209,43209,Medium,Medium,0.031034855004078113,0.04312241756440893,0.925842727431513
25084,34084,Medium,Medium,0.03858315269713807,0.03854956107853999,0.922867286224322
3226,12226,High,High,0.9068916888881448,0.033368443793316355,0.05973986731853887
5491,14491,Medium,Medium,0.041377568240270474,0.04242187259119545,0.916200559168534
18724,27724,Low,Low,0.03347986077245769,0.9074358039292276,0.05908433529831464
24610,33610,Medium,Medium,0.02737609594205125,0.028786148206660842,0.9438377558512879
13766,22766,High,High,0.9057329129284813,0.03388747048818707,0.06037961658333152
37175,46175,Medium,Medium,0.03582284210241133,0.03821343500531877,0.9259637228922699
24873,33873,High,High,0.9083195833471379,0.03304328680495124,0.05863712984791076
7019,16019,Low,Low,0.03324227113498785,0.9039244085053371,0.06283332035967504
24294,33294,Medium,Low,0.027099898064398265,0.8305830573757221,0.1423170445598797
38303,47303,Medium,Medium,0.03605697829364052,0.04067480228756543,0.923268219418794
3383,12383,High,Medium,0.03639743097788712,0.043636592088238474,0.9199659769338745
17049,26049,High,High,0.9155011782199515,0.02856263232538339,0.0559361894546652
18653,27653,Low,Low,0.20027401884018717,0.656830035004024,0.1428959461557887
15467,24467,Low,Low,0.028986134866674947,0.9105289422066968,0.0604849229266284
21998,30998,High,High,0.9019952421787499,0.03859857210697978,0.059406185714270233
22768,31768,High,High,0.9079120270709438,0.033174560695551615,0.05891341223350471
35718,44718,High,Low,0.030012350431972715,0.912220815364134,0.057766834203893204
23635,32635,Low,Low,0.033091612461193375,0.9054638517199568,0.06144453581884981
9807,18807,High,High,0.8202813625243607,0.11537283650211934,0.06434580097352001
36965,45965,Medium,Medium,0.04047619533245145,0.03930601473323875,0.9202177899343099
31719,40719,High,High,0.8708954933572435,0.046879097212503475,0.08222540943025307
14795,23795,Medium,Medium,0.033192741050358,0.03738917355037854,0.9294180853992634
6484,15484,Medium,Medium,0.041331531269212574,0.04351206562844506,0.9151564031023423
31406,40406,Medium,Medium,0.034419268639353094,0.03366797942374742,0.9319127519368995
23398,32398,Medium,Medium,0.03753179148653995,0.03941355341978355,0.9230546550936766
32698,41698,High,High,0.9065735054910338,0.0338073809939868,0.05961911351497939
30568,39568,High,High,0.8624921365812974,0.0711137415991465,0.06639412181955616
7220,16220,Medium,Medium,0.03355381168392734,0.037062903625321185,0.9293832846907515
28076,37076,High,High,0.9090073783472509,0.032522470169061166,0.05847015148368794
13826,22826,Low,Low,0.026505879581022795,0.9195007673213259,0.05399335309765119
27042,36042,High,Medium,0.28460434942572976,0.04027635054574344,0.6751193000285268
10917,19917,Low,Low,0.052895770508259866,0.7542274187580107,0.19287681073372945
3136,12136,High,High,0.9047867685384513,0.03512915884971251,0.0600840726118362
18114,27114,High,High,0.9124081613150601,0.030999172357400035,0.05659266632753995
24164,33164,Low,Low,0.037575465255836174,0.9049961354315176,0.057428399312646254
12572,21572,Medium,Medium,0.10386332910841399,0.10716602625553874,0.7889706446360473
6463,15463,Medium,Medium,0.02864274052119486,0.029061937369476935,0.9422953221093282
20438,29438,High,High,0.9115668925298533,0.03170273108306826,0.056730376387078375
21190,30190,Medium,Medium,0.03753179148653995,0.03941355341978355,0.9230546550936766
25174,34174,Medium,Medium,0.03753179148653995,0.03941355341978355,0.9230546550936766
385,9385,High,High,0.9057329129284813,0.03388747048818707,0.06037961658333152
19916,28916,Medium,Medium,0.04382405216433882,0.04129267696077681,0.9148832708748844
25527,34527,Medium,Medium,0.07463174558141505,0.3278140832503658,0.5975541711682191
17564,26564,Low,Low,0.029774976147410797,0.9134076964668759,0.05681732738571324
32654,41654,Medium,Low,0.23437131382173806,0.569263505263956,0.19636518091430602
33735,42735,Low,Low,0.03435469677240237,0.8987935737525402,0.06685172947505728
18830,27830,Low,Low,0.02840401760482848,0.9156231599267749,0.0559728224683966
25365,34365,Low,Low,0.030977502811278257,0.9062052646660006,0.06281723252272113
492,9492,High,High,0.9125287864649237,0.030808864762596505,0.056662348772479824
39164,48164,Low,Low,0.03324227113498785,0.9039244085053371,0.06283332035967504
18995,27995,Medium,Medium,0.03791968014826989,0.03620060503114854,0.9258797148205815
4522,13522,Low,Low,0.03347986077245769,0.9074358039292276,0.05908433529831464
8868,17868,High,High,0.9090535149191168,0.03225018457442944,0.0586963005064538
26885,35885,Medium,Medium,0.03318750694143554,0.0367469340286386,0.9300655590299258
27437,36437,Medium,Medium,0.0729712792748062,0.02914265521574944,0.8978860655094443
8797,17797,Medium,Medium,0.03753179148653995,0.03941355341978355,0.9230546550936766
26818,35818,Low,Low,0.02898008000928284,0.9113895016098779,0.0596304183808394
3171,12171,Low,Low,0.02898008000928284,0.9113895016098779,0.0596304183808394
27222,36222,Medium,Medium,0.038925149599272506,0.04252534684700873,0.9185495035537188
21239,30239,Low,Low,0.03299710917354691,0.9077446065749784,0.0592582842514748
9386,18386,Medium,Medium,0.0471179228886325,0.0942833215797262,0.8585987555316413
28081,37081,Low,Low,0.2676347236943875,0.666350107049889,0.06601516925572347
32584,41584,High,High,0.9042866960365074,0.033794223052420656,0.06191908091107215
15076,24076,Medium,Medium,0.03423886815203366,0.03588294168739504,0.9298781901605713
35733,44733,Low,Low,0.029339351433834825,0.9138814824457943,0.05677916612037089
9974,18974,High,High,0.9099614307100636,0.0322927966311914,0.057745772658744976
15364,24364,Medium,Medium,0.03858315269713807,0.03854956107853999,0.922867286224322
34162,43162,High,High,0.9090024591856997,0.032546340558688304,0.05845120025561221
2685,11685,Low,Low,0.028986134866674947,0.9105289422066968,0.0604849229266284
38901,47901,Medium,High,0.910754539567011,0.032186975995409255,0.05705848443757985
28766,37766,High,High,0.9066652505039617,0.03376696241760249,0.059567787078435776
39237,48237,Medium,Medium,0.0376308933363296,0.043586336223989726,0.9187827704396807
32566,41566,High,High,0.9085335362510705,0.03261795361955652,0.05884851012937309
8631,17631,Low,Low,0.041435588032134804,0.8929303275093895,0.06563408445847564
3673,12673,Medium,Medium,0.029527842769051904,0.03376504422583966,0.9367071130051084
39065,48065,High,High,0.9030511424364414,0.030802283480292108,0.06614657408326649
22391,31391,Medium,Medium,0.03527114626268923,0.03812634346140507,0.9266025102759058
35339,44339,Medium,Medium,0.03776300846361236,0.03897014313858269,0.9232668483978049
36141,45141,High,High,0.9059455444981147,0.034610132154841794,0.059444323347043554
22674,31674,Medium,Medium,0.03878715074213515,0.041993522214537594,0.9192193270433272
36337,45337,Medium,Medium,0.03527114626268923,0.03812634346140507,0.9266025102759058
12451,21451,High,High,0.9109776747800821,0.031606665951356194,0.05741565926856163
17650,26650,Medium,Medium,0.03605697829364052,0.04067480228756543,0.923268219418794
2363,11363,Medium,Medium,0.037290440652083,0.04062454642331669,0.9220850129246002
24729,33729,High,High,0.9106617111904272,0.031798794556409916,0.057539494253162925
29678,38678,Medium,Medium,0.03605697829364052,0.04067480228756543,0.923268219418794
33595,42595,Low,Low,0.05427607081356294,0.754418710658154,0.19130521852828306
27668,36668,Medium,Medium,0.04207639753541013,0.0460574895047666,0.9118661129598232
38,9038,Medium,Medium,0.03021944990071065,0.032813466552639864,0.9369670835466496
8730,17730,High,High,0.9073734389571079,0.034284975166476675,0.05834158587641544
15677,24677,Medium,Medium,0.041331531269212574,0.04351206562844506,0.9151564031023423
33734,42734,Medium,Medium,0.035088376135415766,0.03520588078328732,0.9297057430812968
39001,48001,Low,Low,0.03215627863218703,0.9072055292009374,0.060638192166875514
25577,34577,Medium,High,0.913461124040404,0.03068835669201193,0.05585051926758408
1396,10396,Medium,Medium,0.026293840323421736,0.028771795854392216,0.9449343638221861
10776,19776,High,High,0.9167417424963197,0.02894935381165667,0.05430890369202371
27258,36258,High,Medium,0.033866893205233846,0.03578942409524468,0.9303436826995215
28368,37368,High,High,0.9096088659232345,0.03290192996432659,0.057489204112438935
33183,42183,Medium,Medium,0.038682254546927725,0.04272234388274617,0.9185954015703262
26649,35649,High,High,0.9136847354029124,0.02957445505265056,0.056740809544436964
14160,23160,Medium,Medium,0.03858315269713807,0.03854956107853999,0.922867286224322
23103,32103,Medium,Medium,0.03753179148653995,0.03941355341978355,0.9230546550936766
21706,30706,High,High,0.913470333211395,0.03065066194866169,0.05587900483994344
33271,42271,Medium,Medium,0.03753179148653995,0.03941355341978355,0.9230546550936766
11411,20411,High,High,0.9109717687802031,0.031826152114473365,0.05720207910532357
24499,33499,Medium,Medium,0.06016985241372159,0.13275529412962708,0.8070748534566513
22636,31636,Low,Low,0.03450446891488646,0.909663979086759,0.05583155199835451
13519,22519,High,High,0.9091282539542714,0.03320230326311326,0.05766944278261519
31549,40549,Medium,Medium,0.03605697829364052,0.04067480228756543,0.923268219418794
979,9979,Medium,Medium,0.041735944851163526,0.043095699704093555,0.9151683554447428
6248,15248,Low,Low,0.03057144814704491,0.9090099343240552,0.060418617528899855
21610,30610,Medium,Medium,0.03605697829364052,0.04067480228756543,0.923268219418794
2444,11444,Medium,Medium,0.03834180186268112,0.03976055408207312,0.9218976440552457
497,9497,Low,Low,0.062401866830489684,0.8552787690631152,0.08231936410639518
33963,42963,High,High,0.9136875624245872,0.030289838067725793,0.056022599507687176
7060,16060,Medium,Medium,0.034414227133848584,0.041602161981964314,0.9239836108841871
14680,23680,Medium,Medium,0.041331531269212574,0.04351206562844506,0.9151564031023423
11393,20393,Medium,Medium,0.04457456805885463,0.0587108235437273,0.896714608397418
11354,20354,Medium,Medium,0.03605697829364052,0.04067480228756543,0.923268219418794
23160,32160,High,High,0.9112958581771932,0.031167728750685752,0.05753641307212113
19497,28497,Medium,Medium,0.037995413681344604,0.035882437386814035,0.9261221489318414
17416,26416,Medium,Medium,0.03858315269713807,0.03854956107853999,0.922867286224322
20028,29028,High,High,0.8166444583544022,0.11378726902528369,0.06956827262031405
18271,27271,Medium,Medium,0.03527114626268923,0.03812634346140507,0.9266025102759058
25370,34370,Medium,Medium,0.03776300846361236,0.03897014313858269,0.9232668483978049
10582,19582,Medium,Medium,0.03590852036894148,0.034785298723244616,0.9293061809078139
31575,40575,Medium,Medium,0.03858315269713807,0.03854956107853999,0.922867286224322
35518,44518,High,High,0.9136578361661147,0.03078516442487057,0.0555569994090148
35954,44954,Medium,Medium,0.026405833741302332,0.3186815481252059,0.6549126181334918
31004,40004,High,High,0.9115598309646146,0.031045152796229446,0.05739501623915596
4407,13407,Low,Low,0.02721515748157212,0.6786284518705208,0.29415639064790716
33730,42730,Medium,Medium,0.03839296711754867,0.03522422920108591,0.9263828036813654
32665,41665,Medium,Medium,0.08170772195442633,0.050199329565693125,0.8680929484798806
29831,38831,Medium,Medium,0.03527114626268923,0.03812634346140507,0.9266025102759058
10229,19229,Low,Low,0.028649807781237106,0.9144854811581293,0.05686471106063349
19653,28653,Medium,Medium,0.03664333375324097,0.0350056238903169,0.9283510423564421
15323,24323,Low,Low,0.05810291247528058,0.7714670203488042,0.17043006717591525
16902,25902,Low,Low,0.026523072649321786,0.9170477771595684,0.05642915019110976
3046,12046,Medium,Medium,0.0342314121690724,0.03497423686169345,0.9307943509692341
2177,11177,Low,Low,0.0342064456337675,0.9034400536136901,0.06235350075254237
9211,18211,Low,Low,0.03377109009711686,0.9055799773261969,0.06064893257668619
9351,18351,Low,Low,0.03748280642552077,0.5492555238423281,0.4132616697321512
34861,43861,High,Medium,0.037290440652083,0.04062454642331669,0.9220850129246002
27380,36380,Low,Low,0.032306937305981505,0.9056660859863177,0.06202697670770075
19327,28327,Medium,Medium,0.0457305986075405,0.047171275712554826,0.9070981256799047
31586,40586,Medium,Medium,0.06750428622677317,0.04010317052286305,0.8923925432503638
28292,37292,High,High,0.909233816731434,0.032123951544775035,0.05864223172379104
162,9162,Medium,Medium,0.036510481760728825,0.039490737516223624,0.9239987807230475
6337,15337,Medium,Medium,0.03753179148653995,0.03941355341978355,0.9230546550936766
23987,32987,Medium,Medium,0.026293840323421736,0.028771795854392216,0.9449343638221861
25446,34446,Low,Low,0.030485921825736364,0.9103945752209109,0.059119502953352665
5173,14173,High,Medium,0.03639743097788712,0.043636592088238474,0.9199659769338745
36019,45019,Medium,Medium,0.0457305986075405,0.047171275712554826,0.9070981256799047
13010,22010,Medium,Low,0.026702519997397044,0.8958920834389231,0.07740539656367988
3928,12928,Low,Low,0.033011272203610706,0.8859072227731192,0.08108150502327
18892,27892,Medium,Medium,0.03466186181981969,0.03503335869041295,0.9303047794897674
12496,21496,High,High,0.9090024591856997,0.032546340558688304,0.05845120025561221
120,9120,High,High,0.9123375607362231,0.031212378996595097,0.056450060267181974
20744,29744,Medium,Medium,0.032437409881745226,0.047231673185626266,0.9203309169326285
33368,42368,Low,Low,0.030977502811278257,0.9062052646660006,0.06281723252272113
8245,17245,Medium,Medium,0.038682254546927725,0.04272234388274617,0.9185954015703262
15554,24554,High,High,0.9076124084882121,0.03532034702927017,0.057067244482517744
11584,20584,Medium,Medium,0.04241089347785564,0.03812549931998429,0.91946360720216
12771,21771,Medium,Medium,0.03776300846361236,0.03897014313858269,0.9232668483978049
34682,43682,Medium,Medium,0.036395724072816056,0.03864624229962105,0.9249580336275628
6965,15965,Medium,Medium,0.036395724072816056,0.03864624229962105,0.9249580336275628
26218,35218,Medium,Medium,0.03753179148653995,0.03941355341978355,0.9230546550936766
36166,45166,Low,Low,0.03246958617085059,0.9051323269295041,0.062398086899645266
27298,36298,Low,Low,0.037575465255836174,0.9049961354315176,0.057428399312646254
30011,39011,Medium,Medium,0.03734453036313954,0.07486364567003097,0.8877918239668294
1527,10527,High,High,0.9090024591856997,0.032546340558688304,0.05845120025561221
21408,30408,Medium,Medium,0.03753179148653995,0.03941355341978355,0.9230546550936766
34454,43454,Low,Low,0.026585951437185295,0.9083237147715627,0.06509033379125191
26505,35505,High,High,0.9151704832411828,0.029548947488529265,0.055280569270287995
1071,10071,Medium,Medium,0.050034421321870436,0.22737599021490443,0.7225895884632251
23769,32769,Medium,Medium,0.03177176981250888,0.03384674660269477,0.9343814835847963
1605,10605,Medium,Medium,0.08721937188890189,0.26037982320023584,0.6524008049108624
15440,24440,Medium,Medium,0.03753179148653995,0.03941355341978355,0.9230546550936766
25352,34352,Medium,Medium,0.03753179148653995,0.03941355341978355,0.9230546550936766
15240,24240,Medium,Medium,0.03347192029441353,0.03432883424797566,0.9321992454576109
28478,37478,Medium,Medium,0.06734640921852271,0.03646263454276478,0.8961909562387126
14647,23647,Medium,Medium,0.03655139664074286,0.040863385578162055,0.9225852177810951
13532,22532,Medium,Medium,0.04074379225341912,0.04084494193671911,0.9184112658098617
12069,21069,Medium,Medium,0.043695236110340964,0.04440150483660327,0.9119032590530557
29305,38305,Low,Low,0.03347986077245769,0.9074358039292276,0.05908433529831464
29453,38453,High,High,0.9035551397064329,0.03786803903600567,0.05857682125756159
33616,42616,Medium,Medium,0.02737609594205125,0.028786148206660842,0.9438377558512879
23111,32111,Medium,Medium,0.026293840323421736,0.028771795854392216,0.9449343638221861
7642,16642,High,High,0.9063470671068506,0.03420589961827294,0.05944703327487628
33151,42151,Medium,Medium,0.03605697829364052,0.04067480228756543,0.923268219418794
28818,37818,Medium,Medium,0.03870147247560501,0.04542165849661175,0.9158768690277833
2065,11065,Low,Low,0.030271272301229793,0.9096913355941769,0.060037392104593225
29300,38300,Low,Low,0.033091612461193375,0.9054638517199568,0.06144453581884981
29282,38282,Medium,Medium,0.0371734941764131,0.03363195635705754,0.9291945494665294
31187,40187,High,High,0.9156540449974161,0.028854266608435614,0.05549168839414833
30573,39573,Medium,Medium,0.03870147247560501,0.04542165849661175,0.9158768690277833
19518,28518,Medium,Medium,0.038682254546927725,0.04272234388274617,0.9185954015703262
6384,15384,Low,Low,0.028439628919977727,0.9105078410525062,0.06105253002751617
16164,25164,High,Low,0.02708250731578851,0.9149435088618821,0.05797398382232935
21884,30884,Medium,Medium,0.034028247325074285,0.03390369605569752,0.9320680566192282
39759,48759,Medium,Medium,0.042116539565627525,0.07277514087324764,0.8851083195611248
22311,31311,High,High,0.9107663139521344,0.03174966253115987,0.057484023516705736
39503,48503,High,Medium,0.03334989907470931,0.031706729925459906,0.9349433709998308
12276,21276,Medium,Medium,0.03858315269713807,0.03854956107853999,0.922867286224322
125,9125,Medium,Medium,0.03834180186268112,0.03976055408207312,0.9218976440552457
24742,33742,Low,Low,0.03215627863218703,0.9072055292009374,0.060638192166875514
34806,43806,Low,High,0.9084694650072658,0.03118379619870237,0.060346738794031816
24334,33334,High,Medium,0.03858315269713807,0.03854956107853999,0.922867286224322
37172,46172,Medium,Medium,0.03858315269713807,0.03854956107853999,0.922867286224322
38026,47026,Low,Low,0.03057144814704491,0.9090099343240552,0.060418617528899855
23585,32585,Low,Low,0.028410072462220586,0.9147626005235937,0.0568273270141856
23445,32445,Low,Low,0.02937059641955764,0.9135403846961366,0.057089018884305676
31108,40108,High,High,0.9114307077388872,0.03173728315974118,0.056832009101371594
5584,14584,Low,Low,0.036389138933446454,0.8993585983628622,0.06425226270369128
35593,44593,High,High,0.8981606099193499,0.03361752721867778,0.06822186286197235
27609,36609,High,High,0.9097832385874001,0.03084293622087625,0.05937382519172382
20870,29870,High,Medium,0.037677330197082214,0.04239827942065683,0.919924390382261
6733,15733,Low,Low,0.027557012354760824,0.9164282716908433,0.0560147159543958
31267,40267,High,High,0.9124836367313854,0.030885534583738206,0.05663082868487629
11043,20043,Low,Low,0.030537456727185303,0.908786578635433,0.06067596463738164
6377,15377,High,High,0.913461124040404,0.03068835669201193,0.05585051926758408
35409,44409,Medium,Medium,0.041331531269212574,0.04351206562844506,0.9151564031023423
3001,12001,Low,Low,0.03094768426097906,0.9104791378831534,0.0585731778558675
20314,29314,High,High,0.9088440373202307,0.032581466842977004,0.058574495836792355
22672,31672,Medium,Medium,0.04482720738951656,0.04737470119329207,0.9077980914171914
16992,25992,Low,Low,0.026825891161143357,0.8652676206420641,0.10790648819679254
22293,31293,High,High,0.9175071263976218,0.028824861883454133,0.053668011718924186
20303,29303,High,High,0.9076124084882121,0.03532034702927017,0.057067244482517744
1345,10345,Low,Low,0.02835918669382104,0.91295687122235,0.05868394208382893
26510,35510,Medium,Medium,0.2252078521280174,0.12620613416511287,0.6485860137068699
30543,39543,Low,Low,0.02840401760482848,0.9156231599267749,0.0559728224683966
21197,30197,Medium,Medium,0.038886252591924804,0.046166305018743775,0.9149474423893315
18891,27891,High,High,0.9078146806315072,0.032828534725635856,0.05935678464285705
1129,10129,Low,Low,0.02840401760482848,0.9156231599267749,0.0559728224683966
35579,44579,Medium,Medium,0.03163410539963611,0.03629598762087333,0.9320699069794905
34859,43859,Medium,Medium,0.03543990262145342,0.03765541524360161,0.926904682134945
10026,19026,Low,Low,0.026505879581022795,0.9195007673213259,0.05399335309765119
8891,17891,Low,Low,0.030537456727185303,0.908786578635433,0.06067596463738164
2705,11705,Medium,Medium,0.0457305986075405,0.047171275712554826,0.9070981256799047
10554,19554,High,High,0.9035551397064329,0.03786803903600567,0.05857682125756159
2464,11464,High,High,0.9066652505039617,0.03376696241760249,0.059567787078435776
25802,34802,Medium,Medium,0.03858315269713807,0.03854956107853999,0.922867286224322
25125,34125,Medium,Medium,0.037290440652083,0.04062454642331669,0.9220850129246002
1380,10380,High,High,0.9090024591856997,0.032546340558688304,0.05845120025561221
19615,28615,Low,Low,0.029403917680788736,0.9049293985801848,0.06566668373902636
14347,23347,High,High,0.909233816731434,0.032123951544775035,0.05864223172379104
1112,10112,Medium,Medium,0.03283566593989407,0.03723249826355951,0.9299318357965465
30158,39158,Medium,Medium,0.02658214423279223,0.06833288696430431,0.9050849688029033
6798,15798,Low,High,0.9127237526361863,0.030842571762320633,0.05643367560149301
30341,39341,Medium,Medium,0.03423886815203366,0.03588294168739504,0.9298781901605713
33942,42942,Low,Low,0.028220572011817824,0.9176382740182515,0.05414115396993056
26299,35299,High,High,0.9089997245698473,0.033269647898772674,0.057730627531380085
6454,15454,High,High,0.9106278207153277,0.03163824664880405,0.05773393263586831
21753,30753,Medium,Medium,0.031794715438589354,0.36653041155934485,0.6016748730020658
29708,38708,Low,Low,0.03324227113498785,0.9039244085053371,0.06283332035967504
2524,11524,Low,Medium,0.03870147247560501,0.04542165849661175,0.9158768690277833
22297,31297,High,High,0.9116893056954968,0.03120975346347937,0.05710094084102391
11292,20292,Low,Low,0.030141772834236653,0.9097201796359418,0.06013804752982149
28136,37136,Low,Medium,0.030397892968566514,0.05383721585104224,0.9157648911803912
9474,18474,Medium,Medium,0.041331531269212574,0.04351206562844506,0.9151564031023423
1496,10496,Medium,Medium,0.03791968014826989,0.03620060503114854,0.9258797148205815
20065,29065,Low,Low,0.03211045330379801,0.9098423031401484,0.0580472435560536
20600,29600,Low,Low,0.028443452209422068,0.909950318017525,0.061606229773052905
31102,40102,High,High,0.9059455444981147,0.034610132154841794,0.059444323347043554
14369,23369,Medium,Medium,0.035920552058395165,0.04038756565158205,0.9236918822900227
732,9732,High,High,0.9035551397064329,0.03786803903600567,0.05857682125756159
16491,25491,High,High,0.8576171574231134,0.073216423271885,0.0691664193050018
26612,35612,High,High,0.7558145221568725,0.18437881751119303,0.05980666033193429
28394,37394,Medium,Medium,0.03145102633219553,0.04866875046980989,0.9198802231979947
12371,21371,Medium,Medium,0.037290440652083,0.04062454642331669,0.9220850129246002
13047,22047,High,Medium,0.040714095691402295,0.04007291654380401,0.9192129877647935
38133,47133,Low,Low,0.046512212625303063,0.8961042134885332,0.0573835738861637
33355,42355,Medium,Medium,0.037995413681344604,0.035882437386814035,0.9261221489318414
11990,20990,High,High,0.9077003594952785,0.03352746025147838,0.0587721802532433
35421,44421,Medium,Medium,0.03834180186268112,0.03976055408207312,0.9218976440552457
2698,11698,High,High,0.9090073783472509,0.032522470169061166,0.05847015148368794
17792,26792,High,High,0.9025307936610644,0.03674438586058932,0.06072482047834632
5612,14612,High,High,0.897190865375344,0.041522473626209,0.0612866609984472
16213,25213,Medium,Medium,0.03477905652419997,0.050307542826880304,0.9149134006489197
3703,12703,Medium,Medium,0.030238257401645954,0.19811720190768903,0.771644540690665
20239,29239,Medium,Medium,0.03590852036894148,0.034785298723244616,0.9293061809078139
37599,46599,High,High,0.9090024591856997,0.032546340558688304,0.05845120025561221
15,9015,High,High,0.9066652505039617,0.03376696241760249,0.059567787078435776
10622,19622,Medium,Medium,0.03548633948220603,0.03646735844026872,0.9280463020775253
13772,22772,Medium,Medium,0.041735944851163526,0.043095699704093555,0.9151683554447428
24390,33390,High,High,0.6758992813447066,0.16026041587834053,0.16384030277695286
36216,45216,Medium,Medium,0.03527114626268923,0.03812634346140507,0.9266025102759058
23513,32513,High,High,0.9074964972343963,0.033267471926306295,0.05923603083929755
27920,36920,Medium,Medium,0.3254709632716501,0.059120554145652066,0.6154084825826979
35234,44234,Low,Low,0.028415339778138347,0.9140110927495702,0.05757356747229137
19677,28677,High,Medium,0.03834180186268112,0.03976055408207312,0.9218976440552457
6161,15161,Low,Low,0.028410072462220586,0.9147626005235937,0.0568273270141856
25769,34769,High,High,0.8536084983800758,0.0888556691725947,0.05753583244732955
26281,35281,Medium,Low,0.04624892236000581,0.5016405708478229,0.4521105067921713
22213,31213,Medium,Medium,0.03590852036894148,0.034785298723244616,0.9293061809078139
17093,26093,High,High,0.9053099547035964,0.03678536713264225,0.057904678163761346
30033,39033,Low,Low,0.03937094138472306,0.8883486377210429,0.07228042089423405
30916,39916,Low,Low,0.03215627863218703,0.9072055292009374,0.060638192166875514
17250,26250,Medium,Medium,0.0457305986075405,0.047171275712554826,0.9070981256799047
23290,32290,High,High,0.9122153609897964,0.031028427607119758,0.05675621140308402
14690,23690,High,High,0.9080750407717706,0.032642978239645744,0.05928198098858368
31559,40559,Low,Low,0.08991973161356888,0.8502587370118123,0.05982153137461869
35342,44342,Low,Low,0.03246958617085059,0.9051323269295041,0.062398086899645266
33488,42488,Medium,Medium,0.041331531269212574,0.04351206562844506,0.9151564031023423
798,9798,High,High,0.8802509069256977,0.02903969741668515,0.09070939565761711
30506,39506,Medium,Medium,0.03858315269713807,0.03854956107853999,0.922867286224322
22307,31307,Low,Low,0.03450446891488646,0.909663979086759,0.05583155199835451
714,9714,Medium,High,0.9124957902730948,0.030943335852270586,0.056560873874634605
527,9527,High,High,0.6706920218824933,0.26793778006574154,0.061370198051765114
34718,43718,Low,Low,0.027691516422113913,0.7001453805019381,0.2721631030759479
11509,20509,Medium,Medium,0.031085716777828176,0.032818900727346334,0.9360953824948255
32760,41760,High,High,0.9065735054910338,0.0338073809939868,0.05961911351497939
16197,25197,High,Low,0.03545380510444011,0.9011002758438429,0.06344591905171698
14121,23121,Low,Medium,0.03509980000451333,0.03548553895976518,0.9294146610357216
35759,44759,Medium,Medium,0.03527114626268923,0.03812634346140507,0.9266025102759058
9635,18635,Medium,Medium,0.03753179148653995,0.03941355341978355,0.9230546550936766
15750,24750,High,High,0.9146922831068043,0.030417982723711833,0.0548897341694839
119,9119,Medium,Medium,0.03527114626268923,0.03812634346140507,0.9266025102759058
23262,32262,Medium,Medium,0.0342314121690724,0.03497423686169345,0.9307943509692341
27288,36288,Medium,Medium,0.03543990262145342,0.03765541524360161,0.926904682134945
24239,33239,Low,Low,0.033091612461193375,0.9054638517199568,0.06144453581884981
28375,37375,High,Low,0.04154138695735355,0.9002413549472541,0.058217258095392334
7754,16754,Medium,Medium,0.03892632441342451,0.0289065492327743,0.9321671263538013
23817,32817,Medium,Medium,0.026293840323421736,0.028771795854392216,0.9449343638221861
32471,41471,Medium,Medium,0.0730245925352818,0.07244971556691128,0.8545256918978069
19487,28487,Low,Low,0.03324227113498785,0.9039244085053371,0.06283332035967504
18123,27123,Low,Medium,0.036637074907273005,0.03743524929608791,0.9259276757966391
37887,46887,High,High,0.9065128135532786,0.03322301943800529,0.06026416700871626
12018,21018,Medium,Medium,0.03834180186268112,0.03976055408207312,0.9218976440552457
7443,16443,Medium,Medium,0.14094338790447855,0.03527765869877959,0.8237789533967419
9452,18452,High,High,0.8788211267672246,0.06172377870502263,0.059455094527752834
16991,25991,Medium,Medium,0.040968469927926916,0.02894204745031811,0.9300894826217551
2062,11062,Medium,Medium,0.04015781940275478,0.03457662382465116,0.9252655567725941
11552,20552,Medium,Low,0.02840401760482848,0.9156231599267749,0.0559728224683966
16402,25402,Low,Low,0.09661398233611201,0.8303070390361246,0.0730789786277634
7573,16573,Low,Low,0.036389138933446454,0.8993585983628622,0.06425226270369128
14395,23395,Medium,Medium,0.03859518438659174,0.04415182800687742,0.9172529876065308
6802,15802,Medium,Medium,0.03306804394811813,0.03779936345938725,0.9291325925924947
15351,24351,Medium,Medium,0.036395724072816056,0.03864624229962105,0.9249580336275628
21152,30152,Low,Low,0.02844608681614529,0.9097738956599685,0.0617800175238861
15134,24134,Medium,Medium,0.03858315269713807,0.03854956107853999,0.922867286224322
4645,13645,High,High,0.9080916209840465,0.033144050894901196,0.05876432812105236
28178,37178,Low,High,0.897490822500065,0.036872828778011214,0.06563634872192385
28675,37675,Medium,Medium,0.03478855299019982,0.04293093214580562,0.9222805148639944
3331,12331,Low,Low,0.03215627863218703,0.9072055292009374,0.060638192166875514
30731,39731,Medium,Medium,0.03870147247560501,0.04542165849661175,0.9158768690277833
30854,39854,High,High,0.9166827105506784,0.028555880071257488,0.05476140937806424
9481,18481,Medium,Medium,0.03284606838136416,0.03837809996563258,0.9287758316530033
28924,37924,High,High,0.9090024591856997,0.032546340558688304,0.05845120025561221
29158,38158,Medium,Medium,0.03753179148653995,0.03941355341978355,0.9230546550936766
33774,42774,High,High,0.9131084417954236,0.030505170282618548,0.0563863879219579
28833,37833,High,High,0.910751236395899,0.032005184575642324,0.05724357902845854
9658,18658,Low,High,0.9065415835356149,0.03404648694634909,0.05941192951803596
7241,16241,High,High,0.9107663139521344,0.03174966253115987,0.057484023516705736
5203,14203,Medium,Medium,0.03347192029441353,0.03432883424797566,0.9321992454576109
23055,32055,Medium,Medium,0.03306804394811813,0.03779936345938725,0.9291325925924947
23423,32423,Medium,Medium,0.03849747443060792,0.04197769736061413,0.919524828208778
20752,29752,Medium,Medium,0.03360618190925103,0.03537188272153591,0.9310219353692131
5762,14762,Medium,Medium,0.03910089925886415,0.03991908789288148,0.9209800128482543
4567,13567,Low,High,0.9112111055611182,0.03207878869866194,0.05671010574021982
21069,30069,High,High,0.9112958581771932,0.031167728750685752,0.05753641307212113
16556,25556,Low,Low,0.02704696003781437,0.8310530853554319,0.14189995460675367
7362,16362,Medium,Medium,0.02636375405599277,0.32441932156593817,0.6492169243780691
27781,36781,Medium,Medium,0.0376308933363296,0.043586336223989726,0.9187827704396807
38809,47809,Medium,Medium,0.03605697829364052,0.04067480228756543,0.923268219418794
22204,31204,Medium,Medium,0.32327790376512294,0.028682051730983565,0.6480400445038935
16044,25044,Medium,Medium,0.028739842236039297,0.032128635995762586,0.9391315217681981
14515,23515,High,High,0.909233816731434,0.032123951544775035,0.05864223172379104
21146,30146,Medium,Medium,0.03527114626268923,0.03812634346140507,0.9266025102759058
36275,45275,Low,Low,0.03340491999985694,0.9033906494485234,0.06320443055161956
36764,45764,Medium,Medium,0.04428261849700252,0.04461483903366637,0.911102542469331
25551,34551,High,High,0.913461124040404,0.03068835669201193,0.05585051926758408
4847,13847,Medium,Medium,0.04359613426055131,0.04022872203239709,0.9161751437070516
31927,40927,High,High,0.910754539567011,0.032186975995409255,0.05705848443757985
29505,38505,Medium,Medium,0.0457305986075405,0.047171275712554826,0.9070981256799047
15717,24717,Medium,Medium,0.03858315269713807,0.03854956107853999,0.922867286224322
36021,45021,Medium,Medium,0.05753148989667511,0.035451472887686505,0.9070170372156384
2260,11260,Low,Low,0.026505879581022795,0.9195007673213259,0.05399335309765119
6992,15992,Low,Low,0.03340491999985694,0.9033906494485234,0.06320443055161956
8862,17862,Low,Low,0.03367990362696486,0.9056237860189907,0.06069631035404429
11717,20717,Medium,Medium,0.02753428348800756,0.047269497247100854,0.9251962192648916
25201,34201,Medium,Medium,0.04359613426055131,0.04022872203239709,0.9161751437070516
3073,12073,Low,Low,0.04727694331594732,0.8945296395791873,0.058193417104865384
11245,20245,Medium,Medium,0.03419397750445747,0.03933425730188203,0.9264717651936606
30348,39348,Low,Low,0.03215627863218703,0.9072055292009374,0.060638192166875514
9881,18881,Medium,Medium,0.03119226087703726,0.03202516173994931,0.9367825773830134
18196,27196,Medium,Medium,0.03865689894101599,0.03974780327314969,0.9215952977858343
28613,37613,Medium,Medium,0.03465754311984915,0.034507890380292346,0.9308345664998585
39915,48915,High,High,0.9183275713898787,0.02854656487736677,0.05312586373275452
25341,34341,Medium,Medium,0.033866893205233846,0.03578942409524468,0.9303436826995215
25999,34999,Medium,Medium,0.12105828182035049,0.03330324658648217,0.8456384715931673
18785,27785,Medium,Medium,0.08643923796904783,0.3534304904806524,0.5601302715502998
33575,42575,Medium,Low,0.03168566303703241,0.8811824751700054,0.08713186179296221
10692,19692,Medium,Medium,0.036736176757062665,0.04160803210029409,0.9216557911426433
36127,45127,Low,Low,0.0590229718525877,0.8803922637633671,0.06058476438404516
20227,29227,Medium,Medium,0.03858315269713807,0.03854956107853999,0.922867286224322
7556,16556,High,High,0.8966295355054373,0.03279242510849003,0.07057803938607253
38038,47038,Low,Low,0.03499138932092644,0.9017258810131836,0.06328272966588984
24681,33681,Low,Low,0.033091612461193375,0.9054638517199568,0.06144453581884981
11231,20231,Low,Low,0.032847461120712136,0.9067411671763802,0.060411371702907536
32261,41261,Low,Low,0.030427543770045317,0.9056658090278832,0.06390664720207141
10255,19255,Medium,Medium,0.03753179148653995,0.03941355341978355,0.9230546550936766
19704,28704,High,Medium,0.0374102403918942,0.03999586324031802,0.9225938963677877
17905,26905,Low,Low,0.0291297713378695,0.8942719962571473,0.07659823240498313
39177,48177,Low,Low,0.03062422229865826,0.9101457874686717,0.059229990232669956
3562,12562,Medium,Medium,0.0732308668640255,0.0569328247623934,0.8698363083735812
28761,37761,Medium,Medium,0.037995413681344604,0.035882437386814035,0.9261221489318414
12519,21519,Medium,Medium,0.0349995400219836,0.03848367614876109,0.9265167838292553
4421,13421,Medium,Medium,0.03179596948863568,0.07208408002335963,0.8961199504880047
89,9089,Medium,Medium,0.03858315269713807,0.03854956107853999,0.922867286224322
15974,24974,Low,Low,0.03340491999985694,0.9033906494485234,0.06320443055161956
33219,42219,Medium,Medium,0.037290440652083,0.04062454642331669,0.9220850129246002
30088,39088,Medium,Medium,0.03858315269713807,0.03854956107853999,0.922867286224322
36200,45200,Medium,Medium,0.036736176757062665,0.04160803210029409,0.9216557911426433
19731,28731,Medium,Medium,0.027260993380362326,0.20750124374617204,0.7652377628734657
9500,18500,High,High,0.9183275713898787,0.02854656487736677,0.05312586373275452
15468,24468,Low,Low,0.028410072462220586,0.9147626005235937,0.0568273270141856
34975,43975,High,High,0.9059455444981147,0.034610132154841794,0.059444323347043554
19373,28373,High,High,0.9117182528300836,0.031010026511940746,0.05727172065797581
25171,34171,Low,Low,0.03246958617085059,0.9051323269295041,0.062398086899645266
37078,46078,Low,High,0.9112111055611182,0.03207878869866194,0.05671010574021982
17525,26525,High,High,0.8751916030803139,0.067519093264279,0.05728930365540713
7544,16544,Low,Low,0.08269919690748168,0.8259341461718162,0.09136665692070212
3566,12566,Low,Low,0.02703098587623538,0.9160665305926249,0.056902483531139615
5844,14844,Medium,Medium,0.033866893205233846,0.03578942409524468,0.9303436826995215
16903,25903,Low,Low,0.033091612461193375,0.9054638517199568,0.06144453581884981
16800,25800,Low,Low,0.03029421986633947,0.9072061385139781,0.06249964161968241
1474,10474,Low,Medium,0.051500185297748864,0.46204389816756936,0.48645591653468173
3675,12675,Low,Low,0.04493497233279651,0.8821269286843041,0.07293809898289944
10065,19065,Medium,Medium,0.03776300846361236,0.03897014313858269,0.9232668483978049
3672,12672,Medium,Low,0.026764045464589978,0.8783276574897457,0.09490829704566434
29731,38731,Medium,Medium,0.03753179148653995,0.03941355341978355,0.9230546550936766
25659,34659,High,Medium,0.03457618355328954,0.0384614949724871,0.9269623214742233
14149,23149,Medium,Medium,0.03325152648503275,0.04486197757423414,0.9218864959407331
35243,44243,Medium,Medium,0.02635287149424077,0.036172095362116255,0.937475033143643
20926,29926,Medium,Medium,0.036306483715731745,0.03604677638022602,0.9276467399040422
23850,32850,High,High,0.9076124084882121,0.03532034702927017,0.057067244482517744
38056,47056,Medium,Medium,0.045426235644336344,0.047664750210766826,0.9069090141448969
22969,31969,High,High,0.9109776747800821,0.031606665951356194,0.05741565926856163
28287,37287,Medium,High,0.9167417424963197,0.02894935381165667,0.05430890369202371
33988,42988,Medium,Medium,0.026293840323421736,0.028771795854392216,0.9449343638221861
19376,28376,High,High,0.9150037904475505,0.029247153241958344,0.05574905631049116
22263,31263,High,High,0.9099458689598774,0.032027959537247234,0.0580261715028754
27278,36278,Medium,Medium,0.03858315269713807,0.03854956107853999,0.922867286224322
36310,45310,Medium,Medium,0.036736176757062665,0.04160803210029409,0.9216557911426433
17691,26691,Low,Low,0.03499138932092644,0.9017258810131836,0.06328272966588984
37578,46578,Low,Low,0.03215627863218703,0.9072055292009374,0.060638192166875514
4559,13559,Low,Low,0.07247232853354497,0.7878080916144731,0.13971957985198194
32487,41487,Medium,Medium,0.033866893205233846,0.03578942409524468,0.9303436826995215
20911,29911,Medium,Medium,0.03753179148653995,0.03941355341978355,0.9230546550936766
25478,34478,Medium,Medium,0.07925180831062369,0.061371272996442496,0.8593769186929338
25738,34738,Medium,Medium,0.03503094225445318,0.09334964571254373,0.8716194120330031
39362,48362,Medium,Medium,0.036637074907273005,0.03743524929608791,0.9259276757966391
10307,19307,High,High,0.9088581714609738,0.031932872334026176,0.059208956205000024
35671,44671,Medium,Medium,0.0376308933363296,0.043586336223989726,0.9187827704396807
30672,39672,Medium,Medium,0.03753179148653995,0.03941355341978355,0.9230546550936766
14939,23939,Medium,Medium,0.038925149599272506,0.04252534684700873,0.9185495035537188
4244,13244,Medium,Medium,0.041377568240270474,0.04242187259119545,0.916200559168534
21272,30272,Medium,Medium,0.033866893205233846,0.03578942409524468,0.9303436826995215
29096,38096,Medium,Medium,0.03527114626268923,0.03812634346140507,0.9266025102759058
1320,10320,Low,Medium,0.04202084817236091,0.3097623236256268,0.6482168282020123
5607,14607,Medium,Medium,0.040714095691402295,0.04007291654380401,0.9192129877647935
13344,22344,High,High,0.9041881631357621,0.03676448202340346,0.05904735484083449
23314,32314,Medium,Medium,0.03870147247560501,0.04542165849661175,0.9158768690277833
22445,31445,Low,Low,0.02896751364674574,0.9124577024686426,0.05857478388461163
24171,33171,Low,Low,0.03215627863218703,0.9072055292009374,0.060638192166875514
16251,25251,High,High,0.9108014961575028,0.03188953315357862,0.05730897068891843
36241,45241,Low,Low,0.026519011273871244,0.9181089663200144,0.05537202240611431
18186,27186,Medium,Medium,0.03284606838136416,0.03837809996563258,0.9287758316530033
5511,14511,Medium,High,0.6145343207983692,0.05403906060794617,0.33142661859368455
25187,34187,High,High,0.8686962551508067,0.06589888859556682,0.06540485625362642
20677,29677,Medium,Medium,0.03714690160604961,0.051370658875365516,0.9114824395185849
32616,41616,Medium,Medium,0.05700729590135561,0.2686124574329137,0.6743802466657307
25028,34028,Medium,Medium,0.033180050958474275,0.03583822920293702,0.9309817198385887
32948,41948,Medium,High,0.909233816731434,0.032123951544775035,0.05864223172379104
8863,17863,Medium,Medium,0.03849747443060792,0.04197769736061413,0.919524828208778
37516,46516,High,High,0.909233816731434,0.032123951544775035,0.05864223172379104
28643,37643,Low,Medium,0.03874164084966838,0.0398797109129168,0.9213786482374148
18837,27837,Medium,Medium,0.03605697829364052,0.04067480228756543,0.923268219418794
17490,26490,High,High,0.9156540449974161,0.028854266608435614,0.05549168839414833
5757,14757,Medium,High,0.9090073783472509,0.032522470169061166,0.05847015148368794
19063,28063,Low,Low,0.028427519946830602,0.9140252204872518,0.057547259565917545
13128,22128,Medium,Medium,0.03833646597331692,0.042774887863859516,0.9188886461628235
30932,39932,Medium,High,0.9089997245698473,0.033269647898772674,0.057730627531380085
31547,40547,High,High,0.9073734389571079,0.034284975166476675,0.05834158587641544
29230,38230,Medium,Medium,0.026293840323421736,0.028771795854392216,0.9449343638221861
9592,18592,High,High,0.9053099547035964,0.03678536713264225,0.057904678163761346
36010,45010,Medium,Medium,0.026293840323421736,0.028771795854392216,0.9449343638221861
25981,34981,Low,Low,0.026550047782984722,0.9131352145903993,0.06031473762661599
37642,46642,High,High,0.897490822500065,0.036872828778011214,0.06563634872192385
33359,42359,Low,Low,0.033091612461193375,0.9054638517199568,0.06144453581884981
32217,41217,Low,Low,0.062401866830489684,0.8552787690631152,0.08231936410639518
23801,32801,High,Medium,0.026293840323421736,0.028771795854392216,0.9449343638221861
14967,23967,Medium,Medium,0.036637074907273005,0.03743524929608791,0.9259276757966391
20291,29291,High,High,0.9019952421787499,0.03859857210697978,0.059406185714270233
38443,47443,High,High,0.9089997245698473,0.033269647898772674,0.057730627531380085
33980,42980,Medium,Medium,0.033756039319763835,0.0388820770325298,0.9273618836477063
36419,45419,Medium,Medium,0.07707210424279658,0.029163807264937645,0.8937640884922656
19572,28572,Medium,Medium,0.05236185952504311,0.049547280198614534,0.8980908602763424
34021,43021,Medium,Medium,0.03870147247560501,0.04542165849661175,0.9158768690277833
16226,25226,Medium,Medium,0.08154369025433882,0.08515069394125413,0.8333056158044071
11117,20117,Medium,Medium,0.035150109879082035,0.040163166374005854,0.9246867237469121
18381,27381,Low,Low,0.026626750707589103,0.9051356928833476,0.06823755640906325
31581,40581,High,High,0.8884171103591593,0.04882429768848237,0.06275859195235839
36714,45714,Low,Low,0.04292813310576815,0.8555865921618219,0.10148527473240987
36945,45945,Low,Low,0.2704791160587955,0.6695068708023085,0.06001401313889603
25860,34860,Low,Low,0.06993951153072246,0.8558264813482932,0.07423400712098437
12048,21048,Medium,Medium,0.03834180186268112,0.03976055408207312,0.9218976440552457
19458,28458,Low,Low,0.03089078251286852,0.8669988301141694,0.10211038737296214
27627,36627,High,High,0.9073734389571079,0.034284975166476675,0.05834158587641544
35882,44882,Medium,Medium,0.03435851018420037,0.03591987209580921,0.9297216177199904
18268,27268,Medium,Medium,0.03858315269713807,0.03854956107853999,0.922867286224322
31014,40014,Low,Low,0.030823005160339978,0.9106622078583796,0.058514786981280396
38643,47643,Medium,Medium,0.03709953591474418,0.03662118709119124,0.9262792769940645
9449,18449,Medium,Medium,0.034341812216939945,0.03869931185539826,0.9269588759276618
6310,15310,Low,Low,0.026505879581022795,0.9195007673213259,0.05399335309765119
25554,34554,Medium,Medium,0.032823131023107,0.03298275426145121,0.9341941147154419
23306,32306,High,High,0.9078842322134619,0.03432267120941295,0.05779309657712522
7717,16717,High,High,0.9080750407717706,0.032642978239645744,0.05928198098858368
8775,17775,Medium,Medium,0.030437668261128106,0.2039385368707457,0.7656237948681262
15662,24662,Low,Low,0.027557012354760824,0.9164282716908433,0.0560147159543958
6705,15705,High,Low,0.03215627863218703,0.9072055292009374,0.060638192166875514
35608,44608,Medium,Medium,0.041377568240270474,0.04242187259119545,0.916200559168534
24175,33175,Medium,Medium,0.038886252591924804,0.046166305018743775,0.9149474423893315
16355,25355,Low,Low,0.03340491999985694,0.9033906494485234,0.06320443055161956
6407,15407,Medium,Medium,0.033180050958474275,0.03583822920293702,0.9309817198385887
2051,11051,Medium,Medium,0.03527114626268923,0.03812634346140507,0.9266025102759058
36237,45237,High,Medium,0.033615111596767826,0.03646105163950667,0.9299238367637255
9966,18966,High,High,0.9183275713898787,0.02854656487736677,0.05312586373275452
24449,33449,Medium,Medium,0.03858315269713807,0.03854956107853999,0.922867286224322
30474,39474,Low,Low,0.030485921825736364,0.9103945752209109,0.059119502953352665
4402,13402,Low,Low,0.03147546255646911,0.9069671840636907,0.06155735337984031
24793,33793,Medium,Medium,0.04773338524814121,0.042665225716305426,0.9096013890355534
37125,46125,Medium,Medium,0.027152567645436696,0.02877875181997042,0.9440686805345928
81,9081,Medium,Medium,0.03834180186268112,0.03976055408207312,0.9218976440552457
7118,16118,Medium,Medium,0.03753179148653995,0.03941355341978355,0.9230546550936766
23615,32615,Medium,Medium,0.03527114626268923,0.03812634346140507,0.9266025102759058
19963,28963,Low,Low,0.03215627863218703,0.9072055292009374,0.060638192166875514
23573,32573,Medium,Medium,0.033866893205233846,0.03578942409524468,0.9303436826995215
15337,24337,Medium,Medium,0.03753179148653995,0.03941355341978355,0.9230546550936766
15388,24388,Medium,Medium,0.03525512250513362,0.03691076872146958,0.9278341087733968
33745,42745,Medium,Medium,0.031959278691915526,0.03743942941462728,0.9306012918934572
20308,29308,Medium,High,0.9099704053336705,0.028563162331140757,0.06146643233518876
27056,36056,Medium,Medium,0.0416382348951797,0.04092156905783027,0.9174401960469899
2668,11668,Low,Low,0.03200267779527512,0.8829798694723657,0.08501745273235915
19520,28520,High,High,0.9133141147122105,0.028556021157900707,0.05812986412988894
32031,41031,Medium,Medium,0.03590852036894148,0.034785298723244616,0.9293061809078139
25094,34094,Medium,Medium,0.03458455494520273,0.03948697100980801,0.9259284740449892
268,9268,Low,Low,0.03377109009711686,0.9055799773261969,0.06064893257668619
12549,21549,Low,Low,0.026505879581022795,0.9195007673213259,0.05399335309765119
30365,39365,Low,Low,0.03324227113498785,0.9039244085053371,0.06283332035967504
8208,17208,Low,Low,0.02923966174318812,0.8807148745225136,0.09004546373429832
15170,24170,Medium,Medium,0.03776300846361236,0.03897014313858269,0.9232668483978049
28962,37962,Low,Low,0.26187116444970504,0.6769684378394336,0.06116039771086141
3209,12209,Low,Low,0.026505879581022795,0.9195007673213259,0.05399335309765119
17091,26091,Medium,Medium,0.22624588106167062,0.05051680952257743,0.7232373094157518
17548,26548,Medium,Medium,0.03834180186268112,0.03976055408207312,0.9218976440552457
11150,20150,Medium,Medium,0.03605697829364052,0.04067480228756543,0.923268219418794
12847,21847,Medium,Medium,0.03834180186268112,0.03976055408207312,0.9218976440552457
9402,18402,Low,Low,0.03145296552083201,0.9100700036624936,0.058477030816674325
11352,20352,Medium,Medium,0.03791968014826989,0.03620060503114854,0.9258797148205815
22918,31918,Low,Medium,0.026832222951752843,0.135684923765077,0.8374828532831701
17320,26320,Medium,Medium,0.041331531269212574,0.04351206562844506,0.9151564031023423
35160,44160,Medium,Medium,0.036736176757062665,0.04160803210029409,0.9216557911426433
35909,44909,Medium,Medium,0.036026840147408416,0.04165739614131638,0.9223157637112752
21561,30561,Medium,Medium,0.03858315269713807,0.03854956107853999,0.922867286224322
29673,38673,Low,Low,0.034409668081885225,0.9028704783242961,0.06271985359381865
18554,27554,Medium,Medium,0.14332874525963712,0.02933782198268879,0.8273334327576741
38971,47971,Medium,Medium,0.3564251188892389,0.029024531692127434,0.6145503494186337
24537,33537,Medium,Medium,0.041735944851163526,0.043095699704093555,0.9151683554447428
22669,31669,Medium,Medium,0.037290440652083,0.04062454642331669,0.9220850129246002
37950,46950,Medium,Medium,0.2072358264125219,0.02926992779706067,0.7634942457904176
29207,38207,Medium,Medium,0.026293840323421736,0.028771795854392216,0.9449343638221861
17936,26936,Medium,Medium,0.036637074907273005,0.03743524929608791,0.9259276757966391
25295,34295,Medium,Medium,0.03858315269713807,0.03854956107853999,0.922867286224322
15500,24500,High,High,0.8787506864114683,0.056736251050294145,0.06451306253823769
33207,42207,Low,Low,0.033091612461193375,0.9054638517199568,0.06144453581884981
8625,17625,High,High,0.9053099547035964,0.03678536713264225,0.057904678163761346
16045,25045,Medium,Medium,0.03753179148653995,0.03941355341978355,0.9230546550936766
36465,45465,Medium,Medium,0.032584512668371056,0.07769592055123994,0.8897195667803891
39920,48920,Medium,Medium,0.03500269786888562,0.038634017065361466,0.9263632850657529
39919,48919,Low,Low,0.030258140608381345,0.9110831365954885,0.0586587227961301
4919,13919,Low,Low,0.030271272301229793,0.9096913355941769,0.060037392104593225
38603,47603,High,High,0.848782759193306,0.028993068671756866,0.12222417213493701
16671,25671,Low,Low,0.030977502811278257,0.9062052646660006,0.06281723252272113
3535,12535,Medium,Medium,0.041331531269212574,0.04351206562844506,0.9151564031023423
25674,34674,High,High,0.9068916888881448,0.033368443793316355,0.05973986731853887
3779,12779,High,High,0.8850900763565764,0.06013297634391471,0.054776947299508966
38555,47555,Medium,Medium,0.034341812216939945,0.03869931185539826,0.9269588759276618
6388,15388,Medium,Medium,0.033866893205233846,0.03578942409524468,0.9303436826995215
29306,38306,High,High,0.9114307077388872,0.03173728315974118,0.056832009101371594
38856,47856,Medium,Medium,0.03858315269713807,0.03854956107853999,0.922867286224322
13565,22565,Medium,Medium,0.036510481760728825,0.039490737516223624,0.9239987807230475
32714,41714,High,High,0.9108688607032397,0.03148805046956673,0.05764308882719358
12120,21120,Medium,Medium,0.041377568240270474,0.04242187259119545,0.916200559168534
3883,12883,Low,Medium,0.028459232024871592,0.3224910457029902,0.6490497222721382
6653,15653,High,Low,0.1783930763816823,0.7607133326058254,0.06089359101249228
30169,39169,Medium,Medium,0.033866893205233846,0.03578942409524468,0.9303436826995215
25643,34643,High,High,0.9088581714609738,0.031932872334026176,0.059208956205000024
11930,20930,High,High,0.9153438687615503,0.02912212508046846,0.055534006157981396
15663,24663,Low,High,0.5404057179515337,0.2763858176957125,0.18320846435275373
36592,45592,Medium,Medium,0.17057400024723524,0.032299158594804346,0.7971268411579605
22396,31396,Low,Low,0.03094768426097906,0.9104791378831534,0.0585731778558675
2839,11839,High,High,0.9091777140308176,0.028592495953021674,0.06222979001616078
24119,33119,Low,Low,0.033091612461193375,0.9054638517199568,0.06144453581884981
33333,42333,High,High,0.9099614307100636,0.0322927966311914,0.057745772658744976
17607,26607,Medium,Medium,0.03858315269713807,0.03854956107853999,0.922867286224322
18339,27339,High,High,0.9096088659232345,0.03290192996432659,0.057489204112438935
13757,22757,Medium,Medium,0.03590852036894148,0.034785298723244616,0.9293061809078139
25456,34456,Medium,Medium,0.036510481760728825,0.039490737516223624,0.9239987807230475
19067,28067,Medium,Medium,0.04002710330139642,0.04059283619569643,0.9193800605029073
28796,37796,High,Medium,0.036306483715731745,0.03604677638022602,0.9276467399040422
17379,26379,Low,Medium,0.3742343136138371,0.02922803929202496,0.5965376470941379
7357,16357,High,High,0.9073734389571079,0.034284975166476675,0.05834158587641544
35171,44171,High,High,0.9066652505039617,0.03376696241760249,0.059567787078435776
15492,24492,Medium,Medium,0.0313295129278447,0.03286909802322194,0.9358013890489333
35082,44082,Medium,Medium,0.03753179148653995,0.03941355341978355,0.9230546550936766
34953,43953,Low,Low,0.026585951437185295,0.9083237147715627,0.06509033379125191
20222,29222,Medium,Medium,0.04020286386130694,0.047805364436324056,0.911991771702369
31700,40700,Medium,Medium,0.03858315269713807,0.03854956107853999,0.922867286224322
3896,12896,High,High,0.9047867685384513,0.03512915884971251,0.0600840726118362
1507,10507,High,Medium,0.03436040592586668,0.03493246459777394,0.9307071294763594
38708,47708,High,High,0.9166827105506784,0.028555880071257488,0.05476140937806424
18632,27632,High,High,0.6828480710735594,0.25862868323938326,0.058523245687057385
29198,38198,Medium,High,0.9025521056661855,0.030878888249898272,0.06656900608391632
2997,11997,Medium,Medium,0.04359613426055131,0.04022872203239709,0.9161751437070516
37128,46128,Medium,High,0.9106617111904272,0.031798794556409916,0.057539494253162925
19869,28869,Medium,Medium,0.029515152677168182,0.03221409987839814,0.9382707474444336
33979,42979,Medium,Medium,0.03753179148653995,0.03941355341978355,0.9230546550936766
7183,16183,Low,Low,0.05894017456112704,0.5640960869434763,0.3769637384953967
27654,36654,Medium,Medium,0.03791968014826989,0.03620060503114854,0.9258797148205815
35474,44474,High,High,0.9099799340236695,0.03241147280926985,0.057608593167060525
16088,25088,Medium,Medium,0.03511183169396701,0.04108780588810262,0.9238003624179304
30631,39631,Low,Low,0.12426567093756707,0.8154297394717817,0.060304589590651124
12894,21894,Low,Low,0.03094768426097906,0.9104791378831534,0.0585731778558675
32470,41470,Medium,Medium,0.03605697829364052,0.04067480228756543,0.923268219418794
2175,11175,Low,Low,0.026505879581022795,0.9195007673213259,0.05399335309765119
6593,15593,Low,Low,0.033685958484356966,0.9047632266158097,0.061550814899833294
3385,12385,Low,Low,0.033372567415924724,0.9033069304476792,0.06332050213639596
26705,35705,Low,Low,0.029774976147410797,0.9134076964668759,0.05681732738571324
23592,32592,High,Medium,0.32522113035655514,0.02872332558620247,0.6460555440572424
30870,39870,Medium,Medium,0.041331531269212574,0.04351206562844506,0.9151564031023423
36211,45211,Medium,Medium,0.036026840147408416,0.04165739614131638,0.9223157637112752
31378,40378,Low,Low,0.04135222072006827,0.88386711061466,0.07478066866527185
407,9407,Medium,Medium,0.03834180186268112,0.03976055408207312,0.9218976440552457
26906,35906,Medium,Medium,0.0329944772812829,0.0356235587630911,0.931381963955626
32193,41193,Low,Medium,0.035920552058395165,0.04038756565158205,0.9236918822900227
27774,36774,High,High,0.9047867685384513,0.03512915884971251,0.0600840726118362
36867,45867,Low,Low,0.026961351655448277,0.8297365241921971,0.14330212415235458
39144,48144,Medium,Medium,0.033866893205233846,0.03578942409524468,0.9303436826995215
994,9994,High,High,0.9073734389571079,0.034284975166476675,0.05834158587641544
7305,16305,High,High,0.909233816731434,0.032123951544775035,0.05864223172379104
17004,26004,Low,High,0.9076124084882121,0.03532034702927017,0.057067244482517744
24404,33404,High,High,0.9092425750905003,0.03250337773727074,0.058254047172228936
39213,48213,Medium,Medium,0.037290440652083,0.04062454642331669,0.9220850129246002
20146,29146,Medium,Medium,0.03753179148653995,0.03941355341978355,0.9230546550936766
21973,30973,Low,Low,0.026505879581022795,0.9195007673213259,0.05399335309765119
36677,45677,Medium,Medium,0.038682254546927725,0.04272234388274617,0.9185954015703262
24059,33059,High,High,0.9079120270709438,0.033174560695551615,0.05891341223350471
36630,45630,Medium,Medium,0.03858315269713807,0.03854956107853999,0.922867286224322
37927,46927,Medium,Medium,0.041735944851163526,0.043095699704093555,0.9151683554447428
7151,16151,High,Medium,0.029515152677168182,0.03221409987839814,0.9382707474444336
9798,18798,Low,Low,0.033091612461193375,0.9054638517199568,0.06144453581884981
23761,32761,Medium,Low,0.027050280176096033,0.8220141855254339,0.15093553429846998
36985,45985,Medium,Medium,0.035334889995401846,0.04090781289613788,0.9237572971084602
18241,27241,Medium,Medium,0.028739842236039297,0.032128635995762586,0.9391315217681981
34601,43601,Medium,Medium,0.03957475313052553,0.04150135185937027,0.9189238950101042
31229,40229,Medium,Medium,0.0457305986075405,0.047171275712554826,0.9070981256799047
2191,11191,Medium,Medium,0.034048438793915205,0.03634953130100874,0.9296020299050761
17064,26064,High,High,0.9156540449974161,0.028854266608435614,0.05549168839414833
6308,15308,Low,High,0.9099458689598774,0.032027959537247234,0.0580261715028754
3667,12667,Low,Medium,0.03859518438659174,0.04415182800687742,0.9172529876065308
20092,29092,Medium,High,0.9083362763104722,0.03404967359099818,0.05761405009852963
2265,11265,Low,Low,0.026954833598133342,0.8416677454694841,0.13137742093238258
7198,16198,Medium,Medium,0.041735944851163526,0.043095699704093555,0.9151683554447428
35847,44847,Medium,Medium,0.0336255423707769,0.03700041709877781,0.9293740405304453
26703,35703,High,Medium,0.03858315269713807,0.03854956107853999,0.922867286224322
8366,17366,Medium,Medium,0.031034855004078113,0.04312241756440893,0.925842727431513
3404,12404,Low,Low,0.026745594457382168,0.8901722985482091,0.08308210699440863
1212,10212,Medium,Medium,0.027860627866911628,0.03239077444795105,0.9397485976851373
18687,27687,Low,Low,0.03324227113498785,0.9039244085053371,0.06283332035967504
15485,24485,Medium,Medium,0.036637074907273005,0.03743524929608791,0.9259276757966391
3473,12473,High,High,0.913470333211395,0.03065066194866169,0.05587900483994344
21855,30855,Medium,Medium,0.3080860844763765,0.12367015089159143,0.5682437646320322
38621,47621,High,Low,0.05859175598838107,0.8768996064954703,0.06450863751614867
26628,35628,Medium,Medium,0.03858315269713807,0.03854956107853999,0.922867286224322
26040,35040,High,Low,0.028237765080116814,0.915185283856494,0.056576951063389135
30004,39004,High,High,0.91315800572848,0.030934081990507734,0.05590791228101231
35355,44355,Low,Low,0.02819204300566235,0.9075175175334133,0.06429043946092446
9825,18825,Low,Low,0.02898008000928284,0.9113895016098779,0.0596304183808394
34172,43172,Medium,Medium,0.03655139664074286,0.040863385578162055,0.9225852177810951
27287,36287,Medium,Medium,0.038682254546927725,0.04272234388274617,0.9185954015703262
33798,42798,Medium,Medium,0.026293840323421736,0.028771795854392216,0.9449343638221861
1793,10793,High,High,0.9091282539542714,0.03320230326311326,0.05766944278261519
4964,13964,Low,Low,0.03094768426097906,0.9104791378831534,0.0585731778558675
27780,36780,Medium,Medium,0.03851253818013165,0.13935005093896408,0.8221374108809042
34568,43568,High,High,0.9183275713898787,0.02854656487736677,0.05312586373275452
1067,10067,Low,Low,0.026505879581022795,0.9195007673213259,0.05399335309765119
34737,43737,Medium,Medium,0.04359613426055131,0.04022872203239709,0.9161751437070516
1872,10872,Medium,Medium,0.03466186181981969,0.03503335869041295,0.9303047794897674
17195,26195,Low,Low,0.026505879581022795,0.9195007673213259,0.05399335309765119
16874,25874,Medium,Medium,0.03753179148653995,0.03941355341978355,0.9230546550936766
9872,18872,Medium,Medium,0.034775862898316086,0.041379987798364104,0.9238441493033198
1040,10040,High,High,0.8006295300942098,0.080957212529908,0.11841325737588217
35537,44537,High,High,0.9132605524795853,0.030672469928914592,0.05606697759150015
5052,14052,High,High,0.909233816731434,0.032123951544775035,0.05864223172379104
29167,38167,Medium,Medium,0.03404533627308972,0.056813173393647054,0.9091414903332633
10656,19656,Medium,Medium,0.03834180186268112,0.03976055408207312,0.9218976440552457
34752,43752,High,High,0.9035551397064329,0.03786803903600567,0.05857682125756159
3208,12208,Low,Low,0.032306937305981505,0.9056660859863177,0.06202697670770075
19490,28490,High,High,0.9078842322134619,0.03432267120941295,0.05779309657712522
37441,46441,High,Medium,0.04294922379593252,0.043900507249233944,0.9131502689548335
25268,34268,Low,Low,0.03112400820949715,0.9063742154466811,0.06250177634382172
15742,24742,Medium,Medium,0.0376308933363296,0.043586336223989726,0.9187827704396807
14295,23295,Medium,Medium,0.03858315269713807,0.03854956107853999,0.922867286224322
22493,31493,Low,Low,0.02840401760482848,0.9156231599267749,0.0559728224683966
1598,10598,Low,Low,0.03324227113498785,0.9039244085053371,0.06283332035967504
15293,24293,Medium,High,0.7777489693888809,0.031203823733146896,0.19104720687797228
5780,14780,Medium,Medium,0.030297862246078968,0.03615353825854402,0.933548599495377
1722,10722,Medium,Medium,0.03466957480930283,0.040110157308629775,0.9252202678820675
14651,23651,Low,Low,0.091504562098711,0.8484543318886946,0.06004110601259435
11855,20855,Medium,Medium,0.0371734941764131,0.03363195635705754,0.9291945494665294
420,9420,High,High,0.9122153609897964,0.031028427607119758,0.05675621140308402
33079,42079,Low,Low,0.03215627863218703,0.9072055292009374,0.060638192166875514
2132,11132,Medium,Medium,0.03527114626268923,0.03812634346140507,0.9266025102759058
22387,31387,Medium,Medium,0.03834180186268112,0.03976055408207312,0.9218976440552457
36883,45883,Medium,Medium,0.03283566593989407,0.03723249826355951,0.9299318357965465
6860,15860,Low,Low,0.03094768426097906,0.9104791378831534,0.0585731778558675
10057,19057,Medium,Medium,0.05198109224132896,0.15318987344448612,0.794829034314185
17707,26707,Low,Low,0.06146653300148334,0.8570204465440958,0.08151302045442088
15010,24010,Medium,High,0.9099458689598774,0.032027959537247234,0.0580261715028754
14636,23636,Medium,Medium,0.039612555446097875,0.03966612885222009,0.920721315701682
14279,23279,Medium,Medium,0.03858315269713807,0.03854956107853999,0.922867286224322
24438,33438,Medium,Medium,0.041377568240270474,0.04242187259119545,0.916200559168534
23247,32247,High,High,0.9075025621828353,0.03359284480296494,0.058904593014199806
8351,17351,High,High,0.9125287864649237,0.030808864762596505,0.056662348772479824
18288,27288,Low,Medium,0.03834180186268112,0.03976055408207312,0.9218976440552457
4378,13378,Medium,Medium,0.03798336201970569,0.03504973725597079,0.9269669007243234
25336,34336,Medium,Medium,0.03605697829364052,0.04067480228756543,0.923268219418794
10177,19177,Medium,Medium,0.040916629159652454,0.04223700808299622,0.9168463627573513
37893,46893,Medium,Medium,0.035282606324405635,0.041601266317031135,0.9231161273585632
14877,23877,Medium,Low,0.03215627863218703,0.9072055292009374,0.060638192166875514
1307,10307,High,High,0.9073747602914071,0.03313698031442724,0.059488259394165736
31628,40628,Medium,Medium,0.036637074907273005,0.03743524929608791,0.9259276757966391
18942,27942,Low,High,0.9108014961575028,0.03188953315357862,0.05730897068891843
3629,12629,Medium,Medium,0.0392518497154469,0.03756210264125214,0.9231860476433008
19962,28962,High,High,0.9090073783472509,0.032522470169061166,0.05847015148368794
27027,36027,Medium,Medium,0.034571864853319006,0.03793602666236649,0.9274921084843145
31684,40684,High,High,0.9102063724078526,0.03201295418498371,0.05778067340716362
33244,42244,Low,Low,0.032306937305981505,0.9056660859863177,0.06202697670770075
38174,47174,High,High,0.9090024591856997,0.032546340558688304,0.05845120025561221
19576,28576,Medium,Medium,0.03753179148653995,0.03941355341978355,0.9230546550936766
24976,33976,High,Low,0.026505879581022795,0.9195007673213259,0.05399335309765119
17992,26992,Medium,Medium,0.04206313773089582,0.05084047692650395,0.9070963853426002
28757,37757,High,High,0.9132664709505128,0.03039067362348961,0.056342855425997686
33601,42601,Medium,Medium,0.03753179148653995,0.03941355341978355,0.9230546550936766
29781,38781,High,High,0.9153438687615503,0.02912212508046846,0.055534006157981396
35600,44600,Medium,Medium,0.04047619533245145,0.03930601473323875,0.9202177899343099
5224,14224,High,High,0.9065415835356149,0.03404648694634909,0.05941192951803596
1107,10107,Medium,Medium,0.03283566593989407,0.03723249826355951,0.9299318357965465
1478,10478,Low,Low,0.028466986322622748,0.906478326530471,0.06505468714690624
21062,30062,Low,Low,0.02840401760482848,0.9156231599267749,0.0559728224683966
2638,11638,Low,Low,0.030889154012553547,0.9069821556345685,0.06212869035287799
31049,40049,Medium,Medium,0.03590852036894148,0.034785298723244616,0.9293061809078139
39063,48063,High,High,0.9140809974718422,0.03039417292282723,0.055524829605330485
8018,17018,High,High,0.9106617111904272,0.031798794556409916,0.057539494253162925
35230,44230,Medium,Medium,0.036395724072816056,0.03864624229962105,0.9249580336275628
33905,42905,Medium,Medium,0.033180050958474275,0.03583822920293702,0.9309817198385887
23515,32515,Medium,Medium,0.03784817857658784,0.040448043509670246,0.9217037779137419
27132,36132,Low,Medium,0.03360618190925103,0.03537188272153591,0.9310219353692131
33248,42248,High,High,0.9140259488519358,0.03048566785840424,0.055488383289660104
26253,35253,High,High,0.9059850786920767,0.03649207559970168,0.05752284570822164
35525,44525,Medium,Medium,0.03834180186268112,0.03976055408207312,0.9218976440552457
28306,37306,High,High,0.9106617111904272,0.031798794556409916,0.057539494253162925
8645,17645,Medium,Medium,0.03753179148653995,0.03941355341978355,0.9230546550936766
6914,15914,Medium,Medium,0.037290440652083,0.04062454642331669,0.9220850129246002
6826,15826,Medium,Medium,0.03753179148653995,0.03941355341978355,0.9230546550936766
39935,48935,Medium,Medium,0.038682254546927725,0.04272234388274617,0.9185954015703262
8570,17570,Low,Low,0.028417294739558684,0.916249860820094,0.05533284444034733
11248,20248,High,High,0.9019952421787499,0.03859857210697978,0.059406185714270233
17860,26860,Medium,Medium,0.03878715074213515,0.041993522214537594,0.9192193270433272
38697,47697,Low,Low,0.02651623672032255,0.9180265911722354,0.055457172107442
36713,45713,Low,Low,0.030447130364203653,0.8886521421245348,0.08090072751126144
18699,27699,High,Low,0.029820937199866757,0.9109030762384279,0.05927598656170535
30343,39343,High,High,0.9079120270709438,0.033174560695551615,0.05891341223350471
5617,14617,Low,Low,0.04315739259712278,0.8437144807789306,0.11312812662394667
13884,22884,High,High,0.9080794674423371,0.03308624962636881,0.05883428293129404
14267,23267,High,High,0.9136875499535387,0.030352148210033614,0.0559603018364277
36754,45754,High,High,0.9106617111904272,0.031798794556409916,0.057539494253162925
448,9448,Medium,Medium,0.03834180186268112,0.03976055408207312,0.9218976440552457
13114,22114,Low,Low,0.02811421240816703,0.9160984227586851,0.0557873648331478
29065,38065,High,High,0.9082679460841373,0.0334683528747624,0.058263701041100284
18080,27080,Medium,Medium,0.06836578675476211,0.07277602140005883,0.8588581918451791
35924,44924,Low,Medium,0.026603102601528584,0.2799317279272477,0.6934651694712236
5339,14339,Medium,Medium,0.03527114626268923,0.03812634346140507,0.9266025102759058
13936,22936,Medium,Medium,0.033180050958474275,0.03583822920293702,0.9309817198385887
7942,16942,Low,Low,0.02834199362552205,0.9154098613841075,0.05624814499037036
5886,14886,Medium,Medium,0.03590852036894148,0.034785298723244616,0.9293061809078139
12094,21094,Medium,Medium,0.0342314121690724,0.03497423686169345,0.9307943509692341
25235,34235,Low,Low,0.026661522272256044,0.9014501472085894,0.0718883305191545
9203,18203,Low,Low,0.034409668081885225,0.9028704783242961,0.06271985359381865
7674,16674,Medium,Medium,0.031563416681889805,0.04289534960751957,0.9255412337105905
21231,30231,Low,Low,0.03215627863218703,0.9072055292009374,0.060638192166875514
26195,35195,Medium,Medium,0.041735944851163526,0.043095699704093555,0.9151683554447428
39115,48115,Medium,Medium,0.03832809458140374,0.04174941182653861,0.9199224935920576
33123,42123,High,High,0.901418856041813,0.03960462578580082,0.05897651817238624
1175,10175,Medium,Medium,0.03804891053722529,0.061053029002839314,0.9008980604599354
39909,48909,Medium,Medium,0.03870147247560501,0.04542165849661175,0.9158768690277833
4721,13721,Medium,Medium,0.033180050958474275,0.03583822920293702,0.9309817198385887
4340,13340,Medium,Medium,0.029891786613543844,0.039527813321913415,0.9305804000645427
24667,33667,Medium,Medium,0.03776300846361236,0.03897014313858269,0.9232668483978049
16533,25533,Medium,Medium,0.038682254546927725,0.04272234388274617,0.9185954015703262
5691,14691,Low,Low,0.030325657970636286,0.9101476130927008,0.05952672893666295
9057,18057,Medium,Medium,0.026293840323421736,0.028771795854392216,0.9449343638221861
27788,36788,Medium,Medium,0.041331531269212574,0.04351206562844506,0.9151564031023423
18792,27792,High,High,0.9119496103758179,0.030587637498027467,0.05746275212615464
28028,37028,Medium,Medium,0.041331531269212574,0.04351206562844506,0.9151564031023423
37770,46770,Medium,Medium,0.0710956991765352,0.03598932199763414,0.8929149788258307
30464,39464,Medium,Medium,0.033866893205233846,0.03578942409524468,0.9303436826995215
35005,44005,Medium,Medium,0.036637074907273005,0.03743524929608791,0.9259276757966391
35228,44228,High,High,0.9066652505039617,0.03376696241760249,0.059567787078435776
15807,24807,Medium,Medium,0.23777600243715347,0.1332274128067437,0.6289965847561029
27597,36597,High,High,0.9037014674586046,0.03512197230382721,0.06117656023756826
10552,19552,Low,Low,0.03215627863218703,0.9072055292009374,0.060638192166875514
33586,42586,Medium,Medium,0.03858315269713807,0.03854956107853999,0.922867286224322
14586,23586,Medium,Medium,0.03753179148653995,0.03941355341978355,0.9230546550936766
25120,34120,Medium,Medium,0.04081426168766123,0.1587556094083957,0.8004301289039432
2319,11319,Low,Low,0.02840401760482848,0.9156231599267749,0.0559728224683966
1546,10546,Low,Medium,0.02650695512654055,0.3369331933823771,0.6365598514910823
30784,39784,Medium,Medium,0.03190513275092363,0.030709855654416824,0.9373850115946595
7851,16851,High,High,0.9019952421787499,0.03859857210697978,0.059406185714270233
12888,21888,Medium,Medium,0.036306483715731745,0.03604677638022602,0.9276467399040422
15968,24968,High,High,0.9089997245698473,0.033269647898772674,0.057730627531380085
28779,37779,Low,Low,0.026930331768887553,0.8625714498570357,0.11049821837407675
24025,33025,Medium,Medium,0.038886252591924804,0.046166305018743775,0.9149474423893315
5591,14591,High,High,0.9112111055611182,0.03207878869866194,0.05671010574021982
34179,43179,High,High,0.9083195833471379,0.03304328680495124,0.05863712984791076
8088,17088,High,High,0.9073928063104431,0.035661852568190926,0.056945341121365976
6778,15778,Medium,Medium,0.03190513275092363,0.030709855654416824,0.9373850115946595
10300,19300,Medium,Medium,0.03859518438659174,0.04415182800687742,0.9172529876065308
38773,47773,High,High,0.9033177405361982,0.034030511086053594,0.06265174837774828
399,9399,Medium,Medium,0.03327336420043305,0.32448563627507765,0.6422409995244892
3788,12788,Medium,Medium,0.032437409881745226,0.047231673185626266,0.9203309169326285
33635,42635,Medium,Medium,0.028771934150070507,0.229082945225857,0.7421451206240727
23494,32494,Medium,Medium,0.03605697829364052,0.04067480228756543,0.923268219418794
35971,44971,Low,Low,0.02898008000928284,0.9113895016098779,0.0596304183808394
31477,40477,High,High,0.8938823024727734,0.03186369868000539,0.0742539988472213
27736,36736,Medium,Medium,0.033866893205233846,0.03578942409524468,0.9303436826995215
7455,16455,Low,Low,0.032306937305981505,0.9056660859863177,0.06202697670770075
34160,43160,Low,Low,0.03215627863218703,0.9072055292009374,0.060638192166875514
36382,45382,Medium,Medium,0.03190513275092363,0.030709855654416824,0.9373850115946595
6759,15759,Low,Low,0.03148327963404913,0.9088661962825976,0.059650524083353196
23150,32150,Medium,Medium,0.035088376135415766,0.03520588078328732,0.9297057430812968
26543,35543,Medium,Medium,0.03320342065636567,0.03344046804785323,0.933356111295781
37668,46668,Medium,Medium,0.03753179148653995,0.03941355341978355,0.9230546550936766
16760,25760,Low,Low,0.03147235879566026,0.9072941910856769,0.061233450118662845
23729,32729,Medium,Medium,0.026293840323421736,0.028771795854392216,0.9449343638221861
3512,12512,Low,Low,0.027069375622940057,0.9163353098631936,0.056595314513866214
38906,47906,Medium,Medium,0.038886252591924804,0.046166305018743775,0.9149474423893315
25129,34129,Low,Low,0.030271272301229793,0.9096913355941769,0.060037392104593225
26803,35803,Low,Low,0.030447130364203653,0.8886521421245348,0.08090072751126144
3753,12753,High,High,0.9077003594952785,0.03352746025147838,0.0587721802532433
588,9588,High,High,0.9075025621828353,0.03359284480296494,0.058904593014199806
20150,29150,Medium,Medium,0.03839296711754867,0.03522422920108591,0.9263828036813654
14714,23714,Medium,Medium,0.03753179148653995,0.03941355341978355,0.9230546550936766
273,9273,Low,Low,0.03112400820949715,0.9063742154466811,0.06250177634382172
17359,26359,High,High,0.9102122908787802,0.031731157879558734,0.058056551241661154
1169,10169,High,High,0.9037014674586046,0.03512197230382721,0.06117656023756826
22811,31811,Medium,Medium,0.20446796813519122,0.18905514526327327,0.6064768866015355
30619,39619,High,High,0.9078269485235083,0.034688258908975395,0.05748479256751626
5396,14396,Medium,Medium,0.035088376135415766,0.03520588078328732,0.9297057430812968
24786,33786,Low,Low,0.030271272301229793,0.9096913355941769,0.060037392104593225
1964,10964,Medium,Medium,0.03753179148653995,0.03941355341978355,0.9230546550936766
34203,43203,Medium,Medium,0.037290440652083,0.04062454642331669,0.9220850129246002
8608,17608,Low,Low,0.030271272301229793,0.9096913355941769,0.060037392104593225
22489,31489,Medium,Low,0.030258140608381345,0.9110831365954885,0.0586587227961301
21660,30660,Medium,Medium,0.041377568240270474,0.04242187259119545,0.916200559168534
21447,30447,Medium,Medium,0.17529025973913945,0.03505929557809966,0.7896504446827608
36414,45414,Low,Low,0.02892912390004106,0.9121889231980739,0.05888195290188503
29624,38624,Medium,Medium,0.038682254546927725,0.04272234388274617,0.9185954015703262
5501,14501,Low,Low,0.033091612461193375,0.9054638517199568,0.06144453581884981
24067,33067,High,High,0.9083195833471379,0.03304328680495124,0.05863712984791076
9838,18838,High,High,0.8571144938028802,0.041976914135372835,0.10090859206174696
14878,23878,Medium,Medium,0.026603102601528584,0.2799317279272477,0.6934651694712236
22237,31237,Medium,Medium,0.06134504299801285,0.0653233151815018,0.8733316418204854
19706,28706,Low,Low,0.06307311498231262,0.8757928732188507,0.061134011798836735
35779,44779,Medium,Medium,0.03605697829364052,0.04067480228756543,0.923268219418794
19200,28200,Low,Low,0.028410072462220586,0.9147626005235937,0.0568273270141856
28769,37769,Low,Low,0.02843823135306535,0.9108380436151723,0.0607237250317623
19160,28160,High,Medium,0.03436040592586668,0.03493246459777394,0.9307071294763594
34070,43070,High,High,0.9083195833471379,0.03304328680495124,0.05863712984791076
3954,12954,Low,Low,0.03025340878405794,0.9121589548828756,0.05758763633306649
31136,40136,Medium,Medium,0.03834180186268112,0.03976055408207312,0.9218976440552457
39058,48058,Medium,Medium,0.040520649111429836,0.0458976911117547,0.9135816597768155
11011,20011,Medium,Medium,0.03355381168392734,0.037062903625321185,0.9293832846907515
6092,15092,Medium,Medium,0.03753179148653995,0.03941355341978355,0.9230546550936766
3515,12515,Medium,Medium,0.029867614402193755,0.02881209729797989,0.9413202882998263
22290,31290,High,High,0.9108014961575028,0.03188953315357862,0.05730897068891843
37760,46760,Medium,Medium,0.03527114626268923,0.03812634346140507,0.9266025102759058
31434,40434,Low,Low,0.060813905733765085,0.4900498099586761,0.44913628430755886
26729,35729,Medium,Medium,0.24504881405359447,0.060254865895623594,0.694696320050782
7294,16294,Medium,Medium,0.03858315269713807,0.03854956107853999,0.922867286224322
34081,43081,Medium,Medium,0.035043203229428256,0.03872394326820375,0.9262328535023681
28520,37520,High,High,0.9091525671766719,0.03337121156970891,0.05747622125361914
12746,21746,Medium,Medium,0.03834180186268112,0.03976055408207312,0.9218976440552457
35561,44561,Medium,Medium,0.036736176757062665,0.04160803210029409,0.9216557911426433
1877,10877,High,High,0.9090024591856997,0.032546340558688304,0.05845120025561221
6599,15599,Medium,Medium,0.026293840323421736,0.028771795854392216,0.9449343638221861
36498,45498,High,Medium,0.323536039003793,0.28969007982528255,0.3867738811709245
17087,26087,Medium,Medium,0.4014109129720864,0.04057820123899586,0.5580108857889178
21572,30572,High,High,0.9073734389571079,0.034284975166476675,0.05834158587641544
25272,34272,Low,Low,0.02898008000928284,0.9113895016098779,0.0596304183808394
18018,27018,Low,Low,0.03215627863218703,0.9072055292009374,0.060638192166875514
25859,34859,Low,Low,0.02883964231840445,0.9151493739478566,0.056010983733738945
21551,30551,High,High,0.8794255924475752,0.058886860806284115,0.06168754674614078
29146,38146,Medium,Medium,0.039709657160942304,0.04273282747850573,0.917557515360552
1134,10134,Medium,Medium,0.03753179148653995,0.03941355341978355,0.9230546550936766
21830,30830,High,High,0.8342283690711777,0.10679079873532615,0.058980832193496174
30361,39361,Low,Low,0.03340491999985694,0.9033906494485234,0.06320443055161956
7264,16264,Low,Low,0.02840401760482848,0.9156231599267749,0.0559728224683966
15897,24897,Low,Low,0.027126110187439084,0.9089015562735022,0.06397233353905879
30229,39229,Low,Low,0.028642942963313045,0.9146273145750548,0.05672974246163217
28913,37913,Medium,Medium,0.0708624694481391,0.04468768867792015,0.8844498418739407
33976,42976,Medium,Medium,0.03500269786888562,0.038634017065361466,0.9263632850657529
7120,16120,Medium,Medium,0.031034855004078113,0.04312241756440893,0.925842727431513
28737,37737,Medium,Medium,0.03471475601900358,0.03681688231099236,0.9284683616700041
28646,37646,Medium,Medium,0.03753179148653995,0.03941355341978355,0.9230546550936766
16579,25579,High,High,0.9075025621828353,0.03359284480296494,0.058904593014199806
8772,17772,Low,Low,0.026505879581022795,0.9195007673213259,0.05399335309765119
13021,22021,Low,Low,0.03196324319068153,0.8886527113816155,0.07938404542770283
18497,27497,Low,Low,0.02819204300566235,0.9075175175334133,0.06429043946092446
21419,30419,Medium,Low,0.02651623672032255,0.9180265911722354,0.055457172107442
27905,36905,Low,Low,0.028455179396014593,0.9083795121307995,0.06316530847318587
10787,19787,Medium,Medium,0.07005688007264739,0.07602869357144441,0.8539144263559081
15762,24762,Medium,Medium,0.031228819001763664,0.03664696398587882,0.9321242170123575
33646,42646,Medium,Medium,0.03791968014826989,0.03620060503114854,0.9258797148205815
20829,29829,Medium,Medium,0.03858315269713807,0.03854956107853999,0.922867286224322
12150,21150,High,High,0.8971773579730926,0.03298445312964482,0.0698381888972626
12705,21705,High,High,0.9127237526361863,0.030842571762320633,0.05643367560149301
38605,47605,Medium,Medium,0.03858315269713807,0.03854956107853999,0.922867286224322
39563,48563,High,High,0.9130569933516267,0.030721955892037172,0.05622105075633624
14407,23407,Low,Low,0.032959759839712895,0.905777155076915,0.06126308508337206
30734,39734,Low,Low,0.02638521755722831,0.6231538575777328,0.3504609248650388
24275,33275,High,High,0.9099458689598774,0.032027959537247234,0.0580261715028754
23858,32858,Low,Low,0.03367990362696486,0.9056237860189907,0.06069631035404429
37001,46001,Medium,Medium,0.03834180186268112,0.03976055408207312,0.9218976440552457
4885,13885,Medium,Medium,0.04605043482830887,0.03630042621710631,0.9176491389545848
11757,20757,Medium,Medium,0.03753179148653995,0.03941355341978355,0.9230546550936766
20866,29866,Medium,Medium,0.10812316204728867,0.036075575858265346,0.8558012620944461
13745,22745,Low,Low,0.03094768426097906,0.9104791378831534,0.0585731778558675
18257,27257,High,Medium,0.40701132213049623,0.029264960954032873,0.563723716915471
37148,46148,Low,Low,0.030012350431972715,0.912220815364134,0.057766834203893204
27216,36216,High,High,0.9088581714609738,0.031932872334026176,0.059208956205000024
16363,25363,Low,Low,0.026505879581022795,0.9195007673213259,0.05399335309765119
28733,37733,Medium,Medium,0.04335478342609436,0.041439715035930226,0.9152055015379753
16399,25399,High,High,0.9013824270655602,0.036518371595037326,0.06209920133940258
6987,15987,High,High,0.9056340275664962,0.03652234899255171,0.05784362344095201
33584,42584,Medium,Medium,0.03753179148653995,0.03941355341978355,0.9230546550936766
30260,39260,High,Low,0.034415194601464034,0.905694126448247,0.059890678950288934
17162,26162,Medium,Medium,0.032437409881745226,0.047231673185626266,0.9203309169326285
17120,26120,Low,High,0.9100742283592415,0.0337518741606965,0.056173897480062164
14022,23022,Medium,Medium,0.03859518438659174,0.04415182800687742,0.9172529876065308
9417,18417,Low,Low,0.027683873817576508,0.915776528984699,0.05653959719772437
6116,15116,Medium,Medium,0.026293840323421736,0.028771795854392216,0.9449343638221861
28116,37116,Low,Low,0.029402001318760487,0.9051969872115024,0.065401011469737
21504,30504,Low,Low,0.030271272301229793,0.9096913355941769,0.060037392104593225
13828,22828,Low,Low,0.030271272301229793,0.9096913355941769,0.060037392104593225
19061,28061,Medium,Medium,0.041735944851163526,0.043095699704093555,0.9151683554447428
5582,14582,Low,Low,0.03244759034976781,0.9066044901749715,0.06094791947526084
36844,45844,Medium,Medium,0.03605697829364052,0.04067480228756543,0.923268219418794
25430,34430,Medium,Medium,0.026293840323421736,0.028771795854392216,0.9449343638221861
29757,38757,High,High,0.9053099547035964,0.03678536713264225,0.057904678163761346
21367,30367,Low,Low,0.032847461120712136,0.9067411671763802,0.060411371702907536
33741,42741,Medium,Medium,0.038682254546927725,0.04272234388274617,0.9185954015703262
38566,47566,Low,Medium,0.03834180186268112,0.03976055408207312,0.9218976440552457
31978,40978,Medium,Medium,0.026293840323421736,0.028771795854392216,0.9449343638221861
23956,32956,Low,Low,0.028642942963313045,0.9146273145750548,0.05672974246163217
10796,19796,Medium,Medium,0.26899099129416437,0.2553944074412302,0.4756146012646054
31716,40716,Low,Low,0.02655915190727991,0.9131707790780581,0.060270069014662066
19778,28778,Medium,Medium,0.03876793281345787,0.03929420760067202,0.9219378595858702
16152,25152,Medium,Medium,0.03527114626268923,0.03812634346140507,0.9266025102759058
6083,15083,High,High,0.9035551397064329,0.03786803903600567,0.05857682125756159
37466,46466,Medium,Medium,0.033756039319763835,0.0388820770325298,0.9273618836477063
21475,30475,Medium,High,0.9075025621828353,0.03359284480296494,0.058904593014199806
37923,46923,Low,Low,0.033091612461193375,0.9054638517199568,0.06144453581884981
35328,44328,High,High,0.8705111634311956,0.036771389495586976,0.09271744707321738
4821,13821,Low,Low,0.03133393734496825,0.9085010213500463,0.060165041304985394
2568,11568,Low,Low,0.030537456727185303,0.908786578635433,0.06067596463738164
22008,31008,Medium,High,0.9089997245698473,0.033269647898772674,0.057730627531380085
27885,36885,Medium,Low,0.0337665285997382,0.5488028387894507,0.4174306326108111
28371,37371,Medium,Medium,0.03878715074213515,0.041993522214537594,0.9192193270433272
3145,12145,Medium,Medium,0.03649126383205154,0.03679142290235805,0.9267173132655904
9178,18178,Medium,Medium,0.08753724200116132,0.2831764957919036,0.629286262206935
39787,48787,Medium,Medium,0.03858315269713807,0.03854956107853999,0.922867286224322
13693,22693,Medium,Medium,0.034673893509273364,0.040635625618750386,0.9246904808719761
17524,26524,High,High,0.903863776795089,0.03566906791739301,0.06046715528751803
33526,42526,Low,Low,0.02655006634107905,0.913468052309553,0.05998188134936796
30284,39284,Low,Low,0.03246958617085059,0.9051323269295041,0.062398086899645266
38777,47777,Low,Low,0.03879177278413421,0.8926576585748953,0.06855056864097038
13816,22816,Medium,Low,0.03585975161395365,0.5886694728019817,0.37547077558406466
40016,49016,Medium,Medium,0.03655139664074286,0.040863385578162055,0.9225852177810951
38292,47292,High,Low,0.03215627863218703,0.9072055292009374,0.060638192166875514
3247,12247,Low,Low,0.030012350431972715,0.912220815364134,0.057766834203893204
28832,37832,High,High,0.909233816731434,0.032123951544775035,0.05864223172379104
13575,22575,Low,Low,0.03215627863218703,0.9072055292009374,0.060638192166875514
28805,37805,Medium,Medium,0.041377568240270474,0.04242187259119545,0.916200559168534
12538,21538,Low,Low,0.03215627863218703,0.9072055292009374,0.060638192166875514
27825,36825,Medium,Medium,0.03134601370614395,0.05192114812234617,0.91673283817151
2344,11344,High,High,0.9091829340271546,0.03520428257441249,0.05561278339843311
37015,46015,Low,Low,0.03147279055619165,0.9070449011544524,0.061482308289355934
15895,24895,Medium,Low,0.030676259979383683,0.5262556070562442,0.4430681329643722
9892,18892,Low,High,0.9136875499535387,0.030352148210033614,0.0559603018364277
33673,42673,Low,Low,0.029494149091507424,0.9126272457939456,0.05787860511454701
5679,14679,Low,Low,0.02898008000928284,0.9113895016098779,0.0596304183808394
2438,11438,High,High,0.8763272721166918,0.029481128442642224,0.09419159944066595
4950,13950,Medium,Medium,0.026293840323421736,0.028771795854392216,0.9449343638221861
27330,36330,Medium,Medium,0.03458455494520273,0.03948697100980801,0.9259284740449892
4873,13873,Medium,Medium,0.036637074907273005,0.03743524929608791,0.9259276757966391
13099,22099,High,High,0.9122879968031666,0.03078346728870591,0.05692853590812757
23930,32930,Low,Low,0.03340491999985694,0.9033906494485234,0.06320443055161956
2584,11584,High,High,0.8969644269911609,0.041920992250495136,0.06111458075834409
3240,12240,High,High,0.9112958581771932,0.031167728750685752,0.05753641307212113
31296,40296,Medium,Medium,0.03834180186268112,0.03976055408207312,0.9218976440552457
16289,25289,High,High,0.912055596528231,0.031608305690535216,0.05633609778123392
6696,15696,Medium,Medium,0.03175367646221909,0.1404218093587515,0.8278245141790294
3277,12277,Medium,Medium,0.036637074907273005,0.03743524929608791,0.9259276757966391
27496,36496,Medium,Medium,0.03347192029441353,0.03432883424797566,0.9321992454576109
11071,20071,Medium,Medium,0.036736176757062665,0.04160803210029409,0.9216557911426433
27846,36846,High,High,0.8926244760270259,0.05131897906772973,0.05605654490524442
30820,39820,Medium,Medium,0.033615111596767826,0.03646105163950667,0.9299238367637255
18852,27852,Medium,Medium,0.03753179148653995,0.03941355341978355,0.9230546550936766
2448,11448,Medium,Low,0.02688694095310901,0.8510724504598773,0.12204060858701356
2725,11725,Medium,Medium,0.04359613426055131,0.04022872203239709,0.9161751437070516
34600,43600,Low,Low,0.026505879581022795,0.9195007673213259,0.05399335309765119
30562,39562,High,High,0.9090073783472509,0.032522470169061166,0.05847015148368794
29176,38176,Low,Low,0.026505879581022795,0.9195007673213259,0.05399335309765119
26829,35829,Medium,Medium,0.03753179148653995,0.03941355341978355,0.9230546550936766
39224,48224,High,High,0.9124969568487201,0.029856649219598106,0.057646393931681805
6112,15112,Medium,Low,0.057904920495437044,0.8252004909411407,0.11689458856342227
23492,32492,Medium,Low,0.06445753787266892,0.6053033564540283,0.3302391056733028
12377,21377,Medium,Medium,0.045042151671082685,0.028974646256927476,0.9259832020719898
10927,19927,Low,Low,0.026505879581022795,0.9195007673213259,0.05399335309765119
36041,45041,Medium,Medium,0.08170772195442633,0.050199329565693125,0.8680929484798806
5439,14439,Medium,Medium,0.033866893205233846,0.03578942409524468,0.9303436826995215
27818,36818,Medium,Medium,0.03639743097788712,0.043636592088238474,0.9199659769338745
36266,45266,Low,Low,0.032306937305981505,0.9056660859863177,0.06202697670770075
28495,37495,Medium,Medium,0.03858315269713807,0.03854956107853999,0.922867286224322
11964,20964,High,High,0.9019952421787499,0.03859857210697978,0.059406185714270233
631,9631,Medium,Medium,0.03509980000451333,0.03548553895976518,0.9294146610357216
17039,26039,High,Low,0.030271272301229793,0.9096913355941769,0.060037392104593225
26874,35874,High,High,0.9084098043811574,0.03270511369423076,0.05888508192461186
36403,45403,High,High,0.9075025621828353,0.03359284480296494,0.058904593014199806
39943,48943,Low,Low,0.02840401760482848,0.9156231599267749,0.0559728224683966
495,9495,Medium,Medium,0.040520649111429836,0.0458976911117547,0.9135816597768155
36088,45088,High,High,0.9102063724078526,0.03201295418498371,0.05778067340716362
33068,42068,Medium,Medium,0.03870147247560501,0.04542165849661175,0.9158768690277833
39338,48338,High,High,0.9059455444981147,0.034610132154841794,0.059444323347043554
37963,46963,High,High,0.8763272721166918,0.029481128442642224,0.09419159944066595
9644,18644,Medium,Medium,0.03753179148653995,0.03941355341978355,0.9230546550936766
202,9202,Medium,Medium,0.03766408653804656,0.06164727747934646,0.9006886359826071
8613,17613,Medium,Medium,0.036395724072816056,0.03864624229962105,0.9249580336275628
4617,13617,Low,Low,0.033091612461193375,0.9054638517199568,0.06144453581884981
13618,22618,Medium,Medium,0.03834180186268112,0.03976055408207312,0.9218976440552457
285,9285,High,Medium,0.035920552058395165,0.04038756565158205,0.9236918822900227
26035,35035,Low,Low,0.027922799176061077,0.914780683632979,0.05729651719095994
8272,17272,Medium,Medium,0.038680327241379896,0.035906962647295836,0.9254127101113242
27058,36058,High,High,0.9082501330503163,0.032079499056474024,0.05967036789320974
4110,13110,Medium,Medium,0.033180050958474275,0.03583822920293702,0.9309817198385887
3391,12391,Medium,Medium,0.037290440652083,0.04062454642331669,0.9220850129246002
21908,30908,Medium,Medium,0.040714095691402295,0.04007291654380401,0.9192129877647935
1322,10322,Low,Low,0.02834199362552205,0.9154098613841075,0.05624814499037036
29906,38906,Medium,Medium,0.03753179148653995,0.03941355341978355,0.9230546550936766
25918,34918,Medium,Medium,0.03858315269713807,0.03854956107853999,0.922867286224322
25443,34443,Medium,Medium,0.08089481920809533,0.046838749245665175,0.8722664315462395
32210,41210,Medium,Medium,0.036736176757062665,0.04160803210029409,0.9216557911426433
27285,36285,Low,Low,0.030012350431972715,0.912220815364134,0.057766834203893204
39117,48117,High,Medium,0.03527114626268923,0.03812634346140507,0.9266025102759058
1624,10624,Medium,Low,0.02920673146462492,0.6107355936447443,0.3600576748906308
5535,14535,High,Medium,0.03870147247560501,0.04542165849661175,0.9158768690277833
15196,24196,High,High,0.8523523651638594,0.08880790999314737,0.05883972484299332
21165,30165,Medium,Medium,0.03521811978298027,0.04235763637783694,0.9224242438391829
33596,42596,Medium,Low,0.027397933780090953,0.5788428624152127,0.3937592038046964
13831,22831,Medium,Medium,0.03834180186268112,0.03976055408207312,0.9218976440552457
36919,45919,Medium,Medium,0.038682254546927725,0.04272234388274617,0.9185954015703262
10827,19827,Low,Medium,0.04801406528194641,0.049250257564100945,0.9027356771539526
24096,33096,Medium,Medium,0.05012540792599479,0.031342997796626006,0.9185315942773792
23302,32302,Medium,Medium,0.03284606838136416,0.03837809996563258,0.9287758316530033
33537,42537,Medium,Medium,0.03605697829364052,0.04067480228756543,0.923268219418794
35517,44517,Medium,Medium,0.031345536685400306,0.03408467276315742,0.9345697905514423
25954,34954,Medium,Low,0.026631851268935414,0.9006666835388328,0.0727014651922317
7853,16853,Medium,Medium,0.03858315269713807,0.03854956107853999,0.922867286224322
10369,19369,Low,Low,0.027557012354760824,0.9164282716908433,0.0560147159543958
39412,48412,High,High,0.8113990743685185,0.039897891641144434,0.14870303399033707
21782,30782,Medium,Medium,0.03753179148653995,0.03941355341978355,0.9230546550936766
30739,39739,Medium,Medium,0.04207639753541013,0.0460574895047666,0.9118661129598232
4825,13825,High,High,0.9091777140308176,0.028592495953021674,0.06222979001616078
26015,35015,Medium,Medium,0.03465754311984915,0.034507890380292346,0.9308345664998585
29784,38784,High,High,0.909257377179999,0.03251017289960153,0.058232449920399554
39649,48649,Medium,Medium,0.08887886872426766,0.040478444786870675,0.8706426864888618
3225,12225,Medium,Medium,0.037290440652083,0.04062454642331669,0.9220850129246002
2043,11043,Medium,Medium,0.06669347982098316,0.032624429022508485,0.9006820911565084
8702,17702,Medium,Medium,0.0342314121690724,0.03497423686169345,0.9307943509692341
13680,22680,Low,Low,0.030182681516438003,0.9086123865830232,0.06120493190053872
20852,29852,Medium,Medium,0.03858315269713807,0.03854956107853999,0.922867286224322
26704,35704,Low,Low,0.028426504166472827,0.9124088495018977,0.05916464633162934
9045,18045,Low,Low,0.026505879581022795,0.9195007673213259,0.05399335309765119
7539,16539,Low,Low,0.030271272301229793,0.9096913355941769,0.060037392104593225
27606,36606,High,High,0.9069171402105454,0.034754256771859,0.05832860301759565
4814,13814,Medium,Medium,0.02630277001093853,0.02986096477236298,0.9438362652166985
18249,27249,Low,Low,0.03324227113498785,0.9039244085053371,0.06283332035967504
38296,47296,Medium,Medium,0.027659742624787004,0.05188552104069183,0.9204547363345212
29986,38986,High,Medium,0.03858315269713807,0.03854956107853999,0.922867286224322
1768,10768,Medium,Medium,0.07483809458805467,0.029177429260574924,0.8959844761513703
10156,19156,Medium,Medium,0.03753179148653995,0.03941355341978355,0.9230546550936766
17849,26849,Medium,Medium,0.0484459262292058,0.054013941099991476,0.8975401326708027
7699,16699,Low,Low,0.030537456727185303,0.908786578635433,0.06067596463738164
29874,38874,High,High,0.9183275713898787,0.02854656487736677,0.05312586373275452
33390,42390,Medium,Medium,0.03605697829364052,0.04067480228756543,0.923268219418794
9672,18672,Medium,Medium,0.03859518438659174,0.04415182800687742,0.9172529876065308
12743,21743,Medium,Medium,0.030404230017030454,0.03355811307477189,0.9360376569081977
9065,18065,Medium,Medium,0.041735944851163526,0.043095699704093555,0.9151683554447428
11756,20756,Low,Low,0.0884095264268611,0.8527157803471273,0.05887469322601161
36852,45852,Medium,Medium,0.03478018159828663,0.04190545610848471,0.9233143622932286
15465,24465,Low,Low,0.026941504294598767,0.9190269813424078,0.054031514362993534
5135,14135,Medium,Medium,0.03605697829364052,0.04067480228756543,0.923268219418794
30376,39376,High,Low,0.02638521755722831,0.6231538575777328,0.3504609248650388
6276,15276,Medium,Medium,0.03284606838136416,0.03837809996563258,0.9287758316530033
18835,27835,High,High,0.9066652505039617,0.03376696241760249,0.059567787078435776
13315,22315,High,Medium,0.031959278691915526,0.03743942941462728,0.9306012918934572
20889,29889,High,High,0.9139811963695855,0.029521576185316232,0.05649722744509832
12641,21641,High,High,0.9131084417954236,0.030505170282618548,0.0563863879219579
19256,28256,Medium,Medium,0.03271146532998409,0.033393578597840264,0.9338949560721757
9751,18751,High,High,0.9090569422803073,0.032951381876950354,0.05799167584274235
34065,43065,Low,Low,0.030012350431972715,0.912220815364134,0.057766834203893204
26423,35423,High,High,0.9122879968031666,0.03078346728870591,0.05692853590812757
19954,28954,Medium,Medium,0.03804891053722529,0.061053029002839314,0.9008980604599354
4975,13975,Medium,Medium,0.03753179148653995,0.03941355341978355,0.9230546550936766
6107,15107,Medium,Medium,0.08745125876550632,0.06047620081108666,0.8520725404234071
36770,45770,Low,Low,0.030485921825736364,0.9103945752209109,0.059119502953352665
28894,37894,Medium,Medium,0.03384171758629398,0.03545394075045565,0.9307043416632504
14461,23461,High,High,0.9019952421787499,0.03859857210697978,0.059406185714270233
26157,35157,Medium,Medium,0.034775862898316086,0.041379987798364104,0.9238441493033198
2000,11000,High,High,0.9047867685384513,0.03512915884971251,0.0600840726118362
12260,21260,High,High,0.9136875499535387,0.030352148210033614,0.0559603018364277
13218,22218,Low,Low,0.026508983341831646,0.9191737602993397,0.05431725635882864
4614,13614,Low,Low,0.033091612461193375,0.9054638517199568,0.06144453581884981
14832,23832,Low,Low,0.030012350431972715,0.912220815364134,0.057766834203893204
30540,39540,High,High,0.9124957902730948,0.030943335852270586,0.056560873874634605
30136,39136,Medium,Medium,0.03590852036894148,0.034785298723244616,0.9293061809078139
27822,36822,Low,Medium,0.04359613426055131,0.04022872203239709,0.9161751437070516
14215,23215,Medium,Medium,0.03334989907470931,0.031706729925459906,0.9349433709998308
2428,11428,Medium,Medium,0.03697178096366565,0.0369126848475283,0.926115534188806
12136,21136,High,High,0.909233816731434,0.032123951544775035,0.05864223172379104
31257,40257,High,High,0.9128971381565538,0.030415749354259825,0.05668711248918642
22367,31367,Low,Low,0.08758927863128692,0.854772707581046,0.05763801378766703
16173,25173,Medium,Medium,0.03590852036894148,0.034785298723244616,0.9293061809078139
15817,24817,Medium,Low,0.028466986322622748,0.906478326530471,0.06505468714690624
36244,45244,Medium,High,0.9059455444981147,0.034610132154841794,0.059444323347043554
525,9525,Medium,Medium,0.03858315269713807,0.03854956107853999,0.922867286224322
39989,48989,Medium,Medium,0.033866893205233846,0.03578942409524468,0.9303436826995215
2951,11951,High,High,0.8732811849285832,0.06258097711961332,0.06413783795180351
176,9176,Low,Low,0.033091612461193375,0.9054638517199568,0.06144453581884981
9609,18609,High,Medium,0.03834180186268112,0.03976055408207312,0.9218976440552457
24132,33132,High,High,0.9048207527218342,0.0383942093360497,0.0567850379421162
4460,13460,Low,Low,0.026505879581022795,0.9195007673213259,0.05399335309765119
38800,47800,Low,Medium,0.03365107104326154,0.047541449275328586,0.9188074796814099
4285,13285,High,High,0.9019952421787499,0.03859857210697978,0.059406185714270233
476,9476,Low,Low,0.02898008000928284,0.9113895016098779,0.0596304183808394
29685,38685,Medium,Medium,0.03753179148653995,0.03941355341978355,0.9230546550936766
8656,17656,Low,Medium,0.03590852036894148,0.034785298723244616,0.9293061809078139
24414,33414,Medium,Medium,0.02737609594205125,0.028786148206660842,0.9438377558512879
12709,21709,Medium,Medium,0.041735944851163526,0.043095699704093555,0.9151683554447428
2822,11822,Medium,High,0.8738924124221471,0.030961655041057884,0.09514593253679506
31245,40245,High,High,0.8204372149077912,0.029064346089125184,0.1504984390030836
31140,40140,High,High,0.9065415835356149,0.03404648694634909,0.05941192951803596
13882,22882,Medium,Medium,0.033866893205233846,0.03578942409524468,0.9303436826995215
10429,19429,Medium,Medium,0.03834180186268112,0.03976055408207312,0.9218976440552457
14038,23038,High,High,0.6427522770040826,0.06481909743766812,0.2924286255582493
20042,29042,Medium,Medium,0.038682254546927725,0.04272234388274617,0.9185954015703262
28655,37655,Medium,Medium,0.034571864853319006,0.03793602666236649,0.9274921084843145
23703,32703,Medium,Medium,0.03590852036894148,0.034785298723244616,0.9293061809078139
17997,26997,Medium,Medium,0.032437409881745226,0.047231673185626266,0.9203309169326285
38205,47205,Low,Low,0.029463773804350182,0.9113068654315531,0.05922936076409671
19026,28026,Medium,Medium,0.027574014177610573,0.4547972461400698,0.5176287396823197
24644,33644,Medium,Medium,0.032437409881745226,0.047231673185626266,0.9203309169326285
19011,28011,Medium,Medium,0.03163410539963611,0.03629598762087333,0.9320699069794905
22232,31232,High,High,0.9053099547035964,0.03678536713264225,0.057904678163761346
23689,32689,Medium,Medium,0.06362018344175384,0.03769143573436602,0.89868838082388
5274,14274,Low,Low,0.031792966898826734,0.8858358043608273,0.08237122874034598
6896,15896,High,High,0.8204372149077912,0.029064346089125184,0.1504984390030836
20671,29671,Medium,Medium,0.03478018159828663,0.04190545610848471,0.9233143622932286
30155,39155,Low,Low,0.027759103028934987,0.885462241333829,0.08677865563723593
11902,20902,Low,Low,0.04623275612023962,0.5896633839925377,0.36410385988722266
39043,48043,Low,Low,0.0339470922127715,0.7798451878847571,0.18620771990247134
2288,11288,Low,Low,0.028237765080116814,0.915185283856494,0.056576951063389135
804,9804,Medium,Medium,0.03776300846361236,0.03897014313858269,0.9232668483978049
39964,48964,Medium,Medium,0.041331531269212574,0.04351206562844506,0.9151564031023423
25353,34353,High,High,0.9066652505039617,0.03376696241760249,0.059567787078435776
11456,20456,High,High,0.9066652505039617,0.03376696241760249,0.059567787078435776
34244,43244,Medium,Medium,0.03753179148653995,0.03941355341978355,0.9230546550936766
39196,48196,High,High,0.901471333869749,0.03661008394116227,0.061918582189088876
13349,22349,Medium,Medium,0.0342314121690724,0.03497423686169345,0.9307943509692341
22130,31130,High,High,0.9065415835356149,0.03404648694634909,0.05941192951803596
31075,40075,Low,Low,0.03153435661243879,0.9030210576267604,0.06544458576080071
8555,17555,High,High,0.9073734389571079,0.034284975166476675,0.05834158587641544
20408,29408,Low,Low,0.03545380510444011,0.9011002758438429,0.06344591905171698
30148,39148,Low,Low,0.02840401760482848,0.9156231599267749,0.0559728224683966
11482,20482,Low,Low,0.02872608427485258,0.9140233948632228,0.05725052086192454
34116,43116,Medium,Medium,0.0327923497550934,0.1566776454581582,0.8105300047867483
27088,36088,High,High,0.9065735054910338,0.0338073809939868,0.05961911351497939
38865,47865,Medium,Medium,0.03697178096366565,0.0369126848475283,0.926115534188806
9523,18523,Medium,Medium,0.0710956991765352,0.03598932199763414,0.8929149788258307
2703,11703,High,High,0.9037014674586046,0.03512197230382721,0.06117656023756826
30577,39577,Medium,Medium,0.0457305986075405,0.047171275712554826,0.9070981256799047
2126,11126,High,High,0.9140809974718422,0.03039417292282723,0.055524829605330485
23229,32229,Medium,Medium,0.03753179148653995,0.03941355341978355,0.9230546550936766
34858,43858,Low,Low,0.027557012354760824,0.9164282716908433,0.0560147159543958
35322,44322,High,High,0.9019952421787499,0.03859857210697978,0.059406185714270233
29992,38992,Medium,Medium,0.04207639753541013,0.0460574895047666,0.9118661129598232
26895,35895,High,High,0.9068916888881448,0.033368443793316355,0.05973986731853887
5786,14786,Medium,Medium,0.03753179148653995,0.03941355341978355,0.9230546550936766
14345,23345,Medium,Medium,0.041377568240270474,0.04242187259119545,0.916200559168534
28754,37754,Low,Low,0.02958201184138219,0.911898921590148,0.05851906656846979
27611,36611,High,High,0.910751236395899,0.032005184575642324,0.05724357902845854
39074,48074,Medium,Medium,0.03858315269713807,0.03854956107853999,0.922867286224322
16952,25952,Medium,Medium,0.03791968014826989,0.03620060503114854,0.9258797148205815
15580,24580,Medium,Medium,0.026819911919403496,0.22951274114202136,0.7436673469385752
17577,26577,High,Medium,0.03527114626268923,0.03812634346140507,0.9266025102759058
29153,38153,Low,Low,0.04510734769383392,0.8980869091737064,0.05680574313245961
14634,23634,Low,Low,0.02840401760482848,0.9156231599267749,0.0559728224683966
38959,47959,High,High,0.9119496103758179,0.030587637498027467,0.05746275212615464
16775,25775,High,Medium,0.050308739841514016,0.05131715804639123,0.8983741021120948
17345,26345,High,High,0.9044380496295635,0.039035929367417024,0.05652602100301934
12769,21769,Low,Low,0.026541050452191028,0.9146310177885505,0.05882793175925847
20067,29067,Low,Low,0.20027401884018717,0.656830035004024,0.1428959461557887
29652,38652,Low,Low,0.03729032682652502,0.9027363307433706,0.059973342430104305
25488,34488,Medium,Low,0.032499723285114496,0.5480400209797867,0.4194602557350989
20328,29328,Medium,High,0.9115641706252121,0.03294748704931318,0.05548834232547468
15678,24678,High,High,0.9065415835356149,0.03404648694634909,0.05941192951803596
34840,43840,Medium,Medium,0.033188417144249076,0.0602889919142063,0.9065225909415445
10720,19720,Medium,Medium,0.033866893205233846,0.03578942409524468,0.9303436826995215
11550,20550,High,High,0.9057329129284813,0.03388747048818707,0.06037961658333152
7797,16797,Medium,Medium,0.10130995213501674,0.02926180841294347,0.8694282394520397
15823,24823,Medium,Medium,0.04195835201967121,0.05429179183280764,0.9037498561475211
12765,21765,High,High,0.9107663139521344,0.03174966253115987,0.057484023516705736
39027,48027,High,High,0.9066652505039617,0.03376696241760249,0.059567787078435776
12794,21794,Low,Low,0.03215627863218703,0.9072055292009374,0.060638192166875514
29088,38088,Low,Low,0.026967094617051966,0.9154856638955442,0.057547241487403734
578,9578,Medium,Medium,0.13947605257136866,0.1426400909491555,0.7178838564794758
31884,40884,Medium,Medium,0.03834180186268112,0.03976055408207312,0.9218976440552457
27351,36351,Low,Low,0.26187116444970504,0.6769684378394336,0.06116039771086141
18897,27897,Medium,Medium,0.034760783682637485,0.036567084229811676,0.9286721320875508
33253,42253,Low,Low,0.2676347236943875,0.666350107049889,0.06601516925572347
37085,46085,Medium,Medium,0.03791968014826989,0.03620060503114854,0.9258797148205815
1874,10874,High,High,0.9066652505039617,0.03376696241760249,0.059567787078435776
28286,37286,Medium,Medium,0.02658214423279223,0.06833288696430431,0.9050849688029033
5669,14669,Medium,Medium,0.026293840323421736,0.028771795854392216,0.9449343638221861
36633,45633,High,Medium,0.03753179148653995,0.03941355341978355,0.9230546550936766
17161,26161,High,High,0.8999007405488003,0.040267955884886415,0.059831303566313256
20375,29375,Medium,Medium,0.14994555856754865,0.03257545529665136,0.8174789861358001
31734,40734,Medium,Medium,0.06669347982098316,0.032624429022508485,0.9006820911565084
5049,14049,High,High,0.9112111055611182,0.03207878869866194,0.05671010574021982
37331,46331,High,High,0.9107663139521344,0.03174966253115987,0.057484023516705736
11494,20494,High,High,0.8965446781100349,0.038114517139536654,0.06534080475042853
31527,40527,Medium,Medium,0.04047619533245145,0.03930601473323875,0.9202177899343099
29241,38241,Medium,Medium,0.03590852036894148,0.034785298723244616,0.9293061809078139
1664,10664,Medium,Medium,0.0392518497154469,0.03756210264125214,0.9231860476433008
30964,39964,High,High,0.9103104677378973,0.031259933037495656,0.05842959922460717
38353,47353,Low,Low,0.04018363876170129,0.8795947255668374,0.08022163567146127
12849,21849,Medium,Medium,0.033965995055023505,0.039962206899450854,0.9260717980455256
20973,29973,High,High,0.9146922831068043,0.030417982723711833,0.0548897341694839
13885,22885,Low,Low,0.03159485444150045,0.9099216103224673,0.05848353523603236
16576,25576,Medium,Medium,0.04101113204633444,0.042704259430952664,0.9162846085227129
25661,34661,Medium,Medium,0.03590852036894148,0.034785298723244616,0.9293061809078139
2567,11567,High,Low,0.03340491999985694,0.9033906494485234,0.06320443055161956
10370,19370,High,High,0.909233816731434,0.032123951544775035,0.05864223172379104
18878,27878,Low,Low,0.09087364278588267,0.8443772255296226,0.06474913168449477
19660,28660,Medium,Medium,0.04457456805885463,0.0587108235437273,0.896714608397418
4653,13653,Medium,Medium,0.03795717667406673,0.028853332660792017,0.9331894906651411
28905,37905,Medium,Medium,0.03465754311984915,0.034507890380292346,0.9308345664998585
9935,18935,Medium,Medium,0.03973168845197802,0.03504297030605227,0.9252253412419696
11758,20758,Medium,Medium,0.03605697829364052,0.04067480228756543,0.923268219418794
37537,46537,Medium,Medium,0.037290440652083,0.04062454642331669,0.9220850129246002
28431,37431,Medium,Medium,0.038925149599272506,0.04252534684700873,0.9185495035537188
23602,32602,Medium,Medium,0.03527114626268923,0.03812634346140507,0.9266025102759058
3093,12093,Low,Medium,0.03306804394811813,0.03779936345938725,0.9291325925924947
29552,38552,Medium,Medium,0.03545321301751894,0.038381720044648314,0.9261650669378327
873,9873,Medium,High,0.5973320958310929,0.03718259457130136,0.3654853095976058
33013,42013,Low,Low,0.026511934438414902,0.9186402079181448,0.05484785764344019
28578,37578,Medium,Medium,0.03527114626268923,0.03812634346140507,0.9266025102759058
7466,16466,High,High,0.9131084417954236,0.030505170282618548,0.0563863879219579
19360,28360,Low,Low,0.02840401760482848,0.9156231599267749,0.0559728224683966
3490,12490,Medium,Medium,0.036637074907273005,0.03743524929608791,0.9259276757966391
17287,26287,Medium,Medium,0.04428261849700252,0.04461483903366637,0.911102542469331
307,9307,Medium,Medium,0.03527114626268923,0.03812634346140507,0.9266025102759058
38392,47392,Low,Low,0.03062422229865826,0.9101457874686717,0.059229990232669956
34623,43623,High,Low,0.032774264614105326,0.9006434024576047,0.06658233292829001
21261,30261,High,High,0.9115598309646146,0.031045152796229446,0.05739501623915596
24920,33920,High,Low,0.030258140608381345,0.9110831365954885,0.0586587227961301
6743,15743,Medium,Medium,0.03874164084966838,0.0398797109129168,0.9213786482374148
14103,23103,High,High,0.9075025621828353,0.03359284480296494,0.058904593014199806
25538,34538,High,High,0.9083195833471379,0.03304328680495124,0.05863712984791076
18231,27231,Low,Low,0.23333464120911754,0.6702410347407536,0.09642432405012896
18651,27651,High,High,0.9068916888881448,0.033368443793316355,0.05973986731853887
34089,43089,High,High,0.9035551397064329,0.03786803903600567,0.05857682125756159
9489,18489,Medium,Medium,0.03834180186268112,0.03976055408207312,0.9218976440552457
7783,16783,High,High,0.8548817189287212,0.08697164355423946,0.058146637517039336
33536,42536,Medium,Medium,0.041377568240270474,0.04242187259119545,0.916200559168534
33178,42178,Medium,Medium,0.03543990262145342,0.03765541524360161,0.926904682134945
4780,13780,Medium,Medium,0.03605697829364052,0.04067480228756543,0.923268219418794
545,9545,High,High,0.9110147762545212,0.03266749290706116,0.05631773083841778
36695,45695,Medium,Medium,0.037690279639070255,0.04074370325416037,0.9215660171067693
26560,35560,Medium,Medium,0.03753179148653995,0.03941355341978355,0.9230546550936766
7160,16160,Medium,Medium,0.03534358774036988,0.042522197708639624,0.9221342145509905
30201,39201,Low,Low,0.04231949264715664,0.7239698848546702,0.23371062249817323
2161,11161,Medium,Medium,0.03281170715400945,0.03270309608497335,0.9344851967610172
25451,34451,Medium,High,0.6222051937982563,0.028633581462793822,0.3491612247389499
16230,25230,Medium,Medium,0.03487047085236303,0.03904102043426072,0.9260885087133762
18219,27219,Low,Low,0.026944608055407618,0.9186999743204214,0.05435541762417099
12006,21006,Low,Low,0.026508983341831646,0.9191737602993397,0.05431725635882864
11628,20628,High,High,0.852211821431704,0.054494148602918735,0.09329402996537721
36578,45578,Medium,Medium,0.03655139664074286,0.040863385578162055,0.9225852177810951
7067,16067,Medium,Medium,0.034571864853319006,0.03793602666236649,0.9274921084843145
23068,32068,Medium,Medium,0.03878715074213515,0.041993522214537594,0.9192193270433272
25605,34605,Medium,Medium,0.03839296711754867,0.03522422920108591,0.9263828036813654
34080,43080,Low,Low,0.02655006634107905,0.913468052309553,0.05998188134936796
26647,35647,High,High,0.909233816731434,0.032123951544775035,0.05864223172379104
31611,40611,Medium,Medium,0.03121963512039792,0.04386706408654096,0.9249133007930611
29958,38958,Medium,Medium,0.0937339905991509,0.06519018047053192,0.8410758289303172
7345,16345,Medium,Medium,0.03960493009927672,0.03730634154584517,0.9230887283548781
19237,28237,Medium,Medium,0.03834180186268112,0.03976055408207312,0.9218976440552457
9801,18801,High,High,0.9106278207153277,0.03163824664880405,0.05773393263586831
8652,17652,Medium,Medium,0.03512124293303608,0.033943553667813216,0.9309352033991507
39064,48064,Medium,Medium,0.035007007655146555,0.036335103115473374,0.9286578892293802
14242,23242,Low,Low,0.02655105255314846,0.9133244960325332,0.06012445141431814
31936,40936,Medium,Medium,0.03858315269713807,0.03854956107853999,0.922867286224322
7247,16247,Low,Low,0.035472190584895,0.904410477309571,0.06011733210553385
27136,36136,High,High,0.9120152596096699,0.03093048972286368,0.057054250667466555
30262,39262,Low,Low,0.03085076426584887,0.9067133763639997,0.06243585937015139
13127,22127,Low,Low,0.03324227113498785,0.9039244085053371,0.06283332035967504
6941,15941,Medium,Medium,0.03753179148653995,0.03941355341978355,0.9230546550936766
5407,14407,Medium,Medium,0.03605697829364052,0.04067480228756543,0.923268219418794
32232,41232,Medium,Medium,0.03833646597331692,0.042774887863859516,0.9188886461628235
24193,33193,High,High,0.9063470671068506,0.03420589961827294,0.05944703327487628
25445,34445,High,High,0.909233816731434,0.032123951544775035,0.05864223172379104
20100,29100,High,High,0.8305537541826377,0.10623401000664913,0.06321223581071343
9725,18725,Low,Low,0.030012350431972715,0.912220815364134,0.057766834203893204
3834,12834,Medium,Medium,0.03753179148653995,0.03941355341978355,0.9230546550936766
8037,17037,Medium,Medium,0.038682254546927725,0.04272234388274617,0.9185954015703262
17919,26919,Medium,Medium,0.12649773059050293,0.031249152444593264,0.8422531169649039
33790,42790,Medium,Medium,0.034550015558901775,0.033657962720718866,0.9317920217203793
39487,48487,Medium,Medium,0.07313376514918106,0.05386612613610776,0.8730001087147112
10633,19633,Low,Low,0.03324227113498785,0.9039244085053371,0.06283332035967504
16170,25170,Medium,Medium,0.0342314121690724,0.03497423686169345,0.9307943509692341
36900,45900,Medium,Medium,0.03849747443060792,0.04197769736061413,0.919524828208778
13764,22764,Medium,Medium,0.034775862898316086,0.041379987798364104,0.9238441493033198
23301,32301,Low,Low,0.029463773804350182,0.9113068654315531,0.05922936076409671
20650,29650,Medium,Medium,0.02737609594205125,0.028786148206660842,0.9438377558512879
13022,22022,High,High,0.9089997245698473,0.033269647898772674,0.057730627531380085
4360,13360,High,High,0.9090024591856997,0.032546340558688304,0.05845120025561221
25998,34998,Medium,Medium,0.0349995400219836,0.03848367614876109,0.9265167838292553
33122,42122,Low,Low,0.030047961747121963,0.9071054964898653,0.06284654176301277
1373,10373,High,High,0.9100487770368408,0.032366061182153856,0.0575851617810054
22015,31015,High,High,0.8523423283179289,0.04552141744375246,0.10213625423831867
36595,45595,Low,Low,0.02941148099146622,0.9084472103412408,0.062141308667293026
4273,13273,High,High,0.9131084417954236,0.030505170282618548,0.0563863879219579
17078,26078,High,Medium,0.04207639753541013,0.0460574895047666,0.9118661129598232
5127,14127,High,High,0.9019952421787499,0.03859857210697978,0.059406185714270233
38149,47149,Medium,Medium,0.03190513275092363,0.030709855654416824,0.9373850115946595
30999,39999,High,High,0.9093716983162278,0.031811247373759004,0.0588170543100133
3926,12926,High,Medium,0.03870147247560501,0.04542165849661175,0.9158768690277833
10115,19115,Medium,Low,0.02958201184138219,0.911898921590148,0.05851906656846979
1197,10197,Low,Low,0.03499138932092644,0.9017258810131836,0.06328272966588984
2606,11606,Medium,Medium,0.042842935706919265,0.042630676759499615,0.9145263875335811
28240,37240,Medium,Medium,0.038925149599272506,0.04252534684700873,0.9185495035537188
25923,34923,High,High,0.8745793220966992,0.05945061656917189,0.06597006133412898
19450,28450,High,High,0.9035551397064329,0.03786803903600567,0.05857682125756159
3805,12805,Medium,Medium,0.03531058982261439,0.039073617394395965,0.9256157927829897
37407,46407,Low,Low,0.032336442445589905,0.908665355005803,0.05899820254860702
17810,26810,Low,Low,0.030823005160339978,0.9106622078583796,0.058514786981280396
2307,11307,Medium,Medium,0.036637074907273005,0.03743524929608791,0.9259276757966391
16968,25968,Low,Low,0.028921727285699157,0.7305901184511857,0.240488154263115
19173,28173,Low,Low,0.030012350431972715,0.912220815364134,0.057766834203893204
7139,16139,High,High,0.9098223386526577,0.03276457980643999,0.0574130815409023
6043,15043,Medium,Medium,0.041735944851163526,0.043095699704093555,0.9151683554447428
20796,29796,Low,Low,0.033091612461193375,0.9054638517199568,0.06144453581884981
23964,32964,High,High,0.9109776747800821,0.031606665951356194,0.05741565926856163
25748,34748,High,High,0.9048220740561334,0.03724621448400026,0.057931711459866496
21679,30679,Medium,Medium,0.08887886872426766,0.040478444786870675,0.8706426864888618
24485,33485,Medium,Medium,0.03939786119940956,0.03864201512662805,0.9219601236739624
20863,29863,Low,Low,0.026548013696373027,0.9147632098366345,0.0586887764669925
31032,40032,High,High,0.9183275713898787,0.02854656487736677,0.05312586373275452
34608,43608,Medium,Medium,0.036637074907273005,0.03743524929608791,0.9259276757966391
12055,21055,Medium,Medium,0.07922921971600251,0.2324135406799717,0.6883572396040258
36640,45640,Medium,Medium,0.026293840323421736,0.028771795854392216,0.9449343638221861
8234,17234,High,High,0.9105594768704202,0.03152905320681146,0.05791146992276846
6806,15806,High,High,0.9035551397064329,0.03786803903600567,0.05857682125756159
23001,32001,Low,Low,0.03046938475855607,0.885605529632537,0.08392508560890684
30915,39915,Medium,Medium,0.03531058982261439,0.039073617394395965,0.9256157927829897
35586,44586,Low,Low,0.03553294196781079,0.900198551005272,0.06426850702691717
33302,42302,High,High,0.8005152089579811,0.08165613805575052,0.11782865298626843
7618,16618,High,High,0.9065735054910338,0.0338073809939868,0.05961911351497939
20551,29551,Medium,Medium,0.037290440652083,0.04062454642331669,0.9220850129246002
650,9650,High,High,0.8467682970772761,0.08775665318136887,0.06547504974135505
8615,17615,Low,Low,0.03215627863218703,0.9072055292009374,0.060638192166875514
3591,12591,Low,Low,0.026574662680430513,0.9094868695619165,0.06393846775765295
39913,48913,High,High,0.9089997245698473,0.033269647898772674,0.057730627531380085
7583,16583,High,High,0.9028700979295835,0.029687316831502403,0.06744258523891426
27129,36129,Medium,Medium,0.0515417152915174,0.049967862258657236,0.8984904224498255
28531,37531,Medium,Medium,0.0457305986075405,0.047171275712554826,0.9070981256799047
35916,44916,Medium,Medium,0.041735944851163526,0.043095699704093555,0.9151683554447428
12445,21445,Medium,Medium,0.03858315269713807,0.03854956107853999,0.922867286224322
21764,30764,Low,Low,0.026976235841783134,0.7080470079598147,0.2649767561984022
19554,28554,High,High,0.9083195833471379,0.03304328680495124,0.05863712984791076
38332,47332,Medium,Medium,0.04375462241308162,0.04155887186677391,0.9146865057201445
8151,17151,High,High,0.7371123589317051,0.14683006662033446,0.1160575744479604
27531,36531,Low,Low,0.033091612461193375,0.9054638517199568,0.06144453581884981
12110,21110,Medium,Medium,0.04335478342609436,0.041439715035930226,0.9152055015379753
7594,16594,Low,Low,0.030447130364203653,0.8886521421245348,0.08090072751126144
9260,18260,Medium,Medium,0.03605697829364052,0.04067480228756543,0.923268219418794
8670,17670,Medium,Medium,0.18594791813203157,0.03239063789309644,0.781661443974872
24722,33722,High,High,0.9112958581771932,0.031167728750685752,0.05753641307212113
7377,16377,Medium,Medium,0.039709657160942304,0.04273282747850573,0.917557515360552
31271,40271,Medium,Medium,0.026620754513005166,0.07808605664952095,0.8952931888374739
16649,25649,Medium,Medium,0.03465754311984915,0.034507890380292346,0.9308345664998585
24505,33505,Medium,Medium,0.026539683777831304,0.3401329105776856,0.6333274056444832
25426,34426,Medium,Medium,0.037290440652083,0.04062454642331669,0.9220850129246002
4792,13792,Medium,Medium,0.03509980000451333,0.03548553895976518,0.9294146610357216
27446,36446,Low,Low,0.07210661029096078,0.8573145945761286,0.07057879513291059
3099,12099,Medium,Medium,0.031656354744987215,0.035953542553157976,0.9323901027018549
12602,21602,Low,Low,0.0272587670935904,0.9153779692180474,0.05736326368836219
4028,13028,Medium,Medium,0.03684767699504061,0.037664222893381095,0.9254881001115782
32418,41418,High,High,0.9127527283032902,0.03236969347675949,0.05487757821995032
25955,34955,Medium,Medium,0.04007214113622463,0.03800476010672531,0.9219230987570501
13452,22452,Medium,Medium,0.03590852036894148,0.034785298723244616,0.9293061809078139
13898,22898,Medium,Medium,0.033866893205233846,0.03578942409524468,0.9303436826995215
25874,34874,Low,Low,0.02811421240816703,0.9160984227586851,0.0557873648331478
37216,46216,Medium,Medium,0.03314679291512319,0.0808607234549782,0.8859924836298987
35262,44262,Low,Low,0.030447130364203653,0.8886521421245348,0.08090072751126144
17372,26372,Medium,Medium,0.13947605257136866,0.1426400909491555,0.7178838564794758
2682,11682,Medium,Medium,0.041377568240270474,0.04242187259119545,0.916200559168534
28111,37111,High,High,0.81572146661104,0.11432717809296418,0.06995135529599587
18242,27242,High,Medium,0.3785451893969218,0.04419341154664825,0.57726139905643
22512,31512,Medium,Medium,0.03711936359893673,0.03730479179058047,0.9255758446104828
2255,11255,Medium,Medium,0.08455219829628086,0.04020263616135629,0.8752451655423629
23676,32676,High,High,0.9090024591856997,0.032546340558688304,0.05845120025561221
27735,36735,High,High,0.8836682694975493,0.05791677251360019,0.058414957988850484
25270,34270,Low,Low,0.03062422229865826,0.9101457874686717,0.059229990232669956
9394,18394,Low,Low,0.07094797078665512,0.8732276584793609,0.05582437073398391
11789,20789,Medium,Medium,0.02735540005991997,0.46575966249964784,0.5068849374404323
29676,38676,Medium,High,0.9073734389571079,0.034284975166476675,0.05834158587641544
29719,38719,Medium,Medium,0.03833646597331692,0.042774887863859516,0.9188886461628235
29800,38800,High,High,0.9057329129284813,0.03388747048818707,0.06037961658333152
33576,42576,Medium,Medium,0.03834180186268112,0.03976055408207312,0.9218976440552457
29169,38169,Medium,Medium,0.036026840147408416,0.04165739614131638,0.9223157637112752
32105,41105,Low,Low,0.026523072649321786,0.9170477771595684,0.05642915019110976
7256,16256,Low,Medium,0.05955910532271589,0.21460747182530734,0.7258334228519768
10148,19148,High,High,0.9010629046032697,0.03871908017756435,0.06021801521916598
20529,29529,High,High,0.9073734389571079,0.034284975166476675,0.05834158587641544
19569,28569,Medium,Medium,0.03548633948220603,0.03646735844026872,0.9280463020775253
32917,41917,Medium,Medium,0.026293840323421736,0.028771795854392216,0.9449343638221861
30445,39445,Low,Low,0.030485921825736364,0.9103945752209109,0.059119502953352665
36259,45259,Medium,Medium,0.032437409881745226,0.047231673185626266,0.9203309169326285
13175,22175,Medium,Medium,0.03163410539963611,0.03629598762087333,0.9320699069794905
22186,31186,Low,Low,0.03183893078509898,0.9023850799385853,0.06577598927631571
27502,36502,Low,Low,0.03340491999985694,0.9033906494485234,0.06320443055161956
13847,22847,High,High,0.9025307936610644,0.03674438586058932,0.06072482047834632
36696,45696,Low,Low,0.031038266500974934,0.8889202127135056,0.08004152078551936
30636,39636,Low,High,0.9078146806315072,0.032828534725635856,0.05935678464285705
25651,34651,Low,Low,0.03187152794531344,0.9108381484918685,0.05729032356281804
27209,36209,Medium,Medium,0.03870147247560501,0.04542165849661175,0.9158768690277833
26867,35867,High,High,0.9130569933516267,0.030721955892037172,0.05622105075633624
25066,34066,Low,Low,0.030258140608381345,0.9110831365954885,0.0586587227961301
4424,13424,Low,Low,0.026505879581022795,0.9195007673213259,0.05399335309765119
10133,19133,Medium,Medium,0.364467316086879,0.04371869839593329,0.5918139855171877
31137,40137,Low,Low,0.03340491999985694,0.9033906494485234,0.06320443055161956
33555,42555,High,Medium,0.026968726146508734,0.12140998906976237,0.8516212847837289
30938,39938,Low,Low,0.028417294739558684,0.916249860820094,0.05533284444034733
26039,35039,Medium,High,0.9136875499535387,0.030352148210033614,0.0559603018364277
39134,48134,High,High,0.9105717032765988,0.03266662838884809,0.05676166833455312
17336,26336,High,High,0.9066652505039617,0.03376696241760249,0.059567787078435776
20121,29121,Low,Low,0.029403917680788736,0.9049293985801848,0.06566668373902636
8386,17386,Low,Medium,0.041420712763520655,0.14464950223060033,0.813929785005879
32633,41633,Medium,Medium,0.03753179148653995,0.03941355341978355,0.9230546550936766
30977,39977,Medium,Medium,0.035921728017713726,0.03632106291548285,0.9277572090668035
31013,40013,Medium,Medium,0.0449460910458707,0.04696379508105783,0.9080901138730715
28340,37340,Medium,Medium,0.03284606838136416,0.03837809996563258,0.9287758316530033
11769,20769,Medium,Medium,0.031959278691915526,0.03743942941462728,0.9306012918934572
306,9306,Low,Low,0.02708250731578851,0.9149435088618821,0.05797398382232935
32488,41488,Medium,Medium,0.041331531269212574,0.04351206562844506,0.9151564031023423
30685,39685,Medium,Medium,0.026293840323421736,0.028771795854392216,0.9449343638221861
26226,35226,High,High,0.9077003594952785,0.03352746025147838,0.0587721802532433
10417,19417,Medium,Medium,0.034025080751190165,0.05427277313568468,0.9117021461131252
38049,47049,Low,Low,0.12022949740624665,0.8179014759846307,0.06186902660912258
35609,44609,High,Medium,0.037290440652083,0.04062454642331669,0.9220850129246002
2256,11256,Low,Medium,0.03834180186268112,0.03976055408207312,0.9218976440552457
33753,42753,Medium,Medium,0.03527114626268923,0.03812634346140507,0.9266025102759058
14843,23843,Medium,Low,0.030271272301229793,0.9096913355941769,0.060037392104593225
9726,18726,Low,Low,0.032210768572188055,0.9038088599157369,0.06398037151207497
16096,25096,Medium,Medium,0.03709953591474418,0.03662118709119124,0.9262792769940645
25089,34089,Low,Low,0.031027909361675182,0.8903943888625961,0.07857770177572855
28010,37010,Low,Low,0.1557514264696779,0.605021018707808,0.2392275548225141
31098,40098,Low,Low,0.041435588032134804,0.8929303275093895,0.06563408445847564
12308,21308,Medium,Medium,0.03753179148653995,0.03941355341978355,0.9230546550936766
7423,16423,High,High,0.9090024591856997,0.032546340558688304,0.05845120025561221
39738,48738,High,High,0.9092425750905003,0.03250337773727074,0.058254047172228936
9361,18361,High,High,0.9082501330503163,0.032079499056474024,0.05967036789320974
20477,29477,Low,Low,0.07714710324360907,0.8616027855558004,0.06125011120059045
22177,31177,Low,Low,0.03508303013937021,0.9017719533350038,0.06314501652562597
38612,47612,Medium,Medium,0.026293840323421736,0.028771795854392216,0.9449343638221861
31460,40460,Medium,Medium,0.03605697829364052,0.04067480228756543,0.923268219418794
434,9434,Medium,Medium,0.03753179148653995,0.03941355341978355,0.9230546550936766
12874,21874,High,High,0.9112958581771932,0.031167728750685752,0.05753641307212113
36044,45044,High,High,0.9035551397064329,0.03786803903600567,0.05857682125756159
22535,31535,Medium,Medium,0.033615111596767826,0.03646105163950667,0.9299238367637255
39774,48774,Medium,Medium,0.03901594200463724,0.047055031858880075,0.9139290261364826
12085,21085,High,High,0.9144529463258891,0.030165346139523253,0.055381707534587654
34546,43546,Low,Low,0.02651623672032255,0.9180265911722354,0.055457172107442
3445,12445,Medium,Medium,0.03019427428177078,0.032477983207850836,0.9373277425103783
25024,34024,High,High,0.9053099547035964,0.03678536713264225,0.057904678163761346
1399,10399,Medium,Medium,0.027152567645436696,0.02877875181997042,0.9440686805345928
14497,23497,Low,Low,0.027557012354760824,0.9164282716908433,0.0560147159543958
24534,33534,Medium,Medium,0.03753179148653995,0.03941355341978355,0.9230546550936766
8823,17823,Low,Low,0.028410072462220586,0.9147626005235937,0.0568273270141856
21260,30260,Medium,Medium,0.07925180831062369,0.061371272996442496,0.8593769186929338
37338,46338,Low,Low,0.03094768426097906,0.9104791378831534,0.0585731778558675
20618,29618,Medium,Medium,0.03870147247560501,0.04542165849661175,0.9158768690277833
19115,28115,Medium,Medium,0.041735944851163526,0.043095699704093555,0.9151683554447428
20922,29922,Medium,Medium,0.030377637446666963,0.05129681559307986,0.9183255469602533
12513,21513,Medium,Medium,0.026293840323421736,0.028771795854392216,0.9449343638221861
36359,45359,High,High,0.9083362763104722,0.03404967359099818,0.05761405009852963
12164,21164,High,High,0.9115641706252121,0.03294748704931318,0.05548834232547468
3094,12094,Medium,Low,0.03276385644922539,0.7826327244933977,0.18460341905737684
25631,34631,Low,Low,0.07210661029096078,0.8573145945761286,0.07057879513291059
11987,20987,Medium,Medium,0.03834180186268112,0.03976055408207312,0.9218976440552457
10963,19963,Medium,Medium,0.28560654059010726,0.0323414584140316,0.6820520009958612
8161,17161,Low,Low,0.08370359822609046,0.7281627697370224,0.18813363203688704
12489,21489,High,High,0.897172639102954,0.03731176597868166,0.06551559491836435
6244,15244,Medium,Medium,0.035150109879082035,0.040163166374005854,0.9246867237469121
38195,47195,Medium,Medium,0.029950213315461726,0.0328369223149678,0.9372128643695704
27365,36365,Low,Low,0.030485921825736364,0.9103945752209109,0.059119502953352665
29258,38258,Medium,Medium,0.03858315269713807,0.03854956107853999,0.922867286224322
17611,26611,Low,Low,0.08799809124776108,0.8557342838458865,0.056267624906352336
22331,31331,Medium,Low,0.054567322458137564,0.5343645816892665,0.411068095852596
21607,30607,Medium,Medium,0.03858315269713807,0.03854956107853999,0.922867286224322
9899,18899,Low,Low,0.029361837995479173,0.9106671720209171,0.05997098998360364
27036,36036,High,High,0.9056340275664962,0.03652234899255171,0.05784362344095201
31887,40887,Medium,Medium,0.03035792989398922,0.393351069442645,0.5762910006633658
26607,35607,High,High,0.9089997245698473,0.033269647898772674,0.057730627531380085
30224,39224,Medium,Medium,0.03605697829364052,0.04067480228756543,0.923268219418794
7595,16595,Medium,Medium,0.03858315269713807,0.03854956107853999,0.922867286224322
1280,10280,Medium,Medium,0.03858315269713807,0.03854956107853999,0.922867286224322
2961,11961,Medium,High,0.9059941484671831,0.0352941658395395,0.05871168569327747
15661,24661,Medium,Medium,0.1257130977027728,0.03579630462156877,0.8384905976756584
4332,13332,Medium,Medium,0.03639743097788712,0.043636592088238474,0.9199659769338745
21740,30740,Low,Low,0.027081941985477156,0.915267109004429,0.05765094901009399
15736,24736,Low,Low,0.03462129231336331,0.903021549134829,0.06235715855180759
9088,18088,High,High,0.5540810760889946,0.10402838941976722,0.34189053449123813
6788,15788,High,High,0.9106278207153277,0.03163824664880405,0.05773393263586831
18081,27081,Low,Low,0.03324227113498785,0.9039244085053371,0.06283332035967504
19986,28986,Low,Low,0.026754608932727197,0.8856281523329944,0.08761723873427825
28322,37322,High,High,0.9125287864649237,0.030808864762596505,0.056662348772479824
36830,45830,Medium,Medium,0.033615111596767826,0.03646105163950667,0.9299238367637255
34057,43057,Low,Low,0.026505879581022795,0.9195007673213259,0.05399335309765119
618,9618,High,High,0.8990264529290363,0.030779305826419145,0.07019424124454464
3618,12618,Medium,Medium,0.08285271998836753,0.09408348627944868,0.8230637937321837
5167,14167,High,High,0.9090024591856997,0.032546340558688304,0.05845120025561221
25623,34623,Low,Low,0.027297156840295076,0.915646748488616,0.05705609467108879
7841,16841,Low,Low,0.033372567415924724,0.9033069304476792,0.06332050213639596
28290,37290,Medium,Medium,0.04335478342609436,0.041439715035930226,0.9152055015379753
39546,48546,Medium,Medium,0.03590852036894148,0.034785298723244616,0.9293061809078139
15761,24761,Low,Medium,0.033615111596767826,0.03646105163950667,0.9299238367637255
5295,14295,Medium,Low,0.03748280642552077,0.5492555238423281,0.4132616697321512
25849,34849,High,High,0.9065415835356149,0.03404648694634909,0.05941192951803596
33104,42104,High,High,0.9065415835356149,0.03404648694634909,0.05941192951803596
21468,30468,High,High,0.9183275713898787,0.02854656487736677,0.05312586373275452
32462,41462,Medium,Medium,0.036637074907273005,0.03743524929608791,0.9259276757966391
9539,18539,High,High,0.9073928063104431,0.035661852568190926,0.056945341121365976
3520,12520,High,Medium,0.033866893205233846,0.03578942409524468,0.9303436826995215
16093,25093,High,High,0.9066652505039617,0.03376696241760249,0.059567787078435776
38667,47667,Low,Low,0.041435588032134804,0.8929303275093895,0.06563408445847564
22660,31660,Medium,Medium,0.037290440652083,0.04062454642331669,0.9220850129246002
32949,41949,Low,Low,0.030485921825736364,0.9103945752209109,0.059119502953352665
1170,10170,High,High,0.8742350273663773,0.03318146816773513,0.0925835044658876
23705,32705,Low,Low,0.033685958484356966,0.9047632266158097,0.061550814899833294
5186,14186,High,High,0.9088900010771774,0.03288508787702457,0.05822491104579805
10906,19906,High,High,0.9107663139521344,0.03174966253115987,0.057484023516705736
14079,23079,Medium,Low,0.027128699348879407,0.6406838927321455,0.33218740791897505
20256,29256,High,High,0.9144529463258891,0.030165346139523253,0.055381707534587654
19045,28045,Medium,Medium,0.036637074907273005,0.03743524929608791,0.9259276757966391
35237,44237,Medium,Medium,0.043711474002000955,0.18869401964643648,0.7675945063515625
39404,48404,Medium,Medium,0.03466186181981969,0.03503335869041295,0.9303047794897674
18000,27000,High,High,0.9136875499535387,0.030352148210033614,0.0559603018364277
23824,32824,Low,Medium,0.03697178096366565,0.0369126848475283,0.926115534188806
38673,47673,High,High,0.9056340275664962,0.03652234899255171,0.05784362344095201
25148,34148,High,High,0.9175621750175283,0.02873336694787713,0.05370445803459457
5064,14064,Medium,Medium,0.03753179148653995,0.03941355341978355,0.9230546550936766
33145,42145,Medium,Medium,0.05114263181635439,0.05571212196638365,0.8931452462172619
14030,23030,Medium,Medium,0.031666757186457305,0.03709914425523105,0.9312340985583116
22284,31284,High,High,0.9066652505039617,0.03376696241760249,0.059567787078435776
37447,46447,Low,Low,0.033091612461193375,0.9054638517199568,0.06144453581884981
15059,24059,Low,High,0.9109776747800821,0.031606665951356194,0.05741565926856163
12031,21031,Low,Low,0.030447130364203653,0.8886521421245348,0.08090072751126144
30281,39281,Medium,Low,0.04782998090685505,0.8155204447101227,0.13664957438302214
466,9466,Medium,Medium,0.0268228522427171,0.21700643243909576,0.756170715318187
33669,42669,High,High,0.9053099547035964,0.03678536713264225,0.057904678163761346
37456,46456,Low,Low,0.05760625460060287,0.8145495364317968,0.12784420896760032
17631,26631,Medium,Medium,0.033756039319763835,0.0388820770325298,0.9273618836477063
29675,38675,Medium,Medium,0.03834180186268112,0.03976055408207312,0.9218976440552457
30570,39570,Medium,Medium,0.03858315269713807,0.03854956107853999,0.922867286224322
28302,37302,Medium,Medium,0.041735944851163526,0.043095699704093555,0.9151683554447428
17151,26151,Low,Low,0.028648997820705152,0.9137667551718737,0.05758424700742116
23970,32970,Medium,Medium,0.03521811978298027,0.04235763637783694,0.9224242438391829
26759,35759,High,High,0.9090024591856997,0.032546340558688304,0.05845120025561221
22247,31247,Medium,Medium,0.03834180186268112,0.03976055408207312,0.9218976440552457
27876,36876,High,Medium,0.034048438793915205,0.03634953130100874,0.9296020299050761
21038,30038,Medium,Low,0.060707170746007656,0.5994951663306537,0.3397976629233384
15091,24091,High,High,0.9098201695621043,0.03299135089268531,0.05718847954521042
14950,23950,Low,Medium,0.031666757186457305,0.03709914425523105,0.9312340985583116
2671,11671,Medium,Medium,0.0376308933363296,0.043586336223989726,0.9187827704396807
10131,19131,Medium,Medium,0.03466957480930283,0.040110157308629775,0.9252202678820675
31310,40310,Medium,Medium,0.036637074907273005,0.03743524929608791,0.9259276757966391
5601,14601,Medium,Medium,0.03519178777146636,0.0370797496376054,0.9277284625909283
37327,46327,Low,Low,0.028426504166472827,0.9124088495018977,0.05916464633162934
11513,20513,Low,Low,0.04490996470174754,0.8633187620527428,0.09177127324550956
30479,39479,High,High,0.9059455444981147,0.034610132154841794,0.059444323347043554
33686,42686,Medium,Medium,0.239918123610071,0.033059801155787195,0.7270220752341418
26642,35642,High,Medium,0.03753179148653995,0.03941355341978355,0.9230546550936766
5910,14910,Medium,Medium,0.026293840323421736,0.028771795854392216,0.9449343638221861
23623,32623,Medium,Medium,0.035324487553931756,0.03976221119406481,0.9249133012520034
35442,44442,Low,Low,0.028426504166472827,0.9124088495018977,0.05916464633162934
27703,36703,Medium,Medium,0.03468340724689576,0.03545921976967911,0.9298573729834251
30646,39646,Medium,Medium,0.026293840323421736,0.028771795854392216,0.9449343638221861
1903,10903,Medium,Medium,0.10812316204728867,0.036075575858265346,0.8558012620944461
13041,22041,High,High,0.9068916888881448,0.033368443793316355,0.05973986731853887
21756,30756,Medium,Medium,0.037290440652083,0.04062454642331669,0.9220850129246002
32901,41901,Medium,Medium,0.03306804394811813,0.03779936345938725,0.9291325925924947
25246,34246,Medium,Medium,0.03697178096366565,0.0369126848475283,0.926115534188806
36449,45449,Low,Medium,0.026293840323421736,0.028771795854392216,0.9449343638221861
7400,16400,Low,Low,0.02811421240816703,0.9160984227586851,0.0557873648331478
34117,43117,Medium,Medium,0.0342314121690724,0.03497423686169345,0.9307943509692341
19804,28804,Medium,Medium,0.037995413681344604,0.035882437386814035,0.9261221489318414
39078,48078,Medium,Medium,0.05867160434658781,0.0359971519079152,0.905331243745497
27244,36244,Low,Low,0.030012350431972715,0.912220815364134,0.057766834203893204
19578,28578,High,Medium,0.0342314121690724,0.03497423686169345,0.9307943509692341
25703,34703,Medium,Medium,0.041735944851163526,0.043095699704093555,0.9151683554447428
25136,34136,Low,Low,0.029231119125711667,0.9078235550905104,0.06294532578377798
6882,15882,Medium,Medium,0.03404533627308972,0.056813173393647054,0.9091414903332633
18447,27447,High,High,0.9087022828584801,0.036001449556639524,0.05529626758488044
13603,22603,Medium,Low,0.03004216898227191,0.9079469421469812,0.06201088887074683
23276,32276,Low,Low,0.02896751364674574,0.9124577024686426,0.05857478388461163
36561,45561,Low,Medium,0.10481280111239001,0.08548068375633515,0.8097065151312749
13029,22029,Medium,Medium,0.034432119630480505,0.1989982597042553,0.7665696206652642
24153,33153,Low,Low,0.033091612461193375,0.9054638517199568,0.06144453581884981
21968,30968,Medium,Medium,0.04007214113622463,0.03800476010672531,0.9219230987570501
21356,30356,High,High,0.9035551397064329,0.03786803903600567,0.05857682125756159
36502,45502,Medium,Medium,0.031923214874677246,0.044015014495719894,0.9240617706296028
24007,33007,Medium,Medium,0.07617588316672605,0.17411051477449238,0.7497136020587817
3688,12688,Medium,Medium,0.033180050958474275,0.03583822920293702,0.9309817198385887
687,9687,Medium,Low,0.033685958484356966,0.9047632266158097,0.061550814899833294
14849,23849,Low,Low,0.03025340878405794,0.9121589548828756,0.05758763633306649
14111,23111,Low,Low,0.026505879581022795,0.9195007673213259,0.05399335309765119
34406,43406,Medium,Medium,0.03834180186268112,0.03976055408207312,0.9218976440552457
6957,15957,High,High,0.8869875324631394,0.03307994102824831,0.07993252650861235
26775,35775,Medium,Medium,0.0336255423707769,0.03700041709877781,0.9293740405304453
18432,27432,High,High,0.9091282539542714,0.03320230326311326,0.05766944278261519
31761,40761,Medium,Low,0.050763993341287915,0.5055692401801269,0.44366676647858516
26823,35823,Medium,Medium,0.03776300846361236,0.03897014313858269,0.9232668483978049
19616,28616,Medium,Medium,0.03791968014826989,0.03620060503114854,0.9258797148205815
24745,33745,Medium,Medium,0.041420712763520655,0.14464950223060033,0.813929785005879
18191,27191,Medium,Medium,0.04106414467602645,0.043162391502252845,0.9157734638217206
12179,21179,High,High,0.9019952421787499,0.03859857210697978,0.059406185714270233
3479,12479,Medium,Medium,0.03858315269713807,0.03854956107853999,0.922867286224322
34164,43164,Low,Low,0.036389138933446454,0.8993585983628622,0.06425226270369128
30048,39048,Medium,Medium,0.0336255423707769,0.03700041709877781,0.9293740405304453
25460,34460,High,High,0.912055596528231,0.031608305690535216,0.05633609778123392
25213,34213,Medium,Medium,0.029515152677168182,0.03221409987839814,0.9382707474444336
16198,25198,High,High,0.8965446781100349,0.038114517139536654,0.06534080475042853
15215,24215,Low,Low,0.034206557902232884,0.8782380535096131,0.08755538858815394
29603,38603,Medium,Medium,0.03834180186268112,0.03976055408207312,0.9218976440552457
30338,39338,High,High,0.9053099547035964,0.03678536713264225,0.057904678163761346
32445,41445,High,High,0.9077003594952785,0.03352746025147838,0.0587721802532433
16577,25577,Medium,Medium,0.03622844401212392,0.04082716598061655,0.9229443900072596
25705,34705,High,High,0.5020586377579077,0.044178194597949895,0.45376316764414243
17954,26954,Low,Medium,0.037677330197082214,0.04239827942065683,0.919924390382261
19363,28363,Medium,Low,0.028237765080116814,0.915185283856494,0.056576951063389135
13792,22792,Medium,Medium,0.03910089925886415,0.03991908789288148,0.9209800128482543
28822,37822,Low,Low,0.026759194318695608,0.8820724284558157,0.0911683772254887
3064,12064,Low,Low,0.03094768426097906,0.9104791378831534,0.0585731778558675
37812,46812,Medium,High,0.5356965472716544,0.039666036731504276,0.42463741599684135
16967,25967,Low,Low,0.032690518113024945,0.9103547437938476,0.05695473809312749
24148,33148,High,High,0.9112958581771932,0.031167728750685752,0.05753641307212113
21222,30222,High,High,0.9115598309646146,0.031045152796229446,0.05739501623915596
8924,17924,Low,Low,0.038416066646620076,0.89211398978031,0.06946994357306986
36709,45709,Medium,Medium,0.3081981215239867,0.13697563427126136,0.554826244204752
39755,48755,Medium,Medium,0.026293840323421736,0.028771795854392216,0.9449343638221861
38541,47541,Medium,Medium,0.033866893205233846,0.03578942409524468,0.9303436826995215
25058,34058,Medium,Medium,0.037677330197082214,0.04239827942065683,0.919924390382261
36872,45872,Medium,Medium,0.30925627673823813,0.10732466177734767,0.5834190614844142
18858,27858,Low,Low,0.03879177278413421,0.8926576585748953,0.06855056864097038
10967,19967,Low,Low,0.08933107671498543,0.8363161911972973,0.07435273208771727
26769,35769,Medium,Medium,0.03834180186268112,0.03976055408207312,0.9218976440552457
14056,23056,Medium,Medium,0.03397958104385506,0.09421363805378728,0.8718067809023576
3825,12825,Medium,Medium,0.02695890294228945,0.22763212380209333,0.7454089732556173
16016,25016,Medium,Medium,0.026293840323421736,0.028771795854392216,0.9449343638221861
33064,42064,High,High,0.9122879968031666,0.03078346728870591,0.05692853590812757
22451,31451,Medium,Medium,0.03870147247560501,0.04542165849661175,0.9158768690277833
39274,48274,High,High,0.9090569422803073,0.032951381876950354,0.05799167584274235
30178,39178,Medium,Medium,0.04801406528194641,0.049250257564100945,0.9027356771539526
29825,38825,High,High,0.9059455444981147,0.034610132154841794,0.059444323347043554
17793,26793,High,High,0.909257377179999,0.03251017289960153,0.058232449920399554
1584,10584,Low,Low,0.03324227113498785,0.9039244085053371,0.06283332035967504
23318,32318,High,High,0.9047867685384513,0.03512915884971251,0.0600840726118362
23206,32206,High,High,0.8938823024727734,0.03186369868000539,0.0742539988472213
1022,10022,Low,Low,0.030012350431972715,0.912220815364134,0.057766834203893204
27542,36542,High,High,0.9080750407717706,0.032642978239645744,0.05928198098858368
18933,27933,Low,Low,0.028986134866674947,0.9105289422066968,0.0604849229266284
36639,45639,High,High,0.9035551397064329,0.03786803903600567,0.05857682125756159
32728,41728,Medium,Medium,0.03753179148653995,0.03941355341978355,0.9230546550936766
33395,42395,Medium,Medium,0.026293840323421736,0.028771795854392216,0.9449343638221861
3167,12167,Medium,Medium,0.026543673238516655,0.05916902441384181,0.9142873023476416
33491,42491,Low,Low,0.032210768572188055,0.9038088599157369,0.06398037151207497
770,9770,Medium,Medium,0.041993280571513414,0.043360723667350796,0.9146459957611358
9015,18015,Low,Low,0.02938778948785663,0.9110873945343791,0.059524815977764246
17246,26246,High,High,0.914635090205323,0.030117949923958155,0.055246959870718954
15294,24294,Medium,Medium,0.03834180186268112,0.03976055408207312,0.9218976440552457
19006,28006,High,Medium,0.03733168172236941,0.052115305397497536,0.910553012880133
25842,34842,Medium,Medium,0.041377568240270474,0.04242187259119545,0.916200559168534
13749,22749,High,High,0.91315800572848,0.030934081990507734,0.05590791228101231
16290,25290,Medium,Medium,0.03359228064323035,0.13314595281967115,0.8332617665370985
35739,44739,Medium,Medium,0.03858315269713807,0.03854956107853999,0.922867286224322
15882,24882,Low,Low,0.03340491999985694,0.9033906494485234,0.06320443055161956
25848,34848,Low,Low,0.03215627863218703,0.9072055292009374,0.060638192166875514
31070,40070,Low,Low,0.030485921825736364,0.9103945752209109,0.059119502953352665
8238,17238,Medium,Medium,0.04182692787469753,0.045943826066845696,0.9122292460584567
18057,27057,Medium,Medium,0.03527114626268923,0.03812634346140507,0.9266025102759058
7161,16161,Medium,Medium,0.034048438793915205,0.03634953130100874,0.9296020299050761
38781,47781,Medium,Medium,0.041978687579426306,0.04388335885850331,0.9141379535620704
28834,37834,Medium,Medium,0.03858315269713807,0.03854956107853999,0.922867286224322
10521,19521,Medium,Medium,0.03412596760055924,0.037139787298050946,0.9287342451013898
17555,26555,High,High,0.9010629046032697,0.03871908017756435,0.06021801521916598
38463,47463,Medium,Medium,0.041331531269212574,0.04351206562844506,0.9151564031023423
28014,37014,High,High,0.9090024591856997,0.032546340558688304,0.05845120025561221
5308,14308,Medium,Medium,0.038682254546927725,0.04272234388274617,0.9185954015703262
20182,29182,High,High,0.9077265040212018,0.03515367351712793,0.0571198224616703
5900,14900,Low,Low,0.029361837995479173,0.9106671720209171,0.05997098998360364
3190,12190,Low,Low,0.091504562098711,0.8484543318886946,0.06004110601259435
18195,27195,Medium,Low,0.02799588867290705,0.6167967582185311,0.35520735310856183
27901,36901,Low,Low,0.026867293632155977,0.8717518896707078,0.10138081669713621
28829,37829,Low,Medium,0.03753179148653995,0.03941355341978355,0.9230546550936766
12548,21548,Medium,Medium,0.035150109879082035,0.040163166374005854,0.9246867237469121
22020,31020,Medium,Medium,0.03858315269713807,0.03854956107853999,0.922867286224322
31815,40815,Low,Low,0.033091612461193375,0.9054638517199568,0.06144453581884981
5029,14029,Medium,Medium,0.03511183169396701,0.04108780588810262,0.9238003624179304
3200,12200,High,High,0.9144529463258891,0.030165346139523253,0.055381707534587654
24973,33973,Low,Low,0.03161780200661013,0.9074364132422684,0.060945784751121536
16950,25950,Medium,Medium,0.03834180186268112,0.03976055408207312,0.9218976440552457
3533,12533,Medium,Medium,0.03605697829364052,0.04067480228756543,0.923268219418794
33501,42501,High,High,0.9109717687802031,0.031826152114473365,0.05720207910532357
21391,30391,High,High,0.8966295355054373,0.03279242510849003,0.07057803938607253
5194,14194,High,High,0.9083195833471379,0.03304328680495124,0.05863712984791076
24567,33567,High,Medium,0.03791968014826989,0.03620060503114854,0.9258797148205815
24853,33853,High,High,0.9127237526361863,0.030842571762320633,0.05643367560149301
30926,39926,High,High,0.9074964972343963,0.033267471926306295,0.05923603083929755
34472,43472,Medium,Medium,0.03521811978298027,0.04235763637783694,0.9224242438391829
39324,48324,Low,High,0.9079120270709438,0.033174560695551615,0.05891341223350471
19991,28991,High,High,0.9083070978668873,0.03301647224384265,0.05867642988926999
21262,30262,Medium,Medium,0.039709657160942304,0.04273282747850573,0.917557515360552
19820,28820,Medium,Medium,0.03766408653804656,0.06164727747934646,0.9006886359826071
20625,29625,High,High,0.9106617111904272,0.031798794556409916,0.057539494253162925
21173,30173,High,High,0.9099458689598774,0.032027959537247234,0.0580261715028754
20834,29834,Low,Low,0.03340491999985694,0.9033906494485234,0.06320443055161956
36939,45939,Medium,Medium,0.0342314121690724,0.03497423686169345,0.9307943509692341
39957,48957,High,High,0.9098129928205397,0.03234517880934407,0.05784182837011622
16476,25476,Medium,Medium,0.042079921919005246,0.40368279913280863,0.5542372789481861
28294,37294,Low,Low,0.02651623672032255,0.9180265911722354,0.055457172107442
7337,16337,Low,Low,0.03324227113498785,0.9039244085053371,0.06283332035967504
25673,34673,High,High,0.9085335362510705,0.03261795361955652,0.05884851012937309
39836,48836,High,High,0.9080916209840465,0.033144050894901196,0.05876432812105236
31266,40266,Low,Low,0.02847769681478989,0.906776365847377,0.06474593733783314
19993,28993,High,Low,0.03126099179964263,0.9084059356117201,0.060333072588637245
21887,30887,Medium,Medium,0.037290440652083,0.04062454642331669,0.9220850129246002
37863,46863,High,High,0.9183275713898787,0.02854656487736677,0.05312586373275452
38884,47884,Low,Low,0.029463773804350182,0.9113068654315531,0.05922936076409671
9157,18157,Medium,High,0.9100487770368408,0.032366061182153856,0.0575851617810054
14186,23186,Low,Low,0.02653435030720744,0.9156499055111605,0.0578157441816319
10396,19396,Low,Low,0.03545380510444011,0.9011002758438429,0.06344591905171698
28429,37429,Medium,Medium,0.03932319940423192,0.38742516654597775,0.5732516340497903
10645,19645,Medium,Medium,0.02737609594205125,0.028786148206660842,0.9438377558512879
36084,45084,Medium,Medium,0.03605697829364052,0.04067480228756543,0.923268219418794
29811,38811,Low,Low,0.026583710178518113,0.9109198620960539,0.06249642772542785
34215,43215,High,High,0.9147357818476011,0.028749434395893742,0.05651478375650525
38346,47346,Low,Low,0.030547945805042786,0.9106078737635782,0.05884418043137891
19682,28682,Medium,Medium,0.03545321301751894,0.038381720044648314,0.9261650669378327
25378,34378,Medium,Medium,0.034686957394625045,0.037826933053020616,0.9274861095523543
36694,45694,High,High,0.9136875624245872,0.030289838067725793,0.056022599507687176
18177,27177,Medium,Medium,0.03605697829364052,0.04067480228756543,0.923268219418794
17350,26350,High,High,0.9089997245698473,0.033269647898772674,0.057730627531380085
26026,35026,Low,Low,0.029372707418233415,0.91187400688036,0.058753285701406525
17686,26686,High,High,0.9109776747800821,0.031606665951356194,0.05741565926856163
12647,21647,Low,Low,0.037575465255836174,0.9049961354315176,0.057428399312646254
17988,26988,Low,Low,0.02655105255314846,0.9133244960325332,0.06012445141431814
990,9990,Medium,Medium,0.034765656820689605,0.03754609611900651,0.927688247060304
38435,47435,Medium,Medium,0.03306804394811813,0.03779936345938725,0.9291325925924947
22196,31196,Medium,Low,0.026702519997397044,0.8958920834389231,0.07740539656367988
21773,30773,High,High,0.9076124084882121,0.03532034702927017,0.057067244482517744
13557,22557,High,High,0.8740396387052692,0.031382564283916774,0.09457779701081405
13118,22118,Medium,Medium,0.0449460910458707,0.04696379508105783,0.9080901138730715
14812,23812,Medium,Medium,0.036637074907273005,0.03743524929608791,0.9259276757966391
22687,31687,Low,Medium,0.041331531269212574,0.04351206562844506,0.9151564031023423
19262,28262,Medium,Low,0.07771883786257283,0.5262516622961599,0.3960294998412672
11311,20311,Medium,Medium,0.037716571602859746,0.04015819994191558,0.9221252284552247
37813,46813,Medium,Medium,0.0457305986075405,0.047171275712554826,0.9070981256799047
17589,26589,Medium,Low,0.026941504294598767,0.9190269813424078,0.054031514362993534
28709,37709,Medium,Low,0.0625522076928726,0.5652696085293689,0.3721781837777585
39883,48883,Low,Low,0.026941504294598767,0.9190269813424078,0.054031514362993534
6573,15573,Medium,Medium,0.041735944851163526,0.043095699704093555,0.9151683554447428
19037,28037,Low,Low,0.026670583369721227,0.8998510236913878,0.073478392938891
19721,28721,Low,Low,0.04606597470949458,0.6157300930793764,0.338203932211129
4514,13514,High,High,0.9053099547035964,0.03678536713264225,0.057904678163761346
6481,15481,Low,Low,0.034409668081885225,0.9028704783242961,0.06271985359381865
25609,34609,Medium,Low,0.03180950396600702,0.9106248499492011,0.05756564608479179
31747,40747,Medium,Medium,0.03531058982261439,0.039073617394395965,0.9256157927829897
27727,36727,Low,Low,0.026505879581022795,0.9195007673213259,0.05399335309765119
10825,19825,Low,Low,0.033091612461193375,0.9054638517199568,0.06144453581884981
30666,39666,High,High,0.911200299304263,0.030688380085484853,0.05811132061025218
12026,21026,Low,Low,0.028410072462220586,0.9147626005235937,0.0568273270141856
35338,44338,Low,Low,0.03138837118174432,0.9118293294544711,0.05678229936378457
6737,15737,Medium,Medium,0.0457305986075405,0.047171275712554826,0.9070981256799047
35182,44182,Low,Low,0.032264140381127106,0.9035573520046469,0.06417850761422599
5019,14019,Low,Low,0.033685958484356966,0.9047632266158097,0.061550814899833294
13086,22086,Low,Low,0.02676404546458998,0.8783276574897457,0.09490829704566435
20238,29238,Low,Low,0.029372707418233415,0.91187400688036,0.058753285701406525
2806,11806,High,High,0.9085335362510705,0.03261795361955652,0.05884851012937309
39647,48647,Low,Low,0.02844608681614529,0.9097738956599685,0.0617800175238861
13116,22116,Medium,Medium,0.10276540615973319,0.1071532930834063,0.7900813007568606
11061,20061,Medium,Medium,0.026293840323421736,0.028771795854392216,0.9449343638221861
14986,23986,Low,Low,0.030385296940173695,0.9111416328203918,0.0584730702394344
4828,13828,Low,Low,0.026523072649321786,0.9170477771595684,0.05642915019110976
5868,14868,Medium,Medium,0.11070297800538381,0.11335573409070754,0.7759412879039086
22665,31665,High,High,0.9136875499535387,0.030352148210033614,0.0559603018364277
26502,35502,Medium,Medium,0.03590852036894148,0.034785298723244616,0.9293061809078139
516,9516,Medium,Medium,0.03259651393449264,0.0343620811061097,0.9330414049593977
1378,10378,Medium,Low,0.04510734769383392,0.8980869091737064,0.05680574313245961
4117,13117,Medium,Medium,0.03858315269713807,0.03854956107853999,0.922867286224322
2787,11787,Low,Low,0.03025340878405794,0.9121589548828756,0.05758763633306649
11934,20934,Medium,Medium,0.03835392421736455,0.32389371331756295,0.6377523624650724
23614,32614,Low,Low,0.0769938005330734,0.8642590950306889,0.05874710443623766
23098,32098,Low,Low,0.033091612461193375,0.9054638517199568,0.06144453581884981
39970,48970,Medium,Low,0.04290697724546589,0.5948918451963888,0.3622011775581453
24053,33053,High,High,0.8998329503433542,0.03562833652946989,0.064538713127176
9768,18768,Medium,Medium,0.033615111596767826,0.03646105163950667,0.9299238367637255
34149,43149,Medium,Medium,0.03858315269713807,0.03854956107853999,0.922867286224322
16320,25320,High,High,0.9053099547035964,0.03678536713264225,0.057904678163761346
15372,24372,Low,Low,0.09370298023892633,0.8400423764402974,0.06625464332077612
29483,38483,Medium,Medium,0.041331531269212574,0.04351206562844506,0.9151564031023423
20793,29793,High,High,0.9080916209840465,0.033144050894901196,0.05876432812105236
22219,31219,Medium,Medium,0.039315869259044116,0.045677146186847685,0.9150069845541081
21251,30251,Medium,High,0.9109717687802031,0.031826152114473365,0.05720207910532357
39171,48171,Low,Low,0.029173939539831422,0.8879064435262206,0.08291961693394793
13113,22113,Medium,Medium,0.036395724072816056,0.03864624229962105,0.9249580336275628
12446,21446,Medium,Medium,0.033180050958474275,0.03583822920293702,0.9309817198385887
11561,20561,Medium,Medium,0.03677194346196589,0.03798239053771559,0.9252456660003184
24546,33546,High,High,0.9138774383438837,0.03044365888594981,0.05567890277016657
22985,31985,High,High,0.9066652505039617,0.03376696241760249,0.059567787078435776
22814,31814,Medium,Medium,0.06071454189036344,0.21245148687285298,0.7268339712367836
18930,27930,High,High,0.8942439973204029,0.03303716752686207,0.07271883515273507
13720,22720,Low,Low,0.03347986077245769,0.9074358039292276,0.05908433529831464
31500,40500,Medium,Medium,0.03766408653804656,0.06164727747934646,0.9006886359826071
10903,19903,Medium,Medium,0.03527114626268923,0.03812634346140507,0.9266025102759058
27723,36723,Medium,Medium,0.3852815852184516,0.06480896549773056,0.5499094492838178
4160,13160,Medium,Low,0.030676259979383683,0.5262556070562442,0.4430681329643722
20195,29195,Low,Low,0.031006445860439633,0.5916598528508016,0.37733370128875876
25467,34467,Low,Low,0.026702519997397044,0.8958920834389231,0.07740539656367988
12182,21182,Low,Low,0.033091612461193375,0.9054638517199568,0.06144453581884981
6381,15381,Medium,Medium,0.0457305986075405,0.047171275712554826,0.9070981256799047
6609,15609,High,High,0.9076124084882121,0.03532034702927017,0.057067244482517744
38045,47045,Medium,Medium,0.15632247423419107,0.04272554221017203,0.8009519835556369
31570,40570,Medium,Medium,0.08139311770497816,0.19605952437940755,0.7225473579156144
3647,12647,High,High,0.91315800572848,0.030934081990507734,0.05590791228101231
11784,20784,High,High,0.9147724329018162,0.029669542255871623,0.05555802484231234
12050,21050,Medium,Medium,0.03622844401212392,0.04082716598061655,0.9229443900072596
22205,31205,Medium,Medium,0.038682254546927725,0.04272234388274617,0.9185954015703262
8744,17744,High,High,0.9019952421787499,0.03859857210697978,0.059406185714270233
23166,32166,Low,Low,0.026528366142667143,0.9162864568964489,0.05718517696088393
4999,13999,Medium,Medium,0.036637074907273005,0.03743524929608791,0.9259276757966391
12704,21704,Low,Low,0.03499138932092644,0.9017258810131836,0.06328272966588984
1896,10896,Medium,Medium,0.03753179148653995,0.03941355341978355,0.9230546550936766
34367,43367,Low,Low,0.02840401760482848,0.9156231599267749,0.0559728224683966
8822,17822,Low,Low,0.20027401884018717,0.656830035004024,0.1428959461557887
9031,18031,Low,Low,0.08983420529226033,0.8516433779086681,0.058522416799071504
20441,29441,Medium,Medium,0.03787169172642754,0.056638006380964834,0.9054903018926076
5335,14335,Medium,Medium,0.059662771628952734,0.03435758464763906,0.9059796437234082
945,9945,Medium,Medium,0.034341812216939945,0.03869931185539826,0.9269588759276618
39844,48844,Medium,Medium,0.041331531269212574,0.04351206562844506,0.9151564031023423
5289,14289,High,High,0.9069890353275815,0.03371446976323211,0.05929649490918654
29213,38213,High,High,0.9019952421787499,0.03859857210697978,0.059406185714270233
25441,34441,Medium,Low,0.06226202318107627,0.7357923462985521,0.20194563052037162
26029,35029,Medium,Medium,0.2756858694731804,0.045431834997952336,0.6788822955288673
15841,24841,Medium,Medium,0.1946434919068263,0.0405933484824409,0.7647631596107328
21191,30191,Medium,Medium,0.027051355721613785,0.23944661158648506,0.7335020326919012
34542,43542,Medium,Medium,0.041377568240270474,0.04242187259119545,0.916200559168534
20960,29960,High,High,0.9047867685384513,0.03512915884971251,0.0600840726118362
4831,13831,Medium,Medium,0.0457305986075405,0.047171275712554826,0.9070981256799047
21704,30704,High,High,0.9144501193042146,0.02944996312444802,0.05609991757133744
26255,35255,Medium,Medium,0.036395724072816056,0.03864624229962105,0.9249580336275628
13104,22104,High,High,0.806239041336433,0.11626873517335934,0.07749222349020761
18120,27120,Medium,Medium,0.03960493009927672,0.03730634154584517,0.9230887283548781
32883,41883,Medium,Medium,0.03834180186268112,0.03976055408207312,0.9218976440552457
31040,40040,Low,Low,0.030325657970636286,0.9101476130927008,0.05952672893666295
13874,22874,Low,Low,0.03215627863218703,0.9072055292009374,0.060638192166875514
37701,46701,Low,Low,0.2664358155415916,0.671086558048708,0.0624776264097004
35786,44786,Medium,Medium,0.03639743097788712,0.043636592088238474,0.9199659769338745
23627,32627,Low,Low,0.0318244878415599,0.9052404781535879,0.06293503400485229
5866,14866,Low,Low,0.029361837995479173,0.9106671720209171,0.05997098998360364
35305,44305,Medium,Medium,0.03709953591474418,0.03662118709119124,0.9262792769940645
12556,21556,Medium,Medium,0.03582284210241133,0.03821343500531877,0.9259637228922699
26194,35194,High,High,0.9079210455768684,0.03312137591065751,0.05895757851247418
31755,40755,Medium,Medium,0.041735944851163526,0.043095699704093555,0.9151683554447428
31199,40199,High,High,0.9131084417954236,0.030505170282618548,0.0563863879219579
25892,34892,Medium,Medium,0.036026840147408416,0.04165739614131638,0.9223157637112752
3616,12616,Medium,Medium,0.036395724072816056,0.03864624229962105,0.9249580336275628
4615,13615,Low,Medium,0.02696718763199689,0.4397345878979599,0.5332982244700432
13510,22510,High,High,0.9047867685384513,0.03512915884971251,0.0600840726118362
23364,32364,Low,Low,0.03145296552083201,0.9100700036624936,0.058477030816674325
39407,48407,High,Medium,0.036026840147408416,0.04165739614131638,0.9223157637112752
36254,45254,Low,Low,0.026809364983055795,0.6826949969420314,0.2904956380749128
12757,21757,Low,Low,0.029339351433834825,0.9138814824457943,0.05677916612037089
22959,31959,High,High,0.9109776747800821,0.031606665951356194,0.05741565926856163
30401,39401,Medium,Medium,0.033180050958474275,0.03583822920293702,0.9309817198385887
7928,16928,Medium,Medium,0.03398746373621885,0.049675800843564176,0.916336735420217
7637,16637,High,High,0.9053099547035964,0.03678536713264225,0.057904678163761346
3495,12495,Medium,Medium,0.037290440652083,0.04062454642331669,0.9220850129246002
26273,35273,Medium,Medium,0.20471751107136746,0.055155332669495925,0.7401271562591366
26282,35282,High,High,0.8691431919958744,0.03661269259758019,0.09424411540654543
5503,14503,Low,Low,0.033091612461193375,0.9054638517199568,0.06144453581884981
29548,38548,Medium,Medium,0.034775862898316086,0.041379987798364104,0.9238441493033198
8671,17671,Medium,Medium,0.0304082954100366,0.054982817553115314,0.9146088870368482
19292,28292,High,High,0.912178773451609,0.030295586420268545,0.05752564012812231
27995,36995,High,High,0.9059941484671831,0.0352941658395395,0.05871168569327747
2554,11554,Medium,Low,0.026674947842205837,0.8944209392134396,0.07890411294435466
36724,45724,Medium,Medium,0.033866893205233846,0.03578942409524468,0.9303436826995215
18295,27295,High,High,0.9096693971031676,0.030959403300287208,0.05937119959654529
12818,21818,Medium,Medium,0.03878715074213515,0.041993522214537594,0.9192193270433272
16369,25369,Low,Low,0.034409668081885225,0.9028704783242961,0.06271985359381865
13522,22522,Medium,Medium,0.036736176757062665,0.04160803210029409,0.9216557911426433
33184,42184,Low,Low,0.062088559291826106,0.8573519713345484,0.0805594693736254
23153,32153,Low,Low,0.02938778948785663,0.9110873945343791,0.059524815977764246
8475,17475,Low,Low,0.028518247134146035,0.9049558864895205,0.0665258663763334
18569,27569,Low,Medium,0.041735944851163526,0.043095699704093555,0.9151683554447428
9169,18169,Low,Low,0.03340491999985694,0.9033906494485234,0.06320443055161956
12023,21023,Medium,High,0.9025521056661855,0.030878888249898272,0.06656900608391632
21676,30676,High,High,0.9019952421787499,0.03859857210697978,0.059406185714270233
7935,16935,Medium,Low,0.05427607081356294,0.754418710658154,0.19130521852828306
16244,25244,High,High,0.9084694650072658,0.03118379619870237,0.060346738794031816
15491,24491,Medium,Medium,0.033866893205233846,0.03578942409524468,0.9303436826995215
35465,44465,Low,Low,0.17350097035778636,0.7458119235758919,0.08068710606632185
38639,47639,High,Medium,0.03175367646221909,0.1404218093587515,0.8278245141790294
22565,31565,Medium,Medium,0.03639743097788712,0.043636592088238474,0.9199659769338745
16225,25225,Low,Low,0.030447130364203653,0.8886521421245348,0.08090072751126144
36916,45916,Low,Low,0.028867099920734635,0.9119756246554065,0.05915727542385879
4111,13111,High,High,0.9059455444981147,0.034610132154841794,0.059444323347043554
31240,40240,Medium,Medium,0.03605697829364052,0.04067480228756543,0.923268219418794
26022,35022,High,Low,0.03029421986633947,0.9072061385139781,0.06249964161968241
27582,36582,Medium,Medium,0.038682254546927725,0.04272234388274617,0.9185954015703262
33573,42573,Medium,Medium,0.026293840323421736,0.028771795854392216,0.9449343638221861
36662,45662,High,High,0.9091282539542714,0.03320230326311326,0.05766944278261519
14189,23189,Low,Medium,0.02729684749506452,0.4384830340246871,0.5342201184802483
20697,29697,Medium,Medium,0.0359954715477095,0.15475045374041263,0.8092540747118778
19999,28999,Medium,Medium,0.031666757186457305,0.03709914425523105,0.9312340985583116
5785,14785,Low,Low,0.03215627863218703,0.9072055292009374,0.060638192166875514
20784,29784,High,High,0.9183275713898787,0.02854656487736677,0.05312586373275452
123,9123,Medium,Medium,0.03605697829364052,0.04067480228756543,0.923268219418794
31161,40161,Medium,Medium,0.026293840323421736,0.028771795854392216,0.9449343638221861
30472,39472,Medium,Medium,0.026832222951752843,0.135684923765077,0.8374828532831701
34393,43393,Low,Low,0.033091612461193375,0.9054638517199568,0.06144453581884981
2861,11861,Medium,Medium,0.0327923497550934,0.1566776454581582,0.8105300047867483
24761,33761,Low,Low,0.029935708053741305,0.866776999763598,0.10328729218266064
4489,13489,Low,Low,0.03341936294339602,0.9005352512335209,0.06604538582308299
9321,18321,Medium,Medium,0.03740994360389608,0.042048605294464615,0.9205414511016392
9603,18603,Medium,Medium,0.11563491236723189,0.07800124054016108,0.806363847092607
21089,30089,Medium,Medium,0.036637074907273005,0.03743524929608791,0.9259276757966391
32565,41565,Medium,Medium,0.026293840323421736,0.028771795854392216,0.9449343638221861
23292,32292,High,High,0.916316424437969,0.02901112772067714,0.05467244784135398
14663,23663,Medium,Medium,0.03605697829364052,0.04067480228756543,0.923268219418794
8034,17034,Low,Medium,0.03077989899203155,0.1545516959901557,0.8146684050178128
18205,27205,Medium,Medium,0.032315524526718736,0.038336439629810426,0.9293480358434708
3326,12326,High,High,0.9088581714609738,0.031932872334026176,0.059208956205000024
13397,22397,Low,Low,0.15286316989503443,0.7877189423659511,0.05941788773901441
22759,31759,Medium,Medium,0.031959278691915526,0.03743942941462728,0.9306012918934572
34760,43760,Medium,Medium,0.030655267127080884,0.032759778898626836,0.9365849539742923
18451,27451,Medium,Medium,0.03791968014826989,0.03620060503114854,0.9258797148205815
30653,39653,Low,Low,0.028642942963313045,0.9146273145750548,0.05672974246163217
4641,13641,Medium,Medium,0.03944786677389592,0.04245729605310957,0.9180948371729944
6880,15880,Low,Low,0.033091612461193375,0.9054638517199568,0.06144453581884981
29400,38400,High,High,0.9183275713898787,0.02854656487736677,0.05312586373275452
3877,12877,Medium,Medium,0.03425713194976942,0.053186276928352066,0.9125565911218785
18414,27414,High,High,0.9076124084882121,0.03532034702927017,0.057067244482517744
1182,10182,High,High,0.9047867685384513,0.03512915884971251,0.0600840726118362
5892,14892,Medium,Medium,0.03959753650861597,0.041166131963665115,0.9192363315277188
39684,48684,High,High,0.91315800572848,0.030934081990507734,0.05590791228101231
16659,25659,High,High,0.9054147295313705,0.03432640768885751,0.06025886277977203
17240,26240,Medium,Medium,0.049065426492544535,0.04838626522285738,0.9025483082845981
24234,33234,High,High,0.9035551397064329,0.03786803903600567,0.05857682125756159
10110,19110,High,Low,0.030012350431972715,0.912220815364134,0.057766834203893204
22826,31826,Medium,Medium,0.03605697829364052,0.04067480228756543,0.923268219418794
15828,24828,Low,Low,0.07243391550930701,0.7930344199066349,0.134531664584058
30425,39425,Low,Low,0.031800541038394296,0.9021163006680166,0.06608315829358911
24950,33950,Medium,Medium,0.03858315269713807,0.03854956107853999,0.922867286224322
39155,48155,Medium,Medium,0.03858315269713807,0.03854956107853999,0.922867286224322
11263,20263,High,High,0.909257377179999,0.03251017289960153,0.058232449920399554
36654,45654,Medium,Medium,0.038265844944946927,0.05753977101586775,0.9041943840391853
22143,31143,Low,Low,0.03215627863218703,0.9072055292009374,0.060638192166875514
9527,18527,High,High,0.9125287864649237,0.030808864762596505,0.056662348772479824
33937,42937,Medium,Medium,0.041331531269212574,0.04351206562844506,0.9151564031023423
19904,28904,Low,Low,0.02872608427485258,0.9140233948632228,0.05725052086192454
2462,11462,Low,Low,0.026505879581022795,0.9195007673213259,0.05399335309765119
27107,36107,Medium,Medium,0.03834180186268112,0.03976055408207312,0.9218976440552457
34202,43202,Medium,Medium,0.03834180186268112,0.03976055408207312,0.9218976440552457
35099,44099,Low,Low,0.026733660798377815,0.9188122059467484,0.05445413325487375
17688,26688,Medium,Medium,0.028515854164565247,0.03001788156321623,0.9414662642722186
44,9044,High,High,0.9080916209840465,0.033144050894901196,0.05876432812105236
18324,27324,Medium,Medium,0.03753179148653995,0.03941355341978355,0.9230546550936766
6523,15523,Low,Low,0.030012350431972715,0.912220815364134,0.057766834203893204
19824,28824,High,High,0.9106617111904272,0.031798794556409916,0.057539494253162925
25258,34258,High,High,0.6627798538303737,0.028922669338335764,0.3082974768312905
11707,20707,Low,Low,0.13949751607260422,0.44137462696095014,0.41912785696644567
11854,20854,Medium,Medium,0.038682254546927725,0.04272234388274617,0.9185954015703262
3506,12506,Medium,Medium,0.03163410539963611,0.03629598762087333,0.9320699069794905
37014,46014,High,High,0.9047911146936576,0.039904627718068277,0.055304257588274196
31784,40784,Medium,Medium,0.0342314121690724,0.03497423686169345,0.9307943509692341
32068,41068,Low,Low,0.03215627863218703,0.9072055292009374,0.060638192166875514
27158,36158,Low,Low,0.02937059641955764,0.9135403846961366,0.057089018884305676
401,9401,Low,Low,0.03347986077245769,0.9074358039292276,0.05908433529831464
5675,14675,Medium,Medium,0.03590852036894148,0.034785298723244616,0.9293061809078139
31023,40023,High,High,0.8390383703232773,0.0901714692623705,0.07079016041435203
3286,12286,Low,Low,0.03215627863218703,0.9072055292009374,0.060638192166875514
23462,32462,Medium,Medium,0.03461080035859227,0.07805879277682777,0.8873304068645799
17172,26172,Medium,Medium,0.03527114626268923,0.03812634346140507,0.9266025102759058
10770,19770,Medium,Medium,0.034048438793915205,0.03634953130100874,0.9296020299050761
37995,46995,High,High,0.903508356840416,0.0387511595648665,0.05774048359471757
22017,31017,Medium,Medium,0.03493097026245662,0.04630313660774695,0.9187658931297964
25616,34616,Medium,High,0.9112958581771932,0.031167728750685752,0.05753641307212113
33414,42414,Medium,Medium,0.033866893205233846,0.03578942409524468,0.9303436826995215
12122,21122,Low,Low,0.02846858385178239,0.9066710760611655,0.06486034008705208
23335,32335,Medium,Medium,0.03451309040260844,0.0758846621305645,0.889602247466827
4209,13209,Medium,Medium,0.2740686200935799,0.04370069901819857,0.6822306808882215
23230,32230,High,High,0.9112958581771932,0.031167728750685752,0.05753641307212113
27631,36631,Medium,Medium,0.03834180186268112,0.03976055408207312,0.9218976440552457
16623,25623,Low,Low,0.033715514942114104,0.900508467144722,0.06577601791316386
29923,38923,Medium,Medium,0.03325152648503275,0.04486197757423414,0.9218864959407331
8825,17825,Medium,Medium,0.038886252591924804,0.046166305018743775,0.9149474423893315
37595,46595,Medium,Medium,0.0385457999076782,0.043204515218070734,0.918249684874251
28775,37775,Medium,Medium,0.028748368779639166,0.03514272709269443,0.9361089041276665
31728,40728,Medium,Medium,0.03833646597331692,0.042774887863859516,0.9188886461628235
22152,31152,Medium,Medium,0.033615111596767826,0.03646105163950667,0.9299238367637255
6594,15594,High,High,0.9147724329018162,0.029669542255871623,0.05555802484231234
2520,11520,High,High,0.9091829340271546,0.03520428257441249,0.05561278339843311
18936,27936,High,High,0.9069171402105454,0.034754256771859,0.05832860301759565
37270,46270,Low,Low,0.026505879581022795,0.9195007673213259,0.05399335309765119
7889,16889,Medium,Medium,0.0367410437092248,0.037179754536580185,0.9260792017541949
8641,17641,Low,High,0.8473727450930956,0.09394842260566301,0.05867883230124148
20997,29997,Medium,Medium,0.037677330197082214,0.04239827942065683,0.919924390382261
12592,21592,Low,Low,0.04735921787537071,0.8952991017244648,0.0573416804001645
20606,29606,Medium,Medium,0.026293840323421736,0.028771795854392216,0.9449343638221861
23613,32613,Medium,Medium,0.027051355721613785,0.23944661158648506,0.7335020326919012
33440,42440,Low,Low,0.026987977946744224,0.7395830447200057,0.23342897733325005
35910,44910,Medium,Medium,0.17113456790897327,0.3225840560402864,0.5062813760507403
21000,30000,High,Medium,0.04047619533245145,0.03930601473323875,0.9202177899343099
25418,34418,Medium,Medium,0.03858315269713807,0.03854956107853999,0.922867286224322
26640,35640,High,High,0.8965446781100349,0.038114517139536654,0.06534080475042853
9760,18760,Low,Medium,0.0457305986075405,0.047171275712554826,0.9070981256799047
6648,15648,Low,Low,0.026547959266332365,0.9137629938805937,0.05968904685307392
33117,42117,Medium,High,0.9035551397064329,0.03786803903600567,0.05857682125756159
19148,28148,Medium,Medium,0.041331531269212574,0.04351206562844506,0.9151564031023423
19178,28178,Low,Medium,0.03858315269713807,0.03854956107853999,0.922867286224322
6428,15428,High,Medium,0.03753179148653995,0.03941355341978355,0.9230546550936766
33346,42346,Low,Low,0.09351488642851047,0.846470139678194,0.06001497389329557
619,9619,Medium,Medium,0.03655139664074286,0.040863385578162055,0.9225852177810951
37389,46389,Medium,Medium,0.03500269786888562,0.038634017065361466,0.9263632850657529
24554,33554,Medium,Medium,0.03489737630266691,0.057179640244952055,0.907922983452381
20494,29494,Medium,Medium,0.03605697829364052,0.04067480228756543,0.923268219418794
14648,23648,Low,Low,0.030047961747121963,0.9071054964898653,0.06284654176301277
39576,48576,High,High,0.9065735054910338,0.0338073809939868,0.05961911351497939
20638,29638,High,High,0.9132664709505128,0.03039067362348961,0.056342855425997686
36212,45212,Medium,Medium,0.0457305986075405,0.047171275712554826,0.9070981256799047
16023,25023,Medium,Medium,0.03834180186268112,0.03976055408207312,0.9218976440552457
31087,40087,Medium,Medium,0.038682254546927725,0.04272234388274617,0.9185954015703262
1062,10062,High,Medium,0.033965995055023505,0.039962206899450854,0.9260717980455256
24405,33405,Medium,Medium,0.037995413681344604,0.035882437386814035,0.9261221489318414
18790,27790,Medium,Medium,0.036026840147408416,0.04165739614131638,0.9223157637112752
23152,32152,Medium,Medium,0.03865689894101599,0.03974780327314969,0.9215952977858343
6676,15676,High,High,0.7142547545891894,0.1769732053324042,0.10877204007840628
5006,14006,High,High,0.758570307115554,0.13708807314679858,0.10434161973764748
24588,33588,Medium,Medium,0.033180050958474275,0.03583822920293702,0.9309817198385887
8348,17348,Medium,Medium,0.03858315269713807,0.03854956107853999,0.922867286224322
10418,19418,Medium,Medium,0.03791968014826989,0.03620060503114854,0.9258797148205815
29373,38373,Low,Low,0.034409668081885225,0.9028704783242961,0.06271985359381865
5253,14253,High,High,0.9167417424963197,0.02894935381165667,0.05430890369202371
8287,17287,High,Low,0.03246958617085059,0.9051323269295041,0.062398086899645266
27632,36632,Medium,Medium,0.026293840323421736,0.028771795854392216,0.9449343638221861
39611,48611,Low,Low,0.03781439061432074,0.9040002900797974,0.05818531930588181
14771,23771,Medium,Medium,0.0342314121690724,0.03497423686169345,0.9307943509692341
24297,33297,Medium,Medium,0.03697178096366565,0.0369126848475283,0.926115534188806
29682,38682,Medium,Medium,0.03527114626268923,0.03812634346140507,0.9266025102759058
8944,17944,Low,Low,0.03215627863218703,0.9072055292009374,0.060638192166875514
31077,40077,Medium,Medium,0.037290440652083,0.04062454642331669,0.9220850129246002
1108,10108,Medium,Medium,0.0371734941764131,0.03363195635705754,0.9291945494665294
20924,29924,High,High,0.913461124040404,0.03068835669201193,0.05585051926758408
10951,19951,Medium,Medium,0.0342314121690724,0.03497423686169345,0.9307943509692341
37906,46906,Low,Low,0.0301925142453756,0.9136806411689996,0.05612684458562472
26770,35770,Low,Low,0.03324227113498785,0.9039244085053371,0.06283332035967504
21049,30049,Low,Low,0.03340491999985694,0.9033906494485234,0.06320443055161956
39930,48930,High,High,0.9073734389571079,0.034284975166476675,0.05834158587641544
38543,47543,Low,Low,0.028645075956913704,0.9155612994455163,0.05579362459756989
11896,20896,High,Low,0.04694416258841133,0.8896851325851834,0.06337070482640524
14450,23450,Medium,Medium,0.03318750694143554,0.0367469340286386,0.9300655590299258
38066,47066,Medium,Medium,0.03834180186268112,0.03976055408207312,0.9218976440552457
11908,20908,Low,Low,0.08269919690748168,0.8259341461718162,0.09136665692070212
18840,27840,High,High,0.9134611115693557,0.030750666834319745,0.0557882215963246
39469,48469,High,High,0.9089997245698473,0.033269647898772674,0.057730627531380085
25656,34656,High,High,0.9078842322134619,0.03432267120941295,0.05779309657712522
20011,29011,Medium,Medium,0.03753179148653995,0.03941355341978355,0.9230546550936766
19172,28172,High,High,0.9059455444981147,0.034610132154841794,0.059444323347043554
8142,17142,Medium,Medium,0.03605697829364052,0.04067480228756543,0.923268219418794
32292,41292,High,High,0.9078146806315072,0.032828534725635856,0.05935678464285705
4259,13259,Medium,Medium,0.04207639753541013,0.0460574895047666,0.9118661129598232
9419,18419,High,High,0.9082501330503163,0.032079499056474024,0.05967036789320974
31248,40248,Medium,Medium,0.03590852036894148,0.034785298723244616,0.9293061809078139
3111,12111,Medium,Medium,0.059662771628952734,0.03435758464763906,0.9059796437234082
35662,44662,Low,Low,0.02663886082371142,0.9041146209830294,0.06924651819325907
29577,38577,Medium,Medium,0.02994128362794493,0.03174775339699703,0.938310962975058
37723,46723,Low,Low,0.026505879581022795,0.9195007673213259,0.05399335309765119
28213,37213,Low,Low,0.02840401760482848,0.9156231599267749,0.0559728224683966
16130,25130,Low,Low,0.06445753787266892,0.6053033564540283,0.3302391056733028
38069,47069,Medium,Medium,0.029257870406405987,0.33097938292186946,0.6397627466717245
24913,33913,Low,Low,0.03595666209539479,0.8981373067626491,0.06590603114195605
34077,43077,High,High,0.9073734389571079,0.034284975166476675,0.05834158587641544
28430,37430,Medium,Medium,0.04214313213599102,0.055036438354939675,0.9028204295090694
26651,35651,High,High,0.8691431919958744,0.03661269259758019,0.09424411540654543
1375,10375,Medium,Medium,0.033866893205233846,0.03578942409524468,0.9303436826995215
7437,16437,Medium,Medium,0.031085716777828176,0.032818900727346334,0.9360953824948255
37316,46316,Low,Low,0.030823005160339978,0.9106622078583796,0.058514786981280396
234,9234,Medium,Medium,0.03521811978298027,0.04235763637783694,0.9224242438391829
32536,41536,Medium,Medium,0.03468226490118656,0.041661101656071294,0.9236566334427421
39952,48952,Medium,Medium,0.029867614402193755,0.02881209729797989,0.9413202882998263
20867,29867,Medium,Medium,0.033153722214648275,0.034371227177313106,0.9324750506080387
26112,35112,Medium,Medium,0.0457305986075405,0.047171275712554826,0.9070981256799047
34113,43113,High,High,0.909233816731434,0.032123951544775035,0.05864223172379104
30613,39613,Medium,Medium,0.06233342765510947,0.034783473588907675,0.9028830987559829
2083,11083,Medium,Medium,0.036736176757062665,0.04160803210029409,0.9216557911426433
21581,30581,Medium,Medium,0.11768271979075756,0.3632059266386607,0.5191113535705818
16042,25042,Medium,Low,0.057904920495437044,0.8252004909411407,0.11689458856342227
661,9661,Medium,Medium,0.036395724072816056,0.03864624229962105,0.9249580336275628
4277,13277,Low,Low,0.03324227113498785,0.9039244085053371,0.06283332035967504
28785,37785,High,High,0.8342283690711777,0.10679079873532615,0.058980832193496174
6943,15943,Medium,Medium,0.03753179148653995,0.03941355341978355,0.9230546550936766
37409,46409,Low,Low,0.026674947842205837,0.8944209392134396,0.07890411294435466
25390,34390,Low,Medium,0.02631530382465728,0.3275063318661869,0.6461783643091558
30551,39551,High,High,0.9059455444981147,0.034610132154841794,0.059444323347043554
11203,20203,Low,Low,0.03147279055619165,0.9070449011544524,0.061482308289355934
1652,10652,Medium,Medium,0.027121935518672927,0.04063169121360281,0.9322463732677243
10361,19361,Low,Low,0.030447130364203653,0.8886521421245348,0.08090072751126144
20787,29787,Medium,Medium,0.029629676389089993,0.028797809119944045,0.941572514490966
21097,30097,Medium,Medium,0.03527114626268923,0.03812634346140507,0.9266025102759058
17147,26147,Medium,High,0.9035551397064329,0.03786803903600567,0.05857682125756159
11427,20427,Low,Low,0.03217379358072082,0.9091991140626167,0.058627092356662504
37061,46061,Medium,Medium,0.047146696650615494,0.20102328263651578,0.7518300207128688
21698,30698,Medium,Medium,0.033180050958474275,0.03583822920293702,0.9309817198385887
25844,34844,Medium,Medium,0.041735944851163526,0.043095699704093555,0.9151683554447428
15161,24161,Medium,Medium,0.034414227133848584,0.041602161981964314,0.9239836108841871
34222,43222,Low,Low,0.030271272301229793,0.9096913355941769,0.060037392104593225
16388,25388,Medium,Medium,0.037290440652083,0.04062454642331669,0.9220850129246002
7028,16028,High,High,0.9088581714609738,0.031932872334026176,0.059208956205000024
38701,47701,High,High,0.909233816731434,0.032123951544775035,0.05864223172379104
8241,17241,High,High,0.9112958581771932,0.031167728750685752,0.05753641307212113
19020,28020,Low,Low,0.20027401884018717,0.656830035004024,0.1428959461557887
16550,25550,Low,Low,0.026505879581022795,0.9195007673213259,0.05399335309765119
27838,36838,High,High,0.9077003594952785,0.03352746025147838,0.0587721802532433
39972,48972,Medium,Medium,0.038682254546927725,0.04272234388274617,0.9185954015703262
38740,47740,Low,Low,0.033091612461193375,0.9054638517199568,0.06144453581884981
1104,10104,Low,High,0.9134839908255801,0.030401634173156195,0.05611437500126379
15585,24585,Medium,Medium,0.03834180186268112,0.03976055408207312,0.9218976440552457
1907,10907,High,High,0.9079120270709438,0.033174560695551615,0.05891341223350471
20702,29702,Low,Low,0.03534500191089157,0.9011288008433155,0.06352619724579295
18148,27148,Low,Low,0.026523072649321786,0.9170477771595684,0.05642915019110976
33791,42791,Low,Low,0.02840401760482848,0.9156231599267749,0.0559728224683966
5661,14661,Low,Low,0.03215627863218703,0.9072055292009374,0.060638192166875514
33239,42239,High,High,0.910751236395899,0.032005184575642324,0.05724357902845854
26158,35158,Low,Low,0.033091612461193375,0.9054638517199568,0.06144453581884981
22647,31647,Medium,Medium,0.03649126383205154,0.03679142290235805,0.9267173132655904
26461,35461,Medium,Medium,0.03753179148653995,0.03941355341978355,0.9230546550936766
17217,26217,Medium,Medium,0.026293840323421736,0.028771795854392216,0.9449343638221861
37283,46283,High,High,0.9046289185555625,0.028617635885678117,0.06675344555875944
4991,13991,Low,Low,0.026719116044167757,0.8880553864825128,0.08522549747331944
27377,36377,Low,Low,0.032847461120712136,0.9067411671763802,0.060411371702907536
15184,24184,Medium,Medium,0.03858315269713807,0.03854956107853999,0.922867286224322
20026,29026,Medium,Medium,0.04297531474612363,0.15291336958269955,0.8041113156711769
28374,37374,Low,Low,0.033091612461193375,0.9054638517199568,0.06144453581884981
32347,41347,Low,Low,0.2619478125060915,0.67962525508446,0.058426932409448386
37019,46019,Low,Low,0.026505879581022795,0.9195007673213259,0.05399335309765119
20717,29717,High,High,0.8740500077931589,0.03060854804388773,0.09534144416295326
25360,34360,Medium,Medium,0.03753179148653995,0.03941355341978355,0.9230546550936766
33924,42924,High,High,0.909233816731434,0.032123951544775035,0.05864223172379104
18386,27386,Low,Low,0.03062422229865826,0.9101457874686717,0.059229990232669956
30580,39580,Medium,Medium,0.026293840323421736,0.028771795854392216,0.9449343638221861
10671,19671,High,High,0.9155378168031181,0.02954505032766908,0.05491713286921282
34532,43532,Medium,Medium,0.035150109879082035,0.040163166374005854,0.9246867237469121
17727,26727,Medium,Medium,0.03753179148653995,0.03941355341978355,0.9230546550936766
17839,26839,Medium,Medium,0.03960493009927672,0.03730634154584517,0.9230887283548781
35076,44076,Low,Low,0.03151452461977195,0.9085250985329401,0.05996037684728798
15340,24340,Low,Low,0.028220572011817824,0.9176382740182515,0.05414115396993056
31634,40634,Medium,Medium,0.029867614402193755,0.02881209729797989,0.9413202882998263
17044,26044,Low,Low,0.030786871163527352,0.9096120284118582,0.05960110042461447
26072,35072,Low,Medium,0.25076440354012486,0.05304367635245486,0.6961919201074204
2089,11089,Medium,Medium,0.038682254546927725,0.04272234388274617,0.9185954015703262
27543,36543,High,Medium,0.03753179148653995,0.03941355341978355,0.9230546550936766
9478,18478,Medium,Medium,0.03834180186268112,0.03976055408207312,0.9218976440552457
19908,28908,Medium,Medium,0.04816454589409499,0.0495511061880984,0.9022843479178065
32018,41018,High,High,0.9010152867515826,0.03549553118942567,0.06348918205899189
11005,20005,Medium,Medium,0.036637074907273005,0.03743524929608791,0.9259276757966391
29590,38590,Low,Low,0.02914411706640339,0.8816401464500054,0.08921573648359116
24362,33362,High,High,0.9122879968031666,0.03078346728870591,0.05692853590812757
27262,36262,High,High,0.9110147762545212,0.03266749290706116,0.05631773083841778
4815,13815,Medium,Medium,0.036637074907273005,0.03743524929608791,0.9259276757966391
39342,48342,Medium,Low,0.17381946926138359,0.4177159357138711,0.40846459502474525
6884,15884,Low,Low,0.03347986077245769,0.9074358039292276,0.05908433529831464
16175,25175,High,High,0.9068916888881448,0.033368443793316355,0.05973986731853887
10463,19463,Medium,Medium,0.0484459262292058,0.054013941099991476,0.8975401326708027
7836,16836,High,High,0.9099458689598774,0.032027959537247234,0.0580261715028754
38427,47427,Low,Low,0.03347986077245769,0.9074358039292276,0.05908433529831464
23579,32579,Medium,Medium,0.038886252591924804,0.046166305018743775,0.9149474423893315
29964,38964,High,High,0.9019952421787499,0.03859857210697978,0.059406185714270233
19266,28266,Medium,Medium,0.041377568240270474,0.04242187259119545,0.916200559168534
20958,29958,Low,Low,0.030012350431972715,0.912220815364134,0.057766834203893204
3162,12162,Low,Low,0.027028816674860484,0.5232796495136393,0.4496915338115002
26145,35145,Low,Low,0.033091612461193375,0.9054638517199568,0.06144453581884981
15530,24530,Medium,Medium,0.02662191993955995,0.2832462117343579,0.6901318683260822
13283,22283,High,High,0.9107663139521344,0.03174966253115987,0.057484023516705736
31215,40215,Low,Low,0.030977502811278257,0.9062052646660006,0.06281723252272113
29887,38887,Low,Low,0.033091612461193375,0.9054638517199568,0.06144453581884981
13901,22901,High,High,0.9077003594952785,0.03352746025147838,0.0587721802532433
32179,41179,Medium,Medium,0.032491171752694344,0.0316997739598817,0.9358090542874239
4158,13158,Low,Low,0.030447130364203653,0.8886521421245348,0.08090072751126144
31326,40326,Low,Medium,0.03753179148653995,0.03941355341978355,0.9230546550936766
15068,24068,Low,Low,0.030012350431972715,0.912220815364134,0.057766834203893204
27305,36305,Medium,Medium,0.03435851018420037,0.03591987209580921,0.9297216177199904
8444,17444,Low,Low,0.02658554067154416,0.910707980440881,0.06270647888757479
4954,13954,High,High,0.8686962551508067,0.06589888859556682,0.06540485625362642
36096,45096,Medium,Medium,0.03466186181981969,0.03503335869041295,0.9303047794897674
38636,47636,Medium,Medium,0.0376308933363296,0.043586336223989726,0.9187827704396807
39236,48236,Low,Low,0.03143338287115954,0.9127049575044227,0.05586165962441756
34890,43890,Medium,Medium,0.026293840323421736,0.028771795854392216,0.9449343638221861
2779,11779,Medium,Medium,0.0342314121690724,0.03497423686169345,0.9307943509692341
39280,48280,Low,Low,0.02840401760482848,0.9156231599267749,0.0559728224683966
20597,29597,Medium,Medium,0.04047619533245145,0.03930601473323875,0.9202177899343099
10977,19977,Low,Low,0.056693617964575393,0.8807772138900214,0.06252916814540327
36619,45619,Medium,Medium,0.035150109879082035,0.040163166374005854,0.9246867237469121
25224,34224,Low,Low,0.03143027911035069,0.9130319645264091,0.05553775636324012
12848,21848,High,High,0.5635451429670825,0.02896023953530218,0.40749461749761545
34841,43841,Medium,High,0.9125287864649237,0.030808864762596505,0.056662348772479824
36233,45233,High,High,0.91315800572848,0.030934081990507734,0.05590791228101231
24659,33659,Medium,Low,0.026505879581022795,0.9195007673213259,0.05399335309765119
23019,32019,Medium,Medium,0.04007214113622463,0.03800476010672531,0.9219230987570501
8359,17359,High,High,0.9073928063104431,0.035661852568190926,0.056945341121365976
1089,10089,Low,Low,0.030057138327004195,0.5951795979050578,0.37476326376793795
20099,29099,Medium,Medium,0.034419268639353094,0.03366797942374742,0.9319127519368995
14566,23566,Medium,Medium,0.03306804394811813,0.03779936345938725,0.9291325925924947
12877,21877,Medium,Medium,0.03753179148653995,0.03941355341978355,0.9230546550936766
7612,16612,Medium,Medium,0.03753179148653995,0.03941355341978355,0.9230546550936766
31848,40848,Medium,Medium,0.2522817306548728,0.17007142100505854,0.5776468483400686
39278,48278,Medium,Medium,0.02737609594205125,0.028786148206660842,0.9438377558512879
23265,32265,Low,Low,0.03094768426097906,0.9104791378831534,0.0585731778558675
4466,13466,High,Medium,0.041377568240270474,0.04242187259119545,0.916200559168534
1920,10920,Medium,Medium,0.23732002189116094,0.03240412242883053,0.7302758556800084
15816,24816,Medium,Medium,0.037290440652083,0.04062454642331669,0.9220850129246002
20931,29931,Medium,Medium,0.03259651393449264,0.0343620811061097,0.9330414049593977
39692,48692,Medium,Low,0.030012350431972715,0.912220815364134,0.057766834203893204
39372,48372,Low,Low,0.03324227113498785,0.9039244085053371,0.06283332035967504
7246,16246,High,High,0.9073734389571079,0.034284975166476675,0.05834158587641544
11693,20693,Medium,High,0.9090569422803073,0.032951381876950354,0.05799167584274235
2398,11398,Medium,Medium,0.03677194346196589,0.03798239053771559,0.9252456660003184
23378,32378,Medium,Medium,0.03527114626268923,0.03812634346140507,0.9266025102759058
3436,12436,Medium,Medium,0.035088376135415766,0.03520588078328732,0.9297057430812968
23944,32944,Medium,Medium,0.03834180186268112,0.03976055408207312,0.9218976440552457
29477,38477,Medium,Medium,0.0376308933363296,0.043586336223989726,0.9187827704396807
35201,44201,Low,Low,0.030012350431972715,0.912220815364134,0.057766834203893204
30805,39805,Medium,Medium,0.033180050958474275,0.03583822920293702,0.9309817198385887
32694,41694,Medium,Medium,0.029867614402193755,0.02881209729797989,0.9413202882998263
6128,15128,Low,Low,0.030325657970636286,0.9101476130927008,0.05952672893666295
33930,42930,Medium,Medium,0.037995413681344604,0.035882437386814035,0.9261221489318414
17228,26228,High,High,0.9079120270709438,0.033174560695551615,0.05891341223350471
16030,25030,Medium,Medium,0.052459569481026945,0.05172141084487782,0.8958190196740953
21894,30894,Medium,Medium,0.036395724072816056,0.03864624229962105,0.9249580336275628
23693,32693,High,High,0.9079120270709438,0.033174560695551615,0.05891341223350471
11209,20209,Medium,Medium,0.03795717667406673,0.028853332660792017,0.9331894906651411
11501,20501,Medium,Medium,0.24025857629431757,0.03602159095646023,0.7237198327492221
12156,21156,High,High,0.909233816731434,0.032123951544775035,0.05864223172379104
20469,29469,High,High,0.9073734389571079,0.034284975166476675,0.05834158587641544
15521,24521,Medium,Medium,0.03753179148653995,0.03941355341978355,0.9230546550936766
35402,44402,Low,Low,0.030258140608381345,0.9110831365954885,0.0586587227961301
28253,37253,Medium,Medium,0.026551975562091823,0.28977982394869123,0.6836682004892171
37206,46206,High,High,0.9136875499535387,0.030352148210033614,0.0559603018364277
854,9854,High,Medium,0.0457305986075405,0.047171275712554826,0.9070981256799047
10791,19791,High,High,0.9090024591856997,0.032546340558688304,0.05845120025561221
10961,19961,Medium,Medium,0.03605697829364052,0.04067480228756543,0.923268219418794
4116,13116,Low,High,0.9080916209840465,0.033144050894901196,0.05876432812105236
21452,30452,Low,Low,0.2704791160587955,0.6695068708023085,0.06001401313889604
29701,38701,Medium,Medium,0.03262578706345395,0.03682171487991442,0.9305524980566316
30152,39152,Medium,Medium,0.03858315269713807,0.03854956107853999,0.922867286224322
13479,22479,Medium,Medium,0.03527114626268923,0.03812634346140507,0.9266025102759058
15702,24702,Medium,Medium,0.032193436660294124,0.07027094676432892,0.897535616575377
35186,44186,Medium,Medium,0.0336255423707769,0.03700041709877781,0.9293740405304453
7865,16865,High,High,0.8160677510433896,0.08045228069493417,0.10347996826167626
14301,23301,Medium,Medium,0.041735944851163526,0.043095699704093555,0.9151683554447428
31514,40514,Medium,Medium,0.037290440652083,0.04062454642331669,0.9220850129246002
14116,23116,Low,Low,0.026574662680430513,0.9094868695619165,0.06393846775765295
30031,39031,Medium,Medium,0.03858315269713807,0.03854956107853999,0.922867286224322
23091,32091,Medium,Medium,0.04621623701898552,0.271674388621911,0.6821093743591035
29879,38879,Medium,Medium,0.050308739841514016,0.05131715804639123,0.8983741021120948
7858,16858,Medium,Medium,0.03355381168392734,0.037062903625321185,0.9293832846907515
34104,43104,Low,Low,0.030271272301229793,0.9096913355941769,0.060037392104593225
2304,11304,Low,Medium,0.03858315269713807,0.03854956107853999,0.922867286224322
36829,45829,Low,Low,0.026505879581022795,0.9195007673213259,0.05399335309765119
3317,12317,Low,Low,0.04779082220532646,0.8923210588394311,0.0598881189552423
18140,27140,Medium,Medium,0.041331531269212574,0.04351206562844506,0.9151564031023423
23451,32451,High,Low,0.03046938475855607,0.885605529632537,0.08392508560890684
35967,44967,Medium,Low,0.030485921825736364,0.9103945752209109,0.059119502953352665
18049,27049,Medium,Medium,0.03262578706345395,0.03682171487991442,0.9305524980566316
31468,40468,Low,Low,0.03534500191089157,0.9011288008433155,0.06352619724579295
33229,42229,Medium,Medium,0.04207639753541013,0.0460574895047666,0.9118661129598232
8572,17572,High,High,0.9112958581771932,0.031167728750685752,0.05753641307212113
11376,20376,Low,Low,0.02962227100503004,0.9062865932549334,0.06409113574003641
2972,11972,Medium,Medium,0.03706949091964947,0.03908681549379159,0.9238436935865589
3639,12639,Medium,Medium,0.037690279639070255,0.04074370325416037,0.9215660171067693
38047,47047,High,High,0.9183275713898787,0.02854656487736677,0.05312586373275452
33156,42156,Medium,Medium,0.036510481760728825,0.039490737516223624,0.9239987807230475
34924,43924,Medium,Medium,0.16098642216273637,0.044296301384048685,0.7947172764532149
34049,43049,High,High,0.9183275713898787,0.02854656487736677,0.05312586373275452
35194,44194,Medium,Medium,0.026293840323421736,0.028771795854392216,0.9449343638221861
2866,11866,Low,High,0.8494371340653067,0.09157003469147244,0.058992831243220835
14791,23791,Low,Low,0.026505879581022795,0.9195007673213259,0.05399335309765119
32839,41839,High,High,0.9083070978668873,0.03301647224384265,0.05867642988926999
21865,30865,Low,High,0.9090024591856997,0.032546340558688304,0.05845120025561221
32432,41432,Medium,Medium,0.03582284210241133,0.03821343500531877,0.9259637228922699
27889,36889,High,High,0.6250685709926583,0.07944779003697543,0.2954836389703661
23140,32140,Low,Low,0.03619510574152835,0.8975048265534781,0.06630006770499357
5078,14078,Low,Low,0.033091612461193375,0.9054638517199568,0.06144453581884981
14081,23081,Medium,Medium,0.03753179148653995,0.03941355341978355,0.9230546550936766
30356,39356,Medium,Medium,0.026293840323421736,0.028771795854392216,0.9449343638221861
18544,27544,Medium,Medium,0.03753179148653995,0.03941355341978355,0.9230546550936766
5735,14735,High,Medium,0.033180050958474275,0.03583822920293702,0.9309817198385887
5897,14897,Medium,Medium,0.03228533437920734,0.033859925079241376,0.9338547405415513
2124,11124,Medium,Medium,0.03982939840796185,0.037217100952315556,0.9229535006397226
21485,30485,Low,Low,0.026505879581022795,0.9195007673213259,0.05399335309765119
31130,40130,Medium,Medium,0.2738861674756589,0.04068259896146712,0.6854312335628739
7468,16468,Medium,Medium,0.03360618190925103,0.03537188272153591,0.9310219353692131
18346,27346,Medium,Medium,0.033866893205233846,0.03578942409524468,0.9303436826995215
20128,29128,Medium,Medium,0.06876060593703816,0.07207607671475194,0.8591633173482099
2990,11990,Medium,Medium,0.037290440652083,0.04062454642331669,0.9220850129246002
33775,42775,High,High,0.9065735054910338,0.0338073809939868,0.05961911351497939
3091,12091,High,High,0.9088440373202307,0.032581466842977004,0.058574495836792355
2057,11057,High,Low,0.09328237338683204,0.8482345193401586,0.05848310727300939
933,9933,Medium,Medium,0.04207639753541013,0.0460574895047666,0.9118661129598232
39641,48641,Medium,Medium,0.03795717667406673,0.028853332660792017,0.9331894906651411
37643,46643,High,High,0.9100028132798941,0.032062440148106296,0.05793474657199971
38111,47111,Low,Low,0.03215627863218703,0.9072055292009374,0.060638192166875514
21599,30599,Medium,Medium,0.03874164084966838,0.0398797109129168,0.9213786482374148
35680,44680,Medium,Medium,0.03776300846361236,0.03897014313858269,0.9232668483978049
34746,43746,Medium,Medium,0.05528012643916769,0.028940203165207266,0.915779670395625
33096,42096,Medium,Medium,0.026396160071488515,0.041923402636238054,0.9316804372922735
37511,46511,Medium,Medium,0.03858315269713807,0.03854956107853999,0.922867286224322
615,9615,High,High,0.9090569422803073,0.032951381876950354,0.05799167584274235
28650,37650,Medium,Medium,0.037397911914442396,0.036446338366127186,0.9261557497194305
3637,12637,Medium,Medium,0.03924439373248564,0.036653397815550555,0.9241022084519637
35341,44341,High,High,0.9096088659232345,0.03290192996432659,0.057489204112438935
4850,13850,Medium,Medium,0.036395724072816056,0.03864624229962105,0.9249580336275628
9286,18286,Medium,Medium,0.03284606838136416,0.03837809996563258,0.9287758316530033
29882,38882,Low,Low,0.03246958617085059,0.9051323269295041,0.062398086899645266
10992,19992,Medium,Medium,0.026293840323421736,0.028771795854392216,0.9449343638221861
28569,37569,Low,Low,0.030152326338051243,0.9120334720306943,0.057814201631254475
27283,36283,Medium,Medium,0.0449460910458707,0.04696379508105783,0.9080901138730715
35829,44829,Low,Low,0.030823005160339978,0.9106622078583796,0.058514786981280396
4995,13995,High,High,0.909233816731434,0.032123951544775035,0.05864223172379104
6253,15253,Medium,Medium,0.03486585986481677,0.03847731982641056,0.9266568203087727
34385,43385,High,High,0.9059941484671831,0.0352941658395395,0.05871168569327747
37455,46455,Low,Low,0.033091612461193375,0.9054638517199568,0.06144453581884981
5357,14357,Low,Low,0.14636362414551166,0.7939539701144099,0.059682405740078416
32397,41397,Medium,Medium,0.03834180186268112,0.03976055408207312,0.9218976440552457
14799,23799,Low,Low,0.08933107671498543,0.8363161911972973,0.07435273208771727
19141,28141,Low,Low,0.033091612461193375,0.9054638517199568,0.06144453581884981
34135,43135,Medium,Medium,0.06750428622677317,0.04010317052286305,0.8923925432503638
2856,11856,Low,High,0.6632560641599237,0.24301109513794242,0.09373284070213393
21799,30799,Low,Medium,0.2791874665134724,0.3513962533446647,0.36941628014186284
37675,46675,Medium,Medium,0.03706949091964947,0.03908681549379159,0.9238436935865589
8371,17371,Medium,Medium,0.04482720738951656,0.04737470119329207,0.9077980914171914
39084,48084,Medium,Medium,0.030404230017030454,0.03355811307477189,0.9360376569081977
2955,11955,High,High,0.9077003594952785,0.03352746025147838,0.0587721802532433
3799,12799,High,High,0.9089997245698473,0.033269647898772674,0.057730627531380085
2917,11917,High,High,0.9035551397064329,0.03786803903600567,0.05857682125756159
23713,32713,Medium,Medium,0.027165065263374987,0.23318794441359114,0.7396469903230339
23819,32819,Medium,Medium,0.03163410539963611,0.03629598762087333,0.9320699069794905
33999,42999,Medium,Medium,0.033188417144249076,0.0602889919142063,0.9065225909415445
11459,20459,Low,Low,0.04154138695735355,0.9002413549472541,0.058217258095392334
8908,17908,Low,Low,0.03057144814704491,0.9090099343240552,0.060418617528899855
2603,11603,Medium,Medium,0.03776300846361236,0.03897014313858269,0.9232668483978049
5500,14500,Medium,Medium,0.0336110603634096,0.30399160318416035,0.6623973364524299
16807,25807,Medium,Medium,0.03709953591474418,0.03662118709119124,0.9262792769940645
22782,31782,Medium,Medium,0.03527114626268923,0.03812634346140507,0.9266025102759058
6654,15654,Medium,Medium,0.03467425569885282,0.06351142810273812,0.9018143161984091
17857,26857,Medium,Medium,0.03834180186268112,0.03976055408207312,0.9218976440552457
25267,34267,High,Medium,0.033866893205233846,0.03578942409524468,0.9303436826995215
17711,26711,Low,Low,0.030447130364203653,0.8886521421245348,0.08090072751126144
1709,10709,Medium,Medium,0.03753179148653995,0.03941355341978355,0.9230546550936766
15973,24973,Low,Low,0.02662005056260552,0.9061545806059578,0.06722536883143666
13385,22385,Low,Low,0.03094768426097906,0.9104791378831534,0.0585731778558675
9894,18894,Medium,Medium,0.041735944851163526,0.043095699704093555,0.9151683554447428
18250,27250,Medium,Medium,0.037290440652083,0.04062454642331669,0.9220850129246002
36303,45303,Medium,Medium,0.042249385458722116,0.04526561421466565,0.9124850003266122
28842,37842,Medium,Medium,0.041735944851163526,0.043095699704093555,0.9151683554447428
10950,19950,High,High,0.9122879968031666,0.03078346728870591,0.05692853590812757
37988,46988,High,High,0.9035551397064329,0.03786803903600567,0.05857682125756159
11464,20464,Low,Low,0.033091612461193375,0.9054638517199568,0.06144453581884981
32473,41473,Medium,Medium,0.036637074907273005,0.03743524929608791,0.9259276757966391
24086,33086,Medium,Medium,0.036637074907273005,0.03743524929608791,0.9259276757966391
2105,11105,Medium,Medium,0.03852503493888717,0.0407989973821607,0.9206759676789522
21217,30217,Medium,Medium,0.03982939840796185,0.037217100952315556,0.9229535006397226
36638,45638,Low,Low,0.03062422229865826,0.9101457874686717,0.059229990232669956
36388,45388,Low,Low,0.026962037444433526,0.824594186897409,0.14844377565815733
10221,19221,High,High,0.9105506773061288,0.03192698767023717,0.05752233502363408
28590,37590,Medium,Medium,0.029867614402193755,0.02881209729797989,0.9413202882998263
31279,40279,Low,Low,0.027111760535776352,0.910993235787276,0.06189500367694761
29653,38653,Low,Low,0.029225870185691467,0.9102518228412322,0.06052230697307629
13326,22326,High,High,0.9066652505039617,0.03376696241760249,0.059567787078435776
35420,44420,Medium,Medium,0.041377568240270474,0.04242187259119545,0.916200559168534
18521,27521,Medium,Medium,0.041377568240270474,0.04242187259119545,0.916200559168534
951,9951,Medium,Medium,0.2791874665134724,0.3513962533446647,0.36941628014186284
33964,42964,High,High,0.9077003594952785,0.03352746025147838,0.0587721802532433
4710,13710,Low,Low,0.032336442445589905,0.908665355005803,0.05899820254860702
10610,19610,Medium,Medium,0.07313376514918106,0.05386612613610776,0.8730001087147112
5319,14319,High,High,0.9068916888881448,0.033368443793316355,0.05973986731853887
13337,22337,Low,Low,0.04727694331594732,0.8945296395791873,0.058193417104865384
18712,27712,High,High,0.9096390472106256,0.03323999930604954,0.057120953483324965
23018,32018,Medium,Medium,0.04207639753541013,0.0460574895047666,0.9118661129598232
6758,15758,Medium,Medium,0.03753179148653995,0.03941355341978355,0.9230546550936766
28118,37118,Medium,Medium,0.03527114626268923,0.03812634346140507,0.9266025102759058
1528,10528,Low,Low,0.03879177278413421,0.8926576585748953,0.06855056864097038
5810,14810,Medium,Medium,0.033615111596767826,0.03646105163950667,0.9299238367637255
24110,33110,Medium,Medium,0.11186678305844429,0.02933660266126642,0.8587966142802893
11534,20534,High,High,0.9083195833471379,0.03304328680495124,0.05863712984791076
29159,38159,Medium,Medium,0.03834180186268112,0.03976055408207312,0.9218976440552457
36271,45271,Medium,Medium,0.03527114626268923,0.03812634346140507,0.9266025102759058
31420,40420,Low,Low,0.027099898064398265,0.8305830573757221,0.1423170445598797
19107,28107,Medium,Medium,0.03423886815203366,0.03588294168739504,0.9298781901605713
20941,29941,High,High,0.898037685758773,0.030811739760826046,0.07115057448040092
16763,25763,High,High,0.9153438687615503,0.02912212508046846,0.055534006157981396
29057,38057,Medium,Medium,0.04207639753541013,0.0460574895047666,0.9118661129598232
24043,33043,Medium,Medium,0.026293840323421736,0.028771795854392216,0.9449343638221861
3508,12508,Medium,Medium,0.03753179148653995,0.03941355341978355,0.9230546550936766
32975,41975,Medium,Medium,0.03858315269713807,0.03854956107853999,0.922867286224322
4431,13431,Medium,Medium,0.02658214423279223,0.06833288696430431,0.9050849688029033
25046,34046,High,High,0.909233816731434,0.032123951544775035,0.05864223172379104
888,9888,High,High,0.9089997245698473,0.033269647898772674,0.057730627531380085
20064,29064,Low,Low,0.030485921825736364,0.9103945752209109,0.059119502953352665
28189,37189,Medium,Medium,0.03423886815203366,0.03588294168739504,0.9298781901605713
6375,15375,High,High,0.9097811632043361,0.03139296326634567,0.0588258735293182
31869,40869,Medium,Medium,0.03347192029441353,0.03432883424797566,0.9321992454576109
30751,39751,Medium,Medium,0.05648061363171163,0.030066230927527082,0.9134531554407613
17904,26904,High,High,0.9035551397064329,0.03786803903600567,0.05857682125756159
3722,12722,Medium,Medium,0.038886252591924804,0.046166305018743775,0.9149474423893315
12287,21287,Medium,Medium,0.3224162179150442,0.028684779268965167,0.6488990028159907
11241,20241,Medium,Medium,0.03355381168392734,0.037062903625321185,0.9293832846907515
2289,11289,Low,Low,0.032306937305981505,0.9056660859863177,0.06202697670770075
23045,32045,High,High,0.9073734389571079,0.034284975166476675,0.05834158587641544
702,9702,Medium,Medium,0.035150109879082035,0.040163166374005854,0.9246867237469121
26581,35581,Low,Low,0.026726417165129523,0.8854480887924149,0.08782549404245558
11190,20190,Medium,Medium,0.03960493009927672,0.03730634154584517,0.9230887283548781
31943,40943,Medium,Medium,0.03436040592586668,0.03493246459777394,0.9307071294763594
18102,27102,Medium,Medium,0.03870147247560501,0.04542165849661175,0.9158768690277833
9517,18517,High,High,0.911200299304263,0.030688380085484853,0.05811132061025218
12504,21504,Low,Low,0.03196324319068153,0.8886527113816155,0.07938404542770283
39922,48922,Low,Low,0.028233486754912506,0.9121714486778676,0.05959506456721984
7352,16352,Medium,Medium,0.03753179148653995,0.03941355341978355,0.9230546550936766
16875,25875,Low,Low,0.145146083211929,0.705086985625987,0.14976693116208395
7392,16392,Low,Low,0.032959759839712895,0.905777155076915,0.06126308508337206
34714,43714,High,High,0.9059455444981147,0.034610132154841794,0.059444323347043554
27115,36115,High,High,0.9078842322134619,0.03432267120941295,0.05779309657712522
13091,22091,Low,Low,0.028648997820705152,0.9137667551718737,0.05758424700742116
30696,39696,Low,Low,0.030485921825736364,0.9103945752209109,0.059119502953352665
38088,47088,Low,Low,0.02843527254242792,0.913833101449076,0.05773162600849602
22519,31519,Medium,Medium,0.035150109879082035,0.040163166374005854,0.9246867237469121
16845,25845,High,High,0.9150037904475505,0.029247153241958344,0.05574905631049116
24098,33098,Medium,Medium,0.03404533627308972,0.056813173393647054,0.9091414903332633
12829,21829,Medium,Medium,0.034775862898316086,0.041379987798364104,0.9238441493033198
9763,18763,Medium,Medium,0.037290440652083,0.04062454642331669,0.9220850129246002
34190,43190,High,High,0.9065755677189978,0.03731153743268629,0.05611289484831596
4745,13745,Low,Medium,0.02658214423279223,0.06833288696430431,0.9050849688029033
12992,21992,Medium,Medium,0.05429600285962429,0.09984035997330964,0.8458636371670661
27336,36336,High,High,0.9066652505039617,0.03376696241760249,0.059567787078435776
23010,32010,Low,Low,0.029231119125711667,0.9078235550905104,0.06294532578377798
1994,10994,Medium,Medium,0.032315524526718736,0.038336439629810426,0.9293480358434708
33773,42773,High,High,0.9080916209840465,0.033144050894901196,0.05876432812105236
5165,14165,Medium,Medium,0.031034855004078113,0.04312241756440893,0.925842727431513
1323,10323,Medium,High,0.9056340275664962,0.03652234899255171,0.05784362344095201
30049,39049,Medium,Medium,0.03753179148653995,0.03941355341978355,0.9230546550936766
17038,26038,Low,Low,0.03324227113498785,0.9039244085053371,0.06283332035967504
38501,47501,High,High,0.9073734389571079,0.034284975166476675,0.05834158587641544
30091,39091,Medium,Medium,0.0457305986075405,0.047171275712554826,0.9070981256799047
27314,36314,Medium,Medium,0.04700021363936697,0.04870937206009327,0.9042904143005397
22601,31601,Medium,Medium,0.2379269104743453,0.039905491184386216,0.7221675983412686
39347,48347,Medium,Medium,0.038886252591924804,0.046166305018743775,0.9149474423893315
32940,41940,Medium,Medium,0.03655139664074286,0.040863385578162055,0.9225852177810951
5956,14956,High,High,0.9110147762545212,0.03266749290706116,0.05631773083841778
17166,26166,Low,Low,0.03025340878405794,0.9121589548828756,0.05758763633306649
3191,12191,Medium,Medium,0.0376308933363296,0.043586336223989726,0.9187827704396807
32117,41117,Low,Low,0.026505879581022795,0.9195007673213259,0.05399335309765119
19128,28128,High,High,0.9088581714609738,0.031932872334026176,0.059208956205000024
5498,14498,Medium,Medium,0.03834180186268112,0.03976055408207312,0.9218976440552457
16690,25690,Medium,Medium,0.033180050958474275,0.03583822920293702,0.9309817198385887
7022,16022,Medium,High,0.5488502214047958,0.04097133904644448,0.41017843954875977
15387,24387,Low,Low,0.02898008000928284,0.9113895016098779,0.0596304183808394
15233,24233,Medium,Medium,0.03753179148653995,0.03941355341978355,0.9230546550936766
34955,43955,Medium,Medium,0.04415450810333934,0.031781310766281504,0.9240641811303791
986,9986,Low,Low,0.02896751364674574,0.9124577024686426,0.05857478388461163
26614,35614,Medium,Medium,0.03858315269713807,0.03854956107853999,0.922867286224322
21917,30917,High,Medium,0.03190513275092363,0.030709855654416824,0.9373850115946595
17911,26911,Medium,Medium,0.06134504299801285,0.0653233151815018,0.8733316418204854
20405,29405,Medium,Medium,0.03791968014826989,0.03620060503114854,0.9258797148205815
28274,37274,Low,Low,0.033091612461193375,0.9054638517199568,0.06144453581884981
19620,28620,Medium,Medium,0.036306483715731745,0.03604677638022602,0.9276467399040422
18466,27466,High,High,0.6969083052200791,0.03135363275400025,0.27173806202592066
33374,42374,Medium,Medium,0.037290440652083,0.04062454642331669,0.9220850129246002
32642,41642,Medium,Medium,0.23763019261483487,0.10100459694347717,0.661365210441688
20613,29613,High,High,0.909233816731434,0.032123951544775035,0.05864223172379104
24608,33608,Low,Low,0.02896751364674574,0.9124577024686426,0.05857478388461163
9170,18170,High,High,0.909233816731434,0.032123951544775035,0.05864223172379104
20900,29900,High,High,0.9006019468918143,0.035566825132801155,0.06383122797538468
39312,48312,Medium,Medium,0.037290440652083,0.04062454642331669,0.9220850129246002
17174,26174,Medium,Medium,0.04335478342609436,0.041439715035930226,0.9152055015379753
8271,17271,High,High,0.909233816731434,0.032123951544775035,0.05864223172379104
24636,33636,Medium,Medium,0.033965995055023505,0.039962206899450854,0.9260717980455256
14932,23932,Medium,Medium,0.03334989907470931,0.031706729925459906,0.9349433709998308
20631,29631,High,High,0.9075025621828353,0.03359284480296494,0.058904593014199806
18301,27301,High,High,0.909233816731434,0.032123951544775035,0.05864223172379104
28851,37851,High,Medium,0.026293840323421736,0.028771795854392216,0.9449343638221861
12594,21594,Medium,Medium,0.038682254546927725,0.04272234388274617,0.9185954015703262
31069,40069,Medium,Medium,0.08643923796904783,0.3534304904806524,0.5601302715502998
26562,35562,Medium,Medium,0.25076440354012486,0.05304367635245486,0.6961919201074204
8253,17253,Medium,Medium,0.026845852421714195,0.14450159896461792,0.8286525486136679
14981,23981,High,High,0.8936509098306434,0.02993252978552056,0.0764165603838359
8332,17332,Medium,Medium,0.15320337689599886,0.03374270163738695,0.8130539214666141
39265,48265,Low,Low,0.026505879581022795,0.9195007673213259,0.05399335309765119
5403,14403,High,High,0.9059455444981147,0.034610132154841794,0.059444323347043554
1029,10029,Low,Low,0.03215627863218703,0.9072055292009374,0.060638192166875514
31292,40292,Medium,Medium,0.03858315269713807,0.03854956107853999,0.922867286224322
18507,27507,High,High,0.9158808407848823,0.02984018915115814,0.05427897006395954
376,9376,High,High,0.9090024591856997,0.032546340558688304,0.05845120025561221
33569,42569,Medium,Medium,0.03466186181981969,0.03503335869041295,0.9303047794897674
23459,32459,Medium,Medium,0.036510481760728825,0.039490737516223624,0.9239987807230475
6031,15031,Medium,Medium,0.030319844953086317,0.03185929640779573,0.937820858639118
20414,29414,Medium,Medium,0.06726073095199257,0.03989077082483892,0.8928484982231687
14378,23378,High,Medium,0.06974965371520711,0.05502716326450422,0.8752231830202888
13789,22789,High,High,0.9100028132798941,0.032062440148106296,0.05793474657199971
2842,11842,High,High,0.9105557555601499,0.03461440445219157,0.05482983998765866
32797,41797,Medium,Medium,0.026293840323421736,0.028771795854392216,0.9449343638221861
39066,48066,High,Low,0.026505879581022795,0.9195007673213259,0.05399335309765119
30147,39147,Low,Low,0.02653435030720744,0.9156499055111605,0.0578157441816319
26093,35093,Medium,Low,0.07126730515247873,0.8312165542694752,0.0975161405780462
25783,34783,Low,Low,0.03324227113498785,0.9039244085053371,0.06283332035967504
37370,46370,High,High,0.9144529463258891,0.030165346139523253,0.055381707534587654
11136,20136,Medium,Medium,0.034924505245088465,0.3109452781923331,0.6541302165625784
34411,43411,Medium,Medium,0.03753179148653995,0.03941355341978355,0.9230546550936766
39733,48733,Medium,Medium,0.035334889995401846,0.04090781289613788,0.9237572971084602
23533,32533,High,High,0.8678607105324135,0.07162351893185882,0.060515770535727716
18283,27283,Low,Low,0.03040879928217582,0.9095436933808688,0.06004750733695533
39852,48852,Medium,Medium,0.033866893205233846,0.03578942409524468,0.9303436826995215
36994,45994,Medium,Medium,0.03543990262145342,0.03765541524360161,0.926904682134945
12697,21697,Medium,Medium,0.026293840323421736,0.028771795854392216,0.9449343638221861
17724,26724,Low,Low,0.028220572011817824,0.9176382740182515,0.05414115396993056
464,9464,High,Medium,0.041377568240270474,0.04242187259119545,0.916200559168534
5823,14823,High,High,0.9183275713898787,0.02854656487736677,0.05312586373275452
31599,40599,Medium,Medium,0.03243910806153349,0.045459336930569326,0.9221015550078971
25882,34882,High,High,0.9136847354029124,0.02957445505265056,0.056740809544436964
11533,20533,Low,Low,0.026505879581022795,0.9195007673213259,0.05399335309765119
1841,10841,Medium,Medium,0.035150109879082035,0.040163166374005854,0.9246867237469121
10717,19717,High,High,0.8992604717544189,0.03657820309278909,0.06416132515279213
3095,12095,Low,Low,0.03215627863218703,0.9072055292009374,0.060638192166875514
35458,44458,Low,Low,0.034415194601464034,0.905694126448247,0.059890678950288934
38528,47528,High,High,0.9109776747800821,0.031606665951356194,0.05741565926856163
25861,34861,Medium,Medium,0.03791968014826989,0.03620060503114854,0.9258797148205815
34502,43502,Low,Low,0.4450410086900962,0.4936031813311346,0.06135580997876921
33399,42399,Low,Low,0.03147279055619165,0.9070449011544524,0.061482308289355934
16882,25882,Medium,Medium,0.02635287149424077,0.036172095362116255,0.937475033143643
29348,38348,Medium,Medium,0.04651902185084456,0.14462728354745294,0.8088536946017024
34533,43533,High,High,0.9113636809203983,0.031819258060963175,0.05681706101863868
10406,19406,High,High,0.6758992813447066,0.16026041587834053,0.16384030277695286
16578,25578,Medium,Medium,0.041331531269212574,0.04351206562844506,0.9151564031023423
31277,40277,High,High,0.909233816731434,0.032123951544775035,0.05864223172379104
36682,45682,Medium,Medium,0.036395724072816056,0.03864624229962105,0.9249580336275628
19459,28459,Low,High,0.9148463938441928,0.030207370852316878,0.05494623530349044
16384,25384,Low,Low,0.029471629267430122,0.9102427174763492,0.06028565325622051
31529,40529,Medium,Medium,0.0353661558580472,0.03876016286574926,0.9258736812762035
13597,22597,Medium,Medium,0.04261023582701082,0.16652004786458066,0.7908697163084084
12839,21839,Medium,Medium,0.027018159540962042,0.13885414638300322,0.8341276940760346
7053,16053,Medium,Medium,0.02677077589908276,0.23774208873705802,0.7354871353638592
29255,38255,Low,Low,0.027280686021271885,0.7877254199823112,0.18499389399641686
22529,31529,Low,Low,0.027553908593951976,0.9167552787128296,0.05569081269321833
998,9998,Medium,Medium,0.03137070394489313,0.05304891103835169,0.9155803850167552
18184,27184,Low,Medium,0.02737609594205125,0.028786148206660842,0.9438377558512879
22830,31830,High,High,0.9099458689598774,0.032027959537247234,0.0580261715028754
20836,29836,High,High,0.8677222851406476,0.07466358687778932,0.05761412798156307
2306,11306,Medium,Medium,0.2038999903468536,0.029243914531508843,0.7668560951216375
34094,43094,Medium,Medium,0.038682254546927725,0.04272234388274617,0.9185954015703262
11569,20569,Medium,Medium,0.038886252591924804,0.046166305018743775,0.9149474423893315
8117,17117,Medium,Medium,0.03605697829364052,0.04067480228756543,0.923268219418794
30323,39323,Low,Medium,0.0346635836692705,0.045953462481554734,0.9193829538491748
22003,31003,Medium,Medium,0.037290440652083,0.04062454642331669,0.9220850129246002
17502,26502,Low,Low,0.03262253457419221,0.8603261158249443,0.10705134960086353
845,9845,Medium,Medium,0.033180050958474275,0.03583822920293702,0.9309817198385887
12817,21817,Medium,Medium,0.033866893205233846,0.03578942409524468,0.9303436826995215
1646,10646,Medium,Medium,0.03753179148653995,0.03941355341978355,0.9230546550936766
27972,36972,High,Low,0.033091612461193375,0.9054638517199568,0.06144453581884981
27323,36323,High,High,0.9109717687802031,0.031826152114473365,0.05720207910532357
11656,20656,Medium,Medium,0.052472465240431476,0.24313152530521923,0.7043960094543493
11791,20791,Medium,Medium,0.033615111596767826,0.03646105163950667,0.9299238367637255
38432,47432,Medium,Medium,0.03527114626268923,0.03812634346140507,0.9266025102759058
37477,46477,Medium,Medium,0.03753179148653995,0.03941355341978355,0.9230546550936766
37848,46848,High,High,0.9109776747800821,0.031606665951356194,0.05741565926856163
36937,45937,Low,Low,0.028507181037351965,0.9052324336068068,0.06626038535584115
7147,16147,Low,Low,0.033091612461193375,0.9054638517199568,0.06144453581884981
3154,12154,Medium,Medium,0.041377568240270474,0.04242187259119545,0.916200559168534
13269,22269,Low,Low,0.02896751364674574,0.9124577024686426,0.05857478388461163
32170,41170,Medium,Medium,0.032337883319086456,0.03218593782430038,0.9354761788566132
22820,31820,High,High,0.9059850786920767,0.03649207559970168,0.05752284570822164
32686,41686,Medium,Medium,0.041735944851163526,0.043095699704093555,0.9151683554447428
22609,31609,Low,Low,0.0279926370683368,0.9159544857119251,0.05605287721973814
7367,16367,Medium,Medium,0.05900539746310502,0.03314468123183726,0.9078499213050577
6021,15021,Low,Low,0.2613076684077878,0.6801338952975658,0.05855843629464638
15859,24859,Medium,Medium,0.03639743097788712,0.043636592088238474,0.9199659769338745
26190,35190,Medium,Medium,0.03753179148653995,0.03941355341978355,0.9230546550936766
39316,48316,High,Medium,0.16279873370935505,0.13762434550340918,0.6995769207872358
19739,28739,High,High,0.9106617111904272,0.031798794556409916,0.057539494253162925
33110,42110,Low,Low,0.028220572011817824,0.9176382740182515,0.05414115396993056
27690,36690,High,High,0.9096276855627664,0.03246689673791767,0.057905417699315904
6715,15715,Low,Low,0.030271272301229793,0.9096913355941769,0.060037392104593225
5155,14155,High,High,0.907588242247324,0.03322705334992199,0.05918470440275395
7601,16601,Medium,Low,0.11819488683490777,0.5058801086324757,0.3759250045326164
22743,31743,Medium,Medium,0.04481274441803096,0.04541772712633424,0.9097695284556347
38036,47036,Medium,Medium,0.034760783682637485,0.036567084229811676,0.9286721320875508
33922,42922,Medium,Medium,0.03753179148653995,0.03941355341978355,0.9230546550936766
24276,33276,Medium,Low,0.02941148099146622,0.9084472103412408,0.062141308667293026
30239,39239,High,High,0.9056340275664962,0.03652234899255171,0.05784362344095201
27913,36913,High,High,0.9010152867515826,0.03549553118942567,0.06348918205899189
2472,11472,Medium,Medium,0.036510481760728825,0.039490737516223624,0.9239987807230475
21826,30826,High,High,0.9082501330503163,0.032079499056474024,0.05967036789320974
36229,45229,High,High,0.6929006200676007,0.10922792823712701,0.19787145169527234
31657,40657,Medium,Medium,0.035014121737983184,0.03891367524183933,0.9260722030201776
4017,13017,High,High,0.9099458689598774,0.032027959537247234,0.0580261715028754
18441,27441,Medium,Medium,0.08721937188890189,0.26037982320023584,0.6524008049108624
13039,22039,Medium,Medium,0.03545321301751894,0.038381720044648314,0.9261650669378327
189,9189,Medium,Medium,0.034775862898316086,0.041379987798364104,0.9238441493033198
32492,41492,Medium,Medium,0.036049335891479545,0.03476812560436195,0.9291825385041586
20362,29362,Medium,Medium,0.03858315269713807,0.03854956107853999,0.922867286224322
12622,21622,High,High,0.898201704018461,0.034108106305061156,0.0676901896764779
11385,20385,High,Medium,0.04209099052749724,0.045534854313614086,0.9123741551588886
6738,15738,Medium,Medium,0.02737609594205125,0.028786148206660842,0.9438377558512879
6068,15068,Medium,Low,0.2676347236943875,0.666350107049889,0.06601516925572347
2232,11232,High,High,0.9084694650072658,0.03118379619870237,0.060346738794031816
34483,43483,Medium,Medium,0.04452421301963181,0.19924037558818075,0.7562354113921873
16833,25833,Medium,Medium,0.041377568240270474,0.04242187259119545,0.916200559168534
2053,11053,High,High,0.9128971381565538,0.030415749354259825,0.05668711248918642
24,9024,High,High,0.9098129928205397,0.03234517880934407,0.05784182837011622
2749,11749,Low,Medium,0.03590852036894148,0.034785298723244616,0.9293061809078139
12275,21275,Low,Low,0.03029421986633947,0.9072061385139781,0.06249964161968241
185,9185,High,High,0.8965446781100349,0.038114517139536654,0.06534080475042853
12041,21041,Medium,Medium,0.037290440652083,0.04062454642331669,0.9220850129246002
13735,22735,High,High,0.9059455444981147,0.034610132154841794,0.059444323347043554
4832,13832,High,High,0.9057329129284813,0.03388747048818707,0.06037961658333152
193,9193,Medium,Medium,0.03605697829364052,0.04067480228756543,0.923268219418794
23208,32208,Medium,Medium,0.04094191936091529,0.04422471600859435,0.9148333646304904
31270,40270,Medium,Medium,0.05556843034853818,0.06850129427511938,0.8759302753763424
36187,45187,Low,Low,0.033091612461193375,0.9054638517199568,0.06144453581884981
33535,42535,High,High,0.9122879968031666,0.03078346728870591,0.05692853590812757
5017,14017,High,High,0.909233816731434,0.032123951544775035,0.05864223172379104
20077,29077,Medium,Medium,0.037995413681344604,0.035882437386814035,0.9261221489318414
17205,26205,Low,Low,0.02686473627706125,0.6956695615908751,0.2774657021320637
36395,45395,High,High,0.9109776747800821,0.031606665951356194,0.05741565926856163
5888,14888,Medium,Low,0.03215627863218703,0.9072055292009374,0.060638192166875514
3894,12894,High,High,0.9079210455768684,0.03312137591065751,0.05895757851247418
18269,27269,Medium,Medium,0.037687599925459704,0.08038082019906845,0.8819315798754719
13701,22701,Medium,Medium,0.03858315269713807,0.03854956107853999,0.922867286224322
51,9051,High,Medium,0.08887886872426766,0.040478444786870675,0.8706426864888618
33951,42951,Low,Low,0.03215627863218703,0.9072055292009374,0.060638192166875514
8573,17573,High,High,0.9092833806644904,0.03255286325266422,0.05816375608284544
2883,11883,High,High,0.897490822500065,0.036872828778011214,0.06563634872192385
22837,31837,High,High,0.9077003594952785,0.03352746025147838,0.0587721802532433
2134,11134,Low,Low,0.030012350431972715,0.912220815364134,0.057766834203893204
20220,29220,High,High,0.8957209619002379,0.04132733087304249,0.0629517072267198
3262,12262,Medium,Medium,0.030653900300523267,0.030477243677380857,0.9388688560220958
36601,45601,Medium,Medium,0.036395724072816056,0.03864624229962105,0.9249580336275628
15404,24404,High,High,0.8928841828975003,0.031039903514699013,0.0760759135878008
14529,23529,High,High,0.9090024591856997,0.032546340558688304,0.05845120025561221
2562,11562,High,Low,0.02708250731578851,0.9149435088618821,0.05797398382232935
29444,38444,Medium,Medium,0.3742856693058351,0.04200318597137435,0.5837111447227906
23779,32779,Medium,Medium,0.03527114626268923,0.03812634346140507,0.9266025102759058
17869,26869,High,High,0.9112958581771932,0.031167728750685752,0.05753641307212113
3904,12904,Medium,Medium,0.03870147247560501,0.04542165849661175,0.9158768690277833
29706,38706,Low,Low,0.03187152794531344,0.9108381484918685,0.05729032356281804
18745,27745,High,High,0.9092833806644904,0.03255286325266422,0.05816375608284544
15861,24861,High,High,0.9065415835356149,0.03404648694634909,0.05941192951803596
29512,38512,Medium,Medium,0.036026840147408416,0.04165739614131638,0.9223157637112752
18513,27513,High,High,0.9077265040212018,0.03515367351712793,0.0571198224616703
8480,17480,Medium,Medium,0.03753179148653995,0.03941355341978355,0.9230546550936766
2298,11298,High,High,0.909233816731434,0.032123951544775035,0.05864223172379104
34995,43995,Low,Low,0.028220572011817824,0.9176382740182515,0.05414115396993056
13247,22247,Medium,Medium,0.03327336420043305,0.32448563627507765,0.6422409995244892
28603,37603,Medium,Medium,0.03527114626268923,0.03812634346140507,0.9266025102759058
36431,45431,High,High,0.9183275713898787,0.02854656487736677,0.05312586373275452
3818,12818,Medium,Medium,0.031959278691915526,0.03743942941462728,0.9306012918934572
24758,33758,Low,Low,0.04449908851852687,0.8793013004721851,0.07619961100928808
18800,27800,Low,Low,0.062159840101854914,0.851771410594787,0.08606874930335806
16641,25641,Low,Low,0.027557012354760824,0.9164282716908433,0.0560147159543958
6639,15639,Medium,Medium,0.03944786677389592,0.04245729605310957,0.9180948371729944
37903,46903,Medium,Medium,0.03753179148653995,0.03941355341978355,0.9230546550936766
26741,35741,Medium,Medium,0.0406680587203444,0.041163109581053604,0.918168831698602
9070,18070,Low,Low,0.033091612461193375,0.9054638517199568,0.06144453581884981
10885,19885,Medium,Medium,0.03590852036894148,0.034785298723244616,0.9293061809078139
18261,27261,High,High,0.9125287864649237,0.030808864762596505,0.056662348772479824
25373,34373,Medium,Medium,0.03753179148653995,0.03941355341978355,0.9230546550936766
31588,40588,Medium,Medium,0.026293840323421736,0.028771795854392216,0.9449343638221861
519,9519,Low,Low,0.030051785036566303,0.9065479734548841,0.06340024150854952
5462,14462,Medium,Medium,0.03424410226095612,0.03652518120913497,0.9292307165299089
25544,34544,Medium,Medium,0.06134504299801285,0.0653233151815018,0.8733316418204854
18220,27220,Low,Medium,0.08887886872426766,0.040478444786870675,0.8706426864888618
23561,32561,Medium,Medium,0.14094338790447855,0.03527765869877959,0.8237789533967419
1858,10858,Low,Medium,0.04182692787469753,0.045943826066845696,0.9122292460584567
29091,38091,Medium,Medium,0.04207639753541013,0.0460574895047666,0.9118661129598232
18478,27478,Medium,Medium,0.035334889995401846,0.04090781289613788,0.9237572971084602
3879,12879,High,High,0.9119496103758179,0.030587637498027467,0.05746275212615464
17150,26150,Medium,Medium,0.06323654570772476,0.03439788609122673,0.9023655682010485
9939,18939,Medium,Medium,0.02980382126704807,0.052205575153616436,0.9179906035793355
30043,39043,Medium,Medium,0.03247547755088546,0.03639890401871049,0.931125618430404
26293,35293,High,High,0.9125287864649237,0.030808864762596505,0.056662348772479824
35022,44022,Medium,Medium,0.03468226490118656,0.041661101656071294,0.9236566334427421
36305,45305,High,Medium,0.05009833942999415,0.06847720993194913,0.8814244506380566
25363,34363,High,High,0.9025521056661855,0.030878888249898272,0.06656900608391632
23506,32506,Medium,Medium,0.038886252591924804,0.046166305018743775,0.9149474423893315
38365,47365,Low,Low,0.03151452461977195,0.9085250985329401,0.05996037684728798
14844,23844,High,High,0.9072700588502132,0.03366599055059243,0.059063950599194455
22234,31234,High,High,0.9131084417954236,0.030505170282618548,0.0563863879219579
32200,41200,Medium,Medium,0.32522113035655514,0.02872332558620247,0.6460555440572424
36909,45909,Medium,High,0.8649723912156251,0.06948880992341867,0.06553879886095619
28532,37532,Medium,Medium,0.03466957480930283,0.040110157308629775,0.9252202678820675
21389,30389,High,High,0.9109717687802031,0.031826152114473365,0.05720207910532357
24064,33064,Low,Low,0.02676404546458998,0.8783276574897457,0.09490829704566435
32751,41751,High,High,0.7919292397810894,0.14871015351247063,0.05936060670643987
39896,48896,Medium,Medium,0.026293840323421736,0.028771795854392216,0.9449343638221861
38841,47841,Medium,Medium,0.03858315269713807,0.03854956107853999,0.922867286224322
7780,16780,Medium,Low,0.02678007310633419,0.6707145122431513,0.30250541465051456
21372,30372,Medium,Medium,0.03527114626268923,0.03812634346140507,0.9266025102759058
3598,12598,Medium,Medium,0.039709657160942304,0.04273282747850573,0.917557515360552
15225,24225,Medium,Medium,0.037677330197082214,0.04239827942065683,0.919924390382261
7711,16711,Low,Low,0.030977502811278257,0.9062052646660006,0.06281723252272113
19189,28189,Low,Low,0.033685958484356966,0.9047632266158097,0.061550814899833294
25893,34893,Low,Low,0.04037721970067167,0.8886884391834472,0.07093434111588105
19334,28334,Low,Low,0.033091612461193375,0.9054638517199568,0.06144453581884981
11332,20332,Medium,Medium,0.03468226490118656,0.041661101656071294,0.9236566334427421
30030,39030,High,High,0.9063994114677983,0.03639785706434917,0.057202731467852486
24775,33775,Medium,Medium,0.026819911919403496,0.22951274114202136,0.7436673469385752
18226,27226,Medium,Medium,0.03870147247560501,0.04542165849661175,0.9158768690277833
29290,38290,High,High,0.9092425750905003,0.03250337773727074,0.058254047172228936
3314,12314,Medium,Medium,0.037290440652083,0.04062454642331669,0.9220850129246002
14632,23632,Low,Low,0.035259771912522005,0.8992465040344587,0.06549372405301927
20989,29989,Medium,Medium,0.04731669652220266,0.07535111356450025,0.8773321899132971
38619,47619,High,High,0.9131084417954236,0.030505170282618548,0.0563863879219579
20114,29114,Medium,Medium,0.057839221270356546,0.04109059325343627,0.9010701854762072
39086,48086,Medium,Medium,0.036736176757062665,0.04160803210029409,0.9216557911426433
24773,33773,Low,Low,0.033091612461193375,0.9054638517199568,0.06144453581884981
24126,33126,High,High,0.9156540449974161,0.028854266608435614,0.05549168839414833
11270,20270,High,High,0.9079120270709438,0.033174560695551615,0.05891341223350471
12020,21020,High,High,0.9090024591856997,0.032546340558688304,0.05845120025561221
22274,31274,Medium,Medium,0.03605697829364052,0.04067480228756543,0.923268219418794
2837,11837,Medium,Medium,0.03858315269713807,0.03854956107853999,0.922867286224322
32843,41843,Medium,Medium,0.04207639753541013,0.0460574895047666,0.9118661129598232
20246,29246,Medium,Medium,0.04207639753541013,0.0460574895047666,0.9118661129598232
22025,31025,Low,Low,0.033091612461193375,0.9054638517199568,0.06144453581884981
35014,44014,Medium,Medium,0.037290440652083,0.04062454642331669,0.9220850129246002
3907,12907,High,High,0.9114307077388872,0.03173728315974118,0.056832009101371594
6921,15921,High,Low,0.026505879581022795,0.9195007673213259,0.05399335309765119
9812,18812,Medium,Medium,0.03858315269713807,0.03854956107853999,0.922867286224322
26333,35333,High,High,0.9090024591856997,0.032546340558688304,0.05845120025561221
26920,35920,Medium,Medium,0.03753179148653995,0.03941355341978355,0.9230546550936766
30838,39838,Low,Low,0.02898008000928284,0.9113895016098779,0.0596304183808394
31383,40383,High,High,0.9148463938441928,0.030207370852316878,0.05494623530349044
1614,10614,Medium,Medium,0.036736176757062665,0.04160803210029409,0.9216557911426433
34076,43076,High,High,0.9083858402435286,0.034478585298887365,0.05713557445758404
8239,17239,Medium,Medium,0.0371734941764131,0.03363195635705754,0.9291945494665294
38866,47866,Medium,Medium,0.03605697829364052,0.04067480228756543,0.923268219418794
39925,48925,Medium,Medium,0.038682254546927725,0.04272234388274617,0.9185954015703262
22448,31448,Medium,Medium,0.029950213315461726,0.0328369223149678,0.9372128643695704
18553,27553,High,High,0.9091282539542714,0.03320230326311326,0.05766944278261519
37352,46352,High,High,0.9019952421787499,0.03859857210697978,0.059406185714270233
17364,26364,High,High,0.8334416223840876,0.09111605919069027,0.07544231842522216
37328,46328,Medium,Medium,0.04428261849700252,0.04461483903366637,0.911102542469331
21620,30620,Medium,Medium,0.02737609594205125,0.028786148206660842,0.9438377558512879
32164,41164,Medium,Medium,0.03753179148653995,0.03941355341978355,0.9230546550936766
20394,29394,Low,Low,0.030485921825736364,0.9103945752209109,0.059119502953352665
7756,16756,High,High,0.9083858402435286,0.034478585298887365,0.05713557445758404
12361,21361,Medium,Medium,0.0449460910458707,0.04696379508105783,0.9080901138730715
11897,20897,Medium,Medium,0.03776300846361236,0.03897014313858269,0.9232668483978049
26743,35743,Medium,Medium,0.04207639753541013,0.0460574895047666,0.9118661129598232
38476,47476,Medium,Medium,0.038682254546927725,0.04272234388274617,0.9185954015703262
1902,10902,Medium,Medium,0.026293840323421736,0.028771795854392216,0.9449343638221861
5728,14728,Medium,Medium,0.035334889995401846,0.04090781289613788,0.9237572971084602
9234,18234,Medium,Medium,0.0449460910458707,0.04696379508105783,0.9080901138730715
36126,45126,Medium,Medium,0.04801406528194641,0.049250257564100945,0.9027356771539526
23834,32834,Low,Low,0.03143027911035069,0.9130319645264091,0.05553775636324012
8281,17281,Medium,Medium,0.06742855269369845,0.040421338167197556,0.892150109139104
33541,42541,Medium,Medium,0.03677194346196589,0.03798239053771559,0.9252456660003184
26033,35033,Medium,Medium,0.02737609594205125,0.028786148206660842,0.9438377558512879
32285,41285,High,High,0.81572146661104,0.11432717809296418,0.06995135529599587
18410,27410,Low,Low,0.026505879581022795,0.9195007673213259,0.05399335309765119
23543,32543,Low,Low,0.028649807781237106,0.9144854811581293,0.05686471106063349
19890,28890,Medium,Medium,0.031673616301538525,0.288559088643123,0.6797672950553384
21520,30520,High,High,0.9063994114677983,0.03639785706434917,0.057202731467852486
11504,20504,High,High,0.9136847354029124,0.02957445505265056,0.056740809544436964
17449,26449,High,Medium,0.034419268639353094,0.03366797942374742,0.9319127519368995
23523,32523,Low,Low,0.03595666209539479,0.8981373067626491,0.06590603114195605
39711,48711,Low,Low,0.02665348434097029,0.5956864032016448,0.37766011245738484
28078,37078,Medium,Medium,0.03489568771305426,0.03779855984894713,0.9273057524379986
37151,46151,Medium,Medium,0.03852503493888717,0.0407989973821607,0.9206759676789522
12961,21961,Medium,Medium,0.03858315269713807,0.03854956107853999,0.922867286224322
16505,25505,High,High,0.9059455444981147,0.034610132154841794,0.059444323347043554
3002,12002,Medium,Medium,0.026293840323421736,0.028771795854392216,0.9449343638221861
14421,23421,Low,Low,0.04525615120974155,0.8526240937149133,0.10211975507534514
10249,19249,Low,Low,0.03499138932092644,0.9017258810131836,0.06328272966588984
35282,44282,Low,Low,0.03155955612766461,0.908404109987691,0.060036333884644244
10910,19910,High,High,0.9113248607717223,0.03140456127860892,0.05727057794966894
29424,38424,High,High,0.9098223386526577,0.03276457980643999,0.0574130815409023
16188,25188,High,High,0.9076124084882121,0.03532034702927017,0.057067244482517744
39418,48418,High,High,0.9056340275664962,0.03652234899255171,0.05784362344095201
34810,43810,Low,Low,0.03435469677240237,0.8987935737525402,0.06685172947505728
17627,26627,Medium,Medium,0.03834180186268112,0.03976055408207312,0.9218976440552457
10079,19079,Medium,Medium,0.03834180186268112,0.03976055408207312,0.9218976440552457
28235,37235,Medium,Medium,0.03753179148653995,0.03941355341978355,0.9230546550936766
16715,25715,High,High,0.9079120270709438,0.033174560695551615,0.05891341223350471
29679,38679,High,High,0.9025521056661855,0.030878888249898272,0.06656900608391632
29425,38425,High,High,0.9111815370409643,0.031866654276528274,0.0569518086825074
18314,27314,High,High,0.9116893056954968,0.03120975346347937,0.05710094084102391
12296,21296,Medium,Medium,0.15632247423419107,0.04272554221017203,0.8009519835556369
6209,15209,Medium,Medium,0.0369473182850043,0.3130086024847016,0.6500440792302942
31097,40097,Low,Low,0.03215627863218703,0.9072055292009374,0.060638192166875514
4234,13234,Medium,Medium,0.02737609594205125,0.028786148206660842,0.9438377558512879
27342,36342,Low,Medium,0.026867315922949744,0.4432361349764126,0.5298965491006377
12,9012,High,Low,0.04636613774188018,0.8622714716750609,0.09136239058305894
20447,29447,High,High,0.9073734389571079,0.034284975166476675,0.05834158587641544
29980,38980,Medium,Medium,0.035334889995401846,0.04090781289613788,0.9237572971084602
2581,11581,Medium,Medium,0.0457305986075405,0.047171275712554826,0.9070981256799047
27704,36704,High,High,0.9088581714609738,0.031932872334026176,0.059208956205000024
37319,46319,Medium,Medium,0.14994123986757812,0.032049986986530755,0.8180087731458912
28485,37485,Medium,Medium,0.1257130977027728,0.03579630462156877,0.8384905976756584
10491,19491,Medium,Medium,0.03465754311984915,0.034507890380292346,0.9308345664998585
16350,25350,Low,Low,0.026505879581022795,0.9195007673213259,0.05399335309765119
1900,10900,Low,Low,0.12025521059509316,0.8206809266547533,0.059063862750153386
22004,31004,Medium,Medium,0.026293840323421736,0.028771795854392216,0.9449343638221861
32050,41050,Low,Low,0.02678897314146929,0.9121393692386791,0.06107165761985154
14910,23910,Low,Low,0.030485921825736364,0.9103945752209109,0.059119502953352665
14835,23835,Medium,Medium,0.24538072022756366,0.33112416867626526,0.42349511109617116
35504,44504,Low,Low,0.02998652161435621,0.913323954885108,0.05668952350053575
6942,15942,Medium,Medium,0.03753179148653995,0.03941355341978355,0.9230546550936766
22724,31724,High,High,0.9079248432259718,0.03202125202365894,0.06005390475036922
34122,43122,High,High,0.8903932443630084,0.030221321142013396,0.0793854344949783
9995,18995,High,High,0.9073734389571079,0.034284975166476675,0.05834158587641544
8165,17165,Medium,Medium,0.04207639753541013,0.0460574895047666,0.9118661129598232
18733,27733,Low,Low,0.03340491999985694,0.9033906494485234,0.06320443055161956
32556,41556,Medium,Medium,0.06568403578741745,0.04304230603378264,0.8912736581787999
25238,34238,Medium,Medium,0.036637074907273005,0.03743524929608791,0.9259276757966391
18515,27515,Medium,Medium,0.037290440652083,0.04062454642331669,0.9220850129246002
39727,48727,Medium,Medium,0.0457305986075405,0.047171275712554826,0.9070981256799047
22365,31365,High,Medium,0.04359613426055131,0.04022872203239709,0.9161751437070516
7520,16520,Low,Low,0.026505879581022795,0.9195007673213259,0.05399335309765119
12712,21712,High,High,0.9099858524945971,0.03212967650384486,0.05788447100155806
27545,36545,Low,Low,0.02811421240816703,0.9160984227586851,0.0557873648331478
5860,14860,Low,Low,0.02998652161435621,0.913323954885108,0.05668952350053575
25679,34679,Medium,Medium,0.03284606838136416,0.03837809996563258,0.9287758316530033
27928,36928,Medium,Medium,0.027659742624787004,0.05188552104069183,0.9204547363345212
29602,38602,Medium,Medium,0.03834180186268112,0.03976055408207312,0.9218976440552457
6512,15512,Medium,Medium,0.038886252591924804,0.046166305018743775,0.9149474423893315
6494,15494,Low,Low,0.03347986077245769,0.9074358039292276,0.05908433529831464
31950,40950,High,High,0.9087022828584801,0.036001449556639524,0.05529626758488044
38721,47721,Low,Low,0.03340491999985694,0.9033906494485234,0.06320443055161956
33831,42831,Medium,Medium,0.05528012643916769,0.028940203165207266,0.915779670395625
38484,47484,Medium,Medium,0.03472901864640763,0.043531638751589476,0.921739342602003
23941,32941,Medium,Medium,0.029553371441536542,0.04430607640239043,0.926140552156073
10062,19062,Medium,Medium,0.03605697829364052,0.04067480228756543,0.923268219418794
14564,23564,High,High,0.9025307936610644,0.03674438586058932,0.06072482047834632
8481,17481,Medium,Medium,0.04359613426055131,0.04022872203239709,0.9161751437070516
20489,29489,Medium,Medium,0.041331531269212574,0.04351206562844506,0.9151564031023423
17731,26731,Medium,Medium,0.03776300846361236,0.03897014313858269,0.9232668483978049
23839,32839,Medium,Medium,0.036637074907273005,0.03743524929608791,0.9259276757966391
8132,17132,High,High,0.9063470671068506,0.03420589961827294,0.05944703327487628
36911,45911,High,High,0.9112958581771932,0.031167728750685752,0.05753641307212113
927,9927,Medium,Medium,0.037690279639070255,0.04074370325416037,0.9215660171067693
1773,10773,Medium,Medium,0.04359613426055131,0.04022872203239709,0.9161751437070516
7813,16813,Medium,Medium,0.11573131263072549,0.21127974590771056,0.672988941461564
14057,23057,High,High,0.856736610861668,0.08632616484699335,0.05693722429133877
28634,37634,Low,Low,0.036389138933446454,0.8993585983628622,0.06425226270369128
28068,37068,Low,Medium,0.03527114626268923,0.03812634346140507,0.9266025102759058
38223,47223,Medium,Medium,0.03973168845197802,0.03504297030605227,0.9252253412419696
20582,29582,High,High,0.9093716983162278,0.031811247373759004,0.0588170543100133
35684,44684,High,Medium,0.03834180186268112,0.03976055408207312,0.9218976440552457
17508,26508,Medium,Medium,0.03870147247560501,0.04542165849661175,0.9158768690277833
17392,26392,Medium,Medium,0.059358487258462156,0.06506755990063864,0.8755739528408992
11898,20898,Medium,Medium,0.03527114626268923,0.03812634346140507,0.9266025102759058
34325,43325,High,High,0.9117155182142312,0.031733333852025106,0.05655114793374369
31190,40190,Medium,Medium,0.03858315269713807,0.03854956107853999,0.922867286224322
10830,19830,Medium,Medium,0.03870147247560501,0.04542165849661175,0.9158768690277833
7315,16315,High,High,0.912055596528231,0.031608305690535216,0.05633609778123392
37304,46304,Medium,Medium,0.32522113035655514,0.02872332558620247,0.6460555440572424
4577,13577,Medium,Medium,0.037290440652083,0.04062454642331669,0.9220850129246002
1095,10095,Medium,Medium,0.03527114626268923,0.03812634346140507,0.9266025102759058
33973,42973,Low,Low,0.026745594457382168,0.8901722985482091,0.08308210699440863
6775,15775,Medium,Medium,0.04297914610162484,0.04277825900501724,0.9142425948933579
30876,39876,Low,Low,0.02945204661775766,0.9128776713182786,0.05767028206396375
39979,48979,Medium,Medium,0.03708149639347141,0.04014154433725323,0.9227769592692754
23851,32851,Low,Low,0.033091612461193375,0.9054638517199568,0.06144453581884981
23512,32512,High,High,0.9098201695621043,0.03299135089268531,0.05718847954521042
3372,12372,High,Medium,0.0376308933363296,0.043586336223989726,0.9187827704396807
34759,43759,Medium,Medium,0.04207639753541013,0.0460574895047666,0.9118661129598232
15189,24189,Low,Low,0.03215627863218703,0.9072055292009374,0.060638192166875514
15693,24693,Medium,Medium,0.3135305501301833,0.04298754410750588,0.6434819057623108
27164,36164,Medium,Medium,0.036736176757062665,0.04160803210029409,0.9216557911426433
2085,11085,Medium,Medium,0.02658214423279223,0.06833288696430431,0.9050849688029033
10376,19376,High,High,0.8787506864114683,0.056736251050294145,0.06451306253823769
26213,35213,Medium,Medium,0.03590852036894148,0.034785298723244616,0.9293061809078139
2734,11734,Medium,Medium,0.031666757186457305,0.03709914425523105,0.9312340985583116
19953,28953,Medium,Medium,0.03834180186268112,0.03976055408207312,0.9218976440552457
1665,10665,High,Medium,0.030655267127080884,0.032759778898626836,0.9365849539742923
8914,17914,Low,Low,0.033715514942114104,0.900508467144722,0.06577601791316386
14971,23971,High,High,0.9116265531559619,0.03018141358753988,0.058192033256498334
10304,19304,Low,Low,0.027557012354760824,0.9164282716908433,0.0560147159543958
26873,35873,Medium,Medium,0.03156046909744404,0.03582931376549672,0.9326102171370593
29008,38008,Medium,Medium,0.033180050958474275,0.03583822920293702,0.9309817198385887
17231,26231,Medium,Medium,0.06750428622677317,0.04010317052286305,0.8923925432503638
17275,26275,Medium,Medium,0.035066568615548736,0.2714487279656303,0.6934847034188211
18194,27194,Medium,Medium,0.03582284210241133,0.03821343500531877,0.9259637228922699
27992,36992,Low,Low,0.029133782059748845,0.9128698522320802,0.05799636570817096
21034,30034,Medium,Medium,0.03360618190925103,0.03537188272153591,0.9310219353692131
33029,42029,Medium,Medium,0.03605697829364052,0.04067480228756543,0.923268219418794
33327,42327,Low,Low,0.028991402182592708,0.9097774344326731,0.06123116338473417
37351,46351,High,High,0.9088581714609738,0.031932872334026176,0.059208956205000024
21991,30991,Medium,Medium,0.08887886872426766,0.040478444786870675,0.8706426864888618
221,9221,High,High,0.9122153609897964,0.031028427607119758,0.05675621140308402
16768,25768,Medium,Medium,0.026854289414742636,0.15051002529190805,0.8226356852933493
25788,34788,Medium,Medium,0.0416382348951797,0.04092156905783027,0.9174401960469899
29628,38628,Medium,Medium,0.17231503137538307,0.02950622929350384,0.7981787393311132
8530,17530,High,High,0.9122153609897964,0.031028427607119758,0.05675621140308402
13064,22064,Low,Low,0.026505879581022795,0.9195007673213259,0.05399335309765119
7445,16445,Low,Medium,0.03605697829364052,0.04067480228756543,0.923268219418794
17556,26556,High,High,0.9136847354029124,0.02957445505265056,0.056740809544436964
4776,13776,High,High,0.9171390137118006,0.029124358449920465,0.05373662783827888
29137,38137,Medium,Medium,0.02708076319411894,0.1347154724494323,0.8382037643564488
36357,45357,High,High,0.91166925387301,0.028565336351791423,0.05976540977519867
14700,23700,High,High,0.8551787583337868,0.08879184254513074,0.05602939912108263
3427,12427,Medium,Medium,0.03263010576342448,0.03734718319003502,0.9300227110465404
20078,29078,Low,Low,0.027557012354760824,0.9164282716908433,0.0560147159543958
25627,34627,Low,Low,0.02896751364674574,0.9124577024686426,0.05857478388461163
25717,34717,High,High,0.9088856706811633,0.0343296677332502,0.05678466158558653
39111,48111,Medium,Medium,0.034419268639353094,0.03366797942374742,0.9319127519368995
33099,42099,Medium,Medium,0.03834180186268112,0.03976055408207312,0.9218976440552457
23311,32311,Medium,Medium,0.03753179148653995,0.03941355341978355,0.9230546550936766
24618,33618,Medium,Medium,0.03451877701257346,0.1480176801270177,0.8174635428604088
21051,30051,Medium,Medium,0.03605697829364052,0.04067480228756543,0.923268219418794
35002,44002,Medium,Medium,0.026293840323421736,0.028771795854392216,0.9449343638221861
8184,17184,Medium,Medium,0.03534358774036988,0.042522197708639624,0.9221342145509905
8178,17178,Medium,Medium,0.026861818111759375,0.18858302658615664,0.7845551553020839
9384,18384,High,High,0.9091282539542714,0.03320230326311326,0.05766944278261519
7152,16152,Medium,Medium,0.1847676091847004,0.04457193526032773,0.7706604555549719
541,9541,Medium,High,0.9076124084882121,0.03532034702927017,0.057067244482517744
372,9372,Low,Low,0.03340491999985694,0.9033906494485234,0.06320443055161956
6991,15991,High,High,0.9090569422803073,0.032951381876950354,0.05799167584274235
22414,31414,High,High,0.9099458689598774,0.032027959537247234,0.0580261715028754
18910,27910,Low,Low,0.02840401760482848,0.9156231599267749,0.0559728224683966
18125,27125,Low,Low,0.027557012354760824,0.9164282716908433,0.0560147159543958
27224,36224,Medium,Medium,0.036637074907273005,0.03743524929608791,0.9259276757966391
35614,44614,Low,Low,0.02937059641955764,0.9135403846961366,0.057089018884305676
24511,33511,Medium,Medium,0.20093811246892032,0.06348320555886695,0.7355786819722127
20504,29504,High,High,0.9092425750905003,0.03250337773727074,0.058254047172228936
30444,39444,High,High,0.9079120270709438,0.033174560695551615,0.05891341223350471
5352,14352,High,High,0.8998329503433542,0.03562833652946989,0.064538713127176
11468,20468,Medium,Medium,0.036637074907273005,0.03743524929608791,0.9259276757966391
36189,45189,Medium,Medium,0.02753428348800756,0.047269497247100854,0.9251962192648916
26430,35430,Medium,Medium,0.03527114626268923,0.03812634346140507,0.9266025102759058
5489,14489,Low,Low,0.030385296940173695,0.9111416328203918,0.0584730702394344
20769,29769,High,High,0.9090569422803073,0.032951381876950354,0.05799167584274235
5091,14091,Low,Low,0.02840401760482848,0.9156231599267749,0.0559728224683966
31711,40711,Low,Low,0.026484416079787253,0.6207662313095313,0.35274935261068135
39203,48203,Low,Low,0.02898008000928284,0.9113895016098779,0.0596304183808394
16977,25977,Medium,Medium,0.037290440652083,0.04062454642331669,0.9220850129246002
37781,46781,High,High,0.9112958581771932,0.031167728750685752,0.05753641307212113
31683,40683,High,High,0.9107290127350001,0.032107135633763016,0.05716385163123693
27123,36123,High,Low,0.03215627863218703,0.9072055292009374,0.060638192166875514
19120,28120,High,High,0.9091282539542714,0.03320230326311326,0.05766944278261519
17825,26825,Low,Low,0.03450446891488646,0.909663979086759,0.05583155199835451
8445,17445,Medium,Medium,0.3699553427165074,0.02905291109234079,0.6009917461911518
24206,33206,High,High,0.9134839908255801,0.030401634173156195,0.05611437500126379
38316,47316,Medium,Medium,0.041377568240270474,0.04242187259119545,0.916200559168534
1762,10762,Low,Low,0.02937059641955764,0.9135403846961366,0.057089018884305676
16147,25147,High,High,0.9066652505039617,0.03376696241760249,0.059567787078435776
34286,43286,High,High,0.9019952421787499,0.03859857210697978,0.059406185714270233
8246,17246,Low,Low,0.02840401760482848,0.9156231599267749,0.0559728224683966
35233,44233,High,High,0.9153438687615503,0.02912212508046846,0.055534006157981396
6931,15931,Medium,Medium,0.041978687579426306,0.04388335885850331,0.9141379535620704
24550,33550,Medium,Medium,0.03973511835112444,0.06877448245968448,0.891490399189191
19636,28636,High,High,0.9064504472137456,0.03482488423415718,0.058724668552097264
15793,24793,Medium,Medium,0.03753179148653995,0.03941355341978355,0.9230546550936766
14453,23453,High,High,0.9088900010771774,0.03288508787702457,0.05822491104579805
32991,41991,High,High,0.8494371340653067,0.09157003469147244,0.058992831243220835
16327,25327,Medium,Medium,0.0416382348951797,0.04092156905783027,0.9174401960469899
28720,37720,Medium,Medium,0.03590852036894148,0.034785298723244616,0.9293061809078139
25724,34724,Medium,Medium,0.18761322163987781,0.03636761073933068,0.7760191676207914
20034,29034,Medium,Medium,0.037995413681344604,0.035882437386814035,0.9261221489318414
4813,13813,Low,Low,0.03215627863218703,0.9072055292009374,0.060638192166875514
12350,21350,Medium,Medium,0.04074379225341912,0.04084494193671911,0.9184112658098617
36580,45580,Low,Low,0.02938778948785663,0.9110873945343791,0.059524815977764246
652,9652,Medium,Medium,0.0783125474073824,0.04766150865764627,0.8740259439349712
20147,29147,Low,Low,0.028417294739558684,0.916249860820094,0.05533284444034733
24934,33934,Medium,Medium,0.03870147247560501,0.04542165849661175,0.9158768690277833
35434,44434,Medium,Medium,0.03788115042134845,0.03207383912633719,0.9300450104523144
32614,41614,Medium,Medium,0.036637074907273005,0.03743524929608791,0.9259276757966391
24458,33458,High,High,0.9107663139521344,0.03174966253115987,0.057484023516705736
24752,33752,Low,Low,0.02676404546458998,0.8783276574897457,0.09490829704566435
27408,36408,Medium,Medium,0.03766408653804656,0.06164727747934646,0.9006886359826071
28141,37141,Low,Low,0.026505879581022795,0.9195007673213259,0.05399335309765119
34724,43724,High,High,0.9084098043811574,0.03270511369423076,0.05888508192461186
18704,27704,Low,Low,0.027557012354760824,0.9164282716908433,0.0560147159543958
26506,35506,Low,Low,0.026614160964931726,0.9034514550050333,0.06993438403003482
24235,33235,High,High,0.9059455444981147,0.034610132154841794,0.059444323347043554
36422,45422,Medium,Medium,0.03458455494520273,0.03948697100980801,0.9259284740449892
4165,13165,Medium,Medium,0.03458455494520273,0.03948697100980801,0.9259284740449892
35884,44884,Medium,Medium,0.07208863612904261,0.07371486907182234,0.854196494799135
21484,30484,High,High,0.8711922326080229,0.04578351295578222,0.0830242544361949
3680,12680,Medium,Medium,0.039584846416732246,0.039615187616223596,0.9207999659670442
36890,45890,Low,Low,0.07087484535972881,0.8540848038673126,0.07504035077295866
20315,29315,Low,Low,0.03499138932092644,0.9017258810131836,0.06328272966588984
6346,15346,Low,Low,0.029133782059748845,0.9128698522320802,0.05799636570817096
5514,14514,High,High,0.874983134590907,0.040154168649800315,0.08486269675929281
26369,35369,Low,Low,0.03549262580626373,0.9016009083884272,0.06290646580530908
7901,16901,Medium,Medium,0.036026840147408416,0.04165739614131638,0.9223157637112752
22571,31571,High,High,0.9073734389571079,0.034284975166476675,0.05834158587641544
21507,30507,High,Low,0.0284481858067904,0.9092576071958481,0.0622942069973614
16888,25888,High,High,0.9124969568487201,0.029856649219598106,0.057646393931681805
4678,13678,Medium,Medium,0.035324487553931756,0.03976221119406481,0.9249133012520034
21078,30078,Low,Low,0.02651623672032255,0.9180265911722354,0.055457172107442
27540,36540,Low,Low,0.030012350431972715,0.912220815364134,0.057766834203893204
11936,20936,Medium,Medium,0.10220965819868381,0.1712102211514571,0.7265801206498592
6784,15784,Medium,Medium,0.03804891053722529,0.061053029002839314,0.9008980604599354
34493,43493,Low,High,0.9117882754125733,0.03135566626889255,0.056856058318534075
22763,31763,Low,Low,0.03340491999985694,0.9033906494485234,0.06320443055161956
26185,35185,High,High,0.9098201695621043,0.03299135089268531,0.05718847954521042
32474,41474,High,High,0.910754539567011,0.032186975995409255,0.05705848443757985
21689,30689,Medium,Medium,0.034414227133848584,0.041602161981964314,0.9239836108841871
7182,16182,Medium,Medium,0.03527114626268923,0.03812634346140507,0.9266025102759058
16727,25727,High,High,0.909233816731434,0.032123951544775035,0.05864223172379104
12160,21160,Medium,Medium,0.0346641561482836,0.31623531009791545,0.649100533753801
16473,25473,Low,Low,0.03268410856335981,0.8943064223646906,0.07300946907194954
30801,39801,Low,Low,0.034409668081885225,0.9028704783242961,0.06271985359381865
16919,25919,Low,Low,0.03324227113498785,0.9039244085053371,0.06283332035967504
5412,14412,Medium,Medium,0.038886252591924804,0.046166305018743775,0.9149474423893315
17890,26890,High,High,0.9059455444981147,0.034610132154841794,0.059444323347043554
4602,13602,Medium,Medium,0.041377568240270474,0.04242187259119545,0.916200559168534
4192,13192,High,High,0.9099458689598774,0.032027959537247234,0.0580261715028754
7485,16485,Low,Low,0.03545380510444011,0.9011002758438429,0.06344591905171698
22087,31087,Low,Low,0.029133782059748845,0.9128698522320802,0.05799636570817096
614,9614,Medium,Medium,0.25076440354012486,0.05304367635245486,0.6961919201074204
36245,45245,High,High,0.913461124040404,0.03068835669201193,0.05585051926758408
22712,31712,Medium,Medium,0.036637074907273005,0.03743524929608791,0.9259276757966391
19960,28960,Medium,Medium,0.03190513275092363,0.030709855654416824,0.9373850115946595
29723,38723,High,High,0.909233816731434,0.032123951544775035,0.05864223172379104
