row_index,PlayerID,true_label,predicted_label,prob_High,prob_Low,prob_Medium
33212,42212,High,Medium,0.037474213560810966,0.03431374237028665,0.9282120440689022
32450,41450,High,Low,0.03500314475194926,0.9311774304407175,0.03381942480733324
25718,34718,High,High,0.9299157894675957,0.03132725425713339,0.03875695627527092
25647,34647,Medium,Medium,0.03473583453051366,0.03390084151898952,0.9313633239504968
6697,15697,Medium,Medium,0.02993476986204464,0.044918576275134355,0.9251466538628209
9578,18578,Low,Low,0.03304651494765972,0.9310499500084087,0.03590353504393151
22418,31418,Low,Low,0.029481005024586827,0.9389316602676345,0.03158733470777855
13852,22852,High,High,0.9392854580330466,0.0286689002285692,0.03204564173838408
35559,44559,Medium,Medium,0.03119984051874976,0.03552910344873721,0.9332710560325129
37904,46904,Low,Low,0.0357520150477234,0.927794844395437,0.03645314055683955
336,9336,Medium,Medium,0.030457492086463336,0.03214306772484116,0.9373994401886955
22261,31261,Medium,Medium,0.031790488332765356,0.03342886684165541,0.9347806448255792
13433,22433,High,Low,0.029069554820507857,0.9389536467053322,0.03197679847415981
6518,15518,Low,Low,0.03827262819943853,0.9200563621827276,0.04167100961783394
33043,42043,Medium,Medium,0.031286604118571426,0.03339092696768708,0.9353224689137415
10916,19916,Medium,Medium,0.03425554816118203,0.03522512431704308,0.9305193275217749
38118,47118,Medium,Medium,0.03701423640676115,0.0395138490488642,0.9234719145443747
14589,23589,Medium,Medium,0.03331081099560561,0.02976554837426044,0.936923640630134
14029,23029,High,High,0.9267229475527546,0.03332227202476191,0.03995478042248334
11815,20815,High,Medium,0.03423758849637556,0.03546903116208786,0.9302933803415366
24102,33102,Medium,Low,0.03119404643304209,0.9286373819563135,0.040168571610644445
37284,46284,Medium,Medium,0.033588566232048374,0.040676896312697185,0.9257345374552545
37439,46439,Low,Low,0.030166664872084623,0.9371753548787972,0.03265798024911826
4840,13840,Medium,Medium,0.0339212860223068,0.033253947287471664,0.9328247666902216
30694,39694,High,High,0.9235644317470478,0.03713675834704651,0.03929880990590557
27993,36993,Medium,Medium,0.03349237778463119,0.03303800704269446,0.9334696151726742
22606,31606,Medium,Medium,0.032079090793765634,0.031329368117483464,0.936591541088751
22737,31737,Medium,Medium,0.03199393612106153,0.03391549636649291,0.9340905675124455
36934,45934,High,High,0.926224313086038,0.03244718354387767,0.04132850337008429
33527,42527,Medium,Medium,0.034843396165101376,0.032796933588914313,0.9323596702459844
21911,30911,Medium,High,0.9182737887146099,0.03613467820524033,0.04559153308014968
3413,12413,Low,Low,0.029746875602012012,0.9395936008141296,0.030659523583858306
31047,40047,Medium,Medium,0.032757635717799834,0.03539366626717758,0.9318486980150226
8262,17262,Medium,Medium,0.03190321764977608,0.030663477988468805,0.9374333043617552
22731,31731,Low,Low,0.048921338169787464,0.6427622744477458,0.30831638738246664
31333,40333,High,High,0.9392864839615939,0.028483059342085847,0.032230456696320305
5141,14141,Medium,Medium,0.030414452801588495,0.02956298083114065,0.9400225663672708
17425,26425,Medium,Medium,0.03981758340832043,0.03609071410696985,0.9240917024847096
32600,41600,Medium,Medium,0.033564400708597404,0.03259173648011244,0.9338438628112901
28493,37493,High,High,0.9323606996233028,0.03037537552138445,0.03726392485531286
5848,14848,Low,Low,0.032237533476909046,0.9326170558111375,0.03514541071195337
36108,45108,Low,Low,0.03673043305689747,0.8349759647364587,0.12829360220664385
35044,44044,Low,Low,0.03176910692342622,0.9346775970348616,0.03355329604171217
38564,47564,High,High,0.9354644349510322,0.03043718637006379,0.03409837867890402
32873,41873,High,Medium,0.03230016269207058,0.030398537027450597,0.9373013002804789
23508,32508,Low,Low,0.032684005569847976,0.9325492507557335,0.03476674367441858
11440,20440,Low,Low,0.03929718398794357,0.9267715935984487,0.03393122241360768
33801,42801,Medium,Medium,0.037650459447402744,0.03414146649406445,0.9282080740585328
194,9194,Medium,Medium,0.03651595524531882,0.033557910956241825,0.9299261337984394
33709,42709,High,High,0.9362580374403913,0.029232376795265497,0.03450958576434315
24753,33753,Medium,Medium,0.032916893862607405,0.03245663547514672,0.9346264706622459
3652,12652,High,High,0.9319013590178381,0.0348938560686154,0.0332047849135465
24245,33245,Medium,High,0.9063081384511739,0.033635426191784674,0.060056435357041436
4900,13900,Medium,Medium,0.030685366926949318,0.030228661882966783,0.939085971190084
39248,48248,Low,Medium,0.03125043798662929,0.030723454492159196,0.9380261075212116
37207,46207,Medium,Medium,0.0338007438874065,0.031177194706787776,0.9350220614058058
4,9004,Medium,Medium,0.03158457525736993,0.03150115563553547,0.9369142691070946
29799,38799,Medium,Medium,0.03386881859496976,0.03373381254116945,0.9323973688638607
13620,22620,High,High,0.9305152988191963,0.030777433932706377,0.038707267248097386
877,9877,Low,Low,0.03351670091527442,0.8662413340570904,0.1002419650276352
22784,31784,Medium,Medium,0.03337332357473468,0.034274384655632616,0.9323522917696327
31713,40713,High,High,0.9309433029337622,0.034719545442152264,0.03433715162408548
5018,14018,Low,Low,0.02816180724941882,0.9409060434363834,0.03093214931419794
39432,48432,High,High,0.9013250971872521,0.03427344734787075,0.06440145546487712
37268,46268,Medium,Medium,0.030794573933369613,0.030871565645852733,0.9383338604207777
24481,33481,Low,Medium,0.036808879407169925,0.030998593495534906,0.9321925270972953
26361,35361,Low,Low,0.030909650102553626,0.9145946418025478,0.054495708094898586
16948,25948,Low,Low,0.03460988567044554,0.9317280579439672,0.03366205638558722
23116,32116,Low,Low,0.03193196553738455,0.9320531768626122,0.03601485760000326
9856,18856,High,Medium,0.2356805194777232,0.0355583450992763,0.7287611354230005
21634,30634,Medium,Medium,0.03170887127066808,0.03045975609955963,0.9378313726297723
27799,36799,Medium,Medium,0.030535382485594245,0.02705084702876469,0.9424137704856411
16445,25445,High,High,0.9370488700828652,0.02998198906327718,0.032969140853857694
31904,40904,Low,Medium,0.029216277509451546,0.09467675408869107,0.8761069684018574
31763,40763,Medium,Medium,0.03394504170357541,0.03699713170378811,0.9290578265926365
6945,15945,Medium,Medium,0.03090046801079734,0.0306948553013241,0.9384046766878785
7350,16350,High,High,0.9365493530382955,0.02901622213244529,0.03443442482925931
6060,15060,Medium,Medium,0.034130570868427516,0.031307727779251775,0.9345617013523208
4186,13186,Medium,Medium,0.03506423548445443,0.049227436552561586,0.915708327962984
4354,13354,Medium,High,0.6690101301784716,0.03542815366151612,0.2955617161600123
14818,23818,Medium,Medium,0.042392066642579836,0.033255635813988715,0.9243522975434315
34621,43621,Medium,Medium,0.03247125931699276,0.03016852604030291,0.9373602146427041
20920,29920,Low,Low,0.038423265653298344,0.925758547402701,0.03581818694400077
21495,30495,Medium,Medium,0.034020165996170526,0.035347244704487774,0.9306325892993416
35775,44775,High,Low,0.032612968930589285,0.9313213507258679,0.03606568034354285
1059,10059,Medium,Medium,0.06100040733529475,0.13097936540773547,0.8080202272569698
14512,23512,High,High,0.9361203677091109,0.031290733878405766,0.03258889841248341
32464,41464,Medium,High,0.9386060040781904,0.029295951316023496,0.032098044605786094
30934,39934,Medium,Medium,0.03284769939252897,0.03226194205063627,0.9348903585568348
4963,13963,Medium,Medium,0.033475889594654036,0.03818967483183472,0.9283344355735114
10603,19603,Medium,Medium,0.03328923944311842,0.031090749960156757,0.9356200105967248
34010,43010,Medium,Medium,0.033481336572561256,0.03550851821653128,0.9310101452109075
20018,29018,Medium,Medium,0.038456799087777334,0.05121336026725338,0.9103298406449692
25753,34753,High,High,0.9295628528431469,0.03355151346373486,0.03688563369311829
27532,36532,High,High,0.9256968334638985,0.0370900027879193,0.03721316374818203
1807,10807,High,High,0.9338327270563188,0.029709443960436666,0.03645782898324454
28432,37432,Medium,Medium,0.035633445719558766,0.033010948996390656,0.9313556052840507
38988,47988,Medium,Medium,0.032639814730298554,0.034979132390296146,0.9323810528794053
15857,24857,High,High,0.9317589412806381,0.031827606818342916,0.03641345190101896
33246,42246,Low,Low,0.034684570246958264,0.6893790356810809,0.27593639407196074
33970,42970,Low,Low,0.03778705337550525,0.8063134308738866,0.1558995157506081
19239,28239,Medium,Medium,0.03592718214920645,0.03339797836921726,0.9306748394815764
5827,14827,Low,Low,0.034516257625726215,0.8563666937943041,0.10911704857996966
23983,32983,Medium,High,0.9381509204669873,0.03026212230338209,0.03158695722963049
17317,26317,Medium,Medium,0.03162562564230742,0.030930282203800143,0.9374440921538923
10748,19748,High,High,0.9312334390441847,0.03386676637281887,0.034899794582996475
9104,18104,Low,Low,0.0504191953952689,0.8996833913499142,0.04989741325481704
28186,37186,Low,High,0.9188260469858595,0.03669851085754733,0.04447544215659303
11073,20073,High,High,0.9378755018757134,0.028783327768977702,0.033341170355308924
9883,18883,Low,Low,0.04587589194867787,0.9084886703025564,0.045635437748765585
14348,23348,Medium,Medium,0.032194984847898823,0.03019981021932308,0.937605204932778
39537,48537,Medium,Medium,0.03197635385786177,0.0317527381877695,0.9362709079543686
28513,37513,Medium,Medium,0.031844156625567485,0.03310857927655026,0.9350472640978822
12690,21690,Medium,Medium,0.03098097706306396,0.05797504136142689,0.9110439815755091
16869,25869,Low,Low,0.03269042846534983,0.9356608926713604,0.03164867886328976
26421,35421,Low,Low,0.030648606298685734,0.93708871510875,0.03226267859256424
7990,16990,Medium,Medium,0.04181128813516988,0.03449191932897214,0.9236967925358579
33393,42393,High,High,0.9246635504618582,0.03478369486938062,0.04055275466876108
10477,19477,Low,Low,0.03257059527826387,0.9294230130188307,0.038006391702905575
7175,16175,Medium,Medium,0.040866078974226935,0.03190627282506902,0.9272276482007041
25567,34567,High,High,0.9106354904684806,0.0406991641247084,0.048665345406810966
21885,30885,Medium,Medium,0.034307696971124985,0.032828870073513046,0.932863432955362
36573,45573,High,Low,0.029696456187294894,0.9349781181456024,0.03532542566710266
13632,22632,Medium,Medium,0.03282147218967975,0.06831113670436183,0.8988673911059584
21111,30111,Medium,Medium,0.03344535192609816,0.032640631724778386,0.9339140163491234
11974,20974,Low,Low,0.03315936972380932,0.918192045669387,0.048648584606803685
11924,20924,Medium,Medium,0.03257223746231253,0.031406786363375176,0.9360209761743121
13363,22363,Medium,Medium,0.030088316967308692,0.041396405814436744,0.9285152772182546
25126,34126,Low,Low,0.043169452815822594,0.8348885802323923,0.12194196695178504
16482,25482,High,High,0.926073077884971,0.03611028305300071,0.037816639062028354
20646,29646,Medium,Medium,0.03764574652998252,0.03320470698764516,0.9291495464823724
9564,18564,Medium,Medium,0.03266040665664336,0.03215392621358174,0.935185667129775
38590,47590,Low,Low,0.03325222545651794,0.9290385462685622,0.03770922827491987
18348,27348,Medium,Medium,0.03694037376946834,0.033548413804267124,0.9295112124262644
19052,28052,High,High,0.9263573736061742,0.033656479892330664,0.039986146501495144
8009,17009,High,High,0.931704798511139,0.03492926716674724,0.03336593432211365
16040,25040,High,High,0.926959711552402,0.030618154194588937,0.04242213425300904
21445,30445,Medium,Medium,0.03857936822375401,0.03695188613496446,0.9244687456412816
1449,10449,Medium,Medium,0.03311578114297092,0.03238911231371829,0.9344951065433108
19740,28740,Medium,Medium,0.037898663348102886,0.03322558425737691,0.9288757523945202
35327,44327,High,High,0.9149876894969946,0.04081103664354549,0.04420127385945985
16108,25108,Medium,Medium,0.036178316135585774,0.040312629275651435,0.9235090545887626
18926,27926,High,Medium,0.03949184787492708,0.034023601698483084,0.9264845504265898
27191,36191,High,High,0.9236351839140265,0.037671301958257,0.03869351412771659
10353,19353,High,High,0.9332041294309935,0.03251392358736191,0.034281946981644405
34015,43015,Medium,Medium,0.03386794707453407,0.03319920782321234,0.9329328451022536
27621,36621,High,High,0.9239971643032141,0.03422959442033976,0.04177324127644614
30660,39660,Low,Low,0.04463023431331966,0.9141349845467848,0.04123478113989556
5923,14923,Medium,Medium,0.03200827287897059,0.031161003926151582,0.9368307231948778
4699,13699,Low,Low,0.03870915338625823,0.8997157817320272,0.06157506488171457
4115,13115,High,High,0.8932819794714278,0.05279876850098284,0.05391925202758937
34833,43833,Medium,Medium,0.040749748835545434,0.07315277624292875,0.8860974749215259
27823,36823,Medium,Medium,0.032522097166626636,0.031064939472686376,0.936412963360687
38428,47428,Medium,Medium,0.030815837010603604,0.03079377423736222,0.9383903887520342
33360,42360,High,Low,0.032781239179607125,0.5002122210231724,0.4670065397972205
2439,11439,Medium,Medium,0.034849564046509414,0.031605049367732015,0.9335453865857586
19205,28205,Medium,Medium,0.04016571545924936,0.07980639290628093,0.8800278916344698
11881,20881,Low,Low,0.04005922413924865,0.919616977900246,0.04032379796050539
16929,25929,High,High,0.9416526762443307,0.02734623765422216,0.031001086101447112
4091,13091,Medium,Medium,0.032519920460341516,0.03262506731813904,0.9348550122215195
33435,42435,Medium,Medium,0.0331027062217229,0.03271705397951593,0.9341802397987612
12507,21507,Medium,Medium,0.03248505947029486,0.03201781545532604,0.9354971250743791
39003,48003,Medium,Medium,0.03201778630172979,0.031177894275773697,0.9368043194224965
296,9296,Medium,Medium,0.031541292245361306,0.030419039430165176,0.9380396683244735
27168,36168,Medium,Medium,0.039756478614360075,0.03235435121323244,0.9278891701724076
11289,20289,Low,Low,0.0390694165600621,0.9079340639673014,0.05299651947263661
11643,20643,Low,Low,0.032459495129724236,0.9367544034884077,0.030786101381868023
6898,15898,Medium,Medium,0.04339606130271706,0.04263328110658806,0.9139706575906948
24346,33346,High,High,0.9315882068448552,0.032665397734511714,0.03574639542063288
4916,13916,High,High,0.935094144300936,0.02876500717023348,0.03614084852883046
21317,30317,Medium,Medium,0.0338041497465506,0.032493826119921666,0.9337020241335278
253,9253,Medium,Medium,0.031675343692009826,0.031819790475532565,0.9365048658324576
4084,13084,High,High,0.9259677917901756,0.030033455817109544,0.043998752392714724
3028,12028,Low,Medium,0.03263495608810643,0.03347445555726676,0.9338905883546268
9624,18624,High,High,0.9251790453912667,0.03447054156320235,0.04035041304553088
26340,35340,High,High,0.9297225246066515,0.03095663420697813,0.0393208411863703
13198,22198,Low,Low,0.03547113787770678,0.9259686189227033,0.03856024319958999
1393,10393,Medium,Medium,0.052845767630898134,0.035116422375033235,0.9120378099940686
34398,43398,Medium,Medium,0.030566892998572546,0.03019304826264389,0.9392400587387836
38242,47242,High,High,0.9213698703226235,0.036467964155460525,0.042162165521915984
36488,45488,Medium,Low,0.03725316430113313,0.9226381163134928,0.04010871938537405
13318,22318,High,High,0.940699764526926,0.02957579746807316,0.029724438005000905
33742,42742,Low,Low,0.032718137713932414,0.9292104394983461,0.038071422787721444
11246,20246,Medium,Medium,0.03316393284892057,0.03427680109173419,0.9325592660593451
31364,40364,Medium,Medium,0.03278070449669539,0.03299663663629969,0.934222658867005
2541,11541,Medium,Medium,0.03177148712708258,0.03166246775207898,0.9365660451208383
23205,32205,Medium,Medium,0.0326956854596935,0.03288249982651014,0.9344218147137964
32051,41051,Medium,Medium,0.036253281463821015,0.029828415695991973,0.9339183028401871
35753,44753,Medium,Medium,0.03233061926868116,0.031361500971421645,0.9363078797598972
25190,34190,High,Medium,0.033647138058543115,0.0304780855569646,0.9358747763844922
22586,31586,Medium,Medium,0.031351012449386484,0.03154304944412987,0.9371059381064836
6125,15125,High,High,0.9265484719037632,0.03172681167907581,0.041724716417160905
9821,18821,Medium,Medium,0.031124259666003757,0.030989297055836997,0.9378864432781593
33700,42700,Medium,Medium,0.028340227710546412,0.028359278474701027,0.9433004938147526
13910,22910,High,High,0.883821746048785,0.05659043038017955,0.05958782357103546
14923,23923,Medium,Medium,0.03455267120810098,0.03296178433308386,0.9324855444588152
34470,43470,Low,Low,0.0367211054781021,0.9275233584291938,0.035755536092704175
8229,17229,Medium,Medium,0.03194375257560586,0.03199389511292386,0.9360623523114703
33523,42523,Low,Low,0.03794379594952899,0.9037965999081782,0.05825960414229276
30071,39071,Medium,Medium,0.03690208804343429,0.03369989874859531,0.9293980132079703
14546,23546,Medium,Medium,0.30959245158263665,0.04187722033408273,0.6485303280832806
39062,48062,High,High,0.7896640991989171,0.050586447475216706,0.15974945332586618
32266,41266,Low,Low,0.03281867471864516,0.9035175792185351,0.06366374606281971
19320,28320,High,High,0.9305412575346969,0.03595927886051476,0.03349946360478851
12796,21796,Medium,Medium,0.033455858247396116,0.036590130826560895,0.929954010926043
24038,33038,High,Medium,0.031326695907903906,0.03149770215025224,0.9371756019418438
9120,18120,Medium,Medium,0.03672005760832635,0.1775472714929167,0.785732670898757
32515,41515,Medium,Medium,0.027675226480220333,0.028997872378340606,0.943326901141439
3851,12851,Medium,Medium,0.029333593260055968,0.030334305046419794,0.9403321016935243
2909,11909,Low,Low,0.032124891280734647,0.9195326694837972,0.048342439235468056
5952,14952,Medium,Medium,0.043479560704850116,0.04442876315653061,0.9120916761386192
5086,14086,High,High,0.938228069790617,0.02748468099467059,0.03428724921471228
35583,44583,High,High,0.9376022127799509,0.028753475021054745,0.0336443121989943
32154,41154,Low,Low,0.038672224019525955,0.9172189305266376,0.044108845453836455
36610,45610,Low,Low,0.04160774189934364,0.8338018465671291,0.1245904115335273
2908,11908,Medium,Medium,0.031403021709653485,0.030305907207881278,0.9382910710824652
177,9177,Medium,Medium,0.032368031543054655,0.03420023150971154,0.9334317369472339
14168,23168,Medium,Medium,0.044208254687125505,0.43885770599116336,0.5169340393217111
20487,29487,High,High,0.9390516405009423,0.02882113378325488,0.032127225715802864
16269,25269,Low,Low,0.03027876510960803,0.937353855388073,0.03236737950231904
26666,35666,Medium,Medium,0.04317863352575881,0.040974751875177746,0.9158466145990634
4548,13548,Low,Medium,0.03195466451417577,0.04833211878860958,0.9197132166972146
11056,20056,Low,Low,0.04838189403053351,0.5081928063052563,0.44342529966421024
1326,10326,Medium,Medium,0.03102928086865155,0.030588175412718507,0.93838254371863
1626,10626,High,Medium,0.03127952191477628,0.030803583676123552,0.9379168944091001
19987,28987,Low,Low,0.030128085105655233,0.9287268144889413,0.0411451004054035
10481,19481,Low,Low,0.032027567267836586,0.9354641591489999,0.032508273583163376
19322,28322,Medium,Medium,0.03323492910490241,0.031259885061133696,0.9355051858339638
7265,16265,Medium,Medium,0.03559616057721401,0.030605314230080578,0.9337985251927053
36022,45022,High,High,0.9324929418103536,0.029674696922124415,0.0378323612675221
24292,33292,Medium,Low,0.03097792797071536,0.9326258023833662,0.03639626964591854
20641,29641,Medium,Medium,0.0334554466449118,0.03199917261948735,0.9345453807356008
32455,41455,Medium,Medium,0.03121904191309932,0.03054980661661655,0.938231151470284
11365,20365,High,High,0.9408670143398687,0.0278923133566104,0.031240672303520806
2559,11559,Medium,Medium,0.033310313275155316,0.03486563622137025,0.9318240505034745
32998,41998,Medium,Medium,0.03251544997028832,0.03131107453810106,0.9361734754916106
3298,12298,Medium,Medium,0.03559599247594508,0.03278754117622245,0.9316164663478325
28860,37860,Low,Low,0.03928740062864189,0.9245883129249325,0.03612428644642552
5883,14883,Medium,Medium,0.03128314883140582,0.03360791747218716,0.9351089336964069
30990,39990,Low,Medium,0.03566615962877514,0.033268059840286635,0.9310657805309382
7845,16845,Medium,Medium,0.03037496520762224,0.029618275279433625,0.9400067595129441
31171,40171,Medium,Medium,0.04042221524419977,0.034231528283052565,0.9253462564727477
9666,18666,Medium,Medium,0.03248988276807985,0.030661988549105873,0.9368481286828144
18958,27958,Low,Low,0.03327469041515351,0.9333834937742161,0.03334181581063033
6529,15529,Medium,Medium,0.03352406417351669,0.0399555855747551,0.9265203502517282
27520,36520,Medium,Medium,0.03638650012470416,0.03155818737928522,0.9320553124960106
31900,40900,Low,Medium,0.03779668607533008,0.03389411196749739,0.9283092019571725
17450,26450,Medium,Medium,0.0510320935515076,0.042428339221451915,0.9065395672270405
22788,31788,High,High,0.9307022365889365,0.032045247262761076,0.03725251614830258
15904,24904,High,High,0.9399112648043878,0.028736076158850765,0.031352659036761425
37197,46197,High,High,0.9224414514217661,0.037877719947095594,0.03968082863113833
7469,16469,Medium,Medium,0.033639674505872824,0.03311109953574462,0.9332492259583826
18844,27844,Low,High,0.9382957545309291,0.02857700043859676,0.03312724503047424
18586,27586,Medium,Medium,0.03264840919240255,0.03171137390628593,0.9356402169013115
12573,21573,Medium,Medium,0.04044561829901201,0.03422393135318042,0.9253304503478076
6575,15575,Low,Low,0.035884599042943784,0.9242715175821098,0.039843883374946404
38096,47096,Medium,Medium,0.03831685569144843,0.12521606837939628,0.8364670759291553
13065,22065,Medium,Medium,0.032555718703734714,0.03262550292581994,0.9348187783704454
6709,15709,Medium,Medium,0.03815356300367647,0.036848445076687615,0.9249979919196359
36301,45301,Medium,Medium,0.03516173130777515,0.0389856830007459,0.9258525856914789
3785,12785,Medium,Medium,0.030229976587300696,0.02928112555768443,0.9404888978550149
999,9999,High,High,0.9298636402201215,0.030761734008259396,0.03937462577161913
24823,33823,Low,Low,0.030914586461902937,0.8823255314669641,0.08675988207113283
10386,19386,Medium,Medium,0.032618923387737316,0.03216557011747268,0.9352155064947901
26160,35160,Medium,Medium,0.035461776239456684,0.09720415148478638,0.867334072275757
17651,26651,Medium,Medium,0.030180938301678284,0.029771856647743237,0.9400472050505785
31555,40555,Medium,Medium,0.039048140592859555,0.03379032321403256,0.9271615361931079
815,9815,High,High,0.9298202694174472,0.032403312512796496,0.03777641806975628
6280,15280,Medium,Medium,0.031172431503372077,0.029709229355607786,0.9391183391410199
761,9761,High,High,0.9232434284149323,0.035281832191842034,0.04147473939322562
39264,48264,Medium,Medium,0.03901954817575717,0.030722733506154648,0.9302577183180882
5594,14594,Low,Low,0.03954191727546805,0.9128179932564816,0.04764008946805034
20266,29266,High,High,0.9314277830308971,0.03317059659270169,0.03540162037640122
5386,14386,Medium,Medium,0.03377286414986199,0.038030251410165646,0.9281968844399725
9404,18404,Medium,High,0.8739945793406263,0.0515141735727195,0.07449124708665432
14011,23011,Medium,Medium,0.03219103517740046,0.030507438106974663,0.9373015267156249
6544,15544,Low,Low,0.03426478305492425,0.9324730749960608,0.03326214194901491
19650,28650,Medium,Medium,0.03331400040782301,0.03349217790919498,0.9331938216829819
2248,11248,Low,Low,0.03127529240759599,0.9251787667426825,0.043545940849721666
24402,33402,Low,Low,0.02798361835458951,0.9409812152593732,0.03103516638603745
16962,25962,Medium,Medium,0.03322477294747377,0.03179477717371144,0.9349804498788149
22708,31708,High,High,0.9245679796330738,0.028656850079268697,0.04677517028765754
14674,23674,Medium,Medium,0.14765172332129736,0.044289286720928224,0.8080589899577744
35842,44842,Medium,Medium,0.032857693485064995,0.03384066830320126,0.9333016382117337
22955,31955,Medium,Medium,0.03219416408499771,0.02987377179797401,0.9379320641170282
7767,16767,Medium,Medium,0.032197469777268235,0.03172805365826171,0.9360744765644701
18013,27013,Low,Low,0.03505918171290051,0.918656870309967,0.04628394797713257
642,9642,High,High,0.9343486183462731,0.032376881655948,0.03327449999777889
27,9027,High,High,0.9378053291348394,0.029192627509920955,0.03300204335523962
21324,30324,Medium,Medium,0.03341221442208513,0.03126241317101485,0.9353253724069001
38559,47559,Medium,Medium,0.03352948066866828,0.030531404766472175,0.9359391145648596
3593,12593,Low,Low,0.03187625733601274,0.9346104769763554,0.0335132656876319
10643,19643,Low,Low,0.030567088240944246,0.9343908663579925,0.0350420454010632
14355,23355,Low,Low,0.0354875772101105,0.719694684395722,0.2448177383941674
28582,37582,Medium,Medium,0.04153406864630419,0.035969035559113384,0.9224968957945824
35318,44318,Medium,Medium,0.030786724650037716,0.031148781176026624,0.9380644941739357
17922,26922,Medium,Medium,0.032468216461815365,0.03097118365688033,0.9365605998813044
14785,23785,Medium,Medium,0.03203551021171474,0.030701480192546173,0.9372630095957392
32736,41736,Low,Medium,0.03333889096296904,0.27713809749419444,0.6895230115428367
6641,15641,High,High,0.5192493962700303,0.05029699246748176,0.430453611262488
16242,25242,Medium,Low,0.031236577946216166,0.8442918516392245,0.12447157041455952
22065,31065,Low,Low,0.029310991570025244,0.9367866159106439,0.03390239251933085
38783,47783,Medium,Medium,0.03448575963664815,0.04506688220451773,0.920447358158834
25889,34889,Medium,High,0.9339827796285176,0.030016868736990762,0.036000351634491695
17726,26726,Medium,Medium,0.03497704061799783,0.03241762098066955,0.9326053384013325
11068,20068,Medium,Medium,0.049471692327932276,0.039782456217557875,0.9107458514545099
34547,43547,High,High,0.9176010196958678,0.035296542577861405,0.04710243772627092
9736,18736,Medium,Medium,0.03132035177363326,0.0315443138456992,0.9371353343806675
34960,43960,Medium,Medium,0.03136919084457324,0.03196349343964813,0.9366673157157787
37933,46933,Low,Medium,0.03559845127871518,0.03159029364653676,0.932811255074748
31618,40618,High,High,0.9393436022244397,0.028496538898754004,0.03215985887680627
14908,23908,Medium,Medium,0.03352936449852439,0.03625427356236417,0.9302163619391114
16766,25766,Medium,Medium,0.049703861890334544,0.03676446984571893,0.9135316682639466
12974,21974,Medium,Medium,0.03265469016624883,0.03135533036262223,0.9359899794711289
26665,35665,Low,Low,0.03605870058958807,0.9254306318313473,0.038510667579064635
20462,29462,Low,Low,0.03185299672205797,0.9314489651159841,0.03669803816195796
29040,38040,Medium,Medium,0.036297772722194796,0.03706253435239703,0.926639692925408
28316,37316,High,High,0.8678910196638011,0.04380946302491303,0.08829951731128571
38554,47554,Medium,Medium,0.03361204520479177,0.032185330530054325,0.9342026242651539
13083,22083,High,High,0.9337555733307412,0.032391831782745,0.0338525948865138
20655,29655,Low,Low,0.03844302079702334,0.922565756617797,0.03899122258517964
34299,43299,Medium,Medium,0.0328135142168399,0.03152190553718432,0.9356645802459758
14555,23555,Medium,Medium,0.0323999207511931,0.03190838997367656,0.9356916892751302
15955,24955,Low,Low,0.03783054659663846,0.7412751263379054,0.22089432706545617
19758,28758,High,High,0.9402560694929213,0.028704502892930316,0.031039427614148466
390,9390,Low,Low,0.031374805019367846,0.9311554956162212,0.037469699364410906
3938,12938,Medium,Medium,0.050720133835003726,0.041222269071276955,0.9080575970937194
30918,39918,Low,Low,0.032444434263503776,0.9335957919610257,0.0339597737754706
25965,34965,High,High,0.9360109127688098,0.02974885587270047,0.0342402313584898
22987,31987,Medium,Medium,0.03984340077565654,0.03568508498084114,0.9244715142435024
7691,16691,Medium,Medium,0.03154748257653755,0.0299035847394158,0.9385489326840467
27425,36425,Low,Low,0.032835500469239796,0.9315360721223892,0.0356284274083709
39257,48257,Low,Low,0.0388686436972128,0.9168623354517756,0.044269020851011566
14935,23935,High,High,0.933084662450383,0.033353554816087,0.03356178273353002
31371,40371,Medium,Medium,0.03153643759972425,0.03125159341947253,0.9372119689808033
34359,43359,Medium,Medium,0.03225596355573388,0.03267426741071957,0.9350697690335465
30873,39873,High,High,0.9333550810288916,0.031480896501147625,0.03516402246996081
17454,26454,Medium,Medium,0.030867631821155015,0.03049274377436226,0.9386396244044827
12330,21330,Medium,Medium,0.03317205731763246,0.08698061962674124,0.8798473230556262
37413,46413,High,High,0.9193777917293415,0.03952356291411647,0.041098645356542084
26992,35992,High,High,0.9357805838911072,0.029044163465279455,0.03517525264361343
19983,28983,Medium,Medium,0.03532280566298268,0.03240935648491331,0.932267837852104
35973,44973,Low,Low,0.028878607356281727,0.9285387346128381,0.04258265803088024
13533,22533,Medium,Medium,0.03345204410777379,0.030222929271135984,0.9363250266210902
29936,38936,Medium,Low,0.029812569225447515,0.9254453472335852,0.04474208354096738
22264,31264,Medium,Medium,0.03236513273066663,0.03179034261586564,0.9358445246534677
2944,11944,Low,Medium,0.03161504470569132,0.03144634219872582,0.9369386130955828
66,9066,Medium,Medium,0.02754208365207056,0.04563610793105772,0.9268218084168717
30070,39070,Low,Low,0.029664915568253663,0.9395695194025332,0.03076556502921314
5246,14246,Low,Low,0.03961005470017296,0.9274457400438058,0.032944205256021354
31426,40426,Low,Low,0.029321330132031222,0.9292247132047126,0.04145395666325633
24603,33603,Medium,High,0.9096357299717056,0.039055232294531284,0.05130903773376305
14594,23594,Medium,Medium,0.031121462681706857,0.029594127007960047,0.939284410310333
20446,29446,Medium,Medium,0.03934129727092452,0.032784215554505065,0.9278744871745704
5315,14315,High,Low,0.0290325846229041,0.9321196684156897,0.03884774696140616
3715,12715,Low,Low,0.028308206686411003,0.9417967558190014,0.02989503749458748
9815,18815,Medium,Medium,0.03193129473776395,0.034631786352834794,0.9334369189094013
36381,45381,High,Medium,0.035797377903970716,0.0337158417581332,0.9304867803378961
33799,42799,Low,Low,0.031829513852864456,0.9355764497364977,0.032594036410637774
5761,14761,Low,Medium,0.036380924029274904,0.4669195224530643,0.4966995535176608
4003,13003,Medium,Medium,0.03180305754182763,0.03361843276764679,0.9345785096905258
8399,17399,Medium,Medium,0.03114771683591422,0.029366112239728164,0.9394861709243577
7966,16966,Medium,Medium,0.03423393102647418,0.031201952642880944,0.934564116330645
29961,38961,Low,Medium,0.032525454486618775,0.03231175593457961,0.9351627895788015
295,9295,High,High,0.9307256720010454,0.028022091264313057,0.04125223673464148
24857,33857,Medium,Medium,0.04532563996310938,0.03886236721079717,0.9158119928260934
33266,42266,High,High,0.8869260013059416,0.055656224942857026,0.05741777375120139
164,9164,Low,Low,0.03789321728814049,0.9281070215327739,0.033999761179085604
20780,29780,Medium,Medium,0.03501196488465608,0.034454976892652305,0.9305330582226916
9378,18378,Low,Low,0.038487568853704114,0.9284153520311328,0.0330970791151631
29753,38753,Medium,Medium,0.053188232172120285,0.07180671427300991,0.8750050535548698
11047,20047,Medium,Medium,0.03345618514024386,0.0322252476841696,0.9343185671755866
38298,47298,Low,Low,0.028381440295485474,0.8924906066719912,0.07912795303252339
12914,21914,High,High,0.9260654168064112,0.03340777567762199,0.04052680751596674
25564,34564,High,High,0.9053102315442837,0.03397480354697056,0.06071496490874592
10941,19941,Low,Medium,0.04157649988605772,0.03588612206535532,0.9225373780485869
32603,41603,Low,Low,0.028908486254205886,0.9400518827582602,0.031039630987533973
28645,37645,Medium,Medium,0.033923323536411996,0.03303613955671476,0.9330405369068733
13347,22347,Low,Low,0.029737975008452155,0.9360656054438716,0.034196419547676216
597,9597,High,High,0.9299707018646823,0.034392376038142804,0.035636922097174846
3726,12726,Low,Low,0.03830482612131496,0.9253676690764013,0.0363275048022837
4206,13206,Low,Low,0.03529583440463375,0.9300328054121114,0.03467136018325485
21349,30349,High,High,0.9359576644640105,0.029514260458988893,0.03452807507700057
21257,30257,Medium,Medium,0.03296710895550343,0.03303237205392522,0.9340005189905712
40026,49026,High,High,0.9350060090811864,0.0301000710394909,0.03489391987932284
20388,29388,Medium,Medium,0.034980656544566925,0.03183784164777304,0.93318150180766
3786,12786,High,High,0.9354615136713141,0.029987044817802733,0.03455144151088308
39612,48612,High,High,0.9382408005929009,0.02876067290421075,0.03299852650288832
4909,13909,Medium,Medium,0.050355491221276506,0.04520409924524977,0.9044404095334736
12054,21054,High,High,0.916358981724242,0.050980813978383055,0.03266020429737497
4005,13005,Low,Low,0.028610089517170045,0.9329268752443619,0.03846303523846792
27225,36225,Low,Low,0.03255623662368223,0.9342653918572251,0.033178371519092566
38718,47718,High,High,0.9298348973926821,0.03371965056557166,0.03644545204174618
16493,25493,Low,Low,0.04739085270466863,0.8906388542609345,0.061970293034396835
35512,44512,High,High,0.936116402395601,0.03132717263502786,0.03255642496937119
38937,47937,Medium,Medium,0.0311237960905128,0.030508042358259935,0.9383681615512273
34812,43812,Low,Low,0.03940316564099649,0.9214283144866715,0.039168519872332073
37884,46884,Low,Low,0.04195368874946459,0.9204259178262792,0.03762039342425604
14231,23231,Low,Low,0.035274088948952266,0.9306837422753396,0.03404216877570815
3088,12088,Low,Low,0.03131396978239867,0.9334276895784752,0.035258340639126175
34293,43293,Medium,Medium,0.031391182193492496,0.03039502107651919,0.9382137967299884
17847,26847,Medium,Medium,0.03288222413502267,0.032095522618612364,0.9350222532463649
22108,31108,Low,Low,0.029201653239984898,0.9103075666234467,0.06049078013656837
37162,46162,High,High,0.9334458295886936,0.0297755184717599,0.03677865193954643
31653,40653,Low,Low,0.029463965030278944,0.9374719325203499,0.033064102449371184
2691,11691,High,High,0.9317057667700329,0.031123945305803008,0.03717028792416396
32149,41149,Medium,Medium,0.0317224186258118,0.030286426788394067,0.9379911545857942
32237,41237,Medium,Medium,0.037239751985952314,0.032494393085647964,0.9302658549283996
25698,34698,Medium,Medium,0.031104766923163107,0.03063023366689943,0.9382649994099374
11333,20333,Medium,Medium,0.033496818096206075,0.1900086459114926,0.7764945359923013
22775,31775,Medium,Medium,0.033532826427579564,0.03164047967749765,0.9348266938949227
1706,10706,Low,Low,0.034236572502074826,0.9326929874049004,0.033070440093024844
25325,34325,High,High,0.900652282860427,0.04203117595217443,0.05731654118739863
319,9319,Low,Low,0.03992142994621319,0.922290193407921,0.03778837664586588
36249,45249,Medium,Medium,0.03365488859090151,0.033153156847882885,0.9331919545612157
23616,32616,Medium,Medium,0.02703521686759272,0.02735099455317246,0.945613788579235
38926,47926,High,Medium,0.12648216280647429,0.07702452892185235,0.7964933082716734
16676,25676,Low,Low,0.028787480597084702,0.9388765051769222,0.032336014225993026
39349,48349,Low,Low,0.030484867468162712,0.9367588632334566,0.03275626929838068
1338,10338,Medium,Medium,0.03558486985305914,0.06815505687782808,0.8962600732691127
5082,14082,Low,Low,0.048077128046362654,0.9139889832752729,0.03793388867836462
515,9515,Medium,Medium,0.03341371150455872,0.036442119390153176,0.9301441691052882
29557,38557,Medium,Medium,0.03244254778233086,0.0318081193106443,0.9357493329070249
7334,16334,Medium,Medium,0.03578921165092242,0.03232998822403873,0.9318808001250387
28654,37654,Medium,Medium,0.03209032486716682,0.032119308787985135,0.935790366344848
12667,21667,Medium,Medium,0.032343627229159205,0.030908058539394684,0.9367483142314462
6749,15749,Low,Low,0.03201934831307659,0.9310821961966728,0.036898455490250594
9504,18504,Low,Low,0.028950068007942874,0.939790282050241,0.03125964994181613
6344,15344,Medium,Medium,0.035466529413229864,0.03413806104327952,0.9303954095434906
27546,36546,Medium,Medium,0.034108277755283044,0.03102827447247795,0.9348634477722392
39146,48146,Medium,Medium,0.03340122297749526,0.031103716216987858,0.9354950608055169
27714,36714,High,High,0.9372123511279516,0.029789777946681566,0.03299787092536683
39212,48212,Low,Low,0.029023636020056354,0.9398301148167371,0.031146249163206557
15656,24656,Medium,Medium,0.03118009627300622,0.0305310466413463,0.9382888570856475
13520,22520,Low,Low,0.036630553015527804,0.9236701184751569,0.039699328509315256
24938,33938,Low,Medium,0.03176631256813787,0.030263585503548077,0.9379701019283141
16492,25492,Low,Low,0.037397950706298776,0.6994366986207773,0.26316535067292385
21422,30422,High,High,0.9316604525556521,0.029676403642215497,0.03866314380213235
12841,21841,Medium,Medium,0.034347998950082365,0.03192655257418881,0.9337254484757288
33358,42358,Medium,Medium,0.03245154588898389,0.03310362483289813,0.9344448292781181
33550,42550,High,High,0.9273225657795875,0.03431511760747384,0.0383623166129386
2699,11699,Medium,Medium,0.0334237281868645,0.03254303914583615,0.9340332326672992
14287,23287,High,High,0.9410908127782122,0.028182386353154214,0.03072680086863362
29334,38334,High,High,0.93259652087761,0.03394824456727288,0.03345523455511713
35623,44623,Medium,Medium,0.03213061423898245,0.03119791454870013,0.9366714712123173
6968,15968,Low,Low,0.03200698611877604,0.9199406707378383,0.04805234314338561
28522,37522,High,High,0.9237527947241712,0.04340593371438286,0.032841271561445985
20419,29419,Medium,Medium,0.031184811649728094,0.029691188695711485,0.9391239996545604
8581,17581,Medium,Medium,0.032965883134576,0.03174929819353315,0.9352848186718908
33803,42803,High,High,0.8620945029227616,0.047080134824991994,0.09082536225224641
34872,43872,High,High,0.9373891921659184,0.029574816386296932,0.03303599144778457
21020,30020,Medium,Medium,0.032892759717160186,0.03155808731023375,0.9355491529726061
9752,18752,High,High,0.929371577465651,0.031847880158218725,0.03878054237613035
21011,30011,Medium,Medium,0.03551937136150473,0.061406322500973665,0.9030743061375216
16010,25010,Low,Low,0.032493965926130235,0.9287071556421154,0.03879887843175432
35836,44836,Medium,Medium,0.035763756071822965,0.08156171860542082,0.8826745253227563
30744,39744,High,High,0.9384256275136403,0.0296065652525615,0.03196780723379817
14621,23621,High,High,0.9326253558632631,0.03124088664515694,0.03613375749157999
38966,47966,Low,Low,0.03118001789335807,0.9344646208727467,0.03435536123389516
30567,39567,High,High,0.9395386329635901,0.028163113837040413,0.03229825319936965
30118,39118,Low,Low,0.02983820695768821,0.9396202167302911,0.03054157631202073
30432,39432,High,High,0.9243224820370358,0.03159339196150768,0.04408412600145648
20475,29475,High,High,0.9340932218396231,0.034768362350727305,0.03113841580964956
28243,37243,Medium,Medium,0.19389419979139122,0.03786918301896262,0.7682366171896463
38653,47653,Medium,Medium,0.03184451491460292,0.031898077971694035,0.9362574071137031
24446,33446,Medium,Medium,0.032694216502982244,0.03171259792274473,0.9355931855742728
19241,28241,Medium,High,0.9230345381021096,0.03358142080754439,0.043384041090346055
14712,23712,Medium,Medium,0.035405110946402994,0.032440149744941464,0.9321547393086554
34998,43998,Medium,Medium,0.031698481449419176,0.03072180666690773,0.9375797118836732
22576,31576,Low,Low,0.03058151899016397,0.9336735294694516,0.035744951540384366
4481,13481,Low,Medium,0.035384587445126826,0.03228729951351497,0.9323281130413582
12673,21673,Medium,Medium,0.035604177864040645,0.03120966390692453,0.9331861582290348
906,9906,Medium,Medium,0.0332922977029062,0.030545303024912027,0.9361623992721818
26257,35257,Medium,Medium,0.03175544958611624,0.030458698869052,0.9377858515448318
11505,20505,Low,Medium,0.03166299304054254,0.030595082975059616,0.9377419239843978
34799,43799,Medium,Low,0.03256356611151759,0.9214086339363274,0.04602779995215495
8108,17108,Medium,Medium,0.03242005520134019,0.031865846763732504,0.9357140980349273
11175,20175,High,High,0.9373234680374481,0.03170088781501263,0.030975644147539203
32326,41326,High,High,0.939366451339589,0.02733837478402974,0.03329517387638122
23342,32342,Medium,Medium,0.03945882933135351,0.042966277335855174,0.9175748933327913
6470,15470,High,High,0.935715232240955,0.0320587600309471,0.03222600772809797
7365,16365,Low,Low,0.03182829726701096,0.9342792933104526,0.033892409422536324
19337,28337,Low,Low,0.028502684328449813,0.942144541950834,0.029352773720716235
8544,17544,Low,Low,0.0296607487822752,0.9384873442664285,0.0318519069512963
14332,23332,Medium,Medium,0.03084055730198253,0.03371145276051162,0.9354479899375058
4078,13078,Medium,Medium,0.05186748878961478,0.03512630234493078,0.9130062088654544
11152,20152,Low,Low,0.03211406436801063,0.9074158793868756,0.06047005624511373
8109,17109,Medium,Medium,0.033489728012008925,0.03136982492671205,0.9351404470612791
10781,19781,High,High,0.9290583850663919,0.02910137125827564,0.041840243675332435
37976,46976,Low,Medium,0.03611474158031985,0.03421389055904461,0.9296713678606355
10516,19516,Medium,Medium,0.03932454297514774,0.09388524649986991,0.8667902105249823
14033,23033,High,High,0.9200584331553313,0.033665497937675586,0.04627606890699305
30717,39717,Medium,Medium,0.03199441054131379,0.03195577619697878,0.9360498132617074
34495,43495,Medium,Medium,0.03640794782049469,0.0321186508762085,0.9314734013032968
33285,42285,High,High,0.9365163937539047,0.030397613416988906,0.03308599282910637
7822,16822,Medium,Medium,0.03337352197726859,0.050848291696340225,0.9157781863263912
7007,16007,Low,Low,0.031213559272882805,0.9368198477180739,0.03196659300904327
34238,43238,Medium,Medium,0.03171895050600274,0.03229593598482833,0.9359851135091689
21059,30059,Low,Low,0.03458866924288982,0.9174876541554194,0.0479236766016907
16698,25698,Medium,Medium,0.03222416223224924,0.030498301038562905,0.9372775367291878
29381,38381,High,Medium,0.42973659864525576,0.056646892283408,0.5136165090713362
21375,30375,High,High,0.9298187694869081,0.03625571046386509,0.03392552004922674
32076,41076,Medium,Medium,0.032013268689562314,0.03188830869806858,0.9360984226123691
21877,30877,Low,Low,0.03152446607710691,0.9332828539300649,0.03519267999282832
8767,17767,Low,Low,0.031042301875409534,0.9192922102777924,0.04966548784679803
31244,40244,Low,Low,0.028633290522577126,0.9382217108519454,0.03314499862547754
9675,18675,Low,Low,0.03208577961526291,0.7455075231849687,0.22240669719976833
37945,46945,High,High,0.9375179475434346,0.029231207251781036,0.033250845204784295
12456,21456,Medium,Medium,0.031439683252361954,0.06784104279308865,0.9007192739545493
20857,29857,Low,Low,0.033018915130338354,0.9343694757442563,0.032611609125405235
21171,30171,Medium,Medium,0.038630560227107515,0.3389604212324035,0.6224090185404889
39735,48735,Medium,Medium,0.03272454324488721,0.030803797197710436,0.9364716595574024
18666,27666,Low,Low,0.03626212479042854,0.9288996519586443,0.03483822325092708
5552,14552,Medium,Medium,0.03204751673618308,0.03264049264262838,0.9353119906211886
33909,42909,Medium,Medium,0.03481340511289324,0.03335059180511144,0.9318360030819952
3292,12292,High,Low,0.038992115131659864,0.9279256201319196,0.03308226473642067
20168,29168,Medium,Medium,0.03456962701564329,0.031206936290519637,0.934223436693837
15003,24003,Medium,Medium,0.0319984515211236,0.031581063209560147,0.9364204852693162
32203,41203,Medium,Medium,0.0336159151046602,0.032137425498302834,0.9342466593970369
332,9332,Medium,Medium,0.03101909506270112,0.029791060865102584,0.9391898440721963
3656,12656,Low,Low,0.03632741678340121,0.9302183749075565,0.033454208309042256
12964,21964,Medium,Medium,0.03357558042309527,0.03597385660017028,0.9304505629767345
4924,13924,Medium,Medium,0.03283659788513084,0.03608155152879424,0.9310818505860748
32315,41315,Medium,Medium,0.04391546896700171,0.042605108715260555,0.9134794223177377
32304,41304,Medium,Medium,0.03666765613922426,0.03363725143453897,0.9296950924262367
17706,26706,Medium,Medium,0.03961726693222644,0.03377373719254069,0.9266089958752328
10853,19853,Low,Low,0.037010153752411006,0.9242632562539047,0.038726589993684245
25358,34358,Low,Low,0.05360933299108922,0.9048167745193552,0.04157389248955553
4773,13773,Low,Low,0.03136852606426294,0.93330890831477,0.035322565620966966
29847,38847,Medium,Medium,0.035488907245917425,0.03290918461084294,0.9316019081432397
967,9967,High,Medium,0.030491793846313592,0.03125445431874902,0.9382537518349374
19599,28599,Low,Low,0.03653220196650663,0.9203918327017192,0.04307596533177424
8664,17664,Low,Low,0.034042706759793186,0.9227434667990475,0.04321382644115934
9140,18140,High,High,0.9318015723534877,0.0346351240398673,0.03356330360664511
113,9113,Low,Low,0.030658278285609464,0.8050034167144888,0.1643383049999018
274,9274,Medium,Medium,0.032656546525438694,0.034152679032199366,0.9331907744423619
28640,37640,Medium,Medium,0.031224461911687453,0.03111592319949925,0.9376596148888133
30074,39074,Low,Low,0.030310045980903436,0.9357114966095924,0.03397845740950419
2576,11576,Medium,Medium,0.03189977204368255,0.03240141066189899,0.9356988172944184
27990,36990,Low,Low,0.031044006828610703,0.9323071180029858,0.036648875168403594
29838,38838,Low,Low,0.03003572245400801,0.9299290551054321,0.0400352224405598
38475,47475,Medium,Medium,0.040623892467911905,0.11248904017577209,0.8468870673563159
24895,33895,Medium,Medium,0.03375656110057592,0.034803396634181756,0.9314400422652422
4247,13247,Medium,Medium,0.03440082033099178,0.03382922789767751,0.9317699517713307
25104,34104,High,High,0.932127886941878,0.03015544978004871,0.03771666327807333
26042,35042,Medium,Medium,0.03214911079778771,0.03313437037243494,0.9347165188297774
6618,15618,Medium,Medium,0.03074120712096165,0.03056583284484186,0.9386929600341966
36838,45838,Medium,Medium,0.03337888396617946,0.0395072717914087,0.9271138442424119
35857,44857,Medium,Medium,0.03557321312164297,0.032310969159900414,0.9321158177184566
21608,30608,Medium,Medium,0.034454608786924405,0.031612598255119695,0.9339327929579561
30145,39145,Medium,Medium,0.030884796869879133,0.03059141315026821,0.9385237899798526
10470,19470,High,High,0.9281892985197602,0.03317695599290085,0.038633745487338875
37822,46822,High,High,0.9321200485757011,0.031061948571890898,0.036818002852408
11962,20962,Medium,Medium,0.03150242675629907,0.030634902974264317,0.9378626702694367
19382,28382,Medium,Medium,0.03178654855783957,0.03035543900601431,0.9378580124361461
1518,10518,High,High,0.9237432828361594,0.037379192897222954,0.03887752426661773
8879,17879,Low,Low,0.03297038413171974,0.9320485157880842,0.03498110008019617
19070,28070,Medium,Medium,0.03838147011737756,0.03364809926816937,0.9279704306144531
18126,27126,Medium,Medium,0.030388488543155085,0.030659778814629782,0.9389517326422151
17183,26183,Medium,Medium,0.0440144198674183,0.03560937144752829,0.9203762086850534
22119,31119,High,High,0.93856691000571,0.030217213942620086,0.031215876051670005
35496,44496,Medium,Medium,0.03765937738118514,0.032003566718383655,0.9303370559004313
18648,27648,Medium,Medium,0.038287253347521026,0.03048074573276983,0.9312320009197091
22574,31574,High,High,0.9413518087561449,0.02792376963568555,0.030724421608169492
36073,45073,Medium,Medium,0.03420712379238252,0.031075275172970207,0.9347176010346474
30093,39093,Low,Low,0.02934152017957939,0.9400194878893317,0.030638991931088922
28103,37103,Medium,Medium,0.032227381585106143,0.03079069127616892,0.9369819271387249
9207,18207,Low,Low,0.03474954717638699,0.9300237068949134,0.035226745928699656
4966,13966,High,High,0.9396213054256796,0.028623161506052413,0.03175553306826793
33644,42644,Medium,Medium,0.03294628390684618,0.13536219604424038,0.8316915200489134
29669,38669,High,High,0.9170095067001176,0.04534218421576683,0.037648309084115615
14018,23018,High,High,0.9229977088499876,0.03266753214990297,0.044334759000109414
26180,35180,Medium,Medium,0.04195836172441836,0.03483766188161045,0.9232039763939711
25675,34675,Medium,Medium,0.03219889416545824,0.035070447104762766,0.932730658729779
4587,13587,Medium,Medium,0.0345744571648574,0.03142719496136689,0.9339983478737758
8801,17801,Medium,Medium,0.031150186416830716,0.03130740900030934,0.9375424045828599
37178,46178,Low,Low,0.028952526704143444,0.9388717271031378,0.03217574619271869
39436,48436,Medium,Medium,0.03254138631593668,0.03141375440122501,0.9360448592828384
3295,12295,High,High,0.820827056954745,0.06681609840266213,0.11235684464259287
4713,13713,High,High,0.9336390260313433,0.030200577037473423,0.0361603969311833
8841,17841,Low,Low,0.04100563921501347,0.9204726177374819,0.038521743047504574
37548,46548,High,High,0.9172923761988677,0.03574864119715141,0.04695898260398098
9212,18212,Medium,Medium,0.03344543378492951,0.03286691625249914,0.9336876499625713
6551,15551,Low,Low,0.030545217764847133,0.9368991986308476,0.03255558360430532
8026,17026,Low,Low,0.028364774328819,0.9406284574276075,0.031006768243573624
2046,11046,Medium,Medium,0.030553202422399284,0.036350191005330205,0.9330966065722704
5320,14320,High,High,0.926022277448443,0.03268151632416807,0.04129620622738887
17356,26356,High,High,0.9361708807337498,0.030326024923612523,0.0335030943426378
344,9344,Medium,Medium,0.03412089249579651,0.03180608353328817,0.9340730239709153
4746,13746,High,High,0.9072331992432524,0.049365946081584816,0.04340085467516271
26822,35822,Medium,Medium,0.030858395073816308,0.030419549839932124,0.9387220550862517
8267,17267,Medium,Medium,0.03312138179630099,0.031428352416807394,0.9354502657868916
24766,33766,Medium,Medium,0.03208779202707543,0.03191987299764596,0.9359923349752787
26089,35089,Medium,Medium,0.031122068143226406,0.028845710215112886,0.9400322216416607
36960,45960,Medium,Medium,0.03323939832328258,0.03008528650275197,0.9366753151739654
14471,23471,Low,Low,0.03481963108265302,0.9314331425624762,0.033747226354870666
9220,18220,High,High,0.9363356310775678,0.028997950157269844,0.03466641876516225
23863,32863,Medium,Medium,0.03382528906791213,0.032369280685112946,0.9338054302469748
647,9647,Medium,High,0.9310928986907757,0.03191845839950936,0.03698864290971482
30764,39764,Medium,Medium,0.03807114374488849,0.03168324361148841,0.9302456126436232
20533,29533,High,High,0.9286815837168128,0.036328836475752684,0.03498957980743455
23079,32079,High,Medium,0.031283984414293614,0.03585497804065645,0.93286103754505
7472,16472,Low,Low,0.047263895293246684,0.8973275534937266,0.055408551213026735
28248,37248,Low,Low,0.02893581041338349,0.9337618957721103,0.03730229381450618
13212,22212,High,High,0.9316431062237568,0.03143354010610007,0.036923353670143204
4043,13043,Medium,Medium,0.05600364736224018,0.03485459254050138,0.9091417600972584
39582,48582,Medium,Medium,0.028438501261283916,0.026903081648411247,0.944658417090305
1502,10502,Medium,Medium,0.03356430484286726,0.046828268778499986,0.9196074263786328
14329,23329,Low,Medium,0.03248985781210367,0.03215187515560348,0.9353582670322927
1993,10993,High,High,0.9382475425655238,0.029389272872403616,0.03236318456207255
18535,27535,High,High,0.9352210339573768,0.02992361557383079,0.034855350468792595
1389,10389,Medium,Medium,0.03234207404739616,0.03020827079788743,0.9374496551547162
19627,28627,Low,Low,0.030430041980031252,0.9338737465817591,0.03569621143820964
36667,45667,High,High,0.9322989024110099,0.03188802389186304,0.03581307369712697
22858,31858,Low,Low,0.03348387832319328,0.9273141009384483,0.03920202073835841
32564,41564,Medium,Medium,0.03264882897001697,0.031507609128137194,0.9358435619018458
33780,42780,Medium,Medium,0.03374878288897793,0.031097781897463494,0.9351534352135586
33097,42097,High,High,0.932581772264323,0.031020041550256425,0.03639818618542053
8185,17185,Low,Low,0.03384852435989503,0.9202373227496725,0.045914152890432436
3830,12830,Low,Low,0.03526130411539322,0.9330058092245611,0.03173288666004565
6711,15711,Medium,Medium,0.030716082630290062,0.030606555861960233,0.9386773615077497
26881,35881,Medium,Medium,0.027184785967076505,0.027055211479733193,0.9457600025531904
37234,46234,Medium,Medium,0.04040238666254196,0.03345674965485133,0.9261408636826068
30511,39511,Low,Low,0.03037967992840587,0.9337222593920987,0.035898060679495504
30861,39861,Medium,Medium,0.04747005166800822,0.03282857982104394,0.9197013685109479
23740,32740,High,High,0.9318390398719245,0.030692422752228932,0.03746853737584661
25093,34093,Low,Low,0.029890014450807578,0.9361190642739662,0.03399092127522621
21555,30555,Medium,Medium,0.036155357347350814,0.03182913536946641,0.9320155072831828
14299,23299,Low,Low,0.03754221234409041,0.8341071020221446,0.12835068563376487
39927,48927,Medium,Medium,0.030767126202700463,0.030346875632762806,0.9388859981645368
23154,32154,Low,Low,0.03452075950830844,0.9242315653302254,0.041247675161466095
8535,17535,High,High,0.9123359942413258,0.040337304603742595,0.04732670115493149
2680,11680,Medium,Medium,0.042829173628802376,0.040697510137530965,0.9164733162336667
6608,15608,Medium,Medium,0.02721763290282432,0.03069492502404468,0.942087442073131
10078,19078,Low,Low,0.03486986566702617,0.9306124919738582,0.034517642359115634
6046,15046,Medium,Medium,0.036729158972876784,0.03209477380400938,0.931176067223114
30780,39780,Low,Medium,0.033845572035456246,0.032964110934250924,0.9331903170302928
32892,41892,High,High,0.9334332785579885,0.03316588722363311,0.033400834218378486
14833,23833,Medium,Medium,0.028229189890947724,0.027653419467000135,0.9441173906420522
13989,22989,Low,Low,0.08157544901843439,0.8706280619064996,0.04779648907506597
28735,37735,High,High,0.9384986490591372,0.030712029467274398,0.030789321473588482
13209,22209,High,High,0.9268083596278447,0.039126757979151806,0.03406488239300356
13186,22186,Medium,Medium,0.03377084110273138,0.032724473069038786,0.9335046858282299
28952,37952,High,High,0.927091232275291,0.03415221921373252,0.03875654851097643
5110,14110,Low,Low,0.0345615441733343,0.9185900512815267,0.046848404545138916
18496,27496,Medium,High,0.9122228882267347,0.038983029848182166,0.04879408192508305
30483,39483,Low,Low,0.026970568411882456,0.9436822399110397,0.02934719167707797
5287,14287,Medium,Medium,0.0342510092923357,0.051363434328375646,0.9143855563792886
1521,10521,Medium,Medium,0.03400612305201208,0.03234100737009168,0.9336528695778963
8562,17562,High,High,0.9278878177691848,0.030938599491323646,0.041173582739491475
23570,32570,Medium,Medium,0.03236940994987212,0.031742021863589175,0.9358885681865386
36679,45679,Low,Low,0.04098838241528233,0.9099769391400286,0.04903467844468912
380,9380,Medium,Medium,0.03352783220364689,0.032227894394060576,0.9342442734022925
634,9634,Medium,Medium,0.0333425599161717,0.03261672427163034,0.9340407158121979
26708,35708,High,High,0.9288120421719103,0.031106445642713,0.04008151218537672
15553,24553,Medium,Medium,0.03258161528380273,0.032365397197566016,0.9350529875186314
7234,16234,Medium,Medium,0.03127216529607912,0.048706776388306526,0.9200210583156144
20014,29014,High,High,0.9324103729909884,0.03449455364937801,0.03309507335963353
27307,36307,Low,Low,0.0312476074277858,0.9373025111294666,0.03144988144274758
24746,33746,Low,High,0.9325609133390836,0.035696766801149145,0.03174231985976717
3140,12140,High,High,0.9378776307098432,0.02955671987945702,0.03256564941069975
25819,34819,Medium,Medium,0.032917020837578054,0.031376446988343035,0.9357065321740791
6297,15297,Low,Low,0.03372833051376613,0.931819740959242,0.034451928526991714
29919,38919,High,High,0.933429832840766,0.031731549997022275,0.03483861716221173
21617,30617,Medium,Medium,0.032538234157671576,0.03161209079674002,0.9358496750455884
19303,28303,High,High,0.91073300622499,0.043584689128810035,0.04568230464619991
2889,11889,Medium,Medium,0.037046728262106206,0.036590588711324146,0.9263626830265697
38352,47352,Low,Low,0.04136407200402629,0.9259977271182224,0.032638200877751315
18626,27626,High,High,0.9286343394440492,0.034683625445554395,0.03668203511039639
27019,36019,Low,Low,0.03439208888133124,0.9245366160869043,0.04107129503176441
2844,11844,Medium,Medium,0.032815937438602415,0.03528756132263985,0.9318965012387578
28441,37441,High,High,0.9306887482791194,0.033153168128731286,0.03615808359214936
8242,17242,Medium,Medium,0.030601287943154382,0.030247456931320426,0.9391512551255251
17304,26304,High,High,0.9356421021859886,0.03040615895047551,0.03395173886353575
14501,23501,Low,Low,0.028389517136387998,0.9272484302462498,0.04436205261736218
20231,29231,High,High,0.93366558759002,0.03149365214175587,0.03484076026822403
31038,40038,Low,Low,0.03625056408587569,0.9318288844988043,0.03192055141532007
35545,44545,High,High,0.9368277048041648,0.030408624866038167,0.032763670329797
12713,21713,Medium,Low,0.03472529136165325,0.6610974733420932,0.3041772352962536
31086,40086,High,High,0.919360673552898,0.04027302871122724,0.04036629773587484
11321,20321,Medium,Medium,0.037116356114998146,0.032337524577932715,0.9305461193070691
1132,10132,Medium,Medium,0.0318925719396271,0.030571837551336373,0.9375355905090365
33816,42816,Low,Low,0.02813786267553804,0.9414716131400137,0.03039052418444822
11563,20563,Medium,Medium,0.03606787776529205,0.03564411324493987,0.9282880089897682
31306,40306,Low,Low,0.03227895810739893,0.9323186714908392,0.03540237040176176
26533,35533,High,High,0.9299196774305588,0.03490085996044734,0.03517946260899387
27488,36488,Low,Medium,0.03662492417171131,0.037176980550644646,0.9261980952776442
11434,20434,Medium,Medium,0.07555159996420173,0.034117283303121644,0.8903311167326766
19907,28907,Medium,Medium,0.03254318698096035,0.03437048888298932,0.9330863241360504
30478,39478,High,High,0.9347906919898706,0.0323069706184168,0.032902337391712604
24100,33100,Medium,Medium,0.03204818025670686,0.0311700860298401,0.9367817337134531
14556,23556,Medium,Medium,0.03243765130529339,0.032156952025368994,0.9354053966693376
14755,23755,Medium,Medium,0.033151624705713506,0.03041644579293096,0.9364319295013556
36466,45466,High,High,0.939324111355214,0.02867850218622452,0.03199738645856147
16422,25422,Medium,Medium,0.036297988595722336,0.03378924554857505,0.9299127658557027
37363,46363,High,High,0.8728270581270657,0.05760960970131712,0.06956333217161713
887,9887,High,Low,0.037505068054020936,0.9248950857905097,0.037599846155469484
1814,10814,Low,Low,0.04783586095903381,0.48986090699585844,0.4623032320451077
4957,13957,High,High,0.9235914281810826,0.03640523335982745,0.04000333845908988
31048,40048,Medium,Medium,0.03608613586788723,0.033688485860344265,0.9302253782717685
11879,20879,Medium,Medium,0.03831213235699351,0.032354661965449574,0.9293332056775568
22400,31400,Medium,Medium,0.03209006919953906,0.030428213895714127,0.9374817169047468
12965,21965,Low,Low,0.040075925554116466,0.9253118357468187,0.03461223869906471
18631,27631,Medium,Medium,0.03781917693098092,0.03758227368116945,0.9245985493878496
14490,23490,Medium,Medium,0.033536629772089446,0.03289631903601515,0.9335670511918955
23872,32872,Medium,Medium,0.031038080788487254,0.03076013058734757,0.938201788624165
11508,20508,Medium,Medium,0.031104752622200898,0.03148136903770019,0.9374138783400988
39314,48314,Low,Low,0.038352273773094615,0.9250979550213833,0.0365497712055223
7986,16986,High,High,0.9371526023905209,0.028951441346427843,0.03389595626305125
31566,40566,High,High,0.923461799743926,0.0305315657868252,0.046006634469248874
5190,14190,Medium,Medium,0.03181838881135735,0.033693956529792984,0.9344876546588496
28031,37031,Medium,Medium,0.034253966447925686,0.03457094759616439,0.9311750859559099
31975,40975,High,High,0.9236610539971689,0.03640629861627941,0.03993264738655173
32896,41896,High,High,0.9387420741822621,0.0282512976503842,0.03300662816735379
32718,41718,Medium,Medium,0.031697357399485614,0.029920199760706426,0.9383824428398079
12248,21248,Medium,Medium,0.031441915939690264,0.03234649487516138,0.9362115891851482
30953,39953,High,High,0.9345844645536476,0.03239822397331815,0.033017311473034223
36933,45933,High,High,0.936165482579281,0.03019041681957854,0.03364410060114035
36427,45427,High,High,0.934636663217332,0.030253320974789413,0.03511001580787865
13689,22689,Medium,Medium,0.031189850451718456,0.03173828988883558,0.937071859659446
28215,37215,Low,Low,0.033219664555973,0.9334320123661327,0.03334832307789421
9357,18357,Low,Low,0.03024899376545352,0.9354473178686867,0.03430368836585984
10501,19501,High,Medium,0.033090523995905764,0.0315656606154492,0.935343815388645
8124,17124,Medium,Medium,0.0334873786808138,0.033425298875506264,0.9330873224436799
9929,18929,Medium,Medium,0.02974339666434502,0.030589797422572715,0.9396668059130823
37182,46182,Low,Low,0.03138389205304465,0.9322214458945338,0.03639466205242156
35809,44809,Medium,Medium,0.03149581170041646,0.03025347929066587,0.9382507090089175
39994,48994,Low,High,0.9264367046443511,0.03183659898829088,0.04172669636735805
34713,43713,Medium,Medium,0.05168383964189004,0.05213957870550523,0.8961765816526047
21204,30204,Low,Low,0.03194045348471617,0.9307896361061964,0.03726991040908756
18234,27234,High,High,0.9169506107222795,0.034086415606361574,0.048962973671358816
20583,29583,Low,Low,0.03262674464005484,0.932543071500464,0.03483018385948113
5928,14928,Medium,Medium,0.03906065058468272,0.05601818711934594,0.9049211622959713
26629,35629,Medium,Medium,0.03197195268649413,0.030027115242800634,0.9380009320707052
36846,45846,Medium,High,0.934138675064322,0.03217152893805399,0.03368979599762392
29495,38495,Medium,Medium,0.031443203162576955,0.029856007301833177,0.93870078953559
5420,14420,Low,Low,0.050810572813419275,0.9069821934320683,0.04220723375451244
19429,28429,High,High,0.934564917306976,0.031101270044774296,0.03433381264824959
36346,45346,High,High,0.912259405971955,0.036386297334506885,0.051354296693538116
12545,21545,Medium,Low,0.04639976481119634,0.7639583885567679,0.18964184663203568
4887,13887,Medium,Medium,0.03977840791211131,0.4415402299570763,0.5186813621308123
36690,45690,Medium,Medium,0.032481548585664606,0.031641912856070986,0.9358765385582645
11942,20942,High,High,0.9384020926329679,0.0292826242994116,0.03231528306762043
26714,35714,Low,Low,0.035945712388933175,0.9160874582860131,0.04796682932505376
3377,12377,High,High,0.9366222443415015,0.030685170970995167,0.032692584687503155
24946,33946,Low,Low,0.051062229834596184,0.8855084961870922,0.06342927397831163
21624,30624,High,High,0.9147496030341563,0.051064032703080436,0.03418636426276315
10039,19039,Medium,Medium,0.030617401397100747,0.02955556460573773,0.9398270339971614
14197,23197,High,High,0.9412921853850182,0.027558177865931916,0.031149636749049914
25571,34571,High,High,0.9407698803735598,0.02785570467847261,0.031374414947967624
23612,32612,Low,Low,0.03521472888624012,0.9025037774275587,0.06228149368620104
12306,21306,Medium,Medium,0.032956263431185996,0.030189576132964645,0.9368541604358495
5938,14938,Medium,Medium,0.03811173982230817,0.07465254058248853,0.8872357195952034
21580,30580,Medium,Medium,0.032567179312447826,0.03248320126155943,0.9349496194259928
35746,44746,High,Medium,0.29861028889962865,0.05320272223026523,0.6481869888701061
18542,27542,Medium,Medium,0.0321229346564308,0.03469143098359463,0.9331856343599746
16574,25574,High,Medium,0.038917143340626216,0.1288058973330365,0.8322769593263373
36048,45048,High,High,0.9366847717885376,0.028289739425620658,0.03502548878584181
7722,16722,Medium,Medium,0.031565990454374665,0.033254869405063885,0.9351791401405615
25265,34265,High,Medium,0.03629360008864397,0.0342835223399241,0.9294228775714318
439,9439,Medium,Medium,0.0320438356361768,0.034807530245661356,0.933148634118162
18801,27801,Medium,Medium,0.03541522977554945,0.03299329699380076,0.9315914732306497
35077,44077,High,High,0.934066440878914,0.034086535963529944,0.03184702315755611
30375,39375,Low,Low,0.032174176199814296,0.9357074836208777,0.03211834017930799
23933,32933,Medium,Medium,0.031599898754070925,0.03182799650457617,0.9365721047413528
3496,12496,High,High,0.9346980123926509,0.03137939209052789,0.03392259551682112
8870,17870,Medium,Medium,0.045023546109708934,0.04229400976249767,0.9126824441277934
24135,33135,Low,Low,0.0314508687995877,0.9327250438825132,0.035824087317898996
28629,37629,High,Medium,0.031247892746078792,0.033591774155895406,0.9351603330980258
241,9241,Medium,Medium,0.0361329742532524,0.0397598617054922,0.9241071640412554
509,9509,Medium,Medium,0.034472142939847045,0.0320510839815376,0.9334767730786154
27438,36438,Low,Low,0.03306864078517391,0.9270920718229231,0.039839287391903115
10653,19653,High,High,0.9221716618912312,0.040175560771632764,0.037652777337136116
12216,21216,Medium,Low,0.036278900352011305,0.921689417488366,0.04203168215962258
19298,28298,Medium,Medium,0.03251796188578835,0.034170285080253056,0.9333117530339585
33058,42058,High,High,0.9375698042031703,0.02825833649381071,0.034171859303019005
14285,23285,Medium,Medium,0.03343129687886202,0.03353744283209293,0.9330312602890452
26865,35865,Low,Low,0.03299948802997909,0.930072512468417,0.036927999501604004
17893,26893,Low,Low,0.03965848781596353,0.9261270054723959,0.034214506711640565
6506,15506,Medium,Medium,0.0350888750566764,0.03504920582270443,0.9298619191206191
27707,36707,Low,Low,0.03172956947546594,0.9038392027645172,0.06443122776001688
38256,47256,Medium,Medium,0.03439270423599756,0.034306531872752954,0.9313007638912496
10401,19401,High,Medium,0.03213705328019747,0.0306944513926575,0.937168495327145
7094,16094,Medium,Medium,0.032969693921064636,0.03281558002535626,0.9342147260535792
31489,40489,Medium,Low,0.027934566371085212,0.9420956915660578,0.02996974206285709
24140,33140,Medium,Medium,0.03183859842806648,0.03857116183247867,0.9295902397394548
36027,45027,High,High,0.934160223645541,0.03192083689624053,0.033918939458218646
23220,32220,Low,Low,0.03713795817031907,0.9309670155450043,0.03189502628467671
25953,34953,Medium,Medium,0.032573695967353135,0.03538270219497803,0.9320436018376688
23261,32261,Medium,Medium,0.032527161319632396,0.03284466340224621,0.9346281752781214
22961,31961,High,Medium,0.038692519297982536,0.030962321094184304,0.9303451596078331
13273,22273,High,High,0.9376602397832942,0.028009857459401283,0.034329902757304485
23917,32917,High,High,0.8937688863219023,0.05932548376155807,0.04690562991653962
36603,45603,Low,Low,0.05358916422631749,0.840418645241476,0.10599219053220643
28891,37891,High,High,0.9342590402530634,0.03243559336493374,0.03330536638200288
26662,35662,High,High,0.9266450252951267,0.03443048079889535,0.038924493905977936
39277,48277,Medium,Medium,0.03210248417507122,0.03026664787989476,0.937630867945034
29172,38172,Medium,Medium,0.03836220284801134,0.032500963651502464,0.9291368335004861
9663,18663,Low,Low,0.0322225840528239,0.9358647214899886,0.03191269445718769
23279,32279,Medium,Medium,0.03267099579305683,0.03092817519376524,0.936400829013178
2898,11898,Medium,Medium,0.0320358509852098,0.031185052787115253,0.9367790962276749
10807,19807,Low,Low,0.03181184840619195,0.9362930988536721,0.031895052740135994
34537,43537,Low,Low,0.03423886426404934,0.8982738331611322,0.06748730257481857
10797,19797,Medium,Medium,0.0518424722468784,0.05066161469280777,0.8974959130603138
20775,29775,Medium,Medium,0.03162684522152888,0.031789129600190286,0.9365840251782808
35091,44091,Low,Low,0.032920045430740216,0.9306064215273028,0.03647353304195697
15989,24989,Low,Low,0.03127768167100168,0.9298757106537571,0.038846607675241285
31079,40079,Medium,Medium,0.03592664416756699,0.03487381597022518,0.9291995398622079
34693,43693,Low,Low,0.029015980263748936,0.9407312671087174,0.03025275262753377
24732,33732,Medium,Medium,0.0408378166484649,0.03776248000576227,0.9213997033457728
8384,17384,Medium,Medium,0.03356072386793625,0.30895363541092186,0.6574856407211421
13521,22521,Medium,Medium,0.0382312530880179,0.07079310311386883,0.8909756437981132
26088,35088,Medium,Medium,0.03166655365123275,0.03004612871210639,0.9382873176366608
2275,11275,High,High,0.9326360154498947,0.03184528927593376,0.03551869527417159
28278,37278,Medium,Medium,0.03315271121542492,0.03660485971752817,0.9302424290670469
6876,15876,Medium,Medium,0.033816920690055374,0.03294055712975433,0.9332425221801902
38220,47220,Medium,Medium,0.03259047521696983,0.03306541779238738,0.9343441069906427
33683,42683,Medium,Medium,0.03094674383321382,0.03164937354685005,0.9374038826199361
16433,25433,Low,Low,0.030776825745786916,0.9358090675355206,0.0334141067186924
33397,42397,Medium,Medium,0.03551611478628904,0.03119056637207539,0.9332933188416357
30493,39493,Low,Low,0.036322019222409956,0.6710881849931051,0.2925897957844849
27645,36645,Low,Low,0.031324007854411536,0.9377461311052318,0.03092986104035671
34351,43351,Medium,Medium,0.03653509463284691,0.03324549758084553,0.9302194077863076
39724,48724,Medium,Medium,0.031720621904260095,0.035358529597582504,0.9329208484981574
18738,27738,Medium,Medium,0.03162866482270743,0.03262820110112349,0.9357431340761693
27563,36563,Medium,Medium,0.03372868013634269,0.033976651078814424,0.9322946687848429
3524,12524,Medium,Medium,0.03255495126627913,0.032217236337862526,0.9352278123958584
19460,28460,High,High,0.9337184683867804,0.03237629031366234,0.03390524129955718
38051,47051,Medium,Medium,0.18791813854009842,0.0552440206771671,0.7568378407827344
6496,15496,High,High,0.937349829623869,0.03104333601355916,0.03160683436257187
24328,33328,Medium,Medium,0.033160481989678504,0.033729338964276365,0.9331101790460452
14781,23781,Medium,Medium,0.03401057770411689,0.031141512651354366,0.9348479096445287
20864,29864,Low,Low,0.03183752958602101,0.9334716077950963,0.034690862618882864
10778,19778,Medium,Medium,0.030157567725065487,0.02980863156588064,0.9400338007090538
20059,29059,Medium,Medium,0.032147946897438155,0.03157869145193078,0.9362733616506311
18322,27322,Medium,Medium,0.03631578977281476,0.03381712812975468,0.9298670820974305
37563,46563,High,High,0.9295738453249207,0.03502114712376702,0.0354050075513124
6432,15432,High,High,0.9339569378289664,0.02771603598900407,0.03832702618202951
34280,43280,Medium,Medium,0.03216613461591291,0.03147318029959523,0.9363606850844919
18134,27134,Medium,Medium,0.032878289353288924,0.03209718459655358,0.9350245260501575
36931,45931,Medium,Medium,0.03581529681204958,0.03345388617593972,0.9307308170120107
6557,15557,Low,Low,0.02791050893971155,0.9331213259367513,0.03896816512353704
25800,34800,Low,Low,0.033435291757041914,0.9370496364424045,0.029515071800553586
26946,35946,Low,Low,0.0300055439532504,0.9387648613501464,0.0312295946966032
9509,18509,Low,Low,0.03495702780113436,0.9278108523505222,0.037232119848343515
33776,42776,Medium,Medium,0.03172194966958647,0.029767802055173143,0.9385102482752403
11577,20577,Medium,Medium,0.03370383163521127,0.22424530616375316,0.7420508622010354
9144,18144,Low,Low,0.04162546751343745,0.6131881940202267,0.3451863384663359
1618,10618,Medium,Medium,0.041922293399354445,0.039366980380383824,0.9187107262202617
7693,16693,Medium,Medium,0.03196423583910487,0.030816572451830504,0.9372191917090645
28847,37847,High,High,0.9158864034105682,0.0436223953201405,0.04049120126929133
38880,47880,High,High,0.9383155125595631,0.029196078291020885,0.03248840914941587
24734,33734,Low,Low,0.030812603626121152,0.9356030504820807,0.03358434589179816
14002,23002,Medium,Medium,0.033304066272853136,0.03218020875593968,0.9345157249712072
27529,36529,High,High,0.9312470355060195,0.0315480869140673,0.03720487757991306
7584,16584,Medium,Medium,0.033332243918504124,0.0320178659947979,0.934649890086698
4301,13301,High,High,0.9075641346210087,0.048951615527232956,0.04348424985175839
19130,28130,Medium,Medium,0.028747261869661783,0.027776201811794365,0.9434765363185438
13605,22605,Low,Low,0.05049548913565736,0.9139768535916005,0.03552765727274217
22785,31785,Low,Medium,0.0368953286517735,0.03989611144101707,0.9232085599072094
34587,43587,High,High,0.9216193920758132,0.0359306337508828,0.04244997417330399
6796,15796,Medium,Medium,0.03275872036459687,0.032774061287340665,0.9344672183480626
18005,27005,High,High,0.9326126865637906,0.030715065449229844,0.036672247986979545
35394,44394,High,High,0.9227909709343954,0.03535509808425896,0.041853930981345704
25736,34736,Medium,Medium,0.029566567267720893,0.03914183005780144,0.9312916026744776
19639,28639,Low,Medium,0.033848428266058474,0.4480368207885225,0.518114750945419
36150,45150,Medium,Medium,0.03171259573637649,0.031074375402229074,0.9372130288613943
3962,12962,Medium,Low,0.0291343033865837,0.8743963853349607,0.09646931127845575
24637,33637,Medium,Medium,0.03263327715905889,0.031333437977922006,0.9360332848630191
5531,14531,High,High,0.9364453886202097,0.029268245021308297,0.034286366358482236
29643,38643,High,Low,0.03516810884188693,0.9314077698214874,0.03342412133662569
37030,46030,Medium,Medium,0.03253584516707212,0.03240959749128131,0.9350545573416466
35534,44534,Low,Low,0.04618317769627372,0.8278711804045522,0.12594564189917404
11616,20616,Low,Low,0.03273024118089638,0.9304274213901533,0.036842337428950205
11579,20579,Medium,Medium,0.03839198616505845,0.20193537803626324,0.7596726357986783
28599,37599,High,High,0.9385180655851424,0.029579877582580613,0.03190205683227702
4505,13505,Medium,Medium,0.032265555775392536,0.06862026058638238,0.8991141836382252
12747,21747,High,High,0.7696325091496917,0.0369295194242654,0.1934379714260429
39666,48666,Low,Low,0.028960820995240322,0.9384499734709627,0.032589205533797024
876,9876,Medium,Medium,0.03432969490035468,0.03175977213800244,0.9339105329616428
38248,47248,Medium,Medium,0.0354892082149505,0.03657907800653289,0.9279317137785167
36484,45484,Low,Low,0.031848983443365946,0.9358023116372539,0.03234870491938019
12195,21195,Medium,Medium,0.032615275339729986,0.02969949591702023,0.9376852287432499
12521,21521,Medium,Medium,0.030478009435055794,0.029694845823558174,0.9398271447413861
30355,39355,Low,Low,0.03868085387351424,0.9258077139377602,0.03551143218872555
23085,32085,Medium,Medium,0.03551539680347356,0.035356071839257035,0.9291285313572696
4106,13106,Medium,Medium,0.0404412178152937,0.031997888522702585,0.9275608936620037
22722,31722,Low,Low,0.03404769236243322,0.9307188491179139,0.03523345851965284
38001,47001,Medium,High,0.9393499682846985,0.02724903878747917,0.033400992927822386
2578,11578,Medium,Medium,0.029528945757393857,0.030062839692491766,0.9404082145501146
24036,33036,Medium,Medium,0.03302687357852881,0.030442614549587337,0.9365305118718839
32334,41334,Medium,Medium,0.03285849322062729,0.03128191847219971,0.935859588307173
13586,22586,Medium,Medium,0.03345890329039964,0.03807857425082946,0.9284625224587709
34412,43412,Medium,Medium,0.031785223688814694,0.0312024745103677,0.9370123018008177
453,9453,Medium,Medium,0.03565219316456709,0.03441136386440948,0.9299364429710235
34513,43513,Medium,Medium,0.04049361867216689,0.0343962102143664,0.9251101711134667
36559,45559,Low,High,0.9338516263225544,0.03182596165846167,0.03432241201898401
96,9096,Low,Low,0.03118698973864302,0.9344683721790422,0.034344638082314825
21783,30783,Medium,Medium,0.03457310270812897,0.03138886684087595,0.9340380304509951
19465,28465,Low,Low,0.037551191807390916,0.924670010674418,0.037778797518190986
37311,46311,Low,Medium,0.03355280124712597,0.03219815350151614,0.9342490452513578
9696,18696,Medium,Medium,0.03203780516780345,0.03134644318518289,0.9366157516470136
23678,32678,Medium,Medium,0.027279158718878427,0.02852535147091818,0.9441954898102033
18073,27073,Medium,Medium,0.03673604492788037,0.030471232901043963,0.9327927221710756
10629,19629,Medium,Medium,0.03410132153254954,0.0325140135146582,0.9333846649527923
17826,26826,High,High,0.9254031647506764,0.03215271547976451,0.04244411976955906
5076,14076,Medium,Medium,0.03370403634625411,0.031002611776054043,0.9352933518776919
4129,13129,High,High,0.9379357884865988,0.031592684365067764,0.03047152714833355
1384,10384,High,High,0.9159576298737749,0.031079950163534237,0.05296241996269078
20106,29106,High,High,0.9341934867022891,0.03227272896852745,0.03353378432918358
23441,32441,Medium,Medium,0.03538450420746829,0.03241296412500635,0.9322025316675253
449,9449,Low,Medium,0.032167123516559204,0.030433573863341726,0.9373993026200992
3090,12090,Low,Low,0.036425022295169855,0.9276098121187082,0.035965165586122054
12742,21742,Low,Low,0.03229705784625151,0.9357612478394541,0.0319416943142944
32968,41968,Low,Low,0.03807485669166907,0.9206158792143505,0.04130926409398042
27449,36449,High,High,0.9386990533314096,0.030018887553730084,0.03128205911486035
36256,45256,Medium,Medium,0.03605402522620346,0.03395906740029823,0.9299869073734982
32055,41055,High,High,0.9317915690920783,0.03072587236995908,0.03748255853796267
13120,22120,High,High,0.9400339077459359,0.028688687444689557,0.03127740480937465
13861,22861,Medium,Medium,0.03269203854782566,0.03182177131102293,0.9354861901411513
7017,16017,Medium,Medium,0.041249153790821974,0.03325946595597772,0.9254913802532002
39244,48244,Medium,Medium,0.03269373110236961,0.2535582668734583,0.7137480020241721
9147,18147,High,High,0.9403985752657279,0.0284119654468044,0.03118945928746764
22296,31296,Low,Low,0.031478870705535796,0.9383041586714644,0.030216970622999707
13163,22163,Low,Low,0.03113928712234197,0.9223479956861492,0.046512717191508714
21961,30961,Low,Low,0.030396849446784,0.9339290676770521,0.03567408287616384
10032,19032,Medium,Medium,0.028757072466358762,0.028549335893953465,0.9426935916396877
8545,17545,Low,Low,0.03674110033207061,0.9297771547090542,0.03348174495887518
30755,39755,Medium,Medium,0.031179132356896577,0.030796410414215342,0.938024457228888
9895,18895,Medium,Medium,0.03262611431505822,0.03179821609011125,0.9355756695948306
15214,24214,High,High,0.9294524864688126,0.033317710355550416,0.03722980317563692
33214,42214,High,High,0.9359810952789221,0.031012132440809897,0.03300677228026787
13154,22154,Medium,Medium,0.03616212775948866,0.037138749691451554,0.9266991225490596
7980,16980,High,High,0.926611717483136,0.03146517527430675,0.0419231072425573
9255,18255,Medium,Medium,0.033186891710209825,0.031470914613866564,0.9353421936759236
31247,40247,Medium,Medium,0.03211684682244335,0.0723071086363805,0.8955760445411762
4943,13943,Low,Low,0.032814261917025224,0.9274541446777572,0.039731593405217674
20444,29444,High,High,0.933865127557915,0.03087254876157562,0.03526232368050938
37827,46827,Low,High,0.9307858398246626,0.03686681223584298,0.03234734793949453
18613,27613,High,High,0.9280774417769929,0.033373589999333896,0.03854896822367314
39455,48455,High,High,0.9315545347786399,0.03171671073276904,0.03672875448859101
14003,23003,Medium,Medium,0.03355044800548068,0.03086877952643861,0.9355807724680808
3263,12263,Medium,Medium,0.029932628041301115,0.029940590461245798,0.9401267814974531
30852,39852,Low,Low,0.03149211896711248,0.933929099975901,0.034578781056986335
34303,43303,High,High,0.9308910692009192,0.033307819914206165,0.03580111088487458
18557,27557,Low,Low,0.03366255684349292,0.9145215179444581,0.051815925212048974
6137,15137,High,High,0.9359964449071447,0.02934245922357079,0.03466109586928443
35890,44890,High,Low,0.029236599046338876,0.9408737094554521,0.0298896914982089
9755,18755,Medium,Medium,0.03108824224889586,0.03043272073128915,0.9384790370198149
215,9215,Medium,Medium,0.029485771192160726,0.031029868045893406,0.9394843607619459
2146,11146,Low,Low,0.03607061566775427,0.9280835225289342,0.035845861803311486
21669,30669,High,High,0.9336001330816012,0.03092554073042839,0.03547432618797045
35433,44433,Medium,Medium,0.03170047856778784,0.032769832377291495,0.9355296890549206
10714,19714,Medium,Medium,0.037074212824041435,0.03815556381580431,0.9247702233601544
8874,17874,Low,Low,0.03302119048263454,0.9343151532916593,0.032663656225706245
37070,46070,Medium,Medium,0.033179115591333734,0.034920397319928076,0.9319004870887383
22827,31827,Medium,Medium,0.03587609499863045,0.03592403450276767,0.9281998704986019
34428,43428,High,High,0.9411712981123328,0.027877201922827662,0.030951499964839573
18427,27427,Medium,Medium,0.03314275062506552,0.03167682898674914,0.9351804203881854
6510,15510,Medium,High,0.9370406099595322,0.030376810842286852,0.032582579198181104
35833,44833,Low,Low,0.030747961516165878,0.9363740047264603,0.032878033757374005
15628,24628,Low,Low,0.02937388463937152,0.9397797626304781,0.030846352730150364
2200,11200,High,High,0.9382314074985992,0.028871833310990618,0.03289675919041015
4565,13565,Low,Low,0.031037418375249082,0.9350415783274989,0.03392100329725193
22733,31733,Low,Low,0.05804612597465795,0.8730554983423012,0.06889837568304079
4119,13119,Medium,Medium,0.03015517171033093,0.030885483836930835,0.9389593444527381
26222,35222,Medium,Medium,0.03384809794281901,0.03178020933487077,0.9343716927223102
24693,33693,High,High,0.9389018675945103,0.028923323889078142,0.032174808516411545
5596,14596,Medium,Medium,0.03503370927890198,0.03479540332721053,0.9301708873938875
27756,36756,High,High,0.9330215920830621,0.02974860035615004,0.0372298075607879
17333,26333,Medium,Medium,0.03876928417078041,0.03149707139518695,0.9297336444340326
13362,22362,Low,Low,0.03006366779448613,0.9350606630488678,0.03487566915664608
22666,31666,High,High,0.923488492514266,0.03270371872377143,0.043807788761962695
28975,37975,Low,Low,0.029510347626512893,0.9365858636766643,0.033903788696822736
18165,27165,Low,Low,0.042133944598129254,0.9012553079817599,0.05661074742011088
16017,25017,High,High,0.9078094392473477,0.043181708861107886,0.04900885189154439
29994,38994,Medium,Medium,0.03189896209452601,0.03613513594590267,0.9319659019595714
8110,17110,Medium,Medium,0.03322258065514808,0.03137859398078568,0.9353988253640662
21596,30596,Low,Low,0.03113250010975721,0.9355579233712222,0.03330957651902056
27372,36372,Low,Low,0.02783629939718944,0.9417442829372761,0.030419417665534517
15156,24156,Medium,Medium,0.041343933407999967,0.03576740755181132,0.9228886590401887
31377,40377,Medium,Medium,0.03245849009910776,0.033238568949227325,0.9343029409516649
37203,46203,High,High,0.928567714012718,0.0328438605877736,0.03858842539950837
17717,26717,High,High,0.935227298067026,0.029223746617933383,0.03554895531504062
33945,42945,Low,Low,0.033263861939147606,0.9192234038757524,0.047512734185099936
12183,21183,Low,Low,0.030161136276893454,0.9398119898763886,0.0300268738467179
2495,11495,Medium,Medium,0.03958299313126578,0.04027775706510648,0.9201392498036278
30659,39659,High,High,0.9259670186407781,0.03661493513709448,0.037418046222127445
27049,36049,Medium,Medium,0.03189111309604937,0.03391042731265981,0.9341984595912908
12473,21473,High,Medium,0.032768360903487996,0.03064819313238513,0.9365834459641268
38416,47416,High,High,0.9239479596471147,0.034173405185584704,0.04187863516730054
39616,48616,Low,Low,0.03357441465375936,0.9319842738063918,0.034441311539848855
13447,22447,Medium,Medium,0.03613743206359615,0.03246203841418472,0.9314005295222193
695,9695,Low,Low,0.03130584234709271,0.9321511892896398,0.0365429683632675
27180,36180,Medium,Medium,0.03194960069609049,0.033694261921136545,0.934356137382773
3794,12794,Medium,Medium,0.03276774638161461,0.032834654317735475,0.93439759930065
38062,47062,High,High,0.9387355334023476,0.02938500629251982,0.03187946030513253
746,9746,Low,Low,0.031111185895507543,0.9373586683377332,0.03153014576675926
4052,13052,High,High,0.9205521649936239,0.03713972053123633,0.04230811447513971
35557,44557,High,High,0.9306839305349551,0.031236411045114654,0.03807965841993013
4118,13118,High,High,0.9341349058335422,0.029087628686878034,0.03677746547957974
793,9793,Low,Low,0.04526216608787614,0.9076360378249393,0.047101796087184566
17872,26872,Low,Low,0.039881263298740366,0.9255668493608408,0.034551887340418946
767,9767,Medium,Medium,0.031919601568433535,0.03105334531532553,0.9370270531162408
29382,38382,Medium,Medium,0.035851834772384295,0.03708146118932459,0.9270667040382911
1649,10649,Low,Low,0.030665969812058658,0.9306209448641217,0.03871308532381965
4829,13829,Medium,Medium,0.034781624157045804,0.035360213355126686,0.9298581624878275
8774,17774,High,High,0.9290667164218109,0.03796766485292891,0.0329656187252601
14418,23418,High,High,0.9293894753894465,0.03460848110956918,0.03600204350098443
14584,23584,Low,Low,0.032179864599896656,0.9325663548924029,0.03525378050770045
2827,11827,Medium,Medium,0.03180860080406589,0.031360100705434095,0.9368312984905
984,9984,Low,Low,0.03518572994960664,0.9202949166085501,0.044519353441843316
9508,18508,Low,Low,0.03257743607252386,0.9350728253286497,0.032349738598826415
9526,18526,Medium,Medium,0.05717161996477882,0.06295513067971657,0.8798732493555046
13798,22798,High,High,0.9363124728567532,0.031056314910003453,0.032631212233243424
571,9571,High,High,0.9293709987134634,0.032979873843270856,0.0376491274432658
20276,29276,High,High,0.9358251973653621,0.03094785336713124,0.033226949267506835
21557,30557,High,High,0.9364685856353074,0.029345217251753885,0.034186197112938584
36560,45560,Medium,Medium,0.03187795925581447,0.03342126837534785,0.9347007723688376
36634,45634,Medium,Medium,0.0367029418357061,0.03161476257160959,0.9316822955926843
9240,18240,High,High,0.9281789313622633,0.033695793087401976,0.038125275550334736
37645,46645,High,High,0.9219862337844242,0.03360288670172306,0.04441087951385273
32973,41973,High,High,0.9375588832520408,0.030620444289911283,0.03182067245804795
5963,14963,Medium,Medium,0.0311878636765389,0.032547150391166395,0.9362649859322946
29090,38090,Medium,Medium,0.02975822187868157,0.03033460502118046,0.9399071731001379
35277,44277,Medium,Medium,0.031794294583112614,0.028893801847643754,0.9393119035692435
28751,37751,Medium,Medium,0.030879718912886517,0.02987193853432707,0.9392483425527866
11389,20389,Medium,Medium,0.03133289193044416,0.029736241177477613,0.9389308668920783
10333,19333,High,High,0.9343821038252221,0.03195029764333024,0.0336675985314477
29299,38299,Low,Low,0.02788519669133857,0.9399681131812047,0.03214669012745685
32658,41658,Medium,Medium,0.03383837827567243,0.03403042124804029,0.9321312004762872
4680,13680,Medium,High,0.9293109245222654,0.03324496890679967,0.037444106570934936
9360,18360,High,High,0.9359228894777836,0.03022780611097609,0.033849304411240504
35146,44146,Medium,Medium,0.0419505009990379,0.0354100874367558,0.9226394115642064
24965,33965,Medium,Medium,0.03698735449895548,0.03576724552353632,0.9272453999775081
12540,21540,Medium,Medium,0.03524248456331972,0.032291997481577614,0.9324655179551028
12028,21028,Low,Low,0.03459081196686702,0.9309013232750797,0.03450786475805323
19655,28655,High,High,0.9358944541027698,0.029643738872849795,0.03446180702438032
2120,11120,Medium,Medium,0.03237586824012391,0.0320235094401732,0.935600622319703
6087,15087,Low,Medium,0.03227884528709396,0.032854037368276426,0.9348671173446296
29140,38140,Low,Low,0.03743061140510753,0.9216041078543084,0.04096528074058416
26269,35269,Low,Low,0.029821791425726746,0.9353094655463089,0.034868743027964326
35754,44754,Medium,Medium,0.032135661897181526,0.03103489842946419,0.9368294396733542
2572,11572,High,High,0.9193735063274149,0.04317660340701435,0.03744989026557087
10584,19584,Medium,Medium,0.2298328701362623,0.03256269464457586,0.7376044352191617
22498,31498,Medium,Medium,0.035369519544649806,0.036063709021061006,0.9285667714342892
24431,33431,Low,Low,0.031552975823569696,0.9375072261894158,0.03093979798701445
16375,25375,Medium,Medium,0.1335611781860596,0.039426529284594676,0.8270122925293458
36632,45632,Medium,Medium,0.03218496283055392,0.03123816623327832,0.9365768709361678
26366,35366,Medium,Medium,0.032339840979233425,0.0315840542234485,0.936076104797318
5257,14257,Low,Low,0.029695294891827654,0.9384692724625712,0.03183543264560109
19105,28105,Medium,Medium,0.033922274267544274,0.032388520259266224,0.9336892054731893
11965,20965,Low,Low,0.03199655468035365,0.9197010050196658,0.048302440299980536
33428,42428,Medium,Low,0.03387367803133865,0.6443655612785394,0.321760760690122
32657,41657,Medium,Medium,0.04388554609345265,0.05491937005687242,0.9011950838496751
27804,36804,High,High,0.9153605935789199,0.04332720065395573,0.04131220576712443
30952,39952,Low,Low,0.029407712914184935,0.9298064236644548,0.04078586342136036
20898,29898,Medium,Medium,0.037156355490603976,0.032243710387880604,0.9305999341215155
35760,44760,High,High,0.9334083939035619,0.03281431353690837,0.03377729255952975
31202,40202,Medium,Medium,0.03166505289232776,0.03481437111090987,0.9335205759967623
26051,35051,Low,Low,0.05110038746584383,0.7745092292989003,0.17439038323525588
27906,36906,High,High,0.9059555039532325,0.039961632880210686,0.05408286316655684
34755,43755,Medium,Medium,0.03694553340144037,0.0343668956923165,0.9286875709062432
2178,11178,Medium,Medium,0.15146497927624494,0.05471096968725453,0.7938240510365006
2213,11213,Medium,Medium,0.032533322314562275,0.032025145987377594,0.9354415316980602
2399,11399,Low,Low,0.051058930759748815,0.9065953421388939,0.042345727101357165
32135,41135,Low,Low,0.03286676930311505,0.9333273635890427,0.033805867107842384
23437,32437,Medium,Medium,0.04054122177369895,0.040122018036749224,0.9193367601895518
5887,14887,Medium,Medium,0.052001078353695294,0.03470394485310532,0.9132949767931994
3531,12531,Low,Low,0.03275940575437613,0.9297376712290383,0.03750292301658564
9202,18202,Low,Low,0.030112538362346713,0.9281526342078932,0.04173482742976009
37356,46356,Low,Medium,0.03676274616874186,0.03552037498676761,0.9277168788444904
4868,13868,High,High,0.9263171713423266,0.036708457837597075,0.03697437082007627
23790,32790,Medium,Medium,0.03661745056493238,0.031994228577097265,0.9313883208579705
21400,30400,Medium,Medium,0.032184030995516914,0.0300299041145328,0.9377860648899503
24072,33072,High,High,0.9349044358728998,0.03189715581651275,0.033198408310587485
33802,42802,High,High,0.935068536105209,0.03105540884128785,0.033876055053503135
13700,22700,Low,Medium,0.031154502874891434,0.031488298545841654,0.9373571985792669
24125,33125,Low,Low,0.031930926148104256,0.926423803599484,0.041645270252411916
27734,36734,Medium,Medium,0.03407062760181895,0.030032365530796606,0.9358970068673843
32982,41982,Medium,Medium,0.03509671702919075,0.031185602924784905,0.9337176800460244
5441,14441,Low,Low,0.03295135659653606,0.9315368285031594,0.035511814900304445
3137,12137,Medium,Medium,0.037359020872037914,0.035658143890748596,0.9269828352372134
32373,41373,High,High,0.9323223783610838,0.030566500089395838,0.03711112154952038
5540,14540,Low,Medium,0.032260237459952,0.03363167182874337,0.9341080907113047
22761,31761,Medium,Medium,0.03578122664955282,0.03432357107720592,0.9298952022732413
5398,14398,Medium,Medium,0.03145600980310126,0.029466968949582367,0.9390770212473164
1583,10583,Medium,Medium,0.03147111168441342,0.03151328954736686,0.9370155987682197
34026,43026,Medium,Medium,0.03320937299345149,0.03189781406291239,0.934892812943636
22611,31611,High,High,0.9223540732694087,0.033862812995494686,0.04378311373509672
13889,22889,Medium,Medium,0.03580672195848788,0.03372506411798186,0.9304682139235303
12919,21919,High,High,0.9294614186645385,0.034530913390915345,0.03600766794454611
32911,41911,Medium,Medium,0.03757070682695245,0.032628742650921555,0.929800550522126
13457,22457,Medium,Medium,0.03456768604216814,0.03220057755416165,0.9332317364036703
4009,13009,Low,Low,0.033876654505651575,0.9325744514205732,0.03354889407377523
9135,18135,Low,Low,0.03662058322700763,0.913682718058483,0.049696698714509456
7825,16825,Medium,Medium,0.034540920982410635,0.031827156982001455,0.933631922035588
19042,28042,High,High,0.9391877863714101,0.030011653437671978,0.030800560190917942
36806,45806,High,Medium,0.052206848413343866,0.03830418252261487,0.9094889690640414
11489,20489,High,High,0.9375902181524483,0.029351974699985628,0.03305780714756606
4705,13705,High,High,0.9305016330830288,0.03266482442432698,0.036833542492644256
12891,21891,Medium,Medium,0.030674587428066186,0.05080710231683666,0.9185183102550972
17298,26298,Medium,Medium,0.0347526443352405,0.034398342138532566,0.930849013526227
26407,35407,Medium,Medium,0.03147352555295199,0.034363733191937106,0.9341627412551109
3482,12482,Medium,Medium,0.03372273878324069,0.033103639900041705,0.9331736213167175
33050,42050,Low,Low,0.029152934510716027,0.9365329783282913,0.03431408716099269
31793,40793,Medium,Medium,0.03201377736432765,0.03132075870846388,0.9366654639272086
28400,37400,Medium,Medium,0.03439250464470989,0.035559471922001096,0.930048023433289
13817,22817,High,Medium,0.03307487999104644,0.029822620180341847,0.9371024998286117
6771,15771,High,High,0.939491187924689,0.029208303712155017,0.03130050836315596
19590,28590,High,High,0.9328885398459726,0.033333641626310494,0.033777818527716864
26403,35403,Medium,Medium,0.031171112149733643,0.03160914332546457,0.9372197445248017
9180,18180,High,High,0.9397482526739914,0.029092654090824444,0.03115909323518414
5765,14765,Low,Low,0.031044971303348507,0.9384587051635725,0.030496323533078868
29618,38618,High,Medium,0.33749199606622354,0.03887626233982898,0.6236317415939475
32769,41769,Low,Low,0.03482104059206254,0.9258130044901544,0.03936595491778313
18873,27873,Medium,Medium,0.03417880902994266,0.038665964754018456,0.9271552262160389
18889,27889,Medium,Medium,0.03207038365780338,0.032196309411998296,0.9357333069301982
9710,18710,Low,Low,0.031445964404951704,0.8668057452158863,0.10174829037916207
24869,33869,Low,Low,0.03597003144782534,0.9219856705540278,0.04204429799814676
37090,46090,High,High,0.9307033414431287,0.03126257236705827,0.038034086189813104
7567,16567,High,Medium,0.032624815729356396,0.030674773049910342,0.9367004112207332
12527,21527,High,Low,0.03059063846253869,0.935811376073792,0.03359798546366926
12191,21191,High,High,0.9275328871095422,0.0339480914355618,0.03851902145489603
9274,18274,Medium,Medium,0.031083594396467726,0.029571994734419932,0.9393444108691122
31613,40613,High,High,0.9037366070410826,0.036340931307971024,0.05992246165094638
31150,40150,Medium,Medium,0.03215514520931994,0.031968380409777446,0.9358764743809026
16547,25547,Low,Low,0.03232665460283843,0.9313230440325752,0.0363503013645865
37109,46109,High,High,0.9394632740605332,0.029042870878549218,0.03149385506091759
25131,34131,High,Low,0.02994931701656127,0.768136658888173,0.20191402409526593
2058,11058,Low,Low,0.03861694936388839,0.7673904287186889,0.1939926219174227
16848,25848,Low,Low,0.031798409078993874,0.8791351349034561,0.08906645601755003
37229,46229,High,High,0.9276755031172677,0.03536690173003617,0.036957595152696254
13583,22583,Low,High,0.931947877205646,0.033762596416618496,0.03428952637773549
36620,45620,Medium,Medium,0.030186208023648697,0.030555468043655887,0.9392583239326955
25677,34677,Medium,Low,0.031181201580905777,0.9313473743579608,0.03747142406113352
39808,48808,Low,Low,0.043578812186572106,0.7989799879052971,0.15744119990813082
5430,14430,Medium,Medium,0.03267839201728489,0.03301720700444997,0.9343044009782652
26570,35570,Low,Low,0.02954332168187059,0.9319407418901919,0.03851593642793761
34617,43617,Low,Low,0.029405657935280726,0.9296719154485472,0.040922426616171965
3330,12330,Medium,High,0.9402865663384329,0.02842751776522255,0.03128591589634459
32756,41756,Low,Low,0.028804027225704094,0.9330012468377666,0.03819472593652921
8064,17064,High,High,0.9411868139778555,0.02735596391972624,0.03145722210241821
26907,35907,High,High,0.9295931742255803,0.03394987603579958,0.036456949738620105
23596,32596,Low,Low,0.04186894101498757,0.9220043580240663,0.03612670096094605
4632,13632,Low,Low,0.030106222533078975,0.9384139112999047,0.031479866167016236
28281,37281,Medium,Medium,0.03264692360216866,0.03137182843678788,0.9359812479610435
21630,30630,Medium,Medium,0.030942348660972216,0.03025582079541185,0.9388018305436159
16494,25494,Low,Low,0.04951190402878356,0.9159100550047343,0.034578040966482086
24330,33330,Medium,Medium,0.03484383618686441,0.033413554605114165,0.9317426092080213
18477,27477,High,Medium,0.03723199109872724,0.030851130319629706,0.9319168785816431
9560,18560,Low,Low,0.027480865157059442,0.9406324768885191,0.03188665795442148
27227,36227,Medium,Medium,0.032801035954375106,0.03213664345099531,0.9350623205946297
29194,38194,Medium,Medium,0.03608951661504319,0.034181581069789975,0.9297289023151668
17236,26236,High,High,0.9336527982780769,0.031844249632009734,0.03450295208991334
10313,19313,Medium,Medium,0.037565169229587025,0.2952485168225025,0.6671863139479104
16094,25094,Medium,Medium,0.032172611670751944,0.030696718222764305,0.9371306701064838
22303,31303,Low,Low,0.044886661508334924,0.9200271325082148,0.035086205983450316
22713,31713,Medium,Medium,0.03628779659284473,0.03220923551908215,0.9315029678880732
9193,18193,High,High,0.9371052916247287,0.028217377874665675,0.034677330500605785
12934,21934,Low,Low,0.03568201389329437,0.9270330141052989,0.037284972001406604
1222,10222,Medium,Medium,0.047201019889589683,0.03485620321997063,0.9179427768904396
39382,48382,Low,Low,0.03029388640450782,0.9341599287820688,0.03554618481342337
32013,41013,Medium,Medium,0.035950055680985145,0.1001290970630263,0.8639208472559886
20112,29112,High,High,0.9319809260701959,0.03284413265061096,0.035174941279193066
9820,18820,Medium,Medium,0.03350614221223835,0.034297051334296336,0.9321968064534655
18202,27202,Medium,Medium,0.03135410678717747,0.02944508507403364,0.9392008081387888
32362,41362,High,High,0.9338661461607725,0.029069578681116277,0.03706427515811126
21994,30994,Low,Low,0.0314089855487438,0.9350714542568049,0.03351956019445123
9715,18715,High,High,0.93677542848384,0.03031150876415364,0.03291306275200618
3660,12660,Medium,Medium,0.03598100697917817,0.03509041749586515,0.9289285755249569
38771,47771,Medium,Medium,0.03312207649048449,0.06027412064160464,0.9066038028679109
17259,26259,High,Low,0.03066611297463875,0.9347690624702117,0.034564824555149504
16859,25859,Medium,Medium,0.03624466751043134,0.03657910938996507,0.9271762230996036
812,9812,Low,Low,0.03298236494548935,0.9265525264826252,0.04046510857188533
35374,44374,High,High,0.93703626598312,0.030545592934518955,0.032418141082361
3289,12289,Low,Low,0.029840990243405374,0.9249818668104292,0.04517714294616556
24736,33736,Low,Medium,0.030793799214410777,0.31540053834163034,0.6538056624439589
38024,47024,Medium,Medium,0.032466870149565875,0.03112363676996994,0.9364094930804642
16898,25898,Low,Low,0.03593962012399738,0.9294959872971931,0.03456439257880955
24658,33658,Medium,Medium,0.03197290809903142,0.033579257246761564,0.934447834654207
13770,22770,Low,Low,0.030050059003495628,0.9386319205999536,0.031318020396550676
18947,27947,Low,Low,0.05071518475866818,0.9136358890904944,0.03564892615083747
21087,30087,Medium,Medium,0.03478541025901833,0.032444909679496,0.9327696800614856
7366,16366,Medium,Medium,0.03255976066968353,0.03358117239539529,0.9338590669349212
18758,27758,Medium,Medium,0.034109577461560986,0.034578592153283565,0.9313118303851554
31563,40563,Low,Low,0.02977941387550413,0.9216487420669613,0.0485718440575346
2601,11601,Medium,Medium,0.03580819228347335,0.03324521580313699,0.9309465919133896
38730,47730,Medium,Medium,0.033658762589455875,0.03248040490108348,0.9338608325094607
26987,35987,Medium,Medium,0.031129635504953762,0.029931392198633364,0.9389389722964129
6881,15881,Low,Low,0.02734039205120053,0.9400579153473737,0.03260169260142572
23182,32182,High,Low,0.030955404791309853,0.931604562806876,0.0374400324018141
28421,37421,Medium,Medium,0.030316619207906376,0.08090918680164723,0.8887741939904464
34982,43982,Low,Low,0.05173029548415745,0.8999808543907264,0.04828885012511617
37883,46883,Low,Low,0.03068697562347303,0.9390903194805951,0.030222704895931995
22633,31633,Low,Low,0.031792002869912454,0.9288690370520228,0.03933896007806465
12078,21078,Medium,Medium,0.033840872454728,0.032971824711210324,0.9331873028340617
21105,30105,Low,Low,0.030749699411685646,0.9357896665490218,0.033460634039292655
23405,32405,Low,Low,0.03377785927624838,0.9326116868893014,0.03361045383445024
33172,42172,Medium,Medium,0.02981994526714139,0.02980655657100093,0.9403734981618577
21741,30741,Medium,Medium,0.029958396551242814,0.03196328494866566,0.9380783185000915
29284,38284,Medium,High,0.9186777580087443,0.0396176232076747,0.04170461878358104
28247,37247,High,High,0.8615793398618985,0.04434924440177324,0.09407141573632823
7870,16870,Low,Medium,0.04401193938724065,0.3874314744244611,0.5685565861882983
2427,11427,Medium,Medium,0.03432635442016182,0.033130375989947024,0.9325432695898912
29534,38534,Medium,Medium,0.032485114821689504,0.03246251842889033,0.9350523667494203
19860,28860,Low,Low,0.033659980492258525,0.9320414593979637,0.034298560109777824
3401,12401,Low,Medium,0.03886641969532226,0.0334990161655461,0.9276345641391317
29079,38079,Medium,Medium,0.06597818358209305,0.03318335270111646,0.9008384637167905
14316,23316,Low,Low,0.02918963532384695,0.9399149051799776,0.03089545949617548
24474,33474,Medium,Medium,0.02956375687558352,0.052034833687529425,0.918401409436887
32262,41262,High,High,0.9311256887572888,0.035297481606422876,0.03357682963628824
28024,37024,Medium,Medium,0.03298670524754562,0.03566147187715132,0.9313518228753032
3682,12682,Medium,Medium,0.031186501617591993,0.03010205072253916,0.9387114476598688
24858,33858,High,High,0.9062622090831326,0.052183577754731814,0.04155421316213564
21423,30423,Medium,Medium,0.03269023789605324,0.03164351597113529,0.9356662461328115
2160,11160,High,High,0.936040369935553,0.030795411236420194,0.03316421882802687
28752,37752,High,High,0.9296720293053774,0.036206095576815624,0.03412187511780696
3787,12787,Medium,Medium,0.04665318468576581,0.03191743435830573,0.9214293809559284
31354,40354,Medium,Medium,0.03364550219531223,0.031302106254053615,0.9350523915506342
20377,29377,High,High,0.9351536794852379,0.029994860971508507,0.03485145954325352
22730,31730,Medium,Medium,0.03282143624668409,0.031139916159697262,0.9360386475936187
31368,40368,Medium,Medium,0.03578940410564135,0.034350077770667724,0.9298605181236909
33959,42959,High,High,0.9365416818333051,0.030364691611151393,0.03309362655554352
38103,47103,High,High,0.9383761278219968,0.029791204589130732,0.03183266758887263
28433,37433,High,High,0.9057189043527124,0.03409790292373306,0.06018319272355458
10882,19882,High,High,0.8560073415694341,0.038866316725482464,0.10512634170508335
4266,13266,Low,Low,0.0348282048022194,0.9227122828429031,0.04245951235487755
27747,36747,Medium,Medium,0.03185539138401287,0.033025221736554755,0.9351193868794324
14130,23130,Medium,Medium,0.032668906901416266,0.03203902516476367,0.9352920679338202
1692,10692,Low,Low,0.04023803587048733,0.8941788767635233,0.06558308736598936
4806,13806,Medium,Medium,0.03496166063218181,0.034743468904096665,0.9302948704637215
7481,16481,High,High,0.9382755510998436,0.03001682320077481,0.03170762569938165
20688,29688,Medium,Medium,0.030848326898462935,0.030256798530104864,0.9388948745714322
8717,17717,Medium,Medium,0.030871771950323756,0.031271630174222693,0.9378565978754535
12435,21435,High,High,0.9262956928059906,0.03939311497463378,0.034311192219375744
10913,19913,Medium,Medium,0.032320847011658056,0.0304688184990954,0.9372103344892465
8139,17139,Medium,Medium,0.03905251000022338,0.03151320478392053,0.9294342852158562
3033,12033,Medium,Medium,0.037413383748262995,0.02951407972964999,0.933072536522087
12912,21912,Medium,Medium,0.03178646747538588,0.029276817002518343,0.9389367155220958
23413,32413,Medium,Low,0.03279199996920334,0.9280332821955927,0.039174717835203925
33863,42863,Medium,Medium,0.032792287391916065,0.03226609983207545,0.9349416127760085
26551,35551,Medium,Medium,0.07859351951819103,0.4263593289911442,0.49504715149066475
1152,10152,Low,Low,0.030150577069600393,0.9368077327840937,0.033041690146306035
3223,12223,Medium,Medium,0.03247858870733648,0.03204438435951761,0.935477026933146
22903,31903,Medium,Medium,0.040891166650042846,0.032940444602664834,0.9261683887472923
13307,22307,Medium,Medium,0.030867320605414538,0.03007883888782779,0.9390538405067576
24209,33209,Low,Low,0.037345343382931155,0.9297365087592881,0.03291814785778072
15967,24967,Medium,Medium,0.040984862599239495,0.043018747716513116,0.9159963896842473
20428,29428,High,High,0.9378171848938502,0.030191804671822416,0.031991010434327456
35674,44674,High,High,0.9375398955324653,0.030856630160842568,0.03160347430669203
13616,22616,Medium,Medium,0.029737083128978787,0.029336775834495926,0.9409261410365253
37960,46960,Low,Low,0.035027325941450645,0.913550502012345,0.05142217204620439
21525,30525,Medium,Medium,0.033542568583689,0.03229983534984634,0.9341575960664645
32569,41569,Medium,Medium,0.03341680427479198,0.03212464787450123,0.9344585478507069
19137,28137,Medium,Medium,0.0334208761583465,0.030381026353681312,0.9361980974879721
25054,34054,High,High,0.9257919938812874,0.04319737104289256,0.03101063507581989
17467,26467,Low,Low,0.03339469503021456,0.9322462561990079,0.034359048770777535
20722,29722,Medium,Medium,0.03200293308150174,0.030708993166321186,0.937288073752177
34661,43661,Low,Low,0.029512012930340323,0.9397675026701663,0.0307204843994935
15488,24488,High,High,0.6840897531285929,0.03443488559814631,0.28147536127326084
17787,26787,Medium,Medium,0.03653966856576604,0.02969536459124475,0.9337649668429892
12580,21580,Medium,Medium,0.03483995449803986,0.03161408396317202,0.9335459615387881
9109,18109,Medium,Medium,0.032169897025901575,0.031826521524066564,0.9360035814500319
20880,29880,Medium,Medium,0.030404092580953435,0.029717006787171246,0.9398789006318752
8814,17814,High,High,0.9211013068802658,0.03840660790994779,0.04049208520978629
8505,17505,High,High,0.9325470251207338,0.03381677655121613,0.033636198328050204
18280,27280,Medium,Medium,0.04303464671524861,0.0394096049278235,0.9175557483569278
15947,24947,Medium,Medium,0.03595377777706955,0.039503573217766985,0.9245426490051635
16064,25064,Medium,Medium,0.0336468590224191,0.031444003494243374,0.9349091374833375
6894,15894,High,High,0.9369031838863422,0.0280735977014961,0.03502321841216177
4566,13566,Medium,Medium,0.030756070018366655,0.029464181640767844,0.9397797483408654
9908,18908,Low,Low,0.030537275524868557,0.9310501229180238,0.038412601557107545
28041,37041,Medium,Medium,0.034755632432102446,0.03651058527965306,0.9287337822882445
1253,10253,Low,Low,0.03763385245979365,0.927045260930892,0.03532088660931438
2250,11250,Low,Low,0.030106446401579497,0.9334307624729292,0.036462791125491306
19623,28623,Medium,Medium,0.033132548144147435,0.03115246029707312,0.9357149915587795
1381,10381,Low,Low,0.03858647387320304,0.9035935216861186,0.05782000444067842
17257,26257,Medium,Medium,0.032536185772287736,0.03240381493851371,0.9350599992891985
14474,23474,Medium,Medium,0.04120479019699209,0.035947247307716194,0.9228479624952918
23385,32385,Medium,Medium,0.033952085508583314,0.030876864990801594,0.935171049500615
35057,44057,Medium,Medium,0.0358771712688798,0.0313637810789311,0.9327590476521891
15085,24085,Low,Low,0.03136189326044911,0.9303827014386398,0.03825540530091112
14745,23745,Medium,Medium,0.032037066318753575,0.03223442601318288,0.9357285076680636
32431,41431,Medium,Low,0.037058851733465896,0.7776247398850974,0.1853164083814368
32199,41199,Low,High,0.9259479590612513,0.03400367538327267,0.04004836555547601
3862,12862,Low,Medium,0.045387756692697845,0.42772505702889263,0.5268871862784095
18609,27609,Low,Low,0.03117032511308468,0.8007856836131486,0.16804399127376665
30245,39245,High,High,0.9407154980001972,0.02813099714404348,0.031153504855759337
14561,23561,Medium,Medium,0.03418367130943632,0.38820923479959063,0.5776070938909732
22628,31628,Low,Low,0.032441764720681936,0.9363687691681309,0.031189466111187003
11423,20423,Medium,Medium,0.03390936155092809,0.03356444401912493,0.932526194429947
2123,11123,Low,Low,0.03452600412281661,0.9057062219525228,0.05976777392466062
14964,23964,Low,Low,0.03875468286317349,0.9217480512910603,0.039497265845766266
7044,16044,Medium,Medium,0.03409968469925886,0.035315653733693476,0.9305846615670476
28321,37321,Medium,Medium,0.03211147277395242,0.03214512339543315,0.9357434038306144
30944,39944,Low,Low,0.03327195748394208,0.9281698222481826,0.03855822026787526
37114,46114,Medium,Medium,0.030757904053616992,0.030312718179413528,0.9389293777669695
24755,33755,Medium,Medium,0.10161266196756201,0.03963385879723406,0.858753479235204
11811,20811,Medium,Medium,0.03414265382375616,0.039233412071100066,0.9266239341051437
29824,38824,Medium,Medium,0.04395063399988377,0.03899411806284376,0.9170552479372724
4317,13317,Medium,Medium,0.030622510416188183,0.032904257659973894,0.9364732319238379
10476,19476,Medium,Medium,0.029829122269877096,0.037280391981865814,0.9328904857482571
15623,24623,Medium,Medium,0.03476733081714825,0.03110909626507397,0.9341235729177778
7216,16216,Medium,Medium,0.03454443679842407,0.03368248147496982,0.9317730817266061
16782,25782,Low,Low,0.028645427542036944,0.937846645005815,0.03350792745214796
11909,20909,Low,Low,0.037306320942015754,0.9234797229291253,0.039213956128858966
6240,15240,Medium,Medium,0.0386670003825077,0.03379308482210105,0.9275399147953912
27131,36131,High,High,0.9331557527734807,0.02884040732162227,0.03800383990489689
36928,45928,High,High,0.9336614033154148,0.03055760125600704,0.03578099542857812
21330,30330,Low,Low,0.030981198156973217,0.9335749703217188,0.03544383152130804
37714,46714,High,High,0.904189230602661,0.03519145391323526,0.06061931548410379
3567,12567,Medium,Medium,0.03314559852234196,0.03510205729468859,0.9317523441829695
2445,11445,Low,Low,0.03310916562079333,0.8951186553051902,0.07177217907401656
4743,13743,High,High,0.7917178506647579,0.035471686270505974,0.17281046306473624
31782,40782,Medium,Medium,0.04038796918269411,0.031710455233732456,0.9279015755835734
9311,18311,Low,Low,0.031206626236000123,0.9347660096185301,0.034027364145469696
28996,37996,Medium,Medium,0.030901583496189506,0.02993967337725088,0.9391587431265597
27210,36210,High,High,0.9301850507687011,0.035995445198962965,0.03381950403233595
4010,13010,Medium,Medium,0.035768717856167774,0.033779888202139126,0.9304513939416931
37917,46917,Low,Low,0.03289874352068641,0.936111237048516,0.030990019430797617
27534,36534,Medium,Medium,0.03294702965118356,0.032183353028770845,0.9348696173200456
18993,27993,High,High,0.9255396257776298,0.030958886702234092,0.043501487520136044
36550,45550,Medium,Medium,0.036360349599604776,0.03348147267176662,0.9301581777286286
16282,25282,Medium,Medium,0.034226998214673406,0.038609605642008916,0.9271633961433176
15329,24329,High,High,0.9286013831242276,0.034358363181974695,0.03704025369379767
2040,11040,Medium,Medium,0.033090432451968355,0.03133703020788117,0.9355725373401506
29898,38898,Medium,Medium,0.03301417050542776,0.033866215892077466,0.9331196136024947
20406,29406,Medium,Medium,0.0344228838824949,0.0335072584540394,0.9320698576634657
5957,14957,Low,Low,0.031018942445285608,0.9328104094146599,0.03617064814005452
36504,45504,Low,Low,0.033480896972358766,0.9311470820176325,0.03537202101000863
4970,13970,Low,Low,0.03806923361005471,0.9216820687604907,0.04024869762945451
4229,13229,Medium,Medium,0.03348192283807817,0.034534465234933795,0.931983611926988
12453,21453,Low,Low,0.07788866870955223,0.8544187158630382,0.06769261542740955
27820,36820,Low,Low,0.029146384195877104,0.9367100280161225,0.034143587788000467
24200,33200,Medium,Medium,0.03282002811937257,0.030949085430648938,0.9362308864499784
29910,38910,Low,Low,0.032338915692481006,0.9344497545441731,0.0332113297633459
18029,27029,Low,Low,0.029940239410426613,0.9357966079296034,0.034263152659969875
36376,45376,Medium,Medium,0.03231820441672872,0.03031038426876845,0.9373714113145027
3965,12965,High,High,0.9390370387623695,0.02917621903732255,0.03178674220030797
29107,38107,High,High,0.9396457166788516,0.028906530948873976,0.031447752372274464
37032,46032,High,High,0.9398604884014032,0.028194824913678408,0.031944686684918275
23744,32744,Medium,High,0.932282479133729,0.032339123438406336,0.035378397427864826
12267,21267,High,High,0.8966721698017414,0.03574627629858488,0.06758155389967369
5745,14745,High,High,0.9385967693781354,0.028781067239445332,0.03262216338241914
31313,40313,Medium,Medium,0.05205214853981225,0.03268560257625231,0.9152622488839355
35800,44800,Medium,Medium,0.031453487981588986,0.02989924603404684,0.9386472659843642
29024,38024,Medium,Medium,0.040045728189446655,0.042328105491009016,0.9176261663195443
16627,25627,Low,Low,0.03501103996339478,0.924491010442764,0.040497949593841225
26968,35968,Medium,Medium,0.033237594719404275,0.031212232934442512,0.9355501723461531
22798,31798,Medium,Medium,0.035318314857803686,0.03800100812903522,0.9266806770131611
25743,34743,Medium,Medium,0.0328402187343086,0.03156815640667709,0.9355916248590144
37273,46273,Medium,Medium,0.034388740290046495,0.030717661154615824,0.9348935985553376
39596,48596,Low,Low,0.03534837617501985,0.9330127497130113,0.03163887411196893
5905,14905,Medium,Medium,0.03594278956488197,0.03184319824046228,0.9322140121946557
9153,18153,High,High,0.9197228523517106,0.03957378369762992,0.04070336395065952
32791,41791,Medium,Medium,0.033709062081795166,0.030807738930308932,0.9354831989878959
21508,30508,Medium,Medium,0.031224325973916518,0.03383395504424728,0.9349417189818361
8046,17046,Low,Low,0.030550233224000634,0.9370242642863899,0.03242550248960945
26716,35716,Medium,Medium,0.05497644792553006,0.04730366452028243,0.8977198875541875
24208,33208,Low,Low,0.034669525672506175,0.9267780419285786,0.038552432398915135
35239,44239,Medium,Low,0.03388480988865845,0.9337513617756267,0.032363828335714905
34466,43466,High,High,0.9109739292974065,0.04072167707704851,0.04830439362554484
9163,18163,Medium,Medium,0.03289435031711125,0.033606679677290474,0.9334989700055982
32414,41414,Medium,Medium,0.03162307188908909,0.030228092441864297,0.9381488356690465
15089,24089,Low,Low,0.041151158563421546,0.9128133518054709,0.046035489631107485
26958,35958,High,High,0.9195953621726387,0.04482214894077229,0.035582488886589124
26658,35658,Medium,Medium,0.03129847637643443,0.06739993290155595,0.9013015907220097
28071,37071,Medium,Medium,0.03268053882922948,0.031167376848452943,0.9361520843223176
25912,34912,Low,Low,0.028403564853059716,0.9411948742186884,0.03040156092825197
32704,41704,Medium,Medium,0.03270325829218431,0.030802066300530218,0.9364946754072855
32167,41167,Medium,Medium,0.03496280519014234,0.03247557709966954,0.9325616177101882
29815,38815,Medium,Medium,0.030851082759952877,0.029696090801238247,0.939452826438809
6730,15730,Medium,Medium,0.043523410583032184,0.04268343637470239,0.9137931530422655
13297,22297,High,High,0.9387976226198477,0.030349619966162228,0.030852757413990087
37612,46612,Medium,High,0.9408825306084071,0.027658878957762877,0.031458590433830085
10769,19769,Low,Low,0.029256826030922816,0.9343327446049869,0.03641042936409031
12383,21383,Low,Low,0.036261830432918765,0.92538317829556,0.03835499127152119
5464,14464,High,High,0.9362614050164629,0.028948511930284315,0.03479008305325277
16019,25019,Low,Low,0.03410049264750122,0.9289688665132371,0.036930640839261654
18689,27689,Medium,Medium,0.03264132815027796,0.034357377128836845,0.9330012947208853
28086,37086,High,Low,0.03521643111518127,0.9274755489612542,0.03730801992356451
30538,39538,Low,Low,0.028569612896309896,0.9356938710952889,0.03573651600840122
23952,32952,Medium,High,0.9198294321315884,0.031261300057857704,0.048909267810553846
8036,17036,Medium,Medium,0.03286331207086681,0.03178733939046639,0.9353493485386668
36045,45045,Medium,Medium,0.036695184274903904,0.033292142646738916,0.9300126730783571
308,9308,Medium,Medium,0.03308849061688473,0.031096744932460414,0.9358147644506549
7635,16635,High,High,0.9296260983406904,0.03322898521409027,0.03714491644521926
4915,13915,Low,Low,0.030355180119699312,0.9307249680543119,0.038919851825988776
32656,41656,Medium,Medium,0.034216365978464315,0.03812235773576739,0.9276612762857682
3873,12873,Medium,Medium,0.03143249752343782,0.03013152560368178,0.9384359768728805
10143,19143,Medium,Medium,0.033727140013530964,0.030458318260248626,0.9358145417262204
28548,37548,Low,Low,0.02727825652052129,0.9405724665146847,0.03214927696479395
5818,14818,Low,Low,0.041006210206744866,0.9206399991500782,0.038353790643176865
28084,37084,Low,Low,0.04245632548911359,0.9016182765964689,0.05592539791441755
20453,29453,Medium,Medium,0.032517126930587344,0.03054127918997154,0.9369415938794411
30834,39834,Medium,Medium,0.03764033306108836,0.03345047295628977,0.9289091939826218
1060,10060,Medium,Medium,0.03154878666561334,0.03044624791013585,0.9380049654242507
6975,15975,High,High,0.9209443697039777,0.04482622056394773,0.03422940973207456
14730,23730,Medium,Medium,0.047962080706169224,0.03842140859654939,0.9136165106972814
37542,46542,High,High,0.9361864897452712,0.029959112295287516,0.03385439795944116
24037,33037,Medium,Medium,0.03271322177295356,0.031202109464825416,0.936084668762221
26317,35317,High,Medium,0.0332521377424645,0.031949432332867005,0.9347984299246686
7537,16537,Medium,Medium,0.03448673231822269,0.030208220935488615,0.9353050467462887
26079,35079,Low,Low,0.03569694454302249,0.8840597164656369,0.08024333899134056
19333,28333,Low,Low,0.03452661082339815,0.9292938194909511,0.03617956968565078
22878,31878,Medium,Medium,0.032210541937878166,0.031683430132338285,0.9361060279297836
34205,43205,Medium,Medium,0.04113514852885274,0.03544898166765231,0.923415869803495
18217,27217,Low,High,0.925242284170408,0.03340252634389499,0.041355189485697115
6169,15169,Medium,Medium,0.03319498611123365,0.03055797148596089,0.9362470424028054
37275,46275,Low,Low,0.027588336670241142,0.9409919713844391,0.031419691945319704
24265,33265,High,High,0.9361765208205327,0.027937629626419477,0.03588584955304774
4049,13049,Medium,Low,0.032980631906806696,0.9255302031866304,0.04148916490656285
6196,15196,Medium,Medium,0.04184568096954206,0.0371733023052519,0.920981016725206
39942,48942,Low,Low,0.030612402780407725,0.9172745346465517,0.05211306257304058
24408,33408,Medium,Medium,0.040309257901487094,0.03289392526485361,0.9267968168336593
30802,39802,Medium,Medium,0.03266643754835407,0.031223148446903982,0.9361104140047419
23644,32644,Low,Low,0.036864587827725656,0.7958931965754942,0.16724221559678018
2338,11338,High,High,0.937435209828366,0.029425906875739188,0.033138883295894955
20505,29505,Medium,Medium,0.03234479824488252,0.030473026004147485,0.9371821757509701
31736,40736,Medium,Medium,0.03182825007716781,0.03260740603668818,0.935564343886144
5080,14080,Medium,Medium,0.0608107199333382,0.4088361927283806,0.5303530873382811
7208,16208,High,High,0.9389391637988241,0.028197441304031883,0.0328633948971441
32299,41299,High,High,0.9317983583351905,0.03000841091055557,0.038193230754253966
35530,44530,Medium,Medium,0.03633374290470101,0.03960904557436381,0.9240572115209352
30315,39315,Medium,Medium,0.03298057776542815,0.031388487934578144,0.9356309342999937
5974,14974,High,High,0.9176634576347422,0.031909323488099134,0.050427218877158696
1097,10097,Low,High,0.9150115631632739,0.040580677455792614,0.04440775938093348
19886,28886,Medium,Medium,0.032675287579324426,0.030576722947166526,0.936747989473509
7193,16193,High,High,0.9317345321773535,0.03341786730240848,0.03484760052023795
17955,26955,High,Low,0.042517417630788895,0.9207339557032181,0.03674862666599304
2241,11241,Medium,Medium,0.03286170192288391,0.03315917656526204,0.9339791215118541
37579,46579,Low,Low,0.0345534695507982,0.9330895307999612,0.03235699964924063
3586,12586,High,High,0.9337023144712043,0.030853895944011046,0.03544378958478463
16463,25463,High,High,0.9312550849082398,0.03500152304461932,0.033743392047140906
1966,10966,Medium,Medium,0.13805102786714427,0.0347416635137325,0.8272073086191232
33468,42468,Low,Low,0.031191630901305067,0.9157724744262715,0.053035894672423624
8118,17118,Low,Low,0.03224073068533939,0.916084066888298,0.05167520242636257
35506,44506,Medium,Medium,0.03564211381427867,0.03064906203916855,0.9337088241465529
357,9357,Medium,Medium,0.03172950069251267,0.03252453749447138,0.9357459618130161
23295,32295,Low,Medium,0.03199156382003448,0.03095145566265255,0.9370569805173131
27765,36765,Low,Low,0.036742109160693336,0.92635713043197,0.03690076040733659
1744,10744,Medium,High,0.919469191306808,0.03626281875163699,0.044267989941554974
34008,43008,Low,Low,0.03284136890561475,0.9183747484970718,0.04878388259731353
5622,14622,Low,Low,0.04115481188692203,0.711200043471186,0.247645144641892
32915,41915,Medium,Medium,0.035829524872604046,0.034912995123012,0.9292574800043839
20435,29435,Low,Low,0.031390689353242046,0.9359498649084276,0.03265944573833026
16496,25496,Medium,High,0.9299581571672175,0.035188717131140135,0.0348531257016424
14383,23383,High,Medium,0.03891094368917255,0.03494878909933392,0.9261402672114936
2509,11509,Medium,High,0.9271659141579106,0.031834518485074896,0.04099956735701446
8916,17916,Low,High,0.9342836208344888,0.032173763339209537,0.03354261582630163
10242,19242,Low,Medium,0.03270543171120751,0.03265914386961566,0.9346354244191768
1052,10052,Medium,Medium,0.05332364580486577,0.043585957375095685,0.9030903968200384
16934,25934,Medium,Medium,0.03207019268635345,0.032111530453929525,0.9358182768597169
8368,17368,High,High,0.9168859138722957,0.03727354333528548,0.04584054279241884
31624,40624,Medium,Medium,0.03235160721980369,0.031164793866593415,0.936483598913603
28789,37789,Low,Low,0.04282479955129274,0.9069266085453501,0.05024859190335714
26130,35130,Low,Low,0.0358941373439206,0.9267390165364159,0.037366846119663406
25977,34977,Medium,Medium,0.030973880222163255,0.030712694278410658,0.9383134254994262
15186,24186,Low,Low,0.029880485708970044,0.9381351134888876,0.031984400802142515
29086,38086,High,High,0.9358745697574392,0.028920072326813234,0.035205357915747526
5307,14307,Medium,Medium,0.03441568069103565,0.03280007049862466,0.9327842488103397
25533,34533,High,High,0.9286505303337211,0.03684080192392999,0.03450866774234882
8335,17335,Medium,Medium,0.04298928836693616,0.03763348636895256,0.9193772252641113
31956,40956,High,High,0.9273184075695823,0.03536736716112358,0.037314225269294087
27802,36802,Medium,Medium,0.03419876179160817,0.03272991261752536,0.9330713255908666
37939,46939,Medium,Medium,0.03082947471853419,0.030634690809693027,0.9385358344717728
21366,30366,High,Medium,0.031837638442379794,0.03038915462341472,0.9377732069342054
18562,27562,Medium,Medium,0.03215101971396477,0.037052655996226515,0.9307963242898087
34126,43126,High,Low,0.031926063254686436,0.9114423571138346,0.05663157963147895
32784,41784,Medium,Medium,0.032297086145218555,0.030885981574178326,0.9368169322806033
39458,48458,Medium,Medium,0.03204549190707139,0.03014694021645063,0.937807567876478
26286,35286,Low,Low,0.03278479555727668,0.9321247866141612,0.03509041782856221
5759,14759,Medium,Medium,0.03209447646217547,0.030836234244675992,0.9370692892931486
35083,44083,Low,Low,0.03572332421740021,0.9236957018165338,0.04058097396606598
15371,24371,Medium,Medium,0.03526561063747421,0.034421020312132976,0.9303133690503929
25110,34110,Medium,Medium,0.03169087978350127,0.03770981303295939,0.9305993071835393
2852,11852,Medium,Medium,0.03191232820691597,0.03136287898819145,0.9367247928048926
9051,18051,High,High,0.9395655033933265,0.029120705361675398,0.03131379124499826
10260,19260,High,High,0.9278325280478782,0.03175006110775196,0.040417410844369867
21974,30974,High,High,0.8861913183676137,0.053540018035633796,0.06026866359675263
33417,42417,Low,Low,0.028945214599842128,0.9366171018671614,0.03443768353299648
13293,22293,High,High,0.9383993595278882,0.03081479004642665,0.03078585042568512
1131,10131,Medium,Medium,0.039165415699032195,0.03229638534962989,0.9285381989513378
8320,17320,Medium,Medium,0.03172211734365549,0.031857866325463564,0.936420016330881
279,9279,Low,Low,0.032633888353287795,0.9246655011212298,0.04270061052548243
14966,23966,Low,Low,0.03564092488461756,0.9142716288862457,0.050087446229136745
24296,33296,Low,Low,0.08927921706600221,0.6149690461563591,0.2957517367776387
32207,41207,Medium,Medium,0.03052155113824584,0.030865059100115055,0.9386133897616391
20138,29138,Medium,Medium,0.03138325292105499,0.03188408528122149,0.9367326617977235
4166,13166,Medium,Medium,0.030741538532945575,0.03229258488641632,0.9369658765806381
14330,23330,High,High,0.9267762797679304,0.031072561947581914,0.0421511582844876
38250,47250,Medium,Medium,0.03133086533918234,0.03227898348294129,0.9363901511778763
5206,14206,Low,Low,0.032979144524510916,0.922049248666581,0.04497160680890799
31796,40796,Medium,Medium,0.03201603899090995,0.03143607135814206,0.9365478896509479
13803,22803,Low,Low,0.04093185383802565,0.924478531448377,0.034589614713597304
10444,19444,Medium,Medium,0.0355635695652099,0.04052028434838054,0.9239161460864095
9426,18426,Medium,Medium,0.033391466222525194,0.03145820784917503,0.9351503259282999
21284,30284,Medium,Medium,0.029661551455971043,0.08098162317177147,0.8893568253722574
13726,22726,Medium,Medium,0.03333953585520296,0.03367897902657,0.9329814851182271
22256,31256,Low,Low,0.03786051042810954,0.9267254951927125,0.03541399437917788
28470,37470,High,High,0.856908764853164,0.04193448352855641,0.10115675161827965
17340,26340,Medium,High,0.9394740880622464,0.02894833729584034,0.03157757464191322
2919,11919,High,High,0.9349639815345521,0.029472833729827532,0.03556318473562031
40024,49024,Medium,Medium,0.02705268205888296,0.028515209797938767,0.9444321081431784
21772,30772,High,High,0.9305538641769197,0.028652466889744627,0.040793668933335636
23286,32286,High,High,0.9392857071823676,0.027411688543035034,0.033302604274597525
13148,22148,Medium,Medium,0.03495195940694475,0.034119398923755,0.9309286416693001
35978,44978,High,High,0.9302188153897987,0.034948068076673396,0.034833116533527914
5471,14471,Medium,Medium,0.03138718909479676,0.031814478690085655,0.9367983322151177
33198,42198,Low,Low,0.04262921833859243,0.9248515343885977,0.032519247272809866
23925,32925,Medium,Medium,0.031358584289126114,0.030708084551999953,0.9379333311588739
3846,12846,Medium,Medium,0.03264118897001403,0.03204897066715227,0.9353098403628337
9350,18350,High,High,0.9344373541383056,0.030906363324932407,0.034656282536761944
26800,35800,Low,Low,0.030054179017669238,0.936713954076725,0.03323186690560576
23097,32097,Low,Low,0.04291557238389529,0.9195490610727631,0.037535366543341685
15996,24996,High,High,0.939243947735254,0.028030963419723637,0.03272508884502228
8107,17107,Low,Low,0.03576417057940651,0.9208173666407159,0.0434184627798776
38006,47006,High,High,0.9220975633260741,0.03710243430819359,0.0408000023657324
15772,24772,Low,Low,0.03298491405337522,0.9323712483997547,0.034643837546870206
1525,10525,Medium,Medium,0.03132757708394983,0.03066205251626671,0.9380103703997835
15867,24867,Low,Low,0.032575435258530745,0.9350130255413083,0.032411539200160856
34389,43389,Medium,Medium,0.032223176382435624,0.030808386562139984,0.9369684370554244
26262,35262,Low,Low,0.03220905219823417,0.9355068105578281,0.032284137243937756
12472,21472,Medium,Medium,0.061223456480890975,0.051748108683723086,0.8870284348353858
24748,33748,Low,Low,0.0349152636530086,0.9338342614357655,0.031250474911225894
35541,44541,Medium,Medium,0.04087837195723425,0.04384574321248431,0.9152758848302814
2871,11871,Medium,Medium,0.03297081424597648,0.030589705354390723,0.9364394803996329
3249,12249,High,High,0.9383835717693323,0.029698923443871622,0.031917504786796023
1694,10694,Low,Low,0.03766201671531792,0.8539887271122678,0.10834925617241438
9776,18776,Medium,Medium,0.03142402308792558,0.4511799346724841,0.5173960422395903
35568,44568,Low,Low,0.03327302350286301,0.7276275165062985,0.2390994599908385
32342,41342,Medium,Medium,0.03422793630327203,0.0317299779162185,0.9340420857805095
10631,19631,High,High,0.9196966020387668,0.032172633805894794,0.048130764155338436
22061,31061,Medium,Medium,0.039643698946225686,0.0336789040257872,0.9266773970279871
16885,25885,High,High,0.8692190670264884,0.047046586048371995,0.08373434692513966
11913,20913,Medium,Medium,0.03260069507057225,0.032534232347650814,0.934865072581777
6208,15208,High,High,0.9327037774626251,0.034714998990115487,0.03258122354725937
33240,42240,Medium,Medium,0.0321420348587514,0.03274485028919772,0.9351131148520508
16090,25090,High,High,0.932558527416532,0.03005305059276547,0.03738842199070246
36645,45645,High,High,0.9304832925365574,0.033276590927829384,0.03624011653561331
24388,33388,Medium,Medium,0.03371967111166235,0.03161110044735721,0.9346692284409804
29168,38168,High,Medium,0.03343700587417519,0.03328313215037893,0.9332798619754458
39592,48592,Medium,Medium,0.03119652456901371,0.029791684262051615,0.9390117911689346
39558,48558,High,High,0.9312645770848024,0.03220752755110553,0.036527895364092074
35931,44931,Medium,Medium,0.03987480308433317,0.03546194051451212,0.9246632564011547
27277,36277,Low,Medium,0.049173754190492996,0.032324281544880686,0.9185019642646263
9556,18556,High,High,0.9368850068771266,0.029803865796931384,0.033311127325941964
26797,35797,High,High,0.927636573972432,0.03239825687948535,0.03996516914808249
9599,18599,High,Medium,0.05946670432105385,0.032737714939106266,0.9077955807398399
6972,15972,Low,Low,0.0356185566238914,0.8231257324164555,0.14125571095965309
34949,43949,Medium,Medium,0.03226298652767195,0.03226474953771799,0.93547226393461
4709,13709,Medium,Medium,0.03702412250987897,0.043359039494298195,0.9196168379958228
28123,37123,Medium,Medium,0.04119750244088694,0.035527673646929145,0.923274823912184
17896,26896,High,Medium,0.03605320839097694,0.031182135103037256,0.9327646565059858
33160,42160,Medium,Medium,0.02853514533475156,0.030122990892975654,0.9413418637722728
1265,10265,Low,Low,0.03239001515473813,0.9223133099667596,0.04529667487850214
33612,42612,High,High,0.9331367118642611,0.03578985984404096,0.03107342829169796
33813,42813,High,Low,0.043978980701479785,0.8655903575453793,0.09043066175314089
14794,23794,Low,Low,0.034412895848859204,0.9103816041269859,0.05520550002415492
33534,42534,Low,Low,0.03551204258025236,0.9271569293734583,0.03733102804628937
39805,48805,Medium,Medium,0.03579079837458573,0.0328079172524977,0.9314012843729166
3893,12893,High,High,0.9288237277208505,0.030691670421722102,0.04048460185742737
6086,15086,Low,Low,0.02759895705759469,0.9414448652461692,0.030956177696236032
38061,47061,Medium,Medium,0.03097634465453135,0.02996929904117564,0.9390543563042929
4224,13224,High,High,0.9347201094165148,0.030051397666671933,0.03522849291681316
11940,20940,Medium,Medium,0.03627045962826189,0.09772025350138586,0.8660092868703523
39741,48741,High,High,0.9405691686845575,0.028020086868151762,0.03141074444729061
14284,23284,Low,Low,0.032778740775026405,0.932615021795205,0.034606237429768545
4801,13801,Low,Medium,0.03555790882339576,0.03405741912109938,0.930384672055505
29965,38965,High,High,0.9195524194135108,0.03508610344709332,0.04536147713939579
17597,26597,Medium,Medium,0.03280127853799893,0.031927515959106,0.935271205502895
29556,38556,Medium,Medium,0.033863452248018254,0.034392953864347424,0.9317435938876345
17924,26924,Medium,Medium,0.03212883011604378,0.032344494738586235,0.93552667514537
760,9760,Low,Low,0.030815072282430994,0.9313564818944124,0.0378284458231567
39819,48819,High,High,0.9353574233571322,0.030570693800190077,0.03407188284267757
28138,37138,Medium,Medium,0.03360273561353908,0.24173560484323894,0.724661659543222
3998,12998,Medium,Medium,0.03154654697452854,0.030271147351233943,0.9381823056742374
12649,21649,Medium,Low,0.03361023878929786,0.9310201673428405,0.03536959386786174
30494,39494,High,Low,0.04250279441191188,0.9064736724272296,0.05102353316085851
10040,19040,High,High,0.9372680630671971,0.029092761277662638,0.03363917565514033
8190,17190,Medium,Medium,0.03407958421519946,0.03271010395239208,0.9332103118324085
15970,24970,High,Medium,0.03570617811738325,0.034528677063437645,0.9297651448191792
39764,48764,Low,High,0.9282852371528678,0.03134385409294585,0.04037090875418626
28314,37314,Medium,Medium,0.03477469562372585,0.03123740477090503,0.9339878996053691
4452,13452,High,High,0.9345255204958282,0.030053728023309263,0.035420751480862454
19366,28366,Low,High,0.907811449710778,0.04358426920517344,0.04860428108404861
31544,40544,Medium,Medium,0.030750571209574085,0.033095135421272605,0.9361542933691532
13506,22506,Low,Low,0.034454110479161935,0.930893011268104,0.034652878252733964
11065,20065,High,High,0.9121499968515305,0.04212009127697187,0.045729911871497615
36712,45712,Low,Low,0.033391425318387895,0.931373665376681,0.035234909304931186
12417,21417,Medium,Medium,0.03925078389085341,0.03297787855037373,0.9277713375587728
23867,32867,Medium,Medium,0.03465640867456235,0.031169381137930625,0.934174210187507
38415,47415,Low,Low,0.03515457389339728,0.9258050250477337,0.03904040105886914
24274,33274,High,High,0.9389876160326572,0.02961245264084494,0.03139993132649779
14478,23478,Medium,Medium,0.03553232963500339,0.034849853611117275,0.9296178167538792
26911,35911,Medium,Medium,0.035822465018710045,0.04167177486698142,0.9225057601143085
24055,33055,Low,Low,0.03786612284446123,0.9130364912465244,0.04909738590901421
27634,36634,Medium,Medium,0.03425264473576688,0.03069705789436052,0.9350502973698727
30869,39869,Medium,Medium,0.03733113580408664,0.03331803933015318,0.9293508248657602
2086,11086,High,High,0.9308986953304261,0.03228559621173612,0.03681570845783779
22517,31517,Medium,Medium,0.03459593227689323,0.031409215803750716,0.933994851919356
36385,45385,High,High,0.9335577587993312,0.03234256709958507,0.034099674101083645
33083,42083,Low,Low,0.04754623250102932,0.9064758645555485,0.04597790294342205
2394,11394,Medium,Medium,0.032659420347772215,0.03203046725192604,0.9353101124003018
16500,25500,Medium,Medium,0.03345792381401838,0.03711601926414043,0.9294260569218412
1835,10835,Medium,Medium,0.031466993541317954,0.030413345999923385,0.9381196604587587
7576,16576,Medium,Medium,0.03728633766276749,0.038677427908905486,0.924036234428327
38074,47074,Medium,Medium,0.03286949208503261,0.03102193978033158,0.9361085681346357
21682,30682,High,High,0.9381947387716894,0.02965119231839927,0.03215406890991154
32000,41000,High,High,0.9359135214909395,0.031276687751770636,0.032809790757289736
29833,38833,High,High,0.932551880279,0.03204530314190288,0.035402816579097114
19681,28681,Low,Low,0.028884870393239937,0.9386325425055659,0.03248258710119404
25271,34271,High,Low,0.033055896884891044,0.9164748826464896,0.05046922046861957
21587,30587,High,High,0.9395444271576222,0.028377047949389167,0.032078524892988756
27743,36743,Medium,Medium,0.03639109465862809,0.0435385769008384,0.9200703284405334
18688,27688,Medium,Medium,0.03122866260887493,0.03147118507203361,0.9373001523190915
16136,25136,Medium,Medium,0.032126521218562056,0.03626223763980738,0.9316112411416304
18918,27918,Medium,Medium,0.032883129217419885,0.03625904245789291,0.9308578283246871
31783,40783,Medium,Medium,0.032693807497854034,0.03147278079365337,0.9358334117084927
38676,47676,High,High,0.9360702305191779,0.029009082022223378,0.03492068745859864
37616,46616,High,High,0.9193158030166133,0.03503562224952411,0.04564857473386261
31817,40817,Medium,Medium,0.030452914786582883,0.029434824685134527,0.9401122605282826
33782,42782,High,High,0.9333027004956129,0.03198195713105361,0.03471534237333344
22173,31173,High,High,0.9170724338540878,0.03830212036443543,0.04462544578147692
23940,32940,Low,Low,0.03816860492893217,0.9224375327716388,0.0393938622994292
3563,12563,Low,Low,0.03120980400329949,0.9341523731167816,0.03463782287991896
34832,43832,Medium,Medium,0.036114683183653344,0.03269853870010927,0.9311867781162375
18847,27847,Low,Medium,0.049497591096991235,0.3515842125029896,0.5989181964000192
27911,36911,Medium,Medium,0.03372513456891602,0.03433991741957471,0.931934948011509
18182,27182,Medium,Medium,0.032827503835893924,0.031976234841386626,0.9351962613227195
7891,16891,Medium,Medium,0.03555851066412765,0.03548309393937845,0.9289583953964939
38276,47276,High,Medium,0.03217008416592777,0.03173262625091188,0.9360972895831604
28155,37155,Medium,Medium,0.04576869408313982,0.04939465754402216,0.904836648372838
18698,27698,High,High,0.9264444927827619,0.03512666296894019,0.038428844248297976
29313,38313,Medium,Medium,0.03361146082093868,0.033645612504882044,0.9327429266741794
34885,43885,Medium,Medium,0.3252109964131435,0.03259905407675262,0.6421899495101039
27218,36218,Medium,Medium,0.03124098202544891,0.030658352385541498,0.9381006655890095
6365,15365,Medium,Medium,0.033385119143527424,0.029899926994752034,0.9367149538617205
12392,21392,Low,Low,0.0628055251385095,0.8790295032278234,0.05816497163366711
31109,40109,Medium,Medium,0.05447037954427958,0.150298992330536,0.7952306281251844
23580,32580,Low,Low,0.03416060734246678,0.9332462668265502,0.03259312583098322
19117,28117,Medium,Medium,0.032997007168544916,0.03211005316052518,0.9348929396709299
7685,16685,High,High,0.9338825636729657,0.03401564936233232,0.0321017869647019
26429,35429,Medium,Medium,0.0324301986416205,0.030333984094393713,0.9372358172639857
26140,35140,Medium,Medium,0.03227083655191523,0.03242706065340913,0.9353021027946756
28538,37538,Low,Low,0.03325788543864074,0.9246341428217867,0.042107971739572626
24498,33498,Medium,Medium,0.03601333345124005,0.04007658763210883,0.9239100789166512
18591,27591,Medium,Medium,0.03370520646634099,0.033448474832822726,0.9328463187008363
37894,46894,Medium,Medium,0.027651456646326757,0.03303493209156668,0.9393136112621067
18109,27109,Medium,High,0.7738620987402466,0.0656309154841538,0.16050698577559955
29551,38551,Medium,Medium,0.04320807193433954,0.0333832205514219,0.9234087075142385
24684,33684,Medium,Medium,0.031048544366798075,0.029921295175797783,0.9390301604574042
15718,24718,High,High,0.9409309557047014,0.027916310219696455,0.031152734075602026
24882,33882,Medium,Medium,0.03664870713662178,0.032011715603070055,0.931339577260308
30110,39110,Medium,Medium,0.03272378203837676,0.0390190040031262,0.928257213958497
11110,20110,Medium,Medium,0.033267744589176994,0.03450757114094141,0.9322246842698815
30036,39036,Medium,Medium,0.03470909651063752,0.03586332633902506,0.9294275771503373
30897,39897,Medium,Medium,0.03389162557278364,0.0358282861940259,0.9302800882331904
23871,32871,Low,Low,0.03558682641652818,0.9235594892018364,0.04085368438163544
11615,20615,High,High,0.9218632710489748,0.03687326765387962,0.04126346129714562
17177,26177,Medium,Medium,0.034742870491431294,0.033430033345078075,0.9318270961634906
9756,18756,Medium,Medium,0.03188408158661654,0.0333641797467506,0.9347517386666327
39208,48208,Medium,Medium,0.03482851764602916,0.03171844030216062,0.9334530420518101
7967,16967,High,High,0.8744068864559709,0.04497651693539811,0.08061659660863098
5684,14684,Medium,Medium,0.03061313730119011,0.03088608036831326,0.9385007823304966
15453,24453,Low,Medium,0.04113688466593867,0.03346118468846777,0.9254019306455937
26081,35081,Medium,Medium,0.02744824455734785,0.027475967482062935,0.9450757879605892
4512,13512,High,High,0.9379005371665167,0.029431174766213385,0.03266828806727004
8373,17373,High,High,0.9291204208503968,0.03397742259044382,0.03690215655915941
37654,46654,Medium,Medium,0.0314257855044359,0.03231503626197336,0.9362591782335907
17757,26757,Low,Low,0.029561220984727483,0.9400012194776343,0.030437559537638204
34721,43721,Low,Low,0.03356344057704636,0.9296000748745783,0.03683648454837539
15289,24289,Medium,Medium,0.032124114660717976,0.03286896163156649,0.9350069237077155
19273,28273,Medium,Medium,0.03331807523678917,0.030895579972688922,0.9357863447905218
10164,19164,Medium,Medium,0.033758292720853726,0.03222922427781174,0.9340124830013345
18452,27452,High,High,0.8778779192749656,0.03600677484306667,0.0861153058819677
28648,37648,Low,Low,0.03317100291021572,0.9329456237953861,0.03388337329439818
38535,47535,Medium,Medium,0.03332899790791707,0.03320371411592077,0.9334672879761622
10870,19870,Medium,Medium,0.030937450345022082,0.030358126741821655,0.9387044229131561
15929,24929,Low,Low,0.039898970347085456,0.8599670342948494,0.10013399535806501
38696,47696,Medium,Medium,0.041316171563550025,0.03464280415437936,0.9240410242820706
2117,11117,Low,Low,0.030173906750357957,0.9389526949178825,0.030873398331759533
29438,38438,Medium,Medium,0.036610991575301066,0.0313578319711963,0.9320311764535026
21100,30100,Medium,Medium,0.03173892773509416,0.03499032994159348,0.9332707423233123
8571,17571,High,High,0.7908997040133702,0.036287660391672374,0.17281263559495763
22335,31335,Low,Low,0.02916887862148061,0.9387029411858672,0.03212818019265215
1950,10950,High,High,0.9364487116985959,0.030157420465431583,0.03339386783597251
34474,43474,Medium,Low,0.03862205253215822,0.7867106786005665,0.17466726886727524
2650,11650,Low,Low,0.03526963980495434,0.8939936854644942,0.0707366747305514
30092,39092,Medium,Medium,0.03442405397436917,0.03636474991489209,0.9292111961107388
3600,12600,Low,Low,0.03015030792329286,0.9148807492346656,0.05496894284204168
14862,23862,Medium,Medium,0.030982255599712422,0.03111630669990853,0.937901437700379
13456,22456,High,High,0.937486734976939,0.028239146203184892,0.034274118819876055
31220,40220,Medium,Medium,0.03417507897857586,0.03247058793590943,0.9333543330855147
9214,18214,Low,Low,0.03446754677432961,0.8488229444331195,0.11670950879255086
31967,40967,Medium,Medium,0.03195971600164117,0.03296610138519593,0.935074182613163
22769,31769,Medium,Medium,0.03574492934668904,0.03788108156022939,0.9263739890930816
35319,44319,Low,Low,0.036873064438324804,0.9044615018131953,0.0586654337484799
1945,10945,Low,High,0.9309399031554003,0.03449463224584872,0.03456546459875092
186,9186,High,High,0.9309734979504133,0.03255799262055699,0.03646850942902966
27328,36328,High,Medium,0.033762894883222615,0.03300067460262296,0.9332364305141544
7406,16406,High,High,0.9271420403093454,0.03480711290517217,0.03805084678548252
24495,33495,High,High,0.845875201720128,0.03793256671388102,0.11619223156599101
28276,37276,Medium,Medium,0.04693443069517605,0.04604716504821119,0.9070184042566128
13640,22640,Medium,Medium,0.03501369620884794,0.04141540179391391,0.9235709019972381
15379,24379,High,High,0.9280970676968477,0.037299853953115775,0.03460307835003664
1391,10391,Medium,Medium,0.03172163646664974,0.031005287757255185,0.937273075776095
23250,32250,Low,Low,0.034401640698740577,0.8853872980353242,0.08021106126593519
12075,21075,Medium,Medium,0.03569280016389471,0.03150670684673124,0.9328004929893741
30530,39530,Medium,Medium,0.03264706620041727,0.030169243045533017,0.9371836907540496
37583,46583,Low,High,0.9333476987737558,0.029152326652926882,0.03749997457331741
31913,40913,Low,Low,0.030554750029495606,0.8882121127392709,0.08123313723123358
12745,21745,Medium,Medium,0.07400882115030187,0.03949805797958437,0.8864931208701137
24375,33375,Medium,Medium,0.03209158467743769,0.03045291756667949,0.9374554977558828
27267,36267,Medium,Medium,0.036110506987500186,0.16237822867004403,0.8015112643424557
15657,24657,Medium,Medium,0.03342960911469259,0.035213236986094756,0.9313571538992127
28673,37673,High,High,0.9353766685681025,0.02949183770667131,0.03513149372522611
6389,15389,Low,Low,0.03126833345059576,0.9231034415288452,0.04562822502055919
2496,11496,Medium,Medium,0.03459939395807138,0.030306726512355015,0.9350938795295737
27622,36622,Medium,Medium,0.03508158574313642,0.43002372993541416,0.5348946843214495
28026,37026,Low,Low,0.033179759523256074,0.8076448007871152,0.15917543968962858
32024,41024,Low,Low,0.03935397439375022,0.9129187607244204,0.04772726488182947
5149,14149,Medium,Medium,0.03253316963680449,0.03291583356467088,0.9345509967985247
22381,31381,Low,Low,0.029399508789165533,0.8668423812296787,0.10375810998115585
21871,30871,Medium,Medium,0.03288636372454682,0.031470635845240645,0.9356430004302125
32777,41777,Medium,Medium,0.08482314632607979,0.16132565476480196,0.7538511989091182
37451,46451,Medium,Low,0.03416658354066209,0.9309314639216247,0.03490195253771324
10757,19757,Medium,Medium,0.03283187063506512,0.032259413999080715,0.9349087153658542
3101,12101,Medium,Medium,0.044083178037400174,0.05078160504370219,0.9051352169188976
29353,38353,Medium,Medium,0.03285165424605688,0.0313739662596236,0.9357743794943195
29741,38741,Medium,Medium,0.0449429563575027,0.056219649253980396,0.8988373943885168
16061,25061,High,High,0.7639881054150629,0.055354790490977135,0.18065710409396
23802,32802,Low,High,0.9384653259317258,0.029661806583921646,0.03187286748435255
1079,10079,High,High,0.9387535599825384,0.029509590430128813,0.03173684958733268
27628,36628,High,High,0.9381647914031862,0.02902366918428702,0.03281153941252682
25262,34262,High,High,0.9383309189172285,0.03000454035736828,0.031664540725403235
35963,44963,Medium,Medium,0.0358395632920461,0.032136875878498845,0.932023560829455
32932,41932,Medium,Medium,0.032197068179978645,0.03225659198789569,0.9355463398321257
30180,39180,High,Medium,0.2597075115380843,0.0992354074521143,0.6410570810098014
37706,46706,High,High,0.9287121079433346,0.035237829679482545,0.036050062377182925
35058,44058,Low,Low,0.043367642887376,0.8818162455807896,0.07481611153183436
5400,14400,High,High,0.9306409465445107,0.03373829316045142,0.03562076029503799
38373,47373,Medium,Medium,0.057888373875075345,0.035483425743706255,0.9066282003812184
1278,10278,Medium,High,0.935383116396892,0.030432237124042204,0.034184646479065876
19365,28365,Low,Medium,0.03404040619778521,0.03186468288080658,0.9340949109214082
19088,28088,Low,Low,0.03749016306674955,0.9290542377828546,0.03345559915039595
35229,44229,Medium,High,0.5236346748994315,0.03397348861625645,0.44239183648431196
18691,27691,High,High,0.9333641869963808,0.032201179939161634,0.03443463306445763
16365,25365,Low,Low,0.029603497803910177,0.9349976270515379,0.035398875144551846
205,9205,High,High,0.9374838560617921,0.03006252133420052,0.032453622604007255
21390,30390,High,High,0.9389348193833963,0.030667582944282734,0.03039759767232104
25846,34846,Low,Low,0.03165733140724814,0.930242460378425,0.03810020821432686
10471,19471,Medium,Medium,0.03206207653358012,0.030978899301059622,0.9369590241653603
34129,43129,High,High,0.915192969180851,0.044276581371019204,0.04053044944812977
4216,13216,High,Low,0.031891344377203514,0.9345480578469351,0.03356059777586136
10216,19216,High,High,0.928375527790811,0.0343016310109127,0.037322841198276335
19537,28537,Medium,Medium,0.031125466307625648,0.02974632950292197,0.9391282041894523
38483,47483,Low,Low,0.029042039197949523,0.9391622553732821,0.0317957054287684
5226,14226,Medium,Medium,0.0309082657009858,0.029908394327500518,0.9391833399715136
10107,19107,Low,Low,0.032310098265170006,0.9297414443768638,0.037948457357966044
32859,41859,Medium,Medium,0.03277662514800746,0.032241411320040804,0.9349819635319517
3368,12368,High,High,0.9307347231384012,0.030534948820202235,0.03873032804139657
11601,20601,Low,Low,0.027677273657479632,0.9414035267978904,0.030919199544629877
17358,26358,Medium,Medium,0.030340128511693584,0.045165074319831716,0.9244947971684746
39189,48189,Medium,Medium,0.0338667685335897,0.033797181636011954,0.9323360498303983
25471,34471,Medium,Medium,0.03485152665953623,0.030545628447752705,0.9346028448927112
6947,15947,Medium,Medium,0.0445914199916233,0.05871467449577053,0.8966939055126062
20570,29570,Medium,Medium,0.033862725641583866,0.035795051614828884,0.9303422227435872
28424,37424,Medium,Medium,0.030584479832392385,0.030040204375151845,0.9393753157924557
11159,20159,Low,Low,0.038287249576026465,0.9171773775430959,0.04453537288087762
24581,33581,High,High,0.9134334951106103,0.04312727051257769,0.043439234376811874
37968,46968,Low,Low,0.03223668170512126,0.9295276287566114,0.038235689538267385
11991,20991,Medium,Medium,0.033989160405475116,0.032771740394142344,0.9332390992003825
7248,16248,High,High,0.9310767127595927,0.03562540229335325,0.03329788494705413
12327,21327,High,High,0.9321320332449,0.030198166543505267,0.03766980021159486
31007,40007,High,High,0.9273828649319028,0.03317209156523242,0.03944504350286477
26757,35757,Low,Low,0.033438451987834385,0.9323177464548552,0.03424380155731046
2708,11708,High,High,0.8765184901550868,0.04886129604934732,0.07462021379556581
1429,10429,Medium,Medium,0.02871252703196508,0.028259682486074383,0.9430277904819605
18156,27156,Medium,Medium,0.031417074469192625,0.034327324550190635,0.9342556009806167
8119,17119,High,High,0.9387225734099229,0.02990860997658377,0.031368816613493215
32376,41376,Medium,High,0.6936093241763537,0.04243385573947952,0.2639568200841668
15100,24100,Low,Low,0.03097215770013817,0.9278629668930699,0.04116487540679185
10670,19670,Low,Low,0.04131017137563925,0.9199897236216965,0.03870010500266423
1863,10863,Medium,Medium,0.03220304790126969,0.031677732077729885,0.9361192200210003
29630,38630,Low,Low,0.03354136511985999,0.9321268754956779,0.03433175938446225
20039,29039,Low,Low,0.02895737451329237,0.9352746857732886,0.03576793971341891
29084,38084,High,High,0.9241137678557668,0.03273682081979054,0.04314941132444264
29034,38034,Medium,Medium,0.03184636101946093,0.03142377446878868,0.9367298645117503
18756,27756,Medium,Medium,0.0308886926421827,0.03062018128983048,0.9384911260679868
35888,44888,Medium,Medium,0.044748352658558276,0.0636352711001482,0.8916163762412935
19934,28934,Low,Low,0.0428096995173776,0.9215108279191222,0.035679472563500264
37072,46072,High,High,0.9299415772372246,0.030286966727379978,0.03977145603539541
36627,45627,Low,Low,0.03672978184191358,0.9271317910562303,0.036138427101856184
6564,15564,Medium,Medium,0.03167750784747867,0.030768695860859476,0.9375537962916618
33708,42708,Low,Medium,0.03139562157760623,0.06181687671178813,0.9067875017106056
24300,33300,Low,Low,0.031532180935939784,0.9370023928839347,0.03146542618012554
35290,44290,Low,Low,0.03215124845885656,0.919196279609768,0.04865247193137545
14221,23221,High,High,0.9361843588508562,0.02883074126432711,0.03498489988481671
2920,11920,Low,Low,0.03202726444823186,0.9315059789741608,0.03646675657760745
16027,25027,Medium,Medium,0.0339272579538581,0.03474832152946025,0.9313244205166816
3957,12957,High,High,0.9367694158640774,0.02950664435960118,0.03372393977632155
38536,47536,Low,Low,0.040944479729856466,0.9190492786764555,0.04000624159368814
6956,15956,Medium,High,0.8993515519701925,0.05004748071479554,0.05060096731501198
11078,20078,Medium,Medium,0.05125341219507093,0.041735776309448296,0.9070108114954808
16667,25667,Medium,Medium,0.03251114627622397,0.032235202843598515,0.9352536508801773
35345,44345,High,High,0.9180636262532507,0.0335435313776372,0.048392842369112066
8946,17946,Low,Low,0.02712100274300186,0.9402054215341203,0.03267357572287771
9804,18804,High,High,0.9410741288917056,0.02835514180313793,0.03057072930515665
30860,39860,Low,Low,0.03407077541850719,0.9287937040405495,0.03713552054094347
11781,20781,Medium,Medium,0.03226456771146819,0.03247695779888555,0.9352584744896463
11374,20374,Low,Low,0.04260094839674861,0.9181862284173349,0.03921282318591642
7260,16260,Medium,Medium,0.03513145135007445,0.031067457498269443,0.9338010911516562
7524,16524,High,High,0.9406097710681468,0.028657764258130283,0.03073246467372302
24219,33219,High,High,0.9015541158022612,0.02795659822863174,0.07048928596910708
25191,34191,Medium,Medium,0.3106996142937361,0.04527705953038807,0.6440233261758759
4393,13393,Medium,High,0.9284387072949953,0.036687410247526815,0.034873882457477835
39932,48932,Low,High,0.935741332856154,0.030380329822586358,0.033878337321259604
17750,26750,High,High,0.9273835111614299,0.029811258942644584,0.042805229895925494
32427,41427,Medium,Medium,0.03561425523063182,0.03371138797996354,0.9306743567894046
36879,45879,Medium,Medium,0.03551942124509385,0.03391976308767902,0.930560815667227
28605,37605,Medium,Medium,0.032468359730625174,0.030853373071405666,0.9366782671979692
16477,25477,Low,Low,0.032065000209779336,0.9362471991820679,0.03168780060815284
27870,36870,High,Low,0.030848218291498964,0.9382110720510083,0.030940709657492713
6537,15537,Medium,Medium,0.05696009783257283,0.07028302220377496,0.8727568799636524
31252,40252,Low,Low,0.03403792373086691,0.9345344668740968,0.031427609395036304
29037,38037,High,High,0.8437038029984637,0.05004863277681998,0.1062475642247163
15126,24126,High,High,0.9361139704449641,0.02985439856504049,0.03403163098999545
33202,42202,High,High,0.9109609730838967,0.051260146752830915,0.03777888016327243
31133,40133,Medium,Medium,0.03187264445021317,0.031326308872148816,0.9368010466776381
39588,48588,Low,Low,0.03583207881950622,0.8996169714555083,0.06455094972498539
28904,37904,Medium,Medium,0.032763497112526435,0.03246069163465488,0.9347758112528185
18789,27789,Medium,Medium,0.031108802305493413,0.030580326956008458,0.9383108707384981
14093,23093,Medium,Medium,0.03169835823262745,0.030798537762277395,0.9375031040050952
1642,10642,Low,Low,0.03314710520171416,0.9330466505360103,0.03380624426227565
30524,39524,High,High,0.9394581624048867,0.028672873833273035,0.031868963761840244
38724,47724,Low,High,0.9392110919001384,0.029182341291706854,0.031606566808154914
19880,28880,High,High,0.9115977461564807,0.04597139723496756,0.042430856608551726
21761,30761,Low,Low,0.04440331041861991,0.9205324776976488,0.03506421188373133
28220,37220,Medium,Medium,0.03180608437048845,0.030712918662176267,0.9374809969673352
14363,23363,High,High,0.9401688916317843,0.028481748002055666,0.03134936036615996
629,9629,High,High,0.933400934592756,0.030086815223985087,0.036512250183258946
34052,43052,Medium,Medium,0.03240778031928882,0.030607327396112657,0.9369848922845986
16253,25253,High,High,0.9381487404011682,0.02843848874271405,0.03341277085611793
35198,44198,Low,Low,0.035392026902108444,0.9166773784357054,0.047930594662186195
4517,13517,Medium,Medium,0.037194700117749446,0.043362203144985643,0.919443096737265
9997,18997,Medium,Medium,0.030150141012083742,0.03427010934308117,0.9355797496448351
28976,37976,Medium,Medium,0.03320099401736026,0.041224654457931074,0.9255743515247087
4689,13689,Medium,Medium,0.030112133163605243,0.07241295535451421,0.8974749114818805
26458,35458,Medium,Medium,0.030167283764906586,0.030285031777744904,0.9395476844573484
21765,30765,Medium,Medium,0.031809922796385885,0.030621194861981855,0.9375688823416323
38755,47755,High,High,0.9284252383351759,0.03273338129166411,0.03884138037315996
36261,45261,Medium,Medium,0.03540339287822936,0.03436457572911345,0.9302320313926572
25038,34038,Medium,Medium,0.03335952434084486,0.034027644537139544,0.9326128311220155
3981,12981,Medium,Medium,0.03316996675359136,0.03187458557901962,0.934955447667389
21166,30166,Medium,Medium,0.03375259034416681,0.033509052106430084,0.9327383575494032
27477,36477,Medium,Medium,0.04208860672030723,0.03453504605795285,0.92337634722174
13840,22840,Medium,Medium,0.032234917751784053,0.030706687848904665,0.9370583943993113
4391,13391,Medium,Medium,0.031482822344932666,0.0307970562428458,0.9377201214122216
9574,18574,High,High,0.9343478582606907,0.030847943453703383,0.03480419828560599
8097,17097,High,High,0.9362947238290841,0.031132239701893067,0.032573036469022765
2129,11129,Low,Low,0.05178037359112806,0.7063368240327487,0.24188280237612317
29989,38989,Medium,Medium,0.033556810981774994,0.033738611917024465,0.9327045771012007
30753,39753,Medium,High,0.9400514732642922,0.028039790420694644,0.0319087363150131
23781,32781,Low,Low,0.032722629137608615,0.9179530946774443,0.04932427618494695
19265,28265,Medium,Medium,0.033524307159128706,0.029680262092888796,0.9367954307479825
37784,46784,Medium,Medium,0.032610106811837763,0.031082239724377177,0.936307653463785
17440,26440,Medium,Medium,0.033502159076056075,0.0318859740777429,0.934611866846201
37742,46742,Low,Low,0.03411534877223448,0.924690601422173,0.0411940498055924
2840,11840,Low,Medium,0.03467355953961642,0.03158046277524981,0.9337459776851338
31478,40478,Medium,Medium,0.03600836297702478,0.030129422444013492,0.9338622145789617
12619,21619,High,Medium,0.03882458184292704,0.03137438862680003,0.9298010295302728
17028,26028,High,High,0.9111195996721685,0.033283577164737094,0.05559682316309438
17243,26243,Medium,Medium,0.03513665965873303,0.0356387758690124,0.9292245644722547
353,9353,Medium,Medium,0.03431127230682086,0.03171248463438453,0.9339762430587945
37046,46046,High,High,0.9348274213622835,0.02915487036137115,0.03601770827634546
28702,37702,Low,Low,0.03252737750920901,0.9348156613416339,0.03265696114915722
19715,28715,Low,Medium,0.04131653695929253,0.04547262342622214,0.9132108396144853
5687,14687,Medium,Medium,0.032020511842734016,0.03106666772051127,0.9369128204367548
777,9777,High,High,0.9386954298879995,0.029933121597612456,0.031371448514388056
32535,41535,Medium,Medium,0.03226679516475122,0.03160848409383624,0.9361247207414126
3045,12045,Medium,Medium,0.03419362583744912,0.032831032166995955,0.932975341995555
25397,34397,Medium,Medium,0.032096646554768175,0.030653096775554275,0.9372502566696775
15096,24096,Medium,Medium,0.033031957482762074,0.03676484929653381,0.9302031932207041
12354,21354,High,High,0.9415037490465844,0.02788946809782532,0.030606782855590164
25170,34170,Medium,Medium,0.03343211907172546,0.0314643927269175,0.935103488201357
12208,21208,Medium,Medium,0.03305487216485805,0.031298012368397056,0.935647115466745
39606,48606,Medium,Medium,0.03988054623775441,0.032934958607000256,0.9271844951552454
10768,19768,Medium,Medium,0.03511946224955541,0.034694670740644945,0.9301858670097997
15751,24751,Medium,Medium,0.034034675242476116,0.03336528404916425,0.9326000407083596
9,9009,High,Medium,0.17259226615782663,0.05045719079276482,0.7769505430494085
20433,29433,Medium,Medium,0.038815050750514425,0.03298839050840182,0.9281965587410838
11954,20954,Medium,Medium,0.033044426851338606,0.03244580992350545,0.9345097632251561
25184,34184,Medium,Medium,0.03181438946411316,0.03116157292397261,0.9370240376119142
19851,28851,High,Low,0.031079684853626027,0.9357861867364988,0.03313412840987512
8669,17669,Low,Low,0.03148910786148311,0.9369189832611973,0.03159190887731956
28719,37719,Medium,Medium,0.03658482378344775,0.04658684182367003,0.9168283343928824
20855,29855,Medium,Medium,0.039546655030863326,0.03364810371674362,0.926805241252393
17665,26665,High,High,0.9297734242973549,0.03047481171401484,0.03975176398863039
6776,15776,Medium,Medium,0.033285940523704864,0.03027979929289017,0.9364342601834049
39050,48050,High,High,0.85156439405474,0.04227369561640273,0.10616191032885729
2035,11035,High,High,0.9349289366025163,0.03014800034821419,0.034923063049269405
37852,46852,Medium,Medium,0.035849997501800616,0.12520890849615815,0.8389410940020413
13849,22849,Medium,Medium,0.03127272555109876,0.031471994063608684,0.9372552803852926
26224,35224,High,High,0.9379740844138117,0.028491204124807223,0.03353471146138106
28687,37687,Low,Low,0.028404398411224493,0.9382720643651954,0.03332353722358022
37646,46646,High,High,0.9347860599494707,0.02949342761288677,0.03572051243764234
33958,42958,Low,Low,0.028400064157135085,0.9318073092347435,0.03979262660812143
14190,23190,Medium,Medium,0.03133166744810314,0.03154393279509326,0.9371243997568036
18876,27876,Low,Low,0.034013371809400283,0.9305175292757365,0.03546909891486328
22375,31375,High,High,0.9238384748644618,0.03021154788922209,0.045949977246316186
2282,11282,Low,Low,0.03534692689035215,0.9334952662233914,0.031157806886256634
23338,32338,Low,Low,0.03299082893288286,0.9313333738540543,0.03567579721306285
7638,16638,Medium,Medium,0.032676614637183944,0.03051668668439507,0.936806698678421
19614,28614,Low,Low,0.03413732069917479,0.920019243371686,0.045843435929139253
18377,27377,Medium,Medium,0.033300100694875545,0.03273774448451562,0.933962154820609
18628,27628,Medium,Medium,0.03225253561888519,0.031457724434535574,0.9362897399465794
5581,14581,Medium,Medium,0.0315291585718182,0.040443109132691384,0.9280277322954905
10919,19919,Medium,Medium,0.03040825297336369,0.029732537211828104,0.9398592098148081
1530,10530,Medium,Medium,0.032396507041781784,0.03333155178175578,0.9342719411764625
16110,25110,High,High,0.9340941093986826,0.033439619335380595,0.03246627126593659
34629,43629,High,High,0.9194079857963725,0.0464184102530407,0.0341736039505869
39420,48420,Medium,Medium,0.035222949073915454,0.03292847120049754,0.9318485797255871
25096,34096,Low,Medium,0.030547441884520552,0.17159030990341081,0.7978622482120686
20307,29307,Medium,Medium,0.034270171637725534,0.031823355663541726,0.9339064726987328
14909,23909,Low,Low,0.035572334537004445,0.9199147425886997,0.04451292287429586
7299,16299,High,High,0.9372374426207347,0.030363350632878577,0.032399206746386834
24542,33542,High,High,0.9365319774260249,0.031557970978782886,0.031910051595192196
24584,33584,Low,Low,0.0362812862773972,0.9290500425152882,0.0346686712073147
32343,41343,Low,Low,0.03229110435448203,0.9280561290409679,0.039652766604549944
28095,37095,High,High,0.9366658584166632,0.03028477225998653,0.033049369323350314
1299,10299,High,High,0.9372078630403116,0.028872486006506697,0.033919650953181786
14691,23691,Medium,Medium,0.030554167585258158,0.03029447935429896,0.9391513530604428
6458,15458,Medium,Medium,0.031728295589193524,0.030316294118271803,0.9379554102925347
23467,32467,Medium,Medium,0.03230132664326244,0.03549163744043785,0.9322070359162997
6231,15231,Medium,Medium,0.037619839666444534,0.04503199390594751,0.9173481664276079
8298,17298,High,Medium,0.031695127460703625,0.0318302915872076,0.9364745809520887
4474,13474,Low,Low,0.03329737101721794,0.9327066401806992,0.03399598880208286
18983,27983,Low,Low,0.04844896142843377,0.9009558212518337,0.05059521731973263
26059,35059,Medium,Medium,0.04109247124052914,0.03555938363316851,0.9233481451263023
39747,48747,Medium,Medium,0.03602909823962327,0.04325328341628043,0.9207176183440963
14343,23343,High,High,0.9346596950312245,0.030766358470674108,0.03457394649810133
17850,26850,Medium,Medium,0.032193277867929346,0.03125427542898493,0.9365524467030856
29626,38626,Medium,High,0.9354643939489383,0.02809155776478479,0.03644404828627689
6466,15466,High,High,0.9320733004051442,0.03189610081976282,0.03603059877509292
25526,34526,Medium,Medium,0.033264415682086594,0.03167721466232248,0.9350583696555909
17291,26291,Medium,Medium,0.05490047971647304,0.38554478655562724,0.5595547337278995
33330,42330,Low,Low,0.03303606483935268,0.8356585901487638,0.13130534501188343
15873,24873,Medium,Medium,0.033169669366460895,0.03576311544557093,0.9310672151879681
17800,26800,High,High,0.916178088404962,0.04600763643085217,0.037814275164186
27050,36050,Medium,Medium,0.03248074202847948,0.032295026846933854,0.9352242311245865
15613,24613,Medium,Medium,0.03344777409768764,0.032105406658682535,0.9344468192436297
30060,39060,High,High,0.9303827919225833,0.03152844195405364,0.03808876612336299
37915,46915,Medium,Medium,0.03465072359770339,0.03628658180033536,0.9290626946019612
5541,14541,Medium,Medium,0.031780854590934576,0.030459123631089696,0.9377600217779758
31051,40051,High,High,0.9325227385187563,0.03504180801667833,0.03243545346456534
30243,39243,Medium,Medium,0.03319378477703015,0.03228468463334332,0.9345215305896266
25771,34771,High,High,0.9301709503101362,0.03753086504561373,0.03229818464425016
25940,34940,Medium,Medium,0.03638230806395224,0.044685081958441196,0.9189326099776066
33211,42211,Medium,Medium,0.03856760763798097,0.03361273342512348,0.9278196589368956
3844,12844,Low,Low,0.04083312655187523,0.9166176407076577,0.04254923274046701
1548,10548,High,High,0.9238203934557586,0.036871337800138106,0.03930826874410335
25387,34387,Medium,Medium,0.030072102438737213,0.08316210612685666,0.8867657914344061
19909,28909,Medium,Medium,0.03151211883357493,0.030453805893035518,0.9380340752733894
7958,16958,High,High,0.8993147019895479,0.03665040586561841,0.06403489214483364
17615,26615,Low,Medium,0.030024226695243936,0.029676774069381347,0.9402989992353747
38240,47240,Low,Low,0.03377137355234573,0.9138360858934543,0.05239254055419995
9657,18657,High,High,0.9358596035230637,0.030249821449531908,0.033890575027404335
27002,36002,High,High,0.9069388197548037,0.03299942840592248,0.060061751839273834
22734,31734,High,High,0.877802732376845,0.04216063860869112,0.0800366290144638
23538,32538,Low,Low,0.03190333623980892,0.933556598860627,0.03454006489956414
31756,40756,High,High,0.9278648842265933,0.03447142427194275,0.03766369150146404
17187,26187,Medium,Low,0.0388962601935521,0.8642704226902777,0.09683331711617034
22081,31081,Medium,Medium,0.031134437353964445,0.031019768985964456,0.9378457936600711
31091,40091,Medium,Medium,0.0319754445987124,0.03762259678571916,0.9304019586155684
34633,43633,Low,Low,0.028172391270717193,0.9392508815615379,0.03257672716774489
6329,15329,High,Low,0.030030256417141087,0.9354915822217155,0.034478161361143504
17158,26158,Medium,Medium,0.03956925776296472,0.037888547842955,0.9225421943940804
36173,45173,Medium,Medium,0.03032121951547585,0.036513248186672724,0.9331655322978514
15280,24280,Medium,High,0.7525049900836116,0.03363249895938108,0.21386251095700745
9209,18209,Medium,Medium,0.03805579575781321,0.0349832258429318,0.9269609783992551
33587,42587,High,High,0.933976538554549,0.029251210902460145,0.03677225054299093
32209,41209,Low,Medium,0.03060939469354706,0.03374246423996092,0.935648141066492
23417,32417,Medium,Medium,0.03185833871958287,0.032511981918978895,0.9356296793614383
9735,18735,Medium,Medium,0.033645724620482376,0.031773180130047894,0.9345810952494698
20804,29804,Medium,Medium,0.03174723012060452,0.03098721670130489,0.9372655531780906
36963,45963,Medium,Medium,0.034532046023926594,0.03318566177213622,0.9322822922039372
1181,10181,Medium,Medium,0.0319829076779756,0.038297240113629415,0.929719852208395
10928,19928,Low,Low,0.034702886609480406,0.9287917785730478,0.036505334817471646
15515,24515,Low,Low,0.031823749545648844,0.9373899084796413,0.030786341974709808
35764,44764,High,High,0.92743345457763,0.03227865831671196,0.04028788710565797
18997,27997,Low,Medium,0.035000948432573294,0.03262029436710813,0.9323787572003185
23214,32214,Low,Low,0.0299811162752892,0.9261426917720673,0.04387619195264345
21101,30101,Medium,Medium,0.033277343904094064,0.03211195836926966,0.9346106977266362
36383,45383,Low,Low,0.040066976673116435,0.9243640242564873,0.03556899907039619
13742,22742,Medium,Medium,0.03917395265668056,0.03348841942235193,0.9273376279209674
32674,41674,Medium,Medium,0.03573503100723167,0.03299130190670505,0.9312736670860632
15877,24877,High,High,0.9337031291673595,0.032550504327413445,0.03374636650522691
19543,28543,Medium,Medium,0.03260172105546955,0.03351253012211971,0.9338857488224107
2517,11517,Low,Low,0.07238985830714383,0.8746691488139553,0.05294099287890086
27501,36501,Low,Low,0.03466458542028211,0.9306968843066339,0.03463853027308405
26972,35972,Low,Low,0.030022990499338136,0.9389269024146826,0.031050107085979124
23947,32947,Medium,Medium,0.03353280623546612,0.03247981061603208,0.9339873831485018
3701,12701,Low,Low,0.031209183481329672,0.9315684134037044,0.03722240311496587
4334,13334,Low,Low,0.03152348937208197,0.9266476851022601,0.04182882552565793
16646,25646,Medium,Medium,0.0323341953035139,0.031584354759454945,0.936081449937031
9676,18676,Medium,Medium,0.03251717416336596,0.0307216297499421,0.936761196086692
11973,20973,Low,Low,0.05139669674915474,0.8580461438812382,0.09055715936960707
1346,10346,Medium,Medium,0.035188036317359096,0.031570766494881365,0.9332411971877596
34838,43838,Medium,Medium,0.03221838773468099,0.03103851105412291,0.9367431012111961
30517,39517,Low,Low,0.027437939661838107,0.9394346341644169,0.03312742617374502
18674,27674,Low,Low,0.028251588752268898,0.9279108192763763,0.04383759197135481
10103,19103,High,High,0.9408988112179353,0.027505456609063793,0.031595732173000886
30457,39457,Medium,Medium,0.03182198855500628,0.03250358851185913,0.9356744229331347
26785,35785,High,High,0.9197409578114627,0.0426982411147214,0.03756080107381587
20727,29727,Low,Low,0.03135694743645542,0.9344786675979985,0.03416438496554616
27294,36294,Medium,Medium,0.046241263750929074,0.04028690840278915,0.9134718278462818
23537,32537,Low,Low,0.029475751791643894,0.9386789093906027,0.03184533881775336
10550,19550,Medium,Medium,0.03296670594585548,0.03143227642033828,0.9356010176338062
9235,18235,Low,Low,0.029292076157222294,0.9348875154619328,0.03582040838084497
47,9047,Low,Low,0.05625209327991037,0.7865947035391406,0.15715320318094914
36354,45354,High,High,0.9405605422187232,0.028245112540754555,0.03119434524052231
7155,16155,Medium,Medium,0.03134412213305538,0.03158487429967323,0.9370710035672714
22029,31029,Medium,Medium,0.030557466845174814,0.031094748550948844,0.9383477846038764
30794,39794,Low,Low,0.04444369981945626,0.9204183337218478,0.03513796645869579
29296,38296,Low,Low,0.03009397261218386,0.8045235740748846,0.16538245331293167
30941,39941,Low,Low,0.033210799842431186,0.9207300745341204,0.04605912562344843
16421,25421,Medium,Medium,0.03344787734474808,0.0347050540345288,0.9318470686207231
16622,25622,Medium,Medium,0.03635683138638197,0.032186831354131286,0.9314563372594868
17102,26102,Medium,Medium,0.030802243088994773,0.03071307232727641,0.9384846845837288
256,9256,Medium,Medium,0.03140638100403906,0.0325071331371078,0.9360864858588531
13414,22414,Medium,Medium,0.2930881768087507,0.03561636765056894,0.6712954555406804
34534,43534,Medium,Medium,0.03173873951868595,0.031002857142447864,0.9372584033388662
24060,33060,Low,Low,0.032044683676448076,0.9327873188923306,0.035167997431221336
2845,11845,Low,Low,0.053816970493633175,0.8935132933988283,0.05266973610753862
28464,37464,High,High,0.9317560657581453,0.03155406470472262,0.036689869537132096
29896,38896,Medium,Medium,0.031457184488547264,0.03233082271212485,0.9362119927993279
32628,41628,Medium,Medium,0.03072000577919648,0.030514193450050603,0.9387658007707529
1041,10041,Low,Low,0.03190601568192788,0.9333065387252729,0.03478744559279912
22437,31437,Medium,Medium,0.03230670568155483,0.030937221410568354,0.9367560729078769
22197,31197,High,High,0.9378302841945811,0.028800565088633722,0.03336915071678525
31854,40854,Medium,Medium,0.03539290164227984,0.03151904189349001,0.9330880564642302
18681,27681,High,High,0.9388617935071825,0.028609813819030536,0.032528392673786904
22151,31151,Low,Low,0.04997536348680273,0.9116713784847192,0.038353258028478006
35159,44159,Medium,Medium,0.042937926027712923,0.03398112717645901,0.9230809467958281
27982,36982,High,High,0.93546167204183,0.03041808903793122,0.03412023892023864
9068,18068,Low,Medium,0.034595393841931825,0.03385453276487817,0.9315500733931902
26952,35952,Medium,Medium,0.03357874075989036,0.031532362682732094,0.9348888965573775
33655,42655,High,High,0.9350493917463801,0.032016249243091384,0.032934359010528345
511,9511,Medium,Medium,0.03342221775943007,0.033135400405050336,0.9334423818355196
26428,35428,Medium,Medium,0.030989792805817554,0.031104225379178927,0.9379059818150036
20674,29674,Low,Low,0.03562365846621828,0.9305336362822959,0.033842705251485826
10288,19288,Medium,Medium,0.03303489435823409,0.0334340891292258,0.9335310165125401
38518,47518,Medium,Medium,0.03048155147128076,0.029176453467024115,0.940341995061695
33418,42418,Medium,Medium,0.03175148514294796,0.035641582134675144,0.9326069327223768
1206,10206,Low,Low,0.034477467502538384,0.9280302112319959,0.03749232126546578
9129,18129,High,High,0.9233558617164032,0.028753152555139022,0.047890985728457784
8999,17999,Low,Low,0.039259371983173995,0.9052216699955302,0.055518958021295715
29791,38791,Medium,Medium,0.03097538039847325,0.031083359371125857,0.9379412602304008
25807,34807,Medium,Medium,0.031431451336700104,0.03166402284111477,0.9369045258221851
21565,30565,Medium,Medium,0.040907814407666575,0.03501472362487892,0.9240774619674545
16340,25340,High,High,0.9409905809024934,0.027878878555185393,0.03113054054232112
11086,20086,High,High,0.9369055928740075,0.029053100117009706,0.034041307008982814
36717,45717,Low,Low,0.03101461232955641,0.9320198403164671,0.03696554735397648
26237,35237,Medium,Medium,0.03180482447966607,0.03190473328645845,0.9362904422338754
16647,25647,Low,Low,0.03628266346772094,0.9221287659931875,0.04158857053909159
6583,15583,Low,Low,0.028039124308716672,0.9415316506398796,0.03042922505140371
25394,34394,Medium,Medium,0.03548791405285631,0.034014309067670806,0.9304977768794728
14359,23359,Medium,Medium,0.033267975013773106,0.030206799948258593,0.9365252250379683
18144,27144,Medium,Medium,0.03197452487175916,0.031889116203665045,0.9361363589245758
1955,10955,High,High,0.9373418045846895,0.02902392538918637,0.0336342700261242
8987,17987,Medium,Medium,0.032043015960012515,0.031015068766333347,0.9369419152736542
22777,31777,Medium,Medium,0.039413674813527616,0.03513919158702943,0.9254471335994431
22050,31050,High,High,0.923182313623682,0.03887171514079552,0.03794597123552247
31698,40698,Medium,Low,0.03464642180619371,0.7567973994439048,0.20855617874990143
28896,37896,Medium,Medium,0.0633183085981961,0.0332424079889975,0.9034392834128065
31297,40297,Medium,Medium,0.03203409889793373,0.033709816055241086,0.9342560850468251
6069,15069,High,High,0.9384220404517521,0.029863688118927655,0.031714271429320144
16972,25972,Medium,Medium,0.035089071312507186,0.030905462354247803,0.9340054663332449
333,9333,Medium,Medium,0.0371871858656186,0.0359571275289857,0.9268556866053957
20547,29547,Medium,Medium,0.03763416252308339,0.04679596975652953,0.9155698677203871
23641,32641,Medium,Medium,0.03228781860362764,0.031267514296652414,0.9364446670997199
39434,48434,Medium,Medium,0.03256717399598416,0.03200702167602746,0.9354258043279885
22904,31904,Medium,Medium,0.032279665354290436,0.03277710118612582,0.9349432334595837
8053,17053,High,High,0.9370968097860906,0.03083611182642099,0.03206707838748842
17424,26424,High,High,0.929107701558963,0.03679461628745923,0.03409768215357774
37185,46185,Medium,Medium,0.035416853525853324,0.0419080503676903,0.9226750961064564
39518,48518,Medium,Medium,0.03046003217742869,0.0299471030473267,0.9395928647752445
23371,32371,Low,Low,0.02864037580887029,0.9352054691717434,0.03615415501938644
6421,15421,High,High,0.936276540133585,0.03222179988478324,0.03150165998163175
38853,47853,Medium,Medium,0.03151764280722761,0.03032146627422951,0.9381608909185428
2149,11149,Medium,Medium,0.03176575156596317,0.031839180519508514,0.9363950679145283
13818,22818,Medium,Medium,0.03595794467250316,0.03099315205820582,0.9330489032692911
17385,26385,Low,Low,0.0296847405286283,0.9390173881361612,0.03129787133521053
32443,41443,Medium,Medium,0.0326112307919915,0.03175211489371236,0.9356366543142961
5527,14527,High,High,0.9192263718515531,0.041343630481293005,0.039429997667153896
23798,32798,High,High,0.9371041291114119,0.029443349875110474,0.03345252101347752
11177,20177,High,High,0.9343346001262338,0.034214856091220165,0.03145054378254602
8032,17032,High,High,0.9244495503021564,0.03224492559638704,0.04330552410145646
33473,42473,Low,Low,0.029794814424332173,0.937919019149807,0.03228616642586087
2147,11147,High,High,0.9290169267774252,0.03505297163131942,0.03593010159125549
9870,18870,Medium,Medium,0.0327311758945689,0.03150759188575899,0.9357612322196722
37362,46362,Low,Low,0.046724822650019864,0.6918986679133693,0.2613765094366108
14593,23593,Low,Medium,0.03302515506247786,0.03109643236172412,0.9358784125757981
18959,27959,Medium,Medium,0.039958182367308796,0.37900757693223336,0.581034240700458
9747,18747,Low,Low,0.02962619375000394,0.938313895472589,0.03205991077740692
11054,20054,High,High,0.9333998704342688,0.030277822957359857,0.03632230660837129
24249,33249,High,High,0.9337518113142224,0.032594192119628586,0.03365399656614909
19735,28735,Medium,Medium,0.03753695073964613,0.03479841783903986,0.9276646314213141
11882,20882,High,High,0.9273720201693991,0.030478409112403723,0.042149570718197214
30104,39104,Medium,Medium,0.03366074760122962,0.03181469238900306,0.9345245600097672
29039,38039,Medium,Medium,0.034095166181517596,0.039853499275910614,0.9260513345425717
33886,42886,Low,Low,0.02924218387908144,0.9372583701995024,0.033499445921416134
25730,34730,Medium,Medium,0.03187817510965122,0.03159876616902572,0.9365230587213231
8039,17039,High,High,0.9343660011147424,0.030941554632508587,0.03469244425274901
9690,18690,Medium,Medium,0.033016851376359034,0.032468845235862624,0.9345143033877784
856,9856,High,High,0.9275753483580961,0.031876713270217065,0.04054793837168691
36272,45272,High,High,0.9288732932679699,0.03199572687680054,0.039130979855229675
30711,39711,Medium,Medium,0.03731676434215425,0.03179737800873735,0.9308858576491085
15328,24328,Medium,Medium,0.029794901722467376,0.04625720799629602,0.9239478902812367
5807,14807,Low,Low,0.030127466883871235,0.934283606868853,0.035588926247275714
39885,48885,High,High,0.9333478403379735,0.029193039710665548,0.037459119951361086
7232,16232,Medium,Medium,0.03198769445691019,0.03082381079935383,0.937188494743736
35738,44738,Medium,Medium,0.030887302858342954,0.031296566678372155,0.9378161304632848
4203,13203,High,High,0.9372785951191119,0.030059490759932635,0.03266191412095543
29121,38121,Medium,Medium,0.03438587798741545,0.0374300582253496,0.928184063787235
27181,36181,Medium,Medium,0.03280347686111911,0.034670718172697006,0.932525804966184
24996,33996,Medium,Medium,0.07260676534594708,0.03947189161988924,0.8879213430341637
2218,11218,High,High,0.9399113168368046,0.02884741373202344,0.031241269431172045
17434,26434,Medium,Medium,0.043723735816002474,0.03789532610263299,0.9183809380813646
38616,47616,Medium,Low,0.048417667287015353,0.8898807989228038,0.06170153379018071
10804,19804,High,High,0.9355290011287721,0.03097564693997025,0.03349535193125759
21955,30955,Medium,Medium,0.034312521942443296,0.032242883964572845,0.9334445940929839
20189,29189,Medium,Medium,0.03560687165505842,0.031085552116319023,0.9333075762286226
32142,41142,Medium,Medium,0.033653472195582436,0.03242187279956436,0.9339246550048532
37673,46673,High,High,0.910925622681308,0.03820381722905122,0.050870560089640963
5248,14248,Low,Low,0.039708877942393896,0.9201005093887894,0.04019061266881666
25549,34549,Medium,Medium,0.03442632021062472,0.03033972294011481,0.9352339568492605
32091,41091,Medium,Medium,0.03315722281048308,0.03373555102334538,0.9331072261661716
34227,43227,High,High,0.9361093816370514,0.0316465305554507,0.032244087807497955
28053,37053,Low,Low,0.04492678214609197,0.9109842727223043,0.044088945131603774
22546,31546,Medium,Medium,0.03372785784682325,0.03128426862907282,0.9349878735241038
21012,30012,Low,Low,0.02778477092046545,0.9394850574581294,0.03273017162140518
6300,15300,High,High,0.8863664812276738,0.04035638915828441,0.07327712961404174
19967,28967,Low,Low,0.03247220660039957,0.9368198327377675,0.03070796066183285
24202,33202,Medium,Medium,0.035388843472221376,0.03397073518446358,0.9306404213433149
34937,43937,High,High,0.9356450466575272,0.029844937788152854,0.034510015554319866
27337,36337,Medium,Medium,0.03314817016237875,0.03316403503932277,0.9336877947982986
14118,23118,Low,Low,0.03169903685298517,0.9355530975714225,0.03274786557559239
16344,25344,Medium,Medium,0.03320595092275811,0.034210169119562595,0.9325838799576793
37875,46875,High,High,0.9383281642206663,0.028406324241341704,0.03326551153799204
33952,42952,Medium,Medium,0.03403281308199339,0.03209631479565902,0.9338708721223475
8910,17910,Low,Low,0.029816621925750325,0.9371186156044929,0.033064762469756835
36339,45339,High,High,0.9300873562708327,0.032991038314363626,0.036921605414803646
39806,48806,Medium,Medium,0.030836793017051587,0.030995517377994237,0.9381676896049543
33740,42740,Low,Low,0.03231077178893917,0.9231227117122557,0.04456651649880514
9116,18116,Medium,Medium,0.03151865447724845,0.03055984007790824,0.9379215054448434
13721,22721,High,High,0.9174864475303134,0.031889599579374414,0.050623952890312164
30972,39972,Medium,Medium,0.03658449136569745,0.034677195459264946,0.9287383131750376
3624,12624,Low,Low,0.028585925279038176,0.9408195424466826,0.030594532274279163
20687,29687,Low,Low,0.029540612862738975,0.9168575974636081,0.05360178967365312
13379,22379,Medium,Medium,0.03409452506144341,0.030128123147735414,0.9357773517908212
29651,38651,Medium,Medium,0.03201063888101987,0.030521423340276837,0.9374679377787033
18816,27816,High,High,0.9310116926696111,0.03479414165500252,0.03419416567538627
8448,17448,High,High,0.9309089861861657,0.035705825346258456,0.03338518846757591
30745,39745,Medium,High,0.9235429651708573,0.03884129922218501,0.0376157356069577
37474,46474,High,High,0.9003987754237716,0.02984282869330249,0.06975839588292591
39809,48809,Low,Low,0.03292887501873807,0.9333257931785232,0.03374533180273876
23020,32020,Low,Low,0.038472649811696645,0.9248392637391575,0.036688086449145896
3374,12374,High,High,0.9317881417109173,0.033224083146289766,0.03498777514279295
605,9605,Low,Medium,0.03234965027001422,0.03413523664233178,0.9335151130876541
34358,43358,Medium,Medium,0.03459393939646841,0.042392634240947934,0.9230134263625837
39822,48822,High,High,0.9180568242541008,0.038204849348274526,0.043738326397624684
23440,32440,Medium,Medium,0.031439492503790585,0.0565627224269604,0.911997785069249
36007,45007,High,High,0.9367192525265606,0.030606498188875782,0.0326742492845637
4948,13948,Low,Low,0.08883353358175439,0.859346307756574,0.051820158661671646
11891,20891,Medium,Medium,0.03500866693442259,0.12473337479463564,0.8402579582709416
11094,20094,Medium,Medium,0.03818653426639676,0.04662522480019495,0.9151882409334083
32888,41888,Medium,Medium,0.032922513698611086,0.03041903690396115,0.9366584493974277
17622,26622,High,High,0.9338258270924883,0.03223380402175186,0.0339403688857598
27692,36692,Medium,Medium,0.03326100120941287,0.0295908388815584,0.9371481599090288
20010,29010,Low,Medium,0.035504733668148186,0.03430845682196013,0.9301868095098916
37732,46732,Medium,Medium,0.03371923226606075,0.03778537048729009,0.9284953972466492
30735,39735,Medium,High,0.9336425921021542,0.03202921773133626,0.0343281901665096
29,9029,Low,Low,0.03400115836156047,0.8356313609612376,0.13036748067720197
13636,22636,Medium,Medium,0.042275462720597255,0.03156810397728943,0.9261564333021134
29762,38762,High,Medium,0.03315121825715995,0.03320569489792325,0.9336430868449167
22740,31740,Medium,Medium,0.03769504962380054,0.03152716360363158,0.9307777867725678
34611,43611,Medium,Medium,0.03198928035144704,0.03196324100055694,0.9360474786479961
7200,16200,Low,Low,0.03574508627541015,0.9287450889841063,0.035509824740483496
34740,43740,Medium,Medium,0.032112719113334555,0.035102998818757614,0.9327842820679079
2609,11609,High,High,0.9379870556905532,0.028906764166648433,0.03310618014279836
6489,15489,Low,Low,0.03349440421738679,0.9178893375163214,0.048616258266291866
19807,28807,Medium,Medium,0.03925036721361378,0.03421954501286486,0.9265300877735214
28743,37743,High,High,0.9141590655258623,0.039189693303872224,0.04665124117026546
12385,21385,Low,Low,0.02921366073137466,0.9273718201187976,0.04341451914982764
21860,30860,Low,Low,0.02906486807510357,0.9310942847215645,0.03984084720333184
25653,34653,Medium,Medium,0.03363310875864353,0.03237068821616354,0.9339962030251928
24780,33780,High,High,0.9373493952559003,0.02972752617651732,0.03292307856758242
29405,38405,Low,Low,0.028800548585969133,0.940061794949337,0.031137656464693953
13805,22805,Medium,Medium,0.031818732932944356,0.030429771386895416,0.9377514956801604
8871,17871,Medium,High,0.9331293617157953,0.031046547502667235,0.035824090781537456
26921,35921,Medium,Medium,0.032613417860344766,0.03207454659694286,0.9353120355427124
36895,45895,Medium,Medium,0.03373005916100366,0.033509258964345444,0.9327606818746509
3636,12636,Low,Low,0.039962675652359954,0.9181016363544079,0.04193568799323211
1219,10219,High,Medium,0.033575492836050526,0.038151323745137605,0.9282731834188119
18390,27390,Medium,Medium,0.0336352343485629,0.03162400572084762,0.9347407599305896
19814,28814,Low,Low,0.029412022332859014,0.8611004587635783,0.10948751890356266
11218,20218,Medium,Medium,0.030552059834919886,0.03383955114270306,0.9356083890223771
39303,48303,High,High,0.9256367867089698,0.036698751782007995,0.03766446150902223
23550,32550,High,High,0.9414591938661814,0.027346506035252724,0.03119430009856587
32660,41660,Low,Low,0.030663555077283605,0.925741656493666,0.043594788429050284
13159,22159,Low,Low,0.031851001451739996,0.9298108098109302,0.03833818873732984
21939,30939,Low,Low,0.03439839394622329,0.926300169697947,0.03930143635582973
27122,36122,Low,Low,0.028058410584969985,0.939523839477944,0.03241774993708593
32383,41383,Medium,Medium,0.030942752242269972,0.030897389354185966,0.9381598584035441
22494,31494,Low,Medium,0.03482600974458543,0.03262890443858451,0.9325450858168299
4479,13479,Medium,Medium,0.033728794810488745,0.03943708891583355,0.9268341162736777
33904,42904,High,High,0.9363900643152854,0.030282132491478052,0.03332780319323655
2237,11237,Low,Low,0.030665632698034673,0.9386791896596286,0.030655177642336568
26187,35187,High,Low,0.03464427268026874,0.9327950524730274,0.03256067484670382
39376,48376,High,High,0.7000508975967982,0.035467494307071,0.2644816080961308
32643,41643,Low,Low,0.028224271346223226,0.9238018851988802,0.04797384345489656
31758,40758,High,High,0.9380928666665018,0.02912577690910012,0.032781356424397994
16679,25679,Medium,Medium,0.03302760679170533,0.031158091154121954,0.9358143020541726
7511,16511,High,High,0.9342758841773048,0.03146384991238268,0.034260265910312525
26884,35884,Medium,Low,0.03753790950694683,0.5786206662510464,0.3838414242420069
36823,45823,Medium,Medium,0.04764163124919831,0.035779253177406024,0.9165791155733957
28162,37162,High,High,0.9374644627516315,0.029449548722296885,0.033085988526071516
11610,20610,Medium,Medium,0.04464242633884071,0.034299732600589904,0.9210578410605694
38608,47608,Medium,Low,0.045283843811622045,0.5323843464737928,0.42233180971458517
3976,12976,High,High,0.8855360241063757,0.05887812537639095,0.05558585051723341
27101,36101,High,High,0.9319549617291449,0.03212890098008139,0.03591613729077361
27917,36917,Medium,Medium,0.03398477078073814,0.03443642387918972,0.9315788053400721
23810,32810,Medium,Low,0.030180777159069586,0.8256550079987367,0.14416421484219363
24222,33222,Low,Low,0.0355035924254487,0.9154741902124434,0.04902221736210782
35985,44985,Medium,Medium,0.03430153439245902,0.034547023301880773,0.9311514423056603
16462,25462,High,High,0.940348046897732,0.0284673445208866,0.031184608581381407
15920,24920,Low,Medium,0.03777551474516,0.03276874037051724,0.9294557448843227
26860,35860,High,Medium,0.031194709753082136,0.03173295066428822,0.9370723395826296
19297,28297,Medium,Medium,0.03659181881751913,0.03780360693360298,0.925604574248878
980,9980,Medium,Medium,0.03380660303553036,0.030153549462859346,0.9360398475016103
12463,21463,High,High,0.935960648208297,0.02942292363826969,0.03461642815343328
15381,24381,Medium,Medium,0.03231300126264051,0.031643643266328327,0.936043355471031
24984,33984,High,High,0.9345548860148117,0.032515620239135096,0.03292949374605315
24500,33500,Medium,Medium,0.030937271405593204,0.031633757496361305,0.9374289710980456
2048,11048,Medium,Medium,0.031369620756668055,0.03064160105557846,0.9379887781877535
9794,18794,Medium,Medium,0.031017871082568576,0.030053229323396376,0.938928899594035
18212,27212,Low,Low,0.035369334929476866,0.9304472785858723,0.034183386484650836
39677,48677,High,High,0.9392048228682498,0.028429481535924783,0.03236569559582546
31089,40089,High,Low,0.032225802388652434,0.9185671650731021,0.04920703253824545
27678,36678,Medium,Medium,0.034727781087282174,0.03311064695599943,0.9321615719567183
19153,28153,Medium,Medium,0.0325832662075493,0.03217984574679141,0.9352368880456593
14830,23830,Medium,Medium,0.02892047209788745,0.03426245294626431,0.9368170749558482
13060,22060,Medium,Medium,0.031443723719129846,0.03151317208178014,0.93704310419909
28748,37748,Low,High,0.927466262719229,0.034638437702155064,0.03789529957861589
7860,16860,High,High,0.9372405746727278,0.02951523302401744,0.033244192303254726
34860,43860,Low,Low,0.03050590292036584,0.8721773234564457,0.09731677362318843
22012,31012,Medium,Medium,0.04137795309240788,0.031721509539419275,0.9269005373681729
15260,24260,Low,Low,0.03632514521765796,0.9264422620360989,0.03723259274624316
1448,10448,Low,Low,0.03737960346640229,0.9267470173223032,0.035873379211294514
14058,23058,Medium,Medium,0.0386338484592629,0.032581682794680725,0.9287844687460564
2798,11798,Low,Low,0.03147273862915183,0.9344889993414075,0.03403826202944063
25091,34091,Medium,Medium,0.03843901304704131,0.07086103706948264,0.890699949883476
38637,47637,High,High,0.9326048466450519,0.035858461586765145,0.03153669176818288
6976,15976,Medium,Medium,0.03136924093514618,0.030129935109185508,0.9385008239556684
35861,44861,High,High,0.9420809011783441,0.0273646135375701,0.03055448528408579
26419,35419,Medium,Medium,0.03185572244702828,0.03290062144718301,0.9352436561057887
37496,46496,Low,Low,0.03413481003595259,0.9270749106534807,0.0387902793105667
28836,37836,Medium,Medium,0.030999638652321426,0.030645036355036116,0.9383553249926425
19984,28984,Medium,Medium,0.0324182653520049,0.03131718194676689,0.9362645527012283
28918,37918,High,High,0.7602490554248588,0.0448924678842668,0.19485847669087444
19827,28827,Medium,Medium,0.03295212453307764,0.03136995723541825,0.9356779182315041
27859,36859,Medium,Medium,0.032732447223008575,0.03429939761814195,0.9329681551588496
23263,32263,High,High,0.937411388167801,0.030480879305572108,0.03210773252662689
31001,40001,Low,Low,0.028603075837656977,0.9359241961402901,0.035472728022052875
11484,20484,Low,Low,0.03338392743233117,0.9070946736696116,0.05952139889805716
32081,41081,Medium,Medium,0.031488968397434265,0.03143357078278628,0.9370774608197795
8551,17551,High,Medium,0.03820744661193529,0.1647559963662981,0.7970365570217667
21900,30900,Low,Low,0.04335084920294191,0.9150903597654411,0.041558791031616964
3304,12304,Low,Low,0.044283832480754105,0.8762859321554818,0.07943023536376413
38487,47487,High,High,0.9354210642654204,0.031578793916331525,0.033000141818248174
38888,47888,High,High,0.9340034871843347,0.031040321448313965,0.03495619136735135
5811,14811,Low,Low,0.027363936430584657,0.9285966891988613,0.04403937437055406
37177,46177,Low,Low,0.03148444561479487,0.9329439037837087,0.035571650601496224
33071,42071,High,High,0.9336866532375917,0.03253231878727517,0.033781027975133174
21688,30688,Low,Low,0.03324308481535763,0.9296187880711573,0.0371381271134851
29582,38582,High,High,0.9231470475815756,0.0322552028457121,0.04459774957271229
9692,18692,Low,Low,0.030436077191001457,0.9389014749964192,0.030662447812579412
23031,32031,Low,Low,0.03564619273872772,0.9182563677303622,0.046097439530910056
17616,26616,Medium,Medium,0.03135165720508245,0.03124241135816275,0.9374059314367548
18634,27634,Medium,Medium,0.033234629005892136,0.032462316727347236,0.9343030542667606
5260,14260,Medium,Medium,0.03352084363413486,0.03211103368408819,0.9343681226817769
32116,41116,Medium,Medium,0.03244439048889055,0.03197612032720436,0.9355794891839051
31374,40374,High,High,0.934001521359515,0.029667983563525558,0.03633049507695946
17347,26347,High,High,0.9290979659705606,0.03513506489863999,0.0357669691307994
6095,15095,High,High,0.9380732173106189,0.030154456508051385,0.03177232618132978
26126,35126,Low,Low,0.03757194127549298,0.9277057573757898,0.034722301348717254
31787,40787,Low,Low,0.0335274994222151,0.8704093175715805,0.09606318300620441
1083,10083,Low,Medium,0.031757837667274726,0.03311863774613479,0.9351235245865905
20947,29947,Medium,Medium,0.032477343966827166,0.031044507562239084,0.9364781484709338
38785,47785,Medium,Medium,0.03658363701127031,0.03233387640261783,0.9310824865861118
35235,44235,Medium,Medium,0.03204495490777524,0.031238270824106667,0.9367167742681181
9545,18545,Low,Low,0.03018850044546421,0.9395686678102538,0.03024283174428206
23826,32826,Low,Low,0.03498836416566824,0.9295613122696921,0.035450323564639674
7011,16011,Medium,Medium,0.0318291751583618,0.033096324855805014,0.9350744999858333
32109,41109,Medium,Medium,0.035728814296311556,0.031326849340934985,0.9329443363627535
18030,27030,Medium,Medium,0.031494444214975985,0.032274600424473394,0.9362309553605507
19628,28628,Low,Low,0.07570150249751482,0.8740940102215076,0.05020448728097756
18529,27529,Medium,Medium,0.047551930242580365,0.42259064863167456,0.5298574211257452
13655,22655,Low,Low,0.030948953729917156,0.9347412686146246,0.03430977765545822
34783,43783,Medium,High,0.9361574557578715,0.02824571213790437,0.03559683210422409
14484,23484,Low,Low,0.0364319663493333,0.8918316126298675,0.07173642102079912
26355,35355,High,High,0.9407161573934605,0.02804046640266525,0.03124337620387417
34834,43834,Medium,Medium,0.02747366065017087,0.033899695222136456,0.9386266441276927
13149,22149,Medium,Medium,0.03192922122571535,0.030902090563842296,0.9371686882104425
27737,36737,Low,Low,0.03169004785293549,0.9354581808358606,0.032851771311203815
28840,37840,High,High,0.9230238344188041,0.03186655327021277,0.045109612310983094
22802,31802,Low,Low,0.03420106472467565,0.9173194079114247,0.04847952736389957
14842,23842,Low,Medium,0.032056486815707906,0.03244879925709404,0.9354947139271981
28739,37739,Medium,Medium,0.032648403976455825,0.03260596801285129,0.9347456280106928
37437,46437,Medium,Medium,0.033950546194506166,0.03604290457806362,0.9300065492274303
30317,39317,Low,Low,0.030859389836193147,0.9369712317742477,0.03216937838955917
36738,45738,High,High,0.9288780996550562,0.033443829815088276,0.037678070529855646
18394,27394,Low,Low,0.03681558480465887,0.9295624120966656,0.0336220030986755
34284,43284,Medium,Medium,0.034438983328459204,0.03372365932781219,0.9318373573437286
34156,43156,Low,Low,0.041921989090209284,0.9241916620501147,0.03388634885967606
24197,33197,Medium,Medium,0.03409799825596131,0.07046979051836379,0.8954322112256748
38280,47280,Medium,Medium,0.03644584763437333,0.030825085508888544,0.9327290668567382
29829,38829,High,High,0.9255061298078084,0.029808454892132425,0.044685415300059116
19421,28421,Medium,Medium,0.03377789776988903,0.0310670729670197,0.9351550292630914
33606,42606,Medium,Medium,0.031319674316150396,0.029971292762932745,0.9387090329209169
27953,36953,High,High,0.9405897963728114,0.02901297632064861,0.03039722730654004
30287,39287,Medium,Medium,0.03318617729339069,0.0391139859682298,0.9276998367383795
5090,14090,Low,Low,0.03478596091878872,0.8645919205799499,0.10062211850126135
36780,45780,Low,Low,0.02826058840626698,0.9305851037867269,0.041154307807006046
32909,41909,Medium,Medium,0.03187785941550821,0.03136848020296519,0.9367536603815266
4663,13663,High,High,0.9344163141986717,0.029010429476182487,0.03657325632514583
11764,20764,High,High,0.935526606707516,0.03112988699281431,0.03334350629966976
38671,47671,High,High,0.9353997402935811,0.030540019160209552,0.034060240546209306
17094,26094,Medium,Medium,0.032214609356489426,0.03326530416026254,0.934520086483248
11171,20171,Medium,Medium,0.03215961672245079,0.03195546215312068,0.9358849211244286
34848,43848,High,High,0.8948216507718222,0.0397084620597175,0.06546988716846024
32250,41250,High,High,0.9286705645163841,0.028498919771568848,0.04283051571204719
31594,40594,Medium,Low,0.033083569547393034,0.9361816501174328,0.03073478033517403
18510,27510,High,High,0.9353053267379297,0.029786086125136835,0.0349085871369334
27840,36840,Medium,Medium,0.030230975140058732,0.03094876451876984,0.9388202603411715
23195,32195,High,Medium,0.03255918808653918,0.03048535508263515,0.9369554568308257
33787,42787,Medium,Medium,0.033130538186656365,0.030859640911994637,0.936009820901349
9957,18957,Medium,Medium,0.03190075870722611,0.03186260751245406,0.9362366337803198
33853,42853,Low,Low,0.027673369283161928,0.938955193071786,0.03337143764505222
36594,45594,Medium,Medium,0.05626858769373891,0.3868850206356851,0.556846391670576
39723,48723,Low,Medium,0.03189337388966267,0.030839388863804506,0.9372672372465328
5519,14519,Medium,Medium,0.037459379825700516,0.03969021128844041,0.922850408885859
17344,26344,High,High,0.9318387343582909,0.03180699153135622,0.036354274110352996
10674,19674,Medium,Medium,0.033356523700088944,0.03459346584462286,0.9320500104552881
1243,10243,Medium,Medium,0.03304417170198074,0.03247196323988683,0.9344838650581324
9319,18319,Low,Low,0.029138820802811282,0.9361196497723047,0.03474152942488413
37487,46487,Medium,Medium,0.03555829655632257,0.034733119036346766,0.9297085844073306
10500,19500,High,High,0.918441026741252,0.04467556651844335,0.036883406740304575
19468,28468,Medium,Medium,0.04817649952231121,0.16678794918982043,0.7850355512878684
35208,44208,Medium,Medium,0.03401943255547489,0.030974007436719048,0.935006560007806
20158,29158,Medium,Medium,0.03394983408378738,0.03155222106379499,0.9344979448524177
23021,32021,Low,Low,0.03118269962624662,0.9362223070941781,0.032594993279575324
32692,41692,High,High,0.9308745038231169,0.03246011467222975,0.03666538150465339
19269,28269,Low,Low,0.030967857436718944,0.9299075579246158,0.03912458463866538
19005,28005,Medium,Medium,0.03967577414104004,0.0444825396747221,0.9158416861842378
20549,29549,Low,Low,0.029888961170081153,0.9366530341664764,0.0334580046634426
14933,23933,Low,Low,0.04178871186667855,0.921042739672521,0.0371685484608003
31597,40597,Medium,Medium,0.03311545986123417,0.03368581491483683,0.933198725223929
1477,10477,High,High,0.934840399978996,0.02991028269495263,0.03524931732605143
19877,28877,Medium,Medium,0.03559193955341996,0.04271299160871316,0.9216950688378668
13786,22786,Medium,Medium,0.03264867191458484,0.03432686760468674,0.9330244604807284
17258,26258,Low,Low,0.02891948583281452,0.9388568540606627,0.03222366010652274
33718,42718,Medium,Medium,0.03253121286938603,0.030446881948284443,0.9370219051823295
22813,31813,Low,Low,0.036137596353127355,0.9085081213849381,0.05535428226193453
30339,39339,High,High,0.932807295454222,0.0303857186069738,0.03680698593880425
12226,21226,Low,Medium,0.026905461124716774,0.031145666096283275,0.9419488727790001
14311,23311,Low,Low,0.03122742972353142,0.9370218219009822,0.03175074837548642
28279,37279,Medium,Low,0.032024529369644276,0.9221184658458155,0.045857004784540245
14386,23386,Medium,Medium,0.04792919519418356,0.036383184110837706,0.9156876206949788
37293,46293,Medium,High,0.9391120333070315,0.02900221751871788,0.031885749174250806
19542,28542,High,Medium,0.0353543868003768,0.03571776980715674,0.9289278433924664
39330,48330,Medium,Medium,0.03357765898671618,0.03180902281776318,0.9346133181955206
8993,17993,Low,Low,0.03184344805104621,0.9329610192053798,0.03519553274357415
17059,26059,Low,Low,0.033299758443995825,0.9333318835516197,0.033368358004384466
36849,45849,Low,Low,0.03047411711006974,0.9376878724734103,0.031838010416519874
36508,45508,Low,Low,0.030321048248513338,0.8504444253749593,0.11923452637652726
32344,41344,Medium,Medium,0.036486504483978804,0.04173278518978965,0.9217807103262315
27086,36086,Medium,Medium,0.027497221135216115,0.02789457786401407,0.9446082010007698
9315,18315,High,High,0.9286719720052439,0.033133342822116336,0.03819468517263975
35785,44785,Low,Low,0.02767440593895425,0.9388953259088947,0.033430268152151055
39890,48890,Medium,Medium,0.03244537285630292,0.03253118019229158,0.9350234469514055
36089,45089,Low,Low,0.03217692778999522,0.9282848164560019,0.0395382557540029
1155,10155,Low,Low,0.03194307735072743,0.9369782784772888,0.03107864417198374
16752,25752,Medium,Medium,0.03621724808268362,0.03123299768982328,0.9325497542274931
14735,23735,Medium,Medium,0.03250691697925181,0.03105083267931261,0.9364422503414357
25007,34007,Low,Low,0.041230179244381486,0.910314068893402,0.04845575186221659
13048,22048,Medium,Medium,0.031640601027646466,0.03485327979473152,0.9335061191776219
4328,13328,High,High,0.8084123284154846,0.04130295481130205,0.15028471677321334
10485,19485,High,High,0.9292489119759058,0.03184159092413353,0.038909497099960715
13314,22314,Medium,Medium,0.03698594163068201,0.03177468148075635,0.9312393768885615
13203,22203,High,High,0.9353289047502286,0.03161238162764685,0.033058713622124536
26036,35036,High,High,0.9348500287918978,0.031367254919734196,0.03378271628836793
6684,15684,Low,Low,0.040741771769103714,0.9084412251268784,0.050817003104017745
18104,27104,Low,Low,0.031127811215325207,0.7129586074025657,0.2559135813821092
38695,47695,High,High,0.9301327153083077,0.03148698413147147,0.0383803005602207
8030,17030,High,High,0.7402082166710758,0.047288492791970095,0.21250329053695408
25504,34504,High,High,0.9257091868843356,0.0379920223462522,0.03629879076941228
34023,43023,Medium,Medium,0.04154404989649232,0.036305284160355465,0.9221506659431521
7309,16309,Medium,Medium,0.032898489094723087,0.0323293723876998,0.9347721385175771
23593,32593,Medium,Medium,0.033696831657709266,0.03083591914760304,0.9354672491946877
3444,12444,Medium,Medium,0.03827142316609663,0.03469683725750395,0.9270317395763993
12802,21802,Low,Low,0.0310482078717023,0.9356888339881072,0.03326295814019045
5122,14122,High,High,0.9372266940890074,0.029568839005585223,0.03320446690540738
18656,27656,Low,Low,0.03657907961557056,0.9130058794499529,0.05041504093447658
1445,10445,Medium,Medium,0.055824948006111756,0.03897657112478173,0.9051984808691064
38757,47757,High,High,0.9343685672895491,0.027639584066499554,0.037991848643951345
15431,24431,Medium,Medium,0.027933784092801034,0.04211168395164153,0.9299545319555574
291,9291,Low,Low,0.030523117654653306,0.9357676571175522,0.03370922522779443
20921,29921,Low,High,0.9351152673971322,0.03186866570351293,0.03301606689935482
30273,39273,High,High,0.9275910348687678,0.02997047235150568,0.04243849277972655
33250,42250,Medium,Medium,0.05757118938073239,0.06544495038584477,0.8769838602334228
1622,10622,Medium,High,0.825251733457829,0.05308909018880731,0.12165917635336378
20818,29818,Medium,Medium,0.035703987931284945,0.03256152122078224,0.9317344908479327
34761,43761,High,Medium,0.4616114089979539,0.04459800841869351,0.49379058258335257
14669,23669,Medium,Medium,0.03230005026696076,0.03252805755759772,0.9351718921754416
18343,27343,Medium,Medium,0.030919982772153992,0.031327178324891285,0.9377528389029548
8230,17230,Medium,Medium,0.03389747051617236,0.03741769506485588,0.9286848344189718
11330,20330,Low,Low,0.039505323533100524,0.9276465231095626,0.0328481533573368
33712,42712,High,Medium,0.028515710744332446,0.034485289054204234,0.9369990002014633
14114,23114,Medium,Medium,0.034823634005257925,0.030592583716713414,0.9345837822780286
17159,26159,Low,Low,0.0327807021492162,0.9306515474409275,0.036567750409856374
2179,11179,Medium,Medium,0.03432782317326971,0.03169674931643032,0.9339754275102999
20963,29963,Medium,Medium,0.03196522526450926,0.03157515444558983,0.9364596202899008
8461,17461,Medium,Medium,0.033760427445274514,0.03476310182088408,0.9314764707338415
1440,10440,Medium,Medium,0.034166568832996486,0.03338091144942799,0.9324525197175756
14687,23687,Medium,Medium,0.03973819367060335,0.03563970676962322,0.9246220995597736
22684,31684,Low,Low,0.028781406586913156,0.922295331948161,0.048923261464925684
27946,36946,Medium,Medium,0.03155890208929336,0.03324490616958926,0.9351961917411175
1080,10080,Medium,Medium,0.034209503432641855,0.032990904263271455,0.9327995923040867
4399,13399,High,Medium,0.04032275805109032,0.03403980414712018,0.9256374378017895
10879,19879,Low,Low,0.030058042240109304,0.9383035107756083,0.031638446984282455
5235,14235,Medium,Medium,0.03252182479715919,0.03216389005662963,0.9353142851462112
33565,42565,Medium,Medium,0.0359254612143641,0.162847032490308,0.8012275062953279
2956,11956,Low,Low,0.027698827832084442,0.9415851186936114,0.03071605347430421
39899,48899,Medium,Medium,0.03215270019337135,0.03256591668987652,0.935281383116752
22564,31564,Medium,Low,0.03313504641067779,0.9356720280137916,0.031192925575530717
24785,33785,Medium,Medium,0.03556073179272151,0.030368923653646556,0.934070344553632
29327,38327,High,High,0.7894973613089799,0.04218232469030769,0.16832031400071248
27487,36487,Low,Low,0.030119251220367783,0.9345649274879371,0.035315821291695144
29049,38049,Low,Low,0.030636939074773894,0.9360031653539963,0.03335989557122975
11593,20593,Medium,Medium,0.03568928576261047,0.03719645613270795,0.9271142581046815
14368,23368,Medium,Medium,0.03250998819585122,0.03443365355454075,0.933056358249608
32198,41198,Medium,Medium,0.03190001156217422,0.03071109558031644,0.9373888928575093
36396,45396,Medium,Medium,0.03275886692674288,0.0313371463600823,0.9359039867131749
9434,18434,Low,Low,0.028951269809021973,0.9127472307233964,0.05830149946758162
29177,38177,High,High,0.9390358307842591,0.028394598442522304,0.032569570773218516
36658,45658,Low,Low,0.02956447515348444,0.9329097663505076,0.037525758496008
4250,13250,Low,Low,0.030331292548454875,0.9312559290991166,0.03841277835242834
23112,32112,High,High,0.9357855378786555,0.0295280444682874,0.03468641765305703
22480,31480,High,High,0.9220296935773776,0.034906047982454586,0.04306425844016782
1836,10836,High,High,0.9024850281048674,0.051881179246230695,0.045633792648901744
12204,21204,Medium,Medium,0.0350295759335847,0.033940825896804104,0.9310295981696113
6782,15782,Medium,Medium,0.03902703028009957,0.04292233322171491,0.9180506364981854
17790,26790,Medium,Medium,0.04347869575554949,0.034064466980992206,0.9224568372634584
38997,47997,High,High,0.9364318816744724,0.03129353846142429,0.03227457986410325
23253,32253,Medium,Medium,0.031184365636794192,0.04069739604979792,0.928118238313408
10172,19172,Low,Low,0.027644637796002288,0.9320267907550792,0.04032857144891859
7543,16543,Medium,Medium,0.04327764236158635,0.08201898162574507,0.8747033760126685
6328,15328,Low,Medium,0.040273292260026704,0.042762203789123876,0.9169645039508495
19008,28008,Medium,Medium,0.0429370817151768,0.03793253666564436,0.9191303816191789
33770,42770,High,High,0.9310330452987694,0.031507338855035795,0.037459615846194776
33303,42303,Low,Low,0.027888793336533473,0.9408280577003957,0.03128314896307089
29704,38704,Low,Low,0.03353945735155849,0.9328179656405938,0.033642577007847854
6029,15029,Low,Low,0.03162836124009843,0.9315875046548148,0.03678413410508683
26655,35655,Medium,Medium,0.047109617100890434,0.03550397907339836,0.9173864038257112
10120,19120,Low,Low,0.029692326328354505,0.9375434895902656,0.03276418408137987
21109,30109,High,Low,0.03422844648634218,0.9315475921590567,0.034223961354601096
30709,39709,High,High,0.9263741115826022,0.03961077247766293,0.03401511593973492
28615,37615,Low,High,0.9237816349778084,0.03551765424779836,0.040700710774393294
4056,13056,Low,Medium,0.03811520786364166,0.098419174364329,0.8634656177720293
29920,38920,Medium,Low,0.031181662365467874,0.9371995075472738,0.03161883008725829
20510,29510,Low,Low,0.035057540841462134,0.8550326361513729,0.10990982300716494
26892,35892,High,High,0.8943321961330207,0.054934776834496886,0.050733027032482336
27324,36324,High,High,0.9141855409002936,0.03791754106633043,0.047896918033376146
31063,40063,Low,Medium,0.029238639548181164,0.035784737460361545,0.9349766229914573
32223,41223,Medium,Medium,0.04852459195174704,0.11113163850648196,0.840343769541771
13622,22622,Medium,Medium,0.032113781564635895,0.03043849659343544,0.9374477218419286
19772,28772,High,High,0.9355632935584679,0.030097263956408344,0.03433944248512369
33515,42515,Medium,Medium,0.03163236559206261,0.030416448635163813,0.9379511857727736
6940,15940,Low,Low,0.03282707486217775,0.9282188413919279,0.038954083745894284
35069,44069,Low,Low,0.027312743237670706,0.9405862049261874,0.03210105183614199
39763,48763,Medium,Medium,0.033259601963340386,0.03228749847460379,0.9344528995620559
1647,10647,High,High,0.9307800316686846,0.0300321521617259,0.03918781616958935
17915,26915,Medium,Medium,0.03456711486977015,0.039846003511818204,0.9255868816184116
14577,23577,Medium,Medium,0.038562473338892546,0.052818391250393816,0.9086191354107136
9117,18117,High,High,0.9312476283508347,0.031174539419589208,0.037577832229576044
38479,47479,Low,Low,0.03571840861509646,0.9262014213670063,0.03808017001789733
26017,35017,Medium,Medium,0.031143733507647608,0.03096872075363805,0.9378875457387142
27208,36208,Low,Low,0.03408681331424862,0.9039181533478099,0.06199503333794154
17613,26613,High,High,0.9310467214119685,0.03217937211994789,0.03677390646808349
33429,42429,Low,Low,0.03207190636652577,0.8909114232085664,0.07701667042490772
27966,36966,Medium,Medium,0.03478761733369603,0.03917190866528172,0.9260404740010223
27312,36312,High,High,0.917967292404659,0.04043856903244072,0.04159413856290035
4985,13985,Medium,Medium,0.034996221699960896,0.03820329354161125,0.9268004847584278
23481,32481,Low,Low,0.03265248249233369,0.931008793885189,0.03633872362247737
36038,45038,Low,Low,0.03145693386659148,0.9367210122959713,0.031822053837437275
12638,21638,Medium,Medium,0.04560819501153923,0.042249191741092394,0.9121426132473683
23162,32162,Medium,Medium,0.030360306058129272,0.033659171792524256,0.9359805221493466
1005,10005,Medium,High,0.9337664101659479,0.031527594796878354,0.03470599503717379
4268,13268,Low,Medium,0.03555648357960566,0.033023767979395845,0.9314197484409985
22083,31083,High,High,0.9349033700016788,0.029549140098622275,0.03554748989969917
25427,34427,Medium,Medium,0.03265438367242543,0.033282078659489116,0.9340635376680856
30526,39526,Medium,Medium,0.03790354225539635,0.03462509862818763,0.927471359116416
3990,12990,Medium,Medium,0.036152291212609676,0.03558619697583499,0.9282615118115553
5250,14250,Medium,Medium,0.0334165885503611,0.03154984769319792,0.935033563756441
35558,44558,Low,Low,0.04597160447891605,0.9003878194128688,0.05364057610821512
13359,22359,Low,Low,0.030488851593438667,0.933720459847389,0.03579068855917245
28043,37043,Medium,Medium,0.03325509739377891,0.02983559774562465,0.9369093048605964
9303,18303,Medium,Medium,0.034292411734094426,0.03290394409119907,0.9328036441747064
11704,20704,Medium,Medium,0.034495268500644855,0.03187279829414854,0.9336319332052065
14176,23176,High,High,0.9383505444085061,0.02985229002209007,0.03179716556940388
21429,30429,Low,Low,0.04221772644055305,0.8666808631834244,0.09110141037602248
26404,35404,Low,Low,0.04410811332780836,0.9224596632282863,0.03343222344390536
21606,30606,High,High,0.9342749776225955,0.030469095435670474,0.03525592694173409
23351,32351,Medium,Medium,0.03508575280426435,0.03493799932248561,0.9299762478732502
27600,36600,High,High,0.9398523128712494,0.029039325796734083,0.03110836133201658
9174,18174,Medium,Medium,0.03145713692143068,0.03236404865955334,0.9361788144190161
31974,40974,Low,Low,0.03079073504313515,0.9352690249487213,0.03394024000814354
11052,20052,Medium,Medium,0.03252436114117118,0.03116848574503785,0.9363071531137909
36487,45487,High,High,0.9362493357842246,0.030632773237903786,0.03311789097787155
34163,43163,Medium,Low,0.03717132790332545,0.9060814421609892,0.05674722993568535
22333,31333,High,High,0.9419765625120524,0.027673505094354487,0.030349932393593033
38472,47472,Medium,Medium,0.0317784305125262,0.031546799298818255,0.9366747701886554
10924,19924,Low,Low,0.03126106013172417,0.9281682637333678,0.040570676134908064
37269,46269,Low,Low,0.03511022060844405,0.9284505944943424,0.03643918489721365
37707,46707,Low,Low,0.03222663971157349,0.9339300424691189,0.033843317819307654
38939,47939,Medium,Medium,0.036072724924242176,0.03456047353663652,0.9293668015391212
9549,18549,Medium,Medium,0.03289808637586995,0.03143076598186479,0.9356711476422653
22350,31350,Medium,Medium,0.04419784121607597,0.03393873554328581,0.9218634232406382
20781,29781,Medium,Medium,0.033110531121014586,0.03320978818861319,0.9336796806903723
11293,20293,High,High,0.9342199943456465,0.03240896469384379,0.03337104096050977
28388,37388,Low,Low,0.03393198405485886,0.9289390160541074,0.0371289998910337
10944,19944,Medium,Medium,0.032840264387547134,0.03150503374135294,0.9356547018710999
15782,24782,High,High,0.9290085275209968,0.034147786858063404,0.0368436856209396
32836,41836,Medium,Medium,0.10508528744912952,0.03349166574601731,0.8614230468048532
18573,27573,Medium,Medium,0.031256135463153804,0.029766150359795445,0.9389777141770508
14183,23183,Medium,Medium,0.032746338082919345,0.029607135743346526,0.9376465261737342
15844,24844,Medium,Medium,0.03173110118455927,0.03175717018213647,0.9365117286333042
13837,22837,High,High,0.9371333384819817,0.03044897676199163,0.032417684756026695
27114,36114,Medium,Medium,0.04211904146056714,0.037224510998452934,0.92065644754098
5561,14561,Medium,Medium,0.03183513514127603,0.030181272077689263,0.9379835927810348
6057,15057,High,High,0.9345225285057692,0.029769850696813618,0.035707620797417114
1701,10701,Medium,Medium,0.03220239659428159,0.02999624464540741,0.937801358760311
34511,43511,Low,Low,0.03836278809723148,0.923673563934727,0.03796364796804142
27226,36226,Low,Low,0.03887459394094635,0.9198126007391112,0.04131280531994241
16091,25091,High,High,0.9231790817926541,0.039807887961145004,0.037013030246200986
5070,14070,Low,Low,0.03195782426338356,0.9362526229730493,0.031789552763567035
24320,33320,Medium,Medium,0.03241393177033474,0.030876083248092684,0.9367099849815727
1113,10113,Low,Low,0.03778111178203522,0.9261025190462074,0.036116369171757326
18276,27276,Medium,Medium,0.036159997367264024,0.034516751444869646,0.9293232511878665
13265,22265,High,High,0.9339782723166076,0.03140867745437812,0.03461305022901428
10232,19232,High,High,0.9250367203168585,0.03710035373794269,0.03786292594519903
26982,35982,Medium,Medium,0.03256696569782883,0.030259212885457788,0.9371738214167135
19919,28919,Low,Low,0.04155601002212921,0.9167786115735609,0.04166537840430993
34440,43440,Low,Low,0.03220772245109943,0.935394508962895,0.032397768586005564
810,9810,Low,Low,0.04364037058303331,0.907155283925245,0.04920434549172165
9018,18018,Medium,Medium,0.03497336173290539,0.05041469411964494,0.9146119441474497
16319,25319,High,High,0.9408104390376032,0.02865482669911587,0.030534734263280832
37524,46524,Medium,Medium,0.04670754155306891,0.0752934443389199,0.8779990141080112
37842,46842,Low,Low,0.029745318906299834,0.9228010845850823,0.04745359650861803
31018,40018,High,High,0.8901128708674527,0.045867842197601295,0.06401928693494588
5512,14512,High,High,0.9367655268232854,0.029093416462877168,0.034141056713837444
11307,20307,Medium,Medium,0.03208907695877269,0.030657148202222723,0.9372537748390046
1360,10360,Medium,Medium,0.032712745417480114,0.03238415166236316,0.9349031029201568
22671,31671,High,High,0.9378909083116138,0.02854276370123397,0.033566327987152256
36296,45296,Medium,Medium,0.043341603175618526,0.234470208867419,0.7221881879569625
29620,38620,Medium,Medium,0.032199435609038075,0.03137712775197838,0.9364234366389835
39586,48586,Medium,Medium,0.036002573116117466,0.035263291239087474,0.928734135644795
22901,31901,Medium,Medium,0.029903684358309035,0.04816298285949042,0.9219333327822006
33407,42407,High,Medium,0.031704285904180014,0.03266768545798069,0.9356280286378392
27202,36202,Low,Low,0.041042778964872274,0.9206718683387107,0.03828535269641681
31301,40301,Medium,Medium,0.0325210643354511,0.031021192529702712,0.9364577431348463
14784,23784,Medium,High,0.9370709572783413,0.029991898793963856,0.03293714392769497
22992,31992,Medium,Medium,0.031092803470275904,0.030688252548628503,0.9382189439810956
6636,15636,High,Medium,0.03203514491755647,0.031116593238190937,0.9368482618442525
35616,44616,Medium,Medium,0.04113396807116772,0.05153525686336025,0.9073307750654721
29002,38002,Medium,Medium,0.03288879078984503,0.03137999380319508,0.9357312154069599
9423,18423,Low,Low,0.037276113514477065,0.9259518407672415,0.036772045718281604
16742,25742,Medium,Medium,0.034658641997862366,0.031649746539819834,0.9336916114623177
5589,14589,Medium,Medium,0.041520097287404155,0.03052606102165177,0.9279538416909441
31535,40535,Low,Low,0.04726918599213018,0.8966133690296765,0.056117444978193244
26008,35008,Low,Low,0.030921866123199623,0.9148064997955393,0.05427163408126113
8363,17363,High,High,0.9365937203674788,0.031267359223320135,0.03213892040920093
29181,38181,Medium,Medium,0.034749286295781716,0.035466145351695066,0.9297845683525233
11105,20105,Medium,Medium,0.03873908206531823,0.030940317735003386,0.9303206001996784
37483,46483,Medium,Medium,0.035782893944547145,0.03451649326798253,0.9297006127874702
5925,14925,Low,Low,0.03275670994527636,0.9316645891245919,0.03557870093013173
19509,28509,Medium,Medium,0.04080199922453661,0.03269689619526802,0.9265011045801953
12277,21277,High,High,0.9380224443390661,0.02971163903767024,0.03226591662326369
13917,22917,Medium,Medium,0.031938737325443715,0.03208684372415669,0.9359744189503996
38575,47575,High,High,0.9317351635424916,0.03213006318140235,0.03613477327610609
32850,41850,High,High,0.9362500699360478,0.03248830147875929,0.03126162858519297
38364,47364,High,Low,0.03265125503216887,0.9325463032805726,0.03480244168725844
15511,24511,Low,Low,0.03143717090663886,0.9196374493251923,0.04892537976816891
25638,34638,Medium,Medium,0.03596371115854805,0.034105395921363295,0.9299308929200887
32014,41014,Low,Low,0.029843772822298758,0.9380410223490391,0.032115204828662224
484,9484,High,Medium,0.03252893777571636,0.03249752132827172,0.9349735408960118
16060,25060,Medium,Medium,0.03204092402284675,0.03157958515161638,0.9363794908255368
10985,19985,Medium,Medium,0.03341388978653175,0.032265774853273,0.9343203353601953
27130,36130,Medium,Medium,0.03395839514180788,0.03191713490953474,0.9341244699486575
32547,41547,Medium,Medium,0.0378213071809588,0.06796549287496437,0.8942131999440769
39341,48341,High,High,0.9267323376864353,0.03128162997031061,0.04198603234325413
4491,13491,Medium,Medium,0.031895650040337974,0.03142624173944606,0.9366781082202159
31996,40996,High,High,0.9363214721711403,0.030849271956995137,0.03282925587186462
10368,19368,High,High,0.9288474702309207,0.03289378147344777,0.038258748295631397
2348,11348,Medium,Medium,0.03547978134308006,0.03189523573314001,0.9326249829237799
22449,31449,Medium,Medium,0.031560565166733605,0.0311064507056615,0.9373329841276048
37332,46332,High,Medium,0.034271516567518034,0.03201052316437093,0.933717960268111
25164,34164,Medium,High,0.9352472137940778,0.02989689864394783,0.03485588756197446
13279,22279,Low,Low,0.031213691524690484,0.935745973950394,0.03304033452491543
27040,36040,High,High,0.921629745724359,0.046174273440443746,0.032195980835197376
18480,27480,High,Medium,0.03327335599654971,0.03570912727635229,0.9310175167270981
35885,44885,Medium,Medium,0.031068355350160528,0.03230150799049064,0.9366301366593488
14523,23523,High,Medium,0.035481440754144,0.03281277038593065,0.9317057888599254
5081,14081,High,High,0.9098035961362427,0.04990937279469702,0.04028703106906036
5655,14655,Low,Low,0.04890486233129635,0.9141909073132549,0.03690423035544884
13489,22489,High,High,0.9342765495763122,0.03262955251103319,0.03309389791265454
18068,27068,Low,Low,0.032277420204700015,0.9320361161366363,0.03568646365866358
35854,44854,Low,Low,0.03187842759784056,0.9335782013915943,0.03454337101056517
25245,34245,High,Low,0.052222285056474804,0.9125377603057409,0.03523995463778451
11235,20235,High,High,0.9223795216018652,0.04418496116559143,0.033435517232543295
36950,45950,High,High,0.9343609561272469,0.03250063336330089,0.03313841050945226
38741,47741,High,High,0.9368779330608135,0.02959497982987028,0.03352708710931631
36979,45979,Medium,Medium,0.03264634933913539,0.03182855960473682,0.9355250910561278
38491,47491,Medium,Medium,0.032668921887488954,0.0312631573833711,0.93606792072914
18265,27265,Medium,Medium,0.03411773433047246,0.03205715491738268,0.9338251107521449
14701,23701,Low,Low,0.03404837401545303,0.7794929941780424,0.18645863180650457
11400,20400,Medium,Medium,0.032970143566497474,0.029947563118016746,0.9370822933154858
32253,41253,High,High,0.9302535341665595,0.029730880514799985,0.04001558531864042
26238,35238,High,High,0.9036490106509206,0.03309040640549286,0.06326058294358654
12744,21744,Low,Low,0.030616394332425967,0.9318582271804715,0.03752537848710244
39160,48160,Medium,Medium,0.03363676253483526,0.0317195768587908,0.9346436606063739
21417,30417,Low,Low,0.035336689880170497,0.9309860429830117,0.03367726713681788
11066,20066,Medium,Medium,0.03012523719202066,0.02950515788539812,0.9403696049225813
39636,48636,Low,Low,0.036081408812050776,0.8792756437062247,0.08464294748172461
36169,45169,Medium,Medium,0.03332535633929334,0.03317068837696374,0.9335039552837429
4861,13861,Medium,Medium,0.03355457370259493,0.4309369737596311,0.5355084525377739
15986,24986,High,High,0.9362732667379356,0.02974103782710201,0.03398569543496232
25825,34825,Low,Low,0.054837236352602146,0.905426540090271,0.03973622355712678
11223,20223,Low,Low,0.028289315239418775,0.9411598259170578,0.030550858843523376
27712,36712,Medium,Medium,0.030624278180645934,0.03293848596863123,0.9364372358507228
1198,10198,Medium,Medium,0.0362277724507415,0.03622081004437657,0.9275514175048819
35751,44751,Medium,Medium,0.03666544902008964,0.031288872109204106,0.9320456788707062
771,9771,Medium,Medium,0.04065079331414961,0.2475451513734254,0.7118040553124251
6781,15781,Medium,Medium,0.03475894536825358,0.031035119618216728,0.9342059350135297
19593,28593,Medium,Medium,0.03674017531789751,0.03171057861104263,0.9315492460710599
33826,42826,Low,Low,0.031166668818882692,0.9222831490878555,0.046550182093261894
13487,22487,High,High,0.9300253932500216,0.03150899586033163,0.038465610889646604
26801,35801,Medium,Medium,0.03001322572988904,0.038095495206310885,0.9318912790638002
35757,44757,Medium,Medium,0.036428037798177625,0.03698284592247807,0.9265891162793443
27562,36562,Low,Low,0.032024074839783215,0.9164121399553445,0.051563785204872196
10390,19390,High,High,0.9066386502484173,0.03971743850311396,0.0536439112484689
32868,41868,Medium,Medium,0.031507535863878916,0.030595419809140018,0.9378970443269811
35851,44851,Medium,Medium,0.03246963262721256,0.030869199672603095,0.9366611677001844
2321,11321,Low,Low,0.027656327401941554,0.9390558287534457,0.033287843844612745
20400,29400,Medium,Medium,0.03609054307783298,0.03230713167838629,0.9316023252437807
28575,37575,Medium,Medium,0.03279689550215915,0.03232912055262927,0.9348739839452115
12493,21493,High,High,0.9327288269585665,0.034897552481629464,0.03237362055980408
35877,44877,High,High,0.9341349704406895,0.029973544099165608,0.03589148546014482
38262,47262,Medium,Medium,0.03378535381149888,0.0320370908881626,0.9341775553003385
32594,41594,Low,Low,0.03247213048848541,0.9310561125071511,0.03647175700436341
24457,33457,Medium,Medium,0.03210197963315911,0.03252734844713282,0.9353706719197081
23991,32991,Low,Low,0.037651629621665184,0.928559073483951,0.03378929689438378
39973,48973,Low,Medium,0.03385960183647279,0.03614554135648728,0.9299948568070399
2599,11599,Medium,Medium,0.035257200947075296,0.03798103348586176,0.926761765567063
13778,22778,Medium,Medium,0.03274465005252161,0.03100219945649976,0.9362531504909786
436,9436,Low,Low,0.02731528909254932,0.9411274610234379,0.031557249884012754
31439,40439,High,High,0.9259115158364435,0.03437337470910926,0.03971510945444731
3419,12419,High,Low,0.03250590162791168,0.9329480678248965,0.034546030547191735
27121,36121,High,High,0.9330649327205874,0.03215793752862594,0.034777129750786444
16971,25971,Low,Low,0.027632107353491142,0.9408028141239764,0.03156507852253244
36029,45029,Low,Low,0.03229410563939055,0.9339843747918142,0.033721519568795176
5213,14213,High,High,0.9373589164692935,0.02930526273542634,0.033335820795280274
29278,38278,Medium,Medium,0.03258194479122852,0.031632370719898,0.9357856844888733
22189,31189,High,High,0.9152997332730058,0.04121292027981518,0.04348734644717902
26721,35721,Low,Low,0.029894931508235707,0.9368032347666816,0.03330183372508269
37611,46611,High,High,0.9352845581607756,0.029912489027998108,0.034802952811226355
36543,45543,Medium,Medium,0.03088654091337162,0.046376091347709876,0.9227373677389186
30480,39480,Medium,Medium,0.031212809922725734,0.030988397147855912,0.9377987929294185
34781,43781,Medium,Medium,0.03357047309029666,0.031894730857629026,0.9345347960520742
27363,36363,Low,Low,0.03161644404226514,0.931608517093958,0.03677503886377682
30500,39500,Medium,Medium,0.37534239604541186,0.05665510548626542,0.5680024984683228
37329,46329,High,High,0.9251199743532257,0.04049880928261716,0.034381216364157106
29998,38998,High,High,0.9265965054741764,0.03571478276814535,0.037688711757678274
36085,45085,Low,Low,0.03202700015875853,0.9279299000718385,0.04004309976940281
34797,43797,Medium,Medium,0.03034323854443095,0.030243151244499267,0.9394136102110697
3752,12752,High,High,0.9335158327902366,0.03072534452159841,0.03575882268816486
11100,20100,Medium,Medium,0.034105419578534496,0.03277516849594694,0.9331194119255186
31216,40216,Medium,Medium,0.036443829526552986,0.26329983414773855,0.7002563363257085
4060,13060,High,High,0.9337770785224451,0.031373203956201016,0.034849717521353886
19464,28464,Low,Low,0.02861890520165633,0.9402048374168692,0.031176257381474424
37025,46025,Low,Low,0.032471131116695966,0.9309959596669422,0.03653290921636187
23560,32560,Low,Low,0.03550818686924731,0.7056696248738028,0.25882218825694997
15587,24587,Medium,Medium,0.41171952815017715,0.037088373541806004,0.5511920983080169
25793,34793,Low,Low,0.041261574020984904,0.7640188197917377,0.19471960618727735
24931,33931,Low,Low,0.029378313225415665,0.938718461026911,0.03190322574767327
29655,38655,High,High,0.9392523803186168,0.028838241385359512,0.03190937829602364
9600,18600,Low,Low,0.032832175421344034,0.9322292960411956,0.03493852853746029
14825,23825,Low,Low,0.03080042618943732,0.9344843299724331,0.03471524383812963
38580,47580,Medium,Medium,0.03204305848275469,0.03113138962698879,0.9368255518902565
31712,40712,Medium,Medium,0.03471568521833526,0.03423757142641088,0.931046743355254
31681,40681,High,High,0.8804362470676882,0.05000135027695881,0.06956240265535299
35080,44080,High,Medium,0.030974019235171877,0.034206743995398255,0.9348192367694299
29566,38566,High,High,0.9363358659326773,0.02938622255697823,0.03427791151034464
15940,24940,High,High,0.916504216037343,0.045215664385951836,0.03828011957670512
36482,45482,Low,Low,0.03783334512967725,0.9290833046744068,0.033083350195915996
31399,40399,Low,Low,0.028488112784553658,0.8886180453904643,0.08289384182498218
32578,41578,Medium,Medium,0.03222710870450208,0.21584340055545403,0.7519294907400439
15409,24409,Medium,Medium,0.03547519614080014,0.03026616273255095,0.9342586411266489
1689,10689,Medium,Medium,0.03722683208068662,0.04148520337742145,0.921287964541892
31988,40988,High,High,0.9235691182428637,0.03934859424924491,0.03708228750789127
39549,48549,High,High,0.9326435718570701,0.029926864408750708,0.037429563734179196
33063,42063,High,High,0.9243926064198679,0.04079343379643686,0.03481395978369521
5458,14458,Medium,Medium,0.047605655096020195,0.16930562174878486,0.783088723155195
1985,10985,Medium,Medium,0.03263931615126364,0.030934098028661844,0.9364265858200745
7723,16723,Low,High,0.9237260428026938,0.03537985601737543,0.040894101179930614
9989,18989,Low,Low,0.035780346727511673,0.815908768348972,0.1483108849235162
13249,22249,Medium,Medium,0.03783880434880855,0.09411619148629406,0.8680450041648973
4749,13749,Low,Low,0.03609814759211031,0.9185389372173534,0.04536291519053637
35422,44422,Medium,Medium,0.03334564249880256,0.03457354136173582,0.9320808161394617
6982,15982,High,High,0.9403813421966021,0.02818833836725844,0.031430319436139505
5748,14748,Medium,Medium,0.03175083104044377,0.03090709753953026,0.9373420714200259
38229,47229,High,High,0.9356323751697997,0.028501448000855245,0.035866176829345085
16670,25670,Medium,Medium,0.033616219104692376,0.031093439114454644,0.935290341780853
12960,21960,High,High,0.6836338450980524,0.03673688732715819,0.2796292675747895
31338,40338,High,High,0.9237539778996707,0.03337205185071856,0.042873970249610704
24040,33040,High,High,0.9231165478690239,0.04033566600843922,0.03654778612253698
30408,39408,Medium,Medium,0.06025273225473693,0.032005293414198055,0.907741974331065
24115,33115,Low,Low,0.034918490383675165,0.933899992046074,0.031181517570250988
21652,30652,Medium,Medium,0.03686289151098695,0.031408792684991284,0.9317283158040217
28395,37395,Medium,Low,0.033476502703824663,0.9100556097222202,0.05646788757395507
29956,38956,Medium,Medium,0.03413632148822509,0.034611166878707314,0.9312525116330675
8251,17251,Medium,Medium,0.031213065207283817,0.05079596094257388,0.9179909738501424
14976,23976,Low,Low,0.03247467318536815,0.8723836917612663,0.09514163505336552
32598,41598,High,High,0.9240899158929073,0.03744206425258871,0.03846801985450407
12007,21007,High,Medium,0.03168652611293308,0.03154739567958864,0.9367660782074783
38142,47142,Medium,Medium,0.03568318454544808,0.03089377088752054,0.9334230445670313
21978,30978,High,Low,0.03232227085268918,0.928328797158235,0.03934893198907577
20311,29311,Medium,Medium,0.03526146810798719,0.0321045971337907,0.9326339347582221
4800,13800,High,High,0.9322849817238946,0.03358569414104934,0.03412932413505605
7140,16140,Medium,Medium,0.03304371551860002,0.031672958836012136,0.9352833256453877
15479,24479,Medium,Medium,0.031130733241438033,0.030342551581708992,0.9385267151768529
2002,11002,Medium,Medium,0.03367967462524454,0.03269154461537883,0.9336287807593767
4997,13997,High,High,0.9325232623455726,0.032541937035176736,0.03493480061925066
17068,26068,High,High,0.936873711937432,0.029241212241074593,0.0338850758214936
32876,41876,Low,Low,0.029553509388693763,0.9291981112306504,0.04124837938065573
24170,33170,Low,Low,0.044568719574452555,0.9205795789815804,0.03485170144396719
29973,38973,Medium,Medium,0.03141595615749702,0.030586644989242556,0.9379973988532604
2047,11047,Low,Low,0.05084011304700228,0.8283601424926369,0.12079974446036072
17181,26181,Low,Medium,0.037361554501907986,0.17098921453170823,0.7916492309663838
11670,20670,Low,Low,0.04207144691309885,0.9211869665592146,0.03674158652768641
28228,37228,High,High,0.9342285760648817,0.029951508072322514,0.03581991586279563
24960,33960,Medium,Medium,0.0333013814377077,0.03296301783981464,0.9337356007224776
12352,21352,Low,Low,0.02909134254971657,0.9377754935211301,0.033133163929153296
12458,21458,High,High,0.9299495165294545,0.03566271674770721,0.03438776672283823
17318,26318,Low,Low,0.03452071510483221,0.9002370516300399,0.06524223326512785
25543,34543,High,High,0.9387568813858324,0.02997783384775846,0.03126528476640922
9379,18379,Low,Low,0.04757165199414635,0.9110386226506834,0.041389725355170354
16633,25633,Medium,Medium,0.03246265945361237,0.031008400038160393,0.9365289405082272
31780,40780,Low,Low,0.028376582586320743,0.9418470960158892,0.029776321397789907
32744,41744,Medium,Medium,0.035477569592432055,0.03360200137118164,0.9309204290363864
3439,12439,Medium,Low,0.03280150478455605,0.5538077919680655,0.41339070324737853
22698,31698,High,High,0.9144635948233679,0.050757154951104194,0.03477925022552781
7304,16304,Low,Low,0.027456029312944052,0.9397782247226925,0.03276574596436356
4457,13457,Low,Low,0.028752269191237745,0.9410595113109625,0.030188219497799738
23194,32194,High,Medium,0.043451906017831186,0.0369796214715732,0.9195684725105956
12792,21792,High,High,0.9304507347374495,0.031655336790894294,0.037893928471656034
24220,33220,Medium,Medium,0.03743388131507463,0.03275817408658641,0.9298079445983389
1094,10094,Medium,Low,0.02851743319136724,0.9392837749125148,0.03219879189611802
23349,32349,Medium,Medium,0.0317678635900396,0.04880448441860044,0.9194276519913601
27065,36065,High,High,0.9374083304294238,0.029627333989572253,0.032964335581003916
37383,46383,Medium,Medium,0.03526425432168987,0.03363514027212101,0.9311006054061891
5466,14466,Medium,Medium,0.04365704686553026,0.03645575125543904,0.9198872018790306
4322,13322,Medium,Medium,0.04021573028400134,0.034634373528310634,0.925149896187688
25778,34778,Low,Medium,0.030915759454836118,0.030225329794331738,0.9388589107508322
35436,44436,High,High,0.9331368912856103,0.032960025180850866,0.0339030835335389
33294,42294,Medium,Medium,0.034363309877077634,0.03440919258029849,0.9312274975426238
38827,47827,Medium,Medium,0.033304982046125496,0.030780582251446458,0.9359144357024279
8486,17486,Medium,Medium,0.03265105007631613,0.03216649254048191,0.935182457383202
22703,31703,Low,Low,0.036625012798974475,0.9233252787526586,0.04004970844836699
35958,44958,Medium,Low,0.032729251024786514,0.7127545728328957,0.25451617614231786
20043,29043,High,High,0.9400980115028341,0.02860437302647721,0.03129761547068869
1799,10799,Low,Low,0.03458347450580701,0.9331754661490086,0.03224105934518442
9278,18278,Medium,Medium,0.03677297653486399,0.034347423190653,0.9288796002744829
34028,43028,Medium,Medium,0.03139719302911074,0.030787752044945965,0.9378150549259433
10411,19411,Medium,Medium,0.03326282435681707,0.03172602356067868,0.9350111520825042
3217,12217,Low,Low,0.03443962272020501,0.9312345861182548,0.03432579116154013
27651,36651,Low,Low,0.055659212730364734,0.9044901290361044,0.03985065823353096
26203,35203,Medium,Medium,0.033291913062159756,0.031405071164351005,0.9353030157734893
6211,15211,Low,Low,0.037504691956978635,0.9251399052569855,0.03735540278603583
21823,30823,High,High,0.937444263840206,0.030011433485765723,0.032544302674028365
5890,14890,Medium,Medium,0.03551874612717656,0.032967949573495296,0.9315133042993282
26086,35086,High,High,0.9265602643561607,0.035289437430480325,0.03815029821335904
24894,33894,Medium,Medium,0.032248456900768524,0.03231904095217449,0.9354325021470569
1208,10208,Medium,Medium,0.03662457716104561,0.034675300693016164,0.9287001221459382
37490,46490,Medium,Medium,0.03461009263991407,0.03353926756904613,0.9318506397910399
27211,36211,High,High,0.9338809038856392,0.03159972173105413,0.03451937438330671
9271,18271,Low,Low,0.03689132758484636,0.9312020899793797,0.0319065824357739
6794,15794,High,High,0.9354775408927397,0.02974034097700365,0.034782118130256445
25754,34754,Medium,Medium,0.03591026170131087,0.03707536849560545,0.9270143698030836
34901,43901,Medium,High,0.9287718047913076,0.02903738350017439,0.04219081170851804
2375,11375,Low,Low,0.03053714790097305,0.8981487922169143,0.07131405988211258
4760,13760,Low,Low,0.032999503675611226,0.9171081649569209,0.049892331367467964
27005,36005,Medium,Medium,0.03499457351025399,0.03157169801274358,0.9334337284770023
11291,20291,Low,Low,0.046760313768317276,0.9093987906578315,0.043840895573851235
1120,10120,Medium,Medium,0.032726017807284256,0.0341274862852357,0.9331464959074799
22465,31465,Low,Low,0.04361536371639785,0.9217519395931464,0.034632696690455766
6037,15037,Medium,Medium,0.032824204869291114,0.03210451047414878,0.93507128465656
32088,41088,High,High,0.9362827026161177,0.03110026469171266,0.03261703269216968
35209,44209,Low,Low,0.03330688746644026,0.9345087871484102,0.032184325385149475
11792,20792,Low,Low,0.03003992611436544,0.9314509071777861,0.038509166707848506
28937,37937,High,Medium,0.375990806356687,0.04728780279420338,0.5767213908491096
6356,15356,Medium,Medium,0.030260360446290813,0.03099733325726996,0.9387423062964393
35289,44289,Medium,Medium,0.03379046743270548,0.0322422818570949,0.9339672507101996
19705,28705,High,High,0.9377138413519269,0.030270020080390498,0.032016138567682546
2068,11068,Medium,Medium,0.03254605675520339,0.03287949104437141,0.9345744522004251
28459,37459,Medium,Medium,0.34719032268872646,0.04691035295091966,0.605899324360354
35051,44051,Medium,Medium,0.027281446028823462,0.027600801130637276,0.9451177528405393
39562,48562,Medium,Medium,0.03212869815952193,0.03231153512573722,0.935559766714741
9023,18023,High,High,0.9354845515743498,0.02916359316540902,0.03535185526024132
21046,30046,Medium,Medium,0.03288404841442772,0.032079790766253516,0.9350361608193186
12245,21245,Medium,Medium,0.03675537556045894,0.031099278215884263,0.9321453462236567
654,9654,Low,Low,0.02979726559206378,0.9319398607611982,0.038262873646737944
1382,10382,Low,Low,0.030119060965573177,0.9150474996772654,0.05483343935716137
10968,19968,Medium,Medium,0.0355883322969565,0.038314689345785156,0.9260969783572585
13119,22119,Medium,Medium,0.03245281261671815,0.03263615791679496,0.934911029466487
29736,38736,Low,Low,0.03378646375185904,0.9318802604666973,0.0343332757814436
33286,42286,Medium,Medium,0.15340589705797386,0.03268583501659001,0.8139082679254361
19394,28394,Low,Low,0.03839167974511512,0.9044601678986316,0.05714815235625334
2967,11967,Medium,Medium,0.03227918025556802,0.07624097814963272,0.8914798415947992
37967,46967,Low,Low,0.03510766800298844,0.9308024599491117,0.03408987204789976
31482,40482,Low,High,0.9270489199052504,0.03838294549531798,0.034568134599431664
34744,43744,Medium,Medium,0.032098046628590456,0.03155607523622778,0.9363458781351818
82,9082,Medium,Medium,0.033561330001195835,0.030933843443322794,0.9355048265554814
16085,25085,Low,Low,0.03527560874798096,0.9261479290393716,0.038576462212647315
18437,27437,Medium,Medium,0.03574638326745859,0.03513031177004597,0.9291233049624954
29095,38095,Low,Low,0.03021513324368164,0.9344855385627638,0.035299328193554386
15572,24572,High,High,0.9366592070396008,0.031110318362335698,0.03223047459806353
26220,35220,Medium,Medium,0.0311243718282473,0.030163215734968957,0.9387124124367837
28508,37508,Low,Low,0.03192618359703569,0.9192201569348183,0.04885365946814604
39661,48661,Medium,Medium,0.029351067263014587,0.029952985344195993,0.9406959473927895
15277,24277,Medium,Medium,0.05508365656432377,0.034756767717258406,0.9101595757184179
7869,16869,High,High,0.9234883208683901,0.041622453298346275,0.034889225833263614
37296,46296,Medium,Medium,0.03540963978046962,0.033006373131856205,0.9315839870876742
38668,47668,High,High,0.9225742700305011,0.04453947535257726,0.03288625461692169
8282,17282,Medium,Medium,0.037526023078325636,0.035051500755948095,0.9274224761657263
31981,40981,Low,Low,0.03641764504464148,0.9158609680890519,0.04772138686630659
4006,13006,High,High,0.9362602656875124,0.031242416847122464,0.03249731746536493
11497,20497,Medium,Medium,0.03539755092254119,0.033143982294167366,0.9314584667832914
12116,21116,Low,Low,0.02903457006277198,0.9375014621372516,0.03346396779997657
27133,36133,Low,Low,0.0363275438759171,0.9051166843239716,0.05855577180011132
35565,44565,Low,Low,0.035936173069194194,0.9299566312256285,0.03410719570517723
25612,34612,Medium,Medium,0.03340365321239696,0.0324546800591708,0.9341416667284322
18483,27483,Medium,Medium,0.03542806542925723,0.032281822778406404,0.9322901117923363
13425,22425,Medium,Medium,0.03262178217197129,0.030838293096738006,0.9365399247312908
34001,43001,Medium,Low,0.059298097919086586,0.7795903432215793,0.16111155885933426
7452,16452,Medium,Medium,0.03184090462900598,0.032118949756317704,0.9360401456146764
13505,22505,Low,Low,0.03889024888774787,0.765157504438486,0.19595224667376623
24251,33251,High,High,0.930518733387006,0.03283476710157039,0.03664649951142363
28669,37669,Medium,Medium,0.05238578792124792,0.040590545186436795,0.9070236668923153
24927,33927,Low,Low,0.029475225212329748,0.9372642057333961,0.033260569054274
4394,13394,Medium,Low,0.04307389949450091,0.7203423212261625,0.2365837792793367
24475,33475,Medium,Medium,0.04948691044544331,0.03510533795508843,0.9154077515994682
21755,30755,Low,Low,0.03150673762874522,0.9311865624381644,0.03730669993309035
7786,16786,Medium,Medium,0.03025671134513394,0.029035036546816047,0.9407082521080499
16772,25772,Medium,High,0.4858993231970155,0.03493085881574857,0.47916981798723596
29664,38664,Low,Low,0.030699048962392828,0.9308828407821612,0.038418110255445774
24189,33189,Low,Low,0.03394550978891028,0.9297438347621544,0.03631065544893529
18913,27913,Medium,Medium,0.032012837369545084,0.03190341919123912,0.9360837434392159
16795,25795,Low,Low,0.028567946024175273,0.9406080177638897,0.030824036211935014
20598,29598,Medium,Medium,0.03296166521532546,0.03066910688254138,0.9363692279021333
35177,44177,High,High,0.8933103234929297,0.03970308114362155,0.06698659536344882
14006,23006,High,High,0.9316682142681056,0.032128949510801176,0.03620283622109318
27316,36316,Medium,Medium,0.03558953437521492,0.051452873471778716,0.9129575921530063
5516,14516,Low,Low,0.033633959927051614,0.9313343141089607,0.035031725963987716
4722,13722,Medium,Medium,0.03239221980441336,0.03211882727627597,0.9354889529193106
21116,30116,High,High,0.9126025429338558,0.041078903769193494,0.04631855329695069
26353,35353,Medium,Medium,0.032573790410718485,0.031820114198778095,0.9356060953905034
25506,34506,High,High,0.8917767849626456,0.057514857380323726,0.0507083576570306
38100,47100,Low,Low,0.0422619853543508,0.9258448449110035,0.0318931697346457
20258,29258,Low,Medium,0.035177513554102965,0.03456249426536404,0.9302599921805329
19281,28281,Medium,Low,0.028378933336357187,0.9398444083010008,0.03177665836264207
32303,41303,Medium,Medium,0.032689744988524505,0.032054920491608505,0.9352553345198671
11614,20614,High,High,0.9316831936818722,0.03189847066192259,0.03641833565620514
24828,33828,High,High,0.9271362448683867,0.03169883126444029,0.04116492386717303
21531,30531,High,High,0.9286661692443516,0.028424646626735436,0.04290918412891292
34492,43492,Medium,Medium,0.033788507517920126,0.0323596673342332,0.9338518251478467
10046,19046,Medium,Medium,0.032552263326632434,0.031167470348658643,0.936280266324709
1961,10961,Medium,Low,0.029778955210231633,0.9365865452300547,0.033634499559713614
22468,31468,Medium,Medium,0.06275937614988146,0.033779808328675526,0.9034608155214431
19644,28644,Medium,Medium,0.035000108953720334,0.03364793398778158,0.931351957058498
12266,21266,High,High,0.9395944649567034,0.028816021340353482,0.031589513702943016
22639,31639,Medium,Medium,0.03512519209553428,0.0419566252619418,0.9229181826425239
15834,24834,Medium,Medium,0.030925662253791165,0.03049027786819812,0.9385840598780106
27547,36547,Medium,Medium,0.03651835814872729,0.03161343582067499,0.9318682060305976
9493,18493,Medium,Medium,0.032202092737601266,0.031434421610419115,0.9363634856519797
14088,23088,Medium,High,0.940442939110055,0.027650935615267175,0.03190612527467778
8146,17146,High,High,0.9384718686817327,0.029089912759304254,0.03243821855896293
21067,30067,Medium,Medium,0.031072565753393646,0.030562399306461624,0.9383650349401447
29680,38680,High,High,0.931092759276608,0.03330478709632272,0.03560245362706915
1217,10217,Medium,Medium,0.03646673397327865,0.03283180311963425,0.9307014629070872
872,9872,High,High,0.9259853611678528,0.04029770823089384,0.03371693060125344
7343,16343,Medium,Medium,0.03187180165901073,0.032107220172957356,0.936020978168032
1377,10377,Low,Low,0.028820493954565717,0.9272334207550962,0.043946085290338076
30094,39094,Low,Low,0.03282242591502104,0.9314918176630735,0.03568575642190532
17693,26693,Low,Low,0.03552620448631552,0.9242474981092191,0.04022629740446535
2590,11590,Low,Low,0.026829736114932865,0.9413434630367582,0.03182680084830897
37132,46132,Medium,Medium,0.03376610585393116,0.03335868069708178,0.9328752134489869
6679,15679,High,High,0.9370661116657727,0.029495877505248774,0.0334380108289786
21496,30496,High,High,0.9393623469757836,0.02904708478895506,0.031590568235261414
15476,24476,High,Low,0.02883834882625627,0.9354596786122977,0.03570197256144612
4979,13979,Medium,Medium,0.031815145793774945,0.030875172864312666,0.9373096813419123
1981,10981,Medium,Medium,0.3338316849563476,0.04692243933829011,0.6192458757053623
26184,35184,Medium,Medium,0.0305473761588614,0.03245951858479663,0.936993105256342
33090,42090,Low,Low,0.0293392618009083,0.9356649677749154,0.034995770424176224
2617,11617,Low,Low,0.03243146727033992,0.9313320772397994,0.03623645548986066
21342,30342,Medium,Medium,0.03264455077234937,0.03369470126137342,0.9336607479662772
5624,14624,Medium,Medium,0.03551525437408675,0.032707821318474,0.9317769243074392
1400,10400,Medium,Medium,0.03181844781019567,0.03440290534434904,0.9337786468454552
32828,41828,Medium,Medium,0.032990442406929686,0.03152531596486419,0.9354842416282061
39130,48130,Low,Low,0.03669705631208626,0.9302713972985129,0.033031546389400736
22469,31469,Low,Low,0.03478043777465917,0.9262862087462961,0.0389333534790447
27397,36397,Low,Low,0.03336988764348063,0.9238377622884145,0.042792350068104806
11148,20148,High,Medium,0.03873423692618457,0.032368630828614464,0.928897132245201
25851,34851,Medium,Medium,0.0318788123331881,0.03202315972665521,0.9360980279401568
2925,11925,Low,Low,0.0314784991316771,0.9341864043554245,0.03433509651289841
17368,26368,Medium,Medium,0.03300519905196283,0.032401682269531225,0.934593118678506
24933,33933,Low,Low,0.03190915527385327,0.9326793694284775,0.03541147529766923
4543,13543,High,High,0.8973283150375844,0.043097374307073305,0.05957431065534222
31372,40372,Medium,Medium,0.03739943000123152,0.04166365341570747,0.9209369165830611
2713,11713,Medium,Medium,0.03110541730277726,0.03173235059128632,0.9371622321059364
9525,18525,Medium,Medium,0.03258790163694029,0.03219807582837486,0.935214022534685
25034,34034,Medium,Medium,0.03206402517227278,0.034697570599766504,0.9332384042279607
26266,35266,Low,Low,0.030109937538300973,0.9329069682250092,0.03698309423668986
35873,44873,Medium,Medium,0.03581546085169658,0.032115785247227586,0.9320687539010758
9138,18138,High,High,0.9285703210732006,0.03893769349589266,0.032491985430906804
32466,41466,Medium,Medium,0.03362852654793857,0.03024424338570249,0.9361272300663589
3402,12402,Medium,Medium,0.03468854320635537,0.031865410581810784,0.9334460462118339
30628,39628,Medium,Medium,0.03615493931736103,0.03285687086943865,0.9309881898132003
3527,12527,Low,Low,0.03906387432570612,0.91910186527624,0.04183426039805382
27367,36367,Medium,Medium,0.1795954626108588,0.1902374588983845,0.6301670784907567
30923,39923,Low,Low,0.032800279259373635,0.9339263810501942,0.0332733396904322
9261,18261,High,High,0.929395966832193,0.03530097011710266,0.03530306305070429
28651,37651,Medium,Medium,0.050071447083635694,0.054587016278423973,0.8953415366379404
38513,47513,Medium,Medium,0.03236320313737532,0.0320675111387689,0.9355692857238558
10005,19005,High,High,0.9332825429836147,0.03433566147030254,0.032381795546082746
15532,24532,Medium,Medium,0.03314963683943812,0.03116838724459682,0.9356819759159651
31991,40991,Medium,Medium,0.03385891227156035,0.02991682144584597,0.9362242662825936
9627,18627,High,High,0.898165929549145,0.05242444134464491,0.04940962910621008
7401,16401,High,High,0.931740774438607,0.03056395701639092,0.037695268545002006
23316,32316,Medium,Medium,0.031128813921419172,0.030702844464644014,0.9381683416139368
29462,38462,Medium,Medium,0.032412857841508796,0.0959161271140593,0.8716710150444319
19064,28064,Medium,Medium,0.03721307882098501,0.03466828072175781,0.9281186404572571
34593,43593,Medium,Medium,0.03284584316815851,0.032352721202767304,0.9348014356290743
4984,13984,High,High,0.5892249692895041,0.031376238374264925,0.37939879233623097
32047,41047,Medium,Medium,0.0324469510007016,0.029737589589300745,0.9378154594099977
11666,20666,High,High,0.898665314744553,0.0527250330494382,0.048609652206008734
38031,47031,Low,Low,0.03490929119090066,0.7568658931955939,0.20822481561350537
37527,46527,High,High,0.9352195637062892,0.03047280351112454,0.034307632782586174
34702,43702,High,High,0.9108806264143415,0.04511330765333119,0.04400606593232729
3646,12646,High,Medium,0.028736709504647174,0.03260348595718574,0.9386598045381671
3242,12242,Medium,Medium,0.03136748834504697,0.030884419104721728,0.9377480925502314
36417,45417,High,High,0.8285850485743088,0.05452903881827117,0.11688591260742008
17682,26682,Medium,Medium,0.031745234654898306,0.03083364755835934,0.9374211177867423
24307,33307,High,High,0.924027504476745,0.04070604396501331,0.03526645155824179
7547,16547,High,High,0.9229757279742503,0.0401288214993196,0.036895450526430035
23852,32852,High,High,0.9223262324239355,0.03012849756583603,0.047545270010228576
35664,44664,Low,Low,0.029894617267579183,0.9385829092468011,0.0315224734856197
14852,23852,High,High,0.9313531286126615,0.036344285540142886,0.03230258584719555
8066,17066,Low,Low,0.030815099169886687,0.93738260077334,0.03180230005677318
23454,32454,Medium,Medium,0.03314348698113225,0.031923908865006186,0.9349326041538616
24158,33158,Low,Low,0.02970587154983942,0.9367123976380195,0.03358173081214096
22893,31893,Medium,Medium,0.031925156284091816,0.03166312129248672,0.9364117224234215
24181,33181,High,High,0.9394426836110351,0.029470385718321907,0.03108693067064298
2233,11233,High,High,0.5736216380363948,0.03879231464376829,0.3875860473198369
13296,22296,Medium,Medium,0.052380011119119864,0.033988859714777324,0.9136311291661028
21866,30866,Low,Low,0.028633416098824027,0.9205178395932911,0.05084874430788483
17031,26031,Low,Low,0.03281304495982741,0.9311159520984681,0.03607100294170446
34086,43086,Low,Low,0.03830643411941593,0.9258205499315219,0.035873015949062226
20399,29399,Medium,Medium,0.032521981024452855,0.03148223507651421,0.9359957838990329
24215,33215,Low,Low,0.03501666377819729,0.9179426568925068,0.04704067932929593
4619,13619,Medium,Medium,0.0319796932196302,0.03819938029776047,0.9298209264826093
16558,25558,Low,Low,0.0298938213490053,0.9326883204752773,0.037417858175717494
12087,21087,Low,Low,0.04094269836355483,0.9275388787519144,0.031518422884530765
16528,25528,Medium,Medium,0.04443319258490983,0.03216405818385307,0.923402749231237
20309,29309,Medium,Medium,0.036639174457401724,0.03300435355000463,0.9303564719925936
5507,14507,Medium,Medium,0.03299885549504047,0.03156335388734594,0.9354377906176136
26244,35244,Medium,Medium,0.032512680112847595,0.032204783758383725,0.9352825361287685
21242,30242,Medium,Medium,0.03385130330069368,0.0323771580956674,0.9337715386036388
3147,12147,High,High,0.9388899765761508,0.02891644694062009,0.03219357648322912
29025,38025,High,High,0.9259258658060302,0.036846629041324554,0.03722750515264533
31395,40395,Low,Low,0.028968567864879946,0.9355626968737808,0.035468735261339195
21616,30616,Low,Low,0.028436508728733684,0.9312220192097859,0.04034147206148042
33371,42371,Medium,Medium,0.03209608881763582,0.030575421549021427,0.9373284896333427
24104,33104,Low,Low,0.02836308603719795,0.9418405594330622,0.02979635452973985
14547,23547,High,High,0.9293144567922024,0.031666273447960434,0.039019269759837334
39329,48329,High,High,0.9084945890262331,0.03430361291612699,0.057201798057639926
35271,44271,Medium,Medium,0.0343981259897206,0.036224092662916554,0.9293777813473628
10499,19499,Low,Low,0.03439895148484632,0.931596556293492,0.03400449222166162
2240,11240,Medium,Medium,0.034129229881548644,0.03130520351836449,0.9345655666000869
34375,43375,High,High,0.938889526688499,0.028065857850613263,0.033044615460887626
28218,37218,Medium,Medium,0.03749682467227526,0.04463300690224442,0.9178701684254804
5350,14350,Medium,Medium,0.038404758849858216,0.06330680581955044,0.8982884353305914
36018,45018,Low,Low,0.03464552186925274,0.9311197322841953,0.03423474584655203
3592,12592,High,High,0.93059289859512,0.029587521200093184,0.03981958020478684
2270,11270,High,High,0.9264514709745532,0.03995904919781846,0.03358947982762848
17817,26817,Medium,Medium,0.03304302799297812,0.03245613492485389,0.9345008370821679
3453,12453,Medium,Medium,0.029727332133154757,0.029958035294246815,0.9403146325725985
18228,27228,Medium,Medium,0.03315155700192511,0.03154253903388655,0.9353059039641884
33237,42237,Medium,Medium,0.03306535941943379,0.03517224810880648,0.9317623924717598
19176,28176,Medium,Medium,0.0327732063728993,0.03202302477545905,0.9352037688516418
38747,47747,Medium,Medium,0.054511795103935314,0.04894345868033648,0.8965447462157282
13225,22225,Low,Low,0.03435995014339852,0.9293385015511307,0.0363015483054708
26578,35578,Medium,Medium,0.030669175931335058,0.03036108546260179,0.9389697386060631
20234,29234,Low,Low,0.038194553734712165,0.9130437218891382,0.04876172437614975
13316,22316,Medium,Medium,0.03183000985659884,0.03095547335700379,0.9372145167863973
8114,17114,Medium,Medium,0.03135765203373483,0.03193284918517409,0.9367094987810911
6892,15892,High,High,0.9273399810540789,0.031426216348816795,0.04123380259710426
16780,25780,High,High,0.935069126651285,0.030763953959087976,0.0341669193896269
31511,40511,Medium,Medium,0.0331678344526441,0.03205828819656236,0.9347738773507935
34563,43563,Medium,Medium,0.03171980081063135,0.0313201528280814,0.9369600463612873
6554,15554,Low,Low,0.029168003688590304,0.9401212500619532,0.03071074624945641
13319,22319,Medium,Medium,0.03210020010543043,0.03186553143816726,0.9360342684564023
7925,16925,Medium,Medium,0.03343763914459463,0.0311733157339958,0.9353890451214095
22824,31824,High,High,0.9390523161877667,0.028806455568667098,0.03214122824356612
4174,13174,Low,High,0.9267086306027723,0.033571734198011474,0.03971963519921614
6245,15245,Medium,Medium,0.032418529264279045,0.03111178979852243,0.9364696809371985
881,9881,Low,Low,0.032566760817891845,0.935712603313072,0.03172063586903609
2957,11957,Medium,Medium,0.03231595691462084,0.034008590138709556,0.9336754529466695
34915,43915,Medium,Medium,0.035132820356007045,0.03226972654015873,0.9325974531038342
22749,31749,Medium,Medium,0.03207775394137583,0.030674167157475115,0.937248078901149
19369,28369,Low,Medium,0.033711703654237174,0.030989072574271272,0.9352992237714917
17740,26740,Medium,Medium,0.03334657218559178,0.03378158481903967,0.9328718429953685
462,9462,High,High,0.9390881714615583,0.029095853929364635,0.03181597460907704
11373,20373,Low,Low,0.030714000710580128,0.8863314303825032,0.08295456890691666
14806,23806,Medium,Medium,0.032571339926903246,0.030833312246106057,0.9365953478269907
20166,29166,Medium,Medium,0.03120236404261804,0.031435944078838686,0.9373616918785433
39704,48704,Medium,Medium,0.03280221231679126,0.03027016796473293,0.9369276197184758
4021,13021,High,High,0.9389806796520608,0.02930688715898852,0.031712433188950805
36882,45882,Medium,Medium,0.035875327271932815,0.11194356658595578,0.8521811061421114
21301,30301,Medium,Medium,0.03197131559725766,0.029974041391526735,0.9380546430112157
8084,17084,Medium,Medium,0.03137729052482766,0.03226162740686809,0.9363610820683043
35059,44059,High,High,0.9290719377401286,0.03207927492146632,0.03884878733840508
29012,38012,High,High,0.9370306046756695,0.029840506555122992,0.03312888876920764
23638,32638,Medium,Medium,0.03452705040417348,0.03694319939404111,0.9285297502017854
6592,15592,Medium,Medium,0.03551337922746396,0.03415297761968545,0.9303336431528506
34705,43705,Medium,Medium,0.03167557718865439,0.03072971139242453,0.9375947114189209
31339,40339,Medium,Medium,0.030734227439652522,0.02939457992025607,0.9398711926400914
33736,42736,Low,Low,0.03214009893424292,0.9309814332145777,0.03687846785117938
23215,32215,Low,Low,0.033777865194867494,0.9327041055573976,0.033518029247734914
20061,29061,Low,Low,0.027718780426426226,0.9405611020201041,0.031720117553469686
7077,16077,Low,Low,0.030719124392472777,0.9363527568778182,0.032928118729709084
13224,22224,Medium,Medium,0.034845085936234775,0.0418020240626339,0.9233528900011314
13312,22312,High,High,0.9351657348101702,0.03220532415656308,0.03262894103326685
7500,16500,Low,Low,0.03780773262634985,0.9052266032453647,0.05696566412828538
2532,11532,Low,Low,0.03471095443350899,0.931639666406454,0.03364937916003715
10905,19905,Low,Low,0.02862176425863086,0.9131595376543492,0.058218698087019925
26013,35013,Medium,Medium,0.03189461306580102,0.053036570963940564,0.9150688159702586
24848,33848,Medium,Medium,0.03348196013705947,0.03279140409162318,0.9337266357713174
24622,33622,Medium,Medium,0.031034690551866573,0.02951736684259232,0.9394479426055411
10602,19602,Medium,Medium,0.031530098772780665,0.029840505903303508,0.9386293953239159
16454,25454,Medium,Medium,0.030638060492673185,0.030580673083654298,0.9387812664236725
98,9098,Medium,Medium,0.03198744386686359,0.03175423663775503,0.9362583194953813
24977,33977,Medium,Medium,0.03085783242358331,0.030326422073479672,0.938815745502937
22675,31675,Medium,Medium,0.03325900166812178,0.08164286494600334,0.885098133385875
31349,40349,Medium,Medium,0.028906867396254393,0.044904586549898935,0.9261885460538467
26055,35055,Low,Low,0.030962233259898452,0.9374378790520256,0.031599887688076075
8055,17055,Low,Low,0.03113789122268674,0.9355736694153972,0.03328843936191612
10013,19013,Low,Low,0.03260587473561608,0.9230424384175612,0.0443516868468227
10753,19753,Medium,Medium,0.03409078939613449,0.03369083532974355,0.9322183752741219
20571,29571,High,High,0.9402695981934359,0.028163290724991658,0.031567111081572445
10266,19266,High,High,0.9173200868679094,0.04518542400522965,0.03749448912686097
33977,42977,Medium,Medium,0.03178020495154015,0.037155697841264324,0.9310640972071956
7554,16554,Low,Low,0.029462348773833955,0.9011602126286863,0.06937743859747979
31499,40499,Low,Low,0.03093544152982412,0.9288995328025561,0.04016502566761981
34950,43950,Low,Low,0.03171897939587051,0.932042856849172,0.03623816375495761
39674,48674,Medium,Medium,0.0408682525010054,0.03868994178118328,0.9204418057178113
1988,10988,Medium,Medium,0.038055714080270385,0.03404279478856483,0.9279014911311648
7358,16358,Low,Low,0.033165223379059264,0.9296484703370332,0.03718630628390735
5361,14361,Medium,Medium,0.03133233431596741,0.030424854043344312,0.9382428116406883
39863,48863,Medium,Medium,0.035881970675399756,0.03348751083608461,0.9306305184885155
31833,40833,High,High,0.9333596384513704,0.03264174805227768,0.03399861349635186
34866,43866,High,High,0.9047059672616311,0.05181843568979818,0.043475597048570715
5791,14791,Low,Low,0.04074309817801578,0.9260430964506092,0.03321380537137489
1939,10939,Low,Low,0.027681135407316707,0.9359336281980138,0.0363852363946694
23212,32212,Medium,Medium,0.030683249638353713,0.042543406060590226,0.9267733443010561
26923,35923,Medium,Medium,0.03248669905990248,0.03475620206019512,0.9327570988799024
405,9405,High,High,0.6121231815874343,0.04866097939297968,0.3392158390195861
22122,31122,Low,Low,0.034088742167898,0.9312218660050605,0.03468939182704147
8873,17873,High,High,0.8963803369218173,0.053107855201611036,0.050511807876571696
28837,37837,Medium,Medium,0.04371305974170745,0.03282704587137573,0.9234598943869169
24871,33871,Medium,Medium,0.03255458817020262,0.03068703739501652,0.9367583744347808
10572,19572,Low,Low,0.0317225481602779,0.9068758814041865,0.061401570435535534
11826,20826,High,High,0.9316562684704239,0.03388022588930523,0.03446350564027075
20241,29241,Medium,Medium,0.031287308693643406,0.030930769491381394,0.9377819218149751
18434,27434,Medium,Medium,0.03228171346190279,0.03173015285576812,0.9359881336823291
10295,19295,High,High,0.8566849217714663,0.03506659139387033,0.10824848683466338
8513,17513,Medium,Medium,0.03169292090937585,0.03230313126456564,0.9360039478260584
37368,46368,High,High,0.9330134876792288,0.030590699847847607,0.036395812472923665
11379,20379,Medium,Medium,0.03148427407005593,0.030812151861047295,0.9377035740688967
28790,37790,Low,Low,0.034519483038924985,0.9203361655702529,0.045144351390822256
31605,40605,High,High,0.9220400444023104,0.039151322991662,0.038808632606027675
14208,23208,Low,Low,0.03609763426060908,0.9258519273624696,0.03805043837692139
24247,33247,Low,Low,0.03387319355518551,0.9288291555851854,0.03729765085962914
17037,26037,Medium,Medium,0.03179637028978221,0.031502519973605564,0.9367011097366124
24185,33185,Medium,Medium,0.035429740502372874,0.03437022882420551,0.9302000306734216
37985,46985,Low,Low,0.02943156585589468,0.940466217307745,0.030102216836360243
29519,38519,Medium,High,0.9142378024574809,0.04033293920738538,0.04542925833513372
29041,38041,Low,Low,0.035526335761640014,0.9158283392511523,0.048645324987207694
4561,13561,Medium,Medium,0.0339437733620734,0.038448554942355134,0.9276076716955716
19139,28139,High,High,0.9392424603289711,0.02908723488791043,0.031670304783118434
30417,39417,High,High,0.9398359982657944,0.029342946956096534,0.030821054778109026
24501,33501,High,High,0.9353820165181461,0.032388306698995124,0.032229676782858714
13069,22069,High,High,0.9393485131110099,0.02886352223939023,0.03178796464959983
21339,30339,Medium,Medium,0.03282058792513238,0.03287412949070858,0.9343052825841589
31995,40995,Medium,Medium,0.0312956349528973,0.07237857115012074,0.896325793896982
1282,10282,Medium,Medium,0.03553249459815277,0.03615259186938924,0.928314913532458
17118,26118,High,Medium,0.03236238797790578,0.03209208435710191,0.9355455276649923
6990,15990,Low,Low,0.0292427875848619,0.9223707507606219,0.04838646165451629
7518,16518,Medium,Medium,0.03418344991737384,0.032443944948248926,0.9333726051343773
26832,35832,Medium,Medium,0.033577111343989406,0.03494777733604366,0.931475111319967
12644,21644,Medium,Medium,0.03232717521263882,0.03184590300289549,0.9358269217844657
15032,24032,High,High,0.9382498764718364,0.030113612893440046,0.03163651063472351
12700,21700,High,Medium,0.03458094482343294,0.0309540237349063,0.9344650314416606
21972,30972,High,High,0.9329798832313898,0.03430187181312646,0.03271824495548388
4937,13937,Low,Low,0.034808961505458653,0.5512644338340208,0.4139266046605206
15951,24951,Medium,Medium,0.03209392717826132,0.0322907421960218,0.9356153306257169
29357,38357,High,High,0.9354985900459324,0.032807012688927245,0.03169439726514045
18121,27121,Medium,Medium,0.03232882541857383,0.02914678641194988,0.9385243881694763
21890,30890,High,High,0.9337691721268498,0.031274692512107134,0.03495613536104295
3869,12869,Medium,Medium,0.032528690879457804,0.03147113809137375,0.9360001710291684
329,9329,Medium,Medium,0.03371945509052864,0.03358556969274087,0.9326949752167305
9764,18764,Medium,Medium,0.03259320946811004,0.030202103126270214,0.9372046874056198
14837,23837,Low,Low,0.03514403519038516,0.9094174310528955,0.05543853375671933
21120,30120,Medium,Medium,0.03156508714606768,0.032062317163320087,0.9363725956906123
23806,32806,Medium,Medium,0.03272566216721473,0.03176686259897945,0.9355074752338058
5525,14525,Medium,Medium,0.035396653916134606,0.3683756016937771,0.5962277443900884
23039,32039,High,High,0.9100982610131165,0.04493846896499837,0.04496327002188516
16360,25360,Medium,Medium,0.13516435998686102,0.035345164085450374,0.8294904759276885
18439,27439,Low,Low,0.03351939826082629,0.9282311237547485,0.03824947798442524
16112,25112,High,High,0.9357105496006842,0.02966728469019284,0.034622165709123
25030,34030,Medium,Medium,0.0324184697920819,0.03335221856923393,0.9342293116386841
25894,34894,Medium,Medium,0.033091841053165386,0.030805169452940387,0.9361029894938943
25040,34040,High,High,0.6007976515388389,0.042109791795402605,0.3570925566657584
19866,28866,Medium,Medium,0.04027115524559514,0.03497375590722415,0.9247550888471806
25581,34581,Medium,Medium,0.03756335749416485,0.048605456045466976,0.9138311864603681
29760,38760,Medium,Medium,0.031098536461945932,0.03159898743240505,0.937302476105649
19752,28752,Medium,Medium,0.03116143617635057,0.0304938739520328,0.9383446898716166
32542,41542,High,High,0.9303213286863216,0.03233002648141913,0.03734864483225931
37817,46817,High,High,0.9163148372150068,0.03453520583538742,0.049149956949605826
17861,26861,High,High,0.9327837196384041,0.030956615657496394,0.036259664704099505
23949,32949,Medium,Medium,0.032922127461401045,0.03602075582305784,0.9310571167155411
18762,27762,High,High,0.9322239020269606,0.033161811862635907,0.03461428611040354
27929,36929,Medium,Medium,0.034848866697334606,0.0310368587859095,0.934114274516756
29872,38872,High,High,0.9296885112871385,0.03294831438688864,0.03736317432597285
38241,47241,Low,High,0.9158821352910334,0.040448557303524174,0.04366930740544251
29681,38681,Low,Medium,0.03125210462186199,0.031205801001006256,0.9375420943771317
9783,18783,Low,Low,0.02818755000819735,0.9397796275818927,0.03203282240991002
23712,32712,Medium,Medium,0.03151450631365494,0.030240191682769365,0.9382453020035757
25256,34256,High,High,0.9377616178967477,0.02930201276896488,0.0329363693342874
27484,36484,Low,Low,0.028117472783776146,0.9338651347483037,0.03801739246792021
18593,27593,Low,Low,0.03470469814261453,0.9340322222982858,0.031263079559099745
38226,47226,Low,Low,0.030306813277140895,0.9338612983865967,0.03583188833626228
4252,13252,Low,Low,0.038916033162386315,0.8997568418197588,0.06132712501785481
7148,16148,Low,Low,0.03355363248549472,0.9285157205781492,0.03793064693635596
33659,42659,Low,Low,0.037869555367401046,0.929522735746288,0.032607708886310975
10335,19335,Low,Low,0.031487215237146746,0.9382270238357847,0.030285760927068556
9287,18287,Medium,Medium,0.037121938506384324,0.034236612175144364,0.9286414493184715
20710,29710,High,High,0.9382317388845943,0.029921919518893125,0.03184634159651254
23757,32757,Medium,Medium,0.03467002122979409,0.03462626434551195,0.9307037144246939
19198,28198,Low,Low,0.03216714151542875,0.9371484029386378,0.03068445554593335
21200,30200,Medium,Medium,0.03166047190921025,0.03253800343151817,0.9358015246592716
14148,23148,Medium,Medium,0.033066507202726796,0.03324951966337326,0.9336839731339
33185,42185,Medium,Medium,0.03235446193156464,0.031792769084050494,0.9358527689843849
31777,40777,Low,Low,0.03005140239363376,0.9367171224892482,0.033231475117118124
29344,38344,Medium,Medium,0.03690963637991455,0.03366450630291875,0.9294258573171668
30363,39363,Medium,Medium,0.031128004195227075,0.030674889212196774,0.9381971065925762
20723,29723,Medium,Medium,0.0329969530807944,0.033533363199780127,0.9334696837194255
5990,14990,Low,Low,0.037691299085599796,0.9245031033277903,0.03780559758660993
23754,32754,High,Medium,0.03161143421993653,0.030524125329671414,0.937864440450392
31840,40840,High,High,0.9286495909994822,0.038177039120625304,0.0331733698798926
16701,25701,Low,Low,0.042185799801300855,0.9214263028167125,0.03638789738198666
2557,11557,Low,Low,0.030190459090245394,0.9294069982997918,0.040402542609962844
31914,40914,Low,Low,0.040361948188525794,0.9062186882044495,0.053419363607024574
2882,11882,Low,Low,0.050255442081436175,0.8999878828154051,0.04975667510315871
16469,25469,Medium,Medium,0.03328400770638231,0.07027220609890882,0.896443786194709
35574,44574,Medium,Medium,0.03209767793297925,0.031266136799698106,0.9366361852673227
27595,36595,Medium,Medium,0.03596898016263058,0.031885912841420345,0.9321451069959491
227,9227,Low,Low,0.02818491033302627,0.9417066425249443,0.030108447142029402
7795,16795,High,Low,0.030709068172515643,0.9324010754850764,0.03688985634240799
39753,48753,High,High,0.9308114811383673,0.030194328608554182,0.03899419025307854
10269,19269,Medium,Medium,0.03149422189687666,0.030288303423340334,0.938217474679783
39951,48951,Medium,Medium,0.03300520524496156,0.03025681475071744,0.9367379800043211
25143,34143,Medium,Medium,0.03334919373736258,0.032964162588686154,0.9336866436739513
1594,10594,High,High,0.9332292458215754,0.030313685243348047,0.036457068935076664
14798,23798,Low,Low,0.03422288284954119,0.9256627046368354,0.04011441251362349
5809,14809,High,High,0.9202700339846812,0.04542116738252683,0.034308798632792
14264,23264,High,High,0.9272330709656988,0.03234072196463535,0.04042620706966577
13891,22891,High,High,0.9381437392858872,0.02828198882905054,0.0335742718850624
36676,45676,Medium,Medium,0.03538633865754092,0.03364793429354968,0.9309657270489095
26805,35805,Medium,High,0.9274225688205578,0.03202997365626601,0.04054745752317613
12529,21529,Medium,High,0.9314083174658517,0.0316603554428075,0.03693132709134075
35381,44381,Medium,Medium,0.032721482273056705,0.03246977232821951,0.9348087453987238
15490,24490,Medium,Medium,0.03508072492958928,0.036486921874279356,0.9284323531961313
11002,20002,Medium,Low,0.03470466624574189,0.9078906333493002,0.05740470040495795
19815,28815,High,High,0.9270546356620447,0.03332441252937834,0.03962095180857688
21775,30775,Medium,Medium,0.03181171397252959,0.03804619112167066,0.9301420949057997
19995,28995,High,Low,0.031069980435532624,0.9332487336946343,0.03568128586983293
6370,15370,Medium,Medium,0.031176614548848236,0.029872924209081442,0.9389504612420704
19926,28926,Medium,Medium,0.031048557124459208,0.030839018856159566,0.9381124240193812
3801,12801,Low,Low,0.04601522505655145,0.7612810183345977,0.19270375660885075
27939,36939,Low,Low,0.07123526810381937,0.836340184272445,0.09242454762373559
37902,46902,Low,Low,0.043396486378299626,0.9081363127899856,0.04846720083171477
22340,31340,Low,Low,0.03991980391099308,0.5888659056775467,0.3712142904114602
6474,15474,Medium,Medium,0.03207327469175422,0.031023774154624057,0.9369029511536217
32792,41792,Low,Low,0.028219794562213397,0.9410488829475749,0.030731322490211748
11051,20051,Medium,Low,0.037044708252707705,0.926719791792784,0.036235499954508525
34362,43362,Medium,Medium,0.03295659039473245,0.03430989171900694,0.9327335178862605
20490,29490,Medium,Medium,0.03219038192180401,0.04793926774120818,0.9198703503369878
24410,33410,Medium,Medium,0.03482324843586936,0.034422557629226504,0.9307541939349041
31770,40770,High,High,0.9384771416411294,0.029381627361935544,0.03214123099693486
11740,20740,Medium,Medium,0.03223561855891208,0.03264631926853077,0.9351180621725571
3992,12992,High,High,0.9356535180589075,0.030926320537223134,0.03342016140386925
14728,23728,High,High,0.9353980806649664,0.029647803541169516,0.034954115793864086
16291,25291,Medium,Medium,0.03385646001484661,0.032377206824190104,0.9337663331609632
32662,41662,Medium,Medium,0.031163646345673163,0.032279871827494,0.9365564818268329
7898,16898,Medium,Medium,0.0321685781569501,0.03254403302663559,0.9352873888164143
20393,29393,High,High,0.9358268463549044,0.031127422635790644,0.03304573100930498
40,9040,Medium,Medium,0.03172581142494028,0.030585483184984528,0.9376887053900753
11736,20736,High,High,0.9338890659020533,0.03192612294144492,0.03418481115650166
35669,44669,Low,Low,0.028668555461803025,0.939023684108364,0.03230776042983301
24259,33259,Medium,Medium,0.03636473134394943,0.03591448115370859,0.927720787502342
4312,13312,Low,Low,0.030579078064431674,0.9295648852674603,0.03985603666810799
11580,20580,Low,High,0.9034800639035545,0.031734693459846246,0.06478524263659925
19833,28833,Medium,Medium,0.031274790077384554,0.03177835717032662,0.936946852752289
16519,25519,High,High,0.9058887576046958,0.05313170490932052,0.04097953748598385
27297,36297,Medium,Medium,0.03206584078167663,0.031004948151929182,0.9369292110663943
27264,36264,High,High,0.9350408327232183,0.031213167694448412,0.033745999582333416
6568,15568,Medium,Medium,0.030679532650975515,0.03050283575901459,0.9388176315900099
31593,40593,Medium,Medium,0.03239144709143401,0.02992011657917261,0.9376884363293935
25646,34646,Medium,Medium,0.03100359689638744,0.03346723944843257,0.93552916365518
461,9461,Medium,Medium,0.03494213838523416,0.036115093150582235,0.9289427684641837
25328,34328,High,High,0.9293270018808334,0.03409328775185393,0.036579710367312814
6817,15817,Low,Medium,0.03234140101060471,0.033701162174595574,0.9339574368147997
3866,12866,Low,Low,0.0315340667148859,0.9201215932593328,0.048344340025781175
36132,45132,Low,Low,0.02985447905876638,0.9359276743291726,0.03421784661206112
36566,45566,High,High,0.9378058736263992,0.0288705540956954,0.033323572277905326
21181,30181,Low,Low,0.032726502419695554,0.9339950545088597,0.03327844307144479
6176,15176,Medium,Medium,0.035536517467777855,0.03213762604406329,0.9323258564881588
875,9875,Medium,Medium,0.032293449694197736,0.03323180100606714,0.9344747492997353
459,9459,Medium,Medium,0.03405145861897472,0.031638314428825094,0.9343102269522001
15157,24157,Medium,Medium,0.21601605551103084,0.0314978044875208,0.7524861400014483
29485,38485,Medium,Medium,0.03567747681720473,0.03475548269878311,0.9295670404840122
28260,37260,High,Medium,0.03223620764024315,0.034943414152167375,0.9328203782075896
37614,46614,Medium,Medium,0.03307220298786253,0.0336578159984088,0.9332699810137286
39813,48813,High,High,0.9322014221181387,0.033081494435802765,0.03471708344605861
12981,21981,Medium,Medium,0.036904323741597765,0.03511313403553156,0.9279825422228706
38084,47084,High,High,0.9329305213867555,0.0347934672096624,0.03227601140358207
5673,14673,Medium,Medium,0.032873151627297224,0.03269171496047733,0.9344351334122255
25542,34542,Low,Low,0.04008615746077863,0.9157954116475318,0.04411843089168956
16154,25154,Low,Low,0.03422611094422945,0.91834505546412,0.047428833591650434
3784,12784,Medium,Medium,0.04637009281325599,0.03572987765842784,0.9179000295283162
6855,15855,Medium,Medium,0.033138720952280286,0.034376360052365884,0.9324849189953538
22315,31315,Medium,Medium,0.033725013619965716,0.037536361677783035,0.9287386247022513
29860,38860,Medium,Medium,0.03065038940306992,0.03065385846287251,0.9386957521340576
15422,24422,Medium,Medium,0.03685053564281902,0.03250475977798225,0.9306447045791987
22295,31295,Low,Low,0.042501690699162376,0.9177573219477323,0.03974098735310543
32375,41375,Medium,Medium,0.03207642525502597,0.03304516972717635,0.9348784050177977
17119,26119,Low,Low,0.029828816934579627,0.9351530886304499,0.0350180944349705
14346,23346,Low,Low,0.043004819252721836,0.9166027665313167,0.04039241421596148
30864,39864,High,High,0.9332600648278698,0.0320827111345714,0.034657224037558894
12621,21621,Low,Low,0.03405932053834986,0.9241956408539004,0.041745038607749786
8647,17647,Low,Low,0.030384530737802336,0.9316369879035058,0.0379784813586918
29787,38787,Low,Low,0.0339483195464173,0.9229811785433751,0.043070501910207594
11081,20081,High,High,0.9397227493889616,0.02838871270216929,0.031888537908869065
3997,12997,Medium,Medium,0.03220939464547132,0.03309696749532263,0.934693637859206
29379,38379,Medium,Medium,0.03299263519086353,0.032776320408186295,0.9342310444009501
14089,23089,Medium,Medium,0.03357111383914154,0.09304348390230766,0.8733854022585508
13107,22107,Medium,Medium,0.04478644236396793,0.03753820757961634,0.9176753500564158
21201,30201,Low,Low,0.03145962773306125,0.9313542319409892,0.0371861403259495
21084,30084,High,High,0.928906983744972,0.030978722940549725,0.0401142933144783
23530,32530,High,High,0.9110795696450881,0.0361240349495349,0.052796395405377027
18655,27655,Medium,Medium,0.0382537087576774,0.03167697032067954,0.9300693209216431
22747,31747,Medium,Medium,0.02792690400370916,0.03714571507147683,0.934927380924814
38542,47542,Low,Low,0.028908010507879917,0.9386003588630526,0.03249163062906755
33625,42625,Medium,Medium,0.057837863637033436,0.05022552353914577,0.8919366128238209
13767,22767,Low,Low,0.032644035850158286,0.9334678673111153,0.03388809683872632
13933,22933,Medium,Medium,0.03243775217540886,0.030621445149693397,0.9369408026748977
39965,48965,High,High,0.9277400708685946,0.030723429772459523,0.04153649935894596
8913,17913,Medium,Medium,0.03563802049279002,0.03907938786764275,0.9252825916395672
23535,32535,Medium,Medium,0.03687697841310405,0.03674879371945252,0.9263742278674435
36311,45311,Medium,Medium,0.035267099828323,0.035450145551531,0.9292827546201461
13629,22629,High,High,0.9356347897759191,0.03177494145890263,0.03259026876517825
29932,38932,Medium,Medium,0.034688181584032474,0.03581413895078376,0.9294976794651838
10159,19159,Medium,Low,0.07069986261067061,0.7686166134646847,0.1606835239246446
22932,31932,High,High,0.9333854222652557,0.030630915652581355,0.035983662082163026
9750,18750,Medium,Medium,0.03066508790640767,0.02922569066399663,0.9401092214295956
30847,39847,Medium,Medium,0.031443436217640196,0.030993110543336384,0.9375634532390235
6889,15889,Low,Low,0.029296603644677354,0.9408487005233791,0.029854695831943435
19539,28539,Medium,Medium,0.04287905135599243,0.028477779121308795,0.9286431695226988
2646,11646,Low,Low,0.03375927466608641,0.9350191138044117,0.031221611529501928
14486,23486,High,High,0.8962933461041028,0.03727916713493345,0.06642748676096356
15784,24784,Medium,Medium,0.03252423461495075,0.03085028631781477,0.9366254790672345
9842,18842,Medium,Medium,0.03176885193170883,0.0324227560379759,0.9358083920303152
33124,42124,Medium,Medium,0.02834554960514667,0.028588652653770166,0.9430657977410832
29423,38423,High,High,0.9334867637616538,0.031977615802053994,0.03453562043629204
929,9929,Medium,Medium,0.033100498470572885,0.0317207991413063,0.935178702388121
8078,17078,High,High,0.9268181829267553,0.037506942724184776,0.03567487434905987
2665,11665,Low,Low,0.03792448070538191,0.8942147872959563,0.06786073199866183
19053,28053,Low,Low,0.03108922256182602,0.9314057803794652,0.037504997058708724
21971,30971,Medium,Medium,0.031197249956229283,0.031227505428501084,0.9375752446152695
35923,44923,Medium,Medium,0.03184395530414016,0.029795215122082618,0.9383608295737772
6228,15228,Medium,Medium,0.0340279488559005,0.03243670882678826,0.9335353423173113
26576,35576,Medium,Medium,0.032624718771781004,0.03094990494779511,0.936425376280424
33498,42498,Medium,Medium,0.07817629546767098,0.03001028967064571,0.8918134148616833
11777,20777,Medium,Medium,0.031498946166852705,0.030831529883877554,0.9376695239492697
29426,38426,High,High,0.935096400034546,0.028294259025462717,0.036609340939991436
5605,14605,Medium,Medium,0.031898257501229266,0.03157421997463029,0.9365275225241406
10014,19014,Low,Low,0.02804578028216428,0.9403436649059316,0.031610554811904244
28798,37798,High,High,0.9274839463169485,0.03443488550977702,0.03808116817327442
17551,26551,Medium,Medium,0.03458415594546429,0.03088761504939555,0.9345282290051401
22916,31916,Medium,Medium,0.0348731667502672,0.03307771701125517,0.9320491162384776
1070,10070,High,High,0.9289105289407407,0.037764425118321295,0.03332504594093808
31973,40973,High,High,0.9274241118425369,0.03299116625833943,0.0395847218991237
14219,23219,Medium,Medium,0.033745890213029116,0.033529047445893724,0.9327250623410772
18399,27399,Medium,Medium,0.04809737439046736,0.03393634894615101,0.9179662766633817
20270,29270,Medium,Medium,0.030184700686828773,0.029253244116098167,0.9405620551970731
22990,31990,High,High,0.9334022950219335,0.029646418454572495,0.03695128652349399
22156,31156,Medium,Medium,0.03331596919339108,0.03631523993454255,0.9303687908720665
35078,44078,Medium,Medium,0.03352303624876604,0.03543969790462779,0.9310372658466063
5739,14739,Medium,Medium,0.03631017347388411,0.03451201001632185,0.929177816509794
508,9508,Medium,Medium,0.03198675123472034,0.03144451843688099,0.9365687303283986
35321,44321,Low,Low,0.02972950225660402,0.9135756443446118,0.056694853398783995
943,9943,High,High,0.9332826076929783,0.03312519510422604,0.03359219720279564
25839,34839,Low,Low,0.03265301102859849,0.9357720773585575,0.03157491161284385
13947,22947,High,High,0.9148597117064927,0.04832679650959209,0.03681349178391513
15333,24333,High,High,0.9339699250390874,0.03126499427950858,0.034765080681403986
16794,25794,Low,Low,0.03947125868541972,0.9207103910040839,0.039818350310496436
31825,40825,High,High,0.9326913246878995,0.02955774599434141,0.03775092931775909
2888,11888,Low,Low,0.028797728133294034,0.9289537238327948,0.04224854803391113
38003,47003,Medium,Medium,0.034115208135847175,0.030371609243046726,0.9355131826211062
32010,41010,Medium,Medium,0.03341431027598497,0.03172665709307787,0.9348590326309371
15937,24937,Low,Low,0.0299634601188274,0.9312908365403455,0.03874570334082708
23955,32955,Medium,Medium,0.03844383138554566,0.15166566697956885,0.8098905016348855
18361,27361,Low,Low,0.04120549461424417,0.9251322340272038,0.03366227135855219
28246,37246,Low,Low,0.036861979779108996,0.9236580927923189,0.039479927428571975
25618,34618,Medium,Medium,0.03220760513671853,0.03273801532058416,0.9350543795426973
6188,15188,High,High,0.9211623755959116,0.03757777456670642,0.04125984983738192
15358,24358,High,High,0.5485841801700869,0.04063290739620967,0.41078291243370346
30664,39664,Medium,Medium,0.031514790548515144,0.030641548228854485,0.9378436612226304
10461,19461,Low,Low,0.033235256505021925,0.9307047676587291,0.0360599758362489
29195,38195,Medium,Medium,0.03469861814837797,0.0327604896317461,0.932540892219876
28333,37333,Medium,Medium,0.03218181886674793,0.031362791999243966,0.9364553891340082
19803,28803,Medium,Medium,0.03440072983228203,0.033568642128106445,0.9320306280396116
37174,46174,High,High,0.9371387810688608,0.027420074428155403,0.03544114450298363
29378,38378,Medium,Medium,0.03067233039574377,0.030725333508526687,0.9386023360957295
9772,18772,Low,High,0.9304548203008052,0.030478588847472208,0.03906659085172268
24619,33619,Low,Medium,0.03232711599696374,0.3084412467085409,0.6592316372944954
35865,44865,Low,Low,0.033072499426957065,0.9279138945449983,0.03901360602804469
3080,12080,Low,Low,0.029578547121736385,0.9381146192234834,0.03230683365478022
27319,36319,Low,Low,0.030620333853428588,0.9198992336435081,0.04948043250306338
20612,29612,High,High,0.931572906971649,0.031644070257211034,0.036783022771139984
6983,15983,Medium,Medium,0.03170263374273536,0.031109014819661374,0.9371883514376034
33383,42383,Low,Low,0.030327666942995792,0.9301580627317912,0.03951427032521304
2308,11308,High,High,0.9376816017746181,0.030829472056673756,0.031488926168708214
17886,26886,Medium,Medium,0.03117519047427686,0.03044379257778221,0.938381016947941
37755,46755,Medium,Medium,0.03435035852056268,0.2154050342241546,0.7502446072552827
21553,30553,Medium,Medium,0.03356306538599508,0.03142983052108628,0.9350071040929185
35427,44427,High,High,0.9219918353198814,0.037966302381877017,0.04004186229824158
24291,33291,Medium,Medium,0.031665017663067896,0.031111245858111425,0.9372237364788206
6677,15677,High,High,0.9338580852778241,0.03322662978651756,0.03291528493565833
30220,39220,Medium,Medium,0.03284583846282817,0.03336103667599149,0.9337931248611803
5797,14797,Low,Low,0.029399968575445388,0.9344056711610454,0.03619436026350919
19323,28323,Medium,Medium,0.038581103120596226,0.03346159360910934,0.9279573032702945
39918,48918,Medium,Medium,0.03357517535430841,0.032180691534564744,0.9342441331111268
1726,10726,Medium,Medium,0.03127780736987309,0.04158171954115078,0.9271404730889762
17703,26703,Medium,Medium,0.04592129825171674,0.05868780614595063,0.8953908956023326
15884,24884,High,Medium,0.028869015372872644,0.027396697445758168,0.9437342871813691
2774,11774,Medium,Medium,0.031627136326928006,0.031150283717846297,0.9372225799552257
4949,13949,Medium,Medium,0.03249582125855165,0.03181261274544891,0.9356915659959996
3816,12816,High,High,0.9278266271852682,0.033558226879513965,0.03861514593521786
6999,15999,High,High,0.9326339784133041,0.030674671010959928,0.036691350575736
325,9325,High,Medium,0.21908821261679043,0.05286305281939154,0.728048734563818
22804,31804,Medium,Medium,0.030051464669339823,0.02899368933021344,0.9409548460004468
26913,35913,Medium,Medium,0.031875903196535965,0.03194698670751341,0.9361771100959505
10459,19459,Low,Low,0.03297875073887931,0.9155458582001548,0.051475391060965985
28678,37678,Medium,Medium,0.03238807429844003,0.03251855541618535,0.9350933702853746
32296,41296,Medium,Medium,0.03279312911182056,0.030713405944325662,0.9364934649438538
39984,48984,Medium,Medium,0.033974027107869766,0.03317000566981015,0.9328559672223201
8304,17304,Medium,Medium,0.03494505477016771,0.032181471756373065,0.9328734734734593
35589,44589,Medium,Medium,0.03973368766524569,0.037778736537604586,0.9224875757971497
3827,12827,Low,Low,0.03885124626497101,0.9245522193306077,0.036596534404421205
28362,37362,Medium,Medium,0.032395234712612235,0.031496066525029974,0.9361086987623578
23884,32884,High,High,0.9395138887119711,0.029521275447869436,0.030964835840159532
1142,10142,High,High,0.9349189143406532,0.03136171737721592,0.03371936828213093
10801,19801,Medium,Medium,0.0326543978652157,0.03377334311622906,0.9335722590185552
15198,24198,High,High,0.938765612626109,0.027912050435869747,0.03332233693802117
7460,16460,Medium,Medium,0.03178544393527278,0.03086690265611147,0.9373476534086157
36579,45579,Medium,Medium,0.033821711438920495,0.030960261386280687,0.9352180271747988
23017,32017,High,High,0.9016054604434728,0.038769345900600605,0.05962519365592667
6307,15307,High,High,0.9334436963000451,0.030157757433733164,0.036398546266221875
20974,29974,Medium,Medium,0.03348806410264368,0.03233254045088518,0.9341793954464711
22621,31621,Low,Low,0.028823114964414375,0.9080222519241351,0.06315463311145066
23971,32971,Medium,Medium,0.03626278705936985,0.03050706813661898,0.9332301448040111
12780,21780,Low,Low,0.034459117278742436,0.9275080268348003,0.038032855886457266
37905,46905,High,High,0.9309538947017386,0.03176111725550795,0.03728498804275352
10852,19852,Medium,Medium,0.033862766519401906,0.03220833891331332,0.9339288945672847
12147,21147,Medium,High,0.5155768963246695,0.03350011591157797,0.45092298776375245
23484,32484,Medium,Medium,0.03092412184825652,0.03577219264837748,0.9333036855033661
31260,40260,Medium,Medium,0.04555728738616086,0.19742942871679936,0.7570132838970397
37418,46418,Low,Low,0.03485614233583887,0.9309962970601487,0.03414756060401237
5549,14549,Medium,Medium,0.02890526272457235,0.03416692497856565,0.9369278122968621
19171,28171,Medium,Medium,0.03332582288684882,0.034403029612599785,0.9322711475005514
38126,47126,High,High,0.9197567634422222,0.03988783521142739,0.0403554013463503
31497,40497,Medium,Medium,0.03176699476053438,0.0325933755129669,0.9356396297264987
39620,48620,Medium,Medium,0.031680697098354804,0.031414264391859514,0.9369050385097856
18077,27077,Medium,Medium,0.032433465983247416,0.035004457677504604,0.932562076339248
31121,40121,High,High,0.93359744252359,0.03175849299672943,0.03464406447968057
13380,22380,High,High,0.9276415516636941,0.03200298176901223,0.04035546656729376
29494,38494,Medium,Medium,0.032905645188883226,0.030982729846839956,0.9361116249642768
31971,40971,High,High,0.8156976235170325,0.05550028335298091,0.1288020931299866
24846,33846,Medium,Medium,0.02918236942548279,0.036268347889416686,0.9345492826851004
37715,46715,Low,Medium,0.03244442082309903,0.03146624509930716,0.9360893340775936
36140,45140,Medium,Medium,0.054055989726072305,0.0765914871468167,0.869352523127111
4151,13151,Medium,Medium,0.03514935511110242,0.0323254874371812,0.9325251574517165
36207,45207,Low,Low,0.0328077998410186,0.9346073908200189,0.032584809338962434
14815,23815,Medium,Medium,0.03264292601375728,0.030724729036449124,0.9366323449497936
31843,40843,Medium,Medium,0.03778646743535821,0.032508026724912854,0.9297055058397289
6596,15596,Medium,Medium,0.033199747186392015,0.03207511452288301,0.9347251382907249
21731,30731,Medium,Medium,0.034279931418899796,0.03298507037080328,0.932734998210297
20068,29068,Medium,Medium,0.03243258849535376,0.03273573267493032,0.934831678829716
3373,12373,Medium,Medium,0.03294677299089624,0.031288997976983146,0.9357642290321205
6692,15692,High,High,0.9301836407992189,0.03331415300108939,0.03650220619969174
23835,32835,Low,Medium,0.033957359913037645,0.03385362271324203,0.9321890173737204
5169,14169,Medium,Medium,0.03256634548561955,0.030869300785634556,0.9365643537287459
39581,48581,Medium,Medium,0.032015388170915655,0.03084454268908393,0.9371400691400004
39284,48284,Medium,High,0.9285000244977856,0.03696486863009532,0.03453510687211902
5568,14568,Medium,Medium,0.032973882317947366,0.031583695914069544,0.935442421767983
6084,15084,Medium,Medium,0.03334551687044135,0.032011705434005236,0.9346427776955534
28200,37200,Medium,Medium,0.03173726690462839,0.031995851913034466,0.9362668811823371
16133,25133,Low,Low,0.029916211693342073,0.9382098868452964,0.031873901461361556
37970,46970,Medium,Medium,0.0378086126184878,0.03029163880577264,0.9318997485757395
12703,21703,Medium,Medium,0.03229134158754008,0.03725741209433667,0.9304512463181233
236,9236,Low,Low,0.030507667401285358,0.937723892772398,0.031768439826316476
29654,38654,Low,Low,0.03167293022600406,0.9335784988333634,0.03474857094063257
24741,33741,Medium,Medium,0.032004640282496825,0.033078812526409575,0.9349165471910936
6528,15528,Medium,Medium,0.0517834224731051,0.03891287573427333,0.9093037017926217
11932,20932,High,High,0.937143487164921,0.029937475508626566,0.03291903732645238
14911,23911,High,Medium,0.032972778909963286,0.03149836768261662,0.93552885340742
14298,23298,Medium,Medium,0.0316407584589905,0.029914838175409807,0.9384444033655998
28966,37966,Medium,Medium,0.03238316144888631,0.03151340529228861,0.9361034332588251
17155,26155,Medium,Medium,0.03197240545130075,0.030627923094237883,0.9373996714544615
35405,44405,Low,Low,0.030022478528591138,0.9381680551445196,0.03180946632688928
7721,16721,High,High,0.9373742377669574,0.03007844195667697,0.032547320276365595
30486,39486,Medium,Medium,0.196112237688579,0.03542308819478288,0.7684646741166382
35932,44932,Medium,Medium,0.03326828516073859,0.03235437914909153,0.9343773356901698
34625,43625,High,High,0.9268334248215511,0.03497680018867549,0.038189774989773474
26602,35602,Medium,Medium,0.030724257282436867,0.0321764353025171,0.9370993074150461
34648,43648,Low,Low,0.03421686380598349,0.8725210247871932,0.09326211140682343
35385,44385,High,High,0.9281721657575283,0.0312970020143948,0.040530832228076984
31254,40254,Medium,Medium,0.032254924711802246,0.03170951101009376,0.9360355642781041
11180,20180,Medium,Medium,0.031406298511565754,0.03288775429421697,0.9357059471942172
1034,10034,High,High,0.8277346923097803,0.04003040585182426,0.13223490183839545
34037,43037,Low,Low,0.0426274760260885,0.9244988806306234,0.032873643343288225
23787,32787,High,High,0.8606610400452576,0.08525667417509092,0.054082285779651594
36787,45787,High,High,0.9362384898919949,0.029042726680889874,0.03471878342711529
35124,44124,Low,Medium,0.033304184403865456,0.03137302256817826,0.9353227930279563
4211,13211,Low,Low,0.03485023682519848,0.897035042809715,0.06811472036508644
1753,10753,Low,Low,0.03361714652356422,0.9196196907510701,0.046763162725365764
24047,33047,Low,Low,0.03119379464219897,0.9355339659482742,0.03327223940952678
22225,31225,Low,Low,0.030353190823408958,0.9004980582484606,0.06914875092813046
35936,44936,High,High,0.9266378035459218,0.03381747287788415,0.039544723576194006
34034,43034,Medium,Medium,0.031709686164677835,0.029948804728809758,0.9383415091065124
27271,36271,Low,Low,0.03275418963656288,0.9341845524748216,0.03306125788861556
12016,21016,Medium,Medium,0.03096924258896654,0.03034105687739963,0.9386897005336339
14052,23052,Low,Low,0.031155289290773505,0.9306511938417481,0.038193516867478274
37758,46758,Medium,Medium,0.05108822463946514,0.29603324439722056,0.6528785309633144
27358,36358,Low,Low,0.03165255759084571,0.904131815334153,0.06421562707500136
9551,18551,High,High,0.936873067579384,0.030130884554959856,0.03299604786565606
9414,18414,Medium,Medium,0.03483880010403234,0.032509859436324666,0.9326513404596429
19726,28726,Low,Low,0.03333938292895288,0.7649093538193945,0.20175126325165263
15114,24114,Low,Low,0.03247007604817583,0.9287443516269732,0.03878557232485109
10969,19969,High,High,0.9328762514312238,0.030235562687171907,0.036888185881604245
18520,27520,High,High,0.9371339951322389,0.03175007403809498,0.031115930829666225
27971,36971,High,High,0.9383333398468109,0.02981445016675111,0.03185220998643804
20069,29069,Medium,Medium,0.03216672411885238,0.030464368133646655,0.9373689077475009
19711,28711,Medium,Medium,0.033748900095664565,0.031608241555402504,0.9346428583489329
31882,40882,Low,Low,0.03413426616724163,0.9280096393592614,0.03785609447349706
22464,31464,Medium,Medium,0.03248781769750542,0.03075496943312714,0.9367572128693674
9250,18250,Low,Medium,0.03141521742915383,0.03041632742983365,0.9381684551410124
16285,25285,Medium,Medium,0.032478946888554266,0.033523707709227045,0.9339973454022187
7593,16593,Low,Low,0.031999561821247295,0.9334069836678239,0.034593454510928684
17968,26968,High,Medium,0.03477654028333227,0.03384121442865897,0.9313822452880087
34022,43022,Medium,Medium,0.03310106416746992,0.03306474186124463,0.9338341939712854
30467,39467,Low,Low,0.030761694832927674,0.8223477527682084,0.14689055239886387
3255,12255,Medium,Medium,0.035816251925980154,0.03434185402417034,0.9298418940498494
24593,33593,Medium,Medium,0.03538730888825364,0.05529119017208956,0.9093215009396568
1301,10301,High,High,0.9359259830089074,0.031617077592369265,0.03245693939872327
25897,34897,Low,Low,0.02990208366785596,0.919097277934021,0.0510006383981231
21752,30752,Low,Low,0.03923677860968416,0.9120106083057493,0.048752613084566555
5633,14633,Low,Low,0.0408697733069448,0.9025200202463933,0.056610206446661926
19773,28773,Low,Low,0.030707306770924547,0.9380074199965054,0.031285273232570084
31677,40677,High,High,0.9403717752915016,0.028185183755479733,0.031443040953018725
12452,21452,Medium,Medium,0.4263735733025132,0.03775880586011983,0.5358676208373669
12892,21892,High,High,0.9363166217454237,0.03062447025928,0.03305890799529634
39907,48907,Low,Low,0.028160567155692807,0.9407574491117122,0.03108198373259502
15597,24597,Low,Low,0.040535724791740495,0.9280028288639772,0.03146144634428233
9346,18346,High,Medium,0.032142710076247895,0.031273662369541495,0.9365836275542105
38153,47153,Medium,Low,0.057793392611222516,0.6019523321162846,0.3402542752724929
3770,12770,Medium,Medium,0.03310880190818514,0.033620678269864535,0.9332705198219503
12603,21603,Medium,Medium,0.05483390352914271,0.03289077594819501,0.9122753205226622
23341,32341,Low,Low,0.03201345511158016,0.9264304180497337,0.04155612683868624
3666,12666,High,High,0.9304709481173049,0.033092850496407165,0.03643620138628801
7382,16382,Low,Low,0.027571572257764642,0.9396494997492647,0.0327789279929707
39444,48444,High,High,0.9346400517706589,0.029076172606148035,0.03628377562319308
19977,28977,High,High,0.9330364221393039,0.03275408389288605,0.03420949396780996
37480,46480,Medium,Medium,0.031828282975114676,0.03180849533210505,0.9363632216927803
1661,10661,Medium,Medium,0.03212583308218577,0.03931726177365523,0.9285569051441591
39388,48388,Medium,Medium,0.03249128752372121,0.03152171306567194,0.9359869994106069
23854,32854,High,High,0.9406222918499694,0.028741635310780583,0.03063607283924999
12073,21073,Low,Low,0.05255884335323382,0.8858948778688376,0.06154627877792864
17987,26987,High,High,0.9315844634551126,0.03227523820777064,0.03614029833711672
34638,43638,Medium,Low,0.16278293101164917,0.6412426527765612,0.19597441621178954
35404,44404,Low,Low,0.031567776359389906,0.9346917645767098,0.033740459063900385
7257,16257,High,High,0.9311443090983044,0.02976802446918767,0.03908766643250792
36903,45903,Medium,Medium,0.03338910823786647,0.033320122698972734,0.9332907690631608
5050,14050,Low,Low,0.029762916303033914,0.9221159121833131,0.04812117151365292
37094,46094,High,High,0.9372954258731859,0.03094885794378943,0.031755716183024495
34381,43381,Medium,Medium,0.03215766823138434,0.032039109817112804,0.9358032219515028
16372,25372,High,High,0.9268135290204705,0.036672646839070705,0.0365138241404589
5915,14915,Low,Low,0.036970522405372706,0.9321451231805057,0.030884354414121556
12457,21457,High,High,0.9349642959117844,0.03304720319436314,0.03198850089385247
1957,10957,Medium,Medium,0.03290243444189544,0.03084481639478781,0.9362527491633168
30292,39292,High,High,0.9247152454770345,0.02990920061438654,0.045375553908578954
4525,13525,Medium,Medium,0.033876840281791755,0.03465969172466098,0.9314634679935473
4352,13352,Low,Low,0.03286005956383024,0.930537086612825,0.03660285382334471
39036,48036,High,High,0.9287593075274638,0.0295340916967982,0.04170660077573796
27364,36364,Medium,Medium,0.04526834717388006,0.04461365469165345,0.9101179981344666
11030,20030,High,Medium,0.03486408345123054,0.03027935223266767,0.9348565643161018
29436,38436,Medium,Medium,0.03482182177396806,0.03195356633824042,0.9332246118877915
27985,36985,Low,Low,0.030765806154999176,0.9274778110598761,0.041756382785124536
20955,29955,Low,Low,0.028685197100839013,0.9407666239454026,0.03054817895375835
1817,10817,Medium,Medium,0.0332273139544989,0.03254144281927198,0.9342312432262291
17747,26747,Low,Low,0.033937423783733094,0.9278892583818089,0.03817331783445791
27085,36085,Low,Low,0.0327218844277973,0.8753280919650567,0.09195002360714606
11598,20598,Medium,Low,0.029647936513432505,0.8197138591683815,0.15063820431818606
3356,12356,Medium,Medium,0.036144206413179884,0.034277427697704616,0.9295783658891156
17868,26868,High,High,0.9353334457013744,0.030663165388961345,0.03400338890966421
7884,16884,Medium,Medium,0.03326371203029117,0.03740317108240392,0.9293331168873049
5801,14801,Low,Low,0.034522279000603256,0.9324292455852756,0.033048475414121044
30548,39548,Medium,Medium,0.03145673745182023,0.02984447620333855,0.9386987863448413
22587,31587,Medium,Medium,0.0497301657234094,0.03551563836511355,0.914754195911477
7702,16702,Medium,Medium,0.03535864101968276,0.03902178002835288,0.9256195789519643
12560,21560,Medium,Medium,0.03435074964566787,0.03744085294271406,0.928208397411618
6495,15495,High,High,0.9243923853253176,0.03213064872741508,0.04347696594726717
34669,43669,Medium,Medium,0.03269235497497099,0.030793106207415363,0.9365145388176136
12305,21305,Medium,Medium,0.03800941487116093,0.037041990142201296,0.9249485949866377
21127,30127,Medium,Medium,0.03241422802540355,0.03232806742808142,0.9352577045465149
32570,41570,Medium,Medium,0.03269638218707499,0.03150538707181615,0.9357982307411089
8905,17905,High,High,0.9341201292468129,0.030308369456039746,0.035571501297147305
23460,32460,High,High,0.9281746178110013,0.03368346289262764,0.03814191929637106
1463,10463,Low,Low,0.03211915885253006,0.9372561280771016,0.03062471307036845
30174,39174,Medium,Medium,0.03176771174742094,0.03169670105775338,0.9365355871948257
2473,11473,Medium,Medium,0.03347327147111673,0.03268881282112585,0.9338379157077573
25750,34750,Low,Low,0.028494240907530163,0.9410336787641396,0.030472080328330268
7564,16564,Medium,Medium,0.0327551466226988,0.030895518148253493,0.9363493352290478
34185,43185,High,High,0.922015433325996,0.032091231541890544,0.045893335132113446
26134,35134,Medium,Medium,0.030203070185721437,0.030313956246247168,0.9394829735680313
1473,10473,Medium,Medium,0.03211424430892849,0.03232009544876637,0.9355656602423051
31207,40207,High,High,0.9261851864056699,0.03480026958404346,0.039014544010286485
30441,39441,High,High,0.9347294870840782,0.031526278050842495,0.03374423486507936
11570,20570,Low,Low,0.03540054187274406,0.9288184145887355,0.035781043538520414
16989,25989,Low,Low,0.027864360726268952,0.9370882931164758,0.03504734615725522
19581,28581,High,High,0.9341031978392458,0.02953721480321903,0.03635958735753514
25913,34913,Medium,Medium,0.03388262892197493,0.03359655037263758,0.9325208207053874
12825,21825,Medium,Medium,0.041350547267958206,0.03172964735489494,0.9269198053771467
29541,38541,Low,Low,0.029307160183252533,0.9197845010280937,0.05090833878865372
27207,36207,Low,Low,0.027905506222367125,0.9326562192728444,0.03943827450478841
29361,38361,Low,Low,0.03573668272939057,0.9243377739058327,0.03992554336477683
27480,36480,Low,Low,0.02921752206279701,0.9123832490137164,0.05839922892348668
27000,36000,High,High,0.9307083069709711,0.03233144863531041,0.036960244393718464
18320,27320,Medium,Medium,0.032916436381486634,0.03166093795780547,0.9354226256607078
31832,40832,Low,Low,0.030848388225643442,0.8918438428098329,0.07730776896452365
35075,44075,Medium,Medium,0.04324762661842945,0.05115590779535664,0.905596465586214
22637,31637,High,Medium,0.0356489124928632,0.0336638842350083,0.9306872032721284
23883,32883,Medium,Medium,0.03317234116347001,0.03154391637970624,0.9352837424568237
7149,16149,Low,Low,0.0342364765160017,0.9308620357330879,0.03490148775091034
30172,39172,Medium,Medium,0.03064594547083449,0.02965768590701588,0.9396963686221497
1423,10423,Low,Low,0.03245696763709805,0.9313282406582036,0.03621479170469841
27517,36517,Low,Low,0.031223177379365044,0.9324836574290801,0.036293165191554684
1671,10671,Medium,Medium,0.03147471718357739,0.031798053704470246,0.9367272291119524
222,9222,Medium,Medium,0.04063408225434088,0.039634260323656446,0.9197316574220027
39006,48006,High,Medium,0.03383769724972816,0.03124942461320356,0.9349128781370682
10441,19441,Medium,Medium,0.03398343036934018,0.03161455996398654,0.9344020096666733
27576,36576,Medium,Low,0.04245984942285556,0.9208924520389052,0.036647698538239126
38818,47818,Low,Low,0.03335505030171152,0.6991474822414715,0.26749746745681696
37054,46054,Medium,Medium,0.03273987863969883,0.03244286164114902,0.9348172597191522
30067,39067,Low,Low,0.03113989328320371,0.9328256596890437,0.03603444702775261
24411,33411,Medium,Medium,0.03363835056629466,0.03349183007232525,0.9328698193613801
33648,42648,Low,Low,0.030640479898956758,0.8865478136813848,0.08281170641965846
27104,36104,Medium,Medium,0.032155873464784025,0.03289559908055829,0.9349485274546577
18264,27264,Medium,Medium,0.03324582597759606,0.031440432336097064,0.9353137416863069
34896,43896,Medium,Medium,0.03605572092164198,0.475972081479582,0.4879721975987761
13257,22257,High,High,0.9291847639895217,0.034816091444528456,0.03599914456594985
7789,16789,Low,Medium,0.0378024335053454,0.21448671255792698,0.7477108539367276
7656,16656,Low,Low,0.032502950183975005,0.9344163532154536,0.03308069660057136
19850,28850,Medium,Medium,0.03245086269776617,0.032144098500195624,0.9354050388020383
39500,48500,Medium,Medium,0.03302065885934544,0.02903835444784887,0.9379409866928058
16985,25985,High,High,0.9351074654762126,0.029572157869266702,0.03532037665452086
32083,41083,Medium,Medium,0.03118054028012184,0.03065076921021648,0.9381686905096617
36795,45795,Medium,Medium,0.03186929126786348,0.03030372574599674,0.9378269829861398
20803,29803,High,High,0.9332503727501171,0.03363163368672356,0.03311799356315925
28617,37617,Medium,Medium,0.0324445312249361,0.030823032901835027,0.9367324358732289
1328,10328,High,High,0.933042196446058,0.031003152187473976,0.03595465136646804
31053,40053,Medium,Medium,0.03800279637821621,0.28756008161000596,0.6744371220117779
24919,33919,High,High,0.9380602612139266,0.027274081064812206,0.03466565772126116
10573,19573,Medium,Medium,0.03326053027746397,0.037425480970668244,0.9293139887518679
15238,24238,High,High,0.9206887308385725,0.03956775805198418,0.039743511109443345
15418,24418,High,High,0.9340918435902275,0.02916256791111031,0.036745588498662156
2331,11331,Medium,High,0.9357711117628386,0.03018374755796482,0.03404514067919664
27238,36238,High,High,0.9327695879881217,0.0293637547667641,0.03786665724511425
32339,41339,Low,Low,0.029828517317124187,0.9306773870900034,0.03949409559287247
6751,15751,Medium,Medium,0.0351616875327083,0.042319011076059655,0.922519301391232
23424,32424,Medium,Medium,0.03172634315173394,0.03164286287378955,0.9366307939744765
2418,11418,Low,Low,0.0332640211846977,0.9355688922821083,0.031167086533194027
35246,44246,High,High,0.934053685728534,0.03282719346316786,0.03311912080829812
20219,29219,High,High,0.9395814137697541,0.02890245038454543,0.03151613584570046
5353,14353,Low,Low,0.035205691153468194,0.9297853852957569,0.035008923550774916
33866,42866,Medium,Medium,0.03249425948131775,0.030572853974124136,0.936932886544558
28560,37560,Medium,Medium,0.03171711207580231,0.032588015899982024,0.9356948720242156
19526,28526,Low,Low,0.03175364363598371,0.9369171131298201,0.03132924323419604
36901,45901,Medium,Medium,0.032284658116177985,0.031139290661989134,0.9365760512218327
15694,24694,Low,Low,0.02924273746742825,0.9347597368619792,0.035997525670592515
15082,24082,Medium,Medium,0.03499204368994943,0.032690098982154435,0.9323178573278961
34442,43442,Medium,Medium,0.22847446117225437,0.03660267805260667,0.7349228607751389
36178,45178,Low,Low,0.03272382707846106,0.9333735336847299,0.03390263923680895
24152,33152,Medium,Medium,0.03233850158485841,0.030768044651149826,0.9368934537639918
28156,37156,Medium,Medium,0.0364307612484075,0.033919342918061667,0.9296498958335309
26684,35684,Medium,Medium,0.03153709655979512,0.030508908993102848,0.9379539944471021
11899,20899,High,High,0.9383016244450756,0.029378894259292854,0.0323194812956316
21808,30808,Medium,Medium,0.04002087613061847,0.03895906335509527,0.9210200605142863
1810,10810,Medium,Medium,0.0318927706143897,0.03154617199914205,0.9365610573864682
15573,24573,High,Medium,0.03441257675033361,0.03164939379916698,0.9339380294504993
35693,44693,High,High,0.9191748723181036,0.039893337099432706,0.04093179058246359
15496,24496,Medium,Medium,0.03534234948311421,0.03064962578493553,0.9340080247319502
9125,18125,Low,Low,0.030418203778619857,0.9367834010561212,0.032798395165259
15307,24307,Low,Low,0.03274214217843501,0.8782913042168566,0.08896655360470838
18404,27404,High,High,0.911020327490224,0.043464731422587354,0.04551494108718874
3113,12113,Low,Medium,0.030247390718431855,0.02950093496984449,0.9402516743117236
10923,19923,Medium,Medium,0.03966904251839443,0.03939662904899003,0.9209343284326156
20977,29977,High,High,0.9273750752277671,0.03879680099912763,0.03382812377310527
11368,20368,Medium,Medium,0.03340856443513782,0.03636844945324612,0.930222986111616
33012,42012,Medium,Medium,0.03294094715733101,0.029578573365319594,0.9374804794773494
21162,30162,Low,Low,0.03514079859731114,0.8834092729876076,0.08144992841508121
34658,43658,Medium,Medium,0.0478779322890562,0.1560420038422746,0.7960800638686693
23948,32948,Medium,Medium,0.027285937610932398,0.02799053193818801,0.9447235304508795
33966,42966,Medium,Medium,0.030442800620008138,0.04745647617623405,0.9221007232037578
36181,45181,Low,High,0.9375297529977996,0.029332619014056843,0.03313762798814366
26363,35363,Low,Low,0.029135800363082442,0.9329396736676729,0.037924525969244775
27777,36777,Medium,Medium,0.03150683707313554,0.029961490679251856,0.9385316722476126
1813,10813,Low,Low,0.03288802252092366,0.9258801644934133,0.04123181298566312
38009,47009,Low,Low,0.030200893871911428,0.938210471276362,0.03158863485172648
5678,14678,Medium,Medium,0.04418901861058063,0.37966920400490617,0.5761417773845131
25745,34745,High,High,0.9356720875559058,0.030915018836831575,0.03341289360726265
37807,46807,Low,Medium,0.03302880201714101,0.04489770888770623,0.9220734890951529
36452,45452,Medium,Medium,0.03238143434558561,0.03581058702480563,0.9318079786296086
2432,11432,Medium,Medium,0.032375692185845587,0.03150466754140228,0.9361196402727522
6226,15226,Medium,Medium,0.0316296666687679,0.030413424882066612,0.9379569084491655
26889,35889,High,High,0.9276467381835731,0.029348927415715074,0.04300433440071185
37840,46840,Medium,Medium,0.031133379712930464,0.03561100101093383,0.9332556192761357
13240,22240,High,High,0.9373505404694935,0.02986696833959414,0.03278249119091236
15608,24608,Medium,Medium,0.035445871488094596,0.03857315035335487,0.9259809781585506
22090,31090,High,High,0.9366236310205925,0.030541962282194874,0.03283440669721263
1575,10575,Medium,Medium,0.0348313195602887,0.032702443209265054,0.9324662372304463
38760,47760,Medium,Medium,0.3710728438612813,0.03473586393020753,0.5941912922085112
7657,16657,High,High,0.9328420608785944,0.03153243361561262,0.03562550550579301
20982,29982,Medium,Medium,0.03350350044661206,0.03357462274633035,0.9329218768070576
18159,27159,Medium,Medium,0.034163277957656786,0.031240909354087288,0.934595812688256
33713,42713,Low,Low,0.033967615452516586,0.9195178347448635,0.046514549802619994
33960,42960,High,High,0.850834196646034,0.03958786400465485,0.10957793934931116
9786,18786,High,High,0.9363123652785079,0.030714873677390345,0.03297276104410175
23848,32848,Medium,Medium,0.03569129444837172,0.16335288795577543,0.8009558175958528
39081,48081,Low,Low,0.02979703531165231,0.9380522074257821,0.032150757262565687
29333,38333,Medium,Medium,0.03278405856372221,0.031117684396612496,0.9360982570396651
37398,46398,Low,Low,0.04292963559676516,0.9142880679071589,0.042782296496075935
33449,42449,High,High,0.933676707814322,0.03544902449732852,0.030874267688349343
12403,21403,Medium,Medium,0.0359059349502596,0.039594393254603136,0.9244996717951373
37674,46674,High,High,0.9381747064094901,0.030595187131210382,0.031230106459299595
38002,47002,Medium,Medium,0.03159386489954317,0.0345907705170982,0.9338153645833587
15348,24348,Medium,Medium,0.0320952928602551,0.03408350481245525,0.9338212023272896
553,9553,High,High,0.9220125672805143,0.038009219931652065,0.039978212787833596
37881,46881,Medium,Medium,0.20326485251403623,0.040902264209985516,0.7558328832759784
39768,48768,Medium,Medium,0.033891955793003095,0.04609219157685434,0.9200158526301426
20282,29282,Low,High,0.9374356747562161,0.030462404270481896,0.032101920973301994
18505,27505,Medium,Medium,0.049194332133503216,0.03954809276544626,0.9112575751010504
2678,11678,Medium,Medium,0.03615568862187745,0.03110991630245173,0.9327343950756708
38278,47278,High,High,0.9355609068416489,0.03019581978995378,0.03424327336839721
21928,30928,Low,Low,0.03611634542667334,0.9270317850071063,0.036851869566220496
10015,19015,Low,Low,0.03369239304173279,0.9316027157546963,0.03470489120357086
34433,43433,Medium,Medium,0.03231406999419903,0.03121040248238334,0.9364755275234176
37600,46600,Medium,Medium,0.0340064310027885,0.034171050319930396,0.931822518677281
2497,11497,High,High,0.9354855441072315,0.03275659052767028,0.03175786536509824
35729,44729,Low,Low,0.03285696717178312,0.9309445174020777,0.03619851542613922
39080,48080,Medium,Medium,0.03259932841955709,0.03176094760819381,0.935639723972249
13982,22982,Medium,Medium,0.03160906806666223,0.03319823509476839,0.9351926968385693
16635,25635,High,High,0.9275811161966665,0.030440357232744315,0.04197852657058929
33817,42817,High,High,0.9393922162358171,0.02773785706504651,0.03286992669913632
37479,46479,Low,Low,0.02814297045901541,0.921581849586989,0.05027517995399561
21680,30680,Low,Low,0.03162435314537587,0.9240464554313713,0.04432919142325286
29826,38826,Low,Low,0.0304548086184956,0.9334139204107258,0.03613127097077865
16051,25051,High,Medium,0.0427572539825952,0.037041529682897666,0.9202012163345071
25153,34153,Low,High,0.9141358832255624,0.048204719297032156,0.03765939747740545
23752,32752,Low,Low,0.030381786723559224,0.9353455021071179,0.03427271116932292
21054,30054,Medium,Medium,0.04879620136198346,0.24507360050480886,0.7061301981332077
31327,40327,Medium,Medium,0.0323598650946167,0.03201841286464343,0.9356217220407398
21920,30920,Medium,Medium,0.03320671468054416,0.034531437654927534,0.9322618476645284
13919,22919,Medium,Medium,0.033141395364412,0.030928076611190552,0.9359305280243975
37138,46138,Medium,Medium,0.05039818701627904,0.3181558846097764,0.6314459283739446
12084,21084,Medium,Medium,0.0323277145204769,0.03155597036519852,0.9361163151143246
33891,42891,Low,Low,0.04024587109888573,0.9256343436181457,0.03411978528296847
26848,35848,Low,Low,0.02964686326524076,0.9331723894479736,0.03718074728678564
39827,48827,Low,Medium,0.033956254649207374,0.03156176281518148,0.9344819825356111
35425,44425,Medium,Medium,0.03254197636689909,0.030571178552278613,0.9368868450808222
39262,48262,Medium,Medium,0.0365690202839501,0.03188177362435016,0.9315492060916997
3155,12155,Low,Medium,0.03255566889726851,0.034090423680650565,0.9333539074220809
2006,11006,Low,Low,0.030684130003674388,0.9266997422058855,0.04261612779044017
5192,14192,High,High,0.9333658611708765,0.028918541754502664,0.03771559707462099
17646,26646,Medium,Medium,0.03106854557036325,0.029288293399237664,0.9396431610303991
2949,11949,Low,Low,0.027831007408307535,0.940737104613972,0.031431887977720514
19668,28668,Low,Low,0.029203561443876203,0.9306742968529339,0.040122141703189916
35060,44060,Low,Low,0.030727750803582327,0.9355347415297585,0.03373750766665922
4275,13275,High,Medium,0.037893889047238595,0.0344134507809533,0.927692660171808
16517,25517,Low,Low,0.031516655947362464,0.9322359826755212,0.03624736137711635
23080,32080,High,High,0.9388374323834143,0.02882331515261678,0.0323392524639689
26342,35342,High,High,0.9306039311811145,0.03412020761837784,0.03527586120050775
4026,13026,High,High,0.9372008412740312,0.028788209688046476,0.03401094903792224
25200,34200,High,High,0.9406782932936822,0.02778634932202677,0.031535357384291085
3878,12878,High,High,0.9293991441189252,0.03165572158826521,0.03894513429280957
26313,35313,High,High,0.9327505169874439,0.03249047849966659,0.034759004512889484
15140,24140,High,High,0.8981931141426145,0.033952903617679775,0.0678539822397057
3944,12944,Medium,High,0.8445468003008495,0.05244356925548784,0.10300963044366267
19927,28927,High,High,0.936005001062658,0.029446324928388057,0.03454867400895389
16083,25083,High,High,0.9368847222340446,0.03198205955025773,0.031133218215697648
4260,13260,Medium,Medium,0.03308945214567385,0.032193327039796,0.9347172208145302
28367,37367,High,High,0.9402073061899957,0.02849234158377971,0.03130035222622459
18805,27805,Medium,Medium,0.030779469881142718,0.031008216604309937,0.9382123135145474
31487,40487,Medium,Medium,0.03394271296622912,0.029309484668559135,0.9367478023652117
18172,27172,Medium,Medium,0.03287825449134336,0.03240545307015224,0.9347162924385044
38715,47715,Medium,Medium,0.031824591798137576,0.02894754339920257,0.9392278648026599
26522,35522,Medium,Medium,0.031040631617230457,0.09544609779979474,0.8735132705829748
37914,46914,Low,Low,0.03200239881626574,0.9291576261684783,0.03883997501525592
11832,20832,Low,Low,0.036742598767371466,0.9119391563199231,0.0513182449127054
1259,10259,High,Low,0.03194933582921339,0.934140838933785,0.03390982523700161
6501,15501,Low,Low,0.03150232760517791,0.9348402732516933,0.033657399143128756
26073,35073,Low,Low,0.03603651218379301,0.9304080443493746,0.033555443466832334
30495,39495,High,High,0.9374598841145575,0.028933965249614817,0.03360615063582767
25398,34398,Low,Low,0.03719586977668948,0.9248609272639329,0.03794320295937768
10276,19276,Medium,Medium,0.03352923857915081,0.031127098631691375,0.9353436627891578
20676,29676,Medium,Medium,0.03189021736981782,0.03122250013636457,0.9368872824938176
33681,42681,Medium,Medium,0.040532431435815246,0.03618806934876034,0.9232794992154245
11787,20787,Low,Low,0.03763857615140952,0.9212608010272709,0.04110062282131954
39192,48192,Medium,Medium,0.041497483317180346,0.040350173910180163,0.9181523427726394
700,9700,Medium,Medium,0.030389168765163763,0.030078170418985747,0.9395326608158504
15939,24939,Medium,Medium,0.03265025556921897,0.031005039844427925,0.936344704586353
13876,22876,High,High,0.9376449965965431,0.031258734516428695,0.031096268887028256
4377,13377,High,High,0.9331300634199334,0.02959912189093712,0.03727081468912955
8182,17182,Medium,Medium,0.028126241446250855,0.0278692567960771,0.944004501757672
35795,44795,Medium,Medium,0.03321824740517321,0.033032087373275947,0.9337496652215508
37860,46860,High,High,0.9055600353875716,0.04680891776450369,0.04763104684792465
39154,48154,High,High,0.9402020283714067,0.028102770390937486,0.031695201237655964
10730,19730,Medium,Medium,0.032901865843619905,0.03610008887461111,0.9309980452817689
12137,21137,Medium,Medium,0.03553278603950306,0.0330830512347068,0.93138416272579
1919,10919,Medium,Medium,0.031963786429241074,0.03002543256504732,0.9380107810057116
29262,38262,Medium,Medium,0.03482540795009137,0.0322637217583417,0.932910870291567
5305,14305,Low,Low,0.03139541490132567,0.8247117624493464,0.143892822649328
27376,36376,Medium,Medium,0.03150456955246985,0.031239345011822118,0.937256085435708
37053,46053,Medium,Medium,0.07574284626810539,0.08523735480376755,0.8390197989281272
19219,28219,Low,Low,0.02855326897950386,0.9280987707352334,0.0433479602852628
25529,34529,Medium,Medium,0.03332996794793689,0.03346365719421808,0.933206374857845
8907,17907,Medium,Medium,0.03323228471405299,0.03443957261304171,0.9323281426729052
31830,40830,Medium,Medium,0.07112984295100476,0.057718309939345847,0.8711518471096494
13239,22239,Medium,Medium,0.033010447134913364,0.03138190204174127,0.9356076508233455
14012,23012,High,High,0.9363840547138301,0.029455783902706395,0.034160161383463665
33935,42935,Medium,Medium,0.03419337412907991,0.0376065151187976,0.9282001107521225
13986,22986,Medium,Medium,0.03362299405412018,0.03378980958369689,0.9325871963621829
8983,17983,Medium,Medium,0.03394177139004325,0.034151023837200555,0.9319072047727562
1238,10238,Medium,Medium,0.08039818685126188,0.04026612561015464,0.8793356875385835
3078,12078,Low,Low,0.030362519650594263,0.9353211995475347,0.0343162808018709
21614,30614,High,High,0.9344728064653224,0.030479962182329203,0.035047231352348544
38961,47961,High,High,0.9334428647742034,0.029827156297435403,0.03672997892836118
7064,16064,Low,Low,0.029891531699053942,0.9297128733820963,0.04039559491884975
31463,40463,Medium,Medium,0.044535601159583306,0.036187513371925384,0.9192768854684913
6258,15258,Medium,Medium,0.032150759955364004,0.03294830909604624,0.9349009309485897
17015,26015,Low,Low,0.03400345517982501,0.9277515969560866,0.038244947864088476
16467,25467,Medium,Medium,0.03339909246062048,0.03453849530637086,0.9320624122330088
7032,16032,Medium,Medium,0.0336750825068983,0.033973054279245136,0.9323518632138565
34229,43229,Low,Low,0.030416441850670262,0.9309771737283001,0.03860638442102965
7435,16435,Low,Medium,0.043495287899604086,0.3425647883724121,0.6139399237279838
10275,19275,Medium,Medium,0.030958460316610457,0.029881066868191346,0.9391604728151983
10284,19284,Medium,Medium,0.034022865249911355,0.03268774170225899,0.9332893930478297
3057,12057,Medium,Medium,0.0346765469192405,0.03382722655276945,0.9314962265279899
19224,28224,Medium,Medium,0.02967686153797504,0.030578558667814965,0.93974457979421
16437,25437,High,High,0.9408669012543025,0.027693122569041814,0.03143997617665563
1755,10755,Medium,Medium,0.03615155419232521,0.03189251586676898,0.9319559299409058
28660,37660,Low,Low,0.03060263431804856,0.9387993594854378,0.030598006196513636
1915,10915,Medium,High,0.9372426261655429,0.029666165288133817,0.03309120854632322
2632,11632,Medium,Medium,0.03158513432763518,0.04302436946230134,0.9253904962100635
5835,14835,Low,Low,0.029227848997572626,0.9396014444025869,0.031170706599840402
22317,31317,Medium,Medium,0.03249422196822388,0.0315835840902424,0.9359221939415338
9713,18713,Medium,Medium,0.038401631238669125,0.038057000547839025,0.9235413682134919
5903,14903,High,High,0.9371731313684837,0.030559739952991518,0.032267128678524847
24224,33224,Low,Low,0.035489685436911216,0.927387294890969,0.03712301967211961
21797,30797,Medium,Medium,0.03687010970784526,0.03574289860946219,0.9273869916826926
28636,37636,Medium,Medium,0.03220852120393109,0.03046166175996409,0.9373298170361047
11429,20429,Medium,Medium,0.033564619514207826,0.03324678043295712,0.933188600052835
17640,26640,Low,Low,0.029020522259854062,0.9291635275553212,0.04181595018482485
31765,40765,Medium,Medium,0.03174719442228233,0.03202200237358025,0.9362308032041374
12202,21202,High,High,0.9371674121617107,0.031475081098886346,0.0313575067394029
35227,44227,Low,Low,0.030643347565922057,0.9328995479977197,0.03645710443635821
21039,30039,Medium,Medium,0.036732290651250186,0.032008976508777216,0.9312587328399725
5842,14842,Medium,Medium,0.03840858155050498,0.03948666095924921,0.9221047574902458
28205,37205,High,High,0.8589944299657516,0.046263662125096826,0.09474190790915149
20413,29413,Medium,Medium,0.04158085686634397,0.03372449689044044,0.9246946462432156
29297,38297,Low,Low,0.03155225839271825,0.9282833568953756,0.04016438471190611
196,9196,Low,Low,0.029633683398079074,0.9361091591813246,0.03425715742059632
10530,19530,High,High,0.935730062791786,0.029114040281515343,0.035155896926698536
6588,15588,High,High,0.9378808205763698,0.028815228036743606,0.03330395138688664
19016,28016,Medium,Medium,0.03282325853026185,0.03456232536828974,0.9326144161014485
32049,41049,Medium,Medium,0.03193804636219333,0.03083800332424183,0.9372239503135648
5475,14475,High,High,0.9299607331390211,0.03630331722041127,0.03373594964056758
23142,32142,Medium,Medium,0.028616442969132086,0.03191798234019661,0.9394655746906713
2483,11483,Medium,Medium,0.03097362799645186,0.030276108874570606,0.9387502631289775
24309,33309,High,High,0.939245828068339,0.029132134819119488,0.03162203711254145
24884,33884,Medium,Medium,0.03511536453430426,0.030912967518991325,0.9339716679467044
28109,37109,Medium,Medium,0.032443751874584204,0.033306336337700866,0.9342499117877149
2785,11785,Low,Low,0.0283023934054264,0.9378953523601156,0.03380225423445798
5917,14917,Medium,Medium,0.0358263124542566,0.033926374549423426,0.93024731299632
5112,14112,Low,Low,0.030309085628190208,0.9346768984379198,0.035014015933889954
24664,33664,Medium,Medium,0.03190079199989673,0.031153040842578843,0.9369461671575244
34776,43776,Medium,Medium,0.03328158230618963,0.03446014931955496,0.9322582683742554
27960,36960,Medium,Medium,0.031850381469707624,0.029921813903419737,0.9382278046268726
15090,24090,Low,Low,0.027447240501653567,0.9412738344160515,0.03127892508229505
27579,36579,Medium,Medium,0.03840721675964885,0.03150648511724563,0.9300862981231055
22036,31036,Medium,Medium,0.03123026554037092,0.03042625518630454,0.9383434792733246
18076,27076,Medium,Medium,0.02961239065905628,0.03051447724083532,0.9398731321001085
23486,32486,Medium,Medium,0.03188084105825066,0.031413238156212255,0.936705920785537
31071,40071,Medium,Medium,0.037388556700663926,0.035823867744754996,0.926787575554581
15324,24324,Medium,Medium,0.03174044425587101,0.031008953755857587,0.9372506019882714
8558,17558,High,High,0.9333058902330341,0.029715103610173862,0.03697900615679206
13018,22018,Low,Low,0.02955894430309543,0.9366714081823283,0.033769647514576305
12380,21380,Medium,Medium,0.032334190829077,0.031081148427938396,0.9365846607429846
6070,15070,High,High,0.8613062181058279,0.04657559219742572,0.0921181896967465
23907,32907,Medium,Medium,0.03199872988885863,0.030183911841274533,0.9378173582698669
4549,13549,Low,Low,0.037802409260746066,0.9287395729778555,0.033458017761398465
3832,12832,High,High,0.9250061933590268,0.03408278317823418,0.040911023462739
19453,28453,High,High,0.9330715938802303,0.0299129242854768,0.03701548183429282
25962,34962,High,High,0.9054308889207182,0.05462614107706853,0.0399429700022133
1809,10809,Medium,Medium,0.05160867745760247,0.034625248396052515,0.9137660741463449
23199,32199,Low,Low,0.030394672071354694,0.9368187638900469,0.03278656403859842
10809,19809,Low,Low,0.027580535280299977,0.9406373931822727,0.03178207153742732
4983,13983,Medium,Medium,0.031174357389433725,0.03138318140802499,0.9374424612025413
34895,43895,Low,Medium,0.04286494939579787,0.03756613325254041,0.9195689173516618
17069,26069,High,High,0.921750821650614,0.032882668535406695,0.04536650981397939
18713,27713,High,High,0.9282573013150834,0.03289625314761553,0.038846445537301065
34988,43988,Low,Low,0.03143618227888151,0.894261384732541,0.07430243298857757
10613,19613,High,High,0.922167327436855,0.03920186121904649,0.03863081134409838
5492,14492,Medium,Medium,0.23808350052836977,0.08997332446249129,0.6719431750091389
11029,20029,Medium,Medium,0.034714226035604846,0.036193401477943664,0.9290923724864516
30943,39943,Medium,Medium,0.03704681952827623,0.03316506637671147,0.9297881140950123
37031,46031,Medium,Medium,0.03557855204545643,0.03158818409120909,0.9328332638633344
31155,40155,Low,Low,0.028458263601428325,0.9395054185981837,0.032036317800387994
21323,30323,Medium,Medium,0.03312340576675673,0.032536057416291765,0.9343405368169515
6505,15505,High,High,0.9351024153402574,0.02981855786692879,0.0350790267928139
3945,12945,High,High,0.9286995597939405,0.03657877988723265,0.034721660318826904
301,9301,Medium,Medium,0.03245775098382098,0.032441466656715885,0.9351007823594631
16609,25609,Low,Low,0.04877450583462208,0.9138183659608677,0.037407128204510295
26957,35957,Medium,Medium,0.03795278291721198,0.03751366851704071,0.9245335485657473
32731,41731,Low,Low,0.028226732679250393,0.9271565191390664,0.04461674818168324
12292,21292,Low,Low,0.031748405073558236,0.9119871136786051,0.056264481247836694
31737,40737,Medium,Medium,0.03470261723727854,0.03192499835588278,0.9333723844068387
21667,30667,Low,Low,0.042957275759397485,0.9229510151258454,0.03409170911475706
8314,17314,High,High,0.9115920017081272,0.051319089060203917,0.03708890923166881
25990,34990,Medium,Medium,0.032122170941676575,0.039336225791628,0.9285416032666954
29479,38479,High,High,0.9174409482592294,0.03722516582303462,0.045333885917736044
32809,41809,Low,Low,0.027664722967367317,0.9328241503100699,0.03951112672256266
11765,20765,Low,Low,0.028877110995185543,0.9269457680185127,0.04417712098630167
28853,37853,Medium,Medium,0.0454111761412668,0.035239565069672185,0.9193492587890609
24050,33050,High,High,0.8106372523324877,0.034316245240251904,0.15504650242726034
6850,15850,Low,Medium,0.0393244007791426,0.061808166504053526,0.8988674327168038
30704,39704,High,Medium,0.03133431741918106,0.03027628432498612,0.9383893982558328
20719,29719,Medium,Medium,0.033541766323237944,0.032750197945338934,0.933708035731423
38227,47227,Low,Low,0.03184204888715132,0.9298816517993697,0.03827629931347886
25813,34813,Medium,Medium,0.026981448349308466,0.027030945083133414,0.9459876065675581
30911,39911,High,High,0.9351017789840252,0.031311211191102556,0.0335870098248723
15734,24734,Medium,Medium,0.033118148663231727,0.032955487002377735,0.9339263643343906
26931,35931,Low,Low,0.0282816263857532,0.9399936229551741,0.031724750659072626
30300,39300,Low,Low,0.02861440876446345,0.9386620887141098,0.03272350252142663
11244,20244,Medium,Medium,0.03175545377085782,0.0312278283861431,0.9370167178429991
23658,32658,Low,Low,0.04129003443343985,0.9101971730261337,0.04851279254042649
26715,35715,High,High,0.9327598996987602,0.0328458606536004,0.034394239647639525
19982,28982,Medium,Medium,0.03709391636513303,0.034497242201814195,0.9284088414330528
12568,21568,Medium,Medium,0.0323825585815321,0.03146672162030124,0.9361507197981666
31648,40648,Medium,Medium,0.03242713646109204,0.0316202594874728,0.9359526040514353
15994,24994,Medium,High,0.9342539672162801,0.030428793032376233,0.03531723975134372
26747,35747,Medium,Medium,0.03543861781462603,0.04187905107830044,0.9226823311070736
12633,21633,High,High,0.9353739873172783,0.029214769090178404,0.035411243592543294
9206,18206,Low,Low,0.03429289466811259,0.9257451776877218,0.03996192764416569
11362,20362,Medium,Medium,0.03469488595544458,0.0316158472519976,0.9336892667925577
12913,21913,High,High,0.9348563696785351,0.030880404169334453,0.03426322615213047
18502,27502,Medium,Medium,0.03458553100372672,0.03248031706244439,0.9329341519338289
4210,13210,Medium,Medium,0.03201767073833312,0.030829639483262655,0.9371526897784043
26186,35186,Medium,Medium,0.03201398792862289,0.03026628373044464,0.9377197283409325
12596,21596,Medium,Medium,0.0424201171220169,0.03546956025028418,0.9221103226276989
32717,41717,High,High,0.9399380133252057,0.029428206337845084,0.030633780336949093
38765,47765,Medium,Medium,0.03225238579791187,0.034018991369819306,0.9337286228322688
9577,18577,Medium,Medium,0.03803083635056005,0.036322717407668646,0.9256464462417714
28598,37598,Low,Low,0.03269314141286001,0.9366751590112873,0.030631699575852694
16377,25377,High,High,0.9322743940633519,0.032714609313443326,0.03501099662320481
10752,19752,Medium,Medium,0.032439072349602464,0.030954708390598162,0.9366062192597994
38108,47108,Low,Low,0.029859656958637917,0.9379654155186219,0.03217492752274018
24464,33464,Medium,Medium,0.03196552656870489,0.03171020351509011,0.936324269916205
12760,21760,High,High,0.938137804710546,0.02928038646586095,0.03258180882359308
14091,23091,Low,Low,0.032086021503301455,0.9284749418902157,0.03943903660648284
6580,15580,Low,Low,0.034062179093774604,0.9329607484738163,0.03297707243240911
977,9977,Low,Low,0.02888074030674118,0.921944258800702,0.04917500089255686
33619,42619,Medium,Medium,0.026858758522238974,0.026725752472388217,0.9464154890053728
20810,29810,High,High,0.9288896797465185,0.032442543952269934,0.03866777630121158
12469,21469,Low,Low,0.03069024851763898,0.9330753767309821,0.03623437475137888
37049,46049,Medium,Medium,0.03855674203097881,0.029760007202054878,0.9316832507669662
22844,31844,Medium,Medium,0.035803739052387595,0.03244299225818777,0.9317532686894247
1541,10541,Low,Low,0.030153552845369327,0.9389891462167111,0.03085730093791947
16955,25955,High,High,0.9374129955479257,0.030582986222413164,0.03200401822966117
15035,24035,Medium,Medium,0.03281956821293357,0.03210629984401744,0.935074131943049
314,9314,Low,Low,0.030755902547102684,0.9342085714851089,0.03503552596778852
31416,40416,Medium,Medium,0.03257242586947661,0.030930804911937625,0.9364967692185857
21269,30269,Medium,High,0.9423162293034588,0.027367857527962797,0.03031591316857843
12021,21021,Medium,Medium,0.03145000127152418,0.03152767613467342,0.9370223225938025
34624,43624,Medium,Medium,0.034513165721035764,0.031596634339306755,0.9338901999396575
10932,19932,High,High,0.9412714021625789,0.027413915385493422,0.031314682451927624
39948,48948,High,High,0.9264452180948425,0.03571254944529434,0.037842232459863144
13201,22201,Medium,Medium,0.03318024801063906,0.03309590850287307,0.933723843486488
6099,15099,Low,Low,0.030366526121697417,0.9374967257925652,0.03213674808573754
2721,11721,Medium,Medium,0.03442830375526177,0.03478971953105962,0.9307819767136786
63,9063,High,High,0.9368744963095278,0.029186528526513027,0.033938975163959245
16137,25137,Medium,Medium,0.03188112294000285,0.031532987129935935,0.9365858899300612
14353,23353,High,High,0.9268592987245841,0.03430829996454998,0.038832401310865954
34969,43969,Low,Low,0.029381712311099307,0.9127638124452829,0.057854475243617774
27432,36432,High,High,0.9373222707932278,0.0299674386017074,0.032710290605064835
37446,46446,High,High,0.9233813146696997,0.04075086192927218,0.03586782340102807
33404,42404,Medium,Medium,0.0316515818683707,0.030982686993852555,0.9373657311377768
2382,11382,Low,Low,0.03379037699661602,0.9145697846680013,0.051639838335382715
17362,26362,High,High,0.9409333518851839,0.02812401142979551,0.030942636685020657
14150,23150,High,High,0.9345269475626808,0.03064410800391937,0.03482894443339985
28411,37411,Medium,Medium,0.03568719718733875,0.03684472258671723,0.927468080225944
35949,44949,High,High,0.907621723101017,0.030899785905476956,0.06147849099350613
14721,23721,Medium,Medium,0.0322926510582398,0.0319428795443136,0.9357644693974466
37315,46315,Medium,Medium,0.031107469680674127,0.030938611730042215,0.9379539185892837
24156,33156,High,High,0.9199837437612586,0.04014633301151722,0.039869923227224255
7609,16609,High,High,0.9366790071275739,0.030968083290038386,0.0323529095823878
30002,39002,Medium,Medium,0.030967231149120523,0.030222692455535636,0.9388100763953439
19378,28378,Medium,Medium,0.04467592230258329,0.03314024206019375,0.922183835637223
26552,35552,High,Medium,0.03582732179938836,0.032232210753499003,0.9319404674471126
26052,35052,Medium,Medium,0.03091360184142519,0.030182915773607304,0.9389034823849675
7461,16461,Medium,Low,0.03584826355756577,0.8932051324905323,0.07094660395190192
2719,11719,Medium,Medium,0.031895015970023165,0.03110873513632832,0.9369962488936485
2273,11273,Low,Low,0.03408488010148406,0.9252332453562468,0.04068187454226898
28597,37597,Medium,Medium,0.03510880164162456,0.03297489940675093,0.9319162989516245
38071,47071,High,High,0.9314706708085158,0.03202627511888433,0.0365030540725998
2709,11709,Low,Low,0.029869243242436824,0.9374542848424182,0.03267647191514491
21153,30153,Medium,High,0.937465116991215,0.028810875477967516,0.033724007530817404
32533,41533,Medium,Medium,0.05277580363100879,0.03403995279734679,0.9131842435716444
5359,14359,Low,Low,0.02937797926477997,0.9406507983496182,0.029971222385602004
16385,25385,High,High,0.9294675050850656,0.03466379564576261,0.03586869926917178
35389,44389,Medium,Medium,0.03387902609958664,0.03158587682747619,0.9345350970729372
19392,28392,Medium,Medium,0.03032146759449876,0.032575692228582386,0.9371028401769189
39215,48215,Medium,Medium,0.03333381682133015,0.03248340301118853,0.9341827801674812
5539,14539,Medium,Medium,0.03476324848479435,0.033745291719137475,0.9314914597960682
28446,37446,Medium,Medium,0.035411114315546256,0.031076230848921898,0.9335126548355319
38393,47393,High,High,0.9366060616379559,0.030553902165155727,0.03284003619688835
35313,44313,Medium,Medium,0.03770334658286236,0.02813919083201195,0.9341574625851257
10424,19424,Medium,Medium,0.028183555318745696,0.026856646416089813,0.9449597982651644
8893,17893,Medium,Medium,0.04005645863998402,0.05497289561234556,0.9049706457476705
7592,16592,Medium,Medium,0.03524457229128919,0.03422202692668941,0.9305334007820214
5106,14106,High,High,0.925997986382614,0.038132365604459095,0.03586964801292689
33892,42892,Medium,Medium,0.0428786787037607,0.04016934394436285,0.9169519773518765
26719,35719,Low,Low,0.03133542188306529,0.9323516844245233,0.036312893692411335
13985,22985,Medium,Medium,0.03420325314261451,0.031618915320732334,0.9341778315366532
34112,43112,Medium,Medium,0.08148322256416332,0.04240923080033398,0.8761075466355027
22794,31794,Low,Low,0.033176057191932055,0.9348985118263139,0.031925430981753995
2360,11360,Low,Low,0.027234273311985118,0.935648467050702,0.037117259637312765
1535,10535,Medium,Medium,0.03230117236313464,0.03193764215149559,0.9357611854853697
20174,29174,Low,Low,0.02864183499161163,0.9308302497577049,0.04052791525068341
2388,11388,Low,Low,0.03452791949192757,0.9346292881979209,0.03084279231015143
39990,48990,High,High,0.9299913842891795,0.03554207729356582,0.03446653841725471
28504,37504,Medium,Medium,0.034036866907227036,0.035803803994356044,0.930159329098417
24523,33523,Low,Low,0.032286953601227714,0.9327134075224272,0.03499963887634505
35301,44301,Medium,Medium,0.031186349625134197,0.030299687679295934,0.9385139626955699
5513,14513,Low,Low,0.032789804128390776,0.9173833238152245,0.04982687205638484
3718,12718,Medium,Medium,0.03340721577450537,0.04061849680490992,0.9259742874205847
4597,13597,High,High,0.9347855519363851,0.028944077840772547,0.03627037022284239
23975,32975,Medium,Medium,0.031210951178152868,0.034837192828101195,0.933951855993746
22401,31401,Medium,Medium,0.036274428332572835,0.03206815516067727,0.9316574165067499
3854,12854,High,High,0.9247788060627208,0.034766329992644875,0.04045486394463444
17070,26070,Medium,Medium,0.03572425297935359,0.03415371352772342,0.930122033492923
39187,48187,Medium,Medium,0.035273951648704664,0.33034019307300283,0.6343858552782926
16149,25149,Medium,Medium,0.0514105023238782,0.038020422537631465,0.9105690751384904
32366,41366,Low,Low,0.029415342770706177,0.9318059844937755,0.038778672735518334
34274,43274,High,High,0.9367433147533623,0.03115072829956801,0.03210595694706993
38439,47439,Medium,Medium,0.03367077418992819,0.03167217550066492,0.9346570503094069
28688,37688,High,High,0.9323653303649725,0.030045402721556414,0.03758926691347119
35020,44020,High,High,0.9244890323017474,0.04026646512467283,0.035244502573579764
30998,39998,High,High,0.9236017105284328,0.03856231461242745,0.03783597485913968
36701,45701,Low,Low,0.035921074311514804,0.891944432617163,0.07213449307132222
28435,37435,High,High,0.9422265879382924,0.0273933543770848,0.030380057684622857
26782,35782,Low,Low,0.03195557224831814,0.9282999208565941,0.03974450689508769
17714,26714,Medium,Medium,0.03270171392664414,0.03144375319772568,0.9358545328756301
4276,13276,High,High,0.9297011091205984,0.03203157852243541,0.0382673123569661
23670,32670,Low,Medium,0.03876046824849111,0.03561471875723932,0.9256248129942697
7030,16030,Low,Low,0.04068350084884769,0.6086107883354254,0.35070571081572705
13040,22040,High,High,0.9347893182491295,0.029933336032381606,0.03527734571848891
36720,45720,Medium,Medium,0.03125086145156967,0.032563244851971575,0.9361858936964587
26616,35616,Low,Low,0.04028393419215479,0.9038046972828443,0.055911368525001
13410,22410,Medium,Medium,0.03452777493185461,0.030618966921236033,0.9348532581469094
32360,41360,Medium,Medium,0.03075175800650633,0.031294174430056304,0.9379540675634374
14802,23802,Medium,Medium,0.03287015762887019,0.031222928522876555,0.9359069138482532
21647,30647,Low,High,0.9337598340882739,0.032080206496927006,0.03415995941479897
28984,37984,Medium,Medium,0.048185139348979944,0.037422387980927056,0.914392472670093
26778,35778,Medium,Medium,0.045121096724595466,0.08303559232267145,0.871843310952733
22999,31999,High,High,0.9325145500402451,0.030640026471004056,0.03684542348875097
32779,41779,Medium,Medium,0.052788144551379035,0.0611207419502531,0.8860911134983679
11260,20260,Medium,Medium,0.033462143042183874,0.03184813146691995,0.9346897254908962
20387,29387,Medium,Medium,0.03357223083319714,0.03606771801439772,0.9303600511524052
19528,28528,Medium,Medium,0.051624629847673686,0.038379315034190585,0.9099960551181357
669,9669,Low,Low,0.038025120408157725,0.9209987256139539,0.04097615397788832
37547,46547,Medium,Medium,0.03287558329493983,0.031611889945797576,0.9355125267592626
9121,18121,Low,Medium,0.032843428620821465,0.031537967593886516,0.9356186037852919
35072,44072,Low,Low,0.03270544992521277,0.9303865654316706,0.03690798464311674
34124,43124,Low,Low,0.03239859101299439,0.9084841307822996,0.059117278204706115
38210,47210,High,Medium,0.032475952035614035,0.032110635841630236,0.9354134121227556
23876,32876,Medium,Medium,0.03144990191297658,0.032429997495765944,0.9361201005912574
16823,25823,Medium,Medium,0.032150898577057975,0.031004273115837314,0.9368448283071048
29623,38623,Low,Low,0.030311940640517437,0.9366318741498195,0.033056185209662914
25654,34654,Low,Low,0.03319375482274601,0.9317645107612118,0.03504173441604219
16793,25793,High,High,0.9243865402606616,0.03560731998955422,0.04000613974978431
28601,37601,Low,Low,0.034168472351619406,0.9237090876661046,0.04212243998227614
33170,42170,Medium,Medium,0.03139508276494738,0.02997060708399483,0.9386343101510578
12239,21239,Low,Low,0.029716154228993708,0.9373161280874435,0.03296771768356273
12297,21297,Medium,Medium,0.03332379928298214,0.030510436819721213,0.9361657638972968
7129,16129,High,High,0.9357268397380012,0.02967379647165549,0.034599363790343264
7073,16073,Low,Low,0.03316572653664668,0.9271733662315448,0.03966090723180852
4363,13363,Medium,Medium,0.032231624810104276,0.0303554057824235,0.9374129694074722
24925,33925,Medium,Medium,0.03261904604556202,0.03382423588514869,0.9335567180692893
28875,37875,Low,Low,0.02908310103552637,0.9343101301989586,0.03660676876551496
17353,26353,Medium,Medium,0.07386476062259223,0.034004674890960214,0.8921305644864476
34147,43147,Low,Low,0.03134008577366418,0.9350682422767482,0.033591671949587655
39141,48141,Medium,Medium,0.03139294593763547,0.030426290266896885,0.9381807637954677
13376,22376,Medium,Medium,0.03288841357660658,0.0326026093573147,0.9345089770660788
23003,32003,Medium,Medium,0.03296917084983577,0.03201738052083283,0.9350134486293314
31034,40034,High,High,0.929648784911847,0.0383924136887544,0.03195880139939855
9239,18239,High,High,0.9351605781746506,0.03094397193740295,0.03389544988794651
23141,32141,High,High,0.9266310470542543,0.0306093021200242,0.0427596508257215
12856,21856,High,High,0.9320185664795234,0.029506058628658557,0.038475374891818064
35673,44673,Medium,Medium,0.0341315869084494,0.031396755793423096,0.9344716572981276
14143,23143,Medium,Medium,0.031573501563850075,0.029390678361706595,0.9390358200744434
31524,40524,Low,Low,0.03874916195204354,0.9300086975609266,0.03124214048702995
2757,11757,Medium,Medium,0.030239787581646544,0.030182906493500722,0.9395773059248528
10358,19358,Low,Medium,0.042593794464825925,0.3880000756353907,0.5694061298997833
33306,42306,Medium,Medium,0.03988224536453511,0.03505534206480151,0.9250624125706635
8100,17100,High,High,0.9386861070322986,0.029416484430630167,0.03189740853707126
36156,45156,Low,Low,0.04386874030609814,0.5574155941705148,0.39871566552338705
39814,48814,High,High,0.9125126776909828,0.04633622996395658,0.04115109234506064
25464,34464,Low,Low,0.029370419803100664,0.9390549245629951,0.03157465563390426
15138,24138,Low,Medium,0.04951827320276398,0.1781993434168492,0.7722823833803867
1196,10196,Medium,Medium,0.03259983778788284,0.03221987145459624,0.935180290757521
28989,37989,Low,Low,0.034089658025128075,0.9334375603379423,0.03247278163692971
24488,33488,High,High,0.8472472898750233,0.031666702747415176,0.12108600737756155
6098,15098,Low,Low,0.035458379193368895,0.8081216601239963,0.15641996068263467
15952,24952,Medium,Medium,0.02887993477543982,0.028869552528934018,0.9422505126956263
20620,29620,Medium,Low,0.030786178116199197,0.8765150367139531,0.09269878516984771
11146,20146,Low,Low,0.03318588471822178,0.9309354791312318,0.03587863615054648
28854,37854,Medium,Medium,0.03576637819619481,0.03194051219483738,0.9322931096089677
24004,33004,Medium,Medium,0.033671192634151054,0.030080284849882028,0.9362485225159669
24034,33034,High,High,0.9339291314038219,0.03177086224836219,0.03430000634781596
32715,41715,High,High,0.9308472160271295,0.03205701551890223,0.03709576845396819
21144,30144,Medium,Medium,0.031073575280250038,0.03231084995084501,0.936615574768905
39780,48780,Medium,Medium,0.0339382655600656,0.03158633326654401,0.9344754011733903
3499,12499,High,High,0.9348810233681387,0.02997609518700378,0.03514288144485756
22270,31270,Low,Low,0.07248949125593517,0.8742002181195948,0.05331029062447012
15914,24914,Medium,Medium,0.03364514050650578,0.02878989515949552,0.9375649643339986
37993,46993,High,High,0.9375293105004504,0.030728395671325265,0.03174229382822428
33242,42242,Medium,Medium,0.036256393540879915,0.03266054214516736,0.9310830643139528
20998,29998,High,High,0.9368951881224694,0.029037575224556713,0.0340672366529739
35391,44391,Medium,Medium,0.03200131265096656,0.03089347446301839,0.937105212886015
4544,13544,Medium,Medium,0.02896914389419655,0.02788423466116005,0.9431466214446433
36252,45252,Low,Low,0.036104371345799746,0.9279076578581934,0.03598797079600691
39294,48294,Low,Low,0.03558664331733472,0.9277971539416668,0.03661620274099834
30168,39168,High,High,0.9365138438589352,0.02985614636703079,0.03363000977403401
4686,13686,Medium,Medium,0.03163371140716079,0.030440977937838416,0.9379253106550008
38703,47703,Medium,Medium,0.03553773187840387,0.03504380995518109,0.9294184581664151
8665,17665,Medium,Medium,0.03183919663656169,0.031257867695679974,0.9369029356677583
24560,33560,Medium,Medium,0.03910732837543915,0.044343003453927575,0.9165496681706333
16420,25420,Medium,Medium,0.03518675677500408,0.03564034952755423,0.9291728936974417
799,9799,High,High,0.9364691329871923,0.030759103683961692,0.032771763328845994
2596,11596,High,High,0.9229861060758222,0.03374281161075615,0.043271082313421694
12707,21707,Medium,Medium,0.03482240621924966,0.032416031060893837,0.9327615627198566
24035,33035,Low,Low,0.027686848666856733,0.9329693991138793,0.039343752219264
11448,20448,High,High,0.9081149675799534,0.04952460623301874,0.042360426187027934
29468,38468,Medium,Medium,0.03191351174793273,0.02993726989788229,0.938149218354185
37037,46037,High,High,0.9293971190584297,0.033498472757226255,0.037104408184344045
27711,36711,High,High,0.9362412902940532,0.031044547128979822,0.032714162576967055
24183,33183,Low,Low,0.03363631225325199,0.9299978238096114,0.03636586393713658
25888,34888,Medium,Medium,0.03311557280907936,0.030970786947605383,0.9359136402433154
21234,30234,Low,Low,0.03283310977062768,0.9309058463215346,0.03626104390783766
16233,25233,Low,Medium,0.08975268224298542,0.06480267723607783,0.8454446405209367
28263,37263,Medium,Medium,0.03492218855449843,0.041374634422971686,0.9237031770225298
32514,41514,Low,Low,0.028407346050917326,0.9326484198761871,0.03894423407289561
35533,44533,Medium,Medium,0.027786972706271104,0.030934399397857956,0.9412786278958709
14987,23987,Low,Low,0.027823751396437696,0.9354673624599638,0.036708886143598594
8420,17420,High,Medium,0.034219795036427886,0.03235284530686793,0.9334273596567041
13748,22748,Medium,Medium,0.03118329141416501,0.03175050171628704,0.9370662068695479
31278,40278,Medium,Medium,0.03188156126810168,0.029687557827488217,0.9384308809044101
34078,43078,Low,Low,0.03163425931841726,0.9301240716348724,0.03824166904671037
19306,28306,Low,Low,0.030149189238671045,0.9290944657629362,0.040756344998392854
34127,43127,Low,Low,0.030293951404486003,0.9349048631395783,0.0348011854559357
2021,11021,Low,Low,0.03557651575700826,0.9299661083446797,0.03445737589831193
36446,45446,Medium,Medium,0.034383923655265734,0.03749434001745592,0.9281217363272783
14240,23240,High,High,0.9320576773455956,0.028863066108823304,0.03907925654558119
38339,47339,High,High,0.9139706276036278,0.039927427302505314,0.046101945093866885
22585,31585,Low,Low,0.0325021382704761,0.9338365120870419,0.033661349642481984
39700,48700,Medium,Medium,0.0333499672511305,0.04046804209522032,0.9261819906536491
7826,16826,High,High,0.9383973292487807,0.029519633589142374,0.03208303716207707
10503,19503,Medium,Medium,0.034996662314853676,0.03239760732941964,0.9326057303557267
22103,31103,Low,Low,0.034915554713010354,0.9297232030462382,0.03536124224075145
15384,24384,Medium,Low,0.046158379535928384,0.908174566856712,0.04566705360735959
12348,21348,Medium,Medium,0.03630111424170509,0.0835352505002744,0.8801636352580205
38411,47411,Medium,Medium,0.041478708085288675,0.04137100224461664,0.9171502896700946
23586,32586,Medium,Medium,0.03272875573173049,0.029921147115801114,0.9373500971524683
28349,37349,Medium,Medium,0.03210733497056442,0.03069678637807415,0.9371958786513614
5609,14609,Medium,Medium,0.033965779017520625,0.03045447892678117,0.9355797420556983
26490,35490,Medium,Medium,0.052081370883850155,0.041521780975761,0.9063968481403887
6472,15472,High,High,0.9369471180375518,0.03092775402946295,0.032125127932985116
2092,11092,Medium,Medium,0.032531428109133446,0.03120291379744369,0.9362656580934229
12019,21019,Low,Low,0.02949339991166444,0.9376732972493027,0.0328333028390329
10525,19525,High,High,0.9374497353627977,0.03170781676384873,0.030842447873353513
707,9707,Medium,Medium,0.046457248469949565,0.05335877628183735,0.9001839752482131
6769,15769,Low,Low,0.03787946796031545,0.9241846004525901,0.03793593158709447
27619,36619,Low,Low,0.02742354169520733,0.9414952817767959,0.031081176527996825
16489,25489,Medium,Medium,0.03133280026763837,0.03060534749914426,0.9380618522332175
29576,38576,Medium,Medium,0.10211670185886086,0.02927814372745909,0.86860515441368
38967,47967,High,High,0.9280264118366398,0.032465796664164964,0.03950779149919525
22252,31252,Low,Low,0.03130250098732679,0.9308012423594058,0.037896256653267395
1654,10654,Medium,Medium,0.033156938073759336,0.03141549087697041,0.9354275710492703
11778,20778,Medium,Medium,0.03285235946522499,0.031888528698174164,0.935259111836601
31924,40924,Medium,Medium,0.03292722090666624,0.031158824854596156,0.9359139542387377
6460,15460,Medium,Medium,0.45347185605558976,0.050161646081615524,0.49636649786279463
22940,31940,Medium,Medium,0.03205688905585751,0.0344932818391167,0.9334498291050258
18955,27955,High,High,0.935440695845374,0.031677120633516596,0.03288218352110941
34414,43414,Low,Low,0.04081319838053704,0.9229737099283669,0.036213091691096044
21717,30717,High,Low,0.034854793716669,0.8949279966818277,0.07021720960150342
506,9506,High,High,0.9060669176966677,0.032769143406532884,0.06116393889679939
33001,42001,Medium,Medium,0.032388926844982284,0.03298333897943425,0.9346277341755833
25530,34530,Low,Low,0.03571635912749993,0.9261455989106162,0.03813804196188381
25105,34105,Medium,Medium,0.035989845195693045,0.03449921814452257,0.9295109366597843
36697,45697,Medium,Low,0.037691092704754826,0.5819661985745175,0.3803427087207276
23258,32258,Medium,Medium,0.034626320301639625,0.03767939499293561,0.9276942847054248
4156,13156,High,High,0.8510705561328572,0.03462924099914481,0.1143002028679979
32180,41180,High,High,0.9379571516240031,0.030225471045641748,0.03181737733035527
4289,13289,Medium,Medium,0.031737639817581036,0.030948747202176653,0.9373136129802423
7412,16412,Low,Low,0.03176586134668066,0.9203695556229005,0.047864583030418906
25316,34316,Medium,Medium,0.032734555045939834,0.03271844712134922,0.9345469978327109
2514,11514,Low,Low,0.07904026277315666,0.8668542736249161,0.054105463601927174
9570,18570,Medium,Medium,0.037697569267157914,0.04611582998860254,0.9161866007442395
3438,12438,Medium,Medium,0.03602222008408421,0.03156596788875799,0.932411812027158
29648,38648,High,High,0.9349378492819014,0.032109922948061816,0.032952227770036764
15376,24376,Medium,Medium,0.033741150506962296,0.03161391622902165,0.9346449332640162
18834,27834,High,High,0.9393265067129063,0.028260337365288917,0.03241315592180479
16190,25190,Medium,Medium,0.03296479575768027,0.03113227652089184,0.9359029277214278
39421,48421,Low,Low,0.037587402944381565,0.924788850166918,0.037623746888700335
32287,41287,Low,Low,0.036341206108297004,0.928384318714047,0.035274475177656035
13971,22971,Low,Low,0.03228056862304694,0.6556825176342242,0.31203691374272885
3408,12408,High,High,0.9358884888600039,0.03151865460950622,0.03259285653048986
7785,16785,Medium,Medium,0.032057854640694765,0.03186465187474712,0.9360774934845582
20129,29129,Medium,Medium,0.030687441757119165,0.08531120933966556,0.8840013489032152
1918,10918,Medium,Medium,0.03282924229683822,0.034008199183575664,0.9331625585195861
22646,31646,Low,Medium,0.029917454170143156,0.03282311015428299,0.9372594356755739
27024,36024,Medium,Medium,0.030566381078067428,0.03461096067060141,0.9348226582513313
32758,41758,Medium,Medium,0.03283404769947152,0.27554712594068925,0.6916188263598393
37445,46445,Low,Medium,0.031441478619426845,0.03411531397323535,0.9344432074073378
29709,38709,Medium,Medium,0.030777446769089934,0.029656010847191504,0.9395665423837185
27414,36414,Medium,Medium,0.033575457090406186,0.03390713886115483,0.932517404048439
29138,38138,High,High,0.9352824697660319,0.03141664385769819,0.03330088637626978
13825,22825,Medium,Medium,0.03312192849573883,0.03338349449448122,0.93349457700978
25966,34966,Low,Low,0.03273702226255002,0.9254193730385332,0.04184360469891682
34614,43614,Medium,Medium,0.03142424468440773,0.030663385527426923,0.9379123697881654
12351,21351,High,High,0.9276296441070242,0.04190930293425769,0.030461052958718097
37131,46131,High,High,0.9292308790556886,0.03514460271760151,0.03562451822670998
3110,12110,Low,Low,0.03503152299793228,0.93213000828431,0.03283846871775764
10689,19689,High,High,0.9338212640740956,0.034472668022972025,0.03170606790293226
14754,23754,Medium,Medium,0.040613015758442575,0.03518599572158529,0.9242009885199721
28157,37157,Low,Low,0.03550319496241586,0.9307248796695639,0.03377192536802032
1332,10332,Low,Low,0.037475506114565516,0.9309238803888046,0.031600613496629924
31789,40789,Medium,Medium,0.03319357324332541,0.030622897721224326,0.9361835290354502
6259,15259,High,High,0.8388483773553087,0.042207160271139056,0.1189444623735522
29156,38156,Low,Low,0.033533318875350576,0.9334959635941464,0.03297071753050291
28786,37786,Medium,Medium,0.03208735690656334,0.0315711479061761,0.9363414951872606
32617,41617,Medium,Medium,0.0314161981303913,0.032313455693908893,0.9362703461756999
27705,36705,Low,Low,0.030382154483690315,0.9341644768894172,0.03545336862689272
11074,20074,High,High,0.9324632959614139,0.03137564178932593,0.036161062249260106
24645,33645,Low,Low,0.0317755396669868,0.9312051235524406,0.03701933678057271
13918,22918,Medium,Medium,0.03183401946024824,0.03164672367652504,0.9365192568632267
35440,44440,High,High,0.9053750527461534,0.03844025439630295,0.05618469285754377
10669,19669,High,High,0.930072131914414,0.03546686325948445,0.03446100482610176
32732,41732,Low,Low,0.03256985383100656,0.9265683637797183,0.040861782389275215
6157,15157,High,High,0.9324750458108517,0.030919252152689567,0.036605702036458736
27215,36215,Medium,Medium,0.030986064462503075,0.030311145758719404,0.9387027897787773
1600,10600,High,High,0.9349253238311336,0.030690094651005317,0.03438458151786108
30176,39176,Medium,Medium,0.032722415230681735,0.03241633629671537,0.934861248472603
14358,23358,High,High,0.9295225289699829,0.03732936094535256,0.03314811008466465
23073,32073,High,Medium,0.03226397974375616,0.03171176802220649,0.9360242522340374
7177,16177,High,High,0.9346745925821495,0.030612272723543433,0.03471313469430699
1348,10348,High,Low,0.034918325467613476,0.9252691509881311,0.03981252354425531
20037,29037,High,High,0.9248555910220123,0.03703959003924314,0.038104818938744574
20294,29294,High,High,0.9304400107029966,0.03422220394178426,0.03533778535521908
29672,38672,Low,Low,0.03834906728791502,0.92792329163486,0.03372764107722507
38247,47247,High,High,0.9019531293868338,0.038305101243473076,0.059741769369693054
4842,13842,High,High,0.9371873994878964,0.028242153903515293,0.03457044660858826
16748,25748,Medium,High,0.9380707479339465,0.029316191892098244,0.032613060173955266
4080,13080,Medium,Medium,0.03145802177047361,0.031102793092298298,0.937439185137228
30448,39448,Low,Medium,0.038481813155911336,0.03341903190939991,0.9280991549346886
33208,42208,High,High,0.9338340668351067,0.02822733514987416,0.037938598015019066
6041,15041,Medium,Medium,0.0326380095296239,0.03270946568088114,0.9346525247894949
5074,14074,High,High,0.9372223001372418,0.027977696853996353,0.034800003008761876
4655,13655,High,Medium,0.026834057574846932,0.02680307343400869,0.9463628689911444
25197,34197,High,High,0.9323783172669069,0.032832866210436774,0.034788816522656175
964,9964,Low,Low,0.034356100716432456,0.9285625693548546,0.037081329928713075
27143,36143,High,High,0.8969072000476817,0.05314946790523503,0.04994333204708331
22500,31500,Medium,Medium,0.03145259621645911,0.031464241679252034,0.9370831621042889
12824,21824,Medium,Medium,0.11773820968854437,0.029280588767215055,0.8529812015442406
16867,25867,Medium,Medium,0.03359251356994154,0.038221697419895166,0.9281857890101634
18954,27954,Medium,Medium,0.03137267581124689,0.030056507730485568,0.9385708164582676
8957,17957,Low,Low,0.0326580812211622,0.9305767255673861,0.036765193211451684
38775,47775,Medium,Medium,0.04378648019364962,0.03201668810168153,0.9241968317046689
29358,38358,High,High,0.9411409360626791,0.027235500565235812,0.03162356337208512
4359,13359,Medium,Medium,0.04826399680941614,0.18548176854430778,0.7662542346462761
18545,27545,High,Medium,0.0315719455966041,0.03116012942668254,0.9372679249767133
12272,21272,High,High,0.9397110489309218,0.029025633501087642,0.031263317567990674
12271,21271,Medium,Medium,0.03174688900728523,0.03279667573697784,0.935456435255737
26723,35723,Medium,Medium,0.03145737214773963,0.0305138259527217,0.9380288018995387
31495,40495,Medium,Medium,0.03180491752565719,0.03182148982657662,0.9363735926477662
16783,25783,High,High,0.9327003891042641,0.029164754238818563,0.03813485665691726
3196,12196,High,High,0.9117466803143751,0.04385553684066388,0.044397782844960994
19566,28566,Low,Low,0.0284117030396788,0.8736429995961252,0.09794529736419587
36285,45285,Medium,Medium,0.0322946393342348,0.03608630683404677,0.9316190538317185
19586,28586,High,High,0.9366576456412506,0.03006894931953073,0.03327340503921848
35025,44025,Low,Low,0.03466904770733401,0.9299943635011935,0.035336588791472424
5712,14712,Medium,Medium,0.03255801491443344,0.03204571667664991,0.9353962684089168
14423,23423,High,High,0.9338520717321469,0.035029243072822715,0.031118685195030377
34271,43271,Medium,Medium,0.031514836816195484,0.031838063912827785,0.9366470992709767
10911,19911,Medium,Medium,0.032736544496663696,0.03243440583625234,0.934829049667084
9035,18035,Low,Low,0.03258211414583061,0.9328164373996185,0.03460144845455099
10063,19063,Low,Low,0.030979803247894882,0.9295352414451812,0.03948495530692386
5556,14556,Low,Low,0.03212286323764866,0.9139234742307054,0.05395366253164591
10526,19526,Medium,Medium,0.032650659490527256,0.030592150711050915,0.9367571897984218
30840,39840,Medium,Medium,0.054964941386277805,0.0766556820960901,0.8683793765176321
34517,43517,Medium,Medium,0.03109443948681725,0.03116223790025793,0.9377433226129249
14218,23218,Medium,Medium,0.03265515079617969,0.030257542541081286,0.9370873066627391
24005,33005,Low,Low,0.0398906373888129,0.921825054466904,0.03828430814428314
9312,18312,Low,Low,0.04034380721932973,0.9270268539851703,0.03262933879550003
31690,40690,Medium,Medium,0.03582215239103706,0.03441615301044786,0.9297616945985151
26329,35329,Low,Low,0.02985612998974338,0.9328303856496594,0.03731348436059731
34421,43421,High,High,0.9395433588531171,0.028680926920154306,0.031775714226728514
36533,45533,High,Medium,0.03065563645571151,0.031035678034328638,0.9383086855099597
6477,15477,High,Low,0.027401219855964904,0.9353461094818547,0.0372526706621804
2656,11656,Low,Low,0.03368575625194271,0.9314628402336975,0.034851403514359634
23934,32934,Medium,Medium,0.03481859231319356,0.03260166499560508,0.9325797426912014
25583,34583,Medium,Medium,0.03424892662147159,0.03503088250047388,0.9307201908780546
24380,33380,Low,Low,0.030870341703481987,0.9353394181940438,0.03379024010247438
35268,44268,Medium,Medium,0.03578846580612768,0.04792662353120707,0.9162849106626654
2267,11267,Medium,Medium,0.033228946291135764,0.031677031572024866,0.9350940221368393
37851,46851,Medium,Medium,0.03561084745154192,0.03769521296895626,0.9266939395795019
2782,11782,High,High,0.8303070640012825,0.03409682147046141,0.13559611452825615
18415,27415,Medium,Medium,0.033927156041014685,0.030232426110364394,0.9358404178486209
7359,16359,Medium,Medium,0.029955117275701524,0.028882352393503508,0.941162530330795
2230,11230,Medium,Medium,0.03181583829535436,0.03174823889590886,0.9364359228087369
39178,48178,Medium,Medium,0.03292141169398812,0.032866611297759536,0.9342119770082523
27867,36867,Medium,Medium,0.033292692713538886,0.033545490919368766,0.9331618163670923
30954,39954,Medium,Low,0.02889074415851264,0.9367618854030519,0.03434737043843541
39009,48009,Medium,Medium,0.033029139205965494,0.03118975836954431,0.9357811024244902
16981,25981,Medium,Medium,0.029866794170968883,0.02959036572198108,0.94054284010705
3133,12133,High,High,0.9385699739773647,0.029999736958224537,0.031430289064410734
10612,19612,Medium,Medium,0.048719052049938295,0.08590903279189104,0.8653719151581707
16362,25362,Low,Low,0.029122712665634504,0.9120289940124843,0.05884829332188115
30253,39253,Medium,Medium,0.03697667228502161,0.051068886622172245,0.9119544410928061
39939,48939,High,High,0.9346135585728071,0.030237791464264325,0.0351486499629285
26857,35857,Medium,Medium,0.033164823128063216,0.03215048615065166,0.934684690721285
20371,29371,Medium,Medium,0.06788293263712065,0.03609263901697385,0.8960244283459056
11621,20621,Medium,Medium,0.03539067792138308,0.03318648214498222,0.9314228399336347
26349,35349,Low,Low,0.03123933562056433,0.9333176247619578,0.035443039617477926
37794,46794,Medium,Medium,0.032287027982275264,0.030705879935122537,0.9370070920826022
9175,18175,Low,Low,0.02957837651790918,0.9379871500426601,0.03243447343943077
7759,16759,High,High,0.9300226786230006,0.032090568524458886,0.03788675285254051
16217,25217,High,High,0.9285920935149425,0.030044590985465833,0.041363315499591644
32499,41499,Low,Low,0.0327529653667423,0.9298665406045682,0.03738049402868953
31718,40718,Low,Low,0.034528965168866554,0.8983031521361332,0.06716788269500029
27629,36629,High,High,0.9363394204943415,0.032872049495728334,0.030788530009930055
8630,17630,Medium,Medium,0.03254879368689069,0.03273299726528057,0.9347182090478287
17912,26912,Medium,High,0.6259074667754491,0.039139057566866774,0.33495347565768424
12625,21625,Medium,Medium,0.033366788411071185,0.029969765537215438,0.9366634460517135
7701,16701,Medium,Medium,0.030415314281357086,0.030832794998777082,0.9387518907198658
36043,45043,Medium,Medium,0.03532451303098794,0.03230988809376091,0.9323655988752512
3947,12947,Low,Low,0.030862210873107004,0.9307648005424417,0.03837298858445122
27155,36155,Medium,Medium,0.031667081649970716,0.030580615778818987,0.9377523025712103
34801,43801,High,High,0.9319684497502726,0.0307987718820759,0.03723277836765156
36203,45203,Medium,Medium,0.031862843845738606,0.03259856872404209,0.9355385874302193
24971,33971,High,High,0.8835196444309662,0.04599026713136814,0.07049008843766556
27302,36302,Medium,Medium,0.032369861978466204,0.03208244214169506,0.9355476958798388
38310,47310,Medium,Medium,0.03544999194035845,0.036887648225928944,0.9276623598337125
29421,38421,Medium,Medium,0.032164075449002454,0.03242965237738751,0.9354062721736102
18795,27795,Medium,Medium,0.05289336870630979,0.03380317657880442,0.9133034547148857
15290,24290,Medium,Medium,0.03453840484601468,0.03205266250227783,0.9334089326517075
27422,36422,High,High,0.9363907276541518,0.029330750382186858,0.0342785219636613
14765,23765,Medium,Medium,0.02948538119001508,0.029903792247071525,0.9406108265629135
20161,29161,Medium,Medium,0.034736451432640446,0.032284650965963405,0.9329788976013962
36450,45450,Low,Medium,0.031600059754644944,0.10158236259746582,0.8668175776478892
38162,47162,Medium,Medium,0.03217013532244743,0.07441599583167612,0.8934138688458765
13440,22440,High,High,0.9410685135242676,0.027957819049077848,0.03097366742665469
18248,27248,Medium,Medium,0.03149380421027325,0.03207822607153577,0.9364279697181909
2098,11098,Low,Low,0.036455482804874186,0.9321535903047339,0.031390926890391885
9601,18601,High,High,0.9299802958448087,0.030449063054803858,0.03957064110038739
10563,19563,Medium,Medium,0.03176973630569981,0.032046288250753716,0.9361839754435465
10228,19228,Low,Low,0.031685371288658254,0.91410845864088,0.05420617007046181
23726,32726,Medium,Medium,0.033755334832050815,0.032273610096804524,0.9339710550711448
725,9725,High,High,0.9406730042353738,0.027684453165568928,0.03164254259905729
25004,34004,High,High,0.9386321404454977,0.029711103057720928,0.03165675649678145
26474,35474,Medium,Medium,0.03369872168369174,0.0352300936696538,0.9310711846466545
9290,18290,High,High,0.9268108568045194,0.03285166542639733,0.04033747776908327
5916,14916,High,High,0.8372939103690161,0.038823477494946045,0.12388261213603784
18122,27122,Low,Low,0.03036015012260958,0.8769792991425546,0.09266055073483598
9042,18042,Low,Low,0.035065827172948115,0.7194690143273318,0.24546515849972006
31003,40003,Medium,Medium,0.030988572896542513,0.03020747590020223,0.9388039512032552
29569,38569,Medium,Medium,0.03435742513730875,0.03142664208047588,0.9342159327822154
5720,14720,High,High,0.9366786709753706,0.030197222472172214,0.03312410655245718
40005,49005,Medium,Medium,0.03751441820610268,0.05840773267210079,0.9040778491217965
25596,34596,Medium,Medium,0.031617673786148826,0.030267774071249864,0.9381145521426014
39801,48801,High,High,0.9264096420121017,0.0372816930738783,0.03630866491402005
15112,24112,Medium,Medium,0.03177615829377049,0.032477663741664754,0.9357461779645648
33754,42754,Low,High,0.9370853828406366,0.03007119482840896,0.03284342233095449
23069,32069,High,High,0.9388767336867144,0.027956357969413176,0.03316690834387237
11977,20977,Low,Low,0.05813521391982332,0.9064543832822891,0.03541040279788758
37907,46907,High,High,0.9319037558111045,0.033618339468945,0.03447790471995039
24512,33512,Medium,Medium,0.03457918316127938,0.03323107133433482,0.9321897455043858
39657,48657,High,Medium,0.06135306979405292,0.040319373063760745,0.8983275571421863
17066,26066,High,High,0.9375744567463479,0.02923231390090626,0.0331932293527459
5119,14119,Medium,Medium,0.036405449037687346,0.03298621141710034,0.9306083395452123
16683,25683,Medium,Medium,0.03305512553968611,0.032546549261074864,0.934398325199239
14572,23572,Medium,Medium,0.03272097397677572,0.03424337317619092,0.9330356528470333
11015,20015,Medium,Medium,0.037781193862074375,0.033981716851481124,0.9282370892864447
11976,20976,High,Medium,0.04766219204339662,0.048985973942592693,0.9033518340140106
24216,33216,Low,Low,0.03056120669580852,0.9190417125664947,0.05039708073769692
31036,40036,High,High,0.9381892323756101,0.028894521320361813,0.03291624630402807
3186,12186,High,High,0.9283385345360805,0.031580524491688,0.04008094097223137
36636,45636,Medium,Medium,0.030824874052892748,0.034368237603340436,0.9348068883437669
21750,30750,Medium,Medium,0.033458646490370766,0.03530450094136061,0.9312368525682686
17489,26489,High,High,0.9386125164126433,0.03132649958271845,0.03006098400463816
17171,26171,High,High,0.91891569229781,0.031704444867490356,0.04937986283469953
2666,11666,Medium,Medium,0.06073809930643411,0.17422772346119553,0.7650341772323704
7415,16415,Medium,Medium,0.030681696616172215,0.03025947296908145,0.9390588304147464
23271,32271,Medium,Medium,0.047715289636895385,0.053446323436948634,0.898838386926156
11353,20353,Medium,Medium,0.031870724897351155,0.03204390114136802,0.9360853739612808
14447,23447,Medium,Medium,0.03228550824446003,0.03404284705800146,0.9336716446975385
6720,15720,Medium,Medium,0.052321112252615855,0.05822664110571535,0.8894522466416687
35018,44018,High,High,0.9391179174875086,0.027840592366008814,0.03304149014648259
3475,12475,High,High,0.9333089824282189,0.033148164773125315,0.03354285279865586
3176,12176,Medium,High,0.937398268832637,0.031084092981130945,0.03151763818623215
31217,40217,High,High,0.9404818600269298,0.02832575821335635,0.031192381759713703
5902,14902,Medium,Medium,0.03363081787798858,0.03014103756598327,0.9362281445560282
30278,39278,Medium,Medium,0.031728004132996486,0.03147108862926088,0.9368009072377426
15995,24995,Low,Low,0.04409027224846478,0.9167078338958524,0.039201893855682984
387,9387,Low,High,0.9305118402407725,0.031956377682673225,0.03753178207655437
38057,47057,Medium,Medium,0.030722137899066946,0.032094499017991045,0.937183363082942
10662,19662,High,Medium,0.03139511192235198,0.03118790215405377,0.9374169859235942
15007,24007,Medium,Medium,0.03510066132054026,0.03303264703176546,0.9318666916476942
21196,30196,High,High,0.928621783776212,0.03400946953838432,0.03736874668540369
14432,23432,High,High,0.9318290182433812,0.031283883320648805,0.036887098435970024
2510,11510,Medium,Medium,0.03716794589334872,0.02981880142075399,0.9330132526858973
29714,38714,Low,Low,0.03311455556153067,0.9253488982916224,0.041536546146847146
11325,20325,Low,Low,0.029038607905208694,0.9224636362610569,0.04849775583373441
24077,33077,Low,Low,0.02934061920859017,0.9381152357044309,0.032544145086978955
14891,23891,High,High,0.9216537603899971,0.040142591535904035,0.03820364807409888
31839,40839,High,High,0.9395997199443761,0.028842075307384026,0.03155820474823967
26571,35571,High,Medium,0.037252352797238236,0.035217125526587116,0.9275305216761747
30258,39258,Medium,Medium,0.0378848777453439,0.04355636601859655,0.9185587562360595
3955,12955,Low,Low,0.038031705587933916,0.917942707004209,0.04402558740785709
28909,37909,Medium,Medium,0.03362316341516372,0.030555643060832045,0.9358211935240042
37111,46111,Medium,Medium,0.03885427955533654,0.03307529458625961,0.9280704258584039
29759,38759,Medium,Medium,0.03327660712941575,0.03142005182716362,0.9353033410434207
4283,13283,High,High,0.9200224616389779,0.04390238089042419,0.03607515747059787
13508,22508,Low,Low,0.06951641665803442,0.8797243070131238,0.050759276328841835
33423,42423,Medium,Medium,0.03475962101616078,0.03293176220713138,0.9323086167767078
16153,25153,High,High,0.9410377091935577,0.028605999642999314,0.030356291163443027
21480,30480,Low,Low,0.035140932998212485,0.9204983318145062,0.044360735187281286
2744,11744,Medium,Medium,0.03250407913372133,0.03213950289627765,0.935356417970001
14191,23191,High,High,0.9336751581115502,0.031086276036261,0.035238565852188715
32311,41311,High,High,0.9395307211596972,0.029340931862558418,0.031128346977744543
33139,42139,High,High,0.9133506666042606,0.05171962838058786,0.03492970501515161
22956,31956,High,High,0.9364831474462214,0.030119898536402807,0.033396954017375635
14297,23297,Low,Low,0.03135867511324219,0.713163651551549,0.2554776733352089
36097,45097,Low,Low,0.028626293025684656,0.9401876940491513,0.03118601292516418
3769,12769,High,High,0.9407774864330286,0.027567532347012893,0.031654981219958536
22223,31223,High,High,0.9320707984700757,0.03522895853304435,0.03270024299688
20837,29837,Medium,Medium,0.03230511580641787,0.030905629428546244,0.9367892547650358
36606,45606,Medium,Medium,0.03221198387463727,0.03546186682105191,0.9323261493043109
33228,42228,High,High,0.8150796074661146,0.04963363033269031,0.1352867622011951
26469,35469,Low,Low,0.03106768776784297,0.9361401872967307,0.03279212493542623
30969,39969,High,High,0.8564322192111016,0.030092589421371423,0.11347519136752697
3993,12993,Medium,Medium,0.031876030448582164,0.03323286070245874,0.9348911088489591
39967,48967,High,High,0.9185480498515126,0.034251803035140756,0.047200147113346524
27459,36459,Low,Low,0.04247804522511633,0.9204154766948548,0.037106478080028975
21936,30936,Low,Low,0.03341397062866516,0.9342664711565262,0.032319558214808704
6606,15606,High,High,0.9240926426182892,0.03482683410690284,0.041080523274808066
5391,14391,Low,Low,0.036997463002444664,0.92594351655497,0.03705902044258527
32477,41477,Medium,Low,0.038138749197704803,0.5939423525350329,0.3679188982672623
18729,27729,Low,Medium,0.037380409144476025,0.0391505718187172,0.9234690190368068
12285,21285,High,High,0.8212643361462543,0.04053603779389647,0.13819962605984923
13877,22877,Medium,Medium,0.03280759690989259,0.034138090032581586,0.933054313057526
29021,38021,Medium,Medium,0.03936592656899269,0.05423684488877752,0.9063972285422298
2042,11042,Low,Low,0.04289259079360139,0.9194361923811787,0.037671216825219934
6652,15652,Low,Low,0.033237850751788416,0.9332922033307619,0.03346994591744965
35637,44637,Medium,Medium,0.03245854958576517,0.03271546792140586,0.934825982492829
10588,19588,Medium,Medium,0.03148671146441636,0.031740356768858446,0.9367729317667252
9376,18376,Low,Low,0.04276285565716522,0.8927863530634657,0.06445079127936913
7173,16173,High,High,0.9217351289174246,0.03516032012117279,0.043104550961402636
660,9660,Medium,Medium,0.0363153741050345,0.08761626573097177,0.8760683601639937
33309,42309,Medium,Medium,0.0334119187932782,0.03726743077533237,0.9293206504313893
1061,10061,Medium,Medium,0.03325801132266026,0.03183332008807959,0.9349086685892601
26351,35351,Medium,Medium,0.0326119798277325,0.10467542789284794,0.8627125922794195
5178,14178,Medium,Medium,0.031388123135888575,0.030686125270814185,0.9379257515932972
5553,14553,High,High,0.9378894650222348,0.030778613813922297,0.03133192116384279
6312,15312,Medium,Medium,0.037959864490717234,0.07231929885420772,0.889720836655075
18570,27570,Low,Low,0.028510631972907503,0.9405051875959338,0.030984180431158703
20521,29521,High,High,0.9297699296661298,0.03923227997747031,0.0309977903563997
29572,38572,Medium,Low,0.03517459687795092,0.9208530042242278,0.04397239889782134
23700,32700,High,High,0.9326052525115768,0.030395448582161696,0.036999298906261475
30509,39509,Low,Low,0.031027987776113253,0.9363611826765607,0.032610829547326144
38453,47453,Medium,Medium,0.034105953432913526,0.03149737250370085,0.9343966740633857
23345,32345,Medium,Medium,0.033547148868447195,0.032725990296840056,0.9337268608347126
20455,29455,Low,Medium,0.0336555863123355,0.03186775319870723,0.9344766604889573
8437,17437,Medium,Medium,0.032996924368419285,0.033179592782489435,0.9338234828490913
3114,12114,Low,Low,0.028396595351946986,0.8948837774482749,0.07671962719977812
2392,11392,Medium,Medium,0.09134257699056965,0.04531343830657994,0.8633439847028503
4634,13634,Medium,Medium,0.04055055440073425,0.03608610133085933,0.9233633442684064
7775,16775,Low,Low,0.032759874316324995,0.9296413673407153,0.03759875834295972
21921,30921,Low,Low,0.0318693021773152,0.9348228655206335,0.033307832302051116
33438,42438,High,High,0.9389437260418146,0.02825250669421851,0.032803767263966895
27473,36473,Medium,Medium,0.043042004688443235,0.03700670831004042,0.9199512870015164
27849,36849,High,Medium,0.03323893804011504,0.033158907538889906,0.933602154420995
15985,24985,Medium,Medium,0.03124374732881752,0.030033292479604675,0.938722960191578
26991,35991,Low,Low,0.032116550444663154,0.9353773976755013,0.03250605187983549
6016,15016,Medium,Medium,0.032965078486094375,0.03098439610833843,0.9360505254055672
36978,45978,High,High,0.9373375055786032,0.031165465770962377,0.031497028650434473
32788,41788,Low,Low,0.03055262877171133,0.9355547137040258,0.033892657524263015
38538,47538,Medium,Medium,0.03378862265691795,0.03289228462260987,0.9333190927204722
26964,35964,Low,Low,0.03453567115346052,0.9276419150186096,0.03782241382792995
7964,16964,Medium,Medium,0.04076951850455829,0.03627890002532779,0.9229515814701138
16297,25297,Medium,Medium,0.03703759582906201,0.036601919229610785,0.9263604849413273
16115,25115,Low,Low,0.031257897174041364,0.9254296875282314,0.043312415297727336
15713,24713,Low,Low,0.030466004303848687,0.9334169242156684,0.03611707148048291
19515,28515,Low,Low,0.03085012930222376,0.9330943272776299,0.03605554342014631
33402,42402,Medium,Low,0.0333527894486253,0.9026476937626375,0.06399951678873712
31050,40050,Medium,Medium,0.032010198094259486,0.031209434176151702,0.9367803677295887
36827,45827,High,Low,0.04123117628098169,0.892382797401409,0.06638602631760922
14841,23841,High,High,0.903735899800759,0.05209825530182539,0.04416584489741567
25160,34160,Medium,Medium,0.03137661200722225,0.03144041837764025,0.9371829696151375
6559,15559,Medium,Medium,0.030646146086778694,0.03445510834238105,0.9348987455708402
34009,43009,High,High,0.9367984721585669,0.031209636136794925,0.03199189170463807
17131,26131,High,High,0.9317225083093009,0.032004022442940046,0.036273469247759
7560,16560,Medium,Medium,0.026923141556795916,0.03276415822667302,0.940312700216531
24489,33489,Low,Low,0.03092566586271736,0.9307227643696706,0.038351569767612004
23067,32067,Medium,Medium,0.03124507952427059,0.05253034887951119,0.9162245715962182
13394,22394,High,High,0.9365159569873075,0.027811228033561574,0.03567281497913104
32653,41653,High,High,0.9370515132964171,0.029554880211839902,0.03339360649174295
12304,21304,Medium,Medium,0.034066977745529574,0.031624024094358355,0.934308998160112
24374,33374,Low,Medium,0.03883934928873417,0.34810056279032503,0.6130600879209408
39288,48288,Low,Low,0.04957935505577049,0.8928398685855331,0.05758077635869662
2162,11162,Low,Low,0.03716927192598499,0.9116678021923342,0.05116292588168076
14508,23508,High,High,0.9401186231865583,0.02752266706329455,0.03235870975014719
9372,18372,High,High,0.932209985857587,0.030061066837654433,0.03772894730475861
13177,22177,Medium,Medium,0.031722293314708584,0.028787899282511534,0.9394898074027799
33507,42507,High,High,0.8554873179513098,0.05956288941731624,0.08494979263137399
33658,42658,Low,Low,0.036553746057567005,0.9139073597994489,0.04953889414298413
24948,33948,Low,Low,0.038852709526527855,0.9266074223652753,0.034539868108196904
5668,14668,Medium,Medium,0.032244762926335706,0.030471934307769816,0.9372833027658944
20806,29806,Medium,Medium,0.03222152182742805,0.03200070935380845,0.9357777688187635
39622,48622,Medium,Medium,0.031540066844552794,0.0390209826793557,0.9294389504760915
28144,37144,Low,Low,0.0556002796810749,0.8892227287300862,0.055176991588838854
7467,16467,Low,Low,0.03126944404744095,0.9358772650689948,0.03285329088356418
4435,13435,Low,High,0.9286087051960177,0.03260267444389493,0.038788620360087366
26875,35875,Low,Low,0.03310770290704071,0.9303775906835224,0.03651470640943685
19043,28043,Medium,Medium,0.03031736722806994,0.030594046728300146,0.9390885860436299
6369,15369,High,High,0.9325069801658349,0.031293958566522784,0.0361990612676423
14498,23498,Medium,Medium,0.031987121835601824,0.030847383456216276,0.9371654947081819
10101,19101,Medium,Medium,0.037427961266449546,0.035742158456707224,0.9268298802768432
26144,35144,Medium,Medium,0.03107908079329914,0.03006067956169259,0.9388602396450082
34678,43678,Medium,Medium,0.03173991451267915,0.03238367447262689,0.9358764110146941
30962,39962,Medium,Medium,0.030602709855977638,0.03077783382953386,0.9386194563144885
15064,24064,High,High,0.9311803992746949,0.03206450629552368,0.03675509442978143
3232,12232,Medium,Medium,0.03158451622221465,0.032585424837785995,0.9358300589399994
20016,29016,Medium,Medium,0.03105886895517287,0.030087096280253228,0.9388540347645739
2066,11066,Medium,Medium,0.04681900176518076,0.07486313266646948,0.8783178655683498
27660,36660,Low,Low,0.04340426295406228,0.9147816277222027,0.041814109323735006
19142,28142,Medium,Medium,0.033207524488392086,0.031890573369786304,0.9349019021418217
27204,36204,Medium,Medium,0.030963220030733502,0.03157388742740143,0.937462892541865
14642,23642,High,High,0.7673877637146939,0.038173259026303384,0.1944389772590027
19618,28618,Medium,Medium,0.03474068405462529,0.038888176659798566,0.9263711392855761
19208,28208,Medium,Medium,0.043638895275794225,0.038893157591384814,0.917467947132821
10454,19454,High,High,0.9232771004794809,0.03819949430284538,0.03852340521767376
2593,11593,Medium,Medium,0.029264415163204698,0.041342935038008684,0.9293926497987867
35903,44903,Low,Low,0.053553353441350454,0.9053285055833203,0.04111814097532914
36061,45061,High,High,0.9362706789312444,0.03020694020504786,0.03352238086370788
31877,40877,High,High,0.941113063354669,0.027692378561107466,0.0311945580842235
31464,40464,High,High,0.9189658696351217,0.04499675415809157,0.036037376206786605
28672,37672,Low,Low,0.03071370160318855,0.9306504903146502,0.03863580808216127
5175,14175,Low,Low,0.0340232492368272,0.9306453572890004,0.035331393474172294
15271,24271,High,High,0.9230602704536217,0.043084905698469234,0.03385482384790919
13657,22657,Medium,Medium,0.031692344643119263,0.03318092467098436,0.9351267306858965
38868,47868,Medium,Medium,0.032301343771516965,0.03198570597392349,0.9357129502545596
33162,42162,Medium,Medium,0.029115004953515797,0.030588164525506917,0.9402968305209772
27963,36963,Medium,Medium,0.03681772298902881,0.053089823846743635,0.9100924531642276
20993,29993,Medium,Medium,0.029945936932954786,0.030873968962511756,0.9391800941045334
29963,38963,Medium,Medium,0.032393289805097585,0.03187711969909371,0.9357295904958086
24792,33792,Medium,Medium,0.03395505957407449,0.034296590672998416,0.9317483497529272
32369,41369,High,High,0.9264136519556825,0.035190528787106864,0.038395819257210646
15474,24474,Medium,Medium,0.032289295457754934,0.03061203609104807,0.9370986684511969
30687,39687,High,High,0.934174539466552,0.034543552486813255,0.031281908046634645
32735,41735,Low,Low,0.029428438942214852,0.9276276718804247,0.04294388917736052
33008,42008,Low,Low,0.029883859128557913,0.9317463395056199,0.03836980136582219
5517,14517,Medium,Medium,0.033159548550411734,0.029933474558362618,0.9369069768912257
3517,12517,Medium,Medium,0.03219637354208509,0.03130290384974744,0.9365007226081675
4557,13557,Low,Low,0.032812953477492295,0.9329627134457793,0.0342243330767285
9712,18712,High,High,0.9359981174998468,0.030366828349239233,0.03363505415091394
22351,31351,High,High,0.8301654206860323,0.062146473724730526,0.10768810558923719
5158,14158,Medium,Medium,0.07760412862104012,0.032401978172275823,0.8899938932066841
17459,26459,Medium,Medium,0.0320399628162754,0.033787267197853105,0.9341727699858714
23036,32036,Medium,Medium,0.031869987055693105,0.0309764306131933,0.9371535823311136
32579,41579,High,High,0.9191108680003645,0.038828851128796575,0.04206028087083898
8394,17394,Medium,Medium,0.030967446016759544,0.030520567900506185,0.9385119860827342
20422,29422,Medium,Medium,0.03119250118788254,0.032099018980754006,0.9367084798313634
3898,12898,Medium,Medium,0.032187614895378594,0.031528972345362595,0.9362834127592587
328,9328,High,High,0.9343033792739271,0.03021803405247286,0.03547858667359995
25249,34249,Medium,Medium,0.033279537323244124,0.03270127657150217,0.9340191861052537
32620,41620,High,High,0.9380406742885338,0.030183285704447255,0.03177604000701901
11776,20776,Medium,Medium,0.03288342907797768,0.03352473322434428,0.9335918376976781
10472,19472,Medium,Medium,0.03247380046747084,0.0312450287789242,0.9362811707536048
3361,12361,Low,Low,0.030405589581890168,0.9337900858926966,0.03580432452541307
25115,34115,Medium,Medium,0.035866489177049536,0.0855497449717973,0.8785837658511532
38315,47315,Low,Low,0.03675704819881477,0.9174658039149023,0.04577714788628278
26899,35899,Medium,Medium,0.03484644310322871,0.032795926283252605,0.9323576306135187
28589,37589,Low,Low,0.04429126231501667,0.9000266704737897,0.055682067211193724
35761,44761,Low,Low,0.030764564054241144,0.9376173309236714,0.031618105022087416
33020,42020,High,High,0.9333793168431166,0.03276929422932718,0.033851388927556264
6753,15753,Medium,Medium,0.037224207181264964,0.0362091581732562,0.9265666346454787
17008,26008,Medium,Medium,0.0322825250009837,0.3921039055425409,0.5756135694564753
12428,21428,Medium,Medium,0.0388412887499883,0.03855811971243243,0.9226005915375793
32972,41972,High,High,0.9298732469824705,0.03312724809331367,0.036999504924215824
19444,28444,Medium,Medium,0.03367704689315278,0.034056213964035784,0.9322667391428116
18486,27486,Low,Low,0.0311023170590319,0.9372181399416485,0.031679542999319764
7427,16427,Medium,Medium,0.0331753952396534,0.03352465994259613,0.9332999448177506
24750,33750,High,Low,0.03423500335664804,0.6534290540428668,0.3123359426004852
33375,42375,Medium,Medium,0.034623613286200554,0.03763862339435954,0.92773776331944
33622,42622,Low,Low,0.03429226201865112,0.930608626462018,0.035099111519330935
13006,22006,Medium,Medium,0.04953740696510555,0.037671689974913575,0.9127909030599809
38375,47375,Medium,Medium,0.031161798339727754,0.030787586711026396,0.9380506149492458
39807,48807,Low,Low,0.030360801536304216,0.9034578780626492,0.06618132040104663
37218,46218,High,High,0.9392800429670211,0.028435059642044503,0.032284897390934514
1426,10426,High,High,0.9316777918059476,0.029132931858779663,0.0391892763352728
26172,35172,Low,Low,0.03227113574277516,0.9142541864019736,0.0534746778552512
34161,43161,Medium,Medium,0.03326812769239972,0.03494335720504953,0.9317885151025508
37938,46938,Medium,Medium,0.030784573687375805,0.030566122583512458,0.9386493037291118
13235,22235,Medium,Medium,0.03446864864274101,0.03672632483821476,0.9288050265190443
1523,10523,Medium,Medium,0.034257053620903206,0.03087408068125506,0.9348688656978417
15881,24881,Medium,Medium,0.03292413153550885,0.030696835385653154,0.936379033078838
26054,35054,Medium,Medium,0.03512946727504649,0.034449675685143816,0.9304208570398096
36854,45854,Medium,Medium,0.03218035844174113,0.030123521159417802,0.9376961203988411
1215,10215,Low,Low,0.036194326772115024,0.9117171574231538,0.05208851580473118
21371,30371,High,High,0.8842239421422473,0.034143307198386194,0.08163275065936655
4590,13590,Low,Medium,0.0333520310223892,0.035725569288623894,0.9309223996889869
1651,10651,Medium,Medium,0.033496780203990356,0.033437796186281225,0.9330654236097283
12958,21958,High,High,0.9387998254251227,0.028604713261167772,0.032595461313709384
36334,45334,Medium,Medium,0.034319643493430176,0.03353688113720466,0.9321434753693651
25563,34563,Low,Low,0.03041533927921676,0.9376327855774661,0.03195187514331708
39210,48210,Medium,Medium,0.04074562699417612,0.04402772681003445,0.9152266461957894
24331,33331,Medium,Medium,0.03472623468084835,0.037885112106722345,0.9273886532124292
13445,22445,High,High,0.9348740405933312,0.030142362560832938,0.03498359684583576
4308,13308,High,High,0.9316746587463601,0.03162293032391461,0.03670241092972532
32267,41267,Low,Low,0.029943601453950346,0.9333500100587943,0.03670638848725528
38828,47828,Low,Low,0.0350928704373043,0.9330900268346104,0.03181710272808518
26540,35540,Medium,Medium,0.06149501184316377,0.4325227064757162,0.50598228168112
30532,39532,High,High,0.9259834367893438,0.03499423206765986,0.03902233114299631
38441,47441,Medium,Medium,0.17803266524517694,0.035005291168134466,0.7869620435866885
39505,48505,Medium,Low,0.03907693595486766,0.9293050499604737,0.031618014084658676
13695,22695,Medium,Medium,0.03463107728257577,0.03112531448282715,0.934243608234597
35217,44217,Low,Low,0.03504242963966759,0.9288477269351597,0.03610984342517265
38321,47321,Medium,Medium,0.03186238034630242,0.031425111694099506,0.936712507959598
20312,29312,Low,Low,0.03399316693208928,0.9336943122725545,0.03231252079535632
15549,24549,Low,Low,0.03680665208848049,0.9290888633534856,0.034104484558033936
21771,30771,Low,Low,0.03205926695547565,0.9133735092094817,0.05456722383504267
6688,15688,Medium,Medium,0.03517172547297124,0.03759081191067482,0.927237462616354
9754,18754,High,High,0.8310162624585903,0.06288727999951625,0.10609645754189356
36480,45480,Low,Low,0.035297043717208744,0.9328180218300789,0.031884934452712475
34964,43964,Low,Medium,0.03552097474222408,0.046834449541628104,0.9176445757161478
39828,48828,Medium,Medium,0.03232916041598311,0.029851377412379438,0.9378194621716375
32820,41820,Medium,Medium,0.030627161283853194,0.031193536643463287,0.9381793020726835
21923,30923,Medium,Medium,0.03208065752827369,0.03275943618340456,0.9351599062883217
1956,10956,Medium,Medium,0.03146749531596419,0.030354051726645834,0.93817845295739
26263,35263,High,High,0.9275876258478978,0.03701696838122888,0.03539540577087341
30139,39139,Low,Low,0.033913997098552695,0.9332417851490326,0.03284421775241472
24982,33982,Medium,Medium,0.03394207480331596,0.032363033230235635,0.9336948919664486
32456,41456,Medium,Medium,0.032809901553915284,0.031982767995129245,0.9352073304509555
28351,37351,Medium,Medium,0.027746220814186682,0.02754096195712427,0.944712817228689
30383,39383,Low,Low,0.06358384201085518,0.8870776646924273,0.04933849329671741
17618,26618,Low,Low,0.027921548526981674,0.9413475328178805,0.03073091865513768
9976,18976,Medium,Medium,0.03212830566963227,0.031406723178538674,0.9364649711518291
13997,22997,High,High,0.9379656485815309,0.03172090306631289,0.030313448352156273
29242,38242,High,High,0.9325689933167974,0.029997447861891628,0.037433558821310976
24643,33643,Medium,Medium,0.03180033047576899,0.030937453461816183,0.937262216062415
27383,36383,Medium,Medium,0.033144247843237086,0.032017728329109645,0.9348380238276534
25047,34047,Medium,Medium,0.030616730284906635,0.032506197681780036,0.9368770720333134
32498,41498,Medium,Medium,0.032409874723723926,0.03169031856216377,0.9358998067141124
2560,11560,High,High,0.9272346129469264,0.03921944886544832,0.03354593818762531
11700,20700,Medium,Medium,0.03245459806750393,0.031938681572388564,0.9356067203601075
39698,48698,Medium,Medium,0.030720419400625133,0.030298865274806047,0.9389807153245688
28390,37390,Medium,Medium,0.03138948104987649,0.03155197189856187,0.9370585470515617
23811,32811,High,Medium,0.3556314323258056,0.03155354360762925,0.6128150240665652
35964,44964,Low,Low,0.03260262949167941,0.9340981346970928,0.03329923581122771
34615,43615,Medium,Medium,0.03979372796354482,0.24495332237190648,0.7152529496645487
6840,15840,Low,Low,0.02957944518860603,0.9330328167278509,0.03738773808354313
26531,35531,Medium,Medium,0.033146411877543414,0.031012153282553384,0.9358414348399032
7222,16222,Medium,Medium,0.029810226700335844,0.029384757224372244,0.9408050160752919
25781,34781,High,Low,0.029248262994979318,0.9381625040973685,0.03258923290765219
14866,23866,High,High,0.9347136349283617,0.03367205872834249,0.03161430634329585
18142,27142,Low,Low,0.030111668341260254,0.9255605969561224,0.04432773470261736
37771,46771,High,High,0.9393936879422201,0.028532985513544593,0.032073326544235226
16784,25784,Medium,Medium,0.03284826039622723,0.03150677139077747,0.9356449682129954
2859,11859,High,High,0.9340914976197657,0.032133434220729305,0.03377506815950492
12480,21480,Medium,Medium,0.07252542050287453,0.04882944822197153,0.878645131275154
2181,11181,Medium,Medium,0.03265731789272313,0.03221414169833705,0.9351285404089399
33522,42522,Medium,Medium,0.07749067146085324,0.10319026482731623,0.8193190637118306
7821,16821,Medium,Medium,0.05125314301590142,0.09229036795825013,0.8564564890258484
20366,29366,Low,Low,0.029828960594094445,0.9327856747805935,0.03738536462531204
6010,15010,Medium,Medium,0.03118068562369963,0.029984207724284773,0.9388351066520156
28015,37015,Medium,Medium,0.034309014669260236,0.033522450618508545,0.9321685347122312
38947,47947,Medium,Medium,0.032624265518262516,0.029674010638747042,0.9377017238429904
10893,19893,Medium,Medium,0.030426286679568797,0.040510096674755795,0.9290636166456755
15017,24017,Low,Low,0.04156203907904861,0.8837151240167861,0.07472283690416542
32599,41599,Medium,Medium,0.034746969744684365,0.03284293205249858,0.9324100982028171
39483,48483,Medium,Medium,0.03242836472522347,0.031882313460915225,0.9356893218138612
10475,19475,High,High,0.9386431977181492,0.02812825424745999,0.033228548034390765
10237,19237,High,High,0.9401412288540181,0.029156373525772356,0.030702397620209616
32483,41483,Low,Low,0.03501293229718356,0.9315891668223881,0.03339790088042834
14135,23135,Medium,Medium,0.035808724056618425,0.03470771070127417,0.9294835652421073
11727,20727,High,High,0.9337663411780562,0.033589227500161266,0.03264443132178257
29081,38081,Low,Low,0.046955779133493504,0.9129852365360295,0.040058984330477033
21984,30984,Medium,Medium,0.031224565760034965,0.035106298505072527,0.9336691357348924
9964,18964,Medium,Medium,0.031935809816186975,0.030324455618514812,0.9377397345652984
31160,40160,Medium,Medium,0.03160249045259811,0.031292942736220984,0.9371045668111809
30528,39528,Low,Medium,0.0413490637843505,0.04038307497968924,0.9182678612359602
2789,11789,High,High,0.9102473065304669,0.04089509497219671,0.048857598497336285
19134,28134,High,High,0.9371364315747215,0.03141622203317234,0.031447346392106175
30537,39537,Medium,Medium,0.037224514772581284,0.04134042616449607,0.9214350590629227
10729,19729,Medium,Medium,0.03177630182807315,0.0302144750611671,0.9380092231107597
15484,24484,Low,Low,0.031107838916278534,0.9370606511149231,0.03183150996879846
35064,44064,Low,Low,0.036112144708534306,0.9274006555808167,0.036487199710649
21628,30628,Medium,Medium,0.03425412905407573,0.044325339847441414,0.9214205310984829
20407,29407,Medium,Medium,0.03356371610668805,0.032490532258693014,0.9339457516346189
19547,28547,Medium,High,0.9402057050735256,0.028731942439396283,0.031062352487078046
39490,48490,Medium,Medium,0.03585596294114066,0.030469959317917603,0.9336740777409417
34805,43805,Low,Low,0.028480690709974544,0.9354778966033018,0.036041412686723645
6283,15283,Medium,Medium,0.03647526004861148,0.03513716722922591,0.9283875727221625
23329,32329,High,High,0.9157122366334264,0.04607957369492077,0.038208189671652855
37056,46056,High,High,0.9259244693626557,0.032474732014383396,0.04160079862296088
32113,41113,High,High,0.9214230763942425,0.03068742782887791,0.0478894957768796
19057,28057,High,High,0.9411539321132301,0.028255267035548533,0.030590800851221456
11831,20831,High,High,0.9348541219731642,0.03026953626487482,0.03487634176196083
12993,21993,Low,Low,0.04292978651360984,0.9140212695768638,0.04304894390952637
1344,10344,Low,Low,0.03341256312072885,0.9281864238019978,0.03840101307727337
7360,16360,High,Medium,0.03384204205884227,0.035201523770511,0.9309564341706468
24192,33192,Medium,Medium,0.321014932901956,0.05061281781271448,0.6283722492853295
22362,31362,High,High,0.9365122295808487,0.030737891338563864,0.03274987908058737
40014,49014,Medium,Medium,0.04814515130726201,0.03348711258167677,0.9183677361110613
19356,28356,Medium,Medium,0.032289343282703595,0.03201779785253917,0.9356928588647572
9843,18843,Low,Low,0.02868465591076298,0.930571603888121,0.040743740201116097
14707,23707,High,High,0.9379095019327263,0.030552606878469862,0.03153789118880401
10494,19494,High,High,0.9378169664788251,0.02954660516153371,0.03263642835964136
29180,38180,High,High,0.9218230929802225,0.032361116081622524,0.0458157909381551
22545,31545,Low,Low,0.03391485138724945,0.9319284335538939,0.03415671505885646
7361,16361,Low,Low,0.03464794873871633,0.9270971623283378,0.038254888932945756
26630,35630,Medium,Medium,0.039812366634533546,0.040483103652642925,0.9197045297128236
3537,12537,High,High,0.9217444670034273,0.034490185526402456,0.043765347470170225
7873,16873,Low,Low,0.02822431453249988,0.9373967547360474,0.03437893073145277
21796,30796,Medium,Medium,0.0336846266801178,0.033443981774493266,0.932871391545389
17074,26074,High,High,0.9199967751234649,0.03655245868139561,0.043450766195139455
17653,26653,Low,Low,0.035860994603190914,0.6837305636195138,0.2804084417772954
10030,19030,Medium,Medium,0.031138243060289172,0.030919054428161657,0.9379427025115493
9272,18272,High,High,0.8836773204844103,0.07291789914359313,0.043404780371996604
24021,33021,Medium,Low,0.03663137386961157,0.8190636580552685,0.14430496807511992
25937,34937,Medium,Medium,0.032963946137985034,0.0382991379503173,0.9287369159116977
18630,27630,Medium,Medium,0.030191880421491502,0.02946021364574447,0.9403479059327641
9242,18242,High,High,0.9355145527580054,0.028925804984554715,0.035559642257439905
26742,35742,Low,Low,0.02812384418399838,0.9302146523193059,0.041661503496695736
22166,31166,High,High,0.9163057390604923,0.039066991809609895,0.044627269129897805
23837,32837,Medium,Medium,0.035329262698154285,0.03617166509176024,0.9284990722100854
13752,22752,Low,Low,0.028491043411382946,0.940163310570803,0.03134564601781399
10518,19518,High,High,0.9267983156547338,0.03258170215042978,0.04061998219483639
8504,17504,Medium,Low,0.0473866536951647,0.5584337604633983,0.394179585841437
33446,42446,High,High,0.9339156179143576,0.03380359080292857,0.03228079128271386
14901,23901,Medium,Medium,0.031804713180564055,0.03055262907273544,0.9376426577467005
36338,45338,Medium,Medium,0.031152819652982527,0.030949236648799158,0.9378979436982183
19785,28785,Medium,High,0.7515010966744099,0.03922886946418674,0.2092700338614034
2390,11390,Medium,Medium,0.03153919037281363,0.031538023361941815,0.9369227862652445
29314,38314,Medium,Medium,0.03256363992069469,0.0328113599067533,0.9346250001725519
32856,41856,Low,Low,0.028677569822179377,0.9406570672801507,0.03066536289766984
5275,14275,High,High,0.8882608139851711,0.03172687377655856,0.08001231223827042
36179,45179,Low,Low,0.036356203834568585,0.9292532916299036,0.03439050453552781
3772,12772,Medium,Medium,0.03682674087577737,0.03278483551274001,0.9303884236114826
8786,17786,Medium,Medium,0.03391096698323637,0.030790185119872016,0.9352988478968918
31393,40393,Medium,Medium,0.03562095389440251,0.036966510943027366,0.9274125351625702
35460,44460,Medium,Medium,0.03269333102487588,0.03513411696905768,0.9321725520060665
8911,17911,Medium,Medium,0.17081170317862848,0.054646273554978995,0.7745420232663925
10392,19392,Low,Low,0.035641632113342585,0.9294852667184316,0.03487310116822571
11426,20426,High,High,0.9313660708392253,0.03313343658264945,0.03550049257812528
38322,47322,Medium,Medium,0.035424184184322534,0.03531513802207357,0.929260677793604
8789,17789,Low,Low,0.028833984878827407,0.9381607036923273,0.03300531142884535
14895,23895,Medium,Medium,0.030998615756639637,0.030955181254707604,0.9380462029886528
1483,10483,Low,Low,0.0293583195944717,0.9325981272152459,0.038043553190282305
36878,45878,High,High,0.9361979446215268,0.03201092477350053,0.03179113060497268
35127,44127,Medium,Medium,0.031684896270268464,0.031033269406871133,0.9372818343228603
14233,23233,Low,Low,0.03170625593295726,0.9226868241563987,0.045606919910643993
4344,13344,Medium,Medium,0.03804861463892562,0.03300095855139362,0.9289504268096808
25194,34194,Low,Low,0.030118678231207854,0.937190211285416,0.03269111048337621
26019,35019,High,High,0.9348144027232955,0.03177520393129583,0.03341039334540865
28549,37549,High,High,0.9269059615972649,0.034798726700712296,0.038295311702023
13411,22411,Low,Low,0.03153770433728476,0.9341047594563069,0.03435753620640826
11822,20822,Low,Low,0.0321649319062945,0.899900056720357,0.06793501137334855
5199,14199,Medium,Medium,0.03141059477654974,0.03091319275818492,0.9376762124652652
14372,23372,Low,Low,0.03424688748557939,0.9240469293384553,0.04170618317596528
3449,12449,Medium,Medium,0.03235735373036953,0.030560246681727975,0.9370823995879025
21005,30005,High,High,0.9318153931662998,0.03297759929845881,0.03520700753524144
31081,40081,Medium,Medium,0.03487075438285115,0.03646213457880141,0.9286671110383474
17206,26206,Medium,Medium,0.034476255904120505,0.03272545105075623,0.9327982930451233
17778,26778,Medium,Medium,0.03210104738943729,0.03107348728739436,0.9368254653231683
35354,44354,Medium,Low,0.04486149387979212,0.7246480731028689,0.23049043301733896
34131,43131,Medium,Medium,0.03087603830011612,0.030079422750913156,0.9390445389489707
18253,27253,High,High,0.93973795246602,0.027781909209504758,0.03248013832447525
10880,19880,Medium,Medium,0.0335695870385388,0.029825976323830838,0.9366044366376304
19411,28411,Low,Low,0.03856617455563657,0.9280443355050947,0.033389489939268664
39531,48531,Medium,Medium,0.02714677001312561,0.026869959428543366,0.945983270558331
5806,14806,Medium,Medium,0.03190370833488402,0.03192012295423161,0.9361761687108844
11003,20003,Medium,Medium,0.03511475433651168,0.035825055879051555,0.9290601897844368
7623,16623,Medium,Medium,0.02883497709586318,0.1492272734817227,0.821937749422414
28624,37624,Medium,Medium,0.03210037140124802,0.03293123938132419,0.9349683892174276
6094,15094,Medium,Medium,0.03214849466350126,0.03109333685380589,0.9367581684826929
22613,31613,Low,Low,0.032043481813922185,0.9363822302058397,0.03157428798023822
4001,13001,Low,Low,0.027986305132908427,0.9397302665458369,0.03228342832125475
27978,36978,Low,Low,0.037503886805527326,0.9182345099130146,0.04426160328145803
16359,25359,High,Medium,0.03316894451395436,0.03181079858799989,0.9350202568980457
19484,28484,Medium,Medium,0.03469379709331644,0.03212879838618889,0.9331774045204946
18769,27769,High,High,0.9218669204637661,0.04140493671480169,0.036728142821432275
3587,12587,Medium,Medium,0.03300707524649483,0.03424763718128757,0.9327452875722176
21957,30957,Medium,Medium,0.0337279966185251,0.03414418674210694,0.932127816639368
18484,27484,Medium,Medium,0.04076099656819749,0.21678577927015627,0.7424532241616463
7084,16084,Low,Low,0.03533929063985061,0.9280218665214918,0.03663884283865757
34965,43965,High,High,0.9356881361536612,0.030508259453215784,0.0338036043931229
13364,22364,High,High,0.9288510888036544,0.035725728425074925,0.03542318277127076
36104,45104,Low,Low,0.037488053139421974,0.9273710409159043,0.03514090594467378
23728,32728,Low,Low,0.03824246105951209,0.9218572479564494,0.03990029098403841
32890,41890,Low,Low,0.03468515978763057,0.926010780898073,0.03930405931429653
11780,20780,High,High,0.9251550947141487,0.03331223418720522,0.04153267109864608
10261,19261,Medium,Medium,0.038445661667688515,0.03948246894671844,0.9220718693855932
6546,15546,Medium,Medium,0.041008373879479774,0.03341087913817611,0.925580746982344
16700,25700,Medium,Medium,0.030564510737927153,0.028802630089307803,0.940632859172765
3489,12489,High,High,0.8988595889396679,0.05854327378151434,0.042597137278817754
29082,38082,High,High,0.9301510026963135,0.032318174298047286,0.03753082300563914
7798,16798,Low,Low,0.030798993732849028,0.9336741360476445,0.035526870219506394
33822,42822,Low,Low,0.033307893633173165,0.9337620020204908,0.032930104346335955
3218,12218,Medium,Medium,0.03469355816862743,0.030529155759861083,0.9347772860715114
8293,17293,Medium,Medium,0.03253504936019511,0.03097985918746941,0.9364850914523354
6812,15812,Medium,Medium,0.033158791628799096,0.03217574501699214,0.9346654633542087
23621,32621,High,High,0.937848603260881,0.028935988530102458,0.03321540820901651
32887,41887,Medium,Medium,0.03458418315830688,0.04031550342987574,0.9251003134118174
3705,12705,Medium,Medium,0.03145196810873859,0.031063049121627006,0.9374849827696344
38307,47307,Medium,Medium,0.03690038483099232,0.031964608821709616,0.9311350063472981
6241,15241,Medium,Medium,0.032755945292278925,0.036337014858264016,0.930907039849457
9782,18782,Medium,Medium,0.029481363556750715,0.029342324624334424,0.9411763118189148
23356,32356,High,High,0.9240066757493345,0.043009202392600275,0.03298412185806519
8044,17044,High,High,0.9112973285832798,0.04335423284785089,0.04534843856886939
35778,44778,High,High,0.9298206400960485,0.031475054851932534,0.03870430505201912
35578,44578,Medium,Medium,0.031521695277018806,0.030396659581286064,0.9380816451416951
15462,24462,Low,Low,0.0412512829384088,0.9135652944283814,0.04518342263320982
29897,38897,Low,High,0.9242012078062909,0.02995821890563582,0.04584057328807317
26726,35726,Low,Low,0.030708176959835954,0.9307401835325898,0.03855163950757427
2406,11406,High,Medium,0.03796344880796758,0.03961828611072388,0.9224182650813085
27748,36748,High,High,0.9320769362561802,0.03459714833938832,0.03332591540443153
27580,36580,High,Medium,0.045004274499154395,0.03625066811613792,0.9187450573847077
609,9609,Low,Low,0.03302413562427318,0.9351651481003292,0.031810716275397645
28694,37694,Medium,Medium,0.032843619698797975,0.03311878977303434,0.9340375905281677
38622,47622,Medium,Medium,0.030621430111324094,0.07469281970203624,0.8946857501866398
14460,23460,High,High,0.9327988066713954,0.034876830147543676,0.03232436318106099
35929,44929,Medium,Medium,0.03419059878024972,0.035590177854115564,0.9302192233656347
23686,32686,Low,Low,0.03209403009725811,0.8663203789644397,0.1015855909383022
16361,25361,Low,Low,0.029197491829689032,0.9396893577503853,0.03111315041992574
34664,43664,High,High,0.9290629395955882,0.03465901520936405,0.03627804519504773
31293,40293,Medium,Medium,0.039748105532501375,0.03219793879110421,0.9280539556763946
18566,27566,Low,Low,0.030540408694982896,0.9357737980172406,0.03368579328777641
4751,13751,Medium,Medium,0.03336962838177908,0.03179835611104302,0.9348320155071779
7281,16281,Low,Low,0.04103386584337113,0.916410529865928,0.04255560429070098
28034,37034,High,High,0.9116703330651124,0.052513186813408545,0.035816480121479206
19716,28716,Medium,Medium,0.0369914495184905,0.03130585849574404,0.9317026919857655
11470,20470,High,High,0.9388284222273325,0.02810573584450551,0.03306584192816209
14772,23772,High,Low,0.031072022923528727,0.9322604451134646,0.0366675319630066
27373,36373,High,High,0.9332859922172009,0.029974622641413564,0.03673938514138563
19924,28924,Medium,Medium,0.031020833246268188,0.03163086292359526,0.9373483038301366
16182,25182,High,High,0.9359559591313541,0.02983072842274884,0.03421331244589709
39426,48426,High,High,0.9282665898425196,0.035928148009255534,0.03580526214822476
19719,28719,Low,Low,0.031661179119323056,0.9258008420959539,0.04253797878472309
19409,28409,High,High,0.9065556826069249,0.0362626468992173,0.05718167049385784
8639,17639,Medium,Medium,0.032380688426823005,0.03308096320096144,0.9345383483722155
37635,46635,Medium,Medium,0.039642309795287316,0.037033975830630374,0.9233237143740824
27652,36652,Low,Low,0.03303075204413185,0.9353221516966741,0.03164709625919409
23855,32855,Medium,High,0.9357439638599061,0.02934657121935384,0.034909464920740145
12637,21637,Low,Low,0.03650362519165696,0.9262226300598239,0.03727374474851914
15671,24671,Medium,Low,0.04316160331186223,0.57825451828362,0.37858387840451774
11072,20072,Medium,Medium,0.033717759175029866,0.03300463264912929,0.9332776081758407
36437,45437,High,High,0.93507731322067,0.03118634083775232,0.03373634594157774
31753,40753,Medium,Medium,0.02765256379027238,0.0354483758039437,0.9368990604057839
37254,46254,High,High,0.9162840278324813,0.03344909565987274,0.05026687650764597
1688,10688,Low,Low,0.049611389414653005,0.6566336307270914,0.2937549798582556
20985,29985,High,High,0.9351155652834814,0.032349691578503,0.032534743138015694
31929,40929,High,High,0.928407496783125,0.03624200248549026,0.035350500731384786
22620,31620,Medium,Medium,0.034025014668765625,0.03284177569177453,0.9331332096394598
18614,27614,Medium,Medium,0.03689594016041796,0.03576864708419875,0.9273354127553833
32984,41984,High,High,0.9306913625224479,0.031473646655562244,0.03783499082198986
32967,41967,Medium,Medium,0.03245742147506486,0.05229976601750083,0.9152428125074343
2136,11136,High,High,0.9244593049714179,0.03155063831251454,0.043990056716067615
37866,46866,Medium,Medium,0.030954541554106266,0.031597751022770904,0.9374477074231229
39833,48833,Low,Low,0.029886662012267595,0.9370444356633053,0.03306890232442707
22390,31390,Medium,Medium,0.0275545814863503,0.034719412414895685,0.937726006098754
27944,36944,High,Medium,0.03854522027939902,0.06815810204371946,0.8932966776768815
31897,40897,High,High,0.9025157203345198,0.05126447620323652,0.04621980346224375
13777,22777,Low,Medium,0.041028476234865816,0.45701140699275555,0.5019601167723785
23046,32046,High,High,0.9297480813682503,0.0314607546662146,0.03879116396553523
26044,35044,High,High,0.9302304457836895,0.029564393418627294,0.04020516079768314
3424,12424,Medium,Medium,0.033989332727384934,0.033569438402283394,0.9324412288703318
21045,30045,Medium,Medium,0.032007945300111876,0.03458527907971456,0.9334067756201735
35556,44556,High,High,0.9100774590002559,0.03292626240247305,0.05699627859727092
5054,14054,High,High,0.931322855045145,0.030917873680221686,0.03775927127463324
39694,48694,Medium,Medium,0.03222651646220009,0.03254931182042741,0.9352241717173725
16573,25573,Low,Low,0.041595065290870474,0.9170193252253253,0.04138560948380418
26734,35734,Low,Medium,0.03306320116967789,0.03470320023571274,0.9322335985946094
26174,35174,High,High,0.9276436305313123,0.03175375498120255,0.0406026144874852
37991,46991,High,High,0.9222722041722752,0.03400644079328957,0.0437213550344352
1114,10114,Medium,Medium,0.03301883936462511,0.03237307237195536,0.9346080882634196
39478,48478,Medium,Medium,0.03781059622624478,0.03247059795831758,0.9297188058154376
11265,20265,Low,Low,0.046056427752047956,0.9181752872806127,0.035768284967339296
2658,11658,Medium,Medium,0.036621558785109254,0.03346319392195401,0.9299152472929367
6443,15443,Medium,Medium,0.0979510662087416,0.04651586867598406,0.8555330651152744
2696,11696,High,Medium,0.0314474155371201,0.03050800377675739,0.9380445806861225
8299,17299,Medium,Medium,0.033027757175303644,0.03264403452947099,0.9343282082952253
7483,16483,Medium,Medium,0.08771201782853703,0.029070863007099487,0.8832171191643635
36687,45687,Medium,Medium,0.03419736445310187,0.03661754935616346,0.9291850861907348
17266,26266,Medium,Low,0.035112918447683265,0.9151371845417824,0.04974989701053426
1334,10334,Medium,Medium,0.03277384748761027,0.03376907927723751,0.9334570732351523
32802,41802,Medium,Medium,0.033952189909763966,0.0339925041107749,0.9320553059794611
23856,32856,Medium,Medium,0.03219124290368859,0.03080234241712293,0.9370064146791884
24808,33808,Medium,Medium,0.028645700082089134,0.04784945925855544,0.9235048406593555
17876,26876,Low,Low,0.032345886294118616,0.893418308242273,0.07423580546360843
38944,47944,High,High,0.9359800140349618,0.03292578204182579,0.031094203923212337
1943,10943,Low,Low,0.030369644316936544,0.9288801025247104,0.040750253158353046
1787,10787,Low,Low,0.032516695026632896,0.9181613307465467,0.04932197422682035
36977,45977,Medium,Medium,0.03911310069339447,0.035252369938858295,0.9256345293677471
38813,47813,Medium,High,0.9365072021613557,0.02980500848023006,0.033687789358414315
22033,31033,Low,Low,0.03305136783164328,0.9316744849542458,0.03527414721411078
10675,19675,Low,Low,0.03312075835707177,0.9029345528129551,0.06394468882997316
36917,45917,Medium,Medium,0.0363361441488737,0.03548497677770615,0.9281788790734201
5509,14509,Low,Low,0.0342348121214496,0.9316514176907494,0.034113770187801117
12017,21017,Medium,Medium,0.03266487896571025,0.03165802687240713,0.9356770941618827
34881,43881,Medium,Medium,0.03900173972968834,0.03336206802499872,0.927636192245313
16704,25704,Low,Low,0.030018695439684412,0.9378961863590791,0.03208511820123642
28082,37082,Low,Low,0.03170763501874153,0.9344876399136699,0.033804725067588616
11782,20782,High,High,0.89163190939421,0.03694480786792601,0.07142328273786402
36063,45063,Medium,Medium,0.03536680942824775,0.03393596350566803,0.9306972270660842
18391,27391,Low,High,0.9270225964858879,0.030206079214960848,0.042771324299151224
10490,19490,Medium,Medium,0.03502010241567735,0.036866463939380624,0.928113433644942
36163,45163,Medium,Medium,0.03143569529153429,0.030572539955589395,0.9379917647528764
37242,46242,Medium,Medium,0.03622808369405391,0.033691239239165865,0.9300806770667802
37729,46729,High,High,0.933285988516427,0.031415767161882865,0.03529824432169016
30586,39586,Low,Low,0.03317357189000281,0.9283796868572834,0.03844674125271381
19661,28661,High,High,0.9303967175260643,0.02862592074130033,0.04097736173263544
34666,43666,Low,Low,0.03751379208091979,0.9275431412436378,0.0349430666754424
39593,48593,Medium,Medium,0.03239657599327613,0.030881877460144248,0.9367215465465796
18181,27181,High,High,0.9189406860748436,0.03765627124649714,0.043403042678659236
8947,17947,Medium,Medium,0.03480011371441379,0.031493064238503114,0.9337068220470831
25949,34949,Low,Low,0.030359067010945078,0.9388616199511661,0.03077931303788886
36672,45672,High,High,0.9300961248164947,0.029806866640191495,0.04009700854331385
4696,13696,Medium,Medium,0.03390719150443419,0.041468977173469694,0.924623831322096
16281,25281,High,High,0.9380976691778908,0.028689766311228798,0.03321256451088023
23197,32197,Medium,Medium,0.03399403791265038,0.03696163079424004,0.9290443312931096
19225,28225,Medium,Medium,0.028305057649917115,0.027880989094064418,0.9438139532560186
4886,13886,High,High,0.9312943119101718,0.03030442342604167,0.03840126466378663
23321,32321,Medium,Medium,0.045521083589872884,0.08292802723777887,0.8715508891723482
18669,27669,High,High,0.9400857548241518,0.027607143761939696,0.03230710141390864
10844,19844,High,High,0.935768214344256,0.028247524406167623,0.03598426124957633
8926,17926,High,High,0.9412397934843431,0.027733920643263566,0.031026285872393384
2735,11735,High,High,0.9320448064765571,0.033141354349567234,0.03481383917387564
34209,43209,Medium,Medium,0.0323025826842936,0.033041144382306924,0.9346562729333995
25084,34084,Medium,Medium,0.030987941452514493,0.030390441104950094,0.9386216174425354
3226,12226,High,High,0.9324148913995073,0.03351698390818969,0.03406812469230285
5491,14491,Medium,Medium,0.03785772659833141,0.034300862223701496,0.9278414111779671
18724,27724,Low,Low,0.0363448063069765,0.9310814330952278,0.03257376059779565
24610,33610,Medium,Medium,0.03135279293367444,0.03011533214380817,0.9385318749225173
13766,22766,High,High,0.920291567552214,0.0369379683007224,0.04277046414706364
37175,46175,Medium,Medium,0.03359316018885124,0.03029314490602324,0.9361136949051255
24873,33873,High,High,0.9324486091310074,0.03264481394007878,0.03490657692891389
7019,16019,Low,Low,0.033704403260336295,0.9293041366144008,0.03699146012526295
24294,33294,Medium,Low,0.03675295397721645,0.602120346067768,0.3611266999550155
38303,47303,Medium,Medium,0.03332870168654425,0.03005937842429147,0.9366119198891644
3383,12383,High,Medium,0.03316560283284863,0.035396798430906935,0.9314375987362444
17049,26049,High,High,0.9339294662738369,0.03324552664542266,0.03282500708074052
18653,27653,Low,Low,0.039060891658109866,0.9065750015014414,0.054364106840448706
15467,24467,Low,Low,0.027813803160824064,0.9420440660092938,0.030142130829882097
21998,30998,High,High,0.9233538970325615,0.03995865858625115,0.036687444381187276
22768,31768,High,High,0.9352109019548696,0.031000950056582058,0.033788147988548435
35718,44718,High,Low,0.028812646964932923,0.9381241871143979,0.0330631659206693
23635,32635,Low,Low,0.0310342570512559,0.9345568339939531,0.03440890895479092
9807,18807,High,High,0.9207060944422748,0.04138781688277366,0.03790608867495155
36965,45965,Medium,Medium,0.03231050848397008,0.036146060890227455,0.9315434306258025
31719,40719,High,High,0.9105988082979058,0.05283725810102046,0.036563933601073705
14795,23795,Medium,Medium,0.031229255323724225,0.030096154194735592,0.9386745904815402
6484,15484,Medium,Medium,0.031860300482556385,0.030672667022890537,0.937467032494553
31406,40406,Medium,Medium,0.03108192324759497,0.03043082367852216,0.9384872530738829
23398,32398,Medium,Medium,0.03478514986714438,0.03479924960804314,0.9304156005248125
32698,41698,High,High,0.9254444496468963,0.03205495496278265,0.04250059539032099
30568,39568,High,High,0.9303365986226103,0.03333061480935758,0.036332786568031954
7220,16220,Medium,Medium,0.03250531509393561,0.03397330275659058,0.9335213821494738
28076,37076,High,High,0.9383021394471639,0.028606114621145675,0.03309174593169046
13826,22826,Low,Low,0.02775061146019858,0.9369011463171347,0.03534824222266663
27042,36042,High,Medium,0.24290997343912415,0.04048822264865621,0.7166018039122196
10917,19917,Low,Low,0.038294726220953805,0.8405404646463784,0.12116480913266782
3136,12136,High,High,0.9318132890072676,0.03211571869405078,0.03607099229868156
18114,27114,High,High,0.9237615336666858,0.031556392074351215,0.044682074258963034
24164,33164,Low,Low,0.03374613891301445,0.9283833829637768,0.03787047812320887
12572,21572,Medium,Medium,0.04242445002332356,0.04970013029087641,0.9078754196858001
6463,15463,Medium,Medium,0.04089334526363742,0.03288290387117352,0.926223750865189
20438,29438,High,High,0.9338955579891822,0.03192328824535445,0.034181153765463206
21190,30190,Medium,Medium,0.03323420426459791,0.03193030489296987,0.9348354908424321
25174,34174,Medium,Medium,0.032449296033692614,0.031761054019241126,0.9357896499470663
385,9385,High,High,0.9373320199469494,0.0286195712423654,0.034048408810685236
19916,28916,Medium,Medium,0.03453731369022977,0.03438172307320094,0.9310809632365693
25527,34527,Medium,Medium,0.04156276345795682,0.23362163666438587,0.7248155998776573
17564,26564,Low,Low,0.03078417328122195,0.9362953671790208,0.032920459539757294
32654,41654,Medium,Low,0.08470620074183204,0.7170201938257629,0.19827360543240502
33735,42735,Low,Low,0.031939352622702234,0.9076062512596846,0.06045439611761303
18830,27830,Low,Low,0.030736515390672386,0.9352804737878818,0.0339830108214458
25365,34365,Low,Low,0.032373730799527885,0.9353393042600612,0.03228696494041084
492,9492,High,High,0.9391963571242657,0.027695663634090845,0.03310797924164334
39164,48164,Low,Low,0.03419001364096775,0.9337046417428067,0.032105344616225724
18995,27995,Medium,Medium,0.031524875318409924,0.03007845197104404,0.9383966727105459
4522,13522,Low,Low,0.029789245248998505,0.9390346607099352,0.031176094041066183
8868,17868,High,High,0.9330275504946992,0.030197420997786235,0.03677502850751455
26885,35885,Medium,Medium,0.030955414320706236,0.031725937488856375,0.9373186481904373
27437,36437,Medium,Medium,0.03691610617861533,0.039047595356138304,0.9240362984652464
8797,17797,Medium,Medium,0.030302830775737075,0.03078468580272815,0.9389124834215349
26818,35818,Low,Low,0.030324212475300646,0.9356798744627305,0.033995913061968974
3171,12171,Low,Low,0.030123499338966454,0.9366282115280783,0.033248289132955244
27222,36222,Medium,Medium,0.03260111352307594,0.03334861811784262,0.9340502683590813
21239,30239,Low,Low,0.03984649968955801,0.9172093867774939,0.04294411353294808
9386,18386,Medium,Medium,0.0351096065216833,0.04973347428054248,0.9151569191977741
28081,37081,Low,Low,0.040796879723613406,0.9096039604883597,0.049599159788026946
32584,41584,High,High,0.9260395898832517,0.030077778338422487,0.043882631778325805
15076,24076,Medium,Medium,0.030628619584073327,0.03075636657511153,0.9386150138408151
35733,44733,Low,Low,0.030413566620053633,0.9354974040609697,0.03408902931897676
9974,18974,High,High,0.9365606578022581,0.031536019927071446,0.03190332227067061
15364,24364,Medium,Medium,0.032115807651002366,0.031210278275985687,0.9366739140730118
34162,43162,High,High,0.9326633829650333,0.029484856132141735,0.037851760902825
2685,11685,Low,Low,0.028379102046134485,0.9399674194622017,0.03165347849166363
38901,47901,Medium,High,0.9255265427531548,0.032484372752919655,0.04198908449392547
28766,37766,High,High,0.9302177607478131,0.03204166588041874,0.037740573371768095
39237,48237,Medium,Medium,0.03338573537761855,0.035652427367404926,0.9309618372549765
32566,41566,High,High,0.925890328661953,0.033198171117250215,0.04091150022079681
8631,17631,Low,Low,0.043531604247712845,0.9231576684068082,0.03331072734547897
3673,12673,Medium,Medium,0.03806676662193804,0.0330675086111486,0.9288657247669135
39065,48065,High,High,0.9118930668128081,0.04170214190855687,0.04640479127863504
22391,31391,Medium,Medium,0.03173985727386614,0.03127054558793066,0.9369895971382031
35339,44339,Medium,Medium,0.04633466421109727,0.1460879000660242,0.8075774357228784
36141,45141,High,High,0.9268229260234692,0.03297865828954174,0.040198415686989016
22674,31674,Medium,Medium,0.03239441019138478,0.03193556394853317,0.9356700258600821
36337,45337,Medium,Medium,0.03285362673461187,0.0335693808670791,0.9335769923983089
12451,21451,High,High,0.9328991152244882,0.03052453062469415,0.036576354150817565
17650,26650,Medium,Medium,0.03301382482184619,0.03851985029119184,0.928466324886962
2363,11363,Medium,Medium,0.0319673439560814,0.03140591295868522,0.9366267430852334
24729,33729,High,High,0.939887079571586,0.029045177160120988,0.03106774326829299
29678,38678,Medium,Medium,0.031671773545526964,0.031471140003375496,0.9368570864510977
33595,42595,Low,Low,0.04295968436079184,0.6954827770919086,0.2615575385472995
27668,36668,Medium,Medium,0.03484340244718926,0.03309909086256802,0.9320575066902427
38,9038,Medium,Medium,0.04313664641863086,0.04489975707946147,0.9119635965019076
8730,17730,High,High,0.9359132651079242,0.03112619392298276,0.03296054096909307
15677,24677,Medium,Medium,0.03502250400423773,0.03227198977383264,0.9327055062219296
33734,42734,Medium,Medium,0.03135408316892458,0.03142487987877425,0.9372210369523012
39001,48001,Low,Low,0.0295736166575649,0.9380850938622801,0.03234128948015493
25577,34577,Medium,High,0.9423851643427167,0.027381022033092988,0.03023381362419032
1396,10396,Medium,Medium,0.028577995032497003,0.027845712031135967,0.943576292936367
10776,19776,High,High,0.9393822943849631,0.02785179818776314,0.03276590742727376
27258,36258,High,Medium,0.03211831974069528,0.03182771791145791,0.9360539623478469
28368,37368,High,High,0.9364834678681709,0.031090507692632708,0.03242602443919638
33183,42183,Medium,Medium,0.034867976992726764,0.03421281615241459,0.9309192068548585
26649,35649,High,High,0.932838963006101,0.03148172470151635,0.03567931229238255
14160,23160,Medium,Medium,0.032434363204457195,0.031654861073256664,0.9359107757222862
23103,32103,Medium,Medium,0.03411445435984582,0.03521098948507505,0.9306745561550791
21706,30706,High,High,0.9396239525310749,0.02814393971146127,0.03223210775746398
33271,42271,Medium,Medium,0.03142222437048888,0.03282353629987663,0.9357542393296345
11411,20411,High,High,0.9287262678095,0.03357414908415785,0.03769958310634217
24499,33499,Medium,Medium,0.04807326527002586,0.04680531667424134,0.9051214180557329
22636,31636,Low,Low,0.032677090625770636,0.9367049245816798,0.030617984792549676
13519,22519,High,High,0.9374840486521681,0.029822199938064536,0.03269375140976732
31549,40549,Medium,Medium,0.032052598646267756,0.030457178082821054,0.9374902232709111
979,9979,Medium,Medium,0.033946524009488034,0.03174210333242125,0.9343113726580907
6248,15248,Low,Low,0.03581150452812365,0.9233703964214253,0.040818099050451175
21610,30610,Medium,Medium,0.03398853219917674,0.03272392671836008,0.9332875410824631
2444,11444,Medium,Medium,0.03291516041795848,0.03342792764383743,0.9336569119382041
497,9497,Low,Low,0.03640256185937515,0.8985148726984634,0.0650825654421615
33963,42963,High,High,0.933088110423515,0.02833514926025737,0.038576740316227626
7060,16060,Medium,Medium,0.031294474122887626,0.033414232313378846,0.9352912935637333
14680,23680,Medium,Medium,0.0357492255205257,0.034509813426487755,0.9297409610529866
11393,20393,Medium,Medium,0.037008905088497246,0.03739861186996598,0.9255924830415369
11354,20354,Medium,Medium,0.03309197286787335,0.035499752121963164,0.9314082750101637
23160,32160,High,High,0.9355040501472555,0.03154769309892528,0.03294825675381933
19497,28497,Medium,Medium,0.0316971777482959,0.029978758424623067,0.938324063827081
17416,26416,Medium,Medium,0.033053699159445615,0.03164110712648592,0.9353051937140684
20028,29028,High,High,0.9284313289076614,0.0354865472679639,0.03608212382437461
18271,27271,Medium,Medium,0.03196490570004347,0.0324075798116936,0.9356275144882629
25370,34370,Medium,Medium,0.0317570427800204,0.03630002006276948,0.9319429371572102
10582,19582,Medium,Medium,0.03215036548776765,0.0306711749595055,0.9371784595527267
31575,40575,Medium,Medium,0.03112149088757932,0.031393388254474255,0.9374851208579464
35518,44518,High,High,0.9358018903444695,0.029564836212118962,0.03463327344341153
35954,44954,Medium,Medium,0.041391557897312754,0.1686299193360402,0.789978522766647
31004,40004,High,High,0.9261017135776596,0.031651354617391554,0.04224693180494888
4407,13407,Low,Low,0.031298657892367736,0.8400802349385414,0.12862110716909086
33730,42730,Medium,Medium,0.03222271059386899,0.032538607511666685,0.9352386818944644
32665,41665,Medium,Medium,0.059161346259078484,0.042877405045228655,0.8979612486956929
29831,38831,Medium,Medium,0.030479474293238547,0.029976949754597113,0.9395435759521643
10229,19229,Low,Low,0.03010717303700899,0.9320970103699864,0.03779581659300475
19653,28653,Medium,Medium,0.03162593867087319,0.03066946149001489,0.9377045998391119
15323,24323,Low,Low,0.0499114417085167,0.6532074355692887,0.2968811227221945
16902,25902,Low,Low,0.027834997982950815,0.9399089858922932,0.03225601612475592
3046,12046,Medium,Medium,0.030879091656671492,0.02994447238421645,0.9391764359591122
2177,11177,Low,Low,0.028465565589297834,0.934565619650377,0.03696881476032521
9211,18211,Low,Low,0.03184255205670585,0.935627327038539,0.03253012090475536
9351,18351,Low,Low,0.03611341103029579,0.6629410395993175,0.3009455493703867
34861,43861,High,Medium,0.03317842432029028,0.03103066545867397,0.9357909102210358
27380,36380,Low,Low,0.03587042037699207,0.9289462125684947,0.035183367054513165
19327,28327,Medium,Medium,0.03465715699848592,0.03332676567788123,0.9320160773236328
31586,40586,Medium,Medium,0.036133106387833396,0.03424073486009824,0.9296261587520683
28292,37292,High,High,0.9357993535827555,0.029413184143157384,0.03478746227408703
162,9162,Medium,Medium,0.03255585822072346,0.03165766491955573,0.9357864768597208
6337,15337,Medium,Medium,0.03244626492656719,0.031885061815017636,0.9356686732584153
23987,32987,Medium,Medium,0.029154252415212828,0.05886556687695293,0.9119801807078343
25446,34446,Low,Low,0.02964727751113334,0.93416771076112,0.03618501172774665
5173,14173,High,Medium,0.0343629224762682,0.03250321132219983,0.933133866201532
36019,45019,Medium,Medium,0.033505453057714595,0.03375369481255288,0.9327408521297326
13010,22010,Medium,Low,0.03037456539226636,0.8728692170824228,0.09675621752531084
3928,12928,Low,Low,0.028638117228991306,0.9125284344903619,0.05883344828064674
18892,27892,Medium,Medium,0.03236567940250528,0.03061197020178637,0.9370223503957082
12496,21496,High,High,0.9331624079985265,0.031006715896752923,0.03583087610472053
120,9120,High,High,0.9327412249276911,0.03147402412927828,0.03578475094303062
20744,29744,Medium,Medium,0.029343296432829357,0.03299788089814104,0.9376588226690296
33368,42368,Low,Low,0.03546568335216102,0.9273456776355998,0.037188639012239205
8245,17245,Medium,Medium,0.04165360522444109,0.033554001667898604,0.9247923931076604
15554,24554,High,High,0.9389666050331256,0.027837984084798244,0.033195410882076094
11584,20584,Medium,Medium,0.03207341193534603,0.03157553971294686,0.9363510483517071
12771,21771,Medium,Medium,0.03218085875983601,0.0320551625506866,0.9357639786894775
34682,43682,Medium,Medium,0.031934155018665776,0.03271260660359792,0.9353532383777363
6965,15965,Medium,Medium,0.03197534659879429,0.03124355634833412,0.9367810970528717
26218,35218,Medium,Medium,0.0330934290791108,0.033506307640751805,0.9334002632801374
36166,45166,Low,Low,0.031107751615603207,0.9311788305431178,0.03771341784127905
27298,36298,Low,Low,0.03913321190193531,0.926716249679515,0.03415053841854945
30011,39011,Medium,Medium,0.043310282765155673,0.03542584096260073,0.9212638762722435
1527,10527,High,High,0.9222732658176436,0.030921252967430295,0.04680548121492619
21408,30408,Medium,Medium,0.031881331222036915,0.03069317550762546,0.9374254932703376
34454,43454,Low,Low,0.028881626088621593,0.9385549784875065,0.03256339542387198
26505,35505,High,High,0.9378968372930693,0.029130237006685378,0.032972925700245424
1071,10071,Medium,Medium,0.036005934452191864,0.03422382987322961,0.9297702356745785
23769,32769,Medium,Medium,0.032028020140190024,0.03300624066493108,0.934965739194879
1605,10605,Medium,Medium,0.032938324093737974,0.03507709415557989,0.9319845817506821
15440,24440,Medium,Medium,0.03334587966851759,0.03359667972815333,0.9330574406033291
25352,34352,Medium,Medium,0.03132156778672301,0.030908651950514173,0.9377697802627628
15240,24240,Medium,Medium,0.035935514302658046,0.0334802164047401,0.9305842692926017
28478,37478,Medium,Medium,0.03303140161996509,0.02959234480792404,0.937376253572111
14647,23647,Medium,Medium,0.03277442708782122,0.03218702950056005,0.9350385434116187
13532,22532,Medium,Medium,0.0324084414859325,0.03096136916335818,0.9366301893507094
12069,21069,Medium,Medium,0.03291910269225621,0.03277976023280122,0.9343011370749426
29305,38305,Low,Low,0.034154031460230404,0.9244431694557781,0.04140279908399145
29453,38453,High,High,0.9351613827874562,0.029821881583969242,0.03501673562857465
33616,42616,Medium,Medium,0.032278900920655655,0.032088281578716314,0.935632817500628
23111,32111,Medium,Medium,0.0315575442784751,0.02890361132513239,0.9395388443963925
7642,16642,High,High,0.9270134224728456,0.0372515218810878,0.03573505564606667
33151,42151,Medium,Medium,0.03157049895830882,0.03153766059590842,0.9368918404457828
28818,37818,Medium,Medium,0.032953063985514425,0.03331277005069918,0.9337341659637864
2065,11065,Low,Low,0.03200462043966619,0.9327367420687649,0.03525863749156888
29300,38300,Low,Low,0.03195067589659168,0.9340869760074586,0.033962348095949786
29282,38282,Medium,Medium,0.03298038454755555,0.031985634220259664,0.9350339812321847
31187,40187,High,High,0.9319776566243186,0.031616547360449214,0.03640579601523211
30573,39573,Medium,Medium,0.03338621963245536,0.03612230357203772,0.9304914767955069
19518,28518,Medium,Medium,0.03478059296851477,0.033688008120086405,0.931531398911399
6384,15384,Low,Low,0.030062528441269793,0.9374888448377221,0.03244862672100801
16164,25164,High,Low,0.03147635631421739,0.9331121732779145,0.03541147040786804
21884,30884,Medium,Medium,0.034632862089840316,0.03315774175016265,0.932209396159997
39759,48759,Medium,Medium,0.036052908474747986,0.03650850755583231,0.9274385839694198
22311,31311,High,High,0.9341597362017006,0.03202264043197199,0.03381762336632749
39503,48503,High,Medium,0.05887561352762553,0.030869709675269492,0.910254676797105
12276,21276,Medium,Medium,0.033329402028335176,0.03221875807001163,0.9344518399016531
125,9125,Medium,Medium,0.03269734015599079,0.032227575653237035,0.9350750841907723
24742,33742,Low,Low,0.031446208287773385,0.9337389695696675,0.0348148221425592
34806,43806,Low,High,0.9333795317439922,0.032978214322384514,0.033642253933623266
24334,33334,High,Medium,0.03279142468559976,0.03153146393749767,0.9356771113769026
37172,46172,Medium,Medium,0.032460755606872664,0.03159025998612216,0.9359489844070054
38026,47026,Low,Low,0.030011489344098422,0.9215521604611611,0.04843635019474037
23585,32585,Low,Low,0.0295457120900543,0.9393990767798148,0.03105521113013088
23445,32445,Low,Low,0.03926935188443555,0.9170349716214629,0.0436956764941016
31108,40108,High,High,0.9383822368054826,0.030251683530473233,0.03136607966404403
5584,14584,Low,Low,0.04715397653930358,0.8966237487429664,0.05622227471773006
35593,44593,High,High,0.9283068569600572,0.03261084707141005,0.03908229596853272
27609,36609,High,High,0.8829188150974986,0.028712720515225984,0.08836846438727537
20870,29870,High,Medium,0.033087595046606126,0.03195703548345916,0.9349553694699347
6733,15733,Low,Low,0.029351018097842962,0.9398365347388227,0.03081244716333433
31267,40267,High,High,0.9398949248072413,0.02863297138372738,0.03147210380903127
11043,20043,Low,Low,0.030695825586271305,0.9338254016941878,0.035478772719540794
6377,15377,High,High,0.9331820232304465,0.029045568217111448,0.03777240855244191
35409,44409,Medium,Medium,0.03277095005591452,0.032819670958344906,0.9344093789857405
3001,12001,Low,Low,0.030471391273248456,0.9330455926290919,0.03648301609765963
20314,29314,High,High,0.9207619055340234,0.03388173444285499,0.04535636002312165
22672,31672,Medium,Medium,0.047495967258143736,0.05934306844252002,0.8931609642993362
16992,25992,Low,Low,0.038432664195065545,0.7532794056641366,0.20828793014079783
22293,31293,High,High,0.9381851018891109,0.02846775286452986,0.03334714524635935
20303,29303,High,High,0.9218701266384345,0.04687358809719345,0.03125628526437219
1345,10345,Low,Low,0.028573203858870716,0.9343966754947112,0.03703012064641822
26510,35510,Medium,Medium,0.05667635202324469,0.05564924502981681,0.8876744029469386
30543,39543,Low,Low,0.028445532865449888,0.9407195317801128,0.030834935354437362
21197,30197,Medium,Medium,0.03927813244102391,0.03562059366298195,0.9251012738959942
18891,27891,High,High,0.9300455663021706,0.03520884835387974,0.0347455853439497
1129,10129,Low,Low,0.03084780321134348,0.9364664206495531,0.032685776139103444
35579,44579,Medium,Medium,0.031207139653050848,0.03195248093762721,0.9368403794093219
34859,43859,Medium,Medium,0.03136070991543924,0.030692057340288733,0.937947232744272
10026,19026,Low,Low,0.029973579886697937,0.9213045532819503,0.04872186683135182
8891,17891,Low,Low,0.029805285677385527,0.9365518825953942,0.033642831727220185
2705,11705,Medium,Medium,0.0415322620306729,0.03600162185132661,0.9224661161180006
10554,19554,High,High,0.9196931181504601,0.044154967495249435,0.03615191435429046
2464,11464,High,High,0.9286786815267277,0.031999917492971076,0.039321400980301124
25802,34802,Medium,Medium,0.033279092506742665,0.03216234314550193,0.9345585643477553
25125,34125,Medium,Medium,0.032491388465324185,0.03146636134424093,0.9360422501904347
1380,10380,High,High,0.9376416892036269,0.03062624688647035,0.031732063909902665
19615,28615,Low,Low,0.030865977200504963,0.9272675593316215,0.04186646346787346
14347,23347,High,High,0.9371713125190947,0.0284451364423537,0.034383551038551737
1112,10112,Medium,Medium,0.036052281032980034,0.035882431167041644,0.9280652877999783
30158,39158,Medium,Medium,0.03469813648548148,0.06650762049545951,0.8987942430190589
6798,15798,Low,High,0.9353196544412676,0.03208851399111851,0.03259183156761383
30341,39341,Medium,Medium,0.03556658047779367,0.029867398593256617,0.9345660209289498
33942,42942,Low,Low,0.02948445521786382,0.9378760802831808,0.03263946449895519
26299,35299,High,High,0.940050677488755,0.028294623064929355,0.03165469944631568
6454,15454,High,High,0.9300021231149428,0.034496233612965894,0.0355016432720913
21753,30753,Medium,Medium,0.0474469008917486,0.04160147440753534,0.910951624700716
29708,38708,Low,Low,0.03210546858351294,0.9346721065002375,0.03322242491624957
2524,11524,Low,Medium,0.03341583847399543,0.03339304664069089,0.9331911148853137
22297,31297,High,High,0.935258402849653,0.031276881583465456,0.033464715566881575
11292,20292,Low,Low,0.030909198317343328,0.9372414870301172,0.03184931465253945
28136,37136,Low,Medium,0.037885417502196005,0.039994126305569054,0.9221204561922348
9474,18474,Medium,Medium,0.03498035193170564,0.03489241117930832,0.930127236888986
1496,10496,Medium,Medium,0.032053343258137974,0.030342810393282117,0.9376038463485799
20065,29065,Low,Low,0.045201515014148624,0.9181730907769587,0.036625394208892596
20600,29600,Low,Low,0.032639652645539405,0.9269292480846328,0.040431099269827714
31102,40102,High,High,0.9279918070583575,0.03732265985482721,0.03468553308681535
14369,23369,Medium,Medium,0.0324939775314723,0.030827510962923372,0.9366785115056043
732,9732,High,High,0.9341124242656681,0.034049934879438686,0.031837640854893316
16491,25491,High,High,0.9386843057336152,0.02909055589026768,0.032225138376117124
26612,35612,High,High,0.9048871272024904,0.04954619433179019,0.045566678465719435
28394,37394,Medium,Medium,0.030495885887115718,0.029919499468368676,0.9395846146445157
12371,21371,Medium,Medium,0.030202426510514597,0.030950674002266105,0.9388468994872193
13047,22047,High,Medium,0.034112534693987354,0.03464819815315166,0.931239267152861
38133,47133,Low,Low,0.03981386308726146,0.9207062767274433,0.03947986018529528
33355,42355,Medium,Medium,0.03545500054013167,0.03176047955758849,0.9327845199022798
11990,20990,High,High,0.9390056835819766,0.02907659489843405,0.031917721519589375
35421,44421,Medium,Medium,0.03458065398973193,0.030282202537154898,0.9351371434731132
2698,11698,High,High,0.9371965443364738,0.03014598198977514,0.03265747367375096
17792,26792,High,High,0.9318119337425702,0.03410785565795785,0.034080210599471965
5612,14612,High,High,0.9312277612399424,0.03487631022062135,0.033895928539436126
16213,25213,Medium,Medium,0.033401499466068206,0.031847879528291594,0.9347506210056401
3703,12703,Medium,Medium,0.03342111268340275,0.03245807838689398,0.9341208089297032
20239,29239,Medium,Medium,0.03685926807336906,0.03993094147653472,0.9232097904500963
37599,46599,High,High,0.9391035437381346,0.028640414794935332,0.03225604146692996
15,9015,High,High,0.9369367673325909,0.030051497730186505,0.033011734937222564
10622,19622,Medium,Medium,0.03408606078306551,0.032005384778720475,0.9339085544382139
13772,22772,Medium,Medium,0.03299339613945387,0.03227884019621622,0.93472776366433
24390,33390,High,High,0.7972314141233227,0.06492113418674793,0.13784745168992948
36216,45216,Medium,Medium,0.03227400471552822,0.03352150806526787,0.9342044872192039
23513,32513,High,High,0.9308855817081051,0.036376611577972714,0.032737806713922075
27920,36920,Medium,Medium,0.15003514384828043,0.052966765981116416,0.7969980901706032
35234,44234,Low,Low,0.028679065127553555,0.9375746130993757,0.03374632177307083
19677,28677,High,Medium,0.03391271022366958,0.03315389055921831,0.932933399217112
6161,15161,Low,Low,0.028321275439071123,0.940508300561052,0.031170423999876812
25769,34769,High,High,0.894362811071729,0.06230492492701275,0.043332264001258204
26281,35281,Medium,Low,0.0555300042136847,0.7500298775880925,0.19444011819822274
22213,31213,Medium,Medium,0.03321888027236644,0.029527356371080043,0.9372537633565535
17093,26093,High,High,0.9293507591733915,0.03610654302818327,0.03454269779842526
30033,39033,Low,Low,0.03816422236003809,0.9055817662640026,0.056254011375959416
30916,39916,Low,Low,0.03146604265801243,0.9325688055306508,0.03596515181133675
17250,26250,Medium,Medium,0.03513490961263218,0.0373213083030356,0.9275437820843321
23290,32290,High,High,0.9316726732766489,0.03292876395402908,0.035398562769322066
14690,23690,High,High,0.9359581045114114,0.030153305499401848,0.03388858998918665
31559,40559,Low,Low,0.031879349685872437,0.9165110243854523,0.05160962592867526
35342,44342,Low,Low,0.03155782997771921,0.9366229350068657,0.03181923501541506
33488,42488,Medium,Medium,0.0343303630970839,0.03296991330763983,0.9326997235952762
798,9798,High,High,0.9368922302912237,0.029034077837985697,0.03407369187079059
30506,39506,Medium,Medium,0.03243999367220016,0.031055227745344204,0.9365047785824556
22307,31307,Low,Low,0.03270662111757012,0.9318353844267495,0.03545799445568039
714,9714,Medium,High,0.9373659050438121,0.027834063329484987,0.03480003162670279
527,9527,High,High,0.9262906367497864,0.04184528744496887,0.03186407580524469
34718,43718,Low,Low,0.034939035104938766,0.6292085101354489,0.3358524547596124
11509,20509,Medium,Medium,0.035044016646016425,0.031655412330951906,0.9333005710230317
32760,41760,High,High,0.9374631210338439,0.02987677246601853,0.03266010650013765
16197,25197,High,Low,0.030227729048065036,0.9376150637047619,0.032157207247173185
14121,23121,Low,Medium,0.03214859410875169,0.031078211561305965,0.9367731943299423
35759,44759,Medium,Medium,0.030038748141512844,0.02946570287482671,0.9404955489836603
9635,18635,Medium,Medium,0.03246587235065366,0.03083668931639923,0.936697438332947
15750,24750,High,High,0.9272832643166193,0.0374168760868862,0.035299859596494336
119,9119,Medium,Medium,0.03121344132147566,0.03062217481920133,0.938164383859323
23262,32262,Medium,Medium,0.03165796846968313,0.03155844162963777,0.936783589900679
27288,36288,Medium,Medium,0.0320632103311606,0.03159441114786157,0.9363423785209778
24239,33239,Low,Low,0.030349815797750285,0.9370432831290936,0.03260690107315605
28375,37375,High,Low,0.039764695523695846,0.9275645288881876,0.032670775588116624
7754,16754,Medium,Medium,0.03790735663659891,0.03901326124768462,0.9230793821157164
23817,32817,Medium,Medium,0.029665590738297856,0.04802321856093177,0.9223111907007704
32471,41471,Medium,Medium,0.03933431175413862,0.04387499008068099,0.9167906981651804
19487,28487,Low,Low,0.043491437450823955,0.9022412341008664,0.054267328448309594
18123,27123,Low,Medium,0.03197397218216491,0.030671988878485257,0.9373540389393499
37887,46887,High,High,0.91856480309397,0.03526239164727527,0.04617280525875464
12018,21018,Medium,Medium,0.03538997973139377,0.03168194705688179,0.9329280732117243
7443,16443,Medium,Medium,0.07452509879653176,0.03689040715985457,0.8885844940436137
9452,18452,High,High,0.8802761883922242,0.07691039961323375,0.04281341199454214
16991,25991,Medium,Medium,0.03161083448217841,0.030170625284211078,0.9382185402336104
2062,11062,Medium,Medium,0.03291230823484015,0.03095562875043417,0.9361320630147256
11552,20552,Medium,Low,0.02778042176260556,0.9419525507851384,0.030267027452256106
16402,25402,Low,Low,0.030496527406525656,0.9319541001719188,0.0375493724215555
7573,16573,Low,Low,0.04016343424374888,0.9118042030404153,0.04803236271583563
14395,23395,Medium,Medium,0.032562878290281684,0.03222658112554691,0.9352105405841714
6802,15802,Medium,Medium,0.031819905986677284,0.03235107110011642,0.9358290229132061
15351,24351,Medium,Medium,0.031597680699905206,0.031527305143061714,0.9368750141570331
21152,30152,Low,Low,0.03709404692259965,0.9281096482549552,0.034796304822445105
15134,24134,Medium,Medium,0.03290267547881407,0.03056051375560589,0.9365368107655799
4645,13645,High,High,0.934108537401571,0.030306996129169334,0.035584466469259744
28178,37178,Low,High,0.9072633547580242,0.03062188647302763,0.062114758768948175
28675,37675,Medium,Medium,0.03296000240597726,0.03174838181678519,0.9352916157772375
3331,12331,Low,Low,0.03238072837736106,0.9355737536233198,0.03204551799931912
30731,39731,Medium,Medium,0.036909564338004915,0.03262272021371124,0.9304677154482839
30854,39854,High,High,0.9338164996533328,0.03138905742448998,0.03479444292217712
9481,18481,Medium,Medium,0.032049677204558695,0.03368477039606176,0.9342655523993795
28924,37924,High,High,0.9381427760404076,0.030912049861374292,0.030945174098218006
29158,38158,Medium,Medium,0.032013065316154256,0.031004451087881902,0.9369824835959638
33774,42774,High,High,0.9377550265706552,0.029510985820625373,0.03273398760871927
28833,37833,High,High,0.9340049337968388,0.029530832416740673,0.03646423378642053
9658,18658,Low,High,0.9203342537958248,0.03293707512050984,0.04672867108366544
7241,16241,High,High,0.9182254927684084,0.03211774127396493,0.049656765957626754
5203,14203,Medium,Medium,0.035479693451316865,0.03802103280181152,0.9264992737468717
23055,32055,Medium,Medium,0.03336878900673496,0.035077683040519246,0.9315535279527459
23423,32423,Medium,Medium,0.033863637266183536,0.032775232388213116,0.9333611303456033
20752,29752,Medium,Medium,0.03160771343827451,0.03333837042129891,0.9350539161404265
5762,14762,Medium,Medium,0.03488853568824057,0.032793652588930494,0.9323178117228289
4567,13567,Low,High,0.9347012434616051,0.03110005989155999,0.034198696646834864
21069,30069,High,High,0.9374621435445828,0.030064402767835747,0.03247345368758161
16556,25556,Low,Low,0.03449159569448253,0.8639975662768231,0.10151083802869437
7362,16362,Medium,Medium,0.033440209073412074,0.3425809325312527,0.6239788583953353
27781,36781,Medium,Medium,0.032879350040510895,0.03572864882548044,0.9313920011340087
38809,47809,Medium,Medium,0.034192961055131775,0.03434726824839824,0.93145977069647
22204,31204,Medium,Medium,0.38949499098553203,0.05264812390133938,0.5578568851131286
16044,25044,Medium,Medium,0.037728975226100823,0.03300417538092535,0.9292668493929739
14515,23515,High,High,0.9276878727734102,0.03510753003207881,0.03720459719451088
21146,30146,Medium,Medium,0.0302061828698795,0.030478592505790176,0.9393152246243304
36275,45275,Low,Low,0.031916307196886685,0.9295715235376818,0.03851216926543144
36764,45764,Medium,Medium,0.036220813072554064,0.032901936596494846,0.9308772503309511
25551,34551,High,High,0.9335999031788736,0.032886645741687676,0.033513451079438504
4847,13847,Medium,Medium,0.0342978562990271,0.03173502646067732,0.9339671172402957
31927,40927,High,High,0.9355690390746187,0.029983694766345704,0.03444726615903556
29505,38505,Medium,Medium,0.048141459947759,0.033164935501662295,0.9186936045505787
15717,24717,Medium,Medium,0.03304384673700253,0.031432894522454985,0.9355232587405425
36021,45021,Medium,Medium,0.0310140261410457,0.028994454743271347,0.939991519115683
2260,11260,Low,Low,0.03205020891847746,0.927775134821108,0.04017465626041459
6992,15992,Low,Low,0.029972843241283565,0.9266960082545869,0.043331148504129675
8862,17862,Low,Low,0.036258191838211405,0.9265963972608118,0.0371454109009769
11717,20717,Medium,Medium,0.027531864739341275,0.03397581486014912,0.9384923204005097
25201,34201,Medium,Medium,0.03959522489152146,0.03244031385823808,0.9279644612502405
3073,12073,Low,Low,0.04735716490895605,0.9216933593336144,0.030949475757429467
11245,20245,Medium,Medium,0.032308576177186826,0.032691713878572816,0.9349997099442403
30348,39348,Low,Low,0.03161973474674782,0.934021166690154,0.03435909856309834
9881,18881,Medium,Medium,0.031887032939479344,0.030084367724115463,0.9380285993364054
18196,27196,Medium,Medium,0.03383579659626515,0.03136183059125097,0.9348023728124839
28613,37613,Medium,Medium,0.03430136373483388,0.038252513708541575,0.9274461225566246
39915,48915,High,High,0.9289847315287886,0.03301848939456708,0.03799677907664432
25341,34341,Medium,Medium,0.034579790198038474,0.031288953425103634,0.9341312563768579
25999,34999,Medium,Medium,0.039678146357874276,0.03593423420232115,0.9243876194398046
18785,27785,Medium,Low,0.047423869490612586,0.5988224702888996,0.3537536602204878
33575,42575,Medium,Low,0.030132966379982206,0.922968837532951,0.046898196087066794
10692,19692,Medium,Medium,0.03844552164929014,0.03681511575566814,0.9247393625950417
36127,45127,Low,Low,0.04510806559861061,0.9232440704893287,0.03164786391206067
20227,29227,Medium,Medium,0.032515897944620294,0.031674019869151755,0.935810082186228
7556,16556,High,High,0.9219104487474997,0.03505911588322327,0.043030435369276844
38038,47038,Low,Low,0.03251833380750385,0.9291387482726435,0.038342917919852726
24681,33681,Low,Low,0.040502128968266896,0.9155934722220658,0.04390439880966737
11231,20231,Low,Low,0.03440218120959119,0.9264513602826451,0.03914645850776375
32261,41261,Low,Low,0.038028669415070465,0.9062450433725692,0.05572628721236039
10255,19255,Medium,Medium,0.03106113163399367,0.03054237301582873,0.9383964953501777
19704,28704,High,Medium,0.03298383122530931,0.031978474836204036,0.9350376939384867
17905,26905,Low,Low,0.03264762343700365,0.8334300697274939,0.13392230683550244
39177,48177,Low,Low,0.03177285043072859,0.9360843225591617,0.032142827010109794
3562,12562,Medium,Medium,0.03911471020676686,0.03675973429149403,0.924125555501739
28761,37761,Medium,Medium,0.03157646801175989,0.030191162480363753,0.9382323695078764
12519,21519,Medium,Medium,0.033836349687591756,0.032688878442543264,0.9334747718698649
4421,13421,Medium,Medium,0.03109146013038347,0.033731014390959414,0.9351775254786571
89,9089,Medium,Medium,0.03268716847275863,0.030910407360610664,0.9364024241666308
15974,24974,Low,Low,0.03389180713547045,0.9262177126124094,0.039890480252120136
33219,42219,Medium,Medium,0.03337078617834247,0.032040061841780536,0.9345891519798769
30088,39088,Medium,Medium,0.03312695442407804,0.031613343977554276,0.9352597015983677
36200,45200,Medium,Medium,0.03414559762187388,0.03354638012631215,0.932308022251814
19731,28731,Medium,Medium,0.02903852044615508,0.04190645074722482,0.9290550288066202
9500,18500,High,High,0.9374036618668447,0.028679020929217185,0.033917317203938084
15468,24468,Low,Low,0.027897494762748637,0.942255535099027,0.02984697013822447
34975,43975,High,High,0.927573958450396,0.036284394270189806,0.03614164727941422
19373,28373,High,High,0.9365706061816379,0.030157619881056863,0.033271773937305314
25171,34171,Low,Low,0.033059727786445205,0.9321208233790313,0.034819448834523495
37078,46078,Low,High,0.9386198803547146,0.030942660202757724,0.03043745944252767
17525,26525,High,High,0.9345788751454936,0.031176216073886653,0.03424490878061973
7544,16544,Low,Low,0.03349211568103988,0.9322166073694734,0.03429127694948662
3566,12566,Low,Low,0.031316488719251655,0.9276926400824418,0.04099087119830655
5844,14844,Medium,Medium,0.030741333607873,0.030214534523089313,0.9390441318690378
16903,25903,Low,Low,0.03214228758232542,0.9363124512298618,0.031545261187812666
16800,25800,Low,Low,0.03169629835455077,0.9311399692193834,0.03716373242606596
1474,10474,Low,Medium,0.04146390539971786,0.4433746657309349,0.5151614288693472
3675,12675,Low,Low,0.04655228046850243,0.9197964392391058,0.03365128029239178
10065,19065,Medium,Medium,0.032164901890565804,0.03248295327447356,0.9353521448349605
3672,12672,Medium,Low,0.02911662836254857,0.8909716289461206,0.07991174269133083
29731,38731,Medium,Medium,0.03251433394721662,0.030568133454212124,0.9369175325985712
25659,34659,High,Medium,0.034616558048879066,0.03366325639421857,0.9317201855569023
14149,23149,Medium,Medium,0.032998567747722383,0.03230101958097773,0.9347004126713
35243,44243,Medium,Medium,0.028149879193779034,0.029119832332844552,0.9427302884733765
20926,29926,Medium,Medium,0.032440108507748394,0.031010885773265457,0.9365490057189861
23850,32850,High,High,0.9346474896365766,0.0314803357534451,0.03387217460997836
38056,47056,Medium,Medium,0.03545937863711193,0.03203764559110497,0.9325029757717832
22969,31969,High,High,0.9366689326267595,0.030447845500030404,0.03288322187321001
28287,37287,Medium,High,0.9387769888305685,0.02808079862311716,0.03314221254631431
33988,42988,Medium,Medium,0.030212031669002378,0.03202713132091931,0.9377608370100784
19376,28376,High,High,0.941737597774571,0.02791208714173732,0.0303503150836917
22263,31263,High,High,0.9344437820012556,0.028249901103699914,0.03730631689504453
27278,36278,Medium,Medium,0.0418445190849292,0.03212986575248891,0.926025615162582
36310,45310,Medium,Medium,0.03305459475811157,0.03315799547621089,0.9337874097656775
17691,26691,Low,Low,0.04928623531787777,0.9070803164021126,0.04363344828000959
37578,46578,Low,Low,0.029876212382216227,0.93853401931439,0.031589768303393856
4559,13559,Low,Low,0.039618006959722035,0.8985749700935989,0.06180702294667894
32487,41487,Medium,Medium,0.030955266504153662,0.030110198088793904,0.9389345354070525
20911,29911,Medium,Medium,0.032130702544146426,0.030892016761398928,0.9369772806944546
25478,34478,Medium,Medium,0.03817155380745352,0.03970909210520309,0.9221193540873435
25738,34738,Medium,Medium,0.03647242214064081,0.032590287140753134,0.9309372907186061
39362,48362,Medium,Medium,0.03259744131761629,0.033364907057048525,0.9340376516253351
10307,19307,High,High,0.937382631928145,0.028948251497330296,0.033669116574524656
35671,44671,Medium,Medium,0.03229467376463582,0.032222861140967486,0.9354824650943968
30672,39672,Medium,Medium,0.030025616277116186,0.029195954026215398,0.9407784296966684
14939,23939,Medium,Medium,0.03451912542180441,0.03430346508811991,0.9311774094900757
4244,13244,Medium,Medium,0.03587553788668585,0.032671640810766824,0.9314528213025474
21272,30272,Medium,Medium,0.03364060418132017,0.03313908253451133,0.9332203132841684
29096,38096,Medium,Medium,0.030217136343827056,0.030225183146669315,0.9395576805095037
1320,10320,Low,Medium,0.032981065122861086,0.1867491278538296,0.7802698070233093
5607,14607,Medium,Medium,0.03758173359213513,0.04128261641895611,0.9211356499889088
13344,22344,High,High,0.932197309537036,0.034046603759105884,0.033756086703858136
23314,32314,Medium,Medium,0.032983737114782925,0.032974005172595536,0.9340422577126216
22445,31445,Low,Low,0.031039276235514373,0.9327109270427343,0.036249796721751514
24171,33171,Low,Low,0.03603691273251279,0.9284049562758808,0.03555813099160631
16251,25251,High,High,0.9368256726716483,0.030408333058887144,0.03276599426946467
36241,45241,Low,Low,0.03523841924614566,0.9297657329390753,0.03499584781477915
18186,27186,Medium,Medium,0.0377450571775345,0.036842847774684946,0.9254120950477805
5511,14511,Medium,High,0.5552442797838653,0.04310803632853646,0.40164768388759825
25187,34187,High,High,0.9379574774113434,0.029113817124647418,0.03292870546400913
20677,29677,Medium,Medium,0.03522854036875387,0.03867955348640824,0.9260919061448378
32616,41616,Medium,Medium,0.03910242858062587,0.13144777489411122,0.829449796525263
25028,34028,Medium,Medium,0.030823515774340043,0.029448917568023897,0.939727566657636
32948,41948,Medium,High,0.9368522860008154,0.030387958687467447,0.03275975531171724
8863,17863,Medium,Medium,0.03445206744198168,0.032011311845824904,0.9335366207121935
37516,46516,High,High,0.9369363140081668,0.030049727549798688,0.03301395844203447
28643,37643,Low,Medium,0.03178959751069983,0.030544783243038883,0.9376656192462614
18837,27837,Medium,Medium,0.036877958605201856,0.03337809343591106,0.929743947958887
17490,26490,High,High,0.9369838930385516,0.028917084696193668,0.034099022265254846
5757,14757,Medium,High,0.9384067262023659,0.028876646253505098,0.032716627544129094
19063,28063,Low,Low,0.028633411836316864,0.9365903650406177,0.034776223123065504
13128,22128,Medium,Medium,0.0417795846461216,0.03559729061079962,0.9226231247430787
30932,39932,Medium,High,0.9385870367045269,0.029148291773399226,0.03226467152207398
31547,40547,High,High,0.9387932034884142,0.029380534637162465,0.03182626187442331
29230,38230,Medium,Medium,0.03436128757386322,0.09144269846857929,0.8741960139575574
9592,18592,High,High,0.9337365134467873,0.034920763560623014,0.03134272299258978
36010,45010,Medium,Medium,0.10691281413422708,0.030930180116163854,0.8621570057496092
25981,34981,Low,Low,0.03489235344213487,0.8744528888327667,0.09065475772509828
37642,46642,High,High,0.9293288487260264,0.0315669724764048,0.03910417879756877
33359,42359,Low,Low,0.03498330090055499,0.9309842168573752,0.034032482242069735
32217,41217,Low,Low,0.04834108519703406,0.8954314010469369,0.05622751375602905
23801,32801,High,Medium,0.029691777292238476,0.033735781837000774,0.9365724408707609
14967,23967,Medium,Medium,0.030827274711577188,0.030141835459755306,0.9390308898286674
20291,29291,High,High,0.9267462736810607,0.03627281465562449,0.03698091166331477
38443,47443,High,High,0.9349395301185585,0.03261089055527516,0.032449579326166454
33980,42980,Medium,Medium,0.035826064743174714,0.03210029135567815,0.932073643901147
36419,45419,Medium,Medium,0.045343213065869074,0.03694928641762424,0.9177075005165068
19572,28572,Medium,Medium,0.036399721454969676,0.032639507373223846,0.9309607711718065
34021,43021,Medium,Medium,0.032405232248858086,0.0328531141887911,0.9347416535623508
16226,25226,Medium,Medium,0.034697790017809434,0.033106989228411245,0.9321952207537793
11117,20117,Medium,Medium,0.03389836079901239,0.03339791814370437,0.9327037210572833
18381,27381,Low,Low,0.03842551902247168,0.9226530369187955,0.03892144405873275
31581,40581,High,High,0.9264846950182548,0.03441846907534929,0.039096835906395955
36714,45714,Low,Low,0.03378019414624812,0.824240517214939,0.14197928863881285
36945,45945,Low,Low,0.06033909629574124,0.9043285582268138,0.03533234547744495
25860,34860,Low,Low,0.03829853818295642,0.9244518461240987,0.037249615692944875
12048,21048,Medium,Medium,0.03162605505330532,0.030456829906392643,0.937917115040302
19458,28458,Low,Low,0.030612063798157896,0.9138979851446778,0.055489951057164234
27627,36627,High,High,0.9356311516813555,0.030520051060913402,0.03384879725773113
35882,44882,Medium,Medium,0.03148694406714952,0.031442637967409995,0.9370704179654404
18268,27268,Medium,Medium,0.03834229994189845,0.03260672445786578,0.9290509756002358
31014,40014,Low,Low,0.027984122653556324,0.9379771568168273,0.03403872052961635
38643,47643,Medium,Medium,0.034711233314344045,0.03150703724687056,0.9337817294387855
9449,18449,Medium,Medium,0.032698330158893986,0.031557274163452255,0.9357443956776538
6310,15310,Low,Low,0.027172858225145674,0.9421988688332196,0.03062827294163466
25554,34554,Medium,Medium,0.034185874795746356,0.03146530055627571,0.934348824647978
23306,32306,High,High,0.9022765836634461,0.03886934114483736,0.058854075191716516
7717,16717,High,High,0.9352566832171171,0.03104463619027098,0.033698680592611906
8775,17775,Medium,Medium,0.04198885291373777,0.0438044880710784,0.9142066590151838
15662,24662,Low,Low,0.03071922081075835,0.9367977776178101,0.03248300157143144
6705,15705,High,Low,0.035634432451003596,0.9295757691326862,0.0347897984163101
35608,44608,Medium,Medium,0.03584245564481895,0.04591281627875999,0.918244728076421
24175,33175,Medium,Medium,0.03433815494494872,0.03504897164105284,0.9306128734139983
16355,25355,Low,Low,0.030824759365767854,0.9345192039511895,0.034656036683042825
6407,15407,Medium,Medium,0.03395386189192299,0.035316121189104634,0.9307300169189724
2051,11051,Medium,Medium,0.030684547650834632,0.030391908243515228,0.9389235441056502
36237,45237,High,Medium,0.03627215393229698,0.03304270883076054,0.9306851372369426
9966,18966,High,High,0.9288411248113423,0.028336766596902953,0.042822108591754816
24449,33449,Medium,Medium,0.03211082512847945,0.030683023425849876,0.9372061514456708
30474,39474,Low,Low,0.029492396758675016,0.9363942415138706,0.03411336172745432
4402,13402,Low,Low,0.03357080685121271,0.9344913642915769,0.03193782885721031
24793,33793,Medium,Medium,0.049739823050498545,0.04489515604339219,0.9053650209061092
37125,46125,Medium,Medium,0.04336072107767467,0.037291201718251045,0.9193480772040742
81,9081,Medium,Medium,0.03227946360945372,0.032293392908184844,0.9354271434823613
7118,16118,Medium,Medium,0.03151272661096406,0.034322507442349326,0.9341647659466865
23615,32615,Medium,Medium,0.03188029359053307,0.03157422547978244,0.9365454809296846
19963,28963,Low,Low,0.032236690269572016,0.9304662061683703,0.03729710356205778
23573,32573,Medium,Medium,0.030421510426599532,0.03085744623352889,0.9387210433398715
15337,24337,Medium,Medium,0.03289417636006065,0.03313288566209719,0.9339729379778422
15388,24388,Medium,Medium,0.0312951335908988,0.030522235333685168,0.9381826310754159
33745,42745,Medium,Medium,0.034175735062429796,0.03130914250638151,0.9345151224311886
20308,29308,Medium,High,0.8999817628908499,0.05231151196224627,0.047706725146904015
27056,36056,Medium,Medium,0.032969857216478604,0.030784963321777988,0.9362451794617436
2668,11668,Low,Low,0.031186941973630606,0.9270980391347695,0.04171501889159993
19520,28520,High,High,0.9236463374905876,0.0320939027046624,0.04425975980475016
32031,41031,Medium,Medium,0.03198686123596999,0.030321962364203776,0.9376911763998264
25094,34094,Medium,Medium,0.03322794801066489,0.031863528595214775,0.9349085233941204
268,9268,Low,Low,0.03789135892084252,0.9302472343454379,0.031861406733719615
12549,21549,Low,Low,0.030816375763655562,0.9323974998284313,0.0367861244079132
30365,39365,Low,Low,0.03630619056281129,0.8803767254908155,0.08331708394637323
8208,17208,Low,Low,0.028657934527616332,0.8565366155893327,0.11480544988305097
15170,24170,Medium,Medium,0.032577797280320904,0.03254495595412465,0.9348772467655545
28962,37962,Low,Low,0.049485439620462035,0.9090208458087097,0.04149371457082821
3209,12209,Low,Low,0.02771447228442055,0.9393065461982685,0.032978981517311
17091,26091,Medium,Medium,0.042264665838443106,0.04095073565730953,0.9167845985042474
17548,26548,Medium,Medium,0.031768218506849154,0.03075403864808177,0.937477742845069
11150,20150,Medium,Medium,0.032998518404256307,0.031364940023319146,0.9356365415724245
12847,21847,Medium,Medium,0.0325606659299355,0.03099162107355,0.9364477129965144
9402,18402,Low,Low,0.03154953707273882,0.9359588487246077,0.0324916142026535
11352,20352,Medium,Medium,0.032706774998290535,0.03217691332782622,0.9351163116738833
22918,31918,Low,Medium,0.0524494918310656,0.051781806033807276,0.8957687021351272
17320,26320,Medium,Medium,0.03248593408608482,0.03182518872973571,0.9356888771841794
35160,44160,Medium,Medium,0.03328528666546515,0.03270882690989183,0.934005886424643
35909,44909,Medium,Medium,0.03297066924328109,0.031478634015153766,0.9355506967415651
21561,30561,Medium,Medium,0.034766429754376126,0.03301113177735854,0.9322224384682652
29673,38673,Low,Low,0.03270626427968547,0.9361817394432933,0.031111996277021343
18554,27554,Medium,Medium,0.030633182580921726,0.09911618642069385,0.8702506309983845
38971,47971,Medium,High,0.7525828442664139,0.05232202142080385,0.19509513431278228
24537,33537,Medium,Medium,0.03301769389224184,0.0315768437635566,0.9354054623442015
22669,31669,Medium,Medium,0.03275864505992573,0.032440610495295175,0.9348007444447791
37950,46950,Medium,Medium,0.03692103754697953,0.04679938172132397,0.9162795807316965
29207,38207,Medium,Medium,0.03062068980491266,0.060879632940567883,0.9084996772545194
17936,26936,Medium,Medium,0.03232387029745837,0.030487597682495884,0.9371885320200457
25295,34295,Medium,Medium,0.03297256711877395,0.032159167477855466,0.9348682654033705
15500,24500,High,High,0.9327393970263073,0.033043610446465047,0.03421699252722772
33207,42207,Low,Low,0.038338373539591186,0.9209701072378812,0.040691519222527735
8625,17625,High,High,0.9264438207650331,0.03688051050503893,0.03667566872992795
16045,25045,Medium,Medium,0.03226451476309935,0.03062953513032021,0.9371059501065805
36465,45465,Medium,Medium,0.032994713724236534,0.03330981309761808,0.9336954731781454
39920,48920,Medium,Medium,0.034594216077995864,0.031997295181974854,0.9334084887400294
39919,48919,Low,Low,0.029364115416726972,0.936312653848924,0.034323230734348814
4919,13919,Low,Low,0.030094906182562303,0.9343367698096555,0.035568324007782176
38603,47603,High,High,0.9122581025557404,0.039999861545126275,0.04774203589913339
16671,25671,Low,Low,0.02946067061980304,0.9391687811891449,0.03137054819105192
3535,12535,Medium,Medium,0.036718712240182444,0.03546230100230675,0.927818986757511
25674,34674,High,High,0.9357424767294731,0.03124914793953773,0.03300837533098922
3779,12779,High,High,0.932407773805012,0.031255769482552175,0.036336456712435745
38555,47555,Medium,Medium,0.0325842159444434,0.03047784333539989,0.9369379407201568
6388,15388,Medium,Medium,0.031808262756009814,0.029643820203534576,0.9385479170404557
29306,38306,High,High,0.9352975851494728,0.03180324379026847,0.0328991710602586
38856,47856,Medium,Medium,0.03278522266858087,0.03377145579163816,0.933443321539781
13565,22565,Medium,Medium,0.034611004254965556,0.03329240556296307,0.9320965901820714
32714,41714,High,High,0.9351546129932743,0.030702937911839128,0.03414244909488659
12120,21120,Medium,Medium,0.033846862840707787,0.03484763706003801,0.9313055000992542
3883,12883,Low,Medium,0.03143170769594651,0.43912967287365073,0.5294386194304028
6653,15653,High,Low,0.03555614994710404,0.9310218479067776,0.03342200214611845
30169,39169,Medium,Medium,0.03012843146971848,0.02944102964916706,0.9404305388811144
25643,34643,High,High,0.9238843835364025,0.036945230845083936,0.03917038561851364
11930,20930,High,High,0.9350267032762729,0.034100789985419995,0.030872506738307163
15663,24663,Low,Medium,0.30215188608201754,0.07525358422151264,0.6225945296964698
36592,45592,Medium,Medium,0.03441812476935435,0.03996308605179071,0.9256187891788549
22396,31396,Low,Low,0.02996293583161456,0.9358559304974344,0.034181133670950985
2839,11839,High,High,0.8210884417584166,0.05222682904468313,0.1266847291969003
24119,33119,Low,Low,0.031143962176937268,0.9353416023227105,0.0335144355003523
33333,42333,High,High,0.9277891563677848,0.0315001796214233,0.040710664010791986
17607,26607,Medium,Medium,0.03420303037458018,0.03223524647456661,0.9335617231508532
18339,27339,High,High,0.9373439544404278,0.02965878617778338,0.03299725938178886
13757,22757,Medium,Medium,0.03260486697427802,0.030497219745159426,0.9368979132805625
25456,34456,Medium,Medium,0.030968318317759064,0.031960882287776,0.937070799394465
19067,28067,Medium,Medium,0.03242765625421276,0.03150542393035452,0.9360669198154329
28796,37796,High,Medium,0.03247125728134315,0.031069020745603682,0.9364597219730532
17379,26379,Low,Medium,0.14654761611182074,0.03463148925722537,0.8188208946309539
7357,16357,High,High,0.9350411774830506,0.03335253508547354,0.031606287431475866
35171,44171,High,High,0.9351590101236912,0.029783675242939605,0.03505731463336923
15492,24492,Medium,Medium,0.03387706624506822,0.03229826689842404,0.9338246668565078
35082,44082,Medium,Medium,0.03248333809128362,0.030620422353370952,0.9368962395553453
34953,43953,Low,Low,0.029395602077774686,0.933473511503864,0.037130886418361264
20222,29222,Medium,Medium,0.03223894080294792,0.0334374586504549,0.9343236005465972
31700,40700,Medium,Medium,0.03335413927245363,0.031950492486092386,0.9346953682414539
3896,12896,High,High,0.9322746864198063,0.03117814038335105,0.03654717319684277
1507,10507,High,Medium,0.03227496862620514,0.031123587711147913,0.9366014436626471
38708,47708,High,High,0.9276579498922021,0.03319716053181942,0.03914488957597854
18632,27632,High,High,0.8988554664987545,0.04380939153650954,0.05733514196473599
29198,38198,Medium,High,0.9215649686623556,0.03518341225531902,0.04325161908232541
2997,11997,Medium,Medium,0.03490710373082839,0.031010188435249775,0.9340827078339218
37128,46128,Medium,High,0.9381281787120139,0.02907818563681085,0.03279363565117524
19869,28869,Medium,Medium,0.030444641485727435,0.03138666856529828,0.9381686899489744
33979,42979,Medium,Medium,0.030283829742976193,0.029988434671042483,0.9397277355859813
7183,16183,Low,Low,0.04512878082858681,0.8857056895057905,0.06916552966562264
27654,36654,Medium,Medium,0.032578420961132615,0.03153870789534361,0.9358828711435238
35474,44474,High,High,0.9365685336761939,0.030436828635571,0.03299463768823518
16088,25088,Medium,Medium,0.032745577904766905,0.03068084960445953,0.9365735724907734
30631,39631,Low,Low,0.04527128174317283,0.9181940935404688,0.03653462471635843
12894,21894,Low,Low,0.02997773987289555,0.9336858573168808,0.03633640281022351
32470,41470,Medium,Medium,0.033802992563239355,0.032963800106951324,0.9332332073298093
2175,11175,Low,Low,0.02664861689244541,0.9440908965847207,0.029260486522834
6593,15593,Low,Low,0.033337159001777576,0.9333104014530997,0.033352439545122695
3385,12385,Low,Low,0.03238445304761963,0.918766194144688,0.04884935280769228
26705,35705,Low,Low,0.030187737304590845,0.9371354114008893,0.03267685129451995
23592,32592,High,Medium,0.44324071464036713,0.03191775154199202,0.5248415338176409
30870,39870,Medium,Medium,0.0334503991425777,0.03345559114576611,0.9330940097116563
36211,45211,Medium,Medium,0.03327784091673897,0.03134436743316146,0.9353777916500995
31378,40378,Low,Low,0.03523273292179039,0.9144403746440561,0.050326892434153454
407,9407,Medium,Medium,0.03280430407740176,0.031285290824191014,0.9359104050984072
26906,35906,Medium,Medium,0.03339865430205712,0.03185557715905996,0.934745768538883
32193,41193,Low,Medium,0.05271841246803213,0.042457252059594,0.904824335472374
27774,36774,High,High,0.924094533733891,0.03658039217490162,0.03932507409120733
36867,45867,Low,Low,0.03784987488695199,0.916121249481701,0.046028875631347034
39144,48144,Medium,Medium,0.03103386841302035,0.031324242560990555,0.937641889025989
994,9994,High,High,0.9346069367338604,0.03426084301797914,0.031132220248160536
7305,16305,High,High,0.9306163861790706,0.03619478683321609,0.03318882698771323
17004,26004,Low,High,0.9199871007924086,0.048402373372555874,0.03161052583503538
24404,33404,High,High,0.9388120299366122,0.028694061945122817,0.032493908118265004
39213,48213,Medium,Medium,0.031239667775511713,0.03151516464291838,0.93724516758157
20146,29146,Medium,Medium,0.031419091772020145,0.03567243309611299,0.9329084751318669
21973,30973,Low,Low,0.03128497000391186,0.9349553781657364,0.03375965183035172
36677,45677,Medium,Medium,0.03470225735776549,0.03341356729080248,0.9318841753514321
24059,33059,High,High,0.9321460821581603,0.032693189073316344,0.03516072876852344
36630,45630,Medium,Medium,0.0322552105933181,0.031974409634846296,0.9357703797718356
37927,46927,Medium,Medium,0.03345063730684251,0.03464352756509077,0.9319058351280667
7151,16151,High,Medium,0.03224040714294984,0.03527287641154029,0.9324867164455098
9798,18798,Low,Low,0.033057114900202654,0.9335887635587973,0.03335412154099993
23761,32761,Medium,Low,0.029934504669309123,0.751899008929207,0.21816648640148392
36985,45985,Medium,Medium,0.032585734968933806,0.03441924491217883,0.9329950201188875
18241,27241,Medium,Medium,0.040328526927859265,0.03288961181955827,0.9267818612525826
34601,43601,Medium,Medium,0.031717331496176344,0.03258790766642688,0.9356947608373968
31229,40229,Medium,Medium,0.033539575471784856,0.03321899695026105,0.9332414275779541
2191,11191,Medium,Medium,0.03224543779110974,0.03339413807491314,0.9343604241339771
17064,26064,High,High,0.9296057143118569,0.03523727858977855,0.0351570070983644
6308,15308,Low,High,0.9388409786436581,0.02821882475830245,0.03294019659803934
3667,12667,Low,Medium,0.032243062505508006,0.03123755063710805,0.936519386857384
20092,29092,Medium,High,0.9363094954725472,0.02913927307890382,0.034551231448548984
2265,11265,Low,Low,0.037414961797072904,0.8322437453284621,0.13034129287446503
7198,16198,Medium,Medium,0.033946500425554756,0.03249110798808144,0.9335623915863639
35847,44847,Medium,Medium,0.031724130406506575,0.03298941056542944,0.9352864590280641
26703,35703,High,Medium,0.03279538725324536,0.030909225494699377,0.9362953872520553
8366,17366,Medium,Medium,0.03819104775735285,0.040440409241323944,0.9213685430013232
3404,12404,Low,Low,0.028645524039341886,0.9039430079850687,0.06741146797558938
1212,10212,Medium,Medium,0.04033414387966252,0.031764862749700654,0.9279009933706369
18687,27687,Low,Low,0.032062861973944715,0.9267512547232805,0.041185883302774846
15485,24485,Medium,Medium,0.033714277791398774,0.03194321504868697,0.9343425071599144
3473,12473,High,High,0.9409631369119312,0.028017592714817924,0.031019270373250776
21855,30855,Medium,Medium,0.03500140881202494,0.035029047679102567,0.9299695435088724
38621,47621,High,Low,0.04108483299102308,0.9145017027818394,0.04441346422713749
26628,35628,Medium,Medium,0.03203721647854471,0.03064881917570585,0.9373139643457494
26040,35040,High,Low,0.02805661978019559,0.9426146255172333,0.029328754702571142
30004,39004,High,High,0.9418862266241262,0.027181814699517953,0.030931958676355883
35355,44355,Low,Low,0.030507535074860797,0.9288871169922989,0.040605347932840416
9825,18825,Low,Low,0.0346234181495794,0.9313435604205648,0.03403302142985581
34172,43172,Medium,Medium,0.031979232959114715,0.032136545885649216,0.9358842211552361
27287,36287,Medium,Medium,0.03413084583380845,0.03322326487841377,0.9326458892877777
33798,42798,Medium,Medium,0.03938108277685056,0.032261048355623774,0.9283578688675256
1793,10793,High,High,0.9362385784220218,0.02938846342781304,0.03437295815016517
4964,13964,Low,Low,0.03370178043217776,0.9324320496979323,0.03386616986989003
27780,36780,Medium,Medium,0.03706616036485151,0.03409507606709619,0.9288387635680523
34568,43568,High,High,0.9209212982622649,0.032295924638314204,0.046782777099420754
1067,10067,Low,Low,0.02711355221124523,0.9403941658234986,0.032492281965256144
34737,43737,Medium,Medium,0.03178561975097217,0.0301014083404305,0.9381129719085973
1872,10872,Medium,Medium,0.03239305196658911,0.03026193155385529,0.9373450164795557
17195,26195,Low,Low,0.030762912670742038,0.9289836276966036,0.04025345963265449
16874,25874,Medium,Medium,0.038178431338770136,0.08496486098781542,0.8768567076734145
9872,18872,Medium,Medium,0.03548378677434568,0.0374609307420956,0.9270552824835586
1040,10040,High,High,0.9367179786886494,0.030928865141080165,0.03235315617027048
35537,44537,High,High,0.9233470079187414,0.031352578351420156,0.0453004137298385
5052,14052,High,High,0.9384784259307065,0.029584090184964135,0.03193748388432949
29167,38167,Medium,Medium,0.032374416160742325,0.033658065468046984,0.9339675183712108
10656,19656,Medium,Medium,0.0316921546327729,0.030316507476137743,0.9379913378910892
34752,43752,High,High,0.9249738225884112,0.0367153565726395,0.03831082083894936
3208,12208,Low,Low,0.03406056171035472,0.9260688305555068,0.039870607734138475
19490,28490,High,High,0.9377099505783667,0.031039882024606513,0.031250167397026817
37441,46441,High,Medium,0.03217884180803949,0.033360829705391594,0.9344603284865688
25268,34268,Low,Low,0.031355853302361306,0.931098895087581,0.03754525161005765
15742,24742,Medium,Medium,0.03170117357715465,0.03253198408736943,0.935766842335476
14295,23295,Medium,Medium,0.032885704046971324,0.030930461233507508,0.9361838347195212
22493,31493,Low,Low,0.028779945471548912,0.9384028306887587,0.03281722383969234
1598,10598,Low,Low,0.031434765186881486,0.9256187868774016,0.04294644793571675
15293,24293,Medium,High,0.5478121274379477,0.03332141203895828,0.41886646052309406
5780,14780,Medium,Medium,0.030608461223687888,0.030173026904762913,0.9392185118715491
1722,10722,Medium,Medium,0.03628693436038836,0.0366603334672407,0.9270527321723709
14651,23651,Low,Low,0.03118686058108587,0.9358447618876636,0.03296837753125049
11855,20855,Medium,Medium,0.04592832243924869,0.03803617591520369,0.9160355016455476
420,9420,High,High,0.9241368758397194,0.032240667195607677,0.04362245696467274
33079,42079,Low,Low,0.03692585418015381,0.9281670958325979,0.0349070499872483
2132,11132,Medium,Medium,0.03178015960619871,0.033357554873114904,0.9348622855206864
22387,31387,Medium,Medium,0.038662589117833566,0.03109502232487064,0.9302423885572958
36883,45883,Medium,Medium,0.03569688254436462,0.03439009534056833,0.929913022115067
6860,15860,Low,Low,0.03339362928199232,0.9307997919225758,0.03580657879543192
10057,19057,Medium,Medium,0.039166497755868786,0.07582862723790863,0.8850048750062225
17707,26707,Low,Low,0.036066889211655406,0.9210942420547209,0.04283886873362367
15010,24010,Medium,High,0.9371751632231725,0.031162481937096562,0.03166235483973089
14636,23636,Medium,Medium,0.036885919782635175,0.03573566859087802,0.9273784116264867
14279,23279,Medium,Medium,0.033780483383439065,0.032203709419804466,0.9340158071967565
24438,33438,Medium,Medium,0.03243013553627291,0.03328148335905773,0.9342883811046693
23247,32247,High,High,0.9369538988698213,0.029063385174696116,0.033982715955482495
8351,17351,High,High,0.9388498245342869,0.028152926785122375,0.03299724868059071
18288,27288,Low,Medium,0.03539671380236035,0.03127311203270147,0.9333301741649382
4378,13378,Medium,Medium,0.03393434857318154,0.033109271136704276,0.9329563802901143
25336,34336,Medium,Medium,0.030922437257637037,0.03077154941978209,0.9383060133225808
10177,19177,Medium,Medium,0.044360041716500494,0.039444949407783515,0.9161950088757159
37893,46893,Medium,Medium,0.032360723159276746,0.03447176108889602,0.9331675157518272
14877,23877,Medium,Low,0.041574443523304874,0.9249685974461724,0.03345695903052266
1307,10307,High,High,0.9232281242167671,0.03142934339464571,0.045342532388587035
31628,40628,Medium,Medium,0.03139200505921786,0.031076260782708438,0.9375317341580737
18942,27942,Low,High,0.9383531116513456,0.028732090910677882,0.03291479743797654
3629,12629,Medium,Medium,0.03196546476205967,0.03152208068451956,0.9365124545534208
19962,28962,High,High,0.9368738566602816,0.03012341099155211,0.033002732348166315
27027,36027,Medium,Medium,0.03173720433818467,0.031557645465863586,0.9367051501959517
31684,40684,High,High,0.9299426364763376,0.03531761901721069,0.034739744506451675
33244,42244,Low,Low,0.03164363720212849,0.9335624402827437,0.03479392251512772
38174,47174,High,High,0.9328738741708054,0.035634286624359655,0.031491839204835004
19576,28576,Medium,Medium,0.03755417151089673,0.032075067956034126,0.9303707605330692
24976,33976,High,Low,0.033041746431430784,0.8740011857178729,0.09295706785069639
17992,26992,Medium,Medium,0.05490981149534271,0.038491464880225486,0.9065987236244317
28757,37757,High,High,0.9307228576306366,0.033032051188703004,0.03624509118066046
33601,42601,Medium,Medium,0.03138521729342778,0.03244968447840278,0.9361650982281695
29781,38781,High,High,0.93645886694878,0.03147334955267326,0.03206778349854677
35600,44600,Medium,Medium,0.03310278843684742,0.03318382915480906,0.9337133824083436
5224,14224,High,High,0.9335495009779752,0.03093507628981065,0.03551542273221429
1107,10107,Medium,Medium,0.034243547791773354,0.03568644746770982,0.9300700047405169
1478,10478,Low,Low,0.03952725403967945,0.9177987442128289,0.04267400174749164
21062,30062,Low,Low,0.03408732314497602,0.9307306386779235,0.03518203817710053
2638,11638,Low,Low,0.03961718628615771,0.9212358593597793,0.039146954354062936
31049,40049,Medium,Medium,0.03305986337516256,0.030859297555034904,0.9360808390698026
39063,48063,High,High,0.9279521890204716,0.03925867987574757,0.03278913110378072
8018,17018,High,High,0.9314481865403782,0.035466195961493384,0.03308561749812854
35230,44230,Medium,Medium,0.03506577822861839,0.036257389078031964,0.9286768326933496
33905,42905,Medium,Medium,0.03592181214148457,0.03215803833094205,0.9319201495275733
23515,32515,Medium,Medium,0.03277392142003029,0.03491617834657356,0.9323099002333962
27132,36132,Low,Medium,0.03149085545853547,0.03190208565701003,0.9366070588844545
33248,42248,High,High,0.9264528815819085,0.037375503411254424,0.036171615006837056
26253,35253,High,High,0.9269765898094544,0.03482273851743085,0.038200671673114785
35525,44525,Medium,Medium,0.033537629663368096,0.033142617933941666,0.9333197524026904
28306,37306,High,High,0.9350923867664681,0.030952193185124297,0.03395542004840755
8645,17645,Medium,Medium,0.031496605668727466,0.030811823276996313,0.9376915710542763
6914,15914,Medium,Medium,0.03233750092506713,0.030694963590120097,0.9369675354848127
6826,15826,Medium,Medium,0.03140146128645257,0.02968421248697876,0.9389143262265686
39935,48935,Medium,Medium,0.033471904601406886,0.03354673288339704,0.932981362515196
8570,17570,Low,Low,0.029748036926404348,0.9246858566787344,0.04556610639486124
11248,20248,High,High,0.9218484682164307,0.03904793595697314,0.03910359582659619
17860,26860,Medium,Medium,0.03143232792554369,0.03545239019182083,0.9331152818826354
38697,47697,Low,Low,0.02926515453545402,0.9235622456250864,0.047172599839459595
36713,45713,Low,Low,0.03482024123461382,0.9211413807380309,0.044038378027355295
18699,27699,High,Low,0.028061314053212372,0.9408488143128536,0.03108987163393397
30343,39343,High,High,0.9355821248674957,0.030285825967331984,0.03413204916517231
5617,14617,Low,Low,0.03536864212981869,0.9208595829397542,0.0437717749304272
13884,22884,High,High,0.9340746097565997,0.029278840721734565,0.03664654952166567
14267,23267,High,High,0.9403924305956973,0.02786005354233309,0.031747515861969534
36754,45754,High,High,0.9345960176430216,0.028866177513717922,0.03653780484326063
448,9448,Medium,Medium,0.03325879161913326,0.032459748473201544,0.9342814599076652
13114,22114,Low,Low,0.03147159644006333,0.9340963762355002,0.03443202732443649
29065,38065,High,High,0.9241865814813344,0.034383415744978836,0.04143000277368677
18080,27080,Medium,Medium,0.050759215777088085,0.043208580886956865,0.906032203335955
35924,44924,Low,Medium,0.03618217332567369,0.06709312661182579,0.8967247000625006
5339,14339,Medium,Medium,0.03286808844909787,0.031437752997717915,0.9356941585531843
13936,22936,Medium,Medium,0.040345756273884405,0.03670221130828749,0.9229520324178281
7942,16942,Low,Low,0.03021542968273561,0.9363610299182322,0.03342354039903211
5886,14886,Medium,Medium,0.032272733023554545,0.030424134198957533,0.937303132777488
12094,21094,Medium,Medium,0.04186666425621414,0.030416199096155654,0.9277171366476301
25235,34235,Low,Low,0.03377810750591298,0.6560114300424403,0.3102104624516467
9203,18203,Low,Low,0.030406796200541434,0.9386136097148842,0.0309795940845743
7674,16674,Medium,Medium,0.031137304758760392,0.03644800982975684,0.9324146854114828
21231,30231,Low,Low,0.03306840693756049,0.9317306658357802,0.035200927226659316
26195,35195,Medium,Medium,0.035267724875619196,0.035135916579299355,0.9295963585450814
39115,48115,Medium,Medium,0.045082725053710304,0.03260408432263528,0.9223131906236545
33123,42123,High,High,0.9402650547459473,0.0281586679908145,0.03157627726323822
1175,10175,Medium,Medium,0.03534665973834523,0.03413637078060722,0.9305169694810477
39909,48909,Medium,Medium,0.03728349641841006,0.04101132270913339,0.9217051808724565
4721,13721,Medium,Medium,0.03372387059344629,0.03193317226723701,0.9343429571393167
4340,13340,Medium,Medium,0.032589688829330166,0.03385953361223811,0.9335507775584316
24667,33667,Medium,Medium,0.0337638572784581,0.032255235083978435,0.9339809076375635
16533,25533,Medium,Medium,0.036040383395225466,0.032009353270587224,0.9319502633341873
5691,14691,Low,Low,0.029347186206088727,0.9373752464160998,0.03327756737781144
9057,18057,Medium,Medium,0.04917506277528242,0.03762547515050918,0.9131994620742084
27788,36788,Medium,Medium,0.03342957721395037,0.03252275304141553,0.9340476697446342
18792,27792,High,High,0.9412687998718586,0.02784073291608297,0.030890467212058337
28028,37028,Medium,Medium,0.03372687672655014,0.03462462731152872,0.9316484959619212
37770,46770,Medium,Medium,0.03346464220105521,0.031553307160985054,0.9349820506379597
30464,39464,Medium,Medium,0.03676059868043502,0.03692064080530728,0.9263187605142577
35005,44005,Medium,Medium,0.03225262966782024,0.03134858154596201,0.9363987887862179
35228,44228,High,High,0.933821042239941,0.031068257688521974,0.03511070007153704
15807,24807,Medium,Medium,0.059020700336304244,0.055256910381601416,0.8857223892820943
27597,36597,High,High,0.9283714171014138,0.03565646963668384,0.03597211326190233
10552,19552,Low,Low,0.03288157083549238,0.9295920512773806,0.03752637788712701
33586,42586,Medium,Medium,0.03210092399209832,0.03133376016050874,0.9365653158473929
14586,23586,Medium,Medium,0.03447079435550321,0.030607512044052047,0.9349216936004447
25120,34120,Medium,Medium,0.02920526466355032,0.06339175460718484,0.9074029807292648
2319,11319,Low,Low,0.040615336991712485,0.927018334726966,0.0323663282813214
1546,10546,Low,Low,0.08971351553650193,0.6545837278980676,0.25570275656543057
30784,39784,Medium,Medium,0.03694190321791434,0.0379498368472705,0.9251082599348153
7851,16851,High,High,0.9082175804898821,0.044243726305260876,0.04753869320485704
12888,21888,Medium,Medium,0.03197688789921906,0.03076619559053567,0.9372569165102452
15968,24968,High,High,0.9356127997626027,0.03223554550446913,0.032151654732928116
28779,37779,Low,Low,0.028650714192242997,0.9087205073408141,0.06262877846694272
24025,33025,Medium,Medium,0.03825733502567986,0.03470619297511614,0.927036471999204
5591,14591,High,High,0.9343498227499509,0.03390786382370728,0.031742313426341796
34179,43179,High,High,0.9349601789369782,0.028678463990242865,0.036361357072778856
8088,17088,High,High,0.9319200849765474,0.035670481718233955,0.03240943330521861
6778,15778,Medium,Medium,0.029863097631767282,0.03202975281399665,0.938107149554236
10300,19300,Medium,Medium,0.03429452303498746,0.03613050679497567,0.9295749701700369
38773,47773,High,High,0.9256507101916189,0.032012313706842016,0.0423369761015391
399,9399,Medium,Medium,0.030942626687597317,0.07961384484886574,0.8894435284635369
3788,12788,Medium,Medium,0.03254577206036727,0.03652292110205491,0.9309313068375779
33635,42635,Medium,Medium,0.029729356617003422,0.045474362620639565,0.9247962807623571
23494,32494,Medium,Medium,0.03654598028485403,0.03493438364085061,0.9285196360742954
35971,44971,Low,Low,0.030749359104119772,0.9369076175760119,0.03234302331986821
31477,40477,High,High,0.9328952563148633,0.03268473105579122,0.034420012629345645
27736,36736,Medium,Medium,0.03357026034384323,0.029941168567043902,0.936488571089113
7455,16455,Low,Low,0.037192182268151845,0.9303428558348057,0.032464961897042406
34160,43160,Low,Low,0.029965482599721992,0.9380171783655714,0.03201733903470663
36382,45382,Medium,Medium,0.039020110642039633,0.03363781311225981,0.9273420762457004
6759,15759,Low,Low,0.044034776267033414,0.8971924385765018,0.05877278515646476
23150,32150,Medium,Medium,0.03145076166278778,0.03032785123634688,0.9382213871008654
26543,35543,Medium,Medium,0.032675775805182994,0.03094318272762973,0.9363810414671873
37668,46668,Medium,Medium,0.03237343279419604,0.0304191113164286,0.9372074558893754
16760,25760,Low,Low,0.042004848932734144,0.9148556064862831,0.04313954458098274
23729,32729,Medium,Medium,0.03862606218032039,0.03311938480014551,0.9282545530195341
3512,12512,Low,Low,0.03401438491925253,0.9215430454183381,0.04444256966240945
38906,47906,Medium,Medium,0.032467547841308037,0.031180936063352302,0.9363515160953396
25129,34129,Low,Low,0.03916440685262427,0.9194048399524487,0.04143075319492709
26803,35803,Low,Low,0.04034287608876642,0.9066419175555794,0.05301520635565409
3753,12753,High,High,0.9222276254992424,0.038392403459754615,0.03937997104100297
588,9588,High,High,0.9344424949323952,0.030215101812081164,0.035342403255523805
20150,29150,Medium,Medium,0.03330400376571715,0.033261641907163984,0.9334343543271189
14714,23714,Medium,Medium,0.03711881968151545,0.03598031629680381,0.9269008640216808
273,9273,Low,Low,0.029946537583911585,0.9355390029717631,0.034514459444325456
17359,26359,High,High,0.9342561704719804,0.032604427066458115,0.03313940246156152
1169,10169,High,High,0.9194134256950653,0.035569031006814196,0.045017543298120466
22811,31811,Medium,Medium,0.039293934385677756,0.06746944414397532,0.8932366214703468
30619,39619,High,High,0.9342460241095855,0.03060395213521075,0.03515002375520376
5396,14396,Medium,Medium,0.033360016894692,0.031878659818737394,0.9347613232865707
24786,33786,Low,Low,0.03169294455000409,0.9287006670759044,0.03960638837409154
1964,10964,Medium,Medium,0.03483325733987661,0.03175304347281535,0.933413699187308
34203,43203,Medium,Medium,0.03505476066824156,0.03040516019781384,0.9345400791339445
8608,17608,Low,Low,0.03345281629105393,0.92143011995203,0.04511706375691624
22489,31489,Medium,Low,0.03265557043798545,0.9338703805744969,0.03347404898751768
21660,30660,Medium,Medium,0.036844995624070086,0.033045442788953855,0.9301095615869762
21447,30447,Medium,Medium,0.04405359497808329,0.03308987312433262,0.9228565318975841
36414,45414,Low,Low,0.029456871135132248,0.9358795230438917,0.03466360582097627
29624,38624,Medium,Medium,0.03138193512370224,0.030175862610210883,0.9384422022660869
5501,14501,Low,Low,0.03201700524983335,0.9354526596035591,0.032530335146607574
24067,33067,High,High,0.9332917104126325,0.03129402497040389,0.03541426461696356
9838,18838,High,High,0.8723206907330224,0.04382702049915827,0.08385228876781925
14878,23878,Medium,Medium,0.04395854256724937,0.090093144359434,0.8659483130733165
22237,31237,Medium,Medium,0.04509815102270692,0.037704571285564974,0.9171972776917281
19706,28706,Low,Low,0.04124981839320732,0.9239810639788785,0.03476911762791426
35779,44779,Medium,Medium,0.03678656667123619,0.03471992787899454,0.9284935054497692
19200,28200,Low,Low,0.027836115701249508,0.942160660101968,0.030003224196782575
28769,37769,Low,Low,0.03108373945914571,0.931461724128584,0.03745453641227035
19160,28160,High,Medium,0.032237606426334255,0.03147773477259455,0.9362846588010711
34070,43070,High,High,0.9386792931102549,0.029003767467164248,0.03231693942258085
3954,12954,Low,Low,0.031642914205670856,0.938013379175414,0.030343706618914976
31136,40136,Medium,Medium,0.031616733296431616,0.030729095791055594,0.9376541709125128
39058,48058,Medium,Medium,0.033302431377249725,0.03515347673857502,0.9315440918841752
11011,20011,Medium,Medium,0.05272773744437185,0.05883357894854419,0.888438683607084
6092,15092,Medium,Medium,0.03223245649461724,0.031367158691739325,0.9364003848136434
3515,12515,Medium,Medium,0.04041903084748135,0.028625078991038843,0.93095589016148
22290,31290,High,High,0.9304074888052415,0.03007333243300188,0.039519178761756674
37760,46760,Medium,Medium,0.030861822163017683,0.03188699774401733,0.9372511800929649
31434,40434,Low,Medium,0.042462118373745084,0.4472837983221099,0.510254083304145
26729,35729,Medium,Medium,0.043883288546406385,0.1018810690148755,0.854235642438718
7294,16294,Medium,Medium,0.03470840428765237,0.03423809186950221,0.9310535038428455
34081,43081,Medium,Medium,0.035368000826707595,0.033370260601870816,0.9312617385714215
28520,37520,High,High,0.93699036008804,0.029268181768185828,0.033741458143774064
12746,21746,Medium,Medium,0.03368847448365581,0.030662853385156428,0.9356486721311876
35561,44561,Medium,Medium,0.03200593176281998,0.031992703696105934,0.936001364541074
1877,10877,High,High,0.9379281937219152,0.029036933885546217,0.0330348723925386
6599,15599,Medium,Medium,0.03611969535904549,0.047834010487960155,0.9160462941529944
36498,45498,High,Medium,0.13159305039908106,0.04931526363238586,0.8190916859685332
17087,26087,Medium,Medium,0.0363547847064106,0.03157194951091555,0.9320732657826739
21572,30572,High,High,0.9100758895953861,0.040277146223653706,0.049646964180960186
25272,34272,Low,Low,0.03732336690435221,0.9301441155433655,0.032532517552282265
18018,27018,Low,Low,0.03261677479870843,0.9197838392399543,0.04759938596133728
25859,34859,Low,Low,0.029403488601927402,0.9389704905086482,0.03162602088942453
21551,30551,High,High,0.9090513413412502,0.0442969250512071,0.04665173360754257
29146,38146,Medium,Medium,0.0385289772173651,0.034480158395812026,0.9269908643868229
1134,10134,Medium,Medium,0.04227395436363964,0.035290475300931434,0.9224355703354289
21830,30830,High,High,0.9174498649601203,0.04968446196831644,0.03286567307156337
30361,39361,Low,Low,0.032212692487032936,0.9235786235184237,0.04420868399454327
7264,16264,Low,Low,0.029573059656791394,0.9393543464297395,0.03107259391346903
15897,24897,Low,Low,0.0382978851341804,0.8976371236958608,0.06406499116995872
30229,39229,Low,Low,0.03696154650115776,0.9304627582915295,0.03257569520731273
28913,37913,Medium,Medium,0.0560447936150997,0.0412997492676561,0.9026554571172443
33976,42976,Medium,Medium,0.03289472902484708,0.03049917876250471,0.9366060922126483
7120,16120,Medium,Medium,0.03275357083810169,0.03841916650577446,0.9288272626561239
28737,37737,Medium,Medium,0.03417848172076309,0.03484052587974104,0.9309809923994958
28646,37646,Medium,Medium,0.032141789166444557,0.03210400236406161,0.9357542084694938
16579,25579,High,High,0.9292753454880472,0.03185206307242083,0.03887259143953197
8772,17772,Low,Low,0.032045164296946226,0.840081937389198,0.1278728983138557
13021,22021,Low,Low,0.028692275127053034,0.9121243968600335,0.05918332801291356
18497,27497,Low,Low,0.030149488527491202,0.92015106670494,0.04969944476756877
21419,30419,Medium,Low,0.03441462260054992,0.9291699741402352,0.036415403259214905
27905,36905,Low,Low,0.0317783795451464,0.9355262004340905,0.03269542002076325
10787,19787,Medium,Medium,0.0319076166562238,0.032149608573469546,0.9359427747703067
15762,24762,Medium,Medium,0.03318351918614974,0.031023099856588934,0.9357933809572613
33646,42646,Medium,Medium,0.030597135109037527,0.029942466604176002,0.9394603982867865
20829,29829,Medium,Medium,0.035457656160486156,0.03244476679489631,0.9320975770446175
12150,21150,High,High,0.9182965365879464,0.039563020566761635,0.04214044284529195
12705,21705,High,High,0.9367188044099289,0.030553095058499954,0.03272810053157115
38605,47605,Medium,Medium,0.03179475182596499,0.03272707894973767,0.9354781692242975
39563,48563,High,High,0.9376131542706565,0.028788197023958028,0.03359864870538549
14407,23407,Low,Low,0.03856443811351631,0.9265657374375488,0.03486982444893502
30734,39734,Low,Low,0.03564055143514478,0.7049534515400605,0.2594059970247946
24275,33275,High,High,0.935034430102386,0.029969660143661158,0.03499590975395273
23858,32858,Low,Low,0.03680305808028639,0.9289924475984969,0.03420449432121686
37001,46001,Medium,Medium,0.03604673624677445,0.032692313572206276,0.9312609501810193
4885,13885,Medium,Medium,0.03367313310412269,0.03277043130203471,0.9335564355938426
11757,20757,Medium,Medium,0.0317396463045569,0.032762351132247465,0.9354980025631957
20866,29866,Medium,Medium,0.03307067472154603,0.03169228782191102,0.935237037456543
13745,22745,Low,Low,0.03172313490289874,0.9353544394680041,0.032922425629097
18257,27257,High,High,0.8407640965360773,0.059258509585341734,0.09997739387858105
37148,46148,Low,Low,0.03038201698072654,0.9374124258872997,0.032205557131973796
27216,36216,High,High,0.9339153747988705,0.03095045448433235,0.03513417071679705
16363,25363,Low,Low,0.028032911607272077,0.9372780838873752,0.034689004505352665
28733,37733,Medium,Medium,0.034744456327101464,0.034863125868969065,0.9303924178039295
16399,25399,High,High,0.9062339387148003,0.036211694243794904,0.057554367041404826
6987,15987,High,High,0.9306573012682821,0.034353951425947445,0.03498874730577032
33584,42584,Medium,Medium,0.033658999692734316,0.03264413890955741,0.9336968613977082
30260,39260,High,Low,0.031830233239064865,0.9350592676869126,0.03311049907402239
17162,26162,Medium,Medium,0.031036415669495183,0.03413371556662966,0.9348298687638751
17120,26120,Low,High,0.9366799094560637,0.03128088482044895,0.03203920572348721
14022,23022,Medium,Medium,0.03429260307673589,0.032597524153751396,0.9331098727695126
9417,18417,Low,Low,0.031833302503730225,0.9374650940332202,0.03070160346304954
6116,15116,Medium,Medium,0.04102306619207821,0.03681526941283257,0.9221616643950892
28116,37116,Low,Low,0.03255735509328465,0.9267714951472,0.04067114975951536
21504,30504,Low,Low,0.036301646306894204,0.9158331831059742,0.047865170587131585
13828,22828,Low,Low,0.029788525767367628,0.935460924303363,0.0347505499292694
19061,28061,Medium,Medium,0.035193109624569896,0.03272723857169515,0.932079651803735
5582,14582,Low,Low,0.03745979537504634,0.9246691053476085,0.037871099277345235
36844,45844,Medium,Medium,0.0335027118929725,0.032002573118810634,0.9344947149882169
25430,34430,Medium,Medium,0.037179271840237484,0.03627130712982798,0.9265494210299345
29757,38757,High,High,0.9365741594288775,0.03084345064229878,0.032582389928823736
21367,30367,Low,Low,0.03256622628550035,0.9305274476151726,0.03690632609932707
33741,42741,Medium,Medium,0.03339550136131341,0.03268157266056041,0.9339229259781262
38566,47566,Low,Medium,0.033337967200517675,0.031089521293739656,0.9355725115057427
31978,40978,Medium,Medium,0.02846535265435933,0.08621390279336226,0.8853207445522785
23956,32956,Low,Low,0.02799791094986499,0.9420289179226886,0.02997317112744641
10796,19796,Medium,Medium,0.055064940240839154,0.07471595501106168,0.8702191047480992
31716,40716,Low,Low,0.02759386645328245,0.941977619110555,0.030428514436162585
19778,28778,Medium,Medium,0.035827141768264216,0.03325807409216797,0.9309147841395679
16152,25152,Medium,Medium,0.032035834604074616,0.03218345198347661,0.9357807134124488
6083,15083,High,High,0.9367713229853041,0.030597931760544886,0.032630745254150995
37466,46466,Medium,Medium,0.03458412709923793,0.03262177700184232,0.9327940958989197
21475,30475,Medium,High,0.9288463449932042,0.03117753218767581,0.03997612281912003
37923,46923,Low,Low,0.034820125722099,0.9280600089954879,0.037119865282413005
35328,44328,High,High,0.9095092135812112,0.04088252827410511,0.04960825814468386
4821,13821,Low,Low,0.04583153595165981,0.9204947490812492,0.033673714967090936
2568,11568,Low,Low,0.030689972563950483,0.9316709032487068,0.03763912418734274
22008,31008,Medium,High,0.9386397685016584,0.029608864290124052,0.03175136720821755
27885,36885,Medium,Medium,0.037951861844174456,0.4452219945310903,0.5168261436247352
28371,37371,Medium,Medium,0.031226082223951523,0.030338590120870024,0.9384353276551783
3145,12145,Medium,Medium,0.03778472607502454,0.03179545238209572,0.9304198215428797
9178,18178,Medium,Medium,0.03185814445697883,0.0295737344405263,0.9385681211024949
39787,48787,Medium,Medium,0.0324653668840457,0.03224575566071001,0.9352888774552444
13693,22693,Medium,Medium,0.037868545190008596,0.033063975902624505,0.9290674789073669
17524,26524,High,High,0.9302409695916797,0.032924525603616576,0.03683450480470373
33526,42526,Low,Low,0.02756759119988462,0.9402707463814864,0.032161662418628945
30284,39284,Low,Low,0.03184679312442029,0.9349143578089799,0.03323884906659969
38777,47777,Low,Low,0.029272867468224856,0.9263895639982831,0.0443375685334921
13816,22816,Medium,Medium,0.038518654018847374,0.3364146506319036,0.625066695349249
40016,49016,Medium,Medium,0.033762080854231,0.033916712441887674,0.9323212067038814
38292,47292,High,Low,0.03002342767850744,0.9346851655752939,0.03529140674619861
3247,12247,Low,Low,0.029472062972456654,0.9387940786239839,0.031733858403559405
28832,37832,High,High,0.9362832596739246,0.030489907397629985,0.03322683292844551
13575,22575,Low,Low,0.031982647803348564,0.9354237297027037,0.03259362249394775
28805,37805,Medium,Medium,0.04346880176692284,0.03551052328811719,0.9210206749449599
12538,21538,Low,Low,0.03687363572960962,0.930707408610553,0.03241895565983736
27825,36825,Medium,Medium,0.034850912739749544,0.03638362006620515,0.9287654671940454
2344,11344,High,High,0.9231168908501207,0.037452503054737546,0.03943060609514184
37015,46015,Low,Low,0.03880031790067146,0.9235410548875657,0.03765862721176288
15895,24895,Medium,Medium,0.03691332784528242,0.3193125774310439,0.6437740947236738
9892,18892,Low,High,0.9366184810815392,0.031109509945169686,0.03227200897329116
33673,42673,Low,Low,0.029371222693139114,0.9398747353934707,0.030754041913390245
5679,14679,Low,Low,0.031209647721536223,0.9336551962801161,0.035135155998347635
2438,11438,High,High,0.913703612523268,0.03720667143810053,0.049089716038631465
4950,13950,Medium,Medium,0.028316293335865533,0.037947590890839364,0.933736115773295
27330,36330,Medium,Medium,0.032115365607431993,0.031691023920866736,0.9361936104717014
4873,13873,Medium,Medium,0.033665952760355826,0.03192647880984088,0.9344075684298033
13099,22099,High,High,0.9375072797396462,0.02945058995859681,0.033042130301757046
23930,32930,Low,Low,0.03318520072049858,0.9289162639146347,0.03789853536486671
2584,11584,High,High,0.9314887557785104,0.03257003164619172,0.035941212575297705
3240,12240,High,High,0.938750768563123,0.028652283011435558,0.032596948425441426
31296,40296,Medium,Medium,0.03608341092322551,0.03141884085774802,0.9324977482190265
16289,25289,High,High,0.9372644524509887,0.02944473575966945,0.033290811789341825
6696,15696,Medium,Medium,0.03167552556682796,0.032883982118789415,0.9354404923143825
3277,12277,Medium,Medium,0.03256815888073284,0.032899467073119644,0.9345323740461474
27496,36496,Medium,Medium,0.03041877945263749,0.03349765038776783,0.9360835701595948
11071,20071,Medium,Medium,0.031147926832699246,0.031022076819654926,0.9378299963476459
27846,36846,High,High,0.9148687825716211,0.03691295290645926,0.04821826452191975
30820,39820,Medium,Medium,0.030550320835970913,0.029686237268813632,0.9397634418952155
18852,27852,Medium,Medium,0.03254082289887686,0.032329041348209304,0.9351301357529138
2448,11448,Medium,Medium,0.030010761135504053,0.26751166032777046,0.7024775785367255
2725,11725,Medium,Medium,0.0329854108891476,0.03210626883335818,0.9349083202774943
34600,43600,Low,Low,0.03493938453486551,0.8925115300040755,0.07254908546105907
30562,39562,High,High,0.9348971029603486,0.03078464144300803,0.03431825559664336
29176,38176,Low,Low,0.029272726929881598,0.8808492473409998,0.08987802572911863
26829,35829,Medium,Medium,0.03253168883447328,0.03221736783936991,0.935250943326157
39224,48224,High,High,0.9398293472363063,0.027928275023394802,0.03224237774029885
6112,15112,Medium,Low,0.05837196677172477,0.6440612460592418,0.2975667871690335
23492,32492,Medium,Medium,0.074088701890184,0.3566208458632722,0.5692904522465438
12377,21377,Medium,Medium,0.03664673187136882,0.03023454974939276,0.9331187183792385
10927,19927,Low,Low,0.04111078711642694,0.8760043412470525,0.08288487163652046
36041,45041,Medium,Medium,0.047618060691019065,0.0348065035795276,0.9175754357294533
5439,14439,Medium,Medium,0.03160082430518968,0.03131555292533832,0.937083622769472
27818,36818,Medium,Medium,0.03244833252315593,0.03189228309463459,0.9356593843822094
36266,45266,Low,Low,0.03486167956157816,0.9243610411624847,0.04077727927593711
28495,37495,Medium,Medium,0.032662339508689325,0.03244184408253432,0.9348958164087763
11964,20964,High,High,0.9066759524754976,0.05345379845684958,0.039870249067652797
631,9631,Medium,Medium,0.0318985455319848,0.03061484833112879,0.9374866061368864
17039,26039,High,Low,0.033740351056274105,0.9282726522222283,0.03798699672149775
26874,35874,High,High,0.9237194173725278,0.03317133700070666,0.043109245626765526
36403,45403,High,High,0.9407408668118346,0.027791356671742318,0.031467776516423074
39943,48943,Low,Low,0.03168091999179402,0.9349109911889938,0.033408088819212166
495,9495,Medium,Medium,0.04078097317668906,0.034902493123835365,0.9243165336994755
36088,45088,High,High,0.9314681192402964,0.0348151192638373,0.03371676149586634
33068,42068,Medium,Medium,0.034797540912067056,0.035041482895915285,0.9301609761920178
39338,48338,High,High,0.9388094060816541,0.02925037888716465,0.031940215031181246
37963,46963,High,High,0.9233247636491194,0.03378315119082054,0.04289208516006012
9644,18644,Medium,Medium,0.03209092403156183,0.03343402664594931,0.9344750493224888
202,9202,Medium,Medium,0.09011803728698968,0.03907048890731048,0.8708114738056999
8613,17613,Medium,Medium,0.0316033295071189,0.029736156103846806,0.9386605143890342
4617,13617,Low,Low,0.039649241603231515,0.9120203451624618,0.04833041323430667
13618,22618,Medium,Medium,0.03316387020236192,0.03178627365330097,0.935049856144337
285,9285,High,Medium,0.03546379703644171,0.03344296235175117,0.9310932406118071
26035,35035,Low,Low,0.0302488088390145,0.9352147519968509,0.034536439164134576
8272,17272,Medium,Medium,0.032050350962147305,0.03098060226715295,0.9369690467706997
27058,36058,High,High,0.9317349989873106,0.03303129994954834,0.03523370106314112
4110,13110,Medium,Medium,0.029771278047780323,0.029548002701968553,0.9406807192502512
3391,12391,Medium,Medium,0.03145716062722467,0.03029344401854429,0.938249395354231
21908,30908,Medium,Medium,0.034853528345718254,0.03203436207369459,0.9331121095805871
1322,10322,Low,Low,0.02953379495717307,0.9336120608935322,0.03685414414929474
29906,38906,Medium,Medium,0.03309060014681417,0.03325172267979388,0.9336576771733919
25918,34918,Medium,Medium,0.03254589945537411,0.0310806949259968,0.936373405618629
25443,34443,Medium,Medium,0.04152829537408118,0.029246878127976134,0.9292248264979427
32210,41210,Medium,Medium,0.03455073038487718,0.03605343959271822,0.9293958300224046
27285,36285,Low,Low,0.032545786398924616,0.9342513654045231,0.03320284819655222
39117,48117,High,Medium,0.03231246215202682,0.03140232708479275,0.9362852107631805
1624,10624,Medium,Low,0.03312085794739625,0.6904544657195565,0.2764246763330472
5535,14535,High,Medium,0.03280978202279213,0.03405441535350747,0.9331358026237004
15196,24196,High,High,0.9152406857074383,0.03973378260753935,0.0450255316850223
21165,30165,Medium,Medium,0.031409424422002334,0.031988060733040065,0.9366025148449576
33596,42596,Medium,Low,0.03149321683470336,0.8317345038264099,0.13677227933888672
13831,22831,Medium,Medium,0.03288123196700227,0.0306600023665923,0.9364587656664054
36919,45919,Medium,Medium,0.032578512559684566,0.03226689768944752,0.9351545897508678
10827,19827,Low,Medium,0.03178675844879608,0.03176466507113162,0.9364485764800722
24096,33096,Medium,Medium,0.03323934334503673,0.03367051211330799,0.9330901445416554
23302,32302,Medium,Medium,0.03258424925323019,0.03253819644897397,0.9348775542977958
33537,42537,Medium,Medium,0.036379556112481316,0.031832767122907175,0.9317876767646115
35517,44517,Medium,Medium,0.034345295448689195,0.04435328378676189,0.9213014207645488
25954,34954,Medium,Low,0.03041405022229297,0.8774036856212045,0.0921822641565025
7853,16853,Medium,Medium,0.03226993634002618,0.03108284627132733,0.9366472173886464
10369,19369,Low,Low,0.03114132825347922,0.9366649069097924,0.032193764836728436
39412,48412,High,High,0.6026813549717934,0.0610906149543336,0.336228030073873
21782,30782,Medium,Medium,0.034719006347644334,0.03364823623720573,0.9316327574151498
30739,39739,Medium,Medium,0.0329359717469434,0.03299250925003655,0.93407151900302
4825,13825,High,High,0.9181861988227963,0.03466225666222681,0.04715154451497686
26015,35015,Medium,Medium,0.03818380439028743,0.033107948126965804,0.9287082474827469
29784,38784,High,High,0.9342225195151261,0.030584983071762578,0.03519249741311136
39649,48649,Medium,Medium,0.04787832810292129,0.04114397724850919,0.9109776946485696
3225,12225,Medium,Medium,0.03166480591287957,0.031032372822268547,0.9373028212648519
2043,11043,Medium,Medium,0.03517848056507173,0.03226366852346154,0.9325578509114667
8702,17702,Medium,Medium,0.0390920975435192,0.030976820019513598,0.9299310824369672
13680,22680,Low,Low,0.05004264434358515,0.9190573635704468,0.03089999208596796
20852,29852,Medium,Medium,0.03479527843868793,0.03148545862207761,0.9337192629392344
26704,35704,Low,Low,0.028916750832132253,0.9364858524541232,0.03459739671374453
9045,18045,Low,Low,0.03132170958714193,0.9086422822834163,0.06003600812944173
7539,16539,Low,Low,0.03536091189794779,0.9274755379933639,0.03716355010868826
27606,36606,High,High,0.9389809910844367,0.030147247136746366,0.03087176177881697
4814,13814,Medium,Medium,0.042882475574372164,0.03184099077107775,0.9252765336545501
18249,27249,Low,Low,0.03007543017604893,0.9329744559224461,0.036950113901505065
38296,47296,Medium,Medium,0.03542300837221072,0.032531376014443086,0.9320456156133462
29986,38986,High,Medium,0.03341988418098948,0.03297524649323396,0.9336048693257766
1768,10768,Medium,Medium,0.030588136035745936,0.030298690201772786,0.9391131737624813
10156,19156,Medium,Medium,0.0316914322655733,0.030481196806701916,0.9378273709277248
17849,26849,Medium,Medium,0.04456491239992386,0.04144539628029054,0.9139896913197855
7699,16699,Low,Low,0.0322310035329039,0.9316558556130049,0.03611314085409107
29874,38874,High,High,0.9288739237771452,0.03572255781114255,0.03540351841171228
33390,42390,Medium,Medium,0.03327957019547681,0.031203577597556372,0.9355168522069667
9672,18672,Medium,Medium,0.03453783455677869,0.03448858777201555,0.9309735776712058
12743,21743,Medium,Medium,0.03561573167456889,0.03280203756463266,0.9315822307607985
9065,18065,Medium,Medium,0.03370662202722937,0.034147200215973866,0.9321461777567968
11756,20756,Low,Low,0.06382816973399054,0.8866366477447016,0.04953518252130792
36852,45852,Medium,Medium,0.03406208758009006,0.034574405749930676,0.9313635066699794
15465,24465,Low,Low,0.0288676887228117,0.9413468799334673,0.029785431343720897
5135,14135,Medium,Medium,0.031373110057441984,0.031732579631032716,0.9368943103115254
30376,39376,High,Low,0.03633221027235923,0.9110629296418747,0.05260486008576609
6276,15276,Medium,Medium,0.030666540044244562,0.033489665557222846,0.9358437943985326
18835,27835,High,High,0.9346924080615522,0.030829381319007216,0.03447821061944054
13315,22315,High,Medium,0.03187096386077566,0.031452505825927714,0.9366765303132967
20889,29889,High,High,0.9053784575816378,0.03352819149925041,0.06109335091911163
12641,21641,High,High,0.9348416630078279,0.031900625223023504,0.0332577117691485
19256,28256,Medium,Medium,0.032229327916692786,0.032389914565316286,0.9353807575179909
9751,18751,High,High,0.92395527992295,0.03461121076100648,0.04143350931604351
34065,43065,Low,Low,0.031234958312073537,0.9361199189613559,0.03264512272657056
26423,35423,High,High,0.9403281839776446,0.028315484846290786,0.0313563311760646
19954,28954,Medium,Medium,0.0324865180589279,0.03607923774035203,0.9314342442007201
4975,13975,Medium,Medium,0.0330447668171251,0.031791429336849975,0.9351638038460249
6107,15107,Medium,Medium,0.04526957779245341,0.03832173466308927,0.9164086875444574
36770,45770,Low,Low,0.03220630598201809,0.9105801827329415,0.0572135112850404
28894,37894,Medium,Medium,0.034079545557463724,0.03275446153707066,0.9331659929054655
14461,23461,High,High,0.9337882745937941,0.030277954141367334,0.035933771264838606
26157,35157,Medium,Medium,0.03346580699159768,0.03615231620237783,0.9303818768060245
2000,11000,High,High,0.9312556977728726,0.03107074271721687,0.03767355950991046
12260,21260,High,High,0.9382582057633192,0.028081011113895146,0.03366078312278551
13218,22218,Low,Low,0.02961115052146131,0.9377509184388865,0.03263793103965224
4614,13614,Low,Low,0.0367057013706416,0.9305523622395732,0.03274193638978521
14832,23832,Low,Low,0.03751264223164006,0.9288710856375726,0.033616272130787384
30540,39540,High,High,0.9375050273539663,0.027417260243204688,0.035077712402828996
30136,39136,Medium,Medium,0.03161324224536699,0.03088448984676766,0.9375022679078654
27822,36822,Low,Medium,0.03586867101590234,0.03361615077354202,0.9305151782105557
14215,23215,Medium,Medium,0.03149105831139887,0.03030285154003215,0.938206090148569
2428,11428,Medium,Medium,0.030615230218926665,0.029629073665816547,0.9397556961152568
12136,21136,High,High,0.93634898045892,0.030611454560312806,0.03303956498076709
31257,40257,High,High,0.9403063957544968,0.02830222074524577,0.03139138350025738
22367,31367,Low,Low,0.027935606341180492,0.93779917207338,0.034265221585439425
16173,25173,Medium,Medium,0.03253201523764903,0.030456457729697226,0.9370115270326537
15817,24817,Medium,Low,0.03510655381977049,0.9250391694035484,0.03985427677668113
36244,45244,Medium,High,0.9363608953205903,0.03023955136035685,0.03339955331905269
525,9525,Medium,Medium,0.03185668579579934,0.030173236766992583,0.9379700774372081
39989,48989,Medium,Medium,0.030909897264224856,0.030137400526356398,0.9389527022094187
2951,11951,High,High,0.9239148174516378,0.03627601326377607,0.039809169284586145
176,9176,Low,Low,0.03755678691962008,0.9184490620646489,0.043994151015730974
9609,18609,High,Medium,0.031614179777619884,0.03069196358060816,0.9376938566417721
24132,33132,High,High,0.9391180281860274,0.028422504044379338,0.032459467769593235
4460,13460,Low,Low,0.028218865224808144,0.8901927935173147,0.08158834125787709
38800,47800,Low,Medium,0.03142036419199246,0.032125596142166805,0.9364540396658407
4285,13285,High,High,0.9031740248657768,0.04996445668088029,0.04686151845334293
476,9476,Low,Low,0.041165768266809864,0.917984035245075,0.04085019648811513
29685,38685,Medium,Medium,0.03165536789252277,0.031023086401082495,0.9373215457063947
8656,17656,Low,Medium,0.03493803267335519,0.030939802513879424,0.9341221648127652
24414,33414,Medium,Medium,0.027583679168019206,0.026563870735438287,0.9458524500965426
12709,21709,Medium,Medium,0.034347134622779246,0.042855739272489285,0.9227971261047315
2822,11822,Medium,High,0.9209600652059912,0.03697670093406116,0.04206323385994771
31245,40245,High,High,0.8650030334399962,0.03944568176241373,0.09555128479759016
31140,40140,High,High,0.9311396737769883,0.03192469851022197,0.036935627712789944
13882,22882,Medium,Medium,0.039096423817657454,0.0346616984989451,0.9262418776833975
10429,19429,Medium,Medium,0.03203520068920737,0.03201968394974719,0.9359451153610454
14038,23038,High,High,0.7118178544706568,0.03656382027076093,0.25161832525858235
20042,29042,Medium,Medium,0.034063057484329924,0.03414089003284727,0.9317960524828228
28655,37655,Medium,Medium,0.035288836687103364,0.03312619190309384,0.9315849714098028
23703,32703,Medium,Medium,0.03115464787348526,0.030135582896952205,0.9387097692295626
17997,26997,Medium,Medium,0.030464068532869194,0.02986483991896223,0.9396710915481686
38205,47205,Low,Low,0.033755178688384034,0.9347094856818781,0.031535335629737926
19026,28026,Medium,Medium,0.032901144056988296,0.34858223068932287,0.6185166252536889
24644,33644,Medium,Medium,0.03327020972262729,0.031628347880549135,0.9351014423968236
19011,28011,Medium,Medium,0.032288606197405346,0.030789295032205084,0.9369220987703896
22232,31232,High,High,0.9398222263431109,0.029403367229091804,0.03077440642779732
23689,32689,Medium,Medium,0.04232563367215323,0.03394965634364778,0.923724709984199
5274,14274,Low,Low,0.031554920835930034,0.9297405431310035,0.03870453603306646
6896,15896,High,High,0.7699870423907288,0.051784300694619256,0.17822865691465192
20671,29671,Medium,Medium,0.033962099152880516,0.037015337964053395,0.9290225628830662
30155,39155,Low,Low,0.031916341687683134,0.9071022865606535,0.060981371751663405
11902,20902,Low,Low,0.03999922430564152,0.7563226081565441,0.20367816753781445
39043,48043,Low,Low,0.04907598692119756,0.8568007740001814,0.0941232390786211
2288,11288,Low,Low,0.0329784320778825,0.9356483178852871,0.03137325003683029
804,9804,Medium,Medium,0.034119116575798476,0.03170554797541647,0.9341753354487851
39964,48964,Medium,Medium,0.03498664333171619,0.03443562610770414,0.9305777305605796
25353,34353,High,High,0.936636151572244,0.030172870106125557,0.033190978321630614
11456,20456,High,High,0.9358999971186654,0.02956701199327179,0.034532990888062796
34244,43244,Medium,Medium,0.031179095066893453,0.030241225293101665,0.9385796796400049
39196,48196,High,High,0.9271465912025425,0.03810450005086649,0.03474890874659098
13349,22349,Medium,Medium,0.031474486130632084,0.03105459387363412,0.9374709199957337
22130,31130,High,High,0.934172128783804,0.03066063575675129,0.03516723545944472
31075,40075,Low,Low,0.030000834444180658,0.922286414223901,0.04771275133191833
8555,17555,High,High,0.9349532682310837,0.03354058922509066,0.031506142543825534
20408,29408,Low,Low,0.031722685003814456,0.9293706683611092,0.0389066466350764
30148,39148,Low,Low,0.028884852681337392,0.9407053927934718,0.030409754525190912
11482,20482,Low,Low,0.03005406734046623,0.9272528975430191,0.04269303511651459
34116,43116,Medium,Medium,0.040517806009859485,0.045695090640890786,0.9137871033492497
27088,36088,High,High,0.9365090893047571,0.030923765141018078,0.03256714555422479
38865,47865,Medium,Medium,0.0317933123219084,0.031359526213611606,0.9368471614644801
9523,18523,Medium,Medium,0.03788636074368063,0.03685310763735275,0.9252605316189667
2703,11703,High,High,0.9222598749025906,0.03135212180796924,0.046388003289440156
30577,39577,Medium,Medium,0.04565634555458518,0.032245164725938816,0.922098489719476
2126,11126,High,High,0.9213241435976455,0.0324142722680506,0.046261584134304035
23229,32229,Medium,Medium,0.03171130578554646,0.03279291691799863,0.9354957772964548
34858,43858,Low,Low,0.028065087738038116,0.941104471012388,0.030830441249573837
35322,44322,High,High,0.9232917177913643,0.03503502760909738,0.04167325459953833
29992,38992,Medium,Medium,0.036700769056282535,0.035101268944326115,0.9281979619993913
26895,35895,High,High,0.9360867812209545,0.02990004669023627,0.03401317208880933
5786,14786,Medium,Medium,0.03310755714161632,0.0315137398227433,0.9353787030356404
14345,23345,Medium,Medium,0.03858341855637271,0.03576852403667488,0.9256480574069524
28754,37754,Low,Low,0.03238364479192693,0.9335058829403047,0.0341104722677684
27611,36611,High,High,0.9174885279800503,0.0342316054132071,0.048279866606742584
39074,48074,Medium,Medium,0.033282774172072725,0.031096303328938108,0.9356209224989892
16952,25952,Medium,Medium,0.031145882762617483,0.030141769833428787,0.9387123474039537
15580,24580,Medium,Medium,0.037815528667556865,0.03107272235037108,0.9311117489820719
17577,26577,High,Medium,0.03268892278392038,0.0313217516379472,0.9359893255781325
29153,38153,Low,Low,0.03096994331788544,0.9378994948639794,0.03113056181813517
14634,23634,Low,Low,0.03356060969525255,0.9334687409904053,0.03297064931434216
38959,47959,High,High,0.9368321743589826,0.031099336550170702,0.03206848909084683
16775,25775,High,Medium,0.043013968332965384,0.034189223515938026,0.9227968081510965
17345,26345,High,High,0.9303723964929992,0.03777455689970721,0.031853046607293635
12769,21769,Low,Low,0.03734473601363322,0.9238287355477374,0.03882652843862933
20067,29067,Low,Low,0.03890470081844687,0.9029727490943475,0.05812255008720568
29652,38652,Low,Low,0.029954077025879714,0.9375709172985752,0.032475005675545024
25488,34488,Medium,Medium,0.04230989872420602,0.26863326333496657,0.6890568379408274
20328,29328,Medium,High,0.9296980010224373,0.034867810851815374,0.03543418812574738
15678,24678,High,High,0.9309421261150567,0.03147815623882435,0.03757971764611912
34840,43840,Medium,Medium,0.03620496414001159,0.03551021523923073,0.9282848206207577
10720,19720,Medium,Medium,0.029157293656901773,0.028787619459332763,0.9420550868837655
11550,20550,High,High,0.9302829036337347,0.03467603781107549,0.0350410585551898
7797,16797,Medium,Medium,0.031223118982247444,0.029628523137368922,0.9391483578803835
15823,24823,Medium,Medium,0.037572824652641605,0.03565228278653706,0.9267748925608214
12765,21765,High,High,0.933899195429945,0.0298901808780043,0.036210623692050685
39027,48027,High,High,0.9303955375980649,0.03422079324842827,0.035383669153506804
12794,21794,Low,Low,0.03158424861838304,0.9350359087709593,0.03337984261065767
29088,38088,Low,Low,0.031100572190408047,0.9323376814176368,0.03656174639195511
578,9578,Medium,Medium,0.031667935026575056,0.31446743700044094,0.6538646279729841
31884,40884,Medium,Medium,0.03206396448259901,0.030621159289367237,0.9373148762280338
27351,36351,Low,Low,0.046781150094389747,0.9183512910377402,0.03486755886787008
18897,27897,Medium,Medium,0.03294155838091497,0.032868536304105626,0.9341899053149795
33253,42253,Low,Low,0.04944321715001984,0.8982029655812268,0.05235381726875332
37085,46085,Medium,Medium,0.033611754409174154,0.03029220443514331,0.9360960411556826
1874,10874,High,High,0.9325604116924436,0.030220916208138132,0.03721867209941834
28286,37286,Medium,Medium,0.03016654104253731,0.07638567130305834,0.8934477876544044
5669,14669,Medium,Medium,0.12053431718465461,0.03616059973476848,0.843305083080577
36633,45633,High,Medium,0.03248652756770434,0.030845426571454906,0.9366680458608406
17161,26161,High,High,0.9377165825082899,0.030147099991430185,0.03213631750027996
20375,29375,Medium,Medium,0.035079438915094206,0.03916380642557868,0.9257567546593272
31734,40734,Medium,Medium,0.035443059814397854,0.03077109527745825,0.9337858449081439
5049,14049,High,High,0.9332547066309335,0.033031382848774875,0.03371391052029163
37331,46331,High,High,0.9272023431904888,0.03818610869425756,0.03461154811525374
11494,20494,High,High,0.9095648878242549,0.03598745526771662,0.0544476569080286
31527,40527,Medium,Medium,0.03358838013116355,0.0354243337384027,0.9309872861304337
29241,38241,Medium,Medium,0.03288354937682336,0.03070112952009967,0.9364153211030769
1664,10664,Medium,Medium,0.032035264055499064,0.030401215556133333,0.9375635203883678
30964,39964,High,High,0.9349716249630112,0.028955771405565878,0.03607260363142296
38353,47353,Low,Low,0.04595695012354777,0.9122366888657251,0.04180636101072705
12849,21849,Medium,Medium,0.030721434973033975,0.031272083089816716,0.9380064819371494
20973,29973,High,High,0.930698751847905,0.034301677711278455,0.03499957044081655
13885,22885,Low,Low,0.03559518876698916,0.9238091395375689,0.0405956716954419
16576,25576,Medium,Medium,0.03282263271708375,0.09931109141979777,0.8678662758631184
25661,34661,Medium,Medium,0.033468189709385664,0.03012231225669772,0.9364094980339166
2567,11567,High,Low,0.029912441107650598,0.9311662471821921,0.03892131171015731
10370,19370,High,High,0.9379368158246741,0.03040289952164842,0.03166028465367766
18878,27878,Low,Low,0.038277394315260144,0.9217637084688167,0.03995889721592325
19660,28660,Medium,Medium,0.04166453875171552,0.03582109073683134,0.9225143705114531
4653,13653,Medium,Medium,0.03542751636860742,0.0365220552342552,0.9280504283971373
28905,37905,Medium,Medium,0.03465149293702998,0.03277063606069377,0.9325778710022763
9935,18935,Medium,Medium,0.03206411234499878,0.030727730487523888,0.9372081571674773
11758,20758,Medium,Medium,0.032905216185982716,0.03155084104487491,0.9355439427691423
37537,46537,Medium,Medium,0.029927173844612878,0.02952168960310228,0.9405511365522847
28431,37431,Medium,Medium,0.034772001644521176,0.03559951693090644,0.9296284814245723
23602,32602,Medium,Medium,0.03181297804100324,0.031255248545515486,0.9369317734134812
3093,12093,Low,Medium,0.031626969451795495,0.03164853265319487,0.9367244978950096
29552,38552,Medium,Medium,0.037046594609300786,0.036607005665165136,0.9263463997255341
873,9873,Medium,High,0.6155515278916518,0.03581358918039478,0.34863488292795347
33013,42013,Low,Low,0.040309602857561765,0.919167679127046,0.040522718015392103
28578,37578,Medium,Medium,0.031364669718508965,0.03081475894529989,0.9378205713361911
7466,16466,High,High,0.9371248317044975,0.030496725722383544,0.03237844257311904
19360,28360,Low,Low,0.03054490505579292,0.9338408393182108,0.03561425562599629
3490,12490,Medium,Medium,0.03142611522365409,0.03106413158246928,0.9375097531938765
17287,26287,Medium,Medium,0.03457843881892411,0.03286892837821525,0.9325526328028606
307,9307,Medium,Medium,0.03214990024472868,0.030370925112982936,0.9374791746422885
38392,47392,Low,Low,0.036536801631612804,0.9139419994065987,0.04952119896178855
34623,43623,High,Low,0.03546488259529535,0.9309261218247838,0.03360899557992079
21261,30261,High,High,0.9352398438893489,0.029293074298153265,0.035467081812497886
24920,33920,High,Low,0.0377207230948963,0.9268937782133095,0.035385498691794144
6743,15743,Medium,Medium,0.030894635376467788,0.03093135184044638,0.9381740127830858
14103,23103,High,High,0.9049046498634659,0.0379550818699294,0.057140268266604795
25538,34538,High,High,0.9333358779922984,0.030558553741240446,0.03610556826646107
18231,27231,Low,Low,0.04867204976905828,0.900873491415133,0.05045445881580866
18651,27651,High,High,0.9343426981266689,0.030312711548154615,0.03534459032517648
34089,43089,High,High,0.9304568077935841,0.03258529517944004,0.03695789702697584
9489,18489,Medium,Medium,0.032817183759805614,0.03039074334985407,0.9367920728903404
7783,16783,High,High,0.9331094526469906,0.031210269382348454,0.035680277970660944
33536,42536,Medium,Medium,0.03263390550147854,0.032837754040646185,0.9345283404578751
33178,42178,Medium,Medium,0.04270925034611648,0.030490641617666497,0.926800108036217
4780,13780,Medium,Medium,0.03140613772975042,0.031228532457697685,0.9373653298125518
545,9545,High,High,0.9311869751748197,0.03254359595385018,0.03626942887133011
36695,45695,Medium,Medium,0.030883674843206182,0.03153770192455243,0.9375786232322415
26560,35560,Medium,Medium,0.03290470415532449,0.0314993527282268,0.9355959431164487
7160,16160,Medium,Medium,0.03186587790911463,0.03872519228029971,0.9294089298105855
30201,39201,Low,Medium,0.041156273440933706,0.3694494249418326,0.5893943016172337
2161,11161,Medium,Medium,0.0327188224115297,0.031597453575839624,0.9356837240126307
25451,34451,Medium,High,0.6567870281178566,0.03826788733455528,0.30494508454758823
16230,25230,Medium,Medium,0.031494190147442876,0.03207558258494871,0.9364302272676084
18219,27219,Low,Low,0.028044790024961203,0.9411566634476585,0.03079854652738026
12006,21006,Low,Low,0.029681265486440605,0.9401199382681792,0.03019879624538017
11628,20628,High,High,0.8827965103089693,0.053518389596041126,0.06368510009498958
36578,45578,Medium,Medium,0.031901460624693796,0.032508080680312794,0.9355904586949935
7067,16067,Medium,Medium,0.03628592109490346,0.03204624990994411,0.9316678289951525
23068,32068,Medium,Medium,0.03341653827217225,0.033538079714328865,0.9330453820134988
25605,34605,Medium,Medium,0.033253756023963084,0.033015703143773716,0.9337305408322633
34080,43080,Low,Low,0.03275507744848965,0.9313457699847577,0.0358991525667527
26647,35647,High,High,0.9365297062306301,0.030927889052599893,0.032542404716769995
31611,40611,Medium,Medium,0.033248583301421795,0.031425147575880615,0.9353262691226977
29958,38958,Medium,Medium,0.04440588188512975,0.03730023279091162,0.9182938853239585
7345,16345,Medium,Medium,0.03230608103152852,0.03231265617925422,0.9353812627892172
19237,28237,Medium,Medium,0.03517574097756118,0.031359032961045,0.9334652260613939
9801,18801,High,High,0.928060010323673,0.029878151483005603,0.042061838193321266
8652,17652,Medium,Medium,0.03127211467466192,0.030822940965846608,0.9379049443594915
39064,48064,Medium,Medium,0.031107887145644362,0.029390919831335776,0.9395011930230198
14242,23242,Low,Low,0.03488430408980398,0.9300176028508124,0.03509809305938352
31936,40936,Medium,Medium,0.032505034619447204,0.031033444633503524,0.9364615207470494
7247,16247,Low,Low,0.048125714856206196,0.913805270600767,0.038069014543026816
27136,36136,High,High,0.9171418804811889,0.04067225679468554,0.042185862724125556
30262,39262,Low,Low,0.030098848438642353,0.9354945537324144,0.034406597828943154
13127,22127,Low,Low,0.03225481478950221,0.9214822760875223,0.04626290912297548
6941,15941,Medium,Medium,0.03574736976196578,0.03269153139942335,0.9315610988386109
5407,14407,Medium,Medium,0.03245681102721906,0.031236497903641264,0.9363066910691397
32232,41232,Medium,Medium,0.03506760459190748,0.03204848862789478,0.9328839067801978
24193,33193,High,High,0.9218244820913011,0.03688671159148432,0.04128880631721472
25445,34445,High,High,0.9376264528323888,0.029516542182366184,0.032857004985244964
20100,29100,High,High,0.8768419257824767,0.040863435488089433,0.08229463872943392
9725,18725,Low,Low,0.03190845840523706,0.9353004709604337,0.03279107063432924
3834,12834,Medium,Medium,0.03289179253618931,0.03244759156485246,0.9346606158989582
8037,17037,Medium,Medium,0.03547077425579278,0.03198464175875824,0.932544583985449
17919,26919,Medium,Medium,0.04326375845947269,0.03861777572588765,0.9181184658146396
33790,42790,Medium,Medium,0.03181796310824331,0.03172657928951811,0.9364554576022387
39487,48487,Medium,Medium,0.042225361245162914,0.040386628067445036,0.9173880106873921
10633,19633,Low,Low,0.03432204929112276,0.9299367331229397,0.03574121758593763
16170,25170,Medium,Medium,0.03154388661209107,0.030927993716548075,0.9375281196713608
36900,45900,Medium,Medium,0.03270407961046312,0.03207636447548066,0.9352195559140561
13764,22764,Medium,Medium,0.03560304493307888,0.03792535980891008,0.926471595258011
23301,32301,Low,Low,0.03305971789797509,0.9343930673308353,0.03254721477118958
20650,29650,Medium,Medium,0.02704858666683384,0.026549059298378364,0.9464023540347878
13022,22022,High,High,0.9384299267690223,0.029370010964768167,0.032200062266209604
4360,13360,High,High,0.9354665243233784,0.03118474394871859,0.03334873172790295
25998,34998,Medium,Medium,0.03418514059871823,0.032922552583347704,0.9328923068179341
33122,42122,Low,Low,0.045159553060829825,0.9209616056760092,0.03387884126316101
1373,10373,High,High,0.9261208559590486,0.03355055675086165,0.04032858729008967
22015,31015,High,High,0.8871187450041592,0.04408386023634011,0.06879739475950072
36595,45595,Low,Low,0.030028284717945216,0.9342141523253193,0.035757562956735385
4273,13273,High,High,0.9377887366189676,0.030773860091210897,0.031437403289821475
17078,26078,High,Medium,0.035500652127264394,0.032517362900887754,0.9319819849718479
5127,14127,High,High,0.9365703133174131,0.029842994496836053,0.033586692185750805
38149,47149,Medium,Medium,0.028579340220213065,0.03574556072531677,0.9356750990544702
30999,39999,High,High,0.931550809284977,0.031568339220588916,0.03688085149443403
3926,12926,High,Medium,0.03186492512727255,0.032223668758270034,0.9359114061144574
10115,19115,Medium,Low,0.032795350415480776,0.9337948467852373,0.03340980279928179
1197,10197,Low,Low,0.03267128693266383,0.9325446982925453,0.03478401477479096
2606,11606,Medium,Medium,0.032706066090343565,0.03199948273151316,0.9352944511781432
28240,37240,Medium,Medium,0.037788747483399374,0.04509513420589117,0.9171161183107094
25923,34923,High,High,0.9308763914519687,0.036708225839422313,0.032415382708609004
19450,28450,High,High,0.9381520139163703,0.02941250020026842,0.03243548588336143
3805,12805,Medium,Medium,0.0330879390727993,0.03263119531573694,0.934280865611464
37407,46407,Low,Low,0.03633871940564232,0.9244279875725296,0.039233293021827986
17810,26810,Low,Low,0.029494731395365226,0.9346224714944703,0.035882797110164504
2307,11307,Medium,Medium,0.03246878247539387,0.03274680748150292,0.9347844100431032
16968,25968,Low,Low,0.03716260591745157,0.9293180037369507,0.03351939034559767
19173,28173,Low,Low,0.03136107648956924,0.935140663736823,0.03349825977360769
7139,16139,High,High,0.9211494984972181,0.037839700431046334,0.04101080107173558
6043,15043,Medium,Medium,0.036397670631328476,0.03708751963499223,0.9265148097336793
20796,29796,Low,Low,0.03579908415320772,0.9264684946176711,0.03773242122912117
23964,32964,High,High,0.9243140954927801,0.03285415776026035,0.04283174674695948
25748,34748,High,High,0.935732785710154,0.028846619225722254,0.03542059506412395
21679,30679,Medium,Medium,0.03682346056812794,0.030993931706395833,0.9321826077254762
24485,33485,Medium,Medium,0.03764338349497346,0.03250544132251167,0.9298511751825149
20863,29863,Low,Low,0.03810649857732586,0.8976712214569874,0.06422227996568673
31032,40032,High,High,0.9305474023713664,0.028355312564841705,0.04109728506379193
34608,43608,Medium,Medium,0.030968025595146664,0.030085009281891683,0.9389469651229616
12055,21055,Medium,Medium,0.029211958893162842,0.06144181715279015,0.9093462239540471
36640,45640,Medium,Medium,0.035398900693512515,0.028684789202664773,0.9359163101038227
8234,17234,High,High,0.9400685559255132,0.027923684199106957,0.03200775987537977
6806,15806,High,High,0.9258801020163713,0.04180726376328067,0.03231263422034807
23001,32001,Low,Low,0.03052156980756141,0.935147047594855,0.03433138259758359
30915,39915,Medium,Medium,0.03378807252795127,0.03109826434349895,0.9351136631285497
35586,44586,Low,Low,0.03508872700453727,0.9185110432257574,0.04640022976970524
33302,42302,High,High,0.9327437654197442,0.03042927685872883,0.03682695772152704
7618,16618,High,High,0.9385732352142973,0.029309183479434148,0.03211758130626863
20551,29551,Medium,Medium,0.03207730189939692,0.03146116292295432,0.9364615351776489
650,9650,High,High,0.9161925936087442,0.041149942006772015,0.04265746438448371
8615,17615,Low,Low,0.02961579939109409,0.9374005053342963,0.032983695274609696
3591,12591,Low,Low,0.0306343383749221,0.9314773470970265,0.037888314528051546
39913,48913,High,High,0.9420230313132271,0.027595382293882864,0.03038158639288995
7583,16583,High,High,0.9327059778524175,0.029300575661883165,0.037993446485699245
27129,36129,Medium,Medium,0.038758341848349497,0.036466056891383776,0.9247756012602667
28531,37531,Medium,Medium,0.04259141105329204,0.03486092808056027,0.9225476608661477
35916,44916,Medium,Medium,0.03257606305862113,0.03296168435499491,0.934462252586384
12445,21445,Medium,Medium,0.03360209087539373,0.030524360621148158,0.9358735485034582
21764,30764,Low,Low,0.0349220600550287,0.7309494770340511,0.23412846291092024
19554,28554,High,High,0.9333291310508502,0.03493136981436474,0.03173949913478502
38332,47332,Medium,Medium,0.03230935924684372,0.030513731213165352,0.9371769095399909
8151,17151,High,High,0.9208325079283082,0.03814484805504834,0.04102264401664352
27531,36531,Low,Low,0.03352975227145419,0.9332544323419668,0.03321581538657912
12110,21110,Medium,Medium,0.03249137723997351,0.03312094193419328,0.9343876808258331
7594,16594,Low,Low,0.034308101782193255,0.9255861540168647,0.04010574420094186
9260,18260,Medium,Medium,0.03244916738151735,0.032602927553453016,0.9349479050650297
8670,17670,Medium,Medium,0.03744492640148237,0.03229192271473475,0.9302631508837829
24722,33722,High,High,0.9342796193828052,0.032132097526751065,0.03358828309044359
7377,16377,Medium,Medium,0.03513182437993841,0.03770256550832791,0.9271656101117336
31271,40271,Medium,Medium,0.030681998257744026,0.035229676078520074,0.9340883256637359
16649,25649,Medium,Medium,0.03600329545408392,0.03127948185473037,0.9327172226911857
24505,33505,Medium,Medium,0.03057382872548574,0.03755075469708475,0.9318754165774296
25426,34426,Medium,Medium,0.030368548713328294,0.03074331330677348,0.9388881379798982
4792,13792,Medium,Medium,0.031454346781467364,0.03132061605039962,0.9372250371681331
27446,36446,Low,Low,0.03334187658992707,0.9342213524961537,0.032436770913919166
3099,12099,Medium,Medium,0.032948332218666936,0.03513888706783366,0.9319127807134994
12602,21602,Low,Low,0.039275216018225645,0.9126438151255097,0.04808096885626475
4028,13028,Medium,Medium,0.03862074438625513,0.03947763476903873,0.9219016208447061
32418,41418,High,High,0.9077960822953711,0.04831703984989372,0.04388687785473516
25955,34955,Medium,Medium,0.03255884574036819,0.0320737223903902,0.9353674318692415
13452,22452,Medium,Medium,0.032252032813460056,0.030050165920011727,0.9376978012665281
13898,22898,Medium,Medium,0.03128110507131445,0.03037949965298528,0.9383393952757002
25874,34874,Low,Low,0.028098694809902014,0.9407726116974274,0.031128693492670546
37216,46216,Medium,Medium,0.031969746322398046,0.03721455388093258,0.9308156997966694
35262,44262,Low,Low,0.037729744978602056,0.9067064595273987,0.05556379549399917
17372,26372,Medium,Medium,0.03125952162888284,0.042692640544994866,0.9260478378261223
2682,11682,Medium,Medium,0.04133365406590081,0.03523631176141748,0.9234300341726818
28111,37111,High,High,0.9296186982784191,0.033246493828822506,0.03713480789275842
18242,27242,High,High,0.6817050680805595,0.05106925748935531,0.26722567443008516
22512,31512,Medium,Medium,0.032504231454931184,0.03149273995788243,0.9360030285871864
2255,11255,Medium,Medium,0.03672266826374807,0.031947841445538215,0.9313294902907137
23676,32676,High,High,0.9316944228194579,0.03410253743963495,0.034203039740907076
27735,36735,High,High,0.9006823634369385,0.05996596066691993,0.03935167589614146
25270,34270,Low,Low,0.030044455187516275,0.9357688324388169,0.03418671237366688
9394,18394,Low,Low,0.03847874484083295,0.9044866464296698,0.05703460872949712
11789,20789,Medium,Medium,0.05089321698538559,0.08356761156808605,0.8655391714465285
29676,38676,Medium,High,0.9367632733629706,0.029602531795025252,0.033634194842004146
29719,38719,Medium,Medium,0.03595013564484154,0.03355685570156377,0.9304930086535946
29800,38800,High,High,0.9345368938226531,0.02997096547143129,0.03549214070591561
33576,42576,Medium,Medium,0.031406963554670354,0.030508124498718633,0.9380849119466109
29169,38169,Medium,Medium,0.030976016631554887,0.03086470935409205,0.9381592740143531
32105,41105,Low,Low,0.029430620352741882,0.9361969838193608,0.03437239582789733
7256,16256,Low,Medium,0.03719141625550899,0.03307105442309138,0.9297375293213995
10148,19148,High,High,0.9163158340190624,0.037440060170988505,0.04624410580994918
20529,29529,High,High,0.9382447460264519,0.02955710746249951,0.032198146511048555
19569,28569,Medium,Medium,0.03280616407018879,0.032095872825038396,0.9350979631047728
32917,41917,Medium,Medium,0.03254177305741197,0.03355396721901812,0.9339042597235698
30445,39445,Low,Low,0.02998644616946672,0.9243775280382831,0.04563602579225013
36259,45259,Medium,Medium,0.0408798476044096,0.040124796062723685,0.9189953563328667
13175,22175,Medium,Medium,0.03255824513747629,0.03096937152418755,0.936472383338336
22186,31186,Low,Low,0.033045620579654364,0.9196205742532099,0.04733380516713579
27502,36502,Low,Low,0.03102972120453985,0.9334593559981771,0.03551092279728319
13847,22847,High,High,0.9383144831711429,0.02908275427553966,0.03260276255331749
36696,45696,Low,Low,0.03094727400652551,0.9247499817987747,0.04430274419469974
30636,39636,Low,High,0.9304293675869166,0.033604713113150074,0.03596591929993334
25651,34651,Low,Low,0.03389164309613255,0.9319502882695386,0.03415806863432877
27209,36209,Medium,Medium,0.03340629490004548,0.03517791395642999,0.9314157911435245
26867,35867,High,High,0.9359379830822975,0.029568285360215302,0.03449373155748713
25066,34066,Low,Low,0.032944218161714466,0.9345412641734624,0.03251451766482317
4424,13424,Low,Low,0.06003547873814824,0.8361708497620554,0.10379367149979644
10133,19133,Medium,Medium,0.06115191310797594,0.05370346972247079,0.8851446171695532
31137,40137,Low,Low,0.029931268992960433,0.9282808902262981,0.0417878407807414
33555,42555,High,Medium,0.06548803455407971,0.03496005273253713,0.8995519127133832
30938,39938,Low,Low,0.02786254055849988,0.9374672582958091,0.03467020114569099
26039,35039,Medium,High,0.937532107654556,0.029149015059815157,0.033318877285628844
39134,48134,High,High,0.9333610422509935,0.035660922863842946,0.030978034885163496
17336,26336,High,High,0.9348371179326534,0.030317782834738658,0.034845099232607805
20121,29121,Low,Low,0.04095221048591593,0.9154835605230849,0.043564228990999064
8386,17386,Low,Medium,0.032134479366112426,0.06496298482417244,0.9029025358097152
32633,41633,Medium,Medium,0.03174929366130979,0.030672475499000897,0.9375782308396893
30977,39977,Medium,Medium,0.03536069314105391,0.03311443725833468,0.9315248696006114
31013,40013,Medium,Medium,0.03658274408796738,0.04073016217772301,0.9226870937343096
28340,37340,Medium,Medium,0.03274596634405873,0.03153106007155984,0.9357229735843814
11769,20769,Medium,Medium,0.03342683753795228,0.03147393131823322,0.9350992311438144
306,9306,Low,Low,0.03346430721522591,0.9206821577100218,0.045853535074752226
32488,41488,Medium,Medium,0.034508310176183325,0.03260695759578977,0.9328847322280268
30685,39685,Medium,Medium,0.040376965002237745,0.04338876247013403,0.9162342725276282
26226,35226,High,High,0.9360228888468126,0.029883045445424933,0.0340940657077624
10417,19417,Medium,Medium,0.03059517952365473,0.031126269933628464,0.9382785505427167
38049,47049,Low,Low,0.0339705990481981,0.9332284680853119,0.03280093286649011
35609,44609,High,Medium,0.03211848101853185,0.031092716350460778,0.9367888026310074
2256,11256,Low,Medium,0.03217810835282937,0.030966111815401737,0.9368557798317689
33753,42753,Medium,Medium,0.03157095274492968,0.030155500740148555,0.9382735465149218
14843,23843,Medium,Low,0.03309579402548196,0.9238921579726123,0.04301204800190575
9726,18726,Low,Low,0.0425054363681548,0.9217968570457948,0.035697706586050315
16096,25096,Medium,Medium,0.03216154479466427,0.031101448064985462,0.9367370071403501
25089,34089,Low,Low,0.031488305984607674,0.9100470508913855,0.05846464312400665
28010,37010,Low,Low,0.03231687440101594,0.8970739496126289,0.07060917598635531
31098,40098,Low,Low,0.03333195623079133,0.9321442073547109,0.03452383641449764
12308,21308,Medium,Medium,0.030685668292331363,0.030533439163248337,0.9387808925444202
7423,16423,High,High,0.9371002229687697,0.02989880120747841,0.03300097582375177
39738,48738,High,High,0.937603737427748,0.030754406571659523,0.03164185600059232
9361,18361,High,High,0.9286540908591387,0.03798217118822222,0.03336373795263909
20477,29477,Low,Low,0.048665172854119254,0.9118958348561229,0.039438992289757786
22177,31177,Low,Low,0.03645206513200808,0.9236803696406262,0.03986756522736582
38612,47612,Medium,Medium,0.029415013768852628,0.03681415992637977,0.9337708263047676
31460,40460,Medium,Medium,0.033565679620602466,0.036044166907394794,0.9303901534720027
434,9434,Medium,Medium,0.033753076144273274,0.031075402315646632,0.93517152154008
12874,21874,High,High,0.9188400175476309,0.034300296070203615,0.04685968638216544
36044,45044,High,High,0.9286159021877752,0.030727850329721265,0.040656247482503606
22535,31535,Medium,Medium,0.03158432262679356,0.03085012151336244,0.937565555859844
39774,48774,Medium,Medium,0.03483739183889254,0.03214977093430735,0.9330128372268001
12085,21085,High,High,0.9303434834036967,0.0324761951552853,0.03718032144101804
34546,43546,Low,Low,0.031075031673390957,0.9285567595137256,0.04036820881288332
3445,12445,Medium,Medium,0.05249548551363833,0.03747235280579407,0.9100321616805674
25024,34024,High,High,0.9340648394861312,0.03351740773879024,0.03241775277507864
1399,10399,Medium,Medium,0.033388898863505746,0.04680903815027743,0.9198020629862169
14497,23497,Low,Low,0.027428479836849377,0.9418961602777088,0.030675359885441622
24534,33534,Medium,Medium,0.03275915389630626,0.03381555613342432,0.9334252899702694
8823,17823,Low,Low,0.028837896134291163,0.941359657414075,0.029802446451633754
21260,30260,Medium,Medium,0.0606192326953415,0.03877861142780402,0.9006021558768545
37338,46338,Low,Low,0.03171066819531426,0.9354631348354419,0.0328261969692439
20618,29618,Medium,Medium,0.03408478499267973,0.033800413234879666,0.9321148017724407
19115,28115,Medium,Medium,0.03372966823376334,0.035025229776011364,0.9312451019902253
20922,29922,Medium,Medium,0.06658527002474975,0.03328948336579484,0.9001252466094553
12513,21513,Medium,Medium,0.03244944520476132,0.03195645143950478,0.9355941033557339
36359,45359,High,High,0.9373030963342547,0.03168277653076016,0.031014127134985307
12164,21164,High,High,0.9306741926873515,0.03472249439047371,0.03460331292217483
3094,12094,Medium,Medium,0.039635272550944706,0.2784657940776117,0.6818989333714436
25631,34631,Low,Low,0.03730605814067364,0.9302344327288177,0.03245950913050877
11987,20987,Medium,Medium,0.03584869684670643,0.03309840690969961,0.9310528962435939
10963,19963,Medium,Medium,0.04896323809746984,0.04427639759022849,0.9067603643123018
8161,17161,Low,Low,0.032144264668993235,0.895948721068712,0.0719070142622948
12489,21489,High,High,0.9224892736536848,0.031228762493736614,0.04628196385257846
6244,15244,Medium,Medium,0.030785196587820838,0.03125930473867344,0.9379554986735057
38195,47195,Medium,Medium,0.03041464488067527,0.030354069357233282,0.9392312857620916
27365,36365,Low,Low,0.03371601647227154,0.932993128586269,0.033290854941459364
29258,38258,Medium,Medium,0.03342515280352986,0.03255305990419106,0.9340217872922789
17611,26611,Low,Low,0.03822362329948494,0.9177049102428431,0.0440714664576719
22331,31331,Medium,Medium,0.05436148711905702,0.15107645938503736,0.7945620534959056
21607,30607,Medium,Medium,0.03287254550990054,0.030229859361658524,0.9368975951284408
9899,18899,Low,Low,0.029624909573783945,0.9304673816631531,0.03990770876306301
27036,36036,High,High,0.9322002669939061,0.034400265514541395,0.03339946749155251
31887,40887,Medium,Medium,0.03028653417217937,0.09917912288543108,0.8705343429423894
26607,35607,High,High,0.9390162450045879,0.029134502158261907,0.03184925283715005
30224,39224,Medium,Medium,0.031825611204324006,0.031662493961365355,0.9365118948343106
7595,16595,Medium,Medium,0.03436737363620956,0.03367384094530965,0.9319587854184808
1280,10280,Medium,Medium,0.03571510440877054,0.03200345112209969,0.9322814444691296
2961,11961,Medium,High,0.9338458939189005,0.03116023285458362,0.034993873226515815
15661,24661,Medium,Medium,0.03638413609505085,0.03241607025253142,0.9311997936524178
4332,13332,Medium,Medium,0.03410201937243123,0.03549159831614853,0.9304063823114203
21740,30740,Low,Low,0.03512980438695607,0.9217471792030757,0.0431230164099683
15736,24736,Low,Low,0.032303554177118075,0.9330320967114637,0.03466434911141814
9088,18088,High,Medium,0.20159257493102822,0.05789579998146153,0.7405116250875103
6788,15788,High,High,0.9313874415175315,0.034654248480907986,0.033958310001560535
18081,27081,Low,Low,0.040473201675227055,0.918848780353149,0.04067801797162394
19986,28986,Low,Low,0.029896931026974733,0.9319739969349637,0.03812907203806138
28322,37322,High,High,0.9371155503918605,0.030376924365576142,0.03250752524256336
36830,45830,Medium,Medium,0.032985162766342044,0.03149216234160813,0.9355226748920499
34057,43057,Low,Low,0.033702461814940944,0.7911524384203598,0.1751450997646993
618,9618,High,High,0.9323023492116631,0.028766264738982115,0.038931386049354914
3618,12618,Medium,Medium,0.0641751156446376,0.04612832543832548,0.8896965589170369
5167,14167,High,High,0.9271701953625052,0.033279700632814095,0.03955010400468062
25623,34623,Low,Low,0.03084438128282488,0.9199683954404891,0.04918722327668601
7841,16841,Low,Low,0.034669622698807745,0.9251461957470051,0.040184181554187355
28290,37290,Medium,Medium,0.03279151335726304,0.03150637988353825,0.9357021067591988
39546,48546,Medium,Medium,0.031413211161804865,0.030379434920843152,0.938207353917352
15761,24761,Low,Medium,0.03399375695907877,0.037058377824263286,0.928947865216658
5295,14295,Medium,Medium,0.05323191430777571,0.08004687655269861,0.8667212091395257
25849,34849,High,High,0.9374821791668492,0.03043543271277235,0.03208238812037847
33104,42104,High,High,0.9289341877440269,0.03508517782325211,0.035980634432720975
21468,30468,High,High,0.9329616310417629,0.030207563743016308,0.03683080521522087
32462,41462,Medium,Medium,0.030920626748176767,0.031152830776287957,0.9379265424755353
9539,18539,High,High,0.9321704934370113,0.035884928623142756,0.031944577939845904
3520,12520,High,Medium,0.03136974561878756,0.029958286075311452,0.938671968305901
16093,25093,High,High,0.934431622178214,0.03015153387664138,0.03541684394514453
38667,47667,Low,Low,0.0336207216335861,0.9344733555827801,0.03190592278363389
22660,31660,Medium,Medium,0.031921029706799095,0.030566071047683923,0.9375128992455171
32949,41949,Low,Low,0.03283385405506891,0.9224986683852251,0.044667477559705904
1170,10170,High,High,0.9317215838734348,0.03182271679906784,0.036455699327497336
23705,32705,Low,Low,0.030266224311558454,0.937764169939658,0.031969605748783464
5186,14186,High,High,0.9223898303786363,0.03888813561404095,0.03872203400732277
10906,19906,High,High,0.9134867463899782,0.03591428081102132,0.05059897279900049
14079,23079,Medium,Low,0.04044244265008636,0.72545001463474,0.23410754271517364
20256,29256,High,High,0.9363653592058921,0.031218476666961814,0.032416164127145965
19045,28045,Medium,Medium,0.03236043034623933,0.032460171649633544,0.9351793980041271
35237,44237,Medium,Medium,0.034283031432914175,0.02895776149097083,0.9367592070761152
39404,48404,Medium,Medium,0.031842202434917755,0.03006359263068933,0.9380942049343929
18000,27000,High,High,0.9377785985230158,0.02926155310433691,0.032959848372647316
23824,32824,Low,Medium,0.032959465973835915,0.031157899515575665,0.9358826345105884
38673,47673,High,High,0.9191970344901083,0.0424658057127629,0.03833715979712877
25148,34148,High,High,0.9333660356397863,0.03263073618175542,0.03400322817845832
5064,14064,Medium,Medium,0.03558416304078437,0.03329734709325749,0.9311184898659581
33145,42145,Medium,Medium,0.044641665495447645,0.03843280230921106,0.9169255321953415
14030,23030,Medium,Medium,0.03348135776680126,0.03686854325338574,0.929650098979813
22284,31284,High,High,0.9121856300970982,0.042262436863832374,0.045551933039069424
37447,46447,Low,Low,0.03787918602450036,0.9173387829272731,0.04478203104822658
15059,24059,Low,High,0.9304748854186959,0.02930750086830228,0.04021761371300172
12031,21031,Low,Low,0.03449453063692786,0.9238604851213325,0.04164498424173962
30281,39281,Medium,Low,0.04444358225172355,0.5929278382706932,0.3626285794775834
466,9466,Medium,Medium,0.03165105449276139,0.04088168909419643,0.9274672564130423
33669,42669,High,High,0.9330993300208514,0.03357860700005341,0.03332206297909502
37456,46456,Low,Low,0.06223842654948714,0.8773216137062451,0.060439959744267746
17631,26631,Medium,Medium,0.03605782071202725,0.03789249697262597,0.9260496823153467
29675,38675,Medium,Medium,0.0351210346092622,0.034125997864187116,0.9307529675265506
30570,39570,Medium,Medium,0.03476261472694931,0.03212766974540187,0.9331097155276487
28302,37302,Medium,Medium,0.03632503572721565,0.033613944083818466,0.9300610201889659
17151,26151,Low,Low,0.02821756706604053,0.9408675856128089,0.03091484732115045
23970,32970,Medium,Medium,0.03215664865845088,0.03370699965903404,0.9341363516825151
26759,35759,High,High,0.9318106728485455,0.029347314498703685,0.03884201265275077
22247,31247,Medium,Medium,0.036780358998284586,0.03455727085657948,0.928662370145136
27876,36876,High,Medium,0.031106159189609146,0.03149398932472042,0.9373998514856704
21038,30038,Medium,Medium,0.04747325689024634,0.4558611056899197,0.496665637419834
15091,24091,High,High,0.9301804936171026,0.03235187119817278,0.037467635184724575
14950,23950,Low,Medium,0.03130249336289986,0.03139466728061618,0.9373028393564841
2671,11671,Medium,Medium,0.031022827902710323,0.03245361646853745,0.9365235556287522
10131,19131,Medium,Medium,0.03459265868811734,0.03629401042429097,0.9291133308875916
31310,40310,Medium,Medium,0.033171112728003584,0.032356089016024624,0.9344727982559718
5601,14601,Medium,Medium,0.03099243535978835,0.029589124601805503,0.9394184400384061
37327,46327,Low,Low,0.030661295526337253,0.9277610131874442,0.04157769128621861
11513,20513,Low,Low,0.030874098155020013,0.9328242026189568,0.03630169922602309
30479,39479,High,High,0.9327860323652026,0.032229079868083536,0.03498488776671382
33686,42686,Medium,Medium,0.0442394995572831,0.03791995697529701,0.9178405434674198
26642,35642,High,Medium,0.031332438914895906,0.03145508330440785,0.9372124777806962
5910,14910,Medium,Medium,0.03417202764100733,0.03533768345660456,0.930490288902388
23623,32623,Medium,Medium,0.03507645533253206,0.032202002192971965,0.932721542474496
35442,44442,Low,Low,0.03966417140580128,0.9244682843711812,0.03586754422301754
27703,36703,Medium,Medium,0.036498573224433006,0.045521502661050976,0.917979924114516
30646,39646,Medium,Medium,0.040027423601360086,0.05364295738008773,0.9063296190185522
1903,10903,Medium,Medium,0.03201175051833904,0.030395553596424003,0.937592695885237
13041,22041,High,High,0.9338459413347188,0.02955614736160997,0.03659791130367127
21756,30756,Medium,Medium,0.032272221141494854,0.029566132324342995,0.9381616465341622
32901,41901,Medium,Medium,0.030889937166367367,0.030732330206697064,0.9383777326269355
25246,34246,Medium,Medium,0.0328365771162236,0.030509220173514897,0.9366542027102615
36449,45449,Low,Medium,0.030150783907477597,0.0865898574544383,0.883259358638084
7400,16400,Low,Low,0.0298901401654201,0.9320307517801399,0.03807910805444006
34117,43117,Medium,Medium,0.044975764900754146,0.03246078933911056,0.9225634457601353
19804,28804,Medium,Medium,0.03301388056098138,0.03024295938246487,0.9367431600565537
39078,48078,Medium,Medium,0.033054316263841525,0.03237034637665561,0.9345753373595028
27244,36244,Low,Low,0.03104169783922477,0.936319312959303,0.03263898920147217
19578,28578,High,Medium,0.03263607349654755,0.030770030958557276,0.9365938955448952
25703,34703,Medium,Medium,0.03472854007049659,0.03249711153028815,0.9327743483992151
25136,34136,Low,Low,0.032449217016391835,0.9010103321883225,0.06654045079528566
6882,15882,Medium,Medium,0.03312188198532839,0.03417780719111919,0.9327003108235524
18447,27447,High,High,0.9014434042883462,0.05166219763859614,0.04689439807305774
13603,22603,Medium,Low,0.031255108097733464,0.9337867689240521,0.03495812297821441
23276,32276,Low,Low,0.03505751213357117,0.9266663841382489,0.03827610372818002
36561,45561,Low,Medium,0.04011314651898576,0.15844019813566199,0.8014466553453522
13029,22029,Medium,Medium,0.050231768606370485,0.04250365063735861,0.907264580756271
24153,33153,Low,Low,0.031633339614625014,0.9312260241166065,0.037140636268768464
21968,30968,Medium,Medium,0.03445506798637873,0.0317830263614095,0.9337619056522118
21356,30356,High,High,0.9379320343356875,0.029997301099970355,0.032070664564342266
36502,45502,Medium,Medium,0.032186628898775854,0.031524859897094505,0.9362885112041296
24007,33007,Medium,Medium,0.043546169545257994,0.03420699619301284,0.9222468342617293
3688,12688,Medium,Medium,0.03057059847484291,0.030460757018976537,0.9389686445061806
687,9687,Medium,Low,0.030798934821697294,0.9312992969469471,0.037901768231355625
14849,23849,Low,Low,0.029778915694991966,0.935981691799091,0.03423939250591697
14111,23111,Low,Low,0.02780040559895468,0.9370380405763669,0.03516155382467857
34406,43406,Medium,Medium,0.036384625716855364,0.03328894415164133,0.9303264301315033
6957,15957,High,High,0.9347613863086291,0.030246703542342268,0.03499191014902846
26775,35775,Medium,Medium,0.03447039566655456,0.03431043916555882,0.9312191651678866
18432,27432,High,High,0.9350163735903892,0.029828279382412382,0.03515534702719853
31761,40761,Medium,Low,0.03426022378696671,0.5035902533072943,0.46214952290573885
26823,35823,Medium,Medium,0.03256215916168425,0.03154197306137973,0.935895867776936
19616,28616,Medium,Medium,0.031298063719402275,0.031555839532657205,0.9371460967479406
24745,33745,Medium,Medium,0.030105744635329886,0.07208240400884092,0.8978118513558292
18191,27191,Medium,Medium,0.04708011180958921,0.04297348668905813,0.9099464015013526
12179,21179,High,High,0.9263247310046911,0.03406708322362958,0.03960818577167926
3479,12479,Medium,Medium,0.032260522212710675,0.03099073122869043,0.936748746558599
34164,43164,Low,Low,0.04072499787354579,0.9230666359826459,0.036208366143808214
30048,39048,Medium,Medium,0.03137395982382311,0.0339114037979241,0.9347146363782528
25460,34460,High,High,0.9235524038475723,0.033323542785376435,0.043124053367051225
25213,34213,Medium,Medium,0.03138744618175212,0.030845916366429027,0.9377666374518189
16198,25198,High,High,0.9112970774190053,0.03696510672869532,0.051737815852299335
15215,24215,Low,Low,0.04377365519328728,0.8902151869618947,0.0660111578448181
29603,38603,Medium,Medium,0.03198567990875651,0.03016176754525825,0.9378525525459853
30338,39338,High,High,0.9368821660331929,0.03229434493928764,0.03082348902751945
32445,41445,High,High,0.930360520993065,0.03572069860987249,0.033918780397062476
16577,25577,Medium,Medium,0.03229600719499378,0.032013898429635056,0.9356900943753711
25705,34705,High,High,0.6209435343305407,0.05924658016938537,0.31980988550007394
17954,26954,Low,Medium,0.0347307269250801,0.035175795878234446,0.9300934771966854
19363,28363,Medium,Low,0.03127459001916747,0.9392972490412661,0.02942816093956643
13792,22792,Medium,Medium,0.03267327153413566,0.03229205965711024,0.9350346688087541
28822,37822,Low,Low,0.033892202174821674,0.7501908023640476,0.21591699546113083
3064,12064,Low,Low,0.034404968015950436,0.9247988377671601,0.04079619421688949
37812,46812,Medium,High,0.7456804821687263,0.03740548710223567,0.21691403072903812
16967,25967,Low,Low,0.02899718246619376,0.9388752070536275,0.0321276104801787
24148,33148,High,High,0.9296012917683828,0.032105426346868096,0.03829328188474896
21222,30222,High,High,0.9404599251599159,0.027882148951890718,0.0316579258881933
8924,17924,Low,Low,0.037622564057100974,0.9195555114214145,0.04282192452148456
36709,45709,Medium,Medium,0.047172633285504174,0.04858916782742412,0.9042381988870717
39755,48755,Medium,Medium,0.03048072520181884,0.04701346927561221,0.9225058055225689
38541,47541,Medium,Medium,0.03101095190812046,0.02990979244829123,0.9390792556435884
25058,34058,Medium,Medium,0.03356924019906688,0.03313846507836148,0.9332922947225716
36872,45872,Medium,Medium,0.056446155909456085,0.05200536935158007,0.8915484747389639
18858,27858,Low,Low,0.03342696650017393,0.9244049003368383,0.042168133162987696
10967,19967,Low,Low,0.0608558972865394,0.8903520799539502,0.04879202275951041
26769,35769,Medium,Medium,0.036965119747400486,0.03139757467307056,0.9316373055795291
14056,23056,Medium,Medium,0.03360900074509323,0.03395985208285355,0.9324311471720531
3825,12825,Medium,Medium,0.030531405703785486,0.08387630758011866,0.8855922867160958
16016,25016,Medium,Medium,0.03302801225705939,0.042281278024586866,0.9246907097183539
33064,42064,High,High,0.9316076205882683,0.030060149919185746,0.03833222949254603
22451,31451,Medium,Medium,0.03637650257266974,0.03907754082989521,0.9245459565974351
39274,48274,High,High,0.9365229727694251,0.031215064067064677,0.0322619631635103
30178,39178,Medium,Medium,0.034076756608587604,0.03252755494338905,0.9333956884480233
29825,38825,High,High,0.9341560867275014,0.031278596680686964,0.0345653165918116
17793,26793,High,High,0.9401653943066349,0.02836035175557443,0.031474253937790624
1584,10584,Low,Low,0.030110069564778505,0.9371783338978065,0.03271159653741509
23318,32318,High,High,0.9095475739925294,0.04867530505290069,0.04177712095456997
23206,32206,High,High,0.9103847735779325,0.03619078049049538,0.053424445931572216
1022,10022,Low,Low,0.03174962736308539,0.9321364213652225,0.03611395127169213
27542,36542,High,High,0.9281240114176962,0.03164870170744157,0.0402272868748623
18933,27933,Low,Low,0.03195137672558223,0.9371132287882459,0.030935394486171833
36639,45639,High,High,0.9311357848462133,0.03725657144003823,0.03160764371374844
32728,41728,Medium,Medium,0.0316329389173795,0.031793229463235484,0.936573831619385
33395,42395,Medium,Medium,0.03244729562336426,0.11055239432523711,0.8570003100513987
3167,12167,Medium,Medium,0.040803553845173396,0.03467332073789228,0.9245231254169344
33491,42491,Low,Low,0.0456140238793088,0.9180483833207674,0.036337592799923595
770,9770,Medium,Medium,0.032735965236117756,0.030071229393539175,0.9371928053703432
9015,18015,Low,Low,0.030001677764684657,0.9376714603165667,0.03232686191874853
17246,26246,High,High,0.9260377883454943,0.03296649116250441,0.04099572049200111
15294,24294,Medium,Medium,0.03316289115460297,0.031029928497531195,0.9358071803478659
19006,28006,High,Medium,0.0464849792920864,0.03956664123449167,0.913948379473422
25842,34842,Medium,Medium,0.03496007284451289,0.03789868240119207,0.9271412447542949
13749,22749,High,High,0.9404304131750689,0.029085041957875635,0.030484544867055558
16290,25290,Medium,Medium,0.048784993678426064,0.041203098101830905,0.910011908219743
35739,44739,Medium,Medium,0.032807360961019084,0.03044523173470839,0.9367474073042725
15882,24882,Low,Low,0.029635756783840516,0.9366872265991658,0.03367701661699369
25848,34848,Low,Low,0.03143293906439346,0.9350025469645521,0.03356451397105452
31070,40070,Low,Low,0.028663290463204052,0.9384496068845335,0.03288710265226253
8238,17238,Medium,Medium,0.03329351184174453,0.06898367041135717,0.8977228177468982
18057,27057,Medium,Medium,0.03545708802179599,0.037297377868830174,0.9272455341093738
7161,16161,Medium,Medium,0.03292130892719958,0.03239092368843415,0.9346877673843662
38781,47781,Medium,Medium,0.033151959152725084,0.03197021088938589,0.9348778299578889
28834,37834,Medium,Medium,0.032583598939662735,0.031004605433885623,0.9364117956264518
10521,19521,Medium,Medium,0.0323628824139153,0.03159116587761302,0.9360459517084716
17555,26555,High,High,0.9050194108906501,0.04110772220798039,0.05387286690136956
38463,47463,Medium,Medium,0.03228736937698339,0.033710714066358956,0.9340019165566577
28014,37014,High,High,0.9378326936800336,0.029894324771668007,0.032272981548298336
5308,14308,Medium,Medium,0.03296210201367971,0.033550601002300166,0.9334872969840201
20182,29182,High,High,0.8881994195871826,0.0674733371901136,0.04432724322270359
5900,14900,Low,Low,0.028461407210802207,0.9349540206142595,0.03658457217493823
3190,12190,Low,Low,0.04342285406238986,0.9124426248648518,0.04413452107275829
18195,27195,Medium,Medium,0.03396543606306929,0.18867354951489212,0.7773610144220385
27901,36901,Low,Low,0.03258764618220841,0.8983065265202045,0.06910582729758712
28829,37829,Low,Medium,0.033368653845371986,0.03056324706488006,0.936068099089748
12548,21548,Medium,Medium,0.03357157626792862,0.03339183409031956,0.9330365896417518
22020,31020,Medium,Medium,0.032587782508347034,0.03085556380386133,0.9365566536877915
31815,40815,Low,Low,0.038903725049711076,0.9222859953635969,0.03881027958669205
5029,14029,Medium,Medium,0.032784388189299345,0.03265526339370353,0.9345603484169972
3200,12200,High,High,0.9329038293773588,0.03078933133481604,0.0363068392878251
24973,33973,Low,Low,0.030623683485968372,0.9360809910863868,0.03329532542764488
16950,25950,Medium,Medium,0.03865634596261425,0.031733195236841705,0.929610458800544
3533,12533,Medium,Medium,0.03776113840015235,0.03936558443864541,0.9228732771612022
33501,42501,High,High,0.9176789742448096,0.03572066456368311,0.04660036119150743
21391,30391,High,High,0.9288488561214535,0.03266808031917848,0.03848306355936801
5194,14194,High,High,0.9151686647001528,0.037329059202993516,0.04750227609685361
24567,33567,High,Medium,0.03467982321699272,0.031506573257438136,0.9338136035255692
24853,33853,High,High,0.9406307576269571,0.028411411138153837,0.03095783123488906
30926,39926,High,High,0.9190155945921624,0.04500707676124086,0.035977328646596786
34472,43472,Medium,Medium,0.034466476828500035,0.03494669083786523,0.9305868323336348
39324,48324,Low,High,0.9305881395746138,0.03281333630254888,0.0365985241228372
19991,28991,High,High,0.9297857674494994,0.029151316717402214,0.04106291583309829
21262,30262,Medium,Medium,0.032048705478492895,0.03340324655222576,0.9345480479692814
19820,28820,Medium,Medium,0.03744678055735695,0.03326868256065981,0.9292845368819833
20625,29625,High,High,0.937946424072556,0.029610418422653013,0.03244315750479096
21173,30173,High,High,0.9409072074942656,0.027724388384703976,0.03136840412103035
20834,29834,Low,Low,0.03510074320696576,0.901927906158514,0.06297135063452025
36939,45939,Medium,Medium,0.04081813302049846,0.03145654509548434,0.9277253218840172
39957,48957,High,High,0.9400080119426605,0.02879936156102701,0.0311926264963126
16476,25476,Medium,Medium,0.03588686825861533,0.4563764042203539,0.5077367275210306
28294,37294,Low,Low,0.027004047787135648,0.9346161856243564,0.03837976658850797
7337,16337,Low,Low,0.030195553505614297,0.9366875744322237,0.03311687206216202
25673,34673,High,High,0.9348894285614048,0.030921219642516384,0.03418935179607883
39836,48836,High,High,0.9363582264190303,0.02997528176144133,0.03366649181952835
31266,40266,Low,Low,0.03131373280929701,0.9245909218955465,0.044095345295156324
19993,28993,High,Low,0.02854458511385673,0.9409035756668421,0.03055183921930117
21887,30887,Medium,Medium,0.031066139037195656,0.030702108750294343,0.9382317522125101
37863,46863,High,High,0.927877896853647,0.03211934439519327,0.040002758751159696
38884,47884,Low,Low,0.03526468526750387,0.9326846100175202,0.032050704714975856
9157,18157,Medium,High,0.9058370203197749,0.034555809162723355,0.059607170517501695
14186,23186,Low,Low,0.02732917137665931,0.9421606912601755,0.030510137363165202
10396,19396,Low,Low,0.03846847228697453,0.9204503635396826,0.041081164173342836
28429,37429,Medium,Medium,0.03226610616722874,0.09469257414766476,0.8730413196851066
10645,19645,Medium,Medium,0.035595169577900605,0.031536028519131405,0.9328688019029681
36084,45084,Medium,Medium,0.031057027889647006,0.03229150465560446,0.9366514674547485
29811,38811,Low,Low,0.028264229049886718,0.9211951061066816,0.05054066484343165
34215,43215,High,High,0.9371832766047749,0.02857468919097808,0.03424203420424704
38346,47346,Low,Low,0.03307000773387094,0.931904490985524,0.03502550128060523
19682,28682,Medium,Medium,0.03222968337293438,0.03177815823231423,0.9359921583947514
25378,34378,Medium,Medium,0.03352305139081969,0.03183848618251387,0.9346384624266665
36694,45694,High,High,0.9390701941874556,0.02746052090031827,0.03346928491222603
18177,27177,Medium,Medium,0.03217761569926043,0.031801186510437424,0.9360211977903021
17350,26350,High,High,0.9322842708770204,0.030901924598021883,0.03681380452495781
26026,35026,Low,Low,0.032908343821265444,0.9342514127188776,0.03284024345985692
17686,26686,High,High,0.9352992323111572,0.03027419546556404,0.034426572223278794
12647,21647,Low,Low,0.03474799739984824,0.9323743873026737,0.03287761529747802
17988,26988,Low,Low,0.03879743887204431,0.9051161891340004,0.05608637199395533
990,9990,Medium,Medium,0.04477041681346272,0.03452882886396002,0.9207007543225773
38435,47435,Medium,Medium,0.03219115884064054,0.033319440768412985,0.9344894003909466
22196,31196,Medium,Low,0.0300342509189996,0.9094701336543332,0.060495615426667336
21773,30773,High,High,0.9333713293372607,0.03414839891688943,0.032480271745849866
13557,22557,High,High,0.9237591549741316,0.03215548599561919,0.044085359030249203
13118,22118,Medium,Medium,0.030935456053047757,0.03066235542156411,0.9384021885253881
14812,23812,Medium,Medium,0.031366628736502304,0.030712598211391523,0.9379207730521063
22687,31687,Low,Medium,0.03659290771393186,0.03392433536545755,0.9294827569206108
19262,28262,Medium,Medium,0.033648898624293974,0.38210046219926275,0.5842506391764433
11311,20311,Medium,Medium,0.0332554496923588,0.03171702030284553,0.9350275300047958
37813,46813,Medium,Medium,0.03736000502284872,0.03628060695488926,0.9263593880222619
17589,26589,Medium,Low,0.0289229125948323,0.9390545650363809,0.032022522368786915
28709,37709,Medium,Medium,0.048040544595441714,0.3671782766878777,0.5847811787166804
39883,48883,Low,Low,0.03654386978363424,0.918800740804581,0.04465538941178473
6573,15573,Medium,Medium,0.03324804490606969,0.03382860375595082,0.9329233513379797
19037,28037,Low,Low,0.0499176649246392,0.6390959512880067,0.31098638378735405
19721,28721,Low,Low,0.029711984910120715,0.8912450184710533,0.07904299661882584
4514,13514,High,High,0.932304949678974,0.03164870077317405,0.03604634954785182
6481,15481,Low,Low,0.03155555176913143,0.9362981343839619,0.0321463138469066
25609,34609,Medium,Low,0.03896155033218599,0.9172147146715274,0.04382373499628658
31747,40747,Medium,Medium,0.04960501978744832,0.0378657596202399,0.9125292205923117
27727,36727,Low,Low,0.027315123606018357,0.9379339930713417,0.03475088332263992
10825,19825,Low,Low,0.04221968302935794,0.921842697826264,0.03593761914437795
30666,39666,High,High,0.9363651648209209,0.029071224257588107,0.03456361092149101
12026,21026,Low,Low,0.02875594788311955,0.9381245890042784,0.033119463112602075
35338,44338,Low,Low,0.032634786829485556,0.9356517097615226,0.03171350340899177
6737,15737,Medium,Medium,0.03538932495071065,0.033128153286724187,0.9314825217625652
35182,44182,Low,Low,0.04189687480764001,0.9188647516600664,0.039238373532293515
5019,14019,Low,Low,0.030393356208128913,0.937520292678682,0.03208635111318909
13086,22086,Low,Low,0.028700610491796938,0.9259966307605882,0.04530275874761484
20238,29238,Low,Low,0.035744671707487026,0.9324590206613598,0.03179630763115325
2806,11806,High,High,0.9325833993360092,0.034336108324231326,0.03308049233975959
39647,48647,Low,Low,0.036001615264117666,0.9221703080707768,0.0418280766651055
13116,22116,Medium,Medium,0.031306985604899286,0.06274775573751677,0.9059452586575839
11061,20061,Medium,Medium,0.043411602525903155,0.07421413901673912,0.8823742584573577
14986,23986,Low,Low,0.03156437470390174,0.9336651772269239,0.034770448069174426
4828,13828,Low,Low,0.027665257347819144,0.939826176537625,0.03250856611455589
5868,14868,Medium,Medium,0.03161811184432053,0.030994566170422604,0.9373873219852569
22665,31665,High,High,0.9369661548761076,0.029656703221986973,0.03337714190190545
26502,35502,Medium,Medium,0.03181626749249478,0.030595929156745916,0.9375878033507594
516,9516,Medium,Medium,0.034746573524410775,0.030450489619700417,0.9348029368558889
1378,10378,Medium,Low,0.03258851321515762,0.9367626070823301,0.030648879702512316
4117,13117,Medium,Medium,0.03781510454495994,0.0365040882393725,0.9256808072156675
2787,11787,Low,Low,0.06008793508460833,0.8840131708804201,0.05589889403497152
11934,20934,Medium,Medium,0.032763455467137485,0.07538653800282065,0.8918500065300418
23614,32614,Low,Low,0.03093787908097449,0.939190875658296,0.029871245260729633
23098,32098,Low,Low,0.04846654178338885,0.8999924456473072,0.05154101256930397
39970,48970,Medium,Medium,0.034804069435927655,0.37651757313100914,0.5886783574330633
24053,33053,High,High,0.9338944466779688,0.02976498804397391,0.03634056527805723
9768,18768,Medium,Medium,0.032721292859077766,0.03173739719753754,0.9355413099433846
34149,43149,Medium,Medium,0.033522380911351714,0.0311235866701165,0.9353540324185318
16320,25320,High,High,0.9352322034268706,0.031214532379202426,0.03355326419392693
15372,24372,Low,Low,0.03985894488010066,0.9181816831672606,0.04195937195263886
29483,38483,Medium,Medium,0.031787068872235084,0.036486503703817154,0.9317264274239477
20793,29793,High,High,0.9337153682055707,0.030613070335256582,0.03567156145917297
22219,31219,Medium,Medium,0.033067870606918286,0.03163807815140841,0.9352940512416733
21251,30251,Medium,High,0.9294954950995349,0.03665941962255167,0.033845085277913405
39171,48171,Low,Low,0.03066569188879184,0.9061254368020873,0.06320887130912076
13113,22113,Medium,Medium,0.031261164347818206,0.030720121510321694,0.9380187141418602
12446,21446,Medium,Medium,0.029957087146636602,0.030946936966261347,0.9390959758871021
11561,20561,Medium,Medium,0.031873639883261654,0.030868207012997483,0.9372581531037408
24546,33546,High,High,0.934514994019592,0.030777973051961602,0.03470703292844617
22985,31985,High,High,0.9333158753221239,0.03230928968918439,0.0343748349886917
22814,31814,Medium,Medium,0.036897414793258775,0.03173235097355367,0.9313702342331874
18930,27930,High,High,0.9156913008779028,0.042775474874480385,0.0415332242476168
13720,22720,Low,Low,0.031256251085662344,0.9351281419007872,0.03361560701355048
31500,40500,Medium,Medium,0.031911514763430564,0.030719644586958788,0.9373688406496106
10903,19903,Medium,Medium,0.030449410911716112,0.030313962802821826,0.9392366262854622
27723,36723,Medium,High,0.5114094183466279,0.04012023794763175,0.4484703437057403
4160,13160,Medium,Medium,0.03551955252533815,0.31215729218616944,0.6523231552884924
20195,29195,Low,Low,0.038544209574104295,0.7585276391088084,0.20292815131708733
25467,34467,Low,Low,0.029043269306504447,0.9114875090145302,0.059469221678965366
12182,21182,Low,Low,0.032081532659106564,0.9328042333715,0.03511423396939339
6381,15381,Medium,Medium,0.03902484376178621,0.03241863343582951,0.9285565228023843
6609,15609,High,High,0.9331056449063398,0.03510976852343283,0.03178458657022724
38045,47045,Medium,Medium,0.05205585141764063,0.04243164967829074,0.9055124989040687
31570,40570,Medium,Medium,0.06894949190277726,0.04172943749245225,0.8893210706047706
3647,12647,High,High,0.9351607998207245,0.03323619300464336,0.03160300717463226
11784,20784,High,High,0.8987371315772643,0.042648023294459235,0.058614845128276416
12050,21050,Medium,Medium,0.03319764146234795,0.03422064448321199,0.93258171405444
22205,31205,Medium,Medium,0.0340474623171551,0.03282297960587835,0.9331295580769665
8744,17744,High,High,0.9357288085007358,0.03159910763481814,0.03267208386444601
23166,32166,Low,Low,0.029899129267403773,0.9327425151178858,0.03735835561471052
4999,13999,Medium,Medium,0.031521381881667594,0.0303692927645652,0.9381093253537672
12704,21704,Low,Low,0.03629635289343891,0.9147047671232237,0.04899887998333738
1896,10896,Medium,Medium,0.04789657322406515,0.03325505374348026,0.9188483730324545
34367,43367,Low,Low,0.03609849011575097,0.9327360445029201,0.03116546538132906
8822,17822,Low,Low,0.04963292503756774,0.88342222980075,0.06694484516168216
9031,18031,Low,Low,0.03341882318229637,0.9295043873608976,0.03707678945680613
20441,29441,Medium,Medium,0.03986844509947001,0.0481256042696759,0.9120059506308541
5335,14335,Medium,Medium,0.03645176003598883,0.03148518877332282,0.9320630511906883
945,9945,Medium,Medium,0.033049926081352425,0.03236175352016873,0.9345883203984789
39844,48844,Medium,Medium,0.0335894066359218,0.03185407864485949,0.9345565147192186
5289,14289,High,High,0.9370148748205551,0.029740853298615044,0.03324427188082981
29213,38213,High,High,0.9301254706509403,0.033587159615502814,0.03628736973355682
25441,34441,Medium,Low,0.044371771212787965,0.7277011591966077,0.2279270695906043
26029,35029,Medium,Medium,0.0668467949370789,0.03643067473494772,0.8967225303279734
15841,24841,Medium,Medium,0.03353614855145071,0.030901271648608716,0.9355625797999405
21191,30191,Medium,Medium,0.039876254051292116,0.059765665671569844,0.900358080277138
34542,43542,Medium,Medium,0.03204024370365244,0.03208361653305775,0.9358761397632899
20960,29960,High,High,0.9239410741188233,0.032821454607058494,0.04323747127411812
4831,13831,Medium,Medium,0.04320323055118137,0.03265910539023372,0.9241376640585849
21704,30704,High,High,0.9326710132836794,0.03231427854231544,0.035014708174005066
26255,35255,Medium,Medium,0.03155647020372578,0.03277935934513953,0.9356641704511347
13104,22104,High,High,0.9187390150430876,0.04133962959941943,0.03992135535749297
18120,27120,Medium,Medium,0.03582807703703628,0.03366120298966686,0.9305107199732969
32883,41883,Medium,Medium,0.03563686885674354,0.03154797645180086,0.9328151546914557
31040,40040,Low,Low,0.029596689465743176,0.9373969343509444,0.03300637618331249
13874,22874,Low,Low,0.03242001565033406,0.9349847296063171,0.032595254743348914
37701,46701,Low,Low,0.041603072814267165,0.916211816177828,0.04218511100790484
35786,44786,Medium,Medium,0.035242434115146826,0.038106493629449206,0.926651072255404
23627,32627,Low,Low,0.034383545513332225,0.9152073370066134,0.05040911748005445
5866,14866,Low,Low,0.02945029055011997,0.9297833691112835,0.0407663403385965
35305,44305,Medium,Medium,0.034610608029457396,0.03220616130376041,0.9331832306667822
12556,21556,Medium,Medium,0.03173791621187058,0.030019854354337742,0.9382422294337918
26194,35194,High,High,0.9302326476394426,0.030477825971706618,0.03928952638885094
31755,40755,Medium,Medium,0.0378890345376758,0.033131203570377896,0.9289797618919463
31199,40199,High,High,0.9238907315692315,0.030124972396044336,0.045984296034724224
25892,34892,Medium,Medium,0.03627623749754464,0.03284776392101165,0.9308759985814437
3616,12616,Medium,Medium,0.03506769633072765,0.03608206875044918,0.9288502349188232
4615,13615,Low,Low,0.038332832686052774,0.5428121293258957,0.4188550379880515
13510,22510,High,High,0.9359305974293801,0.030715777654548873,0.033353624916070954
23364,32364,Low,Low,0.033785892218113976,0.9319410013691621,0.03427310641272382
39407,48407,High,Medium,0.035377845550134276,0.031733525188496425,0.9328886292613693
36254,45254,Low,Low,0.029592471127033393,0.8883276507602242,0.08207987811274241
12757,21757,Low,Low,0.05941590174529956,0.8985054119665493,0.042078686288151146
22959,31959,High,High,0.934535241929669,0.032512797370048634,0.03295196070028256
30401,39401,Medium,Medium,0.02977240147509071,0.03304974486767134,0.9371778536572379
7928,16928,Medium,Medium,0.03280390681877148,0.03695067198329307,0.9302454211979354
7637,16637,High,High,0.9330287381541366,0.03003723152527779,0.0369340303205856
3495,12495,Medium,Medium,0.03209285031327991,0.034014696628375335,0.9338924530583448
26273,35273,Medium,Medium,0.07827138352895445,0.04414436750477207,0.8775842489662735
26282,35282,High,High,0.8892330665941879,0.03887270279939069,0.07189423060642143
5503,14503,Low,Low,0.04500477351046791,0.9171630889894103,0.03783213750012189
29548,38548,Medium,Medium,0.03295479728069899,0.033990338369821425,0.9330548643494797
8671,17671,Medium,Medium,0.04129965700598087,0.03348973813321197,0.9252106048608072
19292,28292,High,High,0.9356237324169024,0.030483552499652775,0.03389271508344469
27995,36995,High,High,0.9396305021176881,0.02928481743077223,0.031084680451539642
2554,11554,Medium,Medium,0.03183771304277991,0.4332408092572028,0.5349214777000172
36724,45724,Medium,Medium,0.04037989347941364,0.03238056162355984,0.9272395448970266
18295,27295,High,High,0.9369765565958298,0.0297283096336371,0.03329513377053315
12818,21818,Medium,Medium,0.033001037679390804,0.033046520373560505,0.9339524419470487
16369,25369,Low,Low,0.039272828292656166,0.9257817232872481,0.034945448420095816
13522,22522,Medium,Medium,0.032936504020006405,0.03329285543353374,0.9337706405464599
33184,42184,Low,Low,0.029643554308445504,0.9333040601813919,0.037052385510162614
23153,32153,Low,Low,0.03197588860001561,0.9341331668084129,0.03389094459157151
8475,17475,Low,Low,0.04124137652306187,0.9066423246637175,0.05211629881322066
18569,27569,Low,Medium,0.03318435196390785,0.03275337119531426,0.9340622768407779
9169,18169,Low,Low,0.03136536088762227,0.9338450234086637,0.03478961570371404
12023,21023,Medium,High,0.8139637051844176,0.04071102970728963,0.1453252651082928
21676,30676,High,High,0.9214939816008457,0.04346509925250467,0.03504091914664958
7935,16935,Medium,Low,0.036477383378461375,0.5029666308610313,0.46055598576050744
16244,25244,High,High,0.9379833657475173,0.02915022870271995,0.03286640554976266
15491,24491,Medium,Medium,0.032955036154642986,0.03571821478142125,0.9313267490639356
35465,44465,Low,Low,0.03527329772738947,0.9001808231051331,0.06454587916747735
38639,47639,High,Medium,0.03466702421233151,0.040080894312307956,0.9252520814753605
22565,31565,Medium,Medium,0.032751722050230886,0.03296158273464068,0.9342866952151283
16225,25225,Low,Low,0.04138920368853819,0.922730455428994,0.035880340882467894
36916,45916,Low,Low,0.031593112677658006,0.9366011914010489,0.03180569592129306
4111,13111,High,High,0.9272111270497873,0.03298785693422084,0.03980101601599199
31240,40240,Medium,Medium,0.03102424554497449,0.03011368081918982,0.9388620736358358
26022,35022,High,Low,0.031753725305559095,0.9255982979348086,0.04264797675963233
27582,36582,Medium,Medium,0.0335334216356612,0.03339261096452755,0.9330739673998112
33573,42573,Medium,Medium,0.029660047508011485,0.07711473722003438,0.8932252152719542
36662,45662,High,High,0.9389406658073538,0.029295379967620827,0.03176395422502545
14189,23189,Low,Medium,0.036298972210175966,0.4739258830128521,0.489775144776972
20697,29697,Medium,Medium,0.04451326762527969,0.09147540012618295,0.8640113322485373
19999,28999,Medium,Medium,0.03161456167555523,0.031852081798921135,0.9365333565255236
5785,14785,Low,Low,0.02967348554991203,0.9398053248823185,0.030521189567769568
20784,29784,High,High,0.9333184863997815,0.0322884509961737,0.034393062604044844
123,9123,Medium,Medium,0.03085764243305141,0.032173403280239925,0.9369689542867087
31161,40161,Medium,Medium,0.034278465171580376,0.033095325148006956,0.9326262096804127
30472,39472,Medium,Medium,0.03451715519784531,0.040125719920788505,0.9253571248813662
34393,43393,Low,Low,0.030283060587783437,0.9344410311035474,0.0352759083086692
2861,11861,Medium,Medium,0.03681779564332102,0.035725638942993514,0.9274565654136855
24761,33761,Low,Low,0.029076608119189672,0.9320484344910897,0.03887495738972071
4489,13489,Low,Low,0.037295039775299146,0.9101740554884786,0.052530904736222205
9321,18321,Medium,Medium,0.0320473439784043,0.03062998499625542,0.9373226710253405
9603,18603,Medium,Medium,0.044008263844674406,0.04171080432738994,0.9142809318279356
21089,30089,Medium,Medium,0.03359610294487391,0.03058642848525668,0.9358174685698696
32565,41565,Medium,Medium,0.06584693112091412,0.03143579119776015,0.9027172776813258
23292,32292,High,High,0.9387362364595674,0.030222231758671225,0.03104153178176147
14663,23663,Medium,Medium,0.033619699977357594,0.03258209730500483,0.9337982027176376
8034,17034,Low,Medium,0.03769768606065941,0.1100706135767232,0.8522317003626174
18205,27205,Medium,Medium,0.034086568500614124,0.03469893112160454,0.9312145003777813
3326,12326,High,High,0.9320876535389034,0.028393645271828857,0.039518701189267876
13397,22397,Low,Low,0.027844558355798976,0.9422837352380222,0.029871706406178852
22759,31759,Medium,Medium,0.031558744335377434,0.031030904551324012,0.9374103511132986
34760,43760,Medium,Medium,0.029588714271137656,0.029478675126921514,0.9409326106019408
18451,27451,Medium,Medium,0.03581258869169474,0.030586049701502454,0.933601361606803
30653,39653,Low,Low,0.02985351596366635,0.9385914756063508,0.03155500842998282
4641,13641,Medium,Medium,0.0344003394497894,0.03402728868505008,0.9315723718651604
6880,15880,Low,Low,0.031148792102589206,0.936758689169647,0.03209251872776367
29400,38400,High,High,0.9420549328714037,0.026650272499507886,0.03129479462908842
3877,12877,Medium,Medium,0.0365734804097695,0.04183901415966449,0.921587505430566
18414,27414,High,High,0.9304619755958989,0.03737138419384759,0.03216664021025346
1182,10182,High,High,0.9284563928641004,0.030921523243199776,0.040622083892699744
5892,14892,Medium,Medium,0.03147556896337892,0.030832697132034948,0.937691733904586
39684,48684,High,High,0.9384311283923078,0.028073054993649888,0.03349581661404236
16659,25659,High,High,0.9270966919599376,0.03186999605771073,0.04103331198235166
17240,26240,Medium,Medium,0.04229389819487076,0.03367997476283965,0.9240261270422896
24234,33234,High,High,0.9361512248880272,0.031534522988012986,0.03231425212395986
10110,19110,High,Low,0.030634147831445784,0.9365464596069826,0.032819392561571605
22826,31826,Medium,Medium,0.03545650203236355,0.03619124623652873,0.9283522517311077
15828,24828,Low,Low,0.03309113831183958,0.9220428158045127,0.0448660458836475
30425,39425,Low,Low,0.0397372877045189,0.9022634640464546,0.05799924824902656
24950,33950,Medium,Medium,0.03373340470889189,0.0310609784277003,0.9352056168634078
39155,48155,Medium,Medium,0.03165897086807851,0.030504886309457677,0.937836142822464
11263,20263,High,High,0.9184997814780503,0.035414625721929556,0.04608559280002009
36654,45654,Medium,Medium,0.037759784383856916,0.040198786856551816,0.9220414287595914
22143,31143,Low,Low,0.03337142994603678,0.9276029071397837,0.03902566291417967
9527,18527,High,High,0.9347001680831178,0.028242620637891593,0.03705721127899068
33937,42937,Medium,Medium,0.03336845884442358,0.032709588437728525,0.9339219527178478
19904,28904,Low,Low,0.031732245329051764,0.9263656204904579,0.041902134180490325
2462,11462,Low,Low,0.033957310295882275,0.8261103528516923,0.13993233685242543
27107,36107,Medium,Medium,0.03289011374087919,0.03165807664939774,0.935451809609723
34202,43202,Medium,Medium,0.04172943192996565,0.03171397800369799,0.9265565900663364
35099,44099,Low,Low,0.029469589847434655,0.9317196382830569,0.0388107718695084
17688,26688,Medium,Medium,0.04566970414737031,0.041981996332669115,0.9123482995199605
44,9044,High,High,0.9343479524465437,0.03015769750801316,0.03549435004544333
18324,27324,Medium,Medium,0.03154540281330607,0.031775467353143794,0.9366791298335501
6523,15523,Low,Low,0.028581502978967308,0.9393773563619071,0.03204114065912549
19824,28824,High,High,0.9402094057238214,0.0287967627710134,0.030993831505165215
25258,34258,High,High,0.9129483938839592,0.03303503017365252,0.05401657594238821
11707,20707,Low,Low,0.02972906857514888,0.8327715905949385,0.13749934082991253
11854,20854,Medium,Medium,0.03425990891870111,0.03284128205649792,0.932898809024801
3506,12506,Medium,Medium,0.03161996774260359,0.030387760328023605,0.9379922719293727
37014,46014,High,High,0.9126527965650818,0.048937214769273006,0.038409988665645246
31784,40784,Medium,Medium,0.03239046730195524,0.03153369782453797,0.9360758348735069
32068,41068,Low,Low,0.030632105174619617,0.9317094568416486,0.03765843798373166
27158,36158,Low,Low,0.034753929647847855,0.9278947249661845,0.03735134538596765
401,9401,Low,Low,0.033142234529683574,0.9346498187521887,0.03220794671812765
5675,14675,Medium,Medium,0.031189375221560383,0.030374330441195724,0.9384362943372438
31023,40023,High,High,0.9343260397094122,0.03417827865831657,0.03149568163227131
3286,12286,Low,Low,0.03021785402740357,0.9379742020896208,0.03180794388297577
23462,32462,Medium,Medium,0.03404952056333462,0.03981152927000085,0.9261389501666645
17172,26172,Medium,Medium,0.03092333969186147,0.031247361548953884,0.9378292987591846
10770,19770,Medium,Medium,0.032730480938674845,0.031643928158310734,0.9356255909030144
37995,46995,High,High,0.9298007273238058,0.034098860388660994,0.03610041228753318
22017,31017,Medium,Medium,0.03275001494957886,0.03666455221532177,0.9305854328350994
25616,34616,Medium,High,0.9331149175633991,0.03165372654904533,0.03523135588755554
33414,42414,Medium,Medium,0.030674105894727337,0.029754499871608303,0.9395713942336643
12122,21122,Low,Low,0.03340606167359132,0.9206242816493498,0.045969656677058886
23335,32335,Medium,Medium,0.033319904024908926,0.03376406236660676,0.9329160336084842
4209,13209,Medium,Medium,0.06961798713982566,0.03986121276599571,0.8905208000941786
23230,32230,High,High,0.9362303833437476,0.030406773738051035,0.033362842918201276
27631,36631,Medium,Medium,0.03338238353609446,0.034466691100389774,0.9321509253635157
16623,25623,Low,Low,0.04112713819292707,0.9233541974504491,0.03551866435662395
29923,38923,Medium,Medium,0.029623280469421046,0.030846770556867364,0.9395299489737118
8825,17825,Medium,Medium,0.03431786842177854,0.03218883697495597,0.9334932946032656
37595,46595,Medium,Medium,0.03325027949199064,0.034660027300580605,0.9320896932074287
28775,37775,Medium,Medium,0.031827076357906374,0.03157811595769817,0.9365948076843954
31728,40728,Medium,Medium,0.03754226322585293,0.03383214092851577,0.9286255958456312
22152,31152,Medium,Medium,0.031801176152966355,0.03756114775006544,0.9306376760969682
6594,15594,High,High,0.9409202705690568,0.02750420011046711,0.03157552932047602
2520,11520,High,High,0.9251574650764214,0.03378822809672053,0.04105430682685821
18936,27936,High,High,0.9397921395409922,0.029223002074690075,0.030984858384317724
37270,46270,Low,Low,0.029552402569424818,0.9137951161865544,0.056652481244020815
7889,16889,Medium,Medium,0.03135659928489142,0.03171331030029488,0.9369300904148137
8641,17641,Low,High,0.9167555025627557,0.04327133686354367,0.03997316057370066
20997,29997,Medium,Medium,0.03213251505817277,0.0315583836585074,0.9363091012833197
12592,21592,Low,Low,0.03382435772482955,0.9351637383882858,0.031011903886884625
20606,29606,Medium,Medium,0.02857942844599325,0.027259860101826256,0.9441607114521805
23613,32613,Medium,Medium,0.037342800564058996,0.26486596735974094,0.6977912320762001
33440,42440,Low,Low,0.034512894725368386,0.9167367748548498,0.0487503304197817
35910,44910,Medium,Medium,0.03372988589985581,0.07783377145966554,0.8884363426404787
21000,30000,High,Medium,0.03306563916281936,0.03186820114956223,0.9350661596876185
25418,34418,Medium,Medium,0.034184482012840835,0.031674017553601753,0.9341415004335575
26640,35640,High,High,0.9252696530263126,0.032902923647849476,0.04182742332583809
9760,18760,Low,Medium,0.032056306711789086,0.03141547226745397,0.936528221020757
6648,15648,Low,Low,0.029169770307254244,0.9380631977565236,0.032767031936222255
33117,42117,Medium,High,0.9357495430142414,0.031793780877613496,0.032456676108145066
19148,28148,Medium,Medium,0.03411084502250444,0.03264027771965291,0.9332488772578427
19178,28178,Low,Medium,0.034616127774558386,0.034105983609120157,0.9312778886163215
6428,15428,High,Medium,0.032728793232459204,0.03243246680195814,0.9348387399655828
33346,42346,Low,Low,0.029061822054736976,0.9365507811909589,0.03438739675430413
619,9619,Medium,Medium,0.03272717874350554,0.03332111115343261,0.9339517101030618
37389,46389,Medium,Medium,0.034710956390144175,0.032521786771172276,0.9327672568386837
24554,33554,Medium,Medium,0.03346541418321892,0.03515217819112843,0.9313824076256526
20494,29494,Medium,Medium,0.03152828543365091,0.03229875295180488,0.9361729616145441
14648,23648,Low,Low,0.0319082880443819,0.9318069239778247,0.036284787977793324
39576,48576,High,High,0.9361604485459191,0.03092880746770356,0.03291074398637737
20638,29638,High,High,0.9391949768219386,0.028679114218828915,0.03212590895923234
36212,45212,Medium,Medium,0.03903086430166396,0.037367985311820444,0.9236011503865157
16023,25023,Medium,Medium,0.03160836128464379,0.031306043816455305,0.9370855948989009
31087,40087,Medium,Medium,0.03207050988396295,0.03175258266933426,0.9361769074467028
1062,10062,High,Medium,0.031111708275255282,0.03123281214734779,0.9376554795773969
24405,33405,Medium,Medium,0.033370250723302415,0.033005195132501254,0.9336245541441963
18790,27790,Medium,Medium,0.03342395030574364,0.03219948761599179,0.9343765620782646
23152,32152,Medium,Medium,0.03342710980921537,0.03245862094465322,0.9341142692461314
6676,15676,High,High,0.9068322969800221,0.04115518477414252,0.05201251824583524
5006,14006,High,High,0.9054873975431402,0.03962909540661554,0.05488350705024422
24588,33588,Medium,Medium,0.03041449537024322,0.030255918613869365,0.9393295860158876
8348,17348,Medium,Medium,0.03228610186635499,0.03092362801325779,0.9367902701203873
10418,19418,Medium,Medium,0.03426950540170731,0.033563667142750046,0.9321668274555425
29373,38373,Low,Low,0.0318546425676758,0.9356523205894661,0.03249303684285804
5253,14253,High,High,0.9379923673116309,0.028378471474913947,0.03362916121345506
8287,17287,High,Low,0.03329323566505562,0.9312330794447594,0.03547368489018501
27632,36632,Medium,Medium,0.08511301878551879,0.043945234092701145,0.8709417471217801
39611,48611,Low,Low,0.031126341475459462,0.937703494541455,0.03117016398308552
14771,23771,Medium,Medium,0.031154709226618966,0.02963448249595969,0.9392108082774214
24297,33297,Medium,Medium,0.03314064851825274,0.030432339270048767,0.9364270122116984
29682,38682,Medium,Medium,0.03153924738614886,0.03198361946529343,0.9364771331485576
8944,17944,Low,Low,0.030753854065198993,0.9360091545502964,0.033236991384504595
31077,40077,Medium,Medium,0.03125363695208734,0.030954642965960996,0.9377917200819518
1108,10108,Medium,Medium,0.034808682228066885,0.03323203701924704,0.9319592807526861
20924,29924,High,High,0.9398735248358104,0.02806238486469785,0.032064090299491727
10951,19951,Medium,Medium,0.03214192731541923,0.031408579950742053,0.9364494927338387
37906,46906,Low,Low,0.05896560689375499,0.9053984422540413,0.03563595085220369
26770,35770,Low,Low,0.0305544968428013,0.9287198356151579,0.04072566754204086
21049,30049,Low,Low,0.03293132487193822,0.91555668609541,0.051511989032651785
39930,48930,High,High,0.9390183599748338,0.028596231196367932,0.032385408828798125
38543,47543,Low,Low,0.027960466999439076,0.942028296424986,0.030011236575575057
11896,20896,High,Low,0.035097430523817,0.9274985119020632,0.03740405757411976
14450,23450,Medium,Medium,0.03121939146594596,0.032255761230186815,0.9365248473038673
38066,47066,Medium,Medium,0.03675584416054007,0.030954397477543933,0.932289758361916
11908,20908,Low,Low,0.051885653176581205,0.9075841995124764,0.040530147310942254
18840,27840,High,High,0.9321738505855217,0.03118641046510673,0.036639738949371586
39469,48469,High,High,0.9291429582178075,0.03332016575755659,0.03753687602463591
25656,34656,High,High,0.9140166135172016,0.03530266060124206,0.05068072588155636
20011,29011,Medium,Medium,0.031734188031968535,0.032742892752272136,0.9355229192157594
19172,28172,High,High,0.9333517521167739,0.031088486942097062,0.03555976094112897
8142,17142,Medium,Medium,0.032315773358191725,0.03090742400661224,0.936776802635196
32292,41292,High,High,0.9334583890054224,0.03200833674298127,0.03453327425159628
4259,13259,Medium,Medium,0.039908420623680156,0.0327144435095703,0.9273771358667496
9419,18419,High,High,0.9383547305874461,0.028495458855850392,0.0331498105567035
31248,40248,Medium,Medium,0.03139088120079323,0.029706018525820315,0.9389031002733864
3111,12111,Medium,Medium,0.041602627751092296,0.03433615807002121,0.9240612141788865
35662,44662,Low,Low,0.028745586328570178,0.9363968800066295,0.034857533664800364
29577,38577,Medium,Medium,0.03279085017033373,0.03597226594018866,0.9312368838894777
37723,46723,Low,Low,0.029325050171595767,0.9339701601715472,0.03670478965685705
28213,37213,Low,Low,0.02860422241421023,0.9373681203262173,0.034027657259572526
16130,25130,Low,Medium,0.07163641486854753,0.36286561410893653,0.565497971022516
38069,47069,Medium,Medium,0.031954359854631194,0.3255465186065581,0.6424991215388107
24913,33913,Low,Low,0.03195175651330783,0.9309007664863826,0.03714747700030953
34077,43077,High,High,0.9280602046508154,0.03399014248958124,0.03794965285960334
28430,37430,Medium,Medium,0.03394725865228441,0.035134433286619034,0.9309183080610967
26651,35651,High,High,0.8978270385712362,0.048169667715967264,0.05400329371279661
1375,10375,Medium,Medium,0.034634605807563536,0.036380601490265646,0.9289847927021707
7437,16437,Medium,Medium,0.031807813723332495,0.029884259441136336,0.9383079268355313
37316,46316,Low,Low,0.033375993415764964,0.9264518541152155,0.04017215246901964
234,9234,Medium,Medium,0.03454484708561751,0.03973441402056574,0.9257207388938168
32536,41536,Medium,Medium,0.030916743489886832,0.031248075983226403,0.9378351805268869
39952,48952,Medium,Medium,0.030356556038361543,0.033366032145625696,0.9362774118160129
20867,29867,Medium,Medium,0.03199753141653322,0.03157637824835472,0.9364260903351119
26112,35112,Medium,Medium,0.040344373211116745,0.03805753226126012,0.9215980945276231
34113,43113,High,High,0.9389512977171443,0.028976521710353833,0.03207218057250175
30613,39613,Medium,Medium,0.035766789913579046,0.032120871935227634,0.9321123381511933
2083,11083,Medium,Medium,0.03320356516400199,0.03327708744659059,0.9335193473894075
21581,30581,Medium,Medium,0.054587775749418616,0.049984043744796224,0.8954281805057852
16042,25042,Medium,Low,0.11932786412019046,0.6552381196594571,0.2254340162203524
661,9661,Medium,Medium,0.03158541119639247,0.03145889460721843,0.9369556941963891
4277,13277,Low,Low,0.03846578194530877,0.9144485869313352,0.047085631123355974
28785,37785,High,High,0.9195866027370009,0.04857316377361664,0.03184023348938256
6943,15943,Medium,Medium,0.03308720776039177,0.03154949235055698,0.9353632998890514
37409,46409,Low,Low,0.029081935386066654,0.9301162290040339,0.0408018356098995
25390,34390,Low,Low,0.031518486144192975,0.6185729702666075,0.3499085435891995
30551,39551,High,High,0.9369466470659978,0.03105725868905505,0.031996094244947156
11203,20203,Low,Low,0.029047215661908554,0.9379780746023075,0.0329747097357841
1652,10652,Medium,Medium,0.033208200984190354,0.03320718244732995,0.9335846165684797
10361,19361,Low,Low,0.0374950087815355,0.9261497686536732,0.03635522256479148
20787,29787,Medium,Medium,0.03563901120356103,0.03771435618718445,0.9266466326092545
21097,30097,Medium,Medium,0.03358186581813302,0.031232509579014554,0.9351856246028524
17147,26147,Medium,High,0.9325748078744098,0.03501156277900299,0.03241362934658706
11427,20427,Low,Low,0.045080293213735134,0.9032038256118006,0.051715881174464316
37061,46061,Medium,Medium,0.044517332262104296,0.06463077240738123,0.8908518953305146
21698,30698,Medium,Medium,0.030760922108767314,0.03100780596444973,0.9382312719267829
25844,34844,Medium,Medium,0.03528754665575163,0.03229423163347832,0.93241822171077
15161,24161,Medium,Medium,0.030792371067280323,0.031097245233168785,0.9381103836995508
34222,43222,Low,Low,0.029217202678331094,0.9349236624036559,0.03585913491801301
16388,25388,Medium,Medium,0.03149787430764992,0.031044308185390685,0.9374578175069593
7028,16028,High,High,0.926175773211727,0.033745542976370606,0.040078683811902605
38701,47701,High,High,0.9373018012387703,0.03058893094474996,0.032109267816479735
8241,17241,High,High,0.9372002192953914,0.02915285140766563,0.03364692929694285
19020,28020,Low,Low,0.04845047328554649,0.8876900779765782,0.06385944873787523
16550,25550,Low,Low,0.027612036774106757,0.9329533425563086,0.0394346206695847
27838,36838,High,High,0.9318846356273651,0.03184684921902337,0.036268515153611576
39972,48972,Medium,Medium,0.03399895811174268,0.03240521037105534,0.9335958315172018
38740,47740,Low,Low,0.04070582998225987,0.9204436636305742,0.03885050638716603
1104,10104,Low,High,0.9289733256355924,0.03327089091794739,0.037755783446460106
15585,24585,Medium,Medium,0.03233883380193539,0.03137991300269518,0.9362812531953694
1907,10907,High,High,0.9394503622057334,0.028915885201985587,0.031633752592281066
20702,29702,Low,Low,0.03206022606032458,0.9314129211088359,0.03652685283083956
18148,27148,Low,Low,0.028233582431656624,0.9397341854782674,0.03203223209007594
33791,42791,Low,Low,0.029840404169806285,0.9385084710768758,0.031651124753317855
5661,14661,Low,Low,0.03482531999467911,0.9233434895836438,0.041831190421677135
33239,42239,High,High,0.9375380472913841,0.030036492310808505,0.03242546039780752
26158,35158,Low,Low,0.033234406222360825,0.9291220078436417,0.03764358593399744
22647,31647,Medium,Medium,0.034769914054512775,0.031868146809907946,0.9333619391355793
26461,35461,Medium,Medium,0.0325675452391253,0.031433825538178854,0.9359986292226958
17217,26217,Medium,Medium,0.03435819631452042,0.03047393088216216,0.9351678728033175
37283,46283,High,High,0.9273040595884803,0.03299409383868719,0.03970184657283239
4991,13991,Low,Low,0.028010646251493326,0.9025655340371245,0.06942381971138223
27377,36377,Low,Low,0.03345991700773165,0.9299040224450623,0.036636060547206035
15184,24184,Medium,Medium,0.03379047943554632,0.03159569697764262,0.934613823586811
20026,29026,Medium,Medium,0.03192354472846062,0.05583134546245062,0.9122451098090888
28374,37374,Low,Low,0.03436893146718579,0.9277483955333087,0.037882672999505526
32347,41347,Low,Low,0.05812277080288589,0.8972561679080933,0.0446210612890208
37019,46019,Low,Low,0.02744419434722541,0.933527203338164,0.039028602314610535
20717,29717,High,High,0.9265055508236916,0.032045151466032366,0.04144929771027613
25360,34360,Medium,Medium,0.03184170774245465,0.030651077159989475,0.9375072150975559
33924,42924,High,High,0.9395702400891089,0.02845718077401463,0.03197257913687645
18386,27386,Low,Low,0.03674362388347053,0.929222140230172,0.03403423588635748
30580,39580,Medium,Medium,0.028669991001324488,0.028886581869712397,0.9424434271289631
10671,19671,High,High,0.9366989576416112,0.02919182931629354,0.034109213042095334
34532,43532,Medium,Medium,0.03255240470028821,0.032225212176609064,0.9352223831231027
17727,26727,Medium,Medium,0.03340558323676434,0.03266505124271558,0.9339293655205201
17839,26839,Medium,Medium,0.03343608087873257,0.03504309481118645,0.9315208243100809
35076,44076,Low,Low,0.030264370323863223,0.9376222883216737,0.032113341354463136
15340,24340,Low,Low,0.033988092819360466,0.9351342796648336,0.03087762751580589
31634,40634,Medium,Medium,0.029363170764398528,0.03990244079132163,0.9307343884442799
17044,26044,Low,Low,0.029815758526274622,0.9381589620595313,0.03202527941419404
26072,35072,Low,Medium,0.034574788340990203,0.03385832926627252,0.9315668823927373
2089,11089,Medium,Medium,0.03599892091015531,0.03463956694412626,0.9293615121457184
27543,36543,High,Medium,0.034148032256894674,0.03257233951928818,0.9332796282238172
9478,18478,Medium,Medium,0.03225189452253342,0.03267485034335494,0.9350732551341117
19908,28908,Medium,Medium,0.0473250786359166,0.0506576492565274,0.902017272107556
32018,41018,High,High,0.9349651034938206,0.02908719843706047,0.035947698069118954
11005,20005,Medium,Medium,0.03829225688811136,0.03510791965454956,0.9265998234573392
29590,38590,Low,Low,0.03901078260354673,0.894216847674223,0.06677236972223026
24362,33362,High,High,0.9413769159825786,0.028305355446936815,0.030317728570484658
27262,36262,High,High,0.9154360327498224,0.03453550417921008,0.050028463070967456
4815,13815,Medium,Medium,0.03202751167067402,0.030896892445906692,0.9370755958834193
39342,48342,Medium,Medium,0.03400047078989841,0.20923045371948548,0.7567690754906161
6884,15884,Low,Low,0.03200360725397091,0.9323610401187056,0.03563535262732349
16175,25175,High,High,0.9360073498510427,0.02861960141304963,0.03537304873590779
10463,19463,Medium,Medium,0.03284579143605217,0.034918220842832824,0.932235987721115
7836,16836,High,High,0.9357338549280639,0.02908506988679467,0.035181075185141436
38427,47427,Low,Low,0.03340290770845209,0.9333125550706894,0.03328453722085842
23579,32579,Medium,Medium,0.035780107432098855,0.03305824456832938,0.9311616479995717
29964,38964,High,High,0.9315334634745335,0.03491358623418552,0.033552950291280935
19266,28266,Medium,Medium,0.031733188327294604,0.031635833872368894,0.9366309778003364
20958,29958,Low,Low,0.030181072739304062,0.9368515745833057,0.032967352677390274
3162,12162,Low,Low,0.031150630908371935,0.7322766798918705,0.23657268919975752
26145,35145,Low,Low,0.037691851710335886,0.9262318447203116,0.03607630356935239
15530,24530,Medium,Medium,0.03502170621594209,0.07639624143254115,0.8885820523515168
13283,22283,High,High,0.9284372587603243,0.03524087923083827,0.03632186200883736
31215,40215,Low,Low,0.03003869406643694,0.9383271336104988,0.031634172323064216
29887,38887,Low,Low,0.030589708184343225,0.9323437465271445,0.03706654528851237
13901,22901,High,High,0.9352369733654515,0.029398139839764924,0.03536488679478347
32179,41179,Medium,Medium,0.059407947581902376,0.04082283811820774,0.8997692142998899
4158,13158,Low,Low,0.030535534977736006,0.925908971488408,0.04355549353385588
31326,40326,Low,Medium,0.032123533987651165,0.030108817337851815,0.9377676486744969
15068,24068,Low,Low,0.02941714295460941,0.9392427177045377,0.03134013934085291
27305,36305,Medium,Medium,0.03167779862584775,0.03247029888384429,0.9358519024903079
8444,17444,Low,Low,0.030256757744975007,0.9265370283836591,0.04320621387136588
4954,13954,High,High,0.9159780705168438,0.036262595724476175,0.04775933375868017
36096,45096,Medium,Medium,0.03410940658235778,0.03174321443016081,0.9341473789874813
38636,47636,Medium,Medium,0.03219085914034111,0.0319915057040914,0.9358176351555675
39236,48236,Low,Low,0.031005921806330865,0.9282879762165321,0.04070610197713687
34890,43890,Medium,Medium,0.028801202272619897,0.046155346576433526,0.9250434511509465
2779,11779,Medium,Medium,0.04008796691048371,0.031932295186930276,0.9279797379025859
39280,48280,Low,Low,0.02958677759024414,0.9371985499118273,0.033214672497928616
20597,29597,Medium,Medium,0.04020738379471311,0.03272146324324949,0.9270711529620373
10977,19977,Low,Low,0.04682545430584165,0.9085412630643382,0.044633282629820074
36619,45619,Medium,Medium,0.03387819020897252,0.034366318511512166,0.9317554912795153
25224,34224,Low,Low,0.028027026496701486,0.9371880111222772,0.03478496238102125
12848,21848,High,High,0.8203181341005784,0.029480666965794378,0.15020119893362718
34841,43841,Medium,High,0.9382429857969924,0.02819820552689116,0.0335588086761165
36233,45233,High,High,0.9126930803541997,0.03088985656930039,0.05641706307649988
24659,33659,Medium,Low,0.03428361690744983,0.9131997530629058,0.0525166300296443
23019,32019,Medium,Medium,0.032765960336670764,0.03162536007164755,0.9356086795916817
8359,17359,High,High,0.9203558155577314,0.04461154474344419,0.03503263969882426
1089,10089,Low,Low,0.042464432172129446,0.8202900109718404,0.1372455568560302
20099,29099,Medium,Medium,0.0307266354436561,0.03197358175471234,0.9372997828016315
14566,23566,Medium,Medium,0.030940793760323892,0.030854299300205144,0.9382049069394709
12877,21877,Medium,Medium,0.03309737045527491,0.03167981019828286,0.9352228193464422
7612,16612,Medium,Medium,0.03278259693467147,0.03172723452841112,0.9354901685369175
31848,40848,Medium,Medium,0.040225189829395595,0.040664566748012845,0.9191102434225916
39278,48278,Medium,Medium,0.03171821501799882,0.029455182667333473,0.9388266023146677
23265,32265,Low,Low,0.0318666480470129,0.9335300395203537,0.034603312432633405
4466,13466,High,Medium,0.032861841009363076,0.03299689284373895,0.9341412661468981
1920,10920,Medium,Medium,0.04976704914941043,0.0383566347902105,0.9118763160603791
15816,24816,Medium,Medium,0.031612634722797496,0.030990065305764092,0.9373972999714383
20931,29931,Medium,Medium,0.030980587467076003,0.03023015507749537,0.9387892574554287
39692,48692,Medium,Low,0.03264892556022405,0.9289185271057067,0.03843254733406929
39372,48372,Low,Low,0.031373626391908514,0.934074878372023,0.03455149523606846
7246,16246,High,High,0.923551354742591,0.04086296768000829,0.0355856775774008
11693,20693,Medium,High,0.9320517494970036,0.03121058255708577,0.036737667945910525
2398,11398,Medium,Medium,0.03721357167884413,0.04346142879667703,0.9193249995244789
23378,32378,Medium,Medium,0.03426384756845707,0.03324636727623386,0.9324897851553091
3436,12436,Medium,Medium,0.030417092812784527,0.02966130890748604,0.9399215982797294
23944,32944,Medium,Medium,0.032527965126677647,0.03079719505580572,0.9366748398175165
29477,38477,Medium,Medium,0.033640490422730075,0.03393682032977779,0.9324226892474922
35201,44201,Low,Low,0.030320292432005996,0.9362503237913643,0.03342938377662969
30805,39805,Medium,Medium,0.030185672651492856,0.02973934588337301,0.9400749814651341
32694,41694,Medium,Medium,0.030273669247640286,0.033947391507144466,0.9357789392452154
6128,15128,Low,Low,0.028818645890324856,0.9320085875611904,0.03917276654848469
33930,42930,Medium,Medium,0.03271906077554004,0.03144849850831432,0.9358324407161457
17228,26228,High,High,0.9347618213736285,0.029238228018673373,0.035999950607698145
16030,25030,Medium,Medium,0.03813629826536416,0.04312828834357635,0.9187354133910596
21894,30894,Medium,Medium,0.032764531314596314,0.03224676337347391,0.9349887053119298
23693,32693,High,High,0.9213330804874814,0.03723820298859357,0.04142871652392494
11209,20209,Medium,Medium,0.03245360208454776,0.030627620912276787,0.9369187770031755
11501,20501,Medium,Medium,0.040061177102999064,0.032929584467528326,0.9270092384294726
12156,21156,High,High,0.9366816307311371,0.030043877465487496,0.033274491803375446
20469,29469,High,High,0.939917088152255,0.028760897826855314,0.031322014020889695
15521,24521,Medium,Medium,0.030383564364253938,0.030523560947713285,0.9390928746880327
35402,44402,Low,Low,0.029765178223140887,0.938668761127329,0.03156606064953003
28253,37253,Medium,Medium,0.03996883317757658,0.04717434357170023,0.9128568232507233
37206,46206,High,High,0.9351222594651123,0.03249132307642633,0.032386417458461346
854,9854,High,Medium,0.03684298823584974,0.03434212217526674,0.9288148895888835
10791,19791,High,High,0.9069540252716601,0.031063280888643813,0.06198269383969605
10961,19961,Medium,Medium,0.033602346680641486,0.03168770605466611,0.9347099472646924
4116,13116,Low,High,0.9314783000997973,0.031919473925564,0.03660222597463869
21452,30452,Low,Low,0.045161296290018284,0.9120415404215931,0.042797163288388514
29701,38701,Medium,Medium,0.033021836346888024,0.03188699622895661,0.9350911674241553
30152,39152,Medium,Medium,0.03301322153864153,0.03101998132452513,0.9359667971368334
13479,22479,Medium,Medium,0.031065936363395222,0.030789967924315098,0.9381440957122896
15702,24702,Medium,Medium,0.029098060182886677,0.042033257177876336,0.928868682639237
35186,44186,Medium,Medium,0.0316554485858353,0.030886972012076627,0.937457579402088
7865,16865,High,High,0.9207301694372768,0.03245362104275195,0.046816209519971175
14301,23301,Medium,Medium,0.03196437294489709,0.032433856982012454,0.9356017700730904
31514,40514,Medium,Medium,0.0316352103660646,0.030332199722446548,0.9380325899114889
14116,23116,Low,Low,0.03046707782742698,0.93127378373411,0.03825913843846291
30031,39031,Medium,Medium,0.032673274711253995,0.030529429776581418,0.9367972955121645
23091,32091,Medium,Medium,0.038558720110778204,0.10962274331100201,0.8518185365782198
29879,38879,Medium,Medium,0.03801763490109661,0.05854270960946208,0.9034396554894414
7858,16858,Medium,Medium,0.03305841369526066,0.031453424827574926,0.9354881614771644
34104,43104,Low,Low,0.032349743197949664,0.9206133456323015,0.047036911169748896
2304,11304,Low,Medium,0.03242807346914424,0.030979458256144454,0.9365924682747112
36829,45829,Low,Low,0.027332371912440947,0.9353564781118395,0.03731114997571946
3317,12317,Low,Low,0.04040900148096324,0.9069453515307702,0.05264564698826648
18140,27140,Medium,Medium,0.03365488694531497,0.033624877516620744,0.9327202355380644
23451,32451,High,Low,0.03690678674773271,0.9188147082568593,0.04427850499540801
35967,44967,Medium,Low,0.03135296535847756,0.9334052368978843,0.03524179774363813
18049,27049,Medium,Medium,0.03336524865818351,0.0322331928230483,0.9344015585187683
31468,40468,Low,Low,0.034955465708969465,0.9303213424005389,0.03472319189049166
33229,42229,Medium,Medium,0.03575309818074688,0.03294374777377896,0.9313031540454743
8572,17572,High,High,0.9333269201127306,0.030408491846524943,0.03626458804074446
11376,20376,Low,Low,0.030281847252481998,0.938428052455654,0.03129010029186403
2972,11972,Medium,Medium,0.03579373545827472,0.03578780955778894,0.9284184549839364
3639,12639,Medium,Medium,0.029373160718903998,0.030771363232195564,0.9398554760489005
38047,47047,High,High,0.8741587954265637,0.042724737534834446,0.08311646703860177
33156,42156,Medium,Medium,0.032521895256920036,0.03216253803200853,0.9353155667110714
34924,43924,Medium,Medium,0.030654067657590257,0.04274768350593353,0.9265982488364761
34049,43049,High,High,0.9345802677326424,0.02855526749643872,0.03686446477091893
35194,44194,Medium,Medium,0.03343639038386419,0.05309671255265371,0.9134668970634822
2866,11866,Low,High,0.8978388500582962,0.06457597514890696,0.03758517479279675
14791,23791,Low,Low,0.02731422476598816,0.9302483877515183,0.04243738748249351
32839,41839,High,High,0.9187915963562968,0.031511967659443633,0.04969643598425962
21865,30865,Low,High,0.9219954886811158,0.032940318947273534,0.045064192371610655
32432,41432,Medium,Medium,0.03449723790822946,0.03327515257291888,0.9322276095188516
27889,36889,High,High,0.924004086590437,0.031349315589837744,0.044646597819725374
23140,32140,Low,Low,0.03005781045314113,0.9321858983908452,0.03775629115601379
5078,14078,Low,Low,0.030365585478205327,0.9337453572390079,0.03588905728278669
14081,23081,Medium,Medium,0.03313872598380472,0.0397921976058113,0.927069076410384
30356,39356,Medium,Medium,0.027618922653584167,0.029919114981741476,0.9424619623646744
18544,27544,Medium,Medium,0.031187236448703397,0.030234982585903472,0.9385777809653932
5735,14735,High,Medium,0.029517362437237113,0.03188478366721762,0.9385978538955454
5897,14897,Medium,Medium,0.03174925175770113,0.03445163285745537,0.9337991153848435
2124,11124,Medium,Medium,0.03246660167645326,0.03226575017938051,0.9352676481441663
21485,30485,Low,Low,0.03047288228873886,0.9255176223620915,0.04400949534916962
31130,40130,Medium,Medium,0.057148625106039574,0.03212494711746393,0.9107264277764965
7468,16468,Medium,Medium,0.03078374790744318,0.02960721000971982,0.939609042082837
18346,27346,Medium,Medium,0.03334484847472901,0.03197562452196497,0.934679527003306
20128,29128,Medium,Medium,0.03217889292924419,0.031568682113526814,0.9362524249572289
2990,11990,Medium,Medium,0.031930220849524384,0.030356341838867526,0.9377134373116082
33775,42775,High,High,0.9318991663705193,0.03602597154167232,0.03207486208780835
3091,12091,High,High,0.9106592734618225,0.046080647483868455,0.04326007905430892
2057,11057,High,Low,0.06558795636621088,0.8795056790598322,0.05490636457395683
933,9933,Medium,Medium,0.03359846601279642,0.03360315666424704,0.9327983773229566
39641,48641,Medium,Medium,0.03212129818890353,0.0370379765781831,0.9308407252329133
37643,46643,High,High,0.937138959694073,0.029188140807111834,0.033672899498815245
38111,47111,Low,Low,0.032746529583783754,0.9331283349600552,0.034125135456161006
21599,30599,Medium,Medium,0.03799960672386123,0.029624297601672473,0.9323760956744663
35680,44680,Medium,Medium,0.031648465982999356,0.03164686011020306,0.9367046739067976
34746,43746,Medium,Medium,0.027456674030892178,0.02902609702070487,0.9435172289484028
33096,42096,Medium,Medium,0.03304066337137229,0.03235327038961284,0.9346060662390149
37511,46511,Medium,Medium,0.032331852012497074,0.03168848581283249,0.9359796621746704
615,9615,High,High,0.9270437737817927,0.035315862890360726,0.03764036332784653
28650,37650,Medium,Medium,0.03326062627686525,0.03053763502095398,0.9362017387021807
3637,12637,Medium,Medium,0.034735337967910764,0.038253029691667544,0.9270116323404217
35341,44341,High,High,0.9376070029246497,0.02968777476252457,0.032705222312825716
4850,13850,Medium,Medium,0.033469534592437934,0.037709569342531654,0.9288208960650305
9286,18286,Medium,Medium,0.03280082410160029,0.035501923712130186,0.9316972521862694
29882,38882,Low,Low,0.033720307367406534,0.9284949890520168,0.03778470358057665
10992,19992,Medium,Medium,0.030491890159009022,0.02929209045659048,0.9402160193844004
28569,37569,Low,Low,0.033026038083846375,0.9271467442249234,0.03982721769123026
27283,36283,Medium,Medium,0.03833784157666043,0.040878284532965596,0.920783873890374
35829,44829,Low,Low,0.031658576163820416,0.9328459325225129,0.03549549131366664
4995,13995,High,High,0.9301430174326922,0.03683429846471268,0.03302268410259504
6253,15253,Medium,Medium,0.032107213456088184,0.031600074395709284,0.9362927121482025
34385,43385,High,High,0.9325596967623996,0.031082274410828198,0.036358028826772325
37455,46455,Low,Low,0.03734624608678458,0.9269732111699692,0.03568054274324626
5357,14357,Low,Low,0.05177265965674579,0.9098022147281695,0.03842512561508483
32397,41397,Medium,Medium,0.03226679399894556,0.03251356965804995,0.9352196363430044
14799,23799,Low,Low,0.06058554316894484,0.8962185940947327,0.04319586273632248
19141,28141,Low,Low,0.0352549081120789,0.9292969468368231,0.035448145051098064
34135,43135,Medium,Medium,0.04575014913198717,0.041396669096221146,0.9128531817717915
2856,11856,Low,High,0.9250607687394204,0.04058192948926884,0.03435730177131067
21799,30799,Low,Medium,0.09618791552266737,0.05990659140465365,0.843905493072679
37675,46675,Medium,Medium,0.0345368801423138,0.03495549255247504,0.9305076273052113
8371,17371,Medium,Medium,0.042798765303924104,0.04197480405223076,0.9152264306438451
39084,48084,Medium,Medium,0.033120658187273604,0.03705254281804953,0.9298267989946769
2955,11955,High,High,0.9338525149799762,0.031086253000284166,0.035061232019739645
3799,12799,High,High,0.9391230558588767,0.029551612644502206,0.031325331496620964
2917,11917,High,High,0.9340657919055646,0.032721929155449775,0.0332122789389857
23713,32713,Medium,Medium,0.031145318673157906,0.03410439522225139,0.9347502861045908
23819,32819,Medium,Medium,0.03253783614431324,0.03373255803851818,0.9337296058171686
33999,42999,Medium,Medium,0.03118670616141425,0.042153425076317474,0.9266598687622682
11459,20459,Low,Low,0.04476000636698312,0.919479740725731,0.03576025290728584
8908,17908,Low,Low,0.03392550971543635,0.8984706367960618,0.06760385348850197
2603,11603,Medium,Medium,0.03317665441132835,0.030690482592695453,0.9361328629959762
5500,14500,Medium,Medium,0.03700891446271196,0.04740826591693655,0.9155828196203516
16807,25807,Medium,Medium,0.03182353817353609,0.030835852890828807,0.9373406089356351
22782,31782,Medium,Medium,0.031947510376599354,0.029861922463932457,0.9381905671594682
6654,15654,Medium,Medium,0.03406662291586416,0.032219903150411525,0.9337134739337243
17857,26857,Medium,Medium,0.03736820010253119,0.030275432520361707,0.932356367377107
25267,34267,High,Medium,0.03299374703081098,0.031711859065904756,0.9352943939032842
17711,26711,Low,Low,0.0366352181380771,0.9040645193081618,0.05930026255376103
1709,10709,Medium,Medium,0.03386116220571993,0.03340895790497741,0.9327298798893028
15973,24973,Low,Low,0.030722674979104452,0.8715020166203727,0.09777530840052266
13385,22385,Low,Low,0.03138735177855586,0.9360373908565043,0.03257525736493997
9894,18894,Medium,Medium,0.03334655833625102,0.032626362994633284,0.9340270786691157
18250,27250,Medium,Medium,0.030601784342010996,0.03003925618853867,0.9393589594694504
36303,45303,Medium,Medium,0.03241594108637957,0.03439086823748364,0.9331931906761368
28842,37842,Medium,Medium,0.034852440756321025,0.032539652096908414,0.9326079071467706
10950,19950,High,High,0.938713077735802,0.029335674076579315,0.03195124818761865
37988,46988,High,High,0.9403386778675671,0.02858114299456327,0.031080179137869618
11464,20464,Low,Low,0.033031246010050266,0.9333290315383422,0.03363972245160759
32473,41473,Medium,Medium,0.03224867466737796,0.031069727264788283,0.9366815980678337
24086,33086,Medium,Medium,0.031237992831414468,0.03114927553324014,0.9376127316353454
2105,11105,Medium,Medium,0.033009236232312195,0.03298114202670599,0.9340096217409818
21217,30217,Medium,Medium,0.03385770611699696,0.033637790968054186,0.9325045029149487
36638,45638,Low,Low,0.038440395726452796,0.9275606619940181,0.03399894227952909
36388,45388,Low,Low,0.046476187734291345,0.6625457264285569,0.29097808583715185
10221,19221,High,High,0.9324948637595404,0.03490981526398973,0.03259532097646982
28590,37590,Medium,Medium,0.047043684163229293,0.047329601643209755,0.905626714193561
31279,40279,Low,Low,0.0370729201906044,0.8919040206391502,0.07102305917024553
29653,38653,Low,Low,0.03413043347757371,0.9306320266912668,0.035237539831159424
13326,22326,High,High,0.932670927924884,0.03263221464072047,0.03469685743439548
35420,44420,Medium,Medium,0.033300445608256166,0.033862151049660054,0.9328374033420839
18521,27521,Medium,Medium,0.035306332151452124,0.03363665813559537,0.9310570097129526
951,9951,Medium,Medium,0.04014065244393712,0.036349927832026174,0.9235094197240367
33964,42964,High,High,0.9403035410269763,0.028190805155210764,0.03150565381781286
4710,13710,Low,Low,0.03694342999485212,0.9235333909866,0.03952317901854781
10610,19610,Medium,Medium,0.04252097540930481,0.04036433373714678,0.9171146908535484
5319,14319,High,High,0.9364896032673865,0.030119102483921554,0.033391294248691944
13337,22337,Low,Low,0.03917869441878535,0.9280645479474706,0.032756757633744076
18712,27712,High,High,0.9339557111590869,0.0325246413336765,0.03351964750723655
23018,32018,Medium,Medium,0.03428064059901073,0.03453579540329855,0.9311835639976908
6758,15758,Medium,Medium,0.03372585856006851,0.03258838102094792,0.9336857604189835
28118,37118,Medium,Medium,0.03183214217356938,0.0310068153686798,0.9371610424577508
1528,10528,Low,Low,0.029213176653689443,0.9315355388536638,0.03925128449264673
5810,14810,Medium,Medium,0.031541896788539976,0.03140852805385131,0.9370495751576088
24110,33110,Medium,Medium,0.04364179466161833,0.0382126101194435,0.9181455952189381
11534,20534,High,High,0.9350963959961279,0.031579212003677436,0.033324392000194714
29159,38159,Medium,Medium,0.034690718200447467,0.03282996819184609,0.9324793136077064
36271,45271,Medium,Medium,0.032424032539903516,0.031450988466933255,0.936124978993163
31420,40420,Low,Low,0.03512285153666745,0.48565464720461843,0.47922250125871413
19107,28107,Medium,Medium,0.03159860835877698,0.03105867617312233,0.9373427154681006
20941,29941,High,High,0.9168331891871139,0.03460336558399138,0.048563445228894796
16763,25763,High,High,0.9374823465266825,0.028507859259768408,0.034009794213549174
29057,38057,Medium,Medium,0.033263809723416415,0.03334389573664858,0.933392294539935
24043,33043,Medium,Medium,0.03586977242742258,0.03196920835628566,0.9321610192162918
3508,12508,Medium,Medium,0.03259770194086907,0.03044950305007525,0.9369527950090557
32975,41975,Medium,Medium,0.03289950777665355,0.03225513732060586,0.9348453549027407
4431,13431,Medium,Medium,0.0354667120111026,0.08220766548814297,0.8823256225007544
25046,34046,High,High,0.9396700179952023,0.02863751165439851,0.031692470350399175
888,9888,High,High,0.93554137811947,0.03160733168353856,0.032851290196991345
20064,29064,Low,Low,0.033107426593383615,0.9338868405110746,0.0330057328955417
28189,37189,Medium,Medium,0.03117941997682214,0.029867494931429133,0.9389530850917488
6375,15375,High,High,0.932149352892139,0.031402170078800716,0.0364484770290604
31869,40869,Medium,Medium,0.030561310463445082,0.027532428470759752,0.9419062610657951
30751,39751,Medium,Medium,0.035848414294746535,0.031398707086250734,0.9327528786190028
17904,26904,High,High,0.9194199806258897,0.04018686026166491,0.040393159112445426
3722,12722,Medium,Medium,0.03479226087786217,0.033676055159485206,0.9315316839626527
12287,21287,Medium,Medium,0.03456620935204999,0.029918423162778127,0.9355153674851717
11241,20241,Medium,Medium,0.033659164407668855,0.03293116621962564,0.9334096693727055
2289,11289,Low,Low,0.03390961638267718,0.9301509135417714,0.035939470075551413
23045,32045,High,High,0.9332775429210723,0.03405773742156883,0.032664719657358864
702,9702,Medium,Medium,0.03320881513289794,0.03348543748790541,0.9333057473791966
26581,35581,Low,Low,0.02931194563553983,0.9113007460866948,0.05938730827776543
11190,20190,Medium,Medium,0.03306763091700248,0.03701616414975092,0.9299162049332467
31943,40943,Medium,Medium,0.030540321548051155,0.029789186415087793,0.9396704920368611
18102,27102,Medium,Medium,0.033133933114861173,0.03552063466055347,0.9313454322245853
9517,18517,High,High,0.9399880261781188,0.028199372258061572,0.03181260156381961
12504,21504,Low,Low,0.028961111724243028,0.9318640690860156,0.03917481918974142
39922,48922,Low,Low,0.036106814047354475,0.91607427210027,0.047818913852375404
7352,16352,Medium,Medium,0.03298388860773286,0.031324522898166514,0.9356915884941007
16875,25875,Low,Low,0.029578451878934375,0.9361948827033387,0.03422666541772706
7392,16392,Low,Low,0.03898928085854775,0.9270640055070744,0.033946713634377935
34714,43714,High,High,0.9280369185938863,0.03499428527376356,0.03696879613235015
27115,36115,High,High,0.9234825181835719,0.039264837452650324,0.03725264436377778
13091,22091,Low,Low,0.030403449896707634,0.9364796900278766,0.03311686007541562
30696,39696,Low,Low,0.028930069076099,0.936368330659108,0.03470160026479289
38088,47088,Low,Low,0.031122630345853577,0.9282157189225032,0.040661650731643136
22519,31519,Medium,Medium,0.03247926557666789,0.032638241582587095,0.934882492840745
16845,25845,High,High,0.9375733644863723,0.028347711424533347,0.034078924089094347
24098,33098,Medium,Medium,0.032938812495889126,0.035390699851041506,0.9316704876530694
12829,21829,Medium,Medium,0.032435718540118515,0.034459969868755325,0.9331043115911261
9763,18763,Medium,Medium,0.03161778453283735,0.031698067755741854,0.9366841477114208
34190,43190,High,High,0.9321468596115965,0.03080191702344053,0.03705122336496303
4745,13745,Low,Medium,0.03366075374133127,0.07922213729213558,0.8871171089665332
12992,21992,Medium,Medium,0.03331247018886834,0.05068051130380915,0.9160070185073227
27336,36336,High,High,0.9315527667063989,0.033916067274769764,0.034531166018831216
23010,32010,Low,Low,0.03122770180182133,0.9019415116825016,0.06683078651567716
1994,10994,Medium,Medium,0.03131298547812713,0.031768057523155514,0.9369189569987174
33773,42773,High,High,0.9333339388896026,0.03037044673696485,0.036295614373432566
5165,14165,Medium,Medium,0.033435777193868636,0.035461556461831016,0.9311026663443004
1323,10323,Medium,High,0.9368628515956088,0.03167153936461745,0.0314656090397737
30049,39049,Medium,Medium,0.032110025099037355,0.03159233116672462,0.9362976437342381
17038,26038,Low,Low,0.03815788866284717,0.927951851446917,0.03389025989023579
38501,47501,High,High,0.9293657555439089,0.03464375646826414,0.03599048798782694
30091,39091,Medium,Medium,0.03337980396256999,0.036278755475522236,0.9303414405619078
27314,36314,Medium,Medium,0.0373037260397884,0.09142842262030086,0.8712678513399107
22601,31601,Medium,Medium,0.05590353319348342,0.033691090693066715,0.91040537611345
39347,48347,Medium,Medium,0.03404826429009062,0.03468234132838934,0.9312693943815201
32940,41940,Medium,Medium,0.0340747237916437,0.03294741738012617,0.93297785882823
5956,14956,High,High,0.9255904592293795,0.038239697551791414,0.03616984321882901
17166,26166,Low,Low,0.030911556709514832,0.9353311965952565,0.03375724669522859
3191,12191,Medium,Medium,0.03305192617576713,0.032298842014979005,0.9346492318092539
32117,41117,Low,Low,0.026939559730576174,0.9368891106414018,0.036171329628022046
19128,28128,High,High,0.9325972360166986,0.03137149186770163,0.03603127211559958
5498,14498,Medium,Medium,0.03234922268042753,0.030557978318167225,0.9370927990014053
16690,25690,Medium,Medium,0.0308518733236214,0.029612567509693027,0.9395355591666856
7022,16022,Medium,Medium,0.09855484980471925,0.03484964673887777,0.866595503456403
15387,24387,Low,Low,0.039793796949608565,0.9260470224162275,0.03415918063416393
15233,24233,Medium,Medium,0.03261003679755061,0.03572345230015866,0.9316665109022909
34955,43955,Medium,Medium,0.043819400286548925,0.0350945044458246,0.9210860952676265
986,9986,Low,Low,0.03478254084705499,0.916280422244867,0.04893703690807799
26614,35614,Medium,Medium,0.03357026333722137,0.032401759729710676,0.9340279769330678
21917,30917,High,Medium,0.027594122050135606,0.028128755908399,0.9442771220414654
17911,26911,Medium,Medium,0.043323164339598645,0.04048041669267396,0.9161964189677274
20405,29405,Medium,Medium,0.032005098559263784,0.030592556420012868,0.9374023450207233
28274,37274,Low,Low,0.03144999468661957,0.9354847587919327,0.033065246521447704
19620,28620,Medium,Medium,0.03465325830078594,0.03119064268683894,0.9341560990123753
18466,27466,High,High,0.9130455710483353,0.029993638981018877,0.05696078997064576
33374,42374,Medium,Medium,0.031893177002101265,0.03225620774803296,0.9358506152498659
32642,41642,Medium,Medium,0.03206063505646243,0.03228777836845176,0.9356515865750857
20613,29613,High,High,0.9329964195725141,0.03490808390573956,0.032095496521746286
24608,33608,Low,Low,0.03280670440279763,0.9306269751700412,0.03656632042716124
9170,18170,High,High,0.9358996852173167,0.02857318447022587,0.03552713031245754
20900,29900,High,High,0.9333103555619315,0.031724239011276655,0.03496540542679186
39312,48312,Medium,Medium,0.029953684881400686,0.029585557905019638,0.9404607572135796
17174,26174,Medium,Medium,0.032508227305716376,0.030899221465169754,0.936592551229114
8271,17271,High,High,0.9364658457443426,0.029594021230438906,0.03394013302521851
24636,33636,Medium,Medium,0.032399496521433535,0.033019912361734294,0.9345805911168322
14932,23932,Medium,Medium,0.030516497351814564,0.02757619223406436,0.941907310414121
20631,29631,High,High,0.934101602374927,0.02966195527000695,0.03623644235506605
18301,27301,High,High,0.9371206624620788,0.030166517756908123,0.032712819781013036
28851,37851,High,Medium,0.05428589316739594,0.03920203771149116,0.9065120691211129
12594,21594,Medium,Medium,0.03347315893568575,0.03244187001100162,0.9340849710533127
31069,40069,Medium,Low,0.052504000530784085,0.5253614112623378,0.42213458820687805
26562,35562,Medium,Medium,0.033192275166389,0.032719113760221366,0.9340886110733896
8253,17253,Medium,Medium,0.04931602386179368,0.042458071753067705,0.9082259043851386
14981,23981,High,High,0.9280532229586828,0.030160861960724678,0.041785915080592595
8332,17332,Medium,Medium,0.03804809560557822,0.03341375367346425,0.9285381507209576
39265,48265,Low,Low,0.03441614904144328,0.931247308330613,0.0343365426279437
5403,14403,High,High,0.9271865032281125,0.03693018567503766,0.03588331109684991
1029,10029,Low,Low,0.029894931543327934,0.9347590923339958,0.03534597612267631
31292,40292,Medium,Medium,0.03447623948340205,0.03187656697756878,0.9336471935390293
18507,27507,High,High,0.9334441208689706,0.032329271230786945,0.03422660790024254
376,9376,High,High,0.9318563445161208,0.02932979636908598,0.03881385911479335
33569,42569,Medium,Medium,0.03340738164935242,0.03052005473562255,0.9360725636150251
23459,32459,Medium,Medium,0.031210931360284456,0.031000027728865776,0.9377890409108497
6031,15031,Medium,Medium,0.03185422160097549,0.030205348315924762,0.9379404300830997
20414,29414,Medium,Medium,0.036457345997404605,0.0342108300550897,0.9293318239475057
14378,23378,High,Medium,0.035577486084833555,0.03372298460547235,0.9306995293096941
13789,22789,High,High,0.9399209320427125,0.028211672399009874,0.03186739555827756
2842,11842,High,High,0.9360282322762311,0.028997605182881293,0.03497416254088755
32797,41797,Medium,Medium,0.03743670791631855,0.033670721983941165,0.9288925700997402
39066,48066,High,Low,0.02708595929703425,0.9407252442257432,0.03218879647722265
30147,39147,Low,Low,0.03002487948693211,0.9115789389976152,0.05839618151545254
26093,35093,Medium,Low,0.12430209787036232,0.6706052197379564,0.20509268239168119
25783,34783,Low,Low,0.03361600807628705,0.9205318349517392,0.04585215697197378
37370,46370,High,High,0.9286125758827847,0.03823985301108518,0.03314757110613016
11136,20136,Medium,Medium,0.034557226400682685,0.053231732118655645,0.9122110414806617
34411,43411,Medium,Medium,0.03005412753390137,0.03308873153604483,0.9368571409300538
39733,48733,Medium,Medium,0.034614395410022404,0.03620558864149045,0.9291800159484871
23533,32533,High,High,0.8925753028646737,0.06233653108496643,0.045088166050359924
18283,27283,Low,Low,0.03232203179206152,0.9254581049661748,0.042219863241763744
39852,48852,Medium,Medium,0.030416059341921948,0.029733008664286294,0.9398509319937918
36994,45994,Medium,Medium,0.0397758115270668,0.03133366107491243,0.9288905273980207
12697,21697,Medium,Medium,0.03070579720765748,0.04680121051899682,0.9224929922733457
17724,26724,Low,Low,0.03623843967399537,0.9174508221576438,0.04631073816836077
464,9464,High,Medium,0.032357275901524665,0.032874811126853344,0.9347679129716219
5823,14823,High,High,0.9020900670139329,0.03604681135944738,0.06186312162661977
31599,40599,Medium,Medium,0.03608001007872846,0.03507359425279668,0.9288463956684749
25882,34882,High,High,0.9333725776139454,0.030267502484484027,0.03635991990157057
11533,20533,Low,Low,0.030384149172448926,0.9338008993148851,0.03581495151266587
1841,10841,Medium,Medium,0.03081427472455908,0.030838162679666492,0.9383475625957743
10717,19717,High,High,0.9287914282057445,0.030396303811129826,0.04081226798312568
3095,12095,Low,Low,0.030308205336586735,0.9390388487408883,0.030652945922524974
35458,44458,Low,Low,0.029778947305237124,0.9380664298639375,0.032154622830825395
38528,47528,High,High,0.9331953374175348,0.030276536114831637,0.03652812646763364
25861,34861,Medium,Medium,0.03528071496576792,0.030848197099843513,0.9338710879343886
34502,43502,Low,High,0.9193004161500596,0.041840528987566496,0.03885905486237377
33399,42399,Low,Low,0.035073745786925736,0.9273015543554651,0.037624699857609134
16882,25882,Medium,Medium,0.026883991268282142,0.027932326590528373,0.9451836821411895
29348,38348,Medium,Medium,0.04958098770625539,0.03748230687596891,0.9129367054177756
34533,43533,High,High,0.9352750907168009,0.02965421715423432,0.035070692128964825
10406,19406,High,High,0.8041367254965008,0.0814871418022179,0.11437613270128123
16578,25578,Medium,Medium,0.032206646112977286,0.03229152483729927,0.9355018290497235
31277,40277,High,High,0.9308252545241983,0.036323273892685526,0.032851471583116104
36682,45682,Medium,Medium,0.032064596249126824,0.030367806880788727,0.9375675968700845
19459,28459,Low,High,0.9230341850815025,0.035590936455012115,0.041374878463485414
16384,25384,Low,Low,0.03273216863460942,0.9350350535984417,0.03223277776694889
31529,40529,Medium,Medium,0.03310161571842112,0.03727526124983062,0.9296231230317482
13597,22597,Medium,Medium,0.03599403122083952,0.04123750304869922,0.9227684657304613
12839,21839,Medium,Medium,0.03511597879961643,0.036605407053712624,0.928278614146671
7053,16053,Medium,Medium,0.036315078856156806,0.06110302212914573,0.9025818990146974
29255,38255,Low,Low,0.035736330282257145,0.890669708257635,0.0735939614601078
22529,31529,Low,Low,0.028910500113504836,0.9315831204130888,0.03950637947340636
998,9998,Medium,Medium,0.03356898980542454,0.03069033539639811,0.9357406747981774
18184,27184,Low,Medium,0.027836092243452643,0.03851291155168229,0.933650996204865
22830,31830,High,High,0.9378185054591972,0.030055227253864992,0.032126267286937814
20836,29836,High,High,0.9216824597334864,0.04257846159010658,0.03573907867640716
2306,11306,Medium,Medium,0.03482600052754766,0.05234135857371384,0.9128326408987384
34094,43094,Medium,Medium,0.03529365631937653,0.03313393739145483,0.9315724062891686
11569,20569,Medium,Medium,0.033412678020266824,0.03474712717977363,0.9318401947999595
8117,17117,Medium,Medium,0.03221723298812615,0.030200866559584427,0.9375819004522895
30323,39323,Low,Medium,0.040174876861287144,0.052330841801286804,0.907494281337426
22003,31003,Medium,Medium,0.031039076608416552,0.03062191827031466,0.9383390051212688
17502,26502,Low,Low,0.030421997965737666,0.9160782217701501,0.05349978026411223
845,9845,Medium,Medium,0.02945452539753396,0.030172766794212297,0.9403727078082538
12817,21817,Medium,Medium,0.03321146985969734,0.03490639356690058,0.9318821365734021
1646,10646,Medium,Medium,0.032522641299165204,0.032781937130164314,0.9346954215706705
27972,36972,High,Low,0.033446858693414835,0.9318829519437198,0.03467018936286534
27323,36323,High,High,0.9163693230975541,0.03399871097930642,0.04963196592313935
11656,20656,Medium,Medium,0.04622817577008626,0.09273483621307228,0.8610369880168415
11791,20791,Medium,Medium,0.03161644074069142,0.029270037381332756,0.9391135218779758
38432,47432,Medium,Medium,0.0324897091692348,0.03082296027618377,0.9366873305545815
37477,46477,Medium,Medium,0.0324736143544358,0.031781225811551295,0.935745159834013
37848,46848,High,High,0.9247488427842497,0.032147916336553645,0.04310324087919657
36937,45937,Low,Low,0.029635795671791088,0.9296365619538308,0.040727642374378134
7147,16147,Low,Low,0.03220654285385629,0.9295961980943114,0.038197259051832244
3154,12154,Medium,Medium,0.04765640352801013,0.032473430825856985,0.9198701656461329
13269,22269,Low,Low,0.031887188069883915,0.9285262143463636,0.039586597583752506
32170,41170,Medium,Medium,0.033275174237759206,0.03134413069562334,0.9353806950666174
22820,31820,High,High,0.931012868697472,0.032036689563357444,0.03695044173917053
32686,41686,Medium,Medium,0.036035219211604526,0.03481573707987665,0.9291490437085188
22609,31609,Low,Low,0.03781695702603736,0.9251255256844685,0.037057517289494135
7367,16367,Medium,Medium,0.031540426342374084,0.029286511360979855,0.939173062296646
6021,15021,Low,Low,0.04804419340667554,0.9190160100038088,0.03293979658951581
15859,24859,Medium,Medium,0.0339705760392111,0.033590312036321034,0.9324391119244678
26190,35190,Medium,Medium,0.03178525562983167,0.031134106376120334,0.9370806379940481
39316,48316,High,Medium,0.05662392824782756,0.06463835114195063,0.8787377206102218
19739,28739,High,High,0.9390916733811455,0.029386804887947957,0.03152152173090658
33110,42110,Low,Low,0.034769970718139524,0.9160626075547459,0.04916742172711445
27690,36690,High,High,0.9308274922324086,0.03274230556547505,0.03643020220211638
6715,15715,Low,Low,0.03275591666908387,0.931899258173245,0.03534482515767099
5155,14155,High,High,0.928099135208669,0.0351869857164553,0.03671387907487569
7601,16601,Medium,Low,0.04071960956146898,0.6472235388386138,0.31205685159991714
22743,31743,Medium,Medium,0.03599257660379843,0.03635837635800893,0.9276490470381926
38036,47036,Medium,Medium,0.032724363418172454,0.03523931043903233,0.9320363261427952
33922,42922,Medium,Medium,0.03130658888796734,0.03042981990291258,0.9382635912091201
24276,33276,Medium,Low,0.036029746300980665,0.9273390384219861,0.0366312152770332
30239,39239,High,High,0.9335641682029828,0.033066325432542086,0.03336950636447502
27913,36913,High,High,0.9309507935747797,0.029506208170859003,0.03954299825436124
2472,11472,Medium,Medium,0.03181599192637225,0.03097354743061975,0.937210460643008
21826,30826,High,High,0.9353302058950573,0.028499204592871644,0.036170589512070944
36229,45229,High,High,0.9347366372768695,0.033277378321263894,0.0319859844018665
31657,40657,Medium,Medium,0.031516930849516823,0.03167590747698136,0.9368071616735018
4017,13017,High,High,0.92331105916884,0.030707932522974702,0.045981008308185266
18441,27441,Medium,Medium,0.028714144081017755,0.04311704964202064,0.9281688062769616
13039,22039,Medium,Medium,0.03405784001009393,0.032235260516710086,0.933706899473196
189,9189,Medium,Medium,0.0343506605203591,0.034493616387077285,0.9311557230925637
32492,41492,Medium,Medium,0.031228948275318347,0.0329887815226339,0.9357822702020476
20362,29362,Medium,Medium,0.03250431618390323,0.030862878765625153,0.9366328050504716
12622,21622,High,High,0.915737517599634,0.03947060046337552,0.04479188193699047
11385,20385,High,Medium,0.043115674694981065,0.0386782868086538,0.9182060384963652
6738,15738,Medium,Medium,0.02855259081705115,0.029348981531889834,0.942098427651059
6068,15068,Medium,Low,0.03856752217976287,0.9274513236452223,0.0339811541750147
2232,11232,High,High,0.9353407987514442,0.03064727929785131,0.03401192195070452
34483,43483,Medium,Medium,0.040650686393246045,0.04913873092260718,0.9102105826841468
16833,25833,Medium,Medium,0.03555827165493156,0.03337929633610628,0.9310624320089621
2053,11053,High,High,0.9407569801031427,0.0289115656836134,0.030331454213243913
24,9024,High,High,0.9084019966277891,0.0343565823883147,0.057241420983896264
2749,11749,Low,Medium,0.03248453701186977,0.031199140705366113,0.9363163222827641
12275,21275,Low,Low,0.03136750870295562,0.9268311970550438,0.04180129424200065
185,9185,High,High,0.923874385122552,0.03471245181108761,0.041413163066360364
12041,21041,Medium,Medium,0.03214960794979154,0.031504299814442686,0.9363460922357657
13735,22735,High,High,0.9349979802329856,0.03205551983626475,0.03294649993074957
4832,13832,High,High,0.9294210884400808,0.030063103367144614,0.04051580819277444
193,9193,Medium,Medium,0.03275679266464713,0.045951117077237646,0.9212920902581153
23208,32208,Medium,Medium,0.031053655101451156,0.03491256966535957,0.9340337752331892
31270,40270,Medium,Medium,0.033874916679360594,0.055774013068073496,0.9103510702525659
36187,45187,Low,Low,0.042146017848372984,0.9149572470257118,0.04289673512591513
33535,42535,High,High,0.9391458647320711,0.02851685718628021,0.03233727808164869
5017,14017,High,High,0.9382015996286062,0.02964171145158581,0.032156688919808
20077,29077,Medium,Medium,0.038176060949885855,0.030941418650807507,0.9308825203993066
17205,26205,Low,Low,0.03167680939586268,0.7185888164611306,0.24973437414300684
36395,45395,High,High,0.9243699253831316,0.03457794570763571,0.04105212890923266
5888,14888,Medium,Low,0.030459937167354862,0.9357365928360988,0.033803469996546424
3894,12894,High,High,0.9144082140950104,0.034729597107199035,0.05086218879779066
18269,27269,Medium,Medium,0.03391571851756609,0.04036562878346518,0.9257186526989686
13701,22701,Medium,Medium,0.033480719453425935,0.03102467146095489,0.9354946090856192
51,9051,High,Medium,0.03943586349411763,0.030374450612008497,0.930189685893874
33951,42951,Low,Low,0.03370050307254199,0.9306218411120296,0.03567765581542839
8573,17573,High,High,0.930763955511817,0.03591349610476502,0.03332254838341804
2883,11883,High,High,0.9353178024637453,0.03064533578880226,0.034036861747452296
22837,31837,High,High,0.9281898556057948,0.03273687625339162,0.03907326814081367
2134,11134,Low,Low,0.03174059442142698,0.9359246959661526,0.03233470961242057
20220,29220,High,High,0.8796503850135999,0.055209717771633395,0.06513989721476668
3262,12262,Medium,Medium,0.03071194780512175,0.0324599197106224,0.9368281324842559
36601,45601,Medium,Medium,0.031650361532022164,0.03233074759302403,0.9360188908749537
15404,24404,High,High,0.9068879312376733,0.03101394563847446,0.062098123123852246
14529,23529,High,High,0.9325438755221,0.03444902560160881,0.03300709887629122
2562,11562,High,Low,0.030760246082732756,0.9320808005541755,0.03715895336309175
29444,38444,Medium,Medium,0.288095015740996,0.04101400516866598,0.670890979090338
23779,32779,Medium,Medium,0.030399475608544464,0.03029623798263624,0.9393042864088192
17869,26869,High,High,0.9296174756788305,0.03231860234274648,0.0380639219784231
3904,12904,Medium,Medium,0.03204417799626649,0.03220944226441529,0.9357463797393182
29706,38706,Low,Low,0.03672584182002187,0.9287278573103873,0.03454630086959076
18745,27745,High,High,0.931172462803676,0.034180502900918265,0.03464703429540574
15861,24861,High,High,0.9286203554088136,0.03208484210560631,0.03929480248558007
29512,38512,Medium,Medium,0.03255378891764304,0.030714619107254443,0.9367315919751026
18513,27513,High,High,0.9264422597689143,0.032030879209113634,0.04152686102197201
8480,17480,Medium,Medium,0.030944770541799334,0.030094086809114542,0.9389611426490859
2298,11298,High,High,0.9345765470832266,0.02998838591719195,0.035435066999581544
34995,43995,Low,Low,0.027327739490378738,0.9422413258306618,0.030430934678959454
13247,22247,Medium,Medium,0.03921050577407847,0.08245250511828002,0.8783369891076415
28603,37603,Medium,Medium,0.03138764392433495,0.033684305752671055,0.934928050322994
36431,45431,High,High,0.9236116101843482,0.031003426566216085,0.045384963249435646
3818,12818,Medium,Medium,0.03024379455430004,0.02925904739084267,0.9404971580548573
24758,33758,Low,Low,0.04190288145584901,0.9151737138687871,0.04292340467536391
18800,27800,Low,Low,0.03556703214891068,0.9152983958883585,0.0491345719627308
16641,25641,Low,Low,0.03432013540940571,0.9338847983247488,0.03179506626584554
6639,15639,Medium,Medium,0.03791212238693078,0.03789615809835612,0.9241917195147131
37903,46903,Medium,Medium,0.03160637658997429,0.03137731300320271,0.9370163104068231
26741,35741,Medium,Medium,0.03423607715392938,0.033188350060194154,0.9325755727858764
9070,18070,Low,Low,0.032841956099231795,0.9279180577838938,0.03923998611687438
10885,19885,Medium,Medium,0.03381133769078789,0.03054442824083421,0.9356442340683779
18261,27261,High,High,0.9367870039347973,0.027956622905351503,0.03525637315985113
25373,34373,Medium,Medium,0.035562836278056974,0.036644857891523226,0.9277923058304198
31588,40588,Medium,Medium,0.02994160852703526,0.02720400045292641,0.9428543910200382
519,9519,Low,Low,0.0356127264666587,0.9244580946123091,0.03992917892103216
5462,14462,Medium,Medium,0.031570891050148014,0.03083152367508506,0.937597585274767
25544,34544,Medium,Medium,0.04048055560873389,0.035378179076963466,0.9241412653143026
18220,27220,Low,Medium,0.04481757578590021,0.03209004272110234,0.9230923814929973
23561,32561,Medium,Medium,0.06455115813115506,0.04962763899515566,0.8858212028736894
1858,10858,Low,Medium,0.037835905936714265,0.049951422914598025,0.9122126711486876
29091,38091,Medium,Medium,0.03358487153769948,0.03320557879244295,0.9332095496698575
18478,27478,Medium,Medium,0.03245077592297036,0.034293036671167156,0.9332561874058625
3879,12879,High,High,0.9374484304926703,0.027532797402942216,0.035018772104387225
17150,26150,Medium,Medium,0.03832244352527122,0.027889846542631547,0.9337877099320973
9939,18939,Medium,Medium,0.030066224888000648,0.09443456710432713,0.8754992080076723
30043,39043,Medium,Medium,0.03266955112825953,0.03131907594288085,0.9360113729288595
26293,35293,High,High,0.9389720160540205,0.02828071578128065,0.03274726816469893
35022,44022,Medium,Medium,0.03244993502222298,0.0312401151277054,0.9363099498500717
36305,45305,High,Medium,0.0346045792398234,0.0553650929063198,0.9100303278538568
25363,34363,High,High,0.9316718653216204,0.03220304838212961,0.03612508629624999
23506,32506,Medium,Medium,0.034819420180197916,0.03662530454399409,0.9285552752758081
38365,47365,Low,Low,0.029394960524995014,0.9178958618797638,0.05270917759524114
14844,23844,High,High,0.9347160590746663,0.032463956291886836,0.032819984633447014
22234,31234,High,High,0.9342432730690003,0.033838828465349496,0.031917898465650116
32200,41200,Medium,Medium,0.15388550063358652,0.039370436778626706,0.8067440625877867
36909,45909,Medium,High,0.9313890400356305,0.03330740554485528,0.03530355441951424
28532,37532,Medium,Medium,0.03587104020812811,0.036883210264793236,0.9272457495270787
21389,30389,High,High,0.9364575739590579,0.03036025751635209,0.03318216852458998
24064,33064,Low,Low,0.029605362522427847,0.9258210473693246,0.04457359010824754
32751,41751,High,High,0.9309960506337379,0.035160634091206525,0.03384331527505571
39896,48896,Medium,Medium,0.034263591803873665,0.04054761038017541,0.925188797815951
38841,47841,Medium,Medium,0.03249179284663012,0.03069577825457288,0.936812428898797
7780,16780,Medium,Low,0.030047715869306407,0.9160232657512756,0.05392901837941793
21372,30372,Medium,Medium,0.030283587759851543,0.0313418218567859,0.9383745903833626
3598,12598,Medium,Medium,0.03357153429706893,0.031980116786256646,0.9344483489166744
15225,24225,Medium,Medium,0.03144829249020076,0.031245554114790446,0.9373061533950088
7711,16711,Low,Low,0.029268878248401325,0.9381554284015697,0.03257569335002905
19189,28189,Low,Low,0.03733397652028239,0.9243883651913073,0.038277658288410406
25893,34893,Low,Low,0.037625807111132656,0.9163801701457878,0.04599402274307965
19334,28334,Low,Low,0.03760646302984753,0.9293146979789245,0.03307883899122802
11332,20332,Medium,Medium,0.03145406048021609,0.03129919623304428,0.9372467432867396
30030,39030,High,High,0.9252174453392166,0.0323046780435222,0.042477876617261205
24775,33775,Medium,Medium,0.04070114285620564,0.11300714230928048,0.8462917148345138
18226,27226,Medium,Medium,0.03244978950784049,0.03147668146802277,0.9360735290241369
29290,38290,High,High,0.9361272484628261,0.030591578397362085,0.03328117313981178
3314,12314,Medium,Medium,0.03158007653869906,0.03287760310777666,0.9355423203535244
14632,23632,Low,Low,0.03335935777540756,0.9327961927451979,0.03384444947939457
20989,29989,Medium,Medium,0.04538579339817684,0.039820474839584896,0.9147937317622383
38619,47619,High,High,0.9381379620026679,0.030452967090565598,0.03140907090676646
20114,29114,Medium,Medium,0.031804409747115917,0.030400821280564455,0.9377947689723195
39086,48086,Medium,Medium,0.03279981612423397,0.03237913583105045,0.9348210480447156
24773,33773,Low,Low,0.03957103582425566,0.9160346233422924,0.044394340833451916
24126,33126,High,High,0.93753075406073,0.029122972351188072,0.033346273588081815
11270,20270,High,High,0.9205329053024044,0.03696727657096184,0.042499818126633754
12020,21020,High,High,0.9366017886362071,0.03036527514750301,0.03303293621628969
22274,31274,Medium,Medium,0.037241610439076166,0.034575838803500104,0.9281825507574237
2837,11837,Medium,Medium,0.03270568579135314,0.03157570665291793,0.9357186075557289
32843,41843,Medium,Medium,0.03471094167026962,0.03629686416414445,0.928992194165586
20246,29246,Medium,Medium,0.03549226888631401,0.034683578516375345,0.9298241525973108
22025,31025,Low,Low,0.03301245571298652,0.9308508296069661,0.03613671468004757
35014,44014,Medium,Medium,0.030826011345583087,0.030685788336326004,0.9384882003180909
3907,12907,High,High,0.9361928525495683,0.03139365480259114,0.03241349264784069
6921,15921,High,Low,0.030548682404869493,0.9126155830392997,0.0568357345558308
9812,18812,Medium,Medium,0.034372080458455016,0.03210215099331884,0.933525768548226
26333,35333,High,High,0.9336426097085745,0.03004377977783367,0.036313610513591894
26920,35920,Medium,Medium,0.03415799156986888,0.03195737966621941,0.9338846287639117
30838,39838,Low,Low,0.03919290929887013,0.9290171900145391,0.031789900686590794
31383,40383,High,High,0.9156175945733732,0.04859643589018906,0.03578596953643787
1614,10614,Medium,Medium,0.03381914819048984,0.032833602391901785,0.9333472494176084
34076,43076,High,High,0.9290245390209977,0.03043839319262502,0.04053706778637715
8239,17239,Medium,Medium,0.0412365729133942,0.03272968802582565,0.9260337390607801
38866,47866,Medium,Medium,0.03250814656769429,0.031343742297870875,0.9361481111344347
39925,48925,Medium,Medium,0.034938361435359916,0.03688075835608259,0.9281808802085575
22448,31448,Medium,Medium,0.030340190928694052,0.029162545961078926,0.940497263110227
18553,27553,High,High,0.9352904686296686,0.03089572505725736,0.03381380631307396
37352,46352,High,High,0.9276096118204412,0.03389663166004628,0.03849375651951261
17364,26364,High,High,0.9105639446372124,0.029298112453137095,0.06013794290965058
37328,46328,Medium,Medium,0.034481406264962315,0.03462317323663942,0.9308954204983982
21620,30620,Medium,Medium,0.030608344695642054,0.030114711123505434,0.9392769441808525
32164,41164,Medium,Medium,0.0320558599142765,0.030822845201676937,0.9371212948840467
20394,29394,Low,Low,0.030670258923435296,0.9309790232852397,0.03835071779132501
7756,16756,High,High,0.9407187740001689,0.028112105432750018,0.031169120567080932
12361,21361,Medium,Medium,0.037035103556876926,0.03668261811009055,0.9262822783330326
11897,20897,Medium,Medium,0.032706306934410546,0.031418422624335286,0.9358752704412542
26743,35743,Medium,Medium,0.03419666505220202,0.03370584409058356,0.9320974908572145
38476,47476,Medium,Medium,0.03484204778774144,0.03188104638033512,0.9332769058319235
1902,10902,Medium,Medium,0.028764800113853888,0.0396683050390784,0.9315668948470678
5728,14728,Medium,Medium,0.03398362818087829,0.0343753375225987,0.9316410342965232
9234,18234,Medium,Medium,0.03445762354446527,0.0345493359765456,0.9309930404789891
36126,45126,Medium,Medium,0.0327378116577476,0.032240439152406965,0.9350217491898455
23834,32834,Low,Low,0.02846238961024504,0.9378724378237586,0.03366517256599638
8281,17281,Medium,Medium,0.0409202998032667,0.03867473405913804,0.9204049661375953
33541,42541,Medium,Medium,0.032038140922338774,0.029862428217233634,0.9380994308604276
26033,35033,Medium,Medium,0.030545646590212274,0.04374867626789882,0.9257056771418889
32285,41285,High,High,0.9388640360993352,0.028125363628987387,0.033010600271677286
18410,27410,Low,Low,0.027302473136928528,0.9415317581533947,0.03116576870967668
23543,32543,Low,Low,0.036760161208553126,0.8883974818592426,0.07484235693220435
19890,28890,Medium,Medium,0.03154772666612631,0.03673668205651787,0.9317155912773557
21520,30520,High,High,0.9337633855079908,0.03248976273291158,0.033746851759097626
11504,20504,High,High,0.9143061850066627,0.035182049794334314,0.05051176519900299
17449,26449,High,Medium,0.03199505911790912,0.03056170774007445,0.9374432331420164
23523,32523,Low,Low,0.03038012531135025,0.9338138827283368,0.03580599196031313
39711,48711,Low,Low,0.030775977601199794,0.7514948034112909,0.2177292189875093
28078,37078,Medium,Medium,0.03754618209792689,0.0324574584835518,0.9299963594185213
37151,46151,Medium,Medium,0.03411382208780842,0.03246763359739773,0.9334185443147938
12961,21961,Medium,Medium,0.03291117610708021,0.03222361647073974,0.9348652074221802
16505,25505,High,High,0.92475003824764,0.03345432414199176,0.04179563761036822
3002,12002,Medium,Medium,0.03506690037772941,0.1299296491541486,0.8350034504681219
14421,23421,Low,Low,0.03824928867810285,0.9085913195005192,0.053159391821378084
10249,19249,Low,Low,0.03166253150600765,0.9329034028699043,0.03543406562408796
35282,44282,Low,Low,0.03271066466469949,0.9321345891737609,0.03515474616153957
10910,19910,High,High,0.9344349418924053,0.03040614479102012,0.035158913316574565
29424,38424,High,High,0.9274086166549447,0.035217035401328096,0.03737434794372723
16188,25188,High,High,0.9325847423843868,0.032623214196915294,0.034792043418697884
39418,48418,High,High,0.9391397577898859,0.029369733468127112,0.03149050874198691
34810,43810,Low,Low,0.03593954774715514,0.9161149782757327,0.04794547397711207
17627,26627,Medium,Medium,0.03228269006899829,0.031380416519863556,0.9363368934111382
10079,19079,Medium,Medium,0.035391748491257896,0.0337649584637321,0.93084329304501
28235,37235,Medium,Medium,0.03291195615171153,0.03022959278910072,0.9368584510591877
16715,25715,High,High,0.9342419944080346,0.029277956997175242,0.03648004859479007
29679,38679,High,High,0.8526934317077162,0.03608042248444306,0.11122614580784085
29425,38425,High,High,0.9331595119718356,0.030105397542937996,0.03673509048522638
18314,27314,High,High,0.9362834624014921,0.03242971674454551,0.03128682085396246
12296,21296,Medium,Medium,0.03297232161838357,0.029695874264254685,0.9373318041173618
6209,15209,Medium,Medium,0.03245039899278144,0.07156745977749727,0.8959821412297213
31097,40097,Low,Low,0.03388744861803109,0.9310853663420966,0.03502718503987238
4234,13234,Medium,Medium,0.02909507782600255,0.03618755930102594,0.9347173628729714
27342,36342,Low,Medium,0.03164782083713219,0.18317061094992546,0.7851815682129423
12,9012,High,Low,0.03829489704687972,0.9070520459957621,0.05465305695735818
20447,29447,High,High,0.9399888733910261,0.02850756639610783,0.031503560212866134
29980,38980,Medium,Medium,0.03230692147395304,0.032113516422706066,0.9355795621033409
2581,11581,Medium,Medium,0.03968106224184916,0.04639730124113092,0.9139216365170199
27704,36704,High,High,0.9373509071833318,0.027443826877300816,0.03520526593936737
37319,46319,Medium,Medium,0.03948715431645865,0.04109875033223858,0.9194140953513027
28485,37485,Medium,Medium,0.03491321839104314,0.03159470978801723,0.9334920718209396
10491,19491,Medium,Medium,0.03526332667523397,0.03728679414035102,0.9274498791844151
16350,25350,Low,Low,0.030086480731990762,0.9368234109902543,0.033090108277754895
1900,10900,Low,Low,0.03609448243342747,0.919497645615235,0.0444078719513376
22004,31004,Medium,Medium,0.029338852783316192,0.060473560137698314,0.9101875870789855
32050,41050,Low,Low,0.03464814854400202,0.9271911126319803,0.03816073882401774
14910,23910,Low,Low,0.029070788106453194,0.9334273243323015,0.0375018875612452
14835,23835,Medium,Medium,0.04948082131181447,0.19474922242752402,0.7557699562606616
35504,44504,Low,Low,0.03398163818920876,0.9221659355683952,0.04385242624239611
6942,15942,Medium,Medium,0.033918524230857776,0.029581546441983884,0.9364999293271583
22724,31724,High,High,0.9231528459348355,0.03554371627076686,0.041303437794397706
34122,43122,High,High,0.8686618903822491,0.045072718767477184,0.08626539085027381
9995,18995,High,High,0.9368276198313038,0.030872480740666258,0.03229989942802984
8165,17165,Medium,Medium,0.031632169622925,0.03142487979061309,0.9369429505864618
18733,27733,Low,Low,0.0358947705304811,0.9216994338954517,0.04240579557406728
32556,41556,Medium,Medium,0.03665545420774791,0.03421746349110902,0.929127082301143
25238,34238,Medium,Medium,0.03216120500544152,0.031036163434545086,0.9368026315600133
18515,27515,Medium,Medium,0.032637887108686564,0.03335226383450586,0.9340098490568076
39727,48727,Medium,Medium,0.03916622894239427,0.03756548800422042,0.9232682830533854
22365,31365,High,Medium,0.03453642994062673,0.0331520279651473,0.9323115420942258
7520,16520,Low,Low,0.029713743250130875,0.8625996160792578,0.10768664067061114
12712,21712,High,High,0.9357570567187703,0.029989994053587505,0.034252949227642174
27545,36545,Low,Low,0.030682364778167503,0.9372958569877153,0.032021778234117115
5860,14860,Low,Low,0.037692280486932454,0.9206870568513178,0.04162066266174987
25679,34679,Medium,Medium,0.03105335995408051,0.02980769030197257,0.939138949743947
27928,36928,Medium,Medium,0.034963401847624365,0.035706383143927656,0.929330215008448
29602,38602,Medium,Medium,0.032289953197407954,0.03016704159014132,0.9375430052124507
6512,15512,Medium,Medium,0.03385457091262472,0.03693136840544887,0.9292140606819265
6494,15494,Low,Low,0.03257032948156949,0.9332605815393773,0.03416908897905314
31950,40950,High,High,0.9366191130648511,0.030656880929797098,0.032724006005351795
38721,47721,Low,Low,0.03215548715022956,0.9096567856964489,0.05818772715332154
33831,42831,Medium,Medium,0.040368796112872474,0.06019183503071568,0.8994393688564118
38484,47484,Medium,Medium,0.03205822504366023,0.030881997136171995,0.9370597778201678
23941,32941,Medium,Medium,0.03361350483195207,0.031562754602729136,0.9348237405653187
10062,19062,Medium,Medium,0.031204839884984844,0.03171962249725433,0.9370755376177607
14564,23564,High,High,0.9267844487748732,0.03542020183937475,0.03779534938575204
8481,17481,Medium,Medium,0.036687100453692285,0.032202420381487316,0.9311104791648203
20489,29489,Medium,Medium,0.0317876202489606,0.031321617098304416,0.9368907626527351
17731,26731,Medium,Medium,0.034563399948117614,0.034575994036600784,0.9308606060152816
23839,32839,Medium,Medium,0.0331950491316449,0.0328602982994508,0.9339446525689042
8132,17132,High,High,0.9367558349792869,0.03034596544037121,0.032898199580341805
36911,45911,High,High,0.9297062642119577,0.03168137503757718,0.038612360750465126
927,9927,Medium,Medium,0.03113719189216137,0.030828027225544324,0.9380347808822943
1773,10773,Medium,Medium,0.038033455861999306,0.03629112760804071,0.92567541652996
7813,16813,Medium,Medium,0.04066807886044168,0.3576910663179463,0.601640854821612
14057,23057,High,High,0.9326301107034443,0.03389173104856457,0.033478158247991184
28634,37634,Low,Low,0.03573686988782409,0.9277361259945774,0.03652700411759849
28068,37068,Low,Medium,0.031002946483654887,0.03171896612159691,0.9372780873947483
38223,47223,Medium,Medium,0.03182855707299557,0.03054576415001507,0.9376256787769894
20582,29582,High,High,0.9397439563033778,0.02748019889718438,0.032775844799437806
35684,44684,High,Medium,0.03536883059606225,0.032708777841385824,0.9319223915625519
17508,26508,Medium,Medium,0.032839619797822066,0.03464097180369637,0.9325194083984815
17392,26392,Medium,Medium,0.039805208990427256,0.044761957115923894,0.9154328338936488
11898,20898,Medium,Medium,0.03186783673717528,0.030711406417153295,0.9374207568456714
34325,43325,High,High,0.9396405004311214,0.028318938005487623,0.03204056156339102
31190,40190,Medium,Medium,0.03185210519183511,0.031360837985401235,0.9367870568227636
10830,19830,Medium,Medium,0.035690132196124526,0.032947174419031215,0.9313626933848443
7315,16315,High,High,0.9386065059000614,0.02986795644695348,0.031525537652985075
37304,46304,Medium,Medium,0.3047132966777219,0.03730156893785539,0.6579851343844227
4577,13577,Medium,Medium,0.03184187808151067,0.030807995094134222,0.937350126824355
1095,10095,Medium,Medium,0.0316743348987043,0.031640408174258526,0.9366852569270372
33973,42973,Low,Low,0.027682448413672744,0.9323455311676039,0.03997202041872339
6775,15775,Medium,Medium,0.0359689275093825,0.03748374124949693,0.9265473312411205
30876,39876,Low,Low,0.029053645087471977,0.9371126674136331,0.03383368749889503
39979,48979,Medium,Medium,0.032670110754660094,0.03277278746618751,0.9345571017791524
23851,32851,Low,Low,0.03508522434035704,0.9318518344909049,0.03306294116873804
23512,32512,High,High,0.938201250971367,0.029930781650417876,0.031867967378215144
3372,12372,High,Medium,0.03315270547551701,0.03497472962267298,0.93187256490181
34759,43759,Medium,Medium,0.036776533785237125,0.03674423612377294,0.9264792300909899
15189,24189,Low,Low,0.03198420028739897,0.9318442125005703,0.036171587212030974
15693,24693,Medium,Medium,0.04377767393329122,0.03650882268998091,0.919713503376728
27164,36164,Medium,Medium,0.04023834164649228,0.03492735021059357,0.9248343081429141
2085,11085,Medium,Medium,0.035106135945861754,0.07407664148195071,0.8908172225721875
10376,19376,High,High,0.9295575894763458,0.03462627788287379,0.03581613264078038
26213,35213,Medium,Medium,0.031656180513423914,0.02931226509217054,0.9390315543944056
2734,11734,Medium,Medium,0.032381721253957635,0.03242816015061276,0.9351901185954296
19953,28953,Medium,Medium,0.03398696028931359,0.032641593392399894,0.9333714463182865
1665,10665,High,Medium,0.030508674608012012,0.03487807191044185,0.9346132534815462
8914,17914,Low,Low,0.04039049736314779,0.9258637838348859,0.03374571880196626
14971,23971,High,High,0.9318542885881828,0.02989230741502785,0.038253403996789385
10304,19304,Low,Low,0.0363434689305749,0.9304648079607375,0.03319172310868764
26873,35873,Medium,Medium,0.03242228721510537,0.032488469031270895,0.9350892437536237
29008,38008,Medium,Medium,0.03054964637493954,0.030116114707065465,0.939334238917995
17231,26231,Medium,Medium,0.035169517871232646,0.032242133859045057,0.9325883482697224
17275,26275,Medium,Medium,0.03186436256045012,0.0332661459112864,0.9348694915282635
18194,27194,Medium,Medium,0.03335176944272159,0.03223244751794007,0.9344157830393384
27992,36992,Low,Low,0.03349973756101204,0.9292757652008029,0.03722449723818498
21034,30034,Medium,Medium,0.03364725975310131,0.03295420650434092,0.9333985337425578
33029,42029,Medium,Medium,0.03536283039253362,0.03788311422396373,0.9267540553835026
33327,42327,Low,Low,0.0361694965901295,0.9248956684853541,0.03893483492451641
37351,46351,High,High,0.932820600141957,0.03146935512660312,0.03571004473143988
21991,30991,Medium,Medium,0.03580765800751919,0.03087135406546938,0.9333209879270115
221,9221,High,High,0.9152734141785516,0.03365423876826102,0.05107234705318745
16768,25768,Medium,Medium,0.037207595738891173,0.06880622312852493,0.8939861811325839
25788,34788,Medium,Medium,0.03296991429954456,0.03457051784072899,0.9324595678597265
29628,38628,Medium,Medium,0.04488135025864632,0.05394812893593004,0.9011705208054236
8530,17530,High,High,0.9186135822743383,0.0331543570086601,0.04823206071700157
13064,22064,Low,Low,0.03016087189407779,0.9366312665966697,0.03320786150925238
7445,16445,Low,Medium,0.03366741603554758,0.0367789305661221,0.9295536533983304
17556,26556,High,High,0.9346166069024803,0.02950955541976606,0.03587383767775373
4776,13776,High,High,0.9174579384751936,0.04451670163042459,0.03802535989438168
29137,38137,Medium,Medium,0.041454416714763805,0.03205024309713398,0.9264953401881022
36357,45357,High,High,0.719537465462273,0.04048298772520226,0.23997954681252473
14700,23700,High,High,0.9030008853570589,0.04546355593913529,0.051535558703805696
3427,12427,Medium,Medium,0.0300574996793196,0.029892692512540297,0.9400498078081401
20078,29078,Low,Low,0.02806787007812737,0.9422205613425252,0.029711568579347397
25627,34627,Low,Low,0.03345295615830407,0.927534028027055,0.039013015814640895
25717,34717,High,High,0.9385476287555109,0.02919057310530924,0.032261798139179905
39111,48111,Medium,Medium,0.03301835371638141,0.030859774129840676,0.936121872153778
33099,42099,Medium,Medium,0.034488812690685884,0.030988282661149138,0.934522904648165
23311,32311,Medium,Medium,0.0316588540158385,0.030862589121855338,0.9374785568623061
24618,33618,Medium,Medium,0.03161527418926377,0.03446965812138664,0.9339150676893495
21051,30051,Medium,Medium,0.03311543141300031,0.03231208436001771,0.9345724842269818
35002,44002,Medium,Medium,0.07371676329243958,0.057826274202208726,0.8684569625053516
8184,17184,Medium,Medium,0.03580559559570955,0.04126794517102511,0.9229264592332652
8178,17178,Medium,Medium,0.03420140275665145,0.06585297045728429,0.8999456267860643
9384,18384,High,High,0.9330262604228805,0.030633657672291165,0.0363400819048284
7152,16152,Medium,Medium,0.040586996424449705,0.03370814296383643,0.9257048606117139
541,9541,Medium,High,0.9405592250778735,0.02913915567587207,0.03030161924625446
372,9372,Low,Low,0.03221069398658553,0.9275239773475157,0.04026532866589872
6991,15991,High,High,0.9386142800187081,0.029352203510922468,0.032033516470369415
22414,31414,High,High,0.9191236236334742,0.03696964449468626,0.04390673187183947
18910,27910,Low,Low,0.03355681456522939,0.9356289480898358,0.030814237344934894
18125,27125,Low,Low,0.029241671044458017,0.9380088707364086,0.03274945821913342
27224,36224,Medium,Medium,0.030835478439661973,0.031241768694021857,0.9379227528663162
35614,44614,Low,Low,0.032769931987092396,0.9344566692035862,0.03277339880932145
24511,33511,Medium,Medium,0.06158779599688999,0.04243848181634217,0.8959737221867679
20504,29504,High,High,0.9353151265990193,0.03153395819154876,0.03315091520943205
30444,39444,High,High,0.9227681686550318,0.03656629031312129,0.04066554103184685
5352,14352,High,High,0.9312690094365815,0.03233887275918575,0.03639211780423282
11468,20468,Medium,Medium,0.031676873446477814,0.031341855457537184,0.9369812710959851
36189,45189,Medium,Medium,0.0324544116187018,0.2132070693201172,0.754338519061181
26430,35430,Medium,Medium,0.03124169490267756,0.02998919937688126,0.9387691057204411
5489,14489,Low,Low,0.03774995081866045,0.9278321885582964,0.03441786062304316
20769,29769,High,High,0.9381103032862753,0.028976948736693448,0.03291274797703116
5091,14091,Low,Low,0.030488295490495743,0.9383257704141822,0.031185934095322037
31711,40711,Low,Medium,0.04010424770919804,0.34633951984613565,0.6135562324446663
39203,48203,Low,Low,0.02872084886317051,0.9371290910595063,0.03415006007732324
16977,25977,Medium,Medium,0.03160977930713604,0.03111693103916081,0.9372732896537032
37781,46781,High,High,0.9270888973337142,0.038283768182574014,0.03462733448371194
31683,40683,High,High,0.9284309632936102,0.03380576033159654,0.037763276374793375
27123,36123,High,Low,0.03029129057578368,0.9361043549109068,0.033604354513309474
19120,28120,High,High,0.9214495129989112,0.04412160090370736,0.034428886097381435
17825,26825,Low,Low,0.03611093934742065,0.9309528133687154,0.032936247283864066
8445,17445,Medium,Medium,0.1906452375285466,0.03328724924428403,0.7760675132271694
24206,33206,High,High,0.9314261379748837,0.03052596924206642,0.03804789278304979
38316,47316,Medium,Medium,0.03746244667130232,0.036839652942703756,0.9256979003859941
1762,10762,Low,Low,0.03130005361645723,0.9363001459025381,0.032399800481004576
16147,25147,High,High,0.9345638049261326,0.029989312942129906,0.035446882131737634
34286,43286,High,High,0.9275268929310734,0.03586484242805674,0.03660826464086984
8246,17246,Low,Low,0.030282435135401232,0.9372481169356103,0.03246944792898853
35233,44233,High,High,0.9284069616272502,0.039470808359111584,0.03212223001363822
6931,15931,Medium,Medium,0.036357957084957,0.0345770938914653,0.9290649490235777
24550,33550,Medium,Medium,0.042997495227673925,0.03692450709429542,0.9200779976780306
19636,28636,High,High,0.9263869453528212,0.035511387223904435,0.038101667423274525
15793,24793,Medium,Medium,0.03383241148965872,0.03104284330859415,0.9351247452017472
14453,23453,High,High,0.9300265197969818,0.032969579220756724,0.037003900982261397
32991,41991,High,High,0.9266125641826597,0.03633496051705342,0.03705247530028694
16327,25327,Medium,Medium,0.03257584468977939,0.032817000472896034,0.9346071548373246
28720,37720,Medium,Medium,0.03170368680434971,0.03007005046464528,0.9382262627310051
25724,34724,Medium,Medium,0.03466273679399308,0.03339561884507709,0.9319416443609297
20034,29034,Medium,Medium,0.03368734810672789,0.03145370712902911,0.934858944764243
4813,13813,Low,Low,0.03627900881936389,0.9276646894141797,0.0360563017664563
12350,21350,Medium,Medium,0.036546902811874,0.030894003599977574,0.9325590935881486
36580,45580,Low,Low,0.035463176747786984,0.9194885047025899,0.04504831854962305
652,9652,Medium,Medium,0.032523114363410426,0.02969215181697603,0.9377847338196136
20147,29147,Low,Low,0.04305213497770136,0.9128258082611289,0.044122056761169794
24934,33934,Medium,Medium,0.03250662225682866,0.034195238649220604,0.9332981390939508
35434,44434,Medium,Medium,0.04288971755310542,0.036525998448254694,0.9205842839986399
32614,41614,Medium,Medium,0.03292735541538802,0.031972097717586336,0.9351005468670257
24458,33458,High,High,0.932642583424931,0.03100721566325314,0.03635020091181584
24752,33752,Low,Low,0.044515449284456415,0.8163507650327912,0.13913378568275234
27408,36408,Medium,Medium,0.044525772823309245,0.03589810352395311,0.9195761236527377
28141,37141,Low,Low,0.03296693757770145,0.909945239894857,0.057087822527441434
34724,43724,High,High,0.926734745547046,0.0323743653653745,0.04089088908757951
18704,27704,Low,Low,0.03073896807697965,0.9341758220433608,0.0350852098796595
26506,35506,Low,Low,0.03537415010733297,0.9287553583165029,0.03587049157616428
24235,33235,High,High,0.9242148950728012,0.037429415066871384,0.038355689860327453
36422,45422,Medium,Medium,0.03236270875489203,0.03153356643789295,0.9361037248072149
4165,13165,Medium,Medium,0.03229771193991529,0.031904193349034986,0.9357980947110498
35884,44884,Medium,Medium,0.038537593124777746,0.03416829083774749,0.9272941160374749
21484,30484,High,High,0.9161431456843241,0.04869477073633841,0.035162083579337484
3680,12680,Medium,Medium,0.03288405823626675,0.031791540826310354,0.935324400937423
36890,45890,Low,Low,0.056044502352428714,0.8913631406751857,0.052592356972385575
20315,29315,Low,Low,0.03462485415584524,0.9312967846714768,0.03407836117267802
6346,15346,Low,Low,0.032651246994793125,0.9365742329120107,0.03077452009319619
5514,14514,High,High,0.9048042777056104,0.043861307652077165,0.05133441464231241
26369,35369,Low,Low,0.03151944350376037,0.9155265853966018,0.052953971099637835
7901,16901,Medium,Medium,0.03344334337791124,0.0316857963902105,0.9348708602318783
22571,31571,High,High,0.916743639783698,0.03291872016016561,0.05033764005613641
21507,30507,High,Low,0.03233397598486825,0.9268096592508702,0.0408563647642615
16888,25888,High,High,0.9317108920354573,0.028413108080435966,0.039875999884106714
4678,13678,Medium,Medium,0.031669032474016805,0.03142720834907969,0.9369037591769036
21078,30078,Low,Low,0.028780168563345806,0.9342880836175124,0.03693174781914189
27540,36540,Low,Low,0.029590111446731182,0.9381815798119839,0.032228308741284885
11936,20936,Medium,Medium,0.0419111327332331,0.05315696761998567,0.9049318996467813
6784,15784,Medium,Medium,0.032283316597081675,0.03511007832110166,0.9326066050818168
34493,43493,Low,High,0.9131133180510173,0.03320444913217191,0.05368223281681089
22763,31763,Low,Low,0.036007032293136614,0.9238268465353113,0.04016612117155204
26185,35185,High,High,0.9331249655404211,0.031543032326186014,0.03533200213339279
32474,41474,High,High,0.9156097023106353,0.03403054641429207,0.05035975127507264
21689,30689,Medium,Medium,0.031595045591474455,0.03013270286821244,0.938272251540313
7182,16182,Medium,Medium,0.03425245027127987,0.03144409278226979,0.9343034569464503
16727,25727,High,High,0.9364528621483356,0.02992784116656554,0.0336192966850988
12160,21160,Medium,Medium,0.04253899837915884,0.21327602116238742,0.7441849804584537
16473,25473,Low,Low,0.029494404827326983,0.9306898229868845,0.03981577218578846
30801,39801,Low,Low,0.029232245769509512,0.9397386543921088,0.031029099838381622
16919,25919,Low,Low,0.03499189314273155,0.9300681512340733,0.034939955623195164
5412,14412,Medium,Medium,0.034971525455174575,0.03409935336094762,0.9309291211838779
17890,26890,High,High,0.9377244037758429,0.030209991209653935,0.03206560501450315
4602,13602,Medium,Medium,0.03280376845629898,0.033454056184498725,0.9337421753592023
4192,13192,High,High,0.9319998827914214,0.031819128498272585,0.03618098871030601
7485,16485,Low,Low,0.030113552693183377,0.9324495868593031,0.03743686044751349
22087,31087,Low,Low,0.029152335679368546,0.9398566863954066,0.03099097792522468
614,9614,Medium,Medium,0.035122114838728465,0.03557522554461503,0.9293026596166566
36245,45245,High,High,0.9407410117230323,0.027915888419290377,0.031343099857677366
22712,31712,Medium,Medium,0.030640553407135854,0.02993930215514865,0.9394201444377154
19960,28960,Medium,Medium,0.032521879614388405,0.030166877498319644,0.937311242887292
29723,38723,High,High,0.9300491987237267,0.031271722643235356,0.03867907863303789
