row_index,PlayerID,true_label,predicted_label,prob_High,prob_Low,prob_Medium
33212,42212,High,Medium,0.03825553081751146,0.03356270333430849,0.9281817658481799
32450,41450,High,Low,0.036424458752026954,0.9303959102331799,0.03317963101479299
25718,34718,High,High,0.9393700487311474,0.028479896519331086,0.03215005474952159
25647,34647,Medium,Medium,0.03741270771550809,0.03320898984279882,0.9293783024416932
6697,15697,Medium,Medium,0.03182077490850906,0.040539206754164635,0.9276400183373262
9578,18578,Low,Low,0.03695309885244377,0.9226180766013656,0.04042882454619062
22418,31418,Low,Low,0.03139581002360256,0.927381574545167,0.041222615431230465
13852,22852,High,High,0.9377029552494854,0.02905530508527701,0.03324173966523749
35559,44559,Medium,Medium,0.03133842871414965,0.03509580467584836,0.9335657666100019
37904,46904,Low,Low,0.03373399341959785,0.9273237616390467,0.03894224494135553
336,9336,Medium,Medium,0.030504673684280104,0.029545298749437204,0.9399500275662827
22261,31261,Medium,Medium,0.03166081838828778,0.03379573855699677,0.9345434430547154
13433,22433,High,Low,0.03118392088194923,0.9359986224263763,0.03281745669167445
6518,15518,Low,Low,0.03030450508045697,0.9370027770245092,0.03269271789503386
33043,42043,Medium,Medium,0.03149142214823567,0.03357834223310848,0.9349302356186558
10916,19916,Medium,Medium,0.03595866358189242,0.03447702993724452,0.9295643064808631
38118,47118,Medium,Medium,0.036736142212522326,0.041035875553522595,0.922227982233955
14589,23589,Medium,Medium,0.0412626612521477,0.03900577079110689,0.9197315679567454
14029,23029,High,High,0.9295252549596501,0.03242055792464132,0.038054187115708675
11815,20815,High,Medium,0.03295917526011677,0.03598191353797011,0.9310589112019132
24102,33102,Medium,Low,0.03160958836982597,0.9174818996799529,0.050908511950221134
37284,46284,Medium,Medium,0.03650568865204956,0.03630883437002418,0.9271854769779263
37439,46439,Low,Low,0.030315486696144978,0.937382244101558,0.032302269202297035
4840,13840,Medium,Medium,0.035857437290283456,0.04152987476684653,0.9226126879428701
30694,39694,High,High,0.9247047627614644,0.037834565417465826,0.037460671821069685
27993,36993,Medium,Medium,0.03362598405413441,0.0318318053692186,0.9345422105766471
22606,31606,Medium,Medium,0.031847511839250886,0.0340606217196164,0.9340918664411327
22737,31737,Medium,Medium,0.033178755798855215,0.03517923392265216,0.9316420102784927
36934,45934,High,High,0.92640287725137,0.03149742058726216,0.04209970216136791
33527,42527,Medium,Medium,0.035039433837764596,0.03253425561085452,0.9324263105513809
21911,30911,Medium,High,0.9288780466540594,0.03382769453300499,0.03729425881293557
3413,12413,Low,Low,0.030334236491739774,0.937082569523693,0.03258319398456729
31047,40047,Medium,Medium,0.03150828558089131,0.03442889077775352,0.9340628236413552
8262,17262,Medium,Medium,0.03343926776955821,0.03157937593939322,0.9349813562910486
22731,31731,Low,Low,0.044194791180343966,0.6233857148378715,0.3324194939817845
31333,40333,High,High,0.9386182621679712,0.029401665655789486,0.03198007217623957
5141,14141,Medium,Medium,0.030243357171476307,0.031162454103737594,0.9385941887247862
17425,26425,Medium,Medium,0.030205663202313927,0.031898697576332624,0.9378956392213534
32600,41600,Medium,Medium,0.033553249910218325,0.03274466632019083,0.933702083769591
28493,37493,High,High,0.9267099934699248,0.03215683363408312,0.04113317289599212
5848,14848,Low,Low,0.032315265438494264,0.9337545852929625,0.0339301492685432
36108,45108,Low,Low,0.03631728502450047,0.83083464654224,0.13284806843325944
35044,44044,Low,Low,0.037748059050967765,0.9240214747900191,0.038230466159013175
38564,47564,High,High,0.9373740524868595,0.029712816338097265,0.03291313117504325
32873,41873,High,Medium,0.031082849722508438,0.031002371538126492,0.937914778739365
23508,32508,Low,Low,0.03024030158789869,0.9356679832366384,0.034091715175462924
11440,20440,Low,Low,0.035134316699540695,0.9310726621991082,0.03379302110135108
33801,42801,Medium,Medium,0.0358955907085629,0.03314471479731701,0.9309596944941201
194,9194,Medium,Medium,0.0341657469977957,0.03157972725209741,0.9342545257501068
33709,42709,High,High,0.9301015224987124,0.03200935190540272,0.03788912559588483
24753,33753,Medium,Medium,0.03480756425565569,0.036534220864564294,0.9286582148797801
3652,12652,High,High,0.9330573264833278,0.03339320228764343,0.033549471229028655
24245,33245,Medium,High,0.9252644769177554,0.030896768678799064,0.043838754403445535
4900,13900,Medium,Medium,0.03573982704254281,0.03597342142749128,0.9282867515299659
39248,48248,Low,Medium,0.032072092505631894,0.03014986438213557,0.9377780431122326
37207,46207,Medium,Medium,0.03942126698997617,0.03135977888623228,0.9292189541237915
4,9004,Medium,Medium,0.03728798048513325,0.03371481833676606,0.9289972011781007
29799,38799,Medium,Medium,0.034901874542906525,0.034836108208681264,0.9302620172484123
13620,22620,High,High,0.935479087776864,0.030167261498153516,0.03435365072498265
877,9877,Low,Low,0.033861557619947,0.8791972687468436,0.08694117363320941
22784,31784,Medium,Medium,0.03535508394696721,0.03696358945198355,0.9276813266010494
31713,40713,High,High,0.9225893741495872,0.03787778874398365,0.039532837106429214
5018,14018,Low,Low,0.029938891169883103,0.933265883772278,0.03679522505783872
39432,48432,High,High,0.9252914694934994,0.033608359015482404,0.04110017149101831
37268,46268,Medium,Medium,0.031240056028913128,0.030288691818327492,0.9384712521527594
24481,33481,Low,Medium,0.0355047581571044,0.03281048985459812,0.9316847519882975
26361,35361,Low,Low,0.03136217341886409,0.8892067597909037,0.07943106679023217
16948,25948,Low,Low,0.03278126056173233,0.934230317414129,0.032988422024138674
23116,32116,Low,Low,0.030351278609044737,0.9366174154743288,0.033031305916626376
9856,18856,High,Medium,0.13232492351903521,0.04082792354762851,0.8268471529333364
21634,30634,Medium,Medium,0.030124516294666046,0.030719561645692683,0.9391559220596414
27799,36799,Medium,Medium,0.03131430978240341,0.030777294980574715,0.9379083952370219
16445,25445,High,High,0.9379104567233106,0.029337931616173287,0.032751611660516156
31904,40904,Low,Medium,0.03435717015666326,0.07599859505628205,0.8896442347870547
31763,40763,Medium,Medium,0.032253998199042934,0.03974627106758447,0.9279997307333726
6945,15945,Medium,Medium,0.030941268571265213,0.03049804757815049,0.9385606838505843
7350,16350,High,High,0.9344279717279905,0.03138572492078561,0.03418630335122375
6060,15060,Medium,Medium,0.03969515236394342,0.032762371547889135,0.9275424760881675
4186,13186,Medium,Medium,0.04154935622307146,0.035100760940155795,0.9233498828367727
4354,13354,Medium,Medium,0.47494773229526427,0.049424119973512336,0.47562814773122336
14818,23818,Medium,Medium,0.037423283711269066,0.03194146177388627,0.9306352545148447
34621,43621,Medium,Medium,0.03209134155267738,0.029813237070110788,0.9380954213772119
20920,29920,Low,Low,0.03320902135147676,0.9298484538016751,0.03694252484684815
21495,30495,Medium,Medium,0.0385216274539568,0.033557999546210714,0.9279203729998323
35775,44775,High,Low,0.030044318067079856,0.9385112065242893,0.03144447540863073
1059,10059,Medium,Medium,0.04071927822624127,0.13289301781872018,0.8263877039550386
14512,23512,High,High,0.9332833818980691,0.033081474470467664,0.033635143631463194
32464,41464,Medium,High,0.9357245210547758,0.03143229597704939,0.032843182968174935
30934,39934,Medium,Medium,0.03302067131169403,0.03230266324429692,0.9346766654440092
4963,13963,Medium,Medium,0.03595929856139749,0.043697112248333426,0.920343589190269
10603,19603,Medium,Medium,0.03156889260153015,0.029945295267686228,0.9384858121307836
34010,43010,Medium,Medium,0.036604894570413694,0.04066876191737384,0.9227263435122124
20018,29018,Medium,Medium,0.03333330217727131,0.043864470981688296,0.9228022268410404
25753,34753,High,High,0.9249301347000256,0.03609983949581615,0.03897002580415825
27532,36532,High,High,0.9272058572601471,0.03579450217058347,0.036999640569269354
1807,10807,High,High,0.9286202839794799,0.030809586810268363,0.04057012921025174
28432,37432,Medium,Medium,0.04040322094385088,0.035492028956824906,0.9241047500993242
38988,47988,Medium,Medium,0.0342449529737176,0.03365790274988187,0.9320971442764004
15857,24857,High,High,0.9331987138309721,0.030878477642293272,0.03592280852673461
33246,42246,Low,Low,0.03685828168334268,0.6306861538237581,0.33245556449289915
33970,42970,Low,Low,0.03998176917458013,0.7778649191237695,0.1821533117016504
19239,28239,Medium,Medium,0.03628881619718385,0.036092460016889864,0.9276187237859262
5827,14827,Low,Low,0.03279545424486288,0.8718290893899635,0.09537545636517349
23983,32983,Medium,High,0.930857034560408,0.0348921110916182,0.03425085434797371
17317,26317,Medium,Medium,0.03249058938493165,0.030849877196989284,0.9366595334180791
10748,19748,High,High,0.9307968076313995,0.0341325072684568,0.03507068510014372
9104,18104,Low,Low,0.03278273409694979,0.916549631980948,0.05066763392210224
28186,37186,Low,High,0.9229066351701064,0.03630840495143934,0.04078495987845432
11073,20073,High,High,0.9339344183517898,0.030350206660421052,0.035715374987789164
9883,18883,Low,Low,0.03631782017843913,0.926321354923243,0.03736082489831791
14348,23348,Medium,Medium,0.03185215053859757,0.030663034186171934,0.9374848152752305
39537,48537,Medium,Medium,0.03180174886048582,0.032871519703738576,0.9353267314357757
28513,37513,Medium,Medium,0.030646477591890486,0.030773409131668827,0.9385801132764406
12690,21690,Medium,Medium,0.032845305219769104,0.03632988563494886,0.9308248091452821
16869,25869,Low,Low,0.03820600459433621,0.9268423746883417,0.03495162071732213
26421,35421,Low,Low,0.029433850240800963,0.9382182032729514,0.032347946486247725
7990,16990,Medium,Medium,0.03586507726389119,0.030564953218580698,0.933569969517528
33393,42393,High,High,0.9258661738976044,0.03463516247079668,0.03949866363159892
10477,19477,Low,Low,0.030473234801193978,0.9376399857773082,0.0318867794214977
7175,16175,Medium,Medium,0.03242720629048244,0.03251352540599694,0.9350592683035206
25567,34567,High,High,0.9217244892131787,0.03294781242153593,0.045327698365285385
21885,30885,Medium,Medium,0.03521523928893941,0.03462413652651746,0.930160624184543
36573,45573,High,Low,0.030781831476847377,0.9330392836130107,0.036178884910141935
13632,22632,Medium,Medium,0.032566795511538134,0.04128959569018914,0.9261436087982727
21111,30111,Medium,Medium,0.030871263601759624,0.03125644543617474,0.9378722909620656
11974,20974,Low,Low,0.03409798292934405,0.9222084789759165,0.043693538094739554
11924,20924,Medium,Medium,0.03449503783777711,0.031814333949831,0.9336906282123919
13363,22363,Medium,Medium,0.03196609798556898,0.03245861820769435,0.9355752838067367
25126,34126,Low,Low,0.04115179648612524,0.9002829359792472,0.05856526753462763
16482,25482,High,High,0.9216141483364467,0.03818211308181596,0.04020373858173723
20646,29646,Medium,Medium,0.0416204596638634,0.03227730429472155,0.9261022360414151
9564,18564,Medium,Medium,0.03221487657651034,0.03335205418277753,0.9344330692407121
38590,47590,Low,Low,0.030908150121216522,0.9355851592640129,0.033506690614770525
18348,27348,Medium,Medium,0.03366306106180187,0.03167402087931889,0.9346629180588794
19052,28052,High,High,0.9357550603167678,0.03068188948882622,0.033563050194405974
8009,17009,High,High,0.9299240427856069,0.03684977042285518,0.03322618679153785
16040,25040,High,High,0.9358442788452958,0.0290472203599273,0.03510850079477688
21445,30445,Medium,Medium,0.03247664606485442,0.037218658532501336,0.9303046954026443
1449,10449,Medium,Medium,0.0370866309976284,0.035156104775987074,0.9277572642263845
19740,28740,Medium,Medium,0.044465653702071894,0.03401701819407243,0.9215173281038557
35327,44327,High,High,0.9257498256877753,0.03882126994361166,0.03542890436861302
16108,25108,Medium,Medium,0.03495120007042526,0.03442177648318712,0.9306270234463877
18926,27926,High,Medium,0.03260239208975908,0.0334312071118621,0.9339664007983789
27191,36191,High,High,0.9269517531500142,0.035524588939691626,0.03752365791029422
10353,19353,High,High,0.9283519410047331,0.036550937841705516,0.03509712115356143
34015,43015,Medium,Medium,0.03452315733099564,0.03361388970558151,0.9318629529634229
27621,36621,High,High,0.9285760020395796,0.03411289066065489,0.03731110729976562
30660,39660,Low,Low,0.03429470218990604,0.9280767892647804,0.03762850854531361
5923,14923,Medium,Medium,0.03409706620930216,0.03206413050247115,0.9338388032882268
4699,13699,Low,Low,0.036489483776973475,0.9058060629762924,0.057704453246733976
4115,13115,High,High,0.8949225460532754,0.038501927865699365,0.06657552608102524
34833,43833,Medium,Medium,0.0368678253001598,0.05405054749207291,0.9090816272077674
27823,36823,Medium,Medium,0.03254432128775006,0.03260108054132191,0.9348545981709281
38428,47428,Medium,Medium,0.030746362422751597,0.03134561241354184,0.9379080251637065
33360,42360,High,Low,0.03722725860534908,0.5701225646453981,0.39265017674925273
2439,11439,Medium,Medium,0.03961142974696813,0.03143052468946252,0.9289580455635692
19205,28205,Medium,Medium,0.033748833328101524,0.049308818257662736,0.9169423484142357
11881,20881,Low,Low,0.03268728938869602,0.9336585818136562,0.033654128797647696
16929,25929,High,High,0.9389240255725534,0.029080900307896562,0.03199507411955017
4091,13091,Medium,Medium,0.0301690072420626,0.03089807546689058,0.9389329172910469
33435,42435,Medium,Medium,0.03201885893733891,0.03180747519279638,0.9361736658698647
12507,21507,Medium,Medium,0.03410394128403061,0.03495118089952562,0.9309448778164437
39003,48003,Medium,Medium,0.03263801644803691,0.0304683988242896,0.9368935847276735
296,9296,Medium,Medium,0.031041878431867537,0.03080732008297357,0.9381508014851588
27168,36168,Medium,Medium,0.03136669132953938,0.03044007147924054,0.93819323719122
11289,20289,Low,Low,0.036993976492453805,0.9187804042020312,0.044225619305514975
11643,20643,Low,Low,0.038597741780327904,0.9296308361312571,0.03177142208841497
6898,15898,Medium,Medium,0.04544980687735071,0.03828986397037387,0.9162603291522755
24346,33346,High,High,0.9374473114788623,0.029599780710146833,0.03295290781099089
4916,13916,High,High,0.9386306025871853,0.028354515911782823,0.03301488150103183
21317,30317,Medium,Medium,0.032695879778985505,0.03063031001452283,0.9366738102064917
253,9253,Medium,Medium,0.030772594581692268,0.029733037498456,0.9394943679198517
4084,13084,High,High,0.9320111494616091,0.03095675166164281,0.037032098876748146
3028,12028,Low,Medium,0.032579532321961424,0.038970240254873695,0.9284502274231649
9624,18624,High,High,0.9343596619075581,0.03057060478348469,0.035069733308957185
26340,35340,High,High,0.9264978336318719,0.03202712016923512,0.04147504619889302
13198,22198,Low,Low,0.034981603379426615,0.9193074370429647,0.04571095957760874
1393,10393,Medium,Medium,0.038773214166826796,0.03488868435579893,0.9263381014773744
34398,43398,Medium,Medium,0.03094384592857252,0.03088497367586655,0.9381711803955609
38242,47242,High,High,0.9284307242228161,0.03385729956311074,0.03771197621407316
36488,45488,Medium,Low,0.032599161173384086,0.9302221611530258,0.03717867767359013
13318,22318,High,High,0.9408546715475712,0.028515336968171278,0.030629991484257504
33742,42742,Low,Low,0.032405096706798926,0.9233696171312261,0.04422528616197496
11246,20246,Medium,Medium,0.03307497405783716,0.03657182955690592,0.930353196385257
31364,40364,Medium,Medium,0.032959342146452394,0.03954339746634609,0.9274972603872014
2541,11541,Medium,Medium,0.032265562714475615,0.034257354828659006,0.9334770824568656
23205,32205,Medium,Medium,0.035127490908636504,0.03197738302753338,0.9328951260638302
32051,41051,Medium,Medium,0.042470657852805405,0.030781082502481835,0.9267482596447127
35753,44753,Medium,Medium,0.03118317906541494,0.03228325635446557,0.9365335645801195
25190,34190,High,Medium,0.03314268475544879,0.03095777323337875,0.9358995420111725
22586,31586,Medium,Medium,0.03195718636507386,0.03191093328410525,0.9361318803508208
6125,15125,High,High,0.9341134331966271,0.031212932429900836,0.034673634373472
9821,18821,Medium,Medium,0.031171464951815008,0.031280765234974896,0.9375477698132101
33700,42700,Medium,Medium,0.03649668631125479,0.03352808590890639,0.9299752277798389
13910,22910,High,High,0.9082739392808161,0.04351095982630424,0.0482151008928795
14923,23923,Medium,Medium,0.03934776546320344,0.03291590316822878,0.9277363313685677
34470,43470,Low,Low,0.03738884920129577,0.9243663060015307,0.03824484479717358
8229,17229,Medium,Medium,0.03210843828862047,0.03275756760649746,0.935133994104882
33523,42523,Low,Low,0.02985480284254848,0.9348188103224336,0.03532638683501776
30071,39071,Medium,Medium,0.0332995745669983,0.030808821853515692,0.9358916035794861
14546,23546,Medium,Medium,0.4431435240427781,0.04281513765463788,0.514041338302584
39062,48062,High,High,0.6345229324718007,0.061619902687861876,0.3038571648403374
32266,41266,Low,Low,0.04687229950428718,0.9022063969716924,0.05092130352402049
19320,28320,High,High,0.9358460370995334,0.03189943794820799,0.03225452495225849
12796,21796,Medium,Medium,0.0361193189917611,0.0325719776524692,0.9313087033557697
24038,33038,High,Medium,0.03145287718478685,0.0319431226075191,0.936604000207694
9120,18120,Medium,Medium,0.03451236624311889,0.10258572041809357,0.8629019133387875
32515,41515,Medium,Medium,0.033695640882619116,0.0461457684721901,0.9201585906451908
3851,12851,Medium,Medium,0.030883977417618252,0.03342512664496714,0.9356908959374147
2909,11909,Low,Low,0.030183460454518307,0.9346995767785358,0.03511696276694599
5952,14952,Medium,Medium,0.03795511660795214,0.034414563832381694,0.9276303195596661
5086,14086,High,High,0.9389247472365346,0.028508066737415887,0.03256718602604941
35583,44583,High,High,0.9384819939942827,0.02956858224839488,0.03194942375732248
32154,41154,Low,Low,0.0364842747974761,0.9277765352599795,0.03573918994254447
36610,45610,Low,Low,0.03534507890356692,0.8795487460782107,0.08510617501822226
2908,11908,Medium,Medium,0.03054563561486584,0.03200470252665131,0.9374496618584828
177,9177,Medium,Medium,0.03356658707287747,0.03526669276450955,0.9311667201626129
14168,23168,Medium,Medium,0.039672805921958036,0.3027735012858436,0.6575536927921984
20487,29487,High,High,0.9374250178518014,0.030122366884271463,0.032452615263927044
16269,25269,Low,Low,0.031074827724873157,0.9282102136462443,0.04071495862888242
26666,35666,Medium,Medium,0.04511260858697525,0.03467730026224706,0.9202100911507777
4548,13548,Low,Medium,0.03471064954748843,0.03840561439568812,0.9268837360568235
11056,20056,Low,Low,0.04647577354768828,0.7637533061073909,0.18977092034492085
1326,10326,Medium,Medium,0.030585626472483404,0.029791171321642853,0.9396232022058738
1626,10626,High,Medium,0.030911029808369007,0.029938054376476394,0.9391509158151545
19987,28987,Low,Low,0.030212900551475807,0.9347644873419853,0.0350226121065389
10481,19481,Low,Low,0.034732969445244476,0.9298960369019342,0.03537099365282132
19322,28322,Medium,Medium,0.03446313850122223,0.032794107905034196,0.9327427535937436
7265,16265,Medium,Medium,0.03382580838174845,0.029698278120849908,0.9364759134974016
36022,45022,High,High,0.9343293959510907,0.03040632241652899,0.03526428163238042
24292,33292,Medium,Low,0.030622127830986334,0.9338572459470963,0.03552062622191725
20641,29641,Medium,Medium,0.036949107444165304,0.03152019255346338,0.9315307000023713
32455,41455,Medium,Medium,0.03265525180478543,0.03102842467354137,0.9363163235216732
11365,20365,High,High,0.9372088385065985,0.029614347286035302,0.03317681420736619
2559,11559,Medium,Medium,0.036209770850348356,0.039156291082924295,0.9246339380667273
32998,41998,Medium,Medium,0.03230084214315762,0.03161147753986959,0.9360876803169728
3298,12298,Medium,Medium,0.03326749975608798,0.03449412678488958,0.9322383734590224
28860,37860,Low,Low,0.03537187740507188,0.9262515116432363,0.03837661095169188
5883,14883,Medium,Medium,0.0310443585639852,0.03338506290577056,0.9355705785302443
30990,39990,Low,Medium,0.033569702332122864,0.030171839538905443,0.9362584581289717
7845,16845,Medium,Medium,0.0303681200421869,0.029486572093645153,0.9401453078641678
31171,40171,Medium,Medium,0.03446899311449201,0.034330952683558826,0.9312000542019492
9666,18666,Medium,Medium,0.03551014915470118,0.03396033774815747,0.9305295130971413
18958,27958,Low,Low,0.032592516436025114,0.9293822031161595,0.03802528044781549
6529,15529,Medium,Medium,0.030761575740093205,0.034484189828389765,0.9347542344315171
27520,36520,Medium,Medium,0.034486662584469925,0.03391051548241716,0.9316028219331128
31900,40900,Low,Medium,0.031895962514447505,0.03165645563049493,0.9364475818550576
17450,26450,Medium,Medium,0.052056810730249016,0.04781035161935223,0.9001328376503986
22788,31788,High,High,0.93067633651424,0.03260272672731782,0.03672093675844228
15904,24904,High,High,0.9357123182505402,0.03089962752567087,0.033388054223788904
37197,46197,High,High,0.9330801128157274,0.03188998216185485,0.03502990502241766
7469,16469,Medium,Medium,0.03332347416688977,0.030434772709123144,0.936241753123987
18844,27844,Low,High,0.9368436821910956,0.030412258057093324,0.03274405975181103
18586,27586,Medium,Medium,0.032231363976153164,0.03465909387215458,0.9331095421516921
12573,21573,Medium,Medium,0.03913720836123943,0.033621910077467114,0.9272408815612935
6575,15575,Low,Low,0.0344619166624315,0.9285753953088666,0.03696268802870185
38096,47096,Medium,Medium,0.042773242225639184,0.34644392424605885,0.610782833528302
13065,22065,Medium,Medium,0.032446879781874605,0.03481382118181594,0.9327392990363096
6709,15709,Medium,Medium,0.046844529379445075,0.03721943386734489,0.9159360367532101
36301,45301,Medium,Medium,0.03956162152243028,0.03511414143122671,0.9253242370463429
3785,12785,Medium,Medium,0.031216847428274328,0.02995177909024412,0.9388313734814816
999,9999,High,High,0.9321118710775135,0.031031075929220126,0.03685705299326645
24823,33823,Low,Low,0.033930001643570795,0.8706245233840045,0.09544547497242463
10386,19386,Medium,Medium,0.03218460187807876,0.03251023314882225,0.9353051649730989
26160,35160,Medium,Medium,0.03795437508681012,0.07717371105836449,0.8848719138548254
17651,26651,Medium,Medium,0.030333571394878262,0.030112419929036113,0.9395540086760855
31555,40555,Medium,Medium,0.041462294493175504,0.032087815196487394,0.926449890310337
815,9815,High,High,0.936523310855645,0.029876851930077743,0.03359983721427715
6280,15280,Medium,Medium,0.031138108182382235,0.029999460918616095,0.9388624308990017
761,9761,High,High,0.9363044102142145,0.030021122205415435,0.03367446758036998
39264,48264,Medium,Medium,0.03546375102611506,0.030876263384767965,0.933659985589117
5594,14594,Low,Low,0.03696154081672056,0.9178312171264807,0.045207242056798665
20266,29266,High,High,0.9348549397940459,0.030626536642635177,0.03451852356331886
5386,14386,Medium,Medium,0.034888354282600356,0.03894399511938069,0.9261676505980189
9404,18404,Medium,High,0.8795526224457361,0.037503316662606784,0.08294406089165716
14011,23011,Medium,Medium,0.02993033621263998,0.03163848234018066,0.9384311814471794
6544,15544,Low,Low,0.034854979303353885,0.9307134794320063,0.03443154126463983
19650,28650,Medium,Medium,0.032893768746789176,0.0347056619669042,0.9324005692863068
2248,11248,Low,Low,0.031552815044754656,0.9127554045746006,0.05569178038064484
24402,33402,Low,Low,0.02893558038680279,0.9391553830318404,0.031909036581356756
16962,25962,Medium,Medium,0.036160997158387824,0.03189424097597551,0.9319447618656366
22708,31708,High,High,0.9355830456098051,0.028949567661776417,0.035467386728418475
14674,23674,Medium,Medium,0.08160730607240314,0.04128239132308844,0.8771103026045083
35842,44842,Medium,Medium,0.03159541199908705,0.032216224263205584,0.9361883637377072
22955,31955,Medium,Medium,0.033262593960281944,0.032185593861433166,0.9345518121782849
7767,16767,Medium,Medium,0.03492553237790991,0.035174567394840144,0.9298999002272499
18013,27013,Low,Low,0.031373542662421726,0.924501680231919,0.04412477710565915
642,9642,High,High,0.930459351238445,0.03401045810642393,0.03553019065513093
27,9027,High,High,0.9384962633991463,0.02914018643524187,0.03236355016561191
21324,30324,Medium,Medium,0.034002386285323705,0.030995064067256047,0.9350025496474202
38559,47559,Medium,Medium,0.030022959385096793,0.02989641367101631,0.9400806269438869
3593,12593,Low,Low,0.029124475654510245,0.9390247170437767,0.0318508073017131
10643,19643,Low,Low,0.03005950592100538,0.9337966274178573,0.03614386666113732
14355,23355,Low,Low,0.03836161679057473,0.7583401484680001,0.20329823474142508
28582,37582,Medium,Medium,0.03220638396996052,0.03321256582000321,0.9345810502100362
35318,44318,Medium,Medium,0.03243231551870665,0.0325255679677729,0.9350421165135204
17922,26922,Medium,Medium,0.03068992076673072,0.029608508689391064,0.9397015705438783
14785,23785,Medium,Medium,0.034321478279779195,0.031419176602794564,0.9342593451174263
32736,41736,Low,Medium,0.0416424102134152,0.1861291682666917,0.7722284215198932
6641,15641,High,High,0.5065428577480456,0.05536266068461675,0.4380944815673376
16242,25242,Medium,Low,0.0353730958136595,0.6622874129979697,0.3023394911883708
22065,31065,Low,Low,0.030707365237842416,0.9320331994301151,0.03725943533204252
38783,47783,Medium,Medium,0.03466965404949395,0.041025551265017106,0.9243047946854889
25889,34889,Medium,High,0.9325539946048296,0.032750976086312535,0.03469502930885782
17726,26726,Medium,Medium,0.037019319858369724,0.03314393961737038,0.9298367405242599
11068,20068,Medium,Medium,0.056105709129922264,0.042983198890346797,0.9009110919797308
34547,43547,High,High,0.929498424058479,0.03367350426222837,0.03682807167929251
9736,18736,Medium,Medium,0.030934165500909983,0.031975715955176724,0.9370901185439132
34960,43960,Medium,Medium,0.029724958433233487,0.031038018885481525,0.9392370226812851
37933,46933,Low,Medium,0.03398271904196995,0.03368906446058509,0.9323282164974449
31618,40618,High,High,0.9402437728624484,0.028374018880341554,0.03138220825720991
14908,23908,Medium,Medium,0.036174126751831404,0.043828961169762336,0.9199969120784063
16766,25766,Medium,Medium,0.040395234249769985,0.03442942476719901,0.925175340983031
12974,21974,Medium,Medium,0.030786415995200555,0.032321133313805754,0.9368924506909938
26665,35665,Low,Low,0.035545740923559284,0.9183448149573373,0.04610944411910347
20462,29462,Low,Low,0.032860252032228,0.9282227965417557,0.03891695142601626
29040,38040,Medium,Medium,0.038392406196702956,0.038984576564718376,0.9226230172385786
28316,37316,High,High,0.9257895123157508,0.031610381981976576,0.04260010570227247
38554,47554,Medium,Medium,0.0356563227032021,0.034850382184332715,0.9294932951124651
13083,22083,High,High,0.9341572382465132,0.03138980388852362,0.034452957864963114
20655,29655,Low,Low,0.040372603444500034,0.9168867264027715,0.04274067015272848
34299,43299,Medium,Medium,0.03478155118108283,0.03168325320129178,0.9335351956176253
14555,23555,Medium,Medium,0.03226822156849008,0.03241513493038283,0.935316643501127
15955,24955,Low,Low,0.045408196903713456,0.7299546333588337,0.22463716973745282
19758,28758,High,High,0.9386170786254638,0.02993634547419916,0.03144657590033705
390,9390,Low,Low,0.030713041340844377,0.9335838853208297,0.035703073338325834
3938,12938,Medium,Medium,0.037517012980385935,0.04118404624363354,0.9212989407759805
30918,39918,Low,Low,0.032805552734854804,0.9336179450769683,0.03357650218817679
25965,34965,High,High,0.9311788415055364,0.031138876854654652,0.03768228163980888
22987,31987,Medium,Medium,0.03786499194104582,0.03591148679668323,0.9262235212622709
7691,16691,Medium,Medium,0.031140615494463647,0.030646882007321446,0.938212502498215
27425,36425,Low,Low,0.03235434723613614,0.9310485198279627,0.03659713293590125
39257,48257,Low,Low,0.0342896833041964,0.9311092452886789,0.03460107140712469
14935,23935,High,High,0.9359364304834711,0.030952123623012983,0.0331114458935158
31371,40371,Medium,Medium,0.031047459413120242,0.03041042153010312,0.9385421190567765
34359,43359,Medium,Medium,0.03229559221919633,0.036005180992090303,0.9316992267887135
30873,39873,High,High,0.9273173024790785,0.035787403628427576,0.03689529389249408
17454,26454,Medium,Medium,0.030469574864765467,0.03337689941573815,0.9361535257194964
12330,21330,Medium,Medium,0.032345949944260446,0.05449617492166403,0.9131578751340755
37413,46413,High,High,0.9280865078257156,0.03369920815175047,0.03821428402253397
26992,35992,High,High,0.937506319557779,0.029246199283382786,0.03324748115883826
19983,28983,Medium,Medium,0.033528559848543894,0.03196352512106956,0.9345079150303865
35973,44973,Low,Low,0.031049862808932793,0.9207637482895875,0.04818638890147973
13533,22533,Medium,Medium,0.03343048629155412,0.03067113674113861,0.9358983769673072
29936,38936,Medium,Low,0.029834617526944662,0.9347086985523241,0.03545668392073117
22264,31264,Medium,Medium,0.031748262070723114,0.034978733147996446,0.9332730047812805
2944,11944,Low,Medium,0.030192565778758826,0.031190883664547295,0.9386165505566938
66,9066,Medium,Medium,0.031607458262906625,0.03497892140631379,0.9334136203307796
30070,39070,Low,Low,0.029422972493100052,0.9390358032918934,0.03154122421500669
5246,14246,Low,Low,0.032968742207306785,0.9342855556221865,0.03274570217050656
31426,40426,Low,Low,0.03355817608845734,0.9234525425727599,0.042989281338782735
24603,33603,Medium,High,0.9274399903864045,0.03349924683116264,0.03906076278243305
14594,23594,Medium,Medium,0.0337352041379287,0.030455572263748787,0.9358092235983225
20446,29446,Medium,Medium,0.03776847825347864,0.03372823197847999,0.9285032897680413
5315,14315,High,Low,0.03136917863364829,0.9180283789082099,0.050602442458141744
3715,12715,Low,Low,0.029516440271551394,0.9391200661691443,0.03136349355930431
9815,18815,Medium,Medium,0.031040927824702375,0.03302469696016275,0.9359343752151349
36381,45381,High,Medium,0.0334316119969122,0.03639045682921289,0.9301779311738749
33799,42799,Low,Low,0.03180594145564433,0.9337629304961829,0.03443112804817288
5761,14761,Low,Medium,0.052267456016901886,0.3408939195947778,0.6068386243883203
4003,13003,Medium,Medium,0.030498699776219357,0.03128715076638262,0.938214149457398
8399,17399,Medium,Medium,0.03090212900711613,0.029844741131642465,0.9392531298612413
7966,16966,Medium,Medium,0.03677569747684576,0.0332831678922468,0.9299411346309073
29961,38961,Low,Medium,0.030979645459114663,0.03322919296399405,0.9357911615768914
295,9295,High,High,0.9043135878674239,0.033913481695003335,0.061772930437572676
24857,33857,Medium,Medium,0.0644769285779605,0.03657375486505715,0.8989493165569824
33266,42266,High,High,0.8907762410193453,0.049112417393434304,0.06011134158722039
164,9164,Low,Low,0.03223150726246068,0.9358198831943353,0.03194860954320391
20780,29780,Medium,Medium,0.033926621467618774,0.0319538387806118,0.9341195397517694
9378,18378,Low,Low,0.04086353091090863,0.9247457177810161,0.034390751308075236
29753,38753,Medium,Medium,0.039631040834208826,0.032812309819154166,0.927556649346637
11047,20047,Medium,Medium,0.036655209282893425,0.03209160069224251,0.9312531900248641
38298,47298,Low,Low,0.034097107336798424,0.8262457149913405,0.1396571776718611
12914,21914,High,High,0.9304313259667057,0.03198556167914853,0.03758311235414556
25564,34564,High,High,0.9289135098687166,0.03128906992045877,0.039797420210824726
10941,19941,Low,Medium,0.035374394832554515,0.03636578159267634,0.9282598235747691
32603,41603,Low,Low,0.031434078692743735,0.9358722526215703,0.03269366868568603
28645,37645,Medium,Medium,0.035069166275839385,0.03376214722644424,0.9311686864977163
13347,22347,Low,Low,0.02938844306044218,0.938695903729244,0.03191565321031388
597,9597,High,High,0.9245795340646504,0.03824339665958135,0.03717706927576814
3726,12726,Low,Low,0.03363954317312703,0.9336438941217836,0.03271656270508947
4206,13206,Low,Low,0.03426388058886195,0.9312535695099419,0.03448254990119612
21349,30349,High,High,0.9346240759484408,0.03129881051837669,0.034077113533182525
21257,30257,Medium,Medium,0.030532912322054212,0.029832860993205267,0.9396342266847405
40026,49026,High,High,0.9344302256402294,0.030785546803343805,0.034784227556427016
20388,29388,Medium,Medium,0.038776295796664285,0.032824440752053936,0.9283992634512818
3786,12786,High,High,0.9288737106981922,0.03405406353539684,0.03707222576641092
39612,48612,High,High,0.9369693569390889,0.029294923073127626,0.03373571998778348
4909,13909,Medium,Medium,0.045867274279567966,0.0426188315238582,0.9115138941965739
12054,21054,High,High,0.9310448968589026,0.032067740483108766,0.03688736265798871
4005,13005,Low,Low,0.029560151771470377,0.9342196025120383,0.036220245716491184
27225,36225,Low,Low,0.030135971761061874,0.9348759194300708,0.03498810880886726
38718,47718,High,High,0.9305510505154478,0.032662792985918114,0.036786156498633975
16493,25493,Low,Low,0.04020582268833775,0.9072564548344514,0.052537722477210884
35512,44512,High,High,0.9360980985166263,0.031363288781137456,0.032538612702236236
38937,47937,Medium,Medium,0.03011304209992431,0.0314987938924205,0.9383881640076552
34812,43812,Low,Low,0.03276110430869228,0.933547911308502,0.033690984382805766
37884,46884,Low,Low,0.03932084516731946,0.918542107620207,0.04213704721247343
14231,23231,Low,Low,0.03813345945904761,0.9287305205425858,0.0331360199983666
3088,12088,Low,Low,0.03184267730649925,0.9316392200854358,0.036518102608065095
34293,43293,Medium,Medium,0.03205271128457025,0.030277512729143707,0.9376697759862861
17847,26847,Medium,Medium,0.03205119825042178,0.033350271642704744,0.9345985301068734
22108,31108,Low,Low,0.03342217609182425,0.9077676877517739,0.058810136156401814
37162,46162,High,High,0.9269912169940412,0.03375234281776978,0.03925644018818914
31653,40653,Low,Low,0.029586119874315368,0.9369146695378722,0.033499210587812404
2691,11691,High,High,0.9316898282862525,0.03184983553509314,0.03646033617865433
32149,41149,Medium,Medium,0.030040169416592623,0.02975412253881457,0.9402057080445929
32237,41237,Medium,Medium,0.0303895454411596,0.030052163802777056,0.9395582907560632
25698,34698,Medium,Medium,0.03081285997558054,0.03212452996919266,0.9370626100552267
11333,20333,Medium,Medium,0.03786242022615428,0.15053990603415668,0.8115976737396892
22775,31775,Medium,Medium,0.03551365894526824,0.03294632516366664,0.931540015891065
1706,10706,Low,Low,0.031942141054405786,0.9335505827670848,0.03450727617850927
25325,34325,High,High,0.9004161214060645,0.05192136975500911,0.04766250883892642
319,9319,Low,Low,0.033390506153639636,0.93225931673836,0.03435017710800029
36249,45249,Medium,Medium,0.03798475593756525,0.04002217264764795,0.9219930714147867
23616,32616,Medium,Medium,0.030353562201406118,0.034774877751847656,0.9348715600467461
38926,47926,High,Medium,0.09883296673414221,0.044520708171582705,0.8566463250942751
16676,25676,Low,Low,0.030823684464730706,0.9352178719853753,0.033958443549893934
39349,48349,Low,Low,0.0305505503256658,0.9356722788133017,0.033777170861032456
1338,10338,Medium,Medium,0.04372770473294193,0.05794998732509763,0.8983223079419606
5082,14082,Low,Low,0.030482855564254997,0.9382958944093337,0.03122125002641124
515,9515,Medium,Medium,0.036692539118040046,0.03395790055581601,0.9293495603261439
29557,38557,Medium,Medium,0.03266440459964463,0.03164875991051846,0.9356868354898369
7334,16334,Medium,Medium,0.03364914267398758,0.035356939412026535,0.930993917913986
28654,37654,Medium,Medium,0.035918516066442197,0.03225164707573355,0.9318298368578243
12667,21667,Medium,Medium,0.032128902006442195,0.030399057442704505,0.9374720405508533
6749,15749,Low,Low,0.03027932692996919,0.9356677323648822,0.03405294070514859
9504,18504,Low,Low,0.03061342775219072,0.9364346045419154,0.032951967705893974
6344,15344,Medium,Medium,0.0349066761304637,0.03232110759913137,0.932772216270405
27546,36546,Medium,Medium,0.037241336649436026,0.03211392480165339,0.9306447385489106
39146,48146,Medium,Medium,0.03489316331131644,0.03303508610440661,0.9320717505842769
27714,36714,High,High,0.9348510475766224,0.03088738706953764,0.034261565353839805
39212,48212,Low,Low,0.03073747453907034,0.9358769394662313,0.033385585994698486
15656,24656,Medium,Medium,0.030828305114507543,0.029486485668631907,0.9396852092168606
13520,22520,Low,Low,0.03275814147083718,0.9228581515852895,0.044383706943873204
24938,33938,Low,Medium,0.03253690573202933,0.031268917867265995,0.9361941764007047
16492,25492,Low,Low,0.03478169581141352,0.7954217993500001,0.16979650483858635
21422,30422,High,High,0.9326864805967433,0.03206680823835856,0.035246711164898054
12841,21841,Medium,Medium,0.031326051432188855,0.03370789535769741,0.9349660532101138
33358,42358,Medium,Medium,0.03352300187504465,0.0346105255373115,0.9318664725876439
33550,42550,High,High,0.932773227433192,0.03144955397028135,0.035777218596526564
2699,11699,Medium,Medium,0.035101828009061635,0.03550042791628105,0.9293977440746574
14287,23287,High,High,0.9395797564320683,0.028756942490046664,0.031663301077885175
29334,38334,High,High,0.9337860088617481,0.03218147154837,0.03403251958988195
35623,44623,Medium,Medium,0.032667189620599835,0.03202976182164231,0.9353030485577579
6968,15968,Low,Low,0.03057265982456305,0.9342640416764861,0.03516329849895083
28522,37522,High,High,0.925508473152548,0.04055840182575912,0.03393312502169287
20419,29419,Medium,Medium,0.03034271563573974,0.031207274765872633,0.9384500095983878
8581,17581,Medium,Medium,0.036689348625980556,0.033281710614592175,0.9300289407594273
33803,42803,High,High,0.8995038053705708,0.04022834678365466,0.06026784784577447
34872,43872,High,High,0.9366033708041486,0.03019485987411076,0.03320176932174074
21020,30020,Medium,Medium,0.032554882085212115,0.03113845109415998,0.9363066668206278
9752,18752,High,High,0.9327833026905173,0.030869886903788262,0.03634681040569442
21011,30011,Medium,Medium,0.03980739244923202,0.044264622277574134,0.915927985273194
16010,25010,Low,Low,0.032028937270135165,0.9336510768316947,0.0343199858981701
35836,44836,Medium,Medium,0.03843137216131464,0.05194911301498404,0.9096195148237012
30744,39744,High,High,0.9402596159488593,0.028731172404884403,0.03100921164625618
14621,23621,High,High,0.9355409302908945,0.031028610253636988,0.03343045945546853
38966,47966,Low,Low,0.0312886465724321,0.9347766325339978,0.03393472089357013
30567,39567,High,High,0.93724362980061,0.02984568429165133,0.032910685907738574
30118,39118,Low,Low,0.030733411803275063,0.9376049473950366,0.03166164080168829
30432,39432,High,High,0.9363455172418873,0.02993502057822027,0.03371946217989252
20475,29475,High,High,0.9378996271215564,0.030949094649911062,0.031151278228532444
28243,37243,Medium,Medium,0.12923325383921694,0.04164001461951592,0.8291267315412671
38653,47653,Medium,Medium,0.03247126836615715,0.0325221807065634,0.9350065509272795
24446,33446,Medium,Medium,0.0330353424970344,0.03245665008391548,0.93450800741905
19241,28241,Medium,High,0.938338744701909,0.028926244539385595,0.03273501075870528
14712,23712,Medium,Medium,0.043207584614165094,0.033383917985968715,0.9234084973998663
34998,43998,Medium,Medium,0.031774837911572595,0.03047367661379179,0.9377514854746356
22576,31576,Low,Low,0.03258611947483198,0.9245765044992432,0.042837376025924884
4481,13481,Low,Medium,0.038282144608479764,0.0332193289455246,0.9284985264459956
12673,21673,Medium,Medium,0.03452235758108577,0.03141013763942386,0.9340675047794903
906,9906,Medium,Medium,0.0313717886036484,0.030426594374248998,0.9382016170221027
26257,35257,Medium,Medium,0.03201727518650229,0.030187333482336768,0.9377953913311611
11505,20505,Low,Medium,0.03238818340531902,0.02968179927539794,0.937930017319283
34799,43799,Medium,Low,0.029383500385337085,0.9372870407292012,0.03332945888546165
8108,17108,Medium,Medium,0.03320033567124312,0.033176183172524,0.933623481156233
11175,20175,High,High,0.9366212424010647,0.03156320101720953,0.031815556581725794
32326,41326,High,High,0.9359696051797192,0.030020210503775586,0.034010184316505376
23342,32342,Medium,Medium,0.04009721786264895,0.04450793545982005,0.9153948466775311
6470,15470,High,High,0.936419608541835,0.03109770964504435,0.03248268181312066
7365,16365,Low,Low,0.029989565200596795,0.9380161798409553,0.03199425495844784
19337,28337,Low,Low,0.030282544886004948,0.938166608106822,0.03155084700717314
8544,17544,Low,Low,0.03738254134000881,0.9149794108606265,0.04763804779936478
14332,23332,Medium,Medium,0.03152009068365576,0.029785730704668768,0.9386941786116755
4078,13078,Medium,Medium,0.044264111133462354,0.03721473368862034,0.9185211551779173
11152,20152,Low,Low,0.032237675992209,0.9237505502525815,0.04401177375520943
8109,17109,Medium,Medium,0.03288451560135938,0.0316081269645217,0.935507357434119
10781,19781,High,High,0.9270122899469581,0.03218282936530333,0.04080488068773868
37976,46976,Low,Medium,0.03832134786898513,0.038718703889713546,0.9229599482413012
10516,19516,Medium,Medium,0.03370610631250443,0.08979588113460313,0.8764980125528924
14033,23033,High,High,0.9350214674430676,0.029938976092939402,0.03503955646399313
30717,39717,Medium,Medium,0.03372048925887435,0.03507579044158262,0.931203720299543
34495,43495,Medium,Medium,0.036408134537159485,0.03515773110654911,0.9284341343562913
33285,42285,High,High,0.9370568902112374,0.029630229790753405,0.03331287999800914
7822,16822,Medium,Medium,0.03407036291771704,0.04209357987720234,0.9238360572050807
7007,16007,Low,Low,0.029450894433488296,0.9394734275750783,0.03107567799143343
34238,43238,Medium,Medium,0.03299895415071034,0.0332893988530887,0.9337116469962008
21059,30059,Low,Low,0.03467406399637656,0.925675900673376,0.039650035330247406
16698,25698,Medium,Medium,0.03135414356131833,0.030939557762148306,0.9377062986765333
29381,38381,High,Medium,0.47878469838609133,0.03931786590752275,0.48189743570638593
21375,30375,High,High,0.9332721045159337,0.032323871818226484,0.03440402366583995
32076,41076,Medium,Medium,0.030663073757252236,0.03332575623873311,0.9360111700040147
21877,30877,Low,Low,0.030018283754124853,0.9343672682605422,0.03561444798533309
8767,17767,Low,Low,0.033631242104823156,0.911849074531622,0.05451968336355475
31244,40244,Low,Low,0.02947751090642345,0.938412714066659,0.03210977502691758
9675,18675,Low,Low,0.03155851639894778,0.8732921908115888,0.09514929278946345
37945,46945,High,High,0.9377856020057033,0.02990365198716058,0.032310746007136314
12456,21456,Medium,Medium,0.03269553218322208,0.05627888723553587,0.9110255805812421
20857,29857,Low,Low,0.032139999819852196,0.9357901913103998,0.032069808869748
21171,30171,Medium,Medium,0.0404645081560823,0.35500963549405246,0.6045258563498653
39735,48735,Medium,Medium,0.03170318160091251,0.03027864340440986,0.9380181749946778
18666,27666,Low,Low,0.03291893841225676,0.9336860609237593,0.03339500066398392
5552,14552,Medium,Medium,0.03448058573312304,0.03517713753080257,0.9303422767360745
33909,42909,Medium,Medium,0.035582210501959095,0.034283547390927316,0.9301342421071136
3292,12292,High,Low,0.03721928542027335,0.9284381909275439,0.03434252365218287
20168,29168,Medium,Medium,0.040010234047253464,0.03242925721179404,0.9275605087409525
15003,24003,Medium,Medium,0.031583674526349075,0.03076440769978854,0.9376519177738624
32203,41203,Medium,Medium,0.03203140515062536,0.03530115366925649,0.9326674411801182
332,9332,Medium,Medium,0.030924514931488147,0.029141518031815982,0.9399339670366958
3656,12656,Low,Low,0.034014361371278855,0.9273497044560344,0.03863593417268679
12964,21964,Medium,Medium,0.030666049397603232,0.03206524106270553,0.9372687095396913
4924,13924,Medium,Medium,0.03632069233430237,0.04077851903143131,0.9229007886342663
32315,41315,Medium,Medium,0.033261623020650506,0.03636982302410346,0.9303685539552461
32304,41304,Medium,Medium,0.03427508283354816,0.03170594646046781,0.934018970705984
17706,26706,Medium,Medium,0.04171544186065832,0.03574218681405109,0.9225423713252906
10853,19853,Low,Low,0.033519779562692746,0.9290121456431057,0.037468074794201556
25358,34358,Low,Low,0.035998217265537896,0.9312286002416105,0.03277318249285162
4773,13773,Low,Low,0.0305527542227795,0.9351011136802789,0.03434613209694162
29847,38847,Medium,Medium,0.033597167375213365,0.032814337707214924,0.9335884949175717
967,9967,High,Medium,0.030468511218595267,0.030491514001527744,0.939039974779877
19599,28599,Low,Low,0.032309111274403376,0.9293922440111732,0.038298644714423354
8664,17664,Low,Low,0.029307305720852606,0.9382686551353423,0.032424039143805115
9140,18140,High,High,0.9364721680868778,0.031045382972224478,0.032482448940897704
113,9113,Low,Low,0.03183135830029444,0.8648843040426888,0.10328433765701676
274,9274,Medium,Medium,0.03179277730928474,0.03209576364760994,0.9361114590431053
28640,37640,Medium,Medium,0.029963041891800758,0.03229122621463949,0.9377457318935597
30074,39074,Low,Low,0.028824581094779863,0.9381628651273934,0.03301255377782675
2576,11576,Medium,Medium,0.03239790038307664,0.031141921114939658,0.9364601785019836
27990,36990,Low,Low,0.02862445394133854,0.9391817586092871,0.032193787449374296
29838,38838,Low,Low,0.03167805707498759,0.9233308302497608,0.044991112675251715
38475,47475,Medium,Medium,0.049276142283493994,0.07760055855506075,0.8731232991614452
24895,33895,Medium,Medium,0.03332581479988821,0.03716856136857776,0.9295056238315339
4247,13247,Medium,Medium,0.0353366554266616,0.033406829310128845,0.9312565152632096
25104,34104,High,High,0.9325021251582077,0.030938081329278156,0.036559793512513934
26042,35042,Medium,Medium,0.03138793556931493,0.034943579757032474,0.9336684846736527
6618,15618,Medium,Medium,0.030182206570297257,0.03062210505540651,0.9391956883742963
36838,45838,Medium,Medium,0.03464957001271449,0.035922570279669185,0.9294278597076162
35857,44857,Medium,Medium,0.044432095960239205,0.03375291506489,0.9218149889748708
21608,30608,Medium,Medium,0.03470628129276639,0.03184707663842904,0.9334466420688047
30145,39145,Medium,Medium,0.03034347657181517,0.02921161574079124,0.9404449076873936
10470,19470,High,High,0.9282507461159586,0.03249870237264258,0.03925055151139886
37822,46822,High,High,0.9305547843418056,0.03394538328418326,0.035499832374011234
11962,20962,Medium,Medium,0.03341454915528814,0.03085831608930063,0.9357271347554112
19382,28382,Medium,Medium,0.030718009762724967,0.029334570477233465,0.9399474197600416
1518,10518,High,High,0.9288606838547473,0.033245550028182545,0.03789376611707015
8879,17879,Low,Low,0.030807261234428823,0.9329000097485692,0.03629272901700186
19070,28070,Medium,Medium,0.03247378699924747,0.02982185834812939,0.9377043546526233
18126,27126,Medium,Medium,0.030913450878415367,0.02988007257910052,0.9392064765424841
17183,26183,Medium,Medium,0.04460001271275347,0.03746618318538458,0.917933804101862
22119,31119,High,High,0.9362155365415741,0.03130782748128591,0.03247663597714002
35496,44496,Medium,Medium,0.034024124224442724,0.0368575637509805,0.9291183120245767
18648,27648,Medium,Medium,0.03910625117169387,0.03316285820516098,0.9277308906231451
22574,31574,High,High,0.938319925029541,0.029479666047975212,0.0322004089224838
36073,45073,Medium,Medium,0.03405746517161671,0.030362174312673906,0.9355803605157095
30093,39093,Low,Low,0.03068967311664622,0.9373897675911911,0.031920559292162726
28103,37103,Medium,Medium,0.0354867002493752,0.03222064162008185,0.932292658130543
9207,18207,Low,Low,0.04222255644160284,0.918376404831899,0.03940103872649808
4966,13966,High,High,0.9373590050114172,0.029381262889511848,0.03325973209907086
33644,42644,Medium,Medium,0.036224123629028465,0.19327745163893248,0.7704984247320391
29669,38669,High,High,0.929207910287976,0.036207272000964054,0.034584817711059916
14018,23018,High,High,0.9295582316818426,0.03357237247174218,0.03686939584641518
26180,35180,Medium,Medium,0.03249037154708689,0.03150724608859392,0.9360023823643191
25675,34675,Medium,Medium,0.031664619442567196,0.03348415094670967,0.9348512296107231
4587,13587,Medium,Medium,0.036719294900678046,0.03207489709450078,0.9312058080048212
8801,17801,Medium,Medium,0.030271135120621417,0.031150675617086006,0.9385781892622926
37178,46178,Low,Low,0.035321757233106134,0.9228079454458951,0.04187029732099879
39436,48436,Medium,Medium,0.03432851318853062,0.030894646220506954,0.9347768405909624
3295,12295,High,High,0.8684156100385135,0.04573066900579708,0.08585372095568942
4713,13713,High,High,0.9346110730233894,0.030846360655406677,0.03454256632120393
8841,17841,Low,Low,0.03687447539796598,0.9282293171221299,0.034896207479904094
37548,46548,High,High,0.9228733727870932,0.038802104109219755,0.03832452310368688
9212,18212,Medium,Medium,0.032728606169144074,0.03277926737407393,0.934492126456782
6551,15551,Low,Low,0.029139412572074554,0.9381220292618847,0.032738558166040835
8026,17026,Low,Low,0.029774114308473418,0.9380625439030404,0.03216334178848603
2046,11046,Medium,Medium,0.03160000526622154,0.03826857231496369,0.9301314224188149
5320,14320,High,High,0.9324819235946634,0.03142930212207234,0.036088774283264104
17356,26356,High,High,0.935808393602688,0.03127692709807884,0.03291467929923319
344,9344,Medium,Medium,0.03364666124268274,0.03235742747016256,0.9339959112871546
4746,13746,High,High,0.9140231209884176,0.03754376327125896,0.04843311574032336
26822,35822,Medium,Medium,0.0317837423916269,0.03221708783641615,0.9359991697719569
8267,17267,Medium,Medium,0.032300411142011806,0.03127798358703399,0.9364216052709543
24766,33766,Medium,Medium,0.032768497349270974,0.0327528922541106,0.9344786103966185
26089,35089,Medium,Medium,0.029638481908595932,0.029258104454149645,0.9411034136372546
36960,45960,Medium,Medium,0.03360066918784433,0.030150309858543427,0.9362490209536123
14471,23471,Low,Low,0.029951890810336928,0.9386163755161333,0.03143173367352992
9220,18220,High,High,0.9400585708219689,0.02849759040046022,0.03144383877757092
23863,32863,Medium,Medium,0.0353233899146554,0.0329453939053593,0.9317312161799852
647,9647,Medium,High,0.931633076030085,0.03231307431096344,0.03605384965895154
30764,39764,Medium,Medium,0.07010866073207202,0.03328236197098113,0.8966089772969469
20533,29533,High,High,0.9335654075806601,0.03280476390047744,0.03362982851886251
23079,32079,High,Medium,0.03496687221675327,0.0347331634782066,0.93029996430504
7472,16472,Low,Low,0.037651758215667144,0.9190473551816525,0.04330088660268036
28248,37248,Low,Low,0.029545718857766256,0.9359791926828204,0.034475088459413376
13212,22212,High,High,0.926309292668372,0.036047151480972046,0.03764355585065598
4043,13043,Medium,Medium,0.06272313102660754,0.040674280360043245,0.8966025886133493
39582,48582,Medium,Medium,0.034829600258220454,0.03565429118975136,0.9295161085520282
1502,10502,Medium,Medium,0.03743680759393222,0.036269653191044596,0.9262935392150231
14329,23329,Low,Medium,0.033157159265367886,0.035829737740096824,0.9310131029945353
1993,10993,High,High,0.9375757683584299,0.029972529469471817,0.032451702172098355
18535,27535,High,High,0.9375015417153323,0.029398700757391653,0.033099757527276105
1389,10389,Medium,Medium,0.030732883163272117,0.029902289014117633,0.9393648278226102
19627,28627,Low,Low,0.03054057411312724,0.934662317433741,0.03479710845313192
36667,45667,High,High,0.9288214648250047,0.03281220922061041,0.038366325954385
22858,31858,Low,Low,0.03360433043917906,0.9285356566422686,0.037860012918552455
32564,41564,Medium,Medium,0.03257555195307591,0.031668357208116754,0.9357560908388073
33780,42780,Medium,Medium,0.03178750106596829,0.03176834313203429,0.9364441558019974
33097,42097,High,High,0.9350631846086735,0.03053958638825501,0.034397229003071496
8185,17185,Low,Low,0.03493171656671013,0.8922225578065617,0.07284572562672832
3830,12830,Low,Low,0.029778528694511548,0.9380137060047615,0.032207765300726825
6711,15711,Medium,Medium,0.030257907374408335,0.031306373407417286,0.9384357192181744
26881,35881,Medium,Medium,0.029995226967791073,0.030702778140874187,0.9393019948913347
37234,46234,Medium,Medium,0.03433790055358776,0.034477688005272074,0.9311844114411403
30511,39511,Low,Low,0.030231808880905642,0.9373613029944748,0.03240688812461956
30861,39861,Medium,Medium,0.04583522875534901,0.035945841531964666,0.9182189297126864
23740,32740,High,High,0.9318889572859653,0.03217683828846408,0.03593420442557068
25093,34093,Low,Low,0.03053081633817921,0.933656887951642,0.03581229571017878
21555,30555,Medium,Medium,0.03793036439146044,0.03261394156955094,0.9294556940389885
14299,23299,Low,Low,0.03152926856957653,0.9125586786587548,0.05591205277166863
39927,48927,Medium,Medium,0.031205743435027012,0.030059898550710538,0.9387343580142624
23154,32154,Low,Low,0.03479688712374864,0.921808571242669,0.04339454163358225
8535,17535,High,High,0.9151932132869164,0.033988781551668644,0.05081800516141501
2680,11680,Medium,Medium,0.03592273895424591,0.03246794737833744,0.9316093136674167
6608,15608,Medium,Medium,0.030549718598267116,0.032320359370084296,0.9371299220316486
10078,19078,Low,Low,0.03448828826350492,0.9314710004329679,0.03404071130352727
6046,15046,Medium,Medium,0.03452319068014236,0.032723599506552896,0.9327532098133048
30780,39780,Low,Medium,0.03372147246448943,0.03164100850977717,0.9346375190257333
32892,41892,High,High,0.9294847273383698,0.036919168159027384,0.03359610450260286
14833,23833,Medium,Medium,0.03193025254005772,0.03132209319283596,0.9367476542671063
13989,22989,Low,Low,0.04089543829364012,0.9211724392708941,0.03793212243546582
28735,37735,High,High,0.9350899235434831,0.0326512534832878,0.03225882297322917
13209,22209,High,High,0.9342095342025817,0.03245484415816007,0.03333562163925827
13186,22186,Medium,Medium,0.0341471483342917,0.03267740876068329,0.933175442905025
28952,37952,High,High,0.9312184833255842,0.032417368404742956,0.03636414826967286
5110,14110,Low,Low,0.029654391466603796,0.9356859832731693,0.03465962526022696
18496,27496,Medium,High,0.9235600325513449,0.037465720935140855,0.03897424651351416
30483,39483,Low,Low,0.029737316708022488,0.9340912654000938,0.03617141789188381
5287,14287,Medium,Medium,0.03208988053392458,0.04564648194350494,0.9222636375225705
1521,10521,Medium,Medium,0.03584000127308524,0.032697976050964285,0.9314620226759504
8562,17562,High,High,0.910870906385976,0.03916214088059241,0.049966952733431526
23570,32570,Medium,Medium,0.03181147130676886,0.030952630210040088,0.9372358984831911
36679,45679,Low,Low,0.03816390411082747,0.9133292061726862,0.04850688971648625
380,9380,Medium,Medium,0.033246945884169495,0.03271067934380443,0.934042374772026
634,9634,Medium,Medium,0.032992502777533926,0.030906523813775687,0.9361009734086903
26708,35708,High,High,0.9357221026959343,0.029917229843675907,0.03436066746038987
15553,24553,Medium,Medium,0.03325725316745314,0.034138582679354594,0.9326041641531924
7234,16234,Medium,Medium,0.03184944215688414,0.05210988413154585,0.9160406737115699
20014,29014,High,High,0.9380794578321942,0.030175837046360926,0.031744705121444894
27307,36307,Low,Low,0.03236418424771879,0.9339991801845833,0.03363663556769806
24746,33746,Low,High,0.9359775168692961,0.030072243602905408,0.03395023952779847
3140,12140,High,High,0.9342543639162607,0.032301125463270165,0.03344451062046914
25819,34819,Medium,Medium,0.03281882871413095,0.029637736057784084,0.937543435228085
6297,15297,Low,Low,0.030319011625973738,0.9361346406390384,0.033546347734987846
29919,38919,High,High,0.9324434410420404,0.03114156766434448,0.036414991293615244
21617,30617,Medium,Medium,0.031288533141402765,0.03147074243334903,0.9372407244252482
19303,28303,High,High,0.9274701640867136,0.03580785288473059,0.03672198302855578
2889,11889,Medium,Medium,0.037267723211425345,0.042279863876728135,0.9204524129118465
38352,47352,Low,Low,0.03213463865615108,0.9350655060157774,0.032799855328071455
18626,27626,High,High,0.9343689279512158,0.03146354097407377,0.03416753107471052
27019,36019,Low,Low,0.03195896568382228,0.9304646221473843,0.03757641216879343
2844,11844,Medium,Medium,0.035713248592968594,0.03790510514266973,0.9263816462643617
28441,37441,High,High,0.9397803419415133,0.028463365388329446,0.03175629267015731
8242,17242,Medium,Medium,0.0310623824944511,0.031587051038077726,0.9373505664674712
17304,26304,High,High,0.9358301440939983,0.030848299793896913,0.033321556112104696
14501,23501,Low,Low,0.03053630669744885,0.9298156506016505,0.03964804270090062
20231,29231,High,High,0.9333956675925804,0.030599587485721152,0.036004744921698424
31038,40038,Low,Low,0.030622821994653094,0.937130454434716,0.03224672357063093
35545,44545,High,High,0.9361592636263513,0.030565459127934503,0.03327527724571418
12713,21713,Medium,Medium,0.04028482227267356,0.309784574993278,0.6499306027340485
31086,40086,High,High,0.9288896639003559,0.034058954208276926,0.03705138189136716
11321,20321,Medium,Medium,0.03739468292033079,0.032079530231716315,0.9305257868479528
1132,10132,Medium,Medium,0.032154375131692385,0.030025457131381106,0.9378201677369266
33816,42816,Low,Low,0.030516495066956344,0.9354544328930854,0.034029072039958246
11563,20563,Medium,Medium,0.03422177652700386,0.03262814075796819,0.933150082715028
31306,40306,Low,Low,0.034047990032596794,0.922900924839897,0.04305108512750619
26533,35533,High,High,0.9341344799039858,0.03115526581500404,0.034710254281010225
27488,36488,Low,Medium,0.032071630210048316,0.03609415598991827,0.9318342138000334
11434,20434,Medium,Medium,0.05836835067616645,0.03872653491852298,0.9029051144053106
19907,28907,Medium,Medium,0.03604067527395546,0.033574255606192205,0.9303850691198523
30478,39478,High,High,0.9303982963218308,0.0366153165669266,0.032986387111242736
24100,33100,Medium,Medium,0.03193675760263522,0.03447697305986472,0.9335862693375002
14556,23556,Medium,Medium,0.03171936567407644,0.03452740488720363,0.9337532294387199
14755,23755,Medium,Medium,0.03162458831694219,0.029605918147791052,0.9387694935352667
36466,45466,High,High,0.9385180019929339,0.029657923649715215,0.03182407435735088
16422,25422,Medium,Medium,0.034134502065513744,0.033401857173652856,0.9324636407608334
37363,46363,High,High,0.9124605572239424,0.03848165217676685,0.04905779059929072
887,9887,High,Low,0.036080465318596176,0.922588704777584,0.04133082990381979
1814,10814,Low,Low,0.04441843661019035,0.5785135847968904,0.37706797859291924
4957,13957,High,High,0.9337184767362029,0.03243844176886069,0.03384308149493645
31048,40048,Medium,Medium,0.03825207098282154,0.03493591234601968,0.9268120166711588
11879,20879,Medium,Medium,0.03232761712129198,0.03142801252624695,0.936244370352461
22400,31400,Medium,Medium,0.03139811347881772,0.030788960154449888,0.9378129263667324
12965,21965,Low,Low,0.03508993495822713,0.9336100057505424,0.03130005929123048
18631,27631,Medium,Medium,0.03276761415857661,0.03368258017593503,0.9335498056654884
14490,23490,Medium,Medium,0.032800063172752476,0.031442069084384565,0.935757867742863
23872,32872,Medium,Medium,0.031327464633774484,0.03117303767007254,0.9374994976961529
11508,20508,Medium,Medium,0.03085642102364815,0.03252430813459794,0.9366192708417539
39314,48314,Low,Low,0.03302827773744826,0.9314465776160975,0.035525144646454176
7986,16986,High,High,0.9360194562885482,0.02996049237181929,0.03402005133963267
31566,40566,High,High,0.9336070664070072,0.029808011158052056,0.03658492243494089
5190,14190,Medium,Medium,0.03253567893319068,0.036357069655917465,0.9311072514108919
28031,37031,Medium,Medium,0.03579462396274622,0.04004888545699058,0.9241564905802632
31975,40975,High,High,0.9279860561762269,0.03711971831410014,0.03489422550967303
32896,41896,High,High,0.9381606541127513,0.029231529335675317,0.03260781655157347
32718,41718,Medium,Medium,0.03057810180292285,0.029572896629428164,0.9398490015676488
12248,21248,Medium,Medium,0.03271986580899394,0.03528549208088259,0.9319946421101234
30953,39953,High,High,0.9350383938427184,0.03155723781064549,0.03340436834663618
36933,45933,High,High,0.9370706197689552,0.03026345160245023,0.03266592862859442
36427,45427,High,High,0.9376242223906767,0.028794468033705656,0.033581309575617634
13689,22689,Medium,Medium,0.030470295612833775,0.0327780370782229,0.9367516673089433
28215,37215,Low,Low,0.03850599885632571,0.9260374941807772,0.03545650696289718
9357,18357,Low,Low,0.02925669065975976,0.9367288759614348,0.03401443337880542
10501,19501,High,Medium,0.03350228310049582,0.03065432506680083,0.9358433918327034
8124,17124,Medium,Medium,0.03272634123428444,0.033920550498003535,0.933353108267712
9929,18929,Medium,Medium,0.030160044151311172,0.029319755196170277,0.9405202006525185
37182,46182,Low,Low,0.029537468535597338,0.9363067228755813,0.034155808588821474
35809,44809,Medium,Medium,0.032190652184067504,0.03276788588275465,0.9350414619331778
39994,48994,Low,High,0.9311062682395548,0.031276868795404054,0.037616862965041305
34713,43713,Medium,Medium,0.04433371854175729,0.041402858523989755,0.914263422934253
21204,30204,Low,Low,0.031188737269412334,0.9315998637296395,0.03721139900094816
18234,27234,High,High,0.9282655044597835,0.03343966014986589,0.038294835390350536
20583,29583,Low,Low,0.030943493903726593,0.9296743388813176,0.039382167214955806
5928,14928,Medium,Medium,0.03286726747990972,0.038915139768472565,0.9282175927516176
26629,35629,Medium,Medium,0.032682501525637904,0.03039058969754821,0.9369269087768138
36846,45846,Medium,High,0.9366878848348418,0.03146239649602336,0.03184971866913487
29495,38495,Medium,Medium,0.031221677221982876,0.030014178998765823,0.9387641437792514
5420,14420,Low,Low,0.03363785656556705,0.9296092268113719,0.03675291662306119
19429,28429,High,High,0.9335964988117517,0.03213015613167799,0.03427334505657031
36346,45346,High,High,0.9208003970753622,0.03561126819181911,0.043588334732818555
12545,21545,Medium,Low,0.040935671343415414,0.796864814689988,0.16219951396659657
4887,13887,Medium,Medium,0.04940278428414777,0.47194702554452483,0.4786501901713274
36690,45690,Medium,Medium,0.03427528246356371,0.033156390728661535,0.9325683268077748
11942,20942,High,High,0.9360381514605646,0.03084240064108862,0.03311944789834687
26714,35714,Low,Low,0.03105749310734156,0.9294792153439618,0.03946329154869662
3377,12377,High,High,0.937632465775602,0.03073356777305016,0.03163396645134784
24946,33946,Low,Low,0.034846125064226595,0.9207256815229609,0.04442819341281253
21624,30624,High,High,0.9268711768060148,0.038957778638167274,0.034171044555817875
10039,19039,Medium,Medium,0.03125633358006449,0.02988764982790716,0.9388560165920284
14197,23197,High,High,0.9377756902194726,0.029879536428666347,0.032344773351860985
25571,34571,High,High,0.9383331687714708,0.02939580794663452,0.03227102328189467
23612,32612,Low,Low,0.03245083136188845,0.9186366036658891,0.04891256497222247
12306,21306,Medium,Medium,0.03224145754729224,0.031751915298515586,0.9360066271541921
5938,14938,Medium,Medium,0.0349867430363665,0.05084591524119758,0.914167341722436
21580,30580,Medium,Medium,0.032819756494079616,0.03452595144023011,0.9326542920656903
35746,44746,High,Medium,0.2696992236592746,0.05041519045318956,0.6798855858875358
18542,27542,Medium,Medium,0.031220228504185713,0.032223362628301215,0.9365564088675131
16574,25574,High,Medium,0.03576496171253541,0.09088594136820706,0.8733490969192576
36048,45048,High,High,0.938763606357316,0.02940897586121467,0.03182741778146942
7722,16722,Medium,Medium,0.031149163532181456,0.032995217602214494,0.9358556188656041
25265,34265,High,Medium,0.03480861004233703,0.0427133427164986,0.9224780472411643
439,9439,Medium,Medium,0.035477074749248404,0.039748782909918734,0.924774142340833
18801,27801,Medium,Medium,0.03636766951479193,0.03187645641614773,0.9317558740690602
35077,44077,High,High,0.9330300797975343,0.03448141073597453,0.032488509466491226
30375,39375,Low,Low,0.03738555230574376,0.9297805865040824,0.0328338611901739
23933,32933,Medium,Medium,0.030667991436232948,0.033328449992238114,0.936003558571529
3496,12496,High,High,0.9327028012610775,0.032915194885242055,0.034382003853680364
8870,17870,Medium,Medium,0.032938954744242965,0.044151706938392814,0.9229093383173641
24135,33135,Low,Low,0.03169329761659218,0.9298426488952066,0.038464053488201345
28629,37629,High,Medium,0.03130464488702218,0.03127378584883611,0.9374215692641417
241,9241,Medium,Medium,0.03668511451952138,0.04425593982577508,0.9190589456547036
509,9509,Medium,Medium,0.035422059593003166,0.03435795130530478,0.9302199891016921
27438,36438,Low,Low,0.031217220377951077,0.9291990312155397,0.03958374840650918
10653,19653,High,High,0.9308760756844708,0.03362644145740002,0.03549748285812907
12216,21216,Medium,Low,0.030836277309306322,0.9338466886042798,0.035317034086413894
19298,28298,Medium,Medium,0.03274272992330227,0.031917615921560206,0.9353396541551374
33058,42058,High,High,0.9367499647025664,0.02986186682828928,0.03338816846914432
14285,23285,Medium,Medium,0.03134863388562508,0.03230537992414623,0.9363459861902287
26865,35865,Low,Low,0.03305131418699199,0.9313930256963525,0.03555566011665557
17893,26893,Low,Low,0.03221851380221652,0.934935424391702,0.03284606180608148
6506,15506,Medium,Medium,0.03735607603537081,0.034298331408082486,0.9283455925565467
27707,36707,Low,Low,0.031635637323829936,0.9150263346354567,0.053338028040713394
38256,47256,Medium,Medium,0.0318493373886497,0.03361246598151237,0.934538196629838
10401,19401,High,Medium,0.03273586595302941,0.03252501182844225,0.9347391222185283
7094,16094,Medium,Medium,0.0340813212109083,0.03515956624758282,0.9307591125415088
31489,40489,Medium,Low,0.0300685179266459,0.9369151269402417,0.033016355133112546
24140,33140,Medium,Medium,0.033296195656918305,0.038326733268760314,0.9283770710743214
36027,45027,High,High,0.9304577192477144,0.03407061299202149,0.035471667760264086
23220,32220,Low,Low,0.0372205746185377,0.9301091376706232,0.03267028771083911
25953,34953,Medium,Medium,0.03326239920068156,0.040111867388235155,0.9266257334110833
23261,32261,Medium,Medium,0.03346515860530757,0.033217288099815084,0.9333175532948773
22961,31961,High,Medium,0.05201593860655734,0.031287577021147414,0.9166964843722952
13273,22273,High,High,0.9344293291615133,0.03011144112451992,0.03545922971396686
23917,32917,High,High,0.9139100920188774,0.040713425755129394,0.045376482225993144
36603,45603,Low,Low,0.03864265618151954,0.8713569554846988,0.09000038833378173
28891,37891,High,High,0.9338771603279801,0.03258173723691089,0.033541102435109
26662,35662,High,High,0.9344701204151198,0.03127584951223436,0.034254030072646
39277,48277,Medium,Medium,0.03146382176698966,0.030975437769067766,0.9375607404639426
29172,38172,Medium,Medium,0.03447398976835595,0.03098404338946374,0.9345419668421803
9663,18663,Low,Low,0.033216302102418646,0.9324885438368851,0.03429515406069637
23279,32279,Medium,Medium,0.03488337858412391,0.03274681418210332,0.9323698072337727
2898,11898,Medium,Medium,0.03339517295926214,0.03142437597698514,0.9351804510637528
10807,19807,Low,Low,0.029427499356838718,0.9379488916126658,0.03262360903049547
34537,43537,Low,Low,0.03219674586275645,0.9181515411859492,0.04965171295129434
10797,19797,Medium,Medium,0.035846869576113924,0.0353382816807502,0.9288148487431358
20775,29775,Medium,Medium,0.03181964613160648,0.03040570997087468,0.9377746438975189
35091,44091,Low,Low,0.036922245833172954,0.9269686492881618,0.036109104878665275
15989,24989,Low,Low,0.03236661439798511,0.9304459387403522,0.03718744686166269
31079,40079,Medium,Medium,0.034845352788500865,0.041606431426987056,0.9235482157845122
34693,43693,Low,Low,0.030468438355994786,0.9380360662108352,0.031495495433169964
24732,33732,Medium,Medium,0.03628138214751078,0.03701211857351594,0.9267064992789734
8384,17384,Medium,Medium,0.03827690389648819,0.20161313532299108,0.7601099607805207
13521,22521,Medium,Medium,0.043336947841162154,0.08942847624812929,0.8672345759107084
26088,35088,Medium,Medium,0.03081456589334598,0.030039383136333406,0.9391460509703206
2275,11275,High,High,0.9293068550015811,0.036092875858908684,0.03460026913951017
28278,37278,Medium,Medium,0.03660148976230294,0.03957215236223419,0.923826357875463
6876,15876,Medium,Medium,0.034064029174510686,0.0325917144443938,0.9333442563810954
38220,47220,Medium,Medium,0.03296707092753905,0.032114335017500384,0.9349185940549605
33683,42683,Medium,Medium,0.031182835776201318,0.0329054246913228,0.9359117395324758
16433,25433,Low,Low,0.03522218724543685,0.9289566382390907,0.03582117451547255
33397,42397,Medium,Medium,0.03200195848852158,0.029702286202638067,0.9382957553088405
30493,39493,Low,Low,0.038512190145789625,0.5979119703948373,0.36357583945937305
27645,36645,Low,Low,0.035318882339900486,0.9304086800269046,0.03427243763319482
34351,43351,Medium,Medium,0.03310478376948108,0.03183513016347821,0.9350600860670406
39724,48724,Medium,Medium,0.031539139012095575,0.0347823693499641,0.9336784916379403
18738,27738,Medium,Medium,0.0317459692791194,0.03434225266775264,0.933911778053128
27563,36563,Medium,Medium,0.032738955638744814,0.03634277353256906,0.9309182708286862
3524,12524,Medium,Medium,0.03392784737764775,0.03293761616708862,0.9331345364552636
19460,28460,High,High,0.9330065228587396,0.03275018522087086,0.034243291920389544
38051,47051,Medium,Medium,0.22193205954748962,0.052276156904676026,0.7257917835478342
6496,15496,High,High,0.9325101474561296,0.03430900458200308,0.03318084796186743
24328,33328,Medium,Medium,0.03296922911993227,0.033992333899928236,0.9330384369801394
14781,23781,Medium,Medium,0.03438653632820635,0.030362462868261875,0.9352510008035319
20864,29864,Low,Low,0.03276332428865406,0.9325398304052159,0.03469684530612988
10778,19778,Medium,Medium,0.029444311841353692,0.030407733699759895,0.9401479544588863
20059,29059,Medium,Medium,0.03358415420554526,0.031657853826364914,0.9347579919680898
18322,27322,Medium,Medium,0.03400983800678687,0.03300150037681261,0.9329886616164006
37563,46563,High,High,0.9223799457959148,0.03975800287769625,0.03786205132638884
6432,15432,High,High,0.9367379322894013,0.02892538702093926,0.03433668068965945
34280,43280,Medium,Medium,0.030432161627677215,0.03065725327724836,0.9389105850950745
18134,27134,Medium,Medium,0.03511480583934152,0.03551036334938002,0.9293748308112785
36931,45931,Medium,Medium,0.039481163173050705,0.035690830914028644,0.9248280059129206
6557,15557,Low,Low,0.031498836250118754,0.9249136907248522,0.04358747302502906
25800,34800,Low,Low,0.032998958896236816,0.9314539063742527,0.03554713472951049
26946,35946,Low,Low,0.02996191463687684,0.9374788037845317,0.03255928157859153
9509,18509,Low,Low,0.033882106192587295,0.9287213573562166,0.037396536451196054
33776,42776,Medium,Medium,0.03249933131582799,0.03002911700770411,0.9374715516764679
11577,20577,Medium,Medium,0.053994106430437776,0.3169901647401599,0.6290157288294024
9144,18144,Low,Low,0.04116298012720311,0.4910040125607979,0.467833007311999
1618,10618,Medium,Medium,0.0499451360252802,0.03690847785425094,0.9131463861204688
7693,16693,Medium,Medium,0.03259237096279946,0.0304311291263408,0.9369764999108599
28847,37847,High,High,0.9340303181217257,0.03156924637262541,0.034400435505648884
38880,47880,High,High,0.9386210439116992,0.028977497831908394,0.032401458256392374
24734,33734,Low,Low,0.03246672636949756,0.9322456524165418,0.03528762121396062
14002,23002,Medium,Medium,0.034112618024238484,0.03465328163235584,0.9312341003434056
27529,36529,High,High,0.9244060916356963,0.0359049524449272,0.03968895591937644
7584,16584,Medium,Medium,0.03716037296914836,0.031132655986849694,0.9317069710440019
4301,13301,High,High,0.9290112515520708,0.032736443471122055,0.03825230497680718
19130,28130,Medium,Medium,0.03526331351857128,0.033466637397437514,0.9312700490839911
13605,22605,Low,Low,0.11616516942817272,0.8464959657339913,0.03733886483783593
22785,31785,Low,Medium,0.03595364109826548,0.03748655238187047,0.926559806519864
34587,43587,High,High,0.933467072118806,0.030046896488245763,0.03648603139294813
6796,15796,Medium,Medium,0.03210682756700562,0.03367453340925956,0.9342186390237348
18005,27005,High,High,0.9331881097658942,0.031553539593801055,0.03525835064030482
35394,44394,High,High,0.9327005556744122,0.032446944268739675,0.03485250005684814
25736,34736,Medium,Medium,0.03638831978679655,0.04946112465951765,0.9141505555536859
19639,28639,Low,Low,0.04138523323063903,0.6287523157714442,0.3298624509979167
36150,45150,Medium,Medium,0.030749652934439337,0.0316816953039002,0.9375686517616605
3962,12962,Medium,Low,0.0402160160302896,0.620153462976922,0.33963052099278834
24637,33637,Medium,Medium,0.031924564837523074,0.030491488683711584,0.9375839464787653
5531,14531,High,High,0.9349999518610786,0.0309271141920102,0.0340729339469113
29643,38643,High,Low,0.036480448790042135,0.9294419168183238,0.034077634391634005
37030,46030,Medium,Medium,0.03232143991167124,0.030187991149292843,0.9374905689390358
35534,44534,Low,Low,0.044276484794161186,0.8620455785330513,0.09367793667278747
11616,20616,Low,Low,0.034679151435337945,0.9288513095835634,0.036469538981098636
11579,20579,Medium,Medium,0.04420027563695735,0.1537633988749917,0.8020363254880509
28599,37599,High,High,0.9373118712479419,0.029811783036867573,0.032876345715190436
4505,13505,Medium,Medium,0.03277626503056091,0.0541939173387761,0.9130298176306629
12747,21747,High,High,0.7771128653080134,0.04290193529482585,0.17998519939716073
39666,48666,Low,Low,0.030489782759672374,0.9346109540843021,0.03489926315602552
876,9876,Medium,Medium,0.032392599798009555,0.032388176019998605,0.9352192241819918
38248,47248,Medium,Medium,0.034453897616544465,0.03469538314900562,0.9308507192344498
36484,45484,Low,Low,0.03666720445372439,0.9314756618596739,0.03185713368660178
12195,21195,Medium,Medium,0.03296665333213012,0.03209228333259183,0.934941063335278
12521,21521,Medium,Medium,0.030752522697658217,0.03045624079066864,0.9387912365116732
30355,39355,Low,Low,0.036609219366456835,0.9279977979509453,0.035392982682597905
23085,32085,Medium,Medium,0.036802797151617384,0.03482990504197118,0.9283672978064114
4106,13106,Medium,Medium,0.04050897093599989,0.03397701539280685,0.9255140136711932
22722,31722,Low,Low,0.036987600203420457,0.9239475090916383,0.03906489070494121
38001,47001,Medium,High,0.9384524936723228,0.02889875178357359,0.03264875454410359
2578,11578,Medium,Medium,0.029352369459889355,0.028941879972579354,0.9417057505675311
24036,33036,Medium,Medium,0.03135109528979118,0.029728331136949226,0.9389205735732595
32334,41334,Medium,Medium,0.03189051808620109,0.03327912266371877,0.9348303592500802
13586,22586,Medium,Medium,0.03441111950565807,0.036838300385099526,0.9287505801092424
34412,43412,Medium,Medium,0.03329919873329896,0.03403890196913516,0.9326618992975658
453,9453,Medium,Medium,0.03704380912169261,0.031379759798985295,0.9315764310793221
34513,43513,Medium,Medium,0.034169658607122705,0.03206567772858183,0.9337646636642954
36559,45559,Low,High,0.9364789309365796,0.03104196420387072,0.03247910485954957
96,9096,Low,Low,0.030950335011832322,0.934751887217104,0.03429777777106361
21783,30783,Medium,Medium,0.03266588443269856,0.03122850986699478,0.9361056057003067
19465,28465,Low,Low,0.03268528953655741,0.9315119166636494,0.03580279379979318
37311,46311,Low,Medium,0.03219410429066851,0.03152022802033215,0.9362856676889993
9696,18696,Medium,Medium,0.03276581042103833,0.031025907250277134,0.9362082823286846
23678,32678,Medium,Medium,0.03162695088855549,0.03259265609401142,0.9357803930174331
18073,27073,Medium,Medium,0.033748993977830107,0.030784347699639864,0.9354666583225301
10629,19629,Medium,Medium,0.03648566570327473,0.033997076986639486,0.9295172573100858
17826,26826,High,High,0.9296533740918721,0.030995285503472508,0.03935134040465541
5076,14076,Medium,Medium,0.034046732819497647,0.032204173414856235,0.9337490937656461
4129,13129,High,High,0.9364011278659179,0.0312356250830703,0.03236324705101178
1384,10384,High,High,0.9267448378441526,0.030673693532593707,0.04258146862325363
20106,29106,High,High,0.9357415337957162,0.03131089672467169,0.032947569479612054
23441,32441,Medium,Medium,0.03838910065043636,0.03238623895787377,0.9292246603916899
449,9449,Low,Medium,0.03214068759654021,0.030055934896949008,0.9378033775065108
3090,12090,Low,Low,0.03303672047643708,0.9311662545178967,0.035797025005666235
12742,21742,Low,Low,0.03152755845407231,0.9351409109915418,0.033331530554385945
32968,41968,Low,Low,0.032431441947046634,0.928873002460632,0.038695555592321386
27449,36449,High,High,0.9382981833427294,0.03042297639346152,0.0312788402638091
36256,45256,Medium,Medium,0.04013737246382327,0.0417688795804255,0.9180937479557513
32055,41055,High,High,0.9284244974621311,0.033005750189520115,0.0385697523483489
13120,22120,High,High,0.9371846649648656,0.03081977620350662,0.03199555883162773
13861,22861,Medium,Medium,0.03330533671255223,0.03311049858141152,0.9335841647060362
7017,16017,Medium,Medium,0.042942877805268426,0.03333767959572917,0.9237194425990024
39244,48244,Medium,Medium,0.03576153763148124,0.19819343466185133,0.7660450277066674
9147,18147,High,High,0.937451081798567,0.029856712074494026,0.032692206126939
22296,31296,Low,Low,0.03073642376515909,0.9351002428633891,0.034163333371451804
13163,22163,Low,Low,0.03298899374994888,0.9205129583365799,0.046498047913471195
21961,30961,Low,Low,0.031355028292544516,0.9268540477489742,0.04179092395848125
10032,19032,Medium,Medium,0.028951827747200648,0.02848160384070531,0.942566568412094
8545,17545,Low,Low,0.035099362474401034,0.9303822824037328,0.03451835512186605
30755,39755,Medium,Medium,0.030774578755232717,0.030671060397418043,0.9385543608473492
9895,18895,Medium,Medium,0.03422442157976365,0.033925379840462205,0.9318501985797741
15214,24214,High,High,0.9389248699903634,0.029368652154849934,0.03170647785478673
33214,42214,High,High,0.9358705264723891,0.031581281998372734,0.03254819152923835
13154,22154,Medium,Medium,0.031953674876641795,0.03405030084596661,0.9339960242773916
7980,16980,High,High,0.9345109625693802,0.02983977790281113,0.03564925952780875
9255,18255,Medium,Medium,0.032261478014701556,0.03041647787032911,0.9373220441149694
31247,40247,Medium,Medium,0.03570949557625246,0.06775736116489763,0.8965331432588499
4943,13943,Low,Low,0.03012698305841355,0.9279399389664826,0.04193307797510373
20444,29444,High,High,0.9367131010369993,0.02937787647998082,0.033909022483019774
37827,46827,Low,High,0.9340929383273783,0.03208603734361678,0.03382102432900489
18613,27613,High,High,0.9332368485548996,0.031513515832594444,0.035249635612506006
39455,48455,High,High,0.9350245712238383,0.03157147740023713,0.033403951375924536
14003,23003,Medium,Medium,0.034237416616258155,0.030957016215182098,0.9348055671685597
3263,12263,Medium,Medium,0.030895945575929926,0.029656312937375556,0.9394477414866946
30852,39852,Low,Low,0.032599639383321756,0.9323231507545643,0.03507720986211393
34303,43303,High,High,0.9318413432219366,0.03355540844003383,0.03460324833802964
18557,27557,Low,Low,0.03112295029652618,0.9307006614793579,0.03817638822411587
6137,15137,High,High,0.936955520088078,0.029707905455517283,0.03333657445640475
35890,44890,High,Low,0.029397840364816307,0.9400761135961192,0.030526046039064423
9755,18755,Medium,Medium,0.030831059008204386,0.03104998089616412,0.9381189600956316
215,9215,Medium,Medium,0.029727463972768833,0.029863263165540194,0.940409272861691
2146,11146,Low,Low,0.030930110692216465,0.9353631200380441,0.03370676926973931
21669,30669,High,High,0.9310155368527336,0.031086179816801344,0.03789828333046503
35433,44433,Medium,Medium,0.03153548169852522,0.03582918377709593,0.9326353345243789
10714,19714,Medium,Medium,0.03385083780757503,0.037992491212781004,0.9281566709796439
8874,17874,Low,Low,0.0327938923344429,0.9353053597960904,0.03190074786946663
37070,46070,Medium,Medium,0.03311552139541805,0.03413450832986786,0.9327499702747142
22827,31827,Medium,Medium,0.035770227412346624,0.03538372154695751,0.9288460510406958
34428,43428,High,High,0.9404448074979611,0.028494392381706354,0.031060800120332615
18427,27427,Medium,Medium,0.03447772553199003,0.032979478722281956,0.9325427957457281
6510,15510,Medium,High,0.9320675525066853,0.03467760248413171,0.033254845009183014
35833,44833,Low,Low,0.03165227225842555,0.9344613919689543,0.03388633577262023
15628,24628,Low,Low,0.02943061626594648,0.9369856644023598,0.03358371933169387
2200,11200,High,High,0.9366538588538579,0.029568008077624188,0.03377813306851787
4565,13565,Low,Low,0.03363799374377047,0.9332908389889559,0.03307116726727375
22733,31733,Low,Low,0.036831697399777624,0.9047738980485006,0.05839440455172177
4119,13119,Medium,Medium,0.02942017614090628,0.030536985854303016,0.9400428380047906
26222,35222,Medium,Medium,0.03325922733743456,0.030804742974711138,0.9359360296878543
24693,33693,High,High,0.9347586509042842,0.030926724763307562,0.03431462433240814
5596,14596,Medium,Medium,0.03286771589877698,0.03094113044387066,0.9361911536573523
27756,36756,High,High,0.9288527505997525,0.03461669438049037,0.03653055501975724
17333,26333,Medium,Medium,0.034266520834322266,0.03303128073949976,0.932702198426178
13362,22362,Low,Low,0.030605485163714873,0.9348332565945286,0.03456125824175645
22666,31666,High,High,0.9285335581795963,0.03145486248920125,0.040011579331202446
28975,37975,Low,Low,0.03319020843644982,0.9307166543119951,0.03609313725155519
18165,27165,Low,Low,0.037470686366546206,0.9226230123149896,0.03990630131846428
16017,25017,High,High,0.9149859366110036,0.03550487454893448,0.049509188840061995
29994,38994,Medium,Medium,0.03179894863163078,0.03158743799061218,0.9366136133777571
8110,17110,Medium,Medium,0.03354394059884225,0.031014428358440923,0.9354416310427168
21596,30596,Low,Low,0.029625020964998347,0.9384243247042937,0.03195065433070791
27372,36372,Low,Low,0.030043357604136327,0.9377561210554424,0.03220052134042128
15156,24156,Medium,Medium,0.032786824069868464,0.030706409915075342,0.9365067660150562
31377,40377,Medium,Medium,0.03167999866014127,0.03451019539298478,0.9338098059468739
37203,46203,High,High,0.9313950176846398,0.030882763556381115,0.03772221875897896
17717,26717,High,High,0.9367814976428868,0.029287105432603915,0.03393139692450927
33945,42945,Low,Low,0.031044978722415118,0.9334470829906878,0.03550793828689708
12183,21183,Low,Low,0.030684580068899237,0.9379985190204768,0.031316900910623814
2495,11495,Medium,Medium,0.03173136709264558,0.03107402329758492,0.9371946096097695
30659,39659,High,High,0.9280224231307802,0.03279298936923941,0.03918458749998049
27049,36049,Medium,Medium,0.03202196904795777,0.03532978685560311,0.9326482440964391
12473,21473,High,Medium,0.03187166475986035,0.031682811031510764,0.9364455242086288
38416,47416,High,High,0.9360189546337766,0.030958377753917497,0.033022667612305996
39616,48616,Low,Low,0.03502022304391866,0.9288969407067351,0.0360828362493462
13447,22447,Medium,Medium,0.03606664136963497,0.031406922789038755,0.9325264358413263
695,9695,Low,Low,0.02908250146931177,0.937408190762344,0.03350930776834412
27180,36180,Medium,Medium,0.030907304515395306,0.03427305274434712,0.9348196427402575
3794,12794,Medium,Medium,0.030482025713643005,0.02925084300878739,0.9402671312775697
38062,47062,High,High,0.9384978853881228,0.0289993534737981,0.032502761138079046
746,9746,Low,Low,0.02995011383176079,0.9373033429307812,0.032746543237457924
4052,13052,High,High,0.932653389281854,0.030700980592511706,0.036645630125634356
35557,44557,High,High,0.9393768438267515,0.028932355332230725,0.03169080084101784
4118,13118,High,High,0.9374901535677983,0.028976289350600915,0.033533557081600746
793,9793,Low,Low,0.03058813583837952,0.9343680774743879,0.03504378668723263
17872,26872,Low,Low,0.03796794672235509,0.9264030981476675,0.035628955129977345
767,9767,Medium,Medium,0.03276923099303733,0.03377374241208605,0.9334570265948766
29382,38382,Medium,Medium,0.03419173776585869,0.03493016429765702,0.9308780979364842
1649,10649,Low,Low,0.030122475897989536,0.933399731644041,0.03647779245796947
4829,13829,Medium,Medium,0.03809780106045248,0.04035456020487977,0.9215476387346677
8774,17774,High,High,0.9340017405884339,0.03319508623256212,0.03280317317900409
14418,23418,High,High,0.9330580555754953,0.031730730290447096,0.035211214134057756
14584,23584,Low,Low,0.030934608180526707,0.9304649676280868,0.03860042419138649
2827,11827,Medium,Medium,0.03179194930437236,0.033356234351392754,0.9348518163442349
984,9984,Low,Low,0.03173769624911189,0.9330018151119446,0.03526048863894355
9508,18508,Low,Low,0.03553193593081303,0.9279351983024613,0.03653286576672562
9526,18526,Medium,Medium,0.1435691943024249,0.06045408344293135,0.7959767222546438
13798,22798,High,High,0.9364310033681581,0.030575636910651034,0.03299335972119081
571,9571,High,High,0.9354005271823733,0.03082520226461594,0.03377427055301075
20276,29276,High,High,0.9276381063269362,0.03581683334501422,0.03654506032804943
21557,30557,High,High,0.9308532389666065,0.032412223432035446,0.03673453760135801
36560,45560,Medium,Medium,0.031888766989849195,0.03503969625782117,0.9330715367523297
36634,45634,Medium,Medium,0.03517289878160331,0.032717348782589396,0.9321097524358072
9240,18240,High,High,0.9279938337141785,0.03236179421762306,0.03964437206819827
37645,46645,High,High,0.9320652535777579,0.031777755512274526,0.036156990909967636
32973,41973,High,High,0.9348239618762845,0.03172295534575075,0.03345308277796482
5963,14963,Medium,Medium,0.030385236277909244,0.03001793241841258,0.9395968313036782
29090,38090,Medium,Medium,0.030613150132660527,0.030600554070292347,0.9387862957970472
35277,44277,Medium,Medium,0.029327591365910274,0.02980194157869406,0.9408704670553957
28751,37751,Medium,Medium,0.03072575957912237,0.029357744989520634,0.9399164954313569
11389,20389,Medium,Medium,0.03333683627777178,0.03273415424917356,0.9339290094730547
10333,19333,High,High,0.9382252895198997,0.029776147919981216,0.031998562560118994
29299,38299,Low,Low,0.029971888072665053,0.9355766095613499,0.0344515023659851
32658,41658,Medium,Medium,0.031456800967266316,0.0307338703793731,0.9378093286533605
4680,13680,Medium,High,0.9279555587036533,0.033087003438868993,0.038957437857477704
9360,18360,High,High,0.9396042422662972,0.02840630240299251,0.03198945533071023
35146,44146,Medium,Medium,0.03606028894955435,0.03544806931453975,0.9284916417359058
24965,33965,Medium,Medium,0.03835003591793703,0.03723157236373511,0.9244183917183278
12540,21540,Medium,Medium,0.03980239053695001,0.030214341337998645,0.9299832681250514
12028,21028,Low,Low,0.03418776045538827,0.930738553586214,0.035073685958397605
19655,28655,High,High,0.9322082296117294,0.03290328934674091,0.0348884810415296
2120,11120,Medium,Medium,0.0325673719632853,0.03249953115833488,0.9349330968783799
6087,15087,Low,Medium,0.032412779746808056,0.033393540264652743,0.9341936799885392
29140,38140,Low,Low,0.033640828686183864,0.9303696156899489,0.035989555623867346
26269,35269,Low,Low,0.03041530087150592,0.9352492741482473,0.03433542498024677
35754,44754,Medium,Medium,0.03140833223089374,0.03193298534058805,0.9366586824285182
2572,11572,High,High,0.9005467515991108,0.057434816627627894,0.04201843177326133
10584,19584,Medium,Medium,0.2567801486875361,0.03986233133353998,0.7033575199789238
22498,31498,Medium,Medium,0.03798396698146427,0.06020965028852469,0.9018063827300109
24431,33431,Low,Low,0.0326003170097184,0.9354272939344036,0.03197238905587806
16375,25375,Medium,Medium,0.0765395525730595,0.03394596505282846,0.889514482374112
36632,45632,Medium,Medium,0.03145307260512396,0.03129573198903377,0.9372511954058421
26366,35366,Medium,Medium,0.032386822226752286,0.03190725564193701,0.9357059221313105
5257,14257,Low,Low,0.031077307959704956,0.9367137491861063,0.03220894285418863
19105,28105,Medium,Medium,0.03627400205223207,0.03086234720274736,0.9328636507450206
11965,20965,Low,Low,0.030566738765202398,0.9293153992828564,0.04011786195194123
33428,42428,Medium,Medium,0.040687198834115194,0.3999164245060031,0.5593963766598817
32657,41657,Medium,Medium,0.034601236032720924,0.03646196728795315,0.9289367966793259
27804,36804,High,High,0.9178659387348027,0.03551371758956334,0.046620343675633995
30952,39952,Low,Low,0.030080781611498002,0.9334534368663349,0.036465781522167125
20898,29898,Medium,Medium,0.033464306391969206,0.03381410529263912,0.9327215883153915
35760,44760,High,High,0.935908896734289,0.03006687356371869,0.03402422970199236
31202,40202,Medium,Medium,0.03173260501377883,0.03266430417799258,0.9356030908082288
26051,35051,Low,Low,0.041810881271171024,0.6359480044921482,0.3222411142366808
27906,36906,High,High,0.9085033111105344,0.038469686471093896,0.05302700241837168
34755,43755,Medium,Medium,0.03678631307007394,0.032874666396782624,0.9303390205331433
2178,11178,Medium,Medium,0.10029861958520692,0.04514956634818426,0.8545518140666087
2213,11213,Medium,Medium,0.032426926799569024,0.031160495341024247,0.9364125778594067
2399,11399,Low,Low,0.037746211293666086,0.9288733721766387,0.03338041652969507
32135,41135,Low,Low,0.03041393018542825,0.9363985207589328,0.0331875490556389
23437,32437,Medium,Medium,0.031716240367834575,0.03772666473065627,0.9305570949015092
5887,14887,Medium,Medium,0.044924631603646785,0.03965824782560225,0.915417120570751
3531,12531,Low,Low,0.0327837882994959,0.9337081556511683,0.0335080560493358
9202,18202,Low,Low,0.03040988763974285,0.9324582712738891,0.03713184108636794
37356,46356,Low,Medium,0.03848760792092805,0.033747557074721546,0.9277648350043504
4868,13868,High,High,0.9282389390061279,0.03609940539699896,0.035661655596873156
23790,32790,Medium,Medium,0.037903746367511676,0.03274101861253397,0.9293552350199543
21400,30400,Medium,Medium,0.03358681917139345,0.02957518618327476,0.9368379946453317
24072,33072,High,High,0.9312988076532233,0.034316856593190184,0.03438433575358663
33802,42802,High,High,0.9248050771032971,0.03531541273349886,0.03987951016320407
13700,22700,Low,Medium,0.03161059901347529,0.032518354445590016,0.9358710465409347
24125,33125,Low,Low,0.032464659256473676,0.9319564899858458,0.03557885075768058
27734,36734,Medium,Medium,0.032666566045362826,0.029910571432523878,0.9374228625221134
32982,41982,Medium,Medium,0.03355951473984719,0.030138539688258886,0.936301945571894
5441,14441,Low,Low,0.031014416986172882,0.9351829850669574,0.03380259794686968
3137,12137,Medium,Medium,0.03935512241320734,0.03505043351327381,0.9255944440735188
32373,41373,High,High,0.9284977564572588,0.03373722330590539,0.037765020236835804
5540,14540,Low,Medium,0.03368741416285342,0.032564662261282046,0.9337479235758644
22761,31761,Medium,Medium,0.03419997020227827,0.03779322103186238,0.9280068087658594
5398,14398,Medium,Medium,0.032863629227066316,0.031100188642036827,0.936036182130897
1583,10583,Medium,Medium,0.030849122712821447,0.03231532253256227,0.9368355547546163
34026,43026,Medium,Medium,0.033873433213264886,0.03165059634321336,0.9344759704435218
22611,31611,High,High,0.9308051635342457,0.03212337300840213,0.037071463457352107
13889,22889,Medium,Medium,0.032223280157333535,0.030787212621102775,0.9369895072215636
12919,21919,High,High,0.9361679604061804,0.031087695128237874,0.0327443444655817
32911,41911,Medium,Medium,0.035124630077497075,0.03184588609864547,0.9330294838238574
13457,22457,Medium,Medium,0.030267676756413047,0.03016276570998394,0.9395695575336029
4009,13009,Low,Low,0.03244588018167218,0.9340228813735089,0.03353123844481898
9135,18135,Low,Low,0.03123702645790491,0.9328307678709497,0.03593220567114538
7825,16825,Medium,Medium,0.03446164484485194,0.0329228283292534,0.9326155268258947
19042,28042,High,High,0.9307920092515353,0.0369083376144501,0.03229965313401458
36806,45806,High,Medium,0.10593940071634478,0.0442415514770513,0.8498190478066038
11489,20489,High,High,0.9351745073659479,0.030731186606002974,0.034094306028049186
4705,13705,High,High,0.9319455626195591,0.033721317319681816,0.03433312006075917
12891,21891,Medium,Medium,0.03125778200002813,0.04260444164412186,0.92613777635585
17298,26298,Medium,Medium,0.03485356473521348,0.032252404180031495,0.932894031084755
26407,35407,Medium,Medium,0.03167378203933747,0.03962112764600024,0.9287050903146623
3482,12482,Medium,Medium,0.034134333489421874,0.03242022717230153,0.9334454393382767
33050,42050,Low,Low,0.030090280272469905,0.9364627023843267,0.033447017343203496
31793,40793,Medium,Medium,0.03477352630907098,0.03243549487085643,0.9327909788200727
28400,37400,Medium,Medium,0.03476521361601034,0.03667725171882555,0.9285575346651641
13817,22817,High,Medium,0.030878214889896078,0.02928727032310995,0.9398345147869939
6771,15771,High,High,0.9383774791920555,0.030345200566168806,0.031277320241775534
19590,28590,High,High,0.9301698389956825,0.032795520912856285,0.03703464009146123
26403,35403,Medium,Medium,0.031164178573105678,0.031642212711938934,0.9371936087149555
9180,18180,High,High,0.9360921024796823,0.03161589217745692,0.03229200534286076
5765,14765,Low,Low,0.034241524436111,0.9338362505729764,0.03192222499091271
29618,38618,High,High,0.655848381532134,0.046257092310604875,0.2978945261572612
32769,41769,Low,Low,0.034053613690217976,0.9148018449050151,0.05114454140476693
18873,27873,Medium,Medium,0.03545056998726286,0.041452937000335276,0.9230964930124018
18889,27889,Medium,Medium,0.031938105974294397,0.03505888406224028,0.9330030099634653
9710,18710,Low,Low,0.03474579135175554,0.913808864016754,0.05144534463149044
24869,33869,Low,Low,0.03099993211388265,0.9364987278440724,0.032501340042044975
37090,46090,High,High,0.9304151236138184,0.03423345150233644,0.03535142488384513
7567,16567,High,Medium,0.032442575640183734,0.030879261414028872,0.9366781629457873
12527,21527,High,Low,0.031462933117527105,0.9346751843527619,0.033861882529711125
12191,21191,High,High,0.9266300828837418,0.034303496237700994,0.03906642087855716
9274,18274,Medium,Medium,0.030165268758247626,0.029061393033146258,0.9407733382086061
31613,40613,High,High,0.9013368453524143,0.032760218606766846,0.06590293604081886
31150,40150,Medium,Medium,0.033289435327979615,0.03180179329072866,0.9349087713812917
16547,25547,Low,Low,0.03245644859802737,0.9290985866611111,0.038444964740861474
37109,46109,High,High,0.9369763398136709,0.02957950015465433,0.0334441600316749
25131,34131,High,Low,0.03925516318488073,0.6553843325289627,0.30536050428615663
2058,11058,Low,Low,0.039665475094510176,0.788995687774908,0.17133883713058184
16848,25848,Low,Low,0.044193086363414624,0.8360609260709727,0.11974598756561265
37229,46229,High,High,0.9244825051747702,0.03495683102811342,0.04056066379711646
13583,22583,Low,High,0.9327738493653079,0.0330833516514851,0.03414279898320705
36620,45620,Medium,Medium,0.030392094147433758,0.030661086885150093,0.9389468189674162
25677,34677,Medium,Low,0.03134507432125857,0.9337308471257741,0.0349240785529673
39808,48808,Low,Low,0.042083256255988515,0.7706470337058319,0.18726971003817947
5430,14430,Medium,Medium,0.029786405613650233,0.03154592186712589,0.9386676725192239
26570,35570,Low,Low,0.034102938637997925,0.9288304764289004,0.03706658493310163
34617,43617,Low,Low,0.030030326650121075,0.9348420445197108,0.03512762883016809
3330,12330,Medium,High,0.9374082116537584,0.029924599291490588,0.03266718905475104
32756,41756,Low,Low,0.03245315435518297,0.9282126665507059,0.03933417909411117
8064,17064,High,High,0.9370032019004073,0.030119727376934437,0.03287707072265828
26907,35907,High,High,0.9334704699515736,0.03279681325493669,0.033732716793489735
23596,32596,Low,Low,0.03608126418632485,0.9282048296254959,0.035713906188179184
4632,13632,Low,Low,0.02945263167626781,0.9394261339461821,0.03112123437755
28281,37281,Medium,Medium,0.033170774357603225,0.034020793798954806,0.9328084318434421
21630,30630,Medium,Medium,0.029759275704329277,0.030836446870148384,0.9394042774255222
16494,25494,Low,Low,0.06681546847116689,0.8915000399942441,0.04168449153458894
24330,33330,Medium,Medium,0.03320837465001583,0.03586108374394629,0.9309305416060378
18477,27477,High,Medium,0.0308507264107179,0.029756066200706182,0.9393932073885759
9560,18560,Low,Low,0.029661080625083325,0.9374243482354263,0.032914571139490256
27227,36227,Medium,Medium,0.03384332092772639,0.03211493361925922,0.9340417454530142
29194,38194,Medium,Medium,0.037630363636836424,0.03529078221873997,0.9270788541444235
17236,26236,High,High,0.9289503105915914,0.03430494277649696,0.03674474663191167
10313,19313,Medium,Medium,0.04417406862460124,0.21929536186377482,0.7365305695116239
16094,25094,Medium,Medium,0.03178452972947047,0.03046420737619691,0.9377512628943325
22303,31303,Low,Low,0.03726893990220332,0.9291819178620129,0.03354914223578378
22713,31713,Medium,Medium,0.03913521419135691,0.035895678270803734,0.9249691075378395
9193,18193,High,High,0.9374803479441889,0.029703965212016275,0.032815686843794746
12934,21934,Low,Low,0.036946202452683506,0.9289203707627398,0.034133426784576724
1222,10222,Medium,Medium,0.0429728524082629,0.03157247824259265,0.9254546693491444
39382,48382,Low,Low,0.029881598208375177,0.932229720667606,0.037888681124018865
32013,41013,Medium,Medium,0.03544106957863559,0.11313805642792514,0.8514208739934391
20112,29112,High,High,0.9327550787026517,0.0324359881338308,0.03480893316351741
9820,18820,Medium,Medium,0.034685714129297475,0.036270143174395114,0.9290441426963074
18202,27202,Medium,Medium,0.032097465063730145,0.028820469677457303,0.9390820652588125
32362,41362,High,High,0.9344163307253179,0.02942773852626343,0.0361559307484185
21994,30994,Low,Low,0.03190629088986134,0.9337116380826919,0.03438207102744674
9715,18715,High,High,0.9362126433922304,0.029691372872522662,0.034095983735246825
3660,12660,Medium,Medium,0.03411367457600392,0.037301028814072046,0.9285852966099241
38771,47771,Medium,Medium,0.032753942099150994,0.051729178354760104,0.915516879546089
17259,26259,High,Low,0.03165533723931177,0.935564655155991,0.03278000760469733
16859,25859,Medium,Medium,0.03323694076830358,0.03365242169589638,0.9331106375357999
812,9812,Low,Low,0.03443027710145786,0.9159935573595942,0.04957616553894801
35374,44374,High,High,0.9359222469302128,0.030935241139126254,0.033142511930661006
3289,12289,Low,Low,0.03040818129380406,0.9271899277335846,0.04240189097261137
24736,33736,Low,Low,0.04611949424819189,0.571298150310671,0.382582355441137
38024,47024,Medium,Medium,0.03303850422606166,0.03072078415060024,0.9362407116233381
16898,25898,Low,Low,0.03137152140684084,0.9344790172954213,0.034149461297737896
24658,33658,Medium,Medium,0.031850194238821745,0.03422145013085814,0.9339283556303201
13770,22770,Low,Low,0.03131713494049063,0.9363511336425984,0.03233173141691092
18947,27947,Low,Low,0.04742817139318784,0.9179877094206318,0.03458411918618038
21087,30087,Medium,Medium,0.033516802360351136,0.03486258415942143,0.9316206134802275
7366,16366,Medium,Medium,0.032701271434799645,0.0321443542751414,0.9351543742900589
18758,27758,Medium,Medium,0.035913250787079146,0.036820695317085414,0.9272660538958354
31563,40563,Low,Low,0.02997132169223039,0.9313140947091854,0.038714583598584346
2601,11601,Medium,Medium,0.033498760829497494,0.031089926218108188,0.9354113129523943
38730,47730,Medium,Medium,0.031794995128320985,0.030276651883857263,0.9379283529878216
26987,35987,Medium,Medium,0.029689114192499214,0.03017293622619371,0.9401379495813069
6881,15881,Low,Low,0.030943471447933173,0.9316049329096247,0.03745159564244214
23182,32182,High,Low,0.030592694566862588,0.9316335290810084,0.03777377635212911
28421,37421,Medium,Medium,0.03159714894758805,0.0688877126253787,0.8995151384270331
34982,43982,Low,Low,0.03989463733527269,0.9181353450675669,0.04197001759716049
37883,46883,Low,Low,0.03250947794445648,0.9332824696568053,0.03420805239873811
22633,31633,Low,Low,0.030288540790673193,0.9334253599767653,0.03628609923256151
12078,21078,Medium,Medium,0.03359735204694444,0.03203213379588893,0.9343705141571667
21105,30105,Low,Low,0.0332169275105137,0.9327115504946032,0.03407152199488305
23405,32405,Low,Low,0.03297144337218803,0.9338000681843505,0.0332284884434614
33172,42172,Medium,Medium,0.030049529900520483,0.029899920664143546,0.9400505494353361
21741,30741,Medium,Medium,0.029954077023774173,0.031109581698917203,0.9389363412773086
29284,38284,Medium,High,0.9199881025034665,0.04065334377951462,0.039358553717018956
28247,37247,High,High,0.8759033170455496,0.04357340371121565,0.08052327924323469
7870,16870,Low,Medium,0.03936570053939545,0.35991212641364195,0.6007221730469626
2427,11427,Medium,Medium,0.033779649817604944,0.03788594904724157,0.9283344011351535
29534,38534,Medium,Medium,0.03289507154564591,0.033900854275002563,0.9332040741793516
19860,28860,Low,Low,0.031919746733331304,0.9332764532382812,0.03480380002838749
3401,12401,Low,Medium,0.03619776080583693,0.03958909958544812,0.9242131396087149
29079,38079,Medium,Medium,0.12102881565328925,0.03518232687774672,0.8437888574689641
14316,23316,Low,Low,0.032961909092044446,0.9341426280608548,0.03289546284710077
24474,33474,Medium,Medium,0.032725589075844184,0.058064342674174985,0.909210068249981
32262,41262,High,High,0.9248308975450247,0.03981176859654331,0.035357333858431976
28024,37024,Medium,Medium,0.03624215736513176,0.038287865408572014,0.9254699772262963
3682,12682,Medium,Medium,0.032318840134786336,0.029817854915167433,0.9378633049500462
24858,33858,High,High,0.9244700570594558,0.03953552183178232,0.03599442110876188
21423,30423,Medium,Medium,0.03346279674926262,0.030991360133769793,0.9355458431169675
2160,11160,High,High,0.9334860193044063,0.033343091064373005,0.033170889631220564
28752,37752,High,High,0.9355494755536805,0.03259477503173229,0.03185574941458708
3787,12787,Medium,Medium,0.038486763146771547,0.030482838695191094,0.9310303981580373
31354,40354,Medium,Medium,0.03647841265224669,0.034080341234772,0.9294412461129814
20377,29377,High,High,0.9316346890178869,0.032001368145927335,0.03636394283618584
22730,31730,Medium,Medium,0.034640922005720866,0.031876580875782275,0.9334824971184968
31368,40368,Medium,Medium,0.039693569972556596,0.04048875338032759,0.9198176766471158
33959,42959,High,High,0.9333995327591321,0.031424485083037364,0.03517598215783053
38103,47103,High,High,0.9369911298913577,0.030894554652260514,0.03211431545638167
28433,37433,High,High,0.93096118260391,0.030979798485793436,0.03805901891029653
10882,19882,High,High,0.8918852774555871,0.035996579860691914,0.07211814268372108
4266,13266,Low,Low,0.033042685736778064,0.9324922395666727,0.0344650746965492
27747,36747,Medium,Medium,0.03334402773656324,0.03489267645380864,0.9317632958096281
14130,23130,Medium,Medium,0.033986736637516037,0.034468734904358624,0.9315445284581254
1692,10692,Low,Low,0.03290995839343159,0.9059331328011656,0.06115690880540301
4806,13806,Medium,Medium,0.034914425218475015,0.035111429173596644,0.9299741456079283
7481,16481,High,High,0.9329039710683206,0.034547147235639376,0.03254888169604011
20688,29688,Medium,Medium,0.03166140828719093,0.030101219634524456,0.9382373720782846
8717,17717,Medium,Medium,0.03047075342406827,0.03203225138681781,0.937496995189114
12435,21435,High,High,0.926743646823149,0.035711750509142735,0.037544602667708156
10913,19913,Medium,Medium,0.032273304162226596,0.02995862145143252,0.9377680743863409
8139,17139,Medium,Medium,0.04066586831207763,0.03308584575356655,0.9262482859343558
3033,12033,Medium,Medium,0.03385698067602192,0.029936090483131644,0.9362069288408463
12912,21912,Medium,Medium,0.030593908542876264,0.030081010434920733,0.9393250810222029
23413,32413,Medium,Low,0.029962091925932886,0.9368909048578945,0.03314700321617259
33863,42863,Medium,Medium,0.033066044389048165,0.0328461971084073,0.9340877585025446
26551,35551,Medium,Medium,0.04845603187660736,0.2380832607201504,0.7134607074032422
1152,10152,Low,Low,0.030202428341684417,0.9382880771678567,0.03150949449045892
3223,12223,Medium,Medium,0.03217462217354211,0.03293960784078823,0.9348857699856697
22903,31903,Medium,Medium,0.03850158340030942,0.03459985456642009,0.9268985620332706
13307,22307,Medium,Medium,0.030770721088568653,0.02975356445783354,0.9394757144535978
24209,33209,Low,Low,0.03751107123754544,0.9288545314101069,0.033634397352347696
15967,24967,Medium,Medium,0.03452752948183998,0.036799617898885244,0.9286728526192748
20428,29428,High,High,0.9323437796076739,0.03299906016754637,0.03465716022477974
35674,44674,High,High,0.9347643514913481,0.0329572337609853,0.032278414747666406
13616,22616,Medium,Medium,0.02904299269435956,0.02948793889765229,0.9414690684079882
37960,46960,Low,Low,0.03210086546022598,0.9255788677478551,0.042320266791918935
21525,30525,Medium,Medium,0.03175298121787509,0.03133162459018044,0.9369153941919445
32569,41569,Medium,Medium,0.03418928262356002,0.03416391709523346,0.9316468002812065
19137,28137,Medium,Medium,0.036718496237622245,0.030542049231568308,0.9327394545308095
25054,34054,High,High,0.9243751024766329,0.043268476111989584,0.03235642141137742
17467,26467,Low,Low,0.02946227403562793,0.9380845388966156,0.032453187067756566
20722,29722,Medium,Medium,0.03140773430866626,0.029361959173032418,0.9392303065183013
34661,43661,Low,Low,0.0303974488550713,0.9383215395549495,0.031281011589979195
15488,24488,High,High,0.5915697712343727,0.04755086572369621,0.36087936304193097
17787,26787,Medium,Medium,0.03485045772450913,0.03146341371217573,0.933686128563315
12580,21580,Medium,Medium,0.03708003986202279,0.03227025960841614,0.930649700529561
9109,18109,Medium,Medium,0.03556947737475014,0.03387575589692052,0.9305547667283295
20880,29880,Medium,Medium,0.03055527044175893,0.029825623020210964,0.93961910653803
8814,17814,High,High,0.9322568836367559,0.03178706787318502,0.035956048490059234
8505,17505,High,High,0.9330608766011402,0.03267057348460435,0.03426854991425549
18280,27280,Medium,Medium,0.05395345349301305,0.03740420793572941,0.9086423385712575
15947,24947,Medium,Medium,0.03436379731432032,0.032737627874723015,0.9328985748109568
16064,25064,Medium,Medium,0.03472356237870394,0.03258482252747588,0.9326916150938201
6894,15894,High,High,0.9326621384153905,0.03029153314121437,0.037046328443395234
4566,13566,Medium,Medium,0.02956014486131236,0.029395853445297864,0.9410440016933898
9908,18908,Low,Low,0.03389904598811591,0.9190745987279164,0.04702635528396775
28041,37041,Medium,Medium,0.03206271713086784,0.032582239317520585,0.9353550435516116
1253,10253,Low,Low,0.0332465274058952,0.9350252260699278,0.03172824652417703
2250,11250,Low,Low,0.029281094472347512,0.936995213314242,0.03372369221341041
19623,28623,Medium,Medium,0.03168027348880829,0.03017379774365973,0.9381459287675321
1381,10381,Low,Low,0.033137490914336785,0.9300286597890755,0.03683384929658783
17257,26257,Medium,Medium,0.03345610714753478,0.03520581807423372,0.9313380747782315
14474,23474,Medium,Medium,0.03876961973363722,0.03148559008193506,0.9297447901844277
23385,32385,Medium,Medium,0.03914948023271749,0.03142754265329742,0.929422977113985
35057,44057,Medium,Medium,0.04030393474121884,0.033784123281330035,0.9259119419774512
15085,24085,Low,Low,0.03468320585109156,0.9290757787312037,0.036241015417704615
14745,23745,Medium,Medium,0.032196596537344635,0.030694360913275546,0.9371090425493799
32431,41431,Medium,Low,0.03458679016926133,0.8480603958857614,0.11735281394497721
32199,41199,Low,High,0.9212734659555567,0.03811495111079588,0.040611582933647465
3862,12862,Low,Low,0.044948495329867034,0.7413232717719875,0.21372823289814538
18609,27609,Low,Low,0.03794421270387086,0.6039155321920833,0.35814025510404585
30245,39245,High,High,0.9381979707539504,0.029731792298665058,0.03207023694738461
14561,23561,Medium,Medium,0.037405685294647835,0.29121399749629384,0.6713803172090583
22628,31628,Low,Low,0.035205404003564214,0.9316402643817385,0.03315433161469721
11423,20423,Medium,Medium,0.03773162208864048,0.03727972961491991,0.9249886482964396
2123,11123,Low,Low,0.030151640989067644,0.9296933402479661,0.040155018762966156
14964,23964,Low,Low,0.03399136877694314,0.9296053057640422,0.03640332545901467
7044,16044,Medium,Medium,0.030475757197314837,0.03305102451725767,0.9364732182854275
28321,37321,Medium,Medium,0.035206577812095886,0.031186525351892144,0.933606896836012
30944,39944,Low,Low,0.030598275515010948,0.9344735207476674,0.03492820373732156
37114,46114,Medium,Medium,0.030565081829783857,0.029627955652799253,0.9398069625174169
24755,33755,Medium,Medium,0.08269898051112608,0.04098992659641635,0.8763110928924576
11811,20811,Medium,Medium,0.03724699057253692,0.04442237200628013,0.9183306374211829
29824,38824,Medium,Medium,0.03950218309530234,0.037213210211388965,0.9232846066933087
4317,13317,Medium,Medium,0.03097753652341309,0.03272831726663303,0.936294146209954
10476,19476,Medium,Medium,0.036626779620795115,0.0344399197718995,0.9289333006073054
15623,24623,Medium,Medium,0.03828754359873893,0.03256519642812225,0.9291472599731389
7216,16216,Medium,Medium,0.035952687953233566,0.03590361841161178,0.9281436936351547
16782,25782,Low,Low,0.02963673670549764,0.9346874113400226,0.035675851954479705
11909,20909,Low,Low,0.03645787095514089,0.9285141883864337,0.03502794065842535
6240,15240,Medium,Medium,0.033563657579650165,0.03197569586545856,0.9344606465548914
27131,36131,High,High,0.9325759286609445,0.02989485798721782,0.0375292133518377
36928,45928,High,High,0.9322583731813756,0.030529536427409267,0.03721209039121492
21330,30330,Low,Low,0.02972739160506552,0.9385031718588258,0.031769436536108545
37714,46714,High,High,0.9216404435784472,0.03476532990813375,0.043594226513419154
3567,12567,Medium,Medium,0.03245805462634869,0.031704103126602386,0.9358378422470489
2445,11445,Low,Low,0.03626228992034703,0.8367890302608721,0.12694867981878094
4743,13743,High,Medium,0.38514718544315746,0.046412737224697985,0.5684400773321445
31782,40782,Medium,Medium,0.037139601533264316,0.03032886853068535,0.9325315299360503
9311,18311,Low,Low,0.029546644930484953,0.9380948373747566,0.032358517694758275
28996,37996,Medium,Medium,0.03133821374513986,0.030440051410444497,0.9382217348444156
27210,36210,High,High,0.9372175742527151,0.030713670943487027,0.0320687548037979
4010,13010,Medium,Medium,0.03661366623329991,0.033449261518339095,0.9299370722483609
37917,46917,Low,Low,0.03224854848086416,0.9357840121559257,0.03196743936321019
27534,36534,Medium,Medium,0.03258601135297636,0.0346768512002547,0.932737137446769
18993,27993,High,High,0.9282176706507071,0.030867314118777342,0.04091501523051549
36550,45550,Medium,Medium,0.04426347285181503,0.03349113009448523,0.9222453970536998
16282,25282,Medium,Medium,0.03421121195214667,0.03260335329553929,0.9331854347523141
15329,24329,High,High,0.9350401832094448,0.031502526543566604,0.03345729024698868
2040,11040,Medium,Medium,0.033626133858811004,0.03176154166498744,0.9346123244762015
29898,38898,Medium,Medium,0.03365551089366944,0.03279692209731571,0.9335475670090148
20406,29406,Medium,Medium,0.03782296099904405,0.03293453565817651,0.9292425033427795
5957,14957,Low,Low,0.032230745843972175,0.9306423073259286,0.03712694683009927
36504,45504,Low,Low,0.032576544507295656,0.9329372635663704,0.034486191926333946
4970,13970,Low,Low,0.035417868510952404,0.925852638412786,0.03872949307626156
4229,13229,Medium,Medium,0.03422140310570003,0.03484207540054151,0.9309365214937585
12453,21453,Low,Low,0.03869495280050637,0.9191907398256154,0.04211430737387827
27820,36820,Low,Low,0.02989213575732484,0.935535581810807,0.03457228243186825
24200,33200,Medium,Medium,0.030409664545662015,0.0297254527707899,0.9398648826835481
29910,38910,Low,Low,0.038753002726453156,0.9267787312914072,0.03446826598213958
18029,27029,Low,Low,0.034177525135542425,0.9254137422177706,0.04040873264668708
36376,45376,Medium,Medium,0.03315462629266825,0.03043750241332953,0.9364078712940023
3965,12965,High,High,0.937717631325475,0.029906216739677232,0.03237615193484778
29107,38107,High,High,0.9354894913740431,0.031443298629189244,0.033067209996767676
37032,46032,High,High,0.9373179390560124,0.029458057571607466,0.03322400337238028
23744,32744,Medium,High,0.9360293793658507,0.029845875284322355,0.03412474534982693
12267,21267,High,High,0.9072922775228016,0.034828473417834044,0.05787924905936423
5745,14745,High,High,0.9380518303102484,0.029783677253664567,0.03216449243608705
31313,40313,Medium,Medium,0.04411849410584453,0.031350785193449596,0.9245307207007057
35800,44800,Medium,Medium,0.03146603670033243,0.030230683604796704,0.9383032796948708
29024,38024,Medium,Medium,0.0347982957955375,0.03500525907496462,0.9301964451294978
16627,25627,Low,Low,0.035167090724522926,0.9236373251830415,0.041195584092435567
26968,35968,Medium,Medium,0.03476371803013246,0.03340622641743309,0.9318300555524345
22798,31798,Medium,Medium,0.03356540047720255,0.04077131048238167,0.9256632890404157
25743,34743,Medium,Medium,0.03505529168294013,0.030955188325271665,0.9339895199917881
37273,46273,Medium,Medium,0.03438644665638221,0.03170069709706442,0.9339128562465534
39596,48596,Low,Low,0.030681147925767167,0.9377005744298103,0.031618277644422564
5905,14905,Medium,Medium,0.03225919743994987,0.02966517363389996,0.9380756289261502
9153,18153,High,High,0.9247602805602565,0.03565212980394498,0.03958758963579847
32791,41791,Medium,Medium,0.03614816479874088,0.03256516410461304,0.9312866710966462
21508,30508,Medium,Medium,0.03028613353670341,0.030538226049564996,0.9391756404137316
8046,17046,Low,Low,0.03187238125089379,0.9362138031556432,0.03191381559346296
26716,35716,Medium,Medium,0.10250573119196806,0.05151440039841191,0.8459798684096199
24208,33208,Low,Low,0.033754823875107566,0.9283584905539225,0.037886685570969955
35239,44239,Medium,Low,0.028642256172919614,0.9401044203033271,0.03125332352375346
34466,43466,High,High,0.9223952767487488,0.034135353142113946,0.043469370109137255
9163,18163,Medium,Medium,0.036747125977164015,0.03720850563233504,0.9260443683905009
32414,41414,Medium,Medium,0.034191111726225104,0.030947821872707157,0.9348610664010678
15089,24089,Low,Low,0.03267821175535445,0.9259840182463436,0.04133776999830198
26958,35958,High,High,0.9290951892719878,0.036032436155862026,0.034872374572150096
26658,35658,Medium,Medium,0.03335232772431634,0.07020203529245136,0.8964456369832323
28071,37071,Medium,Medium,0.03131132544254248,0.030561087950881045,0.9381275866065765
25912,34912,Low,Low,0.029306791254975106,0.9398178905564208,0.03087531818860391
32704,41704,Medium,Medium,0.03695342304343946,0.030713009971355596,0.9323335669852049
32167,41167,Medium,Medium,0.035968643725090316,0.04469670320190398,0.9193346530730057
29815,38815,Medium,Medium,0.030385334793207968,0.029263990965562387,0.9403506742412296
6730,15730,Medium,Medium,0.04032580612162238,0.06863080921362673,0.8910433846647509
13297,22297,High,High,0.9346663326486047,0.032591132634468625,0.03274253471692676
37612,46612,Medium,High,0.9377393036179796,0.029737083809627057,0.03252361257239334
10769,19769,Low,Low,0.029430285825394892,0.9321750070735662,0.03839470710103889
12383,21383,Low,Low,0.036325221279390085,0.9227618545157493,0.04091292420486053
5464,14464,High,High,0.9357106203598895,0.029673956269985317,0.03461542337012526
16019,25019,Low,Low,0.0328951819918167,0.9286408860012489,0.038463932006934376
18689,27689,Medium,Medium,0.03208117831601484,0.037612117779770436,0.9303067039042147
28086,37086,High,Low,0.03299011110477357,0.9308359858057168,0.03617390308950966
30538,39538,Low,Low,0.028651336817101233,0.9385618426311894,0.032786820551709395
23952,32952,Medium,High,0.9293436274010488,0.03044505207483465,0.040211320524116446
8036,17036,Medium,Medium,0.03473550862681482,0.033240573297575,0.9320239180756102
36045,45045,Medium,Medium,0.042038105174355835,0.03360430486402826,0.924357589961616
308,9308,Medium,Medium,0.031898183174756685,0.03014461073891493,0.9379572060863284
7635,16635,High,High,0.9292076659429669,0.03423409805523874,0.03655823600179446
4915,13915,Low,Low,0.03126596206061093,0.9327010704063228,0.036032967533066396
32656,41656,Medium,Medium,0.03271512586757803,0.03188134338517485,0.9354035307472471
3873,12873,Medium,Medium,0.030307757754869765,0.03126754301222904,0.9384246992329013
10143,19143,Medium,Medium,0.03624073522207094,0.03050798269774597,0.933251282080183
28548,37548,Low,Low,0.031013907281218518,0.9301230298882036,0.038863062830577784
5818,14818,Low,Low,0.03434549757904448,0.9289533109767337,0.03670119144422183
28084,37084,Low,Low,0.033073080421758536,0.911922047839075,0.055004871739166426
20453,29453,Medium,Medium,0.05129389631251588,0.03270752882445629,0.9159985748630279
30834,39834,Medium,Medium,0.03182570452149286,0.032360560225353836,0.9358137352531534
1060,10060,Medium,Medium,0.031842274325770574,0.030947242153424755,0.9372104835208046
6975,15975,High,High,0.9281989100222624,0.03684586137980419,0.03495522859793354
14730,23730,Medium,Medium,0.035766806234000754,0.03378715346749838,0.9304460402985008
37542,46542,High,High,0.933521188650322,0.03292523835233565,0.033553572997342324
24037,33037,Medium,Medium,0.035979078736523486,0.0365806769470537,0.9274402443164228
26317,35317,High,Medium,0.03665104985112933,0.03172495538298873,0.9316239947658819
7537,16537,Medium,Medium,0.037580168544810215,0.031172975566881988,0.9312468558883077
26079,35079,Low,Low,0.03230145185919966,0.8900510009906643,0.07764754715013604
19333,28333,Low,Low,0.03212008186113172,0.9359049993079883,0.0319749188308799
22878,31878,Medium,Medium,0.032011795296402,0.03524827118008219,0.9327399335235157
34205,43205,Medium,Medium,0.03668585920398565,0.03386136665903916,0.9294527741369752
18217,27217,Low,High,0.9272460476983916,0.03285963994810025,0.03989431235350822
6169,15169,Medium,Medium,0.031232062411755926,0.031704661231750496,0.9370632763564936
37275,46275,Low,Low,0.03138342263439254,0.9332383786196851,0.03537819874592246
24265,33265,High,High,0.9345043404059926,0.028722639702315367,0.03677301989169205
4049,13049,Medium,Low,0.03491198102144357,0.9286011974795976,0.03648682149895894
6196,15196,Medium,Medium,0.03497617314363364,0.036280616717688924,0.9287432101386774
39942,48942,Low,Low,0.03078162439249929,0.9343080912659661,0.03491028434153456
24408,33408,Medium,Medium,0.03621125946705723,0.03166103999032662,0.9321277005426162
30802,39802,Medium,Medium,0.031530510927198836,0.02980545441226259,0.9386640346605386
23644,32644,Low,Low,0.03453030358757423,0.8736415361802511,0.09182816023217462
2338,11338,High,High,0.9355350202786498,0.03097071476874647,0.03349426495260368
20505,29505,Medium,Medium,0.03396830664355386,0.031707085850778666,0.9343246075056674
31736,40736,Medium,Medium,0.03162643717941794,0.03377655470799512,0.9345970081125868
5080,14080,Medium,Medium,0.044611735985306704,0.35708310663253706,0.5983051573821563
7208,16208,High,High,0.9371911308533986,0.02967047061304377,0.03313839853355771
32299,41299,High,High,0.9343414878208485,0.030333113153351177,0.03532539902580036
35530,44530,Medium,Medium,0.03198898723680046,0.04099542349610629,0.9270155892670933
30315,39315,Medium,Medium,0.03496858842764542,0.03246420549325261,0.9325672060791019
5974,14974,High,High,0.9205098338829246,0.03105758374115598,0.04843258237591935
1097,10097,Low,High,0.9228950673805255,0.034105438207036105,0.04299949441243848
19886,28886,Medium,Medium,0.03322337792405498,0.031322742518533425,0.9354538795574115
7193,16193,High,High,0.9339096737555321,0.03215052658708322,0.03393979965738458
17955,26955,High,Low,0.03609794444192658,0.9286073289573133,0.035294726600760176
2241,11241,Medium,Medium,0.031131222599184244,0.033049240024997706,0.9358195373758181
37579,46579,Low,Low,0.032542490322646805,0.9359796052455436,0.031477904431809534
3586,12586,High,High,0.9354236062332277,0.03036531970370318,0.034211074063069113
16463,25463,High,High,0.9279112417699856,0.03726725348401153,0.034821504746002915
1966,10966,Medium,Medium,0.12255427110368815,0.03331430940812704,0.8441314194881849
33468,42468,Low,Low,0.034027085279223414,0.8317842017847328,0.13418871293604387
8118,17118,Low,Low,0.03209487036392964,0.9310041802623515,0.036900949373718815
35506,44506,Medium,Medium,0.03537141014706197,0.03130390874091571,0.9333246811120223
357,9357,Medium,Medium,0.03257032504449217,0.03416725142683361,0.9332624235286743
23295,32295,Low,Medium,0.03264648116143599,0.03193497364767353,0.9354185451908906
27765,36765,Low,Low,0.03481840790971855,0.9302493715979128,0.03493222049236871
1744,10744,Medium,High,0.9335586025732195,0.030945930691062936,0.03549546673571746
34008,43008,Low,Low,0.03515145806928006,0.9302810665374998,0.034567475393220214
5622,14622,Low,Low,0.036338117075788795,0.7057273994480909,0.25793448347612025
32915,41915,Medium,Medium,0.04537621087449434,0.03560989218108634,0.9190138969444193
20435,29435,Low,Low,0.03324469612224912,0.9330229636865656,0.033732340191185296
16496,25496,Medium,High,0.9368415412927179,0.03152553245640585,0.03163292625087633
14383,23383,High,Medium,0.036023316762673126,0.032687946822157955,0.9312887364151688
2509,11509,Medium,High,0.9349577162029844,0.029646690384349375,0.03539559341266626
8916,17916,Low,High,0.9315053342240697,0.03275299149694793,0.03574167427898248
10242,19242,Low,Medium,0.03275517219940247,0.0339103027857418,0.9333345250148558
1052,10052,Medium,Medium,0.0373287558316825,0.04489503377235132,0.9177762103959662
16934,25934,Medium,Medium,0.032765947461562576,0.03434086282372312,0.9328931897147142
8368,17368,High,High,0.9187039401828003,0.03664020181568741,0.044655858001512255
31624,40624,Medium,Medium,0.031233417789979425,0.03302893253912879,0.9357376496708917
28789,37789,Low,Low,0.030829642774592683,0.929492336960306,0.03967802026510142
26130,35130,Low,Low,0.034999446595284034,0.9308935788005748,0.034106974604141194
25977,34977,Medium,Medium,0.03119277660474391,0.03102770580252756,0.9377795175927286
15186,24186,Low,Low,0.03359311646140712,0.9316674963669627,0.03473938717163023
29086,38086,High,High,0.9302428546555334,0.03048504048556509,0.03927210485890154
5307,14307,Medium,Medium,0.03369900382043505,0.03293318326090042,0.9333678129186644
25533,34533,High,High,0.9169856736169768,0.046252828138910435,0.036761498244112734
8335,17335,Medium,Medium,0.035476285279472254,0.03202184238994319,0.9325018723305846
31956,40956,High,High,0.9351835275261348,0.03112655502551785,0.03368991744834729
27802,36802,Medium,Medium,0.03555102633653547,0.0337380920038976,0.930710881659567
37939,46939,Medium,Medium,0.030081008269948136,0.031515875025786955,0.9384031167042649
21366,30366,High,Medium,0.03145740905378003,0.03246632217289529,0.9360762687733247
18562,27562,Medium,Medium,0.03029554147958444,0.032062035604589284,0.9376424229158263
34126,43126,High,Low,0.030804896854026504,0.9303854381228361,0.03880966502313745
32784,41784,Medium,Medium,0.03417041782010848,0.031383795606713,0.9344457865731787
39458,48458,Medium,Medium,0.03266535386129651,0.03161736397453654,0.9357172821641669
26286,35286,Low,Low,0.03354203491449204,0.9266815546048318,0.03977641048067614
5759,14759,Medium,Medium,0.03525198299692291,0.03171988140529258,0.9330281355977844
35083,44083,Low,Low,0.033350245030201335,0.9309283375962547,0.03572141737354402
15371,24371,Medium,Medium,0.0334402741875102,0.031683419805591945,0.934876306006898
25110,34110,Medium,Medium,0.03164705744594099,0.03781454151733362,0.9305384010367254
2852,11852,Medium,Medium,0.03239382091880294,0.030795897845178555,0.9368102812360185
9051,18051,High,High,0.9371663680482865,0.02975951345379478,0.03307411849791872
10260,19260,High,High,0.9325247091347197,0.033047956223106516,0.03442733464217382
21974,30974,High,High,0.876339307499423,0.050142858997090055,0.07351783350348697
33417,42417,Low,Low,0.030232170220025806,0.9296212987078648,0.04014653107210935
13293,22293,High,High,0.9397571546085971,0.029061924259374216,0.031180921132028732
1131,10131,Medium,Medium,0.032416551905102314,0.03148570071898087,0.9360977473759169
8320,17320,Medium,Medium,0.03049938988668773,0.02991981234893683,0.9395807977643754
279,9279,Low,Low,0.033438286424487366,0.9234238432598681,0.04313787031564451
14966,23966,Low,Low,0.030660038377455918,0.9352485498837733,0.03409141173877084
24296,33296,Low,Medium,0.04774001512389923,0.4230353123671898,0.529224672508911
32207,41207,Medium,Medium,0.030390786096220267,0.03252840752225543,0.9370808063815242
20138,29138,Medium,Medium,0.03121148539129533,0.0320568524106825,0.9367316621980221
4166,13166,Medium,Medium,0.030474487357026955,0.033133255604617835,0.9363922570383552
14330,23330,High,High,0.9367834213798604,0.029660056297940548,0.03355652232219917
38250,47250,Medium,Medium,0.03069304405395683,0.031039572501927556,0.9382673834441156
5206,14206,Low,Low,0.030716393058626775,0.9307985933804063,0.038485013560967125
31796,40796,Medium,Medium,0.031858982368791,0.0300447236390054,0.9380962939922036
13803,22803,Low,Low,0.03752793507835245,0.9264438192053138,0.03602824571633369
10444,19444,Medium,Medium,0.031410473067750105,0.03320424905567303,0.935385277876577
9426,18426,Medium,Medium,0.03332893998750994,0.031426529708511126,0.9352445303039789
21284,30284,Medium,Medium,0.035772096757892585,0.05902989164452043,0.905198011597587
13726,22726,Medium,Medium,0.03343997365300843,0.034777899922531365,0.9317821264244603
22256,31256,Low,Low,0.033974087406805326,0.9303807760315147,0.03564513656167994
28470,37470,High,High,0.8345246485969984,0.03777822266127852,0.1276971287417232
17340,26340,Medium,High,0.9389194970122116,0.02909302176229045,0.031987481225498014
2919,11919,High,High,0.9361034583266833,0.029585124961299145,0.03431141671201751
40024,49024,Medium,Medium,0.03032879103808586,0.03612385934966165,0.9335473496122525
21772,30772,High,High,0.9327547578741567,0.03167969604468507,0.03556554608115833
23286,32286,High,High,0.9390760016515368,0.028794707880818126,0.032129290467644976
13148,22148,Medium,Medium,0.03917330476203979,0.033745754919719186,0.9270809403182411
35978,44978,High,High,0.92971359309291,0.03340911318445372,0.03687729372263621
5471,14471,Medium,Medium,0.03199953747928546,0.03232296958788627,0.9356774929328283
33198,42198,Low,Low,0.03755894548771455,0.9299039043628903,0.032537150149395205
23925,32925,Medium,Medium,0.03368682106641559,0.030887221533450703,0.9354259574001338
3846,12846,Medium,Medium,0.033338073772954106,0.03043571593892162,0.9362262102881242
9350,18350,High,High,0.9323801197107217,0.033481053347041864,0.03413882694223647
26800,35800,Low,Low,0.030357921941658067,0.9356361516448799,0.03400592641346215
23097,32097,Low,Low,0.042891443160290955,0.9164305329809134,0.04067802385879563
15996,24996,High,High,0.9365722188452451,0.030326149792669746,0.03310163136208522
8107,17107,Low,Low,0.03231283271414608,0.929714372247287,0.03797279503856685
38006,47006,High,High,0.9285407836949428,0.034388505711997065,0.03707071059306024
15772,24772,Low,Low,0.031650523823125255,0.9361295138123013,0.032219962364573675
1525,10525,Medium,Medium,0.03245875357265542,0.030802542434844343,0.9367387039925003
15867,24867,Low,Low,0.030645469354197607,0.9383181203852904,0.031036410260511918
34389,43389,Medium,Medium,0.033992684953897144,0.03022004108597977,0.9357872739601231
26262,35262,Low,Low,0.03900293591656571,0.9215357920428393,0.03946127204059502
12472,21472,Medium,Medium,0.04066619642115254,0.03613975505057942,0.923194048528268
24748,33748,Low,Low,0.03413688053446389,0.9336273774673874,0.03223574199814863
35541,44541,Medium,Medium,0.03535774743725727,0.036476808547916996,0.9281654440148257
2871,11871,Medium,Medium,0.030588099832114923,0.030984275457931323,0.9384276247099538
3249,12249,High,High,0.9362573755100153,0.031422467080667184,0.0323201574093176
1694,10694,Low,Low,0.03437890734897301,0.8699958794803638,0.09562521317066315
9776,18776,Medium,Medium,0.0333436434051524,0.4368541162901554,0.5298022403046921
35568,44568,Low,Low,0.043417211931673326,0.6747199590846265,0.28186282898370024
32342,41342,Medium,Medium,0.03297703704913942,0.03377999821100278,0.9332429647398577
10631,19631,High,High,0.9297267395759707,0.032619605558730135,0.03765365486529912
22061,31061,Medium,Medium,0.03907089139828723,0.030106899002015314,0.9308222095996975
16885,25885,High,High,0.8930732673142244,0.03798171821804871,0.06894501446772684
11913,20913,Medium,Medium,0.03198239480883445,0.030544568534262653,0.9374730366569031
6208,15208,High,High,0.9364986520886104,0.031188406586961984,0.032312941324427684
33240,42240,Medium,Medium,0.03362357764015641,0.0417768996234196,0.924599522736424
16090,25090,High,High,0.927887241317026,0.03545343866909215,0.03665932001388179
36645,45645,High,High,0.9321657998874305,0.03157942216278831,0.036254777949781054
24388,33388,Medium,Medium,0.03213746124493928,0.03088977291371857,0.9369727658413421
29168,38168,High,Medium,0.03311132013995575,0.033057162268399394,0.9338315175916447
39592,48592,Medium,Medium,0.03011100527088222,0.029706563357931783,0.940182431371186
39558,48558,High,High,0.9318749436953793,0.03182763166227572,0.036297424642345005
35931,44931,Medium,Medium,0.03837940253738597,0.03439661296945772,0.9272239844931564
27277,36277,Low,Medium,0.05064057324003481,0.03803104896227414,0.911328377797691
9556,18556,High,High,0.9370946575720236,0.030412477754861878,0.032492864673114595
26797,35797,High,High,0.9314960067840942,0.03185211934147061,0.0366518738744352
9599,18599,High,Medium,0.05680738637437626,0.04065251364875913,0.9025400999768647
6972,15972,Low,Low,0.03485655175848312,0.8426444075873741,0.12249904065414279
34949,43949,Medium,Medium,0.03532628882387865,0.033876688030697905,0.9307970231454235
4709,13709,Medium,Medium,0.032485272155856545,0.03314286570129204,0.9343718621428515
28123,37123,Medium,Medium,0.03853460922897311,0.03757751525949337,0.9238878755115336
17896,26896,High,Medium,0.03648458370306106,0.03346177065268593,0.9300536456442529
33160,42160,Medium,Medium,0.03308663277846172,0.031571994214877296,0.935341373006661
1265,10265,Low,Low,0.031859177253815756,0.9283200517365886,0.03982077100959553
33612,42612,High,High,0.9345137273166859,0.03270318142814629,0.032783091255167825
33813,42813,High,Low,0.039693623244400594,0.8646845233094567,0.09562185344614277
14794,23794,Low,Low,0.02881359160165511,0.9364986620717124,0.034687746326632525
33534,42534,Low,Low,0.03233291244774279,0.9306690657286416,0.036998021823615716
39805,48805,Medium,Medium,0.035029321035135674,0.037212462836853484,0.9277582161280108
3893,12893,High,High,0.9301437005017171,0.032249364657918084,0.03760693484036484
6086,15086,Low,Low,0.0294659181198741,0.9384707627857708,0.03206331909435509
38061,47061,Medium,Medium,0.03137276961173752,0.030579275510430423,0.9380479548778321
4224,13224,High,High,0.9328054818171824,0.030503590809598538,0.036690927373219044
11940,20940,Medium,Medium,0.035234571698801266,0.05151050029485623,0.9132549280063426
39741,48741,High,High,0.9375649818114374,0.03006345029488019,0.03237156789368242
14284,23284,Low,Low,0.03459429990248386,0.9295021495852648,0.03590355051225136
4801,13801,Low,Medium,0.03309581567199388,0.031018494710712153,0.9358856896172941
29965,38965,High,High,0.9263782113340969,0.033111622836014265,0.04051016582988872
17597,26597,Medium,Medium,0.03195521460650436,0.032214571217468006,0.9358302141760277
29556,38556,Medium,Medium,0.03486734417180975,0.03701003609104149,0.9281226197371487
17924,26924,Medium,Medium,0.03091734333371173,0.030253362653712743,0.9388292940125756
760,9760,Low,Low,0.03047165638149757,0.9375513438195383,0.031976999798964054
39819,48819,High,High,0.9337684785106788,0.0305359661703913,0.0356955553189299
28138,37138,Medium,Medium,0.03317755255495791,0.16884143553644818,0.7979810119085938
3998,12998,Medium,Medium,0.031487797955848,0.030452940833238018,0.9380592612109139
12649,21649,Medium,Low,0.031474791357972466,0.9345229704150668,0.0340022382269608
30494,39494,High,Low,0.03692107527968734,0.9170666296503258,0.04601229506998688
10040,19040,High,High,0.936778483744229,0.030440507909654538,0.03278100834611638
8190,17190,Medium,Medium,0.03101340907677333,0.031425481779409535,0.9375611091438173
15970,24970,High,Medium,0.03577347494153696,0.03499510325647807,0.929231421801985
39764,48764,Low,High,0.9272832321876336,0.03252754508146528,0.04018922273090107
28314,37314,Medium,Medium,0.04105078196566945,0.033376988656792526,0.925572229377538
4452,13452,High,High,0.9358028551398818,0.030153023324286776,0.034044121535831355
19366,28366,Low,High,0.9222966451186592,0.03879781102263213,0.0389055438587087
31544,40544,Medium,Medium,0.030575805440849063,0.033324975036645464,0.9360992195225055
13506,22506,Low,Low,0.03385268665751102,0.9312004162078517,0.03494689713463737
11065,20065,High,High,0.9163619369791789,0.04019154143890689,0.043446521581914255
36712,45712,Low,Low,0.03350708739396296,0.9314256160425266,0.03506729656351054
12417,21417,Medium,Medium,0.035217773754847324,0.03454556181621643,0.9302366644289363
23867,32867,Medium,Medium,0.03462378423887293,0.030085127531301107,0.935291088229826
38415,47415,Low,Low,0.03473163926732275,0.9106618004662449,0.05460656026643242
24274,33274,High,High,0.9371474056785892,0.029959912270317496,0.03289268205109317
14478,23478,Medium,Medium,0.03712633519505001,0.03474079327174557,0.9281328715332045
26911,35911,Medium,Medium,0.031344611989557,0.033247716582600305,0.9354076714278426
24055,33055,Low,Low,0.0321124083883137,0.9319017868551255,0.035985804756560776
27634,36634,Medium,Medium,0.03166790637944339,0.029345758572996514,0.9389863350475599
30869,39869,Medium,Medium,0.032901371924497394,0.0366708300305622,0.9304277980449404
2086,11086,High,High,0.9321545242132028,0.03288692617923534,0.034958549607561916
22517,31517,Medium,Medium,0.031743102113904104,0.03049546171327208,0.9377614361728238
36385,45385,High,High,0.9351982363122534,0.030304289234757423,0.03449747445298927
33083,42083,Low,Low,0.042535718589879284,0.901288973600372,0.05617530780974871
2394,11394,Medium,Medium,0.03427978767118387,0.030802021260895474,0.9349181910679206
16500,25500,Medium,Medium,0.031069994552612112,0.035505678368310166,0.9334243270790775
1835,10835,Medium,Medium,0.03353434841431468,0.030074127036943638,0.9363915245487416
7576,16576,Medium,Medium,0.03582474886865513,0.0346842430722031,0.9294910080591418
38074,47074,Medium,Medium,0.031198206995863453,0.030275547942361564,0.938526245061775
21682,30682,High,High,0.9387472322298228,0.029182930042190063,0.03206983772798701
32000,41000,High,High,0.9364135390153349,0.03022374022734968,0.03336272075731558
29833,38833,High,High,0.9302635068454652,0.03298533406369763,0.036751159090837156
19681,28681,Low,Low,0.030320430722837827,0.9337735634711611,0.03590600580600102
25271,34271,High,Low,0.03314636527661277,0.9122305989599261,0.05462303576346119
21587,30587,High,High,0.936866209921945,0.029441420040052593,0.03369237003800234
27743,36743,Medium,Medium,0.035642724869902845,0.03374832763679836,0.9306089474932988
18688,27688,Medium,Medium,0.031395558908070866,0.03190648777851602,0.9366979533134131
16136,25136,Medium,Medium,0.032283859874841024,0.03355315038926917,0.9341629897358897
18918,27918,Medium,Medium,0.035014845946317395,0.04299698569553451,0.9219881683581481
31783,40783,Medium,Medium,0.03347140301360057,0.03271316599001611,0.9338154309963832
38676,47676,High,High,0.9390594375993913,0.0288215369317652,0.03211902546884365
37616,46616,High,High,0.931114012972614,0.030395301820772436,0.03849068520661361
31817,40817,Medium,Medium,0.030675888566587154,0.029292269496108195,0.9400318419373047
33782,42782,High,High,0.9354734462293052,0.031043788844991062,0.033482764925703734
22173,31173,High,High,0.9322268666414733,0.03353056971705549,0.03424256364147125
23940,32940,Low,Low,0.0323606248553143,0.9320496488364095,0.035589726308276205
3563,12563,Low,Low,0.029731727315411998,0.9379186865021473,0.032349586182440715
34832,43832,Medium,Medium,0.03603366443892238,0.03645332873301524,0.9275130068280625
18847,27847,Low,Medium,0.05604433651513441,0.4249589746063383,0.5189966888785273
27911,36911,Medium,Medium,0.03302390034522522,0.03440273097601254,0.9325733686787622
18182,27182,Medium,Medium,0.031061859907535183,0.03201304886529321,0.9369250912271716
7891,16891,Medium,Medium,0.03730510428752031,0.032849392148291905,0.9298455035641879
38276,47276,High,Medium,0.03555704042420121,0.032483511857561466,0.9319594477182372
28155,37155,Medium,Medium,0.03831578783924614,0.03500400954036077,0.9266802026203931
18698,27698,High,High,0.9297978982602365,0.03195331841706137,0.03824878332270205
29313,38313,Medium,Medium,0.03049446594463051,0.03331975355770989,0.9361857804976595
34885,43885,Medium,Medium,0.12262180392720312,0.03472868990568404,0.8426495061671129
27218,36218,Medium,Medium,0.03222578259463254,0.032865256738244454,0.9349089606671229
6365,15365,Medium,Medium,0.03252260978493952,0.03111275237475294,0.9363646378403075
12392,21392,Low,Low,0.03890236599691795,0.9212328417045841,0.03986479229849788
31109,40109,Medium,Medium,0.0336217212633337,0.10362029639008093,0.8627579823465853
23580,32580,Low,Low,0.034872852970437414,0.9319200891788363,0.03320705785072626
19117,28117,Medium,Medium,0.03312334691283569,0.032897266973499074,0.9339793861136653
7685,16685,High,High,0.9296965063666386,0.03787544749467563,0.032428046138685725
26429,35429,Medium,Medium,0.031678247492282006,0.029909748276085193,0.9384120042316327
26140,35140,Medium,Medium,0.03169133647674336,0.03347947724012729,0.9348291862831295
28538,37538,Low,Low,0.03249730947577235,0.9258612345450672,0.04164145597916044
24498,33498,Medium,Medium,0.0454084872110185,0.03872056904694681,0.9158709437420347
18591,27591,Medium,Medium,0.032870779461696954,0.032753479456823754,0.9343757410814794
37894,46894,Medium,Medium,0.030424981285309016,0.03070537952835742,0.9388696391863336
18109,27109,Medium,High,0.6471668870410388,0.05175475150784562,0.30107836145111555
29551,38551,Medium,Medium,0.031442321299209666,0.030451900160906653,0.9381057785398838
24684,33684,Medium,Medium,0.02963539313621062,0.030026877718530926,0.9403377291452585
15718,24718,High,High,0.9391606251507466,0.029496853744503854,0.031342521104749596
24882,33882,Medium,Medium,0.0370288682114422,0.03230361592826104,0.9306675158602968
30110,39110,Medium,Medium,0.03413959755338158,0.04397317118010805,0.9218872312665104
11110,20110,Medium,Medium,0.03531008933823577,0.03816018854891371,0.9265297221128505
30036,39036,Medium,Medium,0.03244693020941942,0.03584122891609312,0.9317118408744874
30897,39897,Medium,Medium,0.034739353828147045,0.040453935508217236,0.9248067106636357
23871,32871,Low,Low,0.03571480983600347,0.920526272272506,0.0437589178914905
11615,20615,High,High,0.9369001433679597,0.030044581586871403,0.03305527504516884
17177,26177,Medium,Medium,0.03713369674905004,0.035061366762775825,0.9278049364881741
9756,18756,Medium,Medium,0.03058358497262523,0.03437409985729508,0.9350423151700796
39208,48208,Medium,Medium,0.03494094837303611,0.03253637356457447,0.9325226780623894
7967,16967,High,High,0.9068399478096675,0.03687930979166895,0.056280742398663534
5684,14684,Medium,Medium,0.029265925120403342,0.029720988193228038,0.9410130866863686
15453,24453,Low,Medium,0.04509607367705094,0.03869577360278426,0.9162081527201648
26081,35081,Medium,Medium,0.03358291818861194,0.04004554316757649,0.9263715386438115
4512,13512,High,High,0.9373035635854339,0.0304059871607773,0.03229044925378897
8373,17373,High,High,0.9295184203448091,0.03447477571472715,0.0360068039404636
37654,46654,Medium,Medium,0.03274048731409989,0.03843256126541758,0.9288269514204824
17757,26757,Low,Low,0.031881524632089424,0.9354963886420022,0.03262208672590828
34721,43721,Low,Low,0.0341217205744652,0.9288091039578882,0.037069175467646674
15289,24289,Medium,Medium,0.03364048512087606,0.036222524373888704,0.9301369905052352
19273,28273,Medium,Medium,0.03721995993059285,0.031367095507239554,0.9314129445621675
10164,19164,Medium,Medium,0.034242583569629996,0.034924310279193536,0.9308331061511764
18452,27452,High,High,0.9278990476745616,0.030897353773830138,0.041203598551608295
28648,37648,Low,Low,0.031190871712519233,0.9269510577046015,0.041858070582879214
38535,47535,Medium,Medium,0.032132339856267844,0.037540164217178346,0.9303274959265537
10870,19870,Medium,Medium,0.029516616935497925,0.03055999856323421,0.9399233845012679
15929,24929,Low,Low,0.037576830878195744,0.9024960910616434,0.05992707806016075
38696,47696,Medium,Medium,0.03795719589385296,0.03586272493521939,0.9261800791709277
2117,11117,Low,Low,0.03179184214556458,0.9354256804498081,0.032782477404627246
29438,38438,Medium,Medium,0.031274205565064044,0.031098617847924864,0.9376271765870111
21100,30100,Medium,Medium,0.031160349895365688,0.03298988049428679,0.9358497696103475
8571,17571,High,High,0.603961053225288,0.04457848682150083,0.3514604599532112
22335,31335,Low,Low,0.02959086303641656,0.9393896714655418,0.031019465498041774
1950,10950,High,High,0.9360852660896937,0.030598471157694773,0.03331626275261151
34474,43474,Medium,Low,0.04756684369728988,0.8128625224497714,0.13957063385293875
2650,11650,Low,Low,0.030399027369015254,0.9349182926005467,0.034682680030438014
30092,39092,Medium,Medium,0.033456045025457425,0.037150135926432494,0.92939381904811
3600,12600,Low,Low,0.03399787583806771,0.8821745102684377,0.08382761389349459
14862,23862,Medium,Medium,0.0304653271369893,0.031867305078912035,0.9376673677840986
13456,22456,High,High,0.9360392821596637,0.030948351404512242,0.03301236643582405
31220,40220,Medium,Medium,0.03860542434702772,0.031206176994234558,0.9301883986587377
9214,18214,Low,Low,0.035017168782252014,0.8995472308319336,0.06543560038581443
31967,40967,Medium,Medium,0.03293615584711277,0.0343775520212549,0.9326862921316322
22769,31769,Medium,Medium,0.03251983145921011,0.0355524991438147,0.9319276693969751
35319,44319,Low,Low,0.030953973366816493,0.9226215168556378,0.046424509777545836
1945,10945,Low,High,0.9286530026475049,0.03608787778485228,0.035259119567642855
186,9186,High,High,0.9299628801871579,0.034390180423415816,0.03564693938942621
27328,36328,High,Medium,0.034053487453913706,0.03300833028721522,0.9329381822588712
7406,16406,High,High,0.9179122595076765,0.043674879018478475,0.038412861473845
24495,33495,High,High,0.9068183177184236,0.0373943541173244,0.05578732816425191
28276,37276,Medium,Medium,0.0428970555176309,0.03833454560515038,0.9187683988772188
13640,22640,Medium,Medium,0.03360806465910133,0.035307005276221694,0.9310849300646771
15379,24379,High,High,0.9344140122405943,0.032445247162033515,0.033140740597372174
1391,10391,Medium,Medium,0.0308998407062983,0.03010228976008288,0.9389978695336189
23250,32250,Low,Low,0.03340487076936266,0.9074548490157223,0.059140280214915054
12075,21075,Medium,Medium,0.03185764044146642,0.03145682568371604,0.9366855338748176
30530,39530,Medium,Medium,0.03215487868807614,0.030183129628823673,0.9376619916831
37583,46583,Low,High,0.9376525955898812,0.029526043633787233,0.032821360776331694
31913,40913,Low,Low,0.032475160997097706,0.9174039617679431,0.0501208772349593
12745,21745,Medium,Medium,0.05753721557578114,0.043917251005305746,0.8985455334189133
24375,33375,Medium,Medium,0.03239478685377197,0.031200511620381132,0.9364047015258469
27267,36267,Medium,Medium,0.03559731661318019,0.061333791985439805,0.90306889140138
15657,24657,Medium,Medium,0.033580758890689705,0.03205041362486504,0.9343688274844454
28673,37673,High,High,0.9351608823065023,0.03092915796675978,0.03390995972673794
6389,15389,Low,Low,0.030884027327887874,0.9314679902248738,0.03764798244723828
2496,11496,Medium,Medium,0.07335564057621612,0.03593637680752961,0.8907079826162544
27622,36622,Medium,Medium,0.03819550172717998,0.16931700199772357,0.7924874962750964
28026,37026,Low,Low,0.03625563657652197,0.7625003019437089,0.20124406147976923
32024,41024,Low,Low,0.03132712386217018,0.9286415910658246,0.04003128507200517
5149,14149,Medium,Medium,0.03277616531138305,0.03178590680116799,0.935437927887449
22381,31381,Low,Low,0.03061687411408487,0.9150975193517086,0.054285606534206575
21871,30871,Medium,Medium,0.03296977487504932,0.031659638355708786,0.9353705867692419
32777,41777,Medium,Medium,0.04430573668373145,0.12089304851371098,0.8348012148025575
37451,46451,Medium,Low,0.03144358487936293,0.935776037445823,0.032780377674814065
10757,19757,Medium,Medium,0.03300491114934994,0.03171545969564438,0.9352796291550057
3101,12101,Medium,Medium,0.03457691721087908,0.05435495633325187,0.9110681264558691
29353,38353,Medium,Medium,0.034137386217753835,0.03246955690600264,0.9333930568762435
29741,38741,Medium,Medium,0.03627805090211033,0.09977668839651194,0.8639452607013777
16061,25061,High,High,0.8649050461012898,0.046060576326412334,0.0890343775722978
23802,32802,Low,High,0.9361250706276935,0.03051693456163293,0.0333579948106737
1079,10079,High,High,0.9365597131199902,0.03127352076076633,0.03216676611924329
27628,36628,High,High,0.935815054949929,0.031087501393156445,0.033097443656914534
25262,34262,High,High,0.9375311866307422,0.02976654226538909,0.032702271103868856
35963,44963,Medium,Medium,0.035767946788222156,0.033229346116255255,0.9310027070955226
32932,41932,Medium,Medium,0.0329260961970104,0.03380989007362306,0.9332640137293665
30180,39180,High,Medium,0.292839350985305,0.07767037910878806,0.629490269905907
37706,46706,High,High,0.9293465237090728,0.03494970673679903,0.0357037695541283
35058,44058,Low,Low,0.03420215135840758,0.8944887814728161,0.07130906716877637
5400,14400,High,High,0.9327211674817457,0.03243214645922036,0.034846686059033856
38373,47373,Medium,Medium,0.05533590624838693,0.036466863889003644,0.9081972298626094
1278,10278,Medium,High,0.9344564344734801,0.030955471432403087,0.034588094094116825
19365,28365,Low,Medium,0.031645611304960915,0.03176796743375812,0.936586421261281
19088,28088,Low,Low,0.04226853147093695,0.9248778641113301,0.032853604417732905
35229,44229,Medium,Medium,0.34395474905529927,0.04201701967500493,0.6140282312696957
18691,27691,High,High,0.9369262894154948,0.03084390412374771,0.0322298064607576
16365,25365,Low,Low,0.030748607389393653,0.9355780758299481,0.03367331678065818
205,9205,High,High,0.9321958005036536,0.03298615055480727,0.03481804894153917
21390,30390,High,High,0.9366794365496923,0.03210665626737202,0.03121390718293562
25846,34846,Low,Low,0.03524311011233688,0.9281020235772494,0.036654866310413835
10471,19471,Medium,Medium,0.03386142293693075,0.032167875000071185,0.933970702062998
34129,43129,High,High,0.9278963309154046,0.03386703934932536,0.03823662973526998
4216,13216,High,Low,0.035466100108384,0.9312618975830192,0.03327200230859681
10216,19216,High,High,0.928166346776624,0.033834115764399535,0.03799953745897635
19537,28537,Medium,Medium,0.03123084797619109,0.03093993086261328,0.9378292211611957
38483,47483,Low,Low,0.030959171226313077,0.9352170617594969,0.03382376701419003
5226,14226,Medium,Medium,0.03003279618238047,0.02942940770980297,0.9405377961078166
10107,19107,Low,Low,0.030693465052024027,0.936011731246392,0.033294803701583914
32859,41859,Medium,Medium,0.03741624100096937,0.03377915001505586,0.9288046089839748
3368,12368,High,High,0.9309419170189495,0.030695864276160556,0.03836221870488996
11601,20601,Low,Low,0.030017485599094368,0.9368499528189554,0.03313256158195011
17358,26358,Medium,Medium,0.03483144513529698,0.04356548294915441,0.9216030719155487
39189,48189,Medium,Medium,0.03237055228901136,0.03637389497834372,0.931255552732645
25471,34471,Medium,Medium,0.034724730735479,0.030859768750611333,0.9344155005139095
6947,15947,Medium,Medium,0.03703395632440395,0.039840101826608465,0.9231259418489876
20570,29570,Medium,Medium,0.03477423987304092,0.034912330665817205,0.9303134294611418
28424,37424,Medium,Medium,0.029888019656042042,0.02928677167380363,0.9408252086701544
11159,20159,Low,Low,0.03258016054354517,0.9311020552640117,0.036317784192443255
24581,33581,High,High,0.9303115003577798,0.03326357988500572,0.036424919757214534
37968,46968,Low,Low,0.03066585056730405,0.9322834998966876,0.037050649536008264
11991,20991,Medium,Medium,0.036219768898159914,0.03612394748924306,0.9276562836125971
7248,16248,High,High,0.9359148967210764,0.03194637452788118,0.03213872875104235
12327,21327,High,High,0.9321724522168076,0.031699992257298006,0.03612755552589449
31007,40007,High,High,0.9358262808464444,0.02940965111133099,0.03476406804222459
26757,35757,Low,Low,0.031012896153864846,0.9346654635745614,0.034321640271573854
2708,11708,High,High,0.9190348576576097,0.036872137571552145,0.04409300477083814
1429,10429,Medium,Medium,0.032201151652066835,0.03253412524231531,0.9352647231056178
18156,27156,Medium,Medium,0.031722737970057084,0.03389335503345216,0.9343839069964908
8119,17119,High,High,0.9388124160387581,0.02998736427888504,0.031200219682356922
32376,41376,Medium,High,0.7698231147861252,0.03618337128089749,0.19399351393297726
15100,24100,Low,Low,0.030567528349583716,0.9312540464084024,0.03817842524201397
10670,19670,Low,Low,0.04699083862857798,0.9123340967061507,0.04067506466527127
1863,10863,Medium,Medium,0.03317245942755117,0.033879383778266194,0.9329481567941826
29630,38630,Low,Low,0.03388734347225599,0.9333848170146398,0.03272783951310399
20039,29039,Low,Low,0.030378032427956433,0.931310915104088,0.03831105246795552
29084,38084,High,High,0.9317178648283795,0.030525088128243217,0.03775704704337741
29034,38034,Medium,Medium,0.03134457689759835,0.030682786629203946,0.9379726364731978
18756,27756,Medium,Medium,0.031125203703182697,0.031721809140000286,0.9371529871568169
35888,44888,Medium,Medium,0.03574113099747207,0.0633491936567484,0.9009096753457796
19934,28934,Low,Low,0.03910703324188448,0.9246824598909305,0.03621050686718521
37072,46072,High,High,0.9326439904428478,0.03031128118599713,0.037044728371154995
36627,45627,Low,Low,0.031584524375686776,0.9338564196860607,0.03455905593825253
6564,15564,Medium,Medium,0.03125498227251907,0.029865667547275303,0.9388793501802056
33708,42708,Low,Medium,0.03341783311002485,0.11194580419828941,0.8546363626916857
24300,33300,Low,Low,0.03263644324260148,0.9335365627677397,0.03382699398965887
35290,44290,Low,Low,0.0326441274607604,0.9175867411235096,0.04976913141573011
14221,23221,High,High,0.9312741700002638,0.031043057757300433,0.03768277224243569
2920,11920,Low,Low,0.031211212955437065,0.9333659781909995,0.035422808853563394
16027,25027,Medium,Medium,0.035686470745084145,0.036205101157506116,0.9281084280974098
3957,12957,High,High,0.9379042460157111,0.029132282397290862,0.032963471586998
38536,47536,Low,Low,0.042561582605504376,0.9168647423617341,0.04057367503276157
6956,15956,Medium,High,0.9092078116914325,0.04233628473850195,0.04845590357006558
11078,20078,Medium,Medium,0.099665983196973,0.046616540840603495,0.8537174759624236
16667,25667,Medium,Medium,0.03382749132632757,0.03472895716687249,0.9314435515067999
35345,44345,High,High,0.9237619920416923,0.034027864770186086,0.04221014318812149
8946,17946,Low,Low,0.030587930374541373,0.9274445597345599,0.041967509890898806
9804,18804,High,High,0.9376445813461438,0.03022191149040082,0.03213350716345536
30860,39860,Low,Low,0.033397280706461974,0.9240905301433253,0.04251218915021262
11781,20781,Medium,Medium,0.03222615122622577,0.03285350197250894,0.9349203468012651
11374,20374,Low,Low,0.03168448846977113,0.932506420424741,0.03580909110548771
7260,16260,Medium,Medium,0.03184615236699274,0.03130493206489315,0.9368489155681141
7524,16524,High,High,0.9388381366810415,0.029154863006416967,0.03200700031254149
24219,33219,High,High,0.8819674385455206,0.03552691816963457,0.08250564328484485
25191,34191,Medium,High,0.48841161696133767,0.04615235742649095,0.46543602561217146
4393,13393,Medium,High,0.9305912267122466,0.03457596613747091,0.034832807150282426
39932,48932,Low,High,0.9370243658688305,0.029477499204966867,0.03349813492620254
17750,26750,High,High,0.9262599351035932,0.032091295226136574,0.04164876967027028
32427,41427,Medium,Medium,0.035371927902484536,0.0345775772012792,0.9300504948962361
36879,45879,Medium,Medium,0.03801932453201068,0.03743453883563149,0.9245461366323579
28605,37605,Medium,Medium,0.03225693643466835,0.030120269298646567,0.9376227942666852
16477,25477,Low,Low,0.0342287940932639,0.9336528199560702,0.03211838595066579
27870,36870,High,Low,0.031116688860121065,0.9368588707870407,0.03202444035283818
6537,15537,Medium,Medium,0.03774679381374923,0.08748695247424602,0.8747662537120048
31252,40252,Low,Low,0.031098709831190046,0.9363098416432064,0.03259144852560351
29037,38037,High,High,0.9258861722281901,0.03130113143728125,0.042812696334528715
15126,24126,High,High,0.9340348073597863,0.03089025784402162,0.03507493479619204
33202,42202,High,High,0.9261884447168649,0.03835474469578251,0.03545681058735253
31133,40133,Medium,Medium,0.03194624021709501,0.03033569165667795,0.937718068126227
39588,48588,Low,Low,0.03327503900549907,0.9215277513195455,0.04519720967495544
28904,37904,Medium,Medium,0.032046872190916016,0.03283900515557863,0.9351141226535055
18789,27789,Medium,Medium,0.03177075217835108,0.030279341741468818,0.93794990608018
14093,23093,Medium,Medium,0.031030318102724497,0.030008729080725414,0.93896095281655
1642,10642,Low,Low,0.02975721193341745,0.9374678590938138,0.0327749289727687
30524,39524,High,High,0.937667985820665,0.030442164622812667,0.03188984955652227
38724,47724,Low,High,0.9368019145675429,0.031269370562509516,0.03192871486994752
19880,28880,High,High,0.930665610355934,0.03293698291248253,0.03639740673158342
21761,30761,Low,Low,0.037694503619494425,0.9291053294671009,0.033200166913404716
28220,37220,Medium,Medium,0.030603078171585113,0.030824887081084985,0.93857203474733
14363,23363,High,High,0.9383752765186011,0.02977092138465327,0.03185380209674574
629,9629,High,High,0.9363515629936997,0.029210222700637018,0.03443821430566335
34052,43052,Medium,Medium,0.035105977597771,0.03117526377403232,0.9337187586281966
16253,25253,High,High,0.9370855643938101,0.029041816409602423,0.033872619196587454
35198,44198,Low,Low,0.029759238721658237,0.9369052594758799,0.0333355018024619
4517,13517,Medium,Medium,0.032172647993028304,0.03237189104209941,0.9354554609648722
9997,18997,Medium,Medium,0.038775999785388114,0.04466754946073074,0.9165564507538813
28976,37976,Medium,Medium,0.02914697464996574,0.028731437419888834,0.9421215879301456
4689,13689,Medium,Medium,0.030951396738950854,0.04234929996562853,0.9266993032954206
26458,35458,Medium,Medium,0.030599502635713902,0.031406875988941284,0.9379936213753449
21765,30765,Medium,Medium,0.03111608119015073,0.03282646751907282,0.9360574512907766
38755,47755,High,High,0.9331210716080308,0.030967986509711488,0.035910941882257706
36261,45261,Medium,Medium,0.029864864106377054,0.029329525975026898,0.9408056099185961
25038,34038,Medium,Medium,0.03420897356732963,0.03543336307332966,0.9303576633593407
3981,12981,Medium,Medium,0.03296761859818672,0.030155896008530997,0.9368764853932823
21166,30166,Medium,Medium,0.033391600176532595,0.03200441789176696,0.9346039819317005
27477,36477,Medium,Medium,0.034824762092313416,0.031791774520243225,0.9333834633874435
13840,22840,Medium,Medium,0.03231473698095894,0.031292375197639936,0.9363928878214011
4391,13391,Medium,Medium,0.032607255531890526,0.031542824885083386,0.9358499195830262
9574,18574,High,High,0.9332246006427051,0.03225010324920399,0.03452529610809069
8097,17097,High,High,0.9350954150968412,0.03194852306972276,0.032956061833435975
2129,11129,Low,Low,0.04145478429597759,0.7387056137488633,0.21983960195515903
29989,38989,Medium,Medium,0.03573889953204398,0.03438318607262473,0.9298779143953313
30753,39753,Medium,High,0.9376142078376435,0.029782639426764762,0.03260315273559178
23781,32781,Low,Low,0.03073453159668017,0.9348077370805529,0.03445773132276692
19265,28265,Medium,Medium,0.03434651634414342,0.03056258375798282,0.9350908998978738
37784,46784,Medium,Medium,0.033651505009004,0.031533798877483664,0.9348146961135123
17440,26440,Medium,Medium,0.03563092075965752,0.031403367240550414,0.9329657119997922
37742,46742,Low,Low,0.03727348913217456,0.9233216730904298,0.03940483777739567
2840,11840,Low,Medium,0.03484631470892213,0.033415599286681426,0.9317380860043963
31478,40478,Medium,Medium,0.03411089909559727,0.030858518647438767,0.9350305822569641
12619,21619,High,Medium,0.03067963172463986,0.02924627264924573,0.9400740956261143
17028,26028,High,High,0.9300276997265189,0.030753892514382625,0.039218407759098385
17243,26243,Medium,Medium,0.032884996173215185,0.033907024493415476,0.9332079793333694
353,9353,Medium,Medium,0.03392303544622168,0.03200585611375779,0.9340711084400205
37046,46046,High,High,0.9333059446741282,0.0315853412927795,0.0351087140330923
28702,37702,Low,Low,0.035542107331267746,0.9290921656271148,0.03536572704161736
19715,28715,Low,Medium,0.034349983568671645,0.04567500428905294,0.9199750121422755
5687,14687,Medium,Medium,0.031792449941627034,0.034330449625380476,0.9338771004329924
777,9777,High,High,0.93796665197927,0.03017654375352248,0.03185680426720751
32535,41535,Medium,Medium,0.030236447165236418,0.030426546739471465,0.939337006095292
3045,12045,Medium,Medium,0.03309506348125163,0.031908717292771095,0.9349962192259773
25397,34397,Medium,Medium,0.032141701138483636,0.0298797960605575,0.9379785028009588
15096,24096,Medium,Medium,0.03164160842380876,0.032384835638671984,0.9359735559375193
12354,21354,High,High,0.9410684221096317,0.02824838342871029,0.030683194461658073
25170,34170,Medium,Medium,0.03134445527733123,0.03257899297299241,0.9360765517496764
12208,21208,Medium,Medium,0.035031369602471184,0.032414453180209316,0.9325541772173196
39606,48606,Medium,Medium,0.03143705531870727,0.02958581940791748,0.9389771252733752
10768,19768,Medium,Medium,0.034717424259175816,0.03447846202596332,0.9308041137148608
15751,24751,Medium,Medium,0.03173749885067596,0.03829403030272684,0.9299684708465973
9,9009,High,Medium,0.1356322997184707,0.06193611650290077,0.8024315837786286
20433,29433,Medium,Medium,0.033559187459551776,0.033723100918390536,0.9327177116220576
11954,20954,Medium,Medium,0.03141480715086307,0.03340937848469732,0.9351758143644396
25184,34184,Medium,Medium,0.031032153021144832,0.03153793648390865,0.9374299104949465
19851,28851,High,Low,0.03062924074725212,0.935219198490168,0.03415156076257996
8669,17669,Low,Low,0.03407534449360202,0.9331523601756201,0.032772295330777884
28719,37719,Medium,Medium,0.031961417676290745,0.03219560925300882,0.9358429730707004
20855,29855,Medium,Medium,0.03354520037686943,0.031728063255342547,0.9347267363677879
17665,26665,High,High,0.9364284713698607,0.03010939873971677,0.03346212989042261
6776,15776,Medium,Medium,0.03343690753443243,0.031208342971278242,0.9353547494942894
39050,48050,High,High,0.831210976030655,0.04147370742686721,0.1273153165424779
2035,11035,High,High,0.9348484109159276,0.03199995511571416,0.03315163396835822
37852,46852,Medium,Medium,0.042526943710128856,0.09227060689706142,0.8652024493928097
13849,22849,Medium,Medium,0.030486388737149223,0.03466617043501438,0.9348474408278364
26224,35224,High,High,0.9361509607237579,0.0299249959122955,0.0339240433639466
28687,37687,Low,Low,0.029124700746150037,0.9379120516615408,0.03296324759230917
37646,46646,High,High,0.9306589522292548,0.03451588072802179,0.034825167042723475
33958,42958,Low,Low,0.02973310023187577,0.9374945497432162,0.032772350024908
14190,23190,Medium,Medium,0.030238813600407737,0.030729371801646057,0.9390318145979463
18876,27876,Low,Low,0.030138520918038928,0.9376850152266698,0.03217646385529114
22375,31375,High,High,0.9279855770976361,0.030428687638502917,0.04158573526386097
2282,11282,Low,Low,0.030908440818117566,0.9364521313145092,0.032639427867373054
23338,32338,Low,Low,0.03276373921403052,0.9277198713156896,0.0395163894702799
7638,16638,Medium,Medium,0.033648601354637285,0.031973637903463345,0.9343777607418994
19614,28614,Low,Low,0.03086258444517898,0.9313607742992076,0.03777664125561345
18377,27377,Medium,Medium,0.03222893398611324,0.02933761910630341,0.9384334469075833
18628,27628,Medium,Medium,0.032652686619619675,0.03171945440766013,0.9356278589727202
5581,14581,Medium,Medium,0.031565084830208916,0.03638879564420663,0.9320461195255844
10919,19919,Medium,Medium,0.030295914200655277,0.030581156877992854,0.939122928921352
1530,10530,Medium,Medium,0.032895846040497986,0.03367732695554516,0.9334268270039567
16110,25110,High,High,0.9366423456132374,0.03149994815483217,0.03185770623193044
34629,43629,High,High,0.935273152074053,0.03105946263932585,0.03366738528662114
39420,48420,Medium,Medium,0.03761823944002022,0.03386347864731281,0.928518281912667
25096,34096,Low,Medium,0.042909252778186587,0.28859126128004836,0.6684994859417651
20307,29307,Medium,Medium,0.03417876209548216,0.031011848211332422,0.9348093896931856
14909,23909,Low,Low,0.03681469549217764,0.9216841565629713,0.04150114794485108
7299,16299,High,High,0.9334766071838114,0.031565655022254856,0.034957737793933755
24542,33542,High,High,0.936509563010595,0.031218134470074516,0.03227230251933059
24584,33584,Low,Low,0.034662136102713896,0.9304707621688904,0.034867101728395744
32343,41343,Low,Low,0.03241042555066279,0.9275831434581523,0.04000643099118494
28095,37095,High,High,0.9341047289684234,0.03218369975416461,0.0337115712774119
1299,10299,High,High,0.9372153477303491,0.02943515872079396,0.03334949354885685
14691,23691,Medium,Medium,0.032717276436945275,0.03145272349240108,0.9358300000706535
6458,15458,Medium,Medium,0.03119889742936674,0.03083824809616857,0.9379628544744647
23467,32467,Medium,Medium,0.030472463491744123,0.03132648059213445,0.9382010559161214
6231,15231,Medium,Medium,0.03266568521865832,0.0432267333288476,0.924107581452494
8298,17298,High,Medium,0.032045076478199784,0.032244299169580715,0.9357106243522195
4474,13474,Low,Low,0.033463673002661974,0.9328522524317098,0.03368407456562828
18983,27983,Low,Low,0.03064623967916329,0.929842964010354,0.03951079631048273
26059,35059,Medium,Medium,0.037642189599203214,0.030440113936177363,0.9319176964646195
39747,48747,Medium,Medium,0.03475760694900671,0.039671994299637234,0.9255703987513559
14343,23343,High,High,0.9335899368918112,0.032215368712154586,0.034194694396034085
17850,26850,Medium,Medium,0.032982249270585635,0.03274857375008852,0.9342691769793258
29626,38626,Medium,High,0.9369714646309074,0.02923343588706988,0.03379509948202274
6466,15466,High,High,0.9321012645879797,0.03156444682648806,0.03633428858553233
25526,34526,Medium,Medium,0.03290762975354528,0.031283319181414256,0.9358090510650405
17291,26291,Medium,Medium,0.03796771825340737,0.11483650005060224,0.8471957816959904
33330,42330,Low,Low,0.034280545415951214,0.8829547661338694,0.08276468845017956
15873,24873,Medium,Medium,0.03325789090150602,0.03517798380032538,0.9315641252981686
17800,26800,High,High,0.931086684391306,0.03415505942648622,0.034758256182207604
27050,36050,Medium,Medium,0.03558830729852448,0.03509723639930202,0.9293144563021735
15613,24613,Medium,Medium,0.03623756339662828,0.03110346118688417,0.9326589754164876
30060,39060,High,High,0.9353105764464255,0.030327593600383427,0.03436182995319121
37915,46915,Medium,Medium,0.03594039853930845,0.03480938320316631,0.9292502182575252
5541,14541,Medium,Medium,0.035478464079649316,0.033160369282231324,0.9313611666381193
31051,40051,High,High,0.9346238666669607,0.032074505532563004,0.03330162780047622
30243,39243,Medium,Medium,0.03310819232665174,0.037029941429648695,0.9298618662436996
25771,34771,High,High,0.9322823259652905,0.03501579792099324,0.0327018761137163
25940,34940,Medium,Medium,0.03557321862048566,0.036693454014560443,0.9277333273649541
33211,42211,Medium,Medium,0.038232017093737,0.03670738691649499,0.925060595989768
3844,12844,Low,Low,0.033355274291029156,0.9304843756103359,0.03616035009863499
1548,10548,High,High,0.9309590308365765,0.032889648889534565,0.03615132027388889
25387,34387,Medium,Medium,0.03344307530192816,0.09110369618643288,0.8754532285116389
19909,28909,Medium,Medium,0.03906811229947404,0.03846517517835252,0.9224667125221734
7958,16958,High,High,0.9103665369399642,0.037561548969859346,0.052071914090176565
17615,26615,Low,Medium,0.029256103883498655,0.02920009297198521,0.9415438031445161
38240,47240,Low,Low,0.031233090655128287,0.9257014492930314,0.043065460051840226
9657,18657,High,High,0.9348654496191461,0.030128552997070374,0.03500599738378366
27002,36002,High,High,0.92660795657574,0.030167161184017025,0.043224882240242964
22734,31734,High,High,0.8856803382045267,0.039293452263382156,0.07502620953209117
23538,32538,Low,Low,0.031805567221017975,0.9335583376508899,0.03463609512809209
31756,40756,High,High,0.9344031548259258,0.03149926276262179,0.0340975824114525
17187,26187,Medium,Low,0.04329761927382835,0.7487186506347641,0.20798373009140755
22081,31081,Medium,Medium,0.030739468487421012,0.03023279273413415,0.9390277387784448
31091,40091,Medium,Medium,0.03188949913961294,0.03458275948256349,0.9335277413778235
34633,43633,Low,Low,0.03164019430417827,0.9325034188578597,0.03585638683796195
6329,15329,High,Low,0.030984036265029925,0.9316092824229806,0.03740668131198943
17158,26158,Medium,Medium,0.04316447547450062,0.03792144039025447,0.9189140841352449
36173,45173,Medium,Medium,0.033603202340268756,0.031539811501929936,0.9348569861578012
15280,24280,Medium,High,0.6215140912893712,0.03966809038426721,0.33881781832636165
9209,18209,Medium,Medium,0.03602483359444323,0.03425809631318511,0.9297170700923716
33587,42587,High,High,0.9344863751457405,0.030164217559383713,0.03534940729487573
32209,41209,Low,Medium,0.038583186400754,0.035358235887797844,0.9260585777114482
23417,32417,Medium,Medium,0.03254685080635912,0.03545680287680854,0.9319963463168323
9735,18735,Medium,Medium,0.03347362815734337,0.03096260072706124,0.9355637711155954
20804,29804,Medium,Medium,0.03254408275770379,0.03207788459014241,0.9353780326521538
36963,45963,Medium,Medium,0.036220593912178946,0.034768296170864355,0.9290111099169568
1181,10181,Medium,Medium,0.03838719701005062,0.03702151628625717,0.9245912867036923
10928,19928,Low,Low,0.030771285990233904,0.9346377539770637,0.034590960032702366
15515,24515,Low,Low,0.03165255395628644,0.9365764107055993,0.03177103533811429
35764,44764,High,High,0.9215325324777756,0.036841455540125766,0.041626011982098726
18997,27997,Low,Medium,0.03650017566201641,0.031910600148640854,0.9315892241893428
23214,32214,Low,Low,0.02924169567608355,0.9375176035045927,0.03324070081932377
21101,30101,Medium,Medium,0.033661463429176704,0.03389171105838556,0.9324468255124376
36383,45383,Low,Low,0.031428778960859556,0.9368046950622401,0.031766525976900474
13742,22742,Medium,Medium,0.03332903314735784,0.03314704974310981,0.9335239171095324
32674,41674,Medium,Medium,0.04285835727890711,0.03414219132044233,0.9229994514006505
15877,24877,High,High,0.9325271651698378,0.03323261936174064,0.03424021546842141
19543,28543,Medium,Medium,0.03349114503637735,0.037774148435080125,0.9287347065285426
2517,11517,Low,Low,0.058535465307559736,0.9008135363105629,0.04065099838187732
27501,36501,Low,Low,0.033635235899667625,0.9295409480064376,0.036823816093894735
26972,35972,Low,Low,0.03517723757016005,0.9306892428078565,0.03413351962198353
23947,32947,Medium,Medium,0.03326263114893558,0.03498647547144088,0.9317508933796234
3701,12701,Low,Low,0.02981520057686,0.9347700061007974,0.03541479332234274
4334,13334,Low,Low,0.03175876596973599,0.9316233351364763,0.036617898893787915
16646,25646,Medium,Medium,0.03214625353860836,0.032886733082233645,0.934967013379158
9676,18676,Medium,Medium,0.03251110030214353,0.0313607151322521,0.9361281845656043
11973,20973,Low,Low,0.0353840922211665,0.9102010133641834,0.05441489441465016
1346,10346,Medium,Medium,0.03551906733740529,0.030798897244232456,0.9336820354183623
34838,43838,Medium,Medium,0.03452165116557799,0.03200215631072274,0.9334761925236993
30517,39517,Low,Low,0.0318134749057794,0.9250809519773836,0.043105573116836986
18674,27674,Low,Low,0.03183054703833698,0.9280510466161708,0.0401184063454924
10103,19103,High,High,0.9379645441645068,0.02877995482037926,0.03325550101511388
30457,39457,Medium,Medium,0.0317205109242495,0.033082194643487516,0.935197294432263
26785,35785,High,High,0.9335918464473493,0.03371837356311471,0.03268977998953598
20727,29727,Low,Low,0.029547263245495434,0.9372633163662784,0.03318942038822626
27294,36294,Medium,Medium,0.03905854320245429,0.034378424929764395,0.9265630318677814
23537,32537,Low,Low,0.030934399525919417,0.9353415050919186,0.03372409538216214
10550,19550,Medium,Medium,0.03268593993938125,0.03164760010038805,0.9356664599602308
9235,18235,Low,Low,0.028762329597824154,0.9384303953024843,0.03280727509969155
47,9047,Low,Low,0.04843062702631393,0.68138529401022,0.2701840789634661
36354,45354,High,High,0.9389387162526753,0.0292695609931844,0.03179172275414016
7155,16155,Medium,Medium,0.03095510699395714,0.031286906041833824,0.937757986964209
22029,31029,Medium,Medium,0.030241983663031453,0.030208031114743517,0.939549985222225
30794,39794,Low,Low,0.0451958122245656,0.9220089763913225,0.03279521138411178
29296,38296,Low,Low,0.03279529552281669,0.8588568950285688,0.10834780944861457
30941,39941,Low,Low,0.03191804350536542,0.9273223570922239,0.040759599402410814
16421,25421,Medium,Medium,0.034354332996794135,0.03822274423214331,0.9274229227710625
16622,25622,Medium,Medium,0.039832820366722664,0.033975605301794824,0.9261915743314826
17102,26102,Medium,Medium,0.030798571779128186,0.03079542702045085,0.9384060012004211
256,9256,Medium,Medium,0.030940010870434912,0.03158609083853221,0.9374738982910329
13414,22414,Medium,Medium,0.2960769058538732,0.04080737415499916,0.6631157199911276
34534,43534,Medium,Medium,0.03138993818083204,0.030610013695291666,0.9380000481238763
24060,33060,Low,Low,0.030587861244360207,0.9369040719744014,0.032508066781238326
2845,11845,Low,Low,0.035940206088467694,0.9286206868751026,0.035439107036429746
28464,37464,High,High,0.9327752393656884,0.03198205857055949,0.03524270206375213
29896,38896,Medium,Medium,0.03282680720694729,0.033391689683118696,0.933781503109934
32628,41628,Medium,Medium,0.031041041201749154,0.030049257701726853,0.938909701096524
1041,10041,Low,Low,0.03067057547400807,0.9356619747549741,0.03366744977101769
22437,31437,Medium,Medium,0.03591150550090685,0.03118034067658472,0.9329081538225084
22197,31197,High,High,0.9353251983604015,0.031170007964939475,0.033504793674659125
31854,40854,Medium,Medium,0.038875970083217685,0.03143424678338805,0.9296897831333943
18681,27681,High,High,0.9334014452084954,0.031710402118701374,0.0348881526728032
22151,31151,Low,Low,0.03233897591392378,0.9346912441547314,0.03296977993134479
35159,44159,Medium,Medium,0.0340094489407574,0.033091958836234565,0.9328985922230081
27982,36982,High,High,0.9316491587235007,0.03183769669353585,0.0365131445829634
9068,18068,Low,Medium,0.031177027487246378,0.03030807070758225,0.9385149018051714
26952,35952,Medium,Medium,0.033641759677355505,0.031074005721528502,0.935284234601116
33655,42655,High,High,0.9388953513826471,0.028937236054417507,0.03216741256293528
511,9511,Medium,Medium,0.03573470631642218,0.03579391870982431,0.9284713749737534
26428,35428,Medium,Medium,0.030604278093265113,0.030161577272460983,0.9392341446342738
20674,29674,Low,Low,0.032309578059887815,0.9345297205135057,0.03316070142660654
10288,19288,Medium,Medium,0.03304589216522702,0.03300307944850323,0.9339510283862698
38518,47518,Medium,Medium,0.029804114604897486,0.02935578369028166,0.9408401017048208
33418,42418,Medium,Medium,0.031661613303419794,0.031243672232651964,0.9370947144639282
1206,10206,Low,Low,0.03351402516064964,0.9258262138557342,0.04065976098361616
9129,18129,High,High,0.8944329257544075,0.03507008635748698,0.07049698788810556
8999,17999,Low,Low,0.03839717375059205,0.8935761616282849,0.06802666462112308
29791,38791,Medium,Medium,0.03124544553219054,0.03183649650461503,0.9369180579631945
25807,34807,Medium,Medium,0.03243014676632603,0.03209914349121421,0.9354707097424598
21565,30565,Medium,Medium,0.03856048594910729,0.032890567045403475,0.9285489470054893
16340,25340,High,High,0.9369774082689992,0.030790646544109696,0.032231945186891105
11086,20086,High,High,0.9358398540769902,0.03146290598152218,0.032697239941487495
36717,45717,Low,Low,0.03244407451639648,0.9321208346607698,0.03543509082283376
26237,35237,Medium,Medium,0.03366232994893412,0.033964509223824706,0.9323731608272411
16647,25647,Low,Low,0.030612995573437763,0.9338420231314636,0.0355449812950987
6583,15583,Low,Low,0.030629677131308066,0.9310090010004389,0.03836132186825295
25394,34394,Medium,Medium,0.03762219329098057,0.03756421039896369,0.9248135963100558
14359,23359,Medium,Medium,0.03280898761732141,0.033626823167912274,0.9335641892147665
18144,27144,Medium,Medium,0.03097667484920692,0.032213423144969396,0.9368099020058237
1955,10955,High,High,0.9344107674882259,0.030589996270919618,0.03499923624085439
8987,17987,Medium,Medium,0.034312078365011434,0.03155208520129899,0.9341358364336895
22777,31777,Medium,Medium,0.03492392015830643,0.03656907170113421,0.9285070081405594
22050,31050,High,High,0.9321577156377168,0.032728002802424175,0.03511428155985898
31698,40698,Medium,Low,0.040740107117172374,0.7411172544338612,0.21814263844896642
28896,37896,Medium,Medium,0.04284770814321626,0.032738453138577386,0.9244138387182064
31297,40297,Medium,Medium,0.031187968729055302,0.0314193586387489,0.9373926726321958
6069,15069,High,High,0.9355230585653865,0.03246971455565249,0.03200722687896098
16972,25972,Medium,Medium,0.036215314310690534,0.02958764897142797,0.9341970367178815
333,9333,Medium,Medium,0.041097000916845365,0.038826997260559735,0.920076001822595
20547,29547,Medium,Medium,0.03835356961988994,0.035234574179667764,0.9264118562004423
23641,32641,Medium,Medium,0.0317484577224816,0.03159755536202246,0.9366539869154961
39434,48434,Medium,Medium,0.033701316722061996,0.03340642441131596,0.9328922588666221
22904,31904,Medium,Medium,0.03459089011427872,0.03869317061360092,0.9267159392721203
8053,17053,High,High,0.9391150480429475,0.02955725099867346,0.03132770095837904
17424,26424,High,High,0.9281777216492205,0.03438605670616953,0.03743622164460986
37185,46185,Medium,Medium,0.032864487973505156,0.04438550492036375,0.9227500071061311
39518,48518,Medium,Medium,0.03070343526038921,0.02939405281188245,0.9399025119277283
23371,32371,Low,Low,0.032457336408545694,0.9198657506744404,0.04767691291701392
6421,15421,High,High,0.9332669654324705,0.03457611316461118,0.03215692140291828
38853,47853,Medium,Medium,0.030203423942432413,0.03009471269253079,0.9397018633650367
2149,11149,Medium,Medium,0.03246960671301743,0.03145537496955492,0.9360750183174277
13818,22818,Medium,Medium,0.034477248775689896,0.03278194547742092,0.9327408057468892
17385,26385,Low,Low,0.034472645073506614,0.9316167588907169,0.0339105960357764
32443,41443,Medium,Medium,0.033214833032758954,0.03194087298667069,0.9348442939805705
5527,14527,High,High,0.9302712879959429,0.03448713099139261,0.03524158101266434
23798,32798,High,High,0.9368543268900162,0.030126534554423292,0.0330191385555605
11177,20177,High,High,0.9374185003500841,0.030893327186669605,0.03168817246324624
8032,17032,High,High,0.9367880787081697,0.02891986978795179,0.0342920515038784
33473,42473,Low,Low,0.04265538757132095,0.9176741959864447,0.03967041644223437
2147,11147,High,High,0.9407315626914009,0.02840515735280066,0.030863279955798417
9870,18870,Medium,Medium,0.03268528161536976,0.032388707115472655,0.9349260112691576
37362,46362,Low,Low,0.04961630663832422,0.7177228141159707,0.23266087924570522
14593,23593,Low,Medium,0.032844563350870576,0.030668007324465032,0.9364874293246644
18959,27959,Medium,Medium,0.04095520360204303,0.36377818090808334,0.5952666154898737
9747,18747,Low,Low,0.029696946737706936,0.9391307223369835,0.031172330925309678
11054,20054,High,High,0.9352599592106511,0.02951335587243538,0.035226684916913636
24249,33249,High,High,0.9331278259788588,0.032147199132697306,0.03472497488844406
19735,28735,Medium,Medium,0.037637240679943985,0.044099459195794145,0.9182633001242619
11882,20882,High,High,0.9355460533463136,0.029774539457618706,0.03467940719606763
30104,39104,Medium,Medium,0.03775016635117583,0.032204641172924826,0.9300451924758995
29039,38039,Medium,Medium,0.033606211371960536,0.036329393060071206,0.9300643955679683
33886,42886,Low,Low,0.030827797562846815,0.9315949552494351,0.03757724718771805
25730,34730,Medium,Medium,0.031451643061398554,0.031179501644379992,0.9373688552942214
8039,17039,High,High,0.936404838591065,0.029400368983651823,0.034194792425283026
9690,18690,Medium,Medium,0.03488579783516136,0.03300063023425611,0.9321135719305825
856,9856,High,High,0.9248909901227341,0.03481781240192644,0.040291197475339345
36272,45272,High,High,0.9265608258306924,0.03259818781111432,0.04084098635819317
30711,39711,Medium,Medium,0.033462073125941426,0.0318057521992774,0.9347321746747812
15328,24328,Medium,Medium,0.03118347516767171,0.05463769495843629,0.914178829873892
5807,14807,Low,Low,0.030553906012733178,0.9328434424350772,0.03660265155218948
39885,48885,High,High,0.9358620864146774,0.029502042305529178,0.03463587127979335
7232,16232,Medium,Medium,0.032771492003873776,0.031495011002923234,0.935733496993203
35738,44738,Medium,Medium,0.03205748816580089,0.032609536024035754,0.9353329758101633
4203,13203,High,High,0.932382654813804,0.032514583745226165,0.03510276144096986
29121,38121,Medium,Medium,0.03785136962535173,0.039349839191959744,0.9227987911826886
27181,36181,Medium,Medium,0.033979900971206956,0.04408046390840204,0.921939635120391
24996,33996,Medium,Medium,0.08262015518913661,0.03804721701209632,0.8793326277987671
2218,11218,High,High,0.9391674738731705,0.029191825513806526,0.03164070061302302
17434,26434,Medium,Medium,0.04565543509412962,0.03398219596478228,0.9203623689410881
38616,47616,Medium,Low,0.041823723208514296,0.8994726322309493,0.058703644560536276
10804,19804,High,High,0.9341453627213055,0.03207762838379296,0.03377700889490145
21955,30955,Medium,Medium,0.032319569906669364,0.03152643745738194,0.9361539926359487
20189,29189,Medium,Medium,0.036661494650745814,0.03337333669966883,0.9299651686495854
32142,41142,Medium,Medium,0.03522144958028867,0.03244290129666114,0.9323356491230501
37673,46673,High,High,0.9298879122875289,0.033523459221705486,0.036588628490765635
5248,14248,Low,Low,0.0382170467829826,0.9256893611166433,0.036093592100374
25549,34549,Medium,Medium,0.0325551886205661,0.03060932744330434,0.9368354839361296
32091,41091,Medium,Medium,0.034501062092022076,0.03449826382479194,0.9310006740831861
34227,43227,High,High,0.9293673574573579,0.03805255626722808,0.032580086275414005
28053,37053,Low,Low,0.03193918705434772,0.9346256636915201,0.033435149254132164
22546,31546,Medium,Medium,0.03308840844826225,0.033654682851916085,0.9332569086998216
21012,30012,Low,Low,0.033011644386724374,0.9116340234642507,0.05535433214902491
6300,15300,High,High,0.9229498841646154,0.033238398322877276,0.043811717512507405
19967,28967,Low,Low,0.03387656618105204,0.9331965589967934,0.03292687482215459
24202,33202,Medium,Medium,0.034249058946014134,0.03691483762975693,0.9288361034242291
34937,43937,High,High,0.9355203034994982,0.03017143892334744,0.03430825757715438
27337,36337,Medium,Medium,0.03242386925390354,0.035352409712338904,0.9322237210337576
14118,23118,Low,Low,0.032879901797124154,0.9333795229021272,0.03374057530074869
16344,25344,Medium,Medium,0.03845931833684502,0.04033750578520259,0.9212031758779524
37875,46875,High,High,0.9368001744117795,0.0295206603360883,0.03367916525213218
33952,42952,Medium,Medium,0.03249155801722669,0.0314943795287844,0.9360140624539891
8910,17910,Low,Low,0.02927816061172191,0.9372467954373791,0.03347504395089906
36339,45339,High,High,0.9245374673807628,0.03717818599162725,0.03828434662760998
39806,48806,Medium,Medium,0.030775403316848887,0.03049284918925678,0.9387317474938944
33740,42740,Low,Low,0.0318573783459302,0.9265868225209228,0.04155579913314703
9116,18116,Medium,Medium,0.03154337474804111,0.030741005188614844,0.9377156200633441
13721,22721,High,High,0.916446911356504,0.03378351480500357,0.049769573838492585
30972,39972,Medium,Medium,0.03866061171629481,0.0350059572835933,0.926333431000112
3624,12624,Low,Low,0.03065966008374188,0.937339074129082,0.032001265787176165
20687,29687,Low,Low,0.030419874024741205,0.93053143638026,0.039048689594998735
13379,22379,Medium,Medium,0.029905434666219182,0.030724900782052905,0.9393696645517279
29651,38651,Medium,Medium,0.03164357150956342,0.030130027606685345,0.9382264008837513
18816,27816,High,High,0.9343016632771288,0.03188337969505606,0.03381495702781515
8448,17448,High,High,0.9258574203709121,0.03987871221883199,0.03426386741025589
30745,39745,Medium,High,0.9343325149881269,0.031644289732620255,0.034023195279252814
37474,46474,High,High,0.8923590414512432,0.041089373481692754,0.06655158506706386
39809,48809,Low,Low,0.030162528384155757,0.937460956815741,0.03237651480010328
23020,32020,Low,Low,0.03836584217900302,0.9167754863744652,0.04485867144653181
3374,12374,High,High,0.9318900811402867,0.031457922416108196,0.036651996443605034
605,9605,Low,Medium,0.029603856993640817,0.030500717342914787,0.9398954256634444
34358,43358,Medium,Medium,0.03135607837734997,0.033254189570502246,0.9353897320521479
39822,48822,High,High,0.9266804890572787,0.03382534211085638,0.03949416883186498
23440,32440,Medium,Medium,0.03236998227549987,0.046685115320696906,0.9209449024038031
36007,45007,High,High,0.9377632293970469,0.029754030983083424,0.03248273961986956
4948,13948,Low,Low,0.15039097087464884,0.8085825733930395,0.04102645573231161
11891,20891,Medium,Medium,0.03581080249647977,0.1951551237895699,0.7690340737139504
11094,20094,Medium,Medium,0.03300174482467822,0.037251459133888366,0.9297467960414334
32888,41888,Medium,Medium,0.030914668022339692,0.030176868762370964,0.9389084632152893
17622,26622,High,High,0.9353320495618457,0.030413558366244903,0.03425439207190939
27692,36692,Medium,Medium,0.03204726722855413,0.029634673195879636,0.9383180595755661
20010,29010,Low,Medium,0.034580788676349956,0.035634866808101,0.9297843445155491
37732,46732,Medium,Medium,0.03901374929894441,0.05150750189905367,0.9094787488020019
30735,39735,Medium,High,0.9344595988615297,0.03115237774409618,0.03438802339437406
29,9029,Low,Low,0.03631453852303412,0.8336374285836117,0.13004803289335418
13636,22636,Medium,Medium,0.03338796254965112,0.02946047411319799,0.9371515633371509
29762,38762,High,Medium,0.032897063794550714,0.03304124686878595,0.9340616893366634
22740,31740,Medium,Medium,0.033629638843065704,0.029791081119451276,0.936579280037483
34611,43611,Medium,Medium,0.03136005762283142,0.03294080546745292,0.9356991369097157
7200,16200,Low,Low,0.034946553436250916,0.9321140320254382,0.03293941453831079
34740,43740,Medium,Medium,0.03230974308687402,0.03146352028980591,0.93622673662332
2609,11609,High,High,0.9365097861089459,0.030559065186640588,0.032931148704413535
6489,15489,Low,Low,0.04047303171196414,0.8830527893322571,0.07647417895577877
19807,28807,Medium,Medium,0.036031497795780354,0.03631380590407312,0.9276546963001465
28743,37743,High,High,0.9189378174860326,0.039134173612815355,0.04192800890115209
12385,21385,Low,Low,0.03522004952576376,0.9033095504688902,0.06147040000534601
21860,30860,Low,Low,0.03082234741008193,0.9333829596221793,0.03579469296773885
25653,34653,Medium,Medium,0.031976521280222846,0.03299889785828763,0.9350245808614895
24780,33780,High,High,0.9350913159731814,0.030574148509182192,0.034334535517636405
29405,38405,Low,Low,0.03026884338942662,0.9372844897959803,0.0324466668145929
13805,22805,Medium,Medium,0.03496390506982076,0.03128317238280875,0.9337529225473706
8871,17871,Medium,High,0.9324603782412746,0.03150198946159511,0.03603763229713031
26921,35921,Medium,Medium,0.03410781793110271,0.03295422146892702,0.9329379605999703
36895,45895,Medium,Medium,0.03748658051721256,0.04385451845584237,0.9186589010269451
3636,12636,Low,Low,0.036296772968617046,0.924140493989739,0.039562733041643976
1219,10219,High,Medium,0.03539707807517691,0.03922890723638908,0.925374014688434
18390,27390,Medium,Medium,0.03478439153366159,0.032629046413419314,0.9325865620529191
19814,28814,Low,Low,0.03285653649860048,0.9151420405934417,0.05200142290795778
11218,20218,Medium,Medium,0.029615258859885914,0.0344599229031237,0.9359248182369905
39303,48303,High,High,0.9213525288343697,0.03756929389978416,0.041078177265846116
23550,32550,High,High,0.9371677271148403,0.029111093779801592,0.03372117910535808
32660,41660,Low,Low,0.03104932418880167,0.9294385198099624,0.039512156001236
13159,22159,Low,Low,0.030816953597985666,0.9346665158994737,0.034516530502540645
21939,30939,Low,Low,0.029494244260205988,0.9384214470118314,0.03208430872796269
27122,36122,Low,Low,0.030090333626999796,0.935811965309774,0.03409770106322627
32383,41383,Medium,Medium,0.03027702946665119,0.02959406977736914,0.9401289007559797
22494,31494,Low,Medium,0.032114421431309936,0.03030355628370678,0.9375820222849832
4479,13479,Medium,Medium,0.033036419382772166,0.037926810206267245,0.9290367704109604
33904,42904,High,High,0.9319767736511088,0.03262255496798317,0.03540067138090808
2237,11237,Low,Low,0.031002075736766155,0.9369630057612405,0.03203491850199333
26187,35187,High,Low,0.03462082479969189,0.9315111351263338,0.03386804007397432
39376,48376,High,High,0.6300813478719895,0.04656419436810697,0.3233544577599034
32643,41643,Low,Low,0.030522476493574886,0.9261100270817236,0.043367496424701446
31758,40758,High,High,0.9358689556778077,0.031322097653125554,0.03280894666906664
16679,25679,Medium,Medium,0.03283223116197371,0.030954379608266663,0.9362133892297596
7511,16511,High,High,0.9325898633800378,0.03156067516485377,0.0358494614551084
26884,35884,Medium,Medium,0.040243281778750424,0.31961265520235443,0.6401440630188951
36823,45823,Medium,Medium,0.039496532287357076,0.03220274973420951,0.9283007179784334
28162,37162,High,High,0.9368424933368146,0.02978750971733767,0.033369996945847726
11610,20610,Medium,Medium,0.07738195376909296,0.0403707371641012,0.8822473090668058
38608,47608,Medium,Low,0.04459661185244352,0.5338907690760465,0.4215126190715101
3976,12976,High,High,0.9059459881505193,0.04110096316962514,0.05295304867985553
27101,36101,High,High,0.9351691940244894,0.030257647947860542,0.034573158027650076
27917,36917,Medium,Medium,0.03393874311826641,0.03465977700059455,0.9314014798811391
23810,32810,Medium,Low,0.0321439066087898,0.8719990354774563,0.09585705791375394
24222,33222,Low,Low,0.03507599573221262,0.9296274041894482,0.03529660007833912
35985,44985,Medium,Medium,0.03299974811007951,0.03248979410259425,0.9345104577873262
16462,25462,High,High,0.9354972370366775,0.0316976821000676,0.03280508086325491
15920,24920,Low,Medium,0.03223509235265352,0.030108208378813273,0.9376566992685332
26860,35860,High,Medium,0.03131291962658536,0.03374398442546359,0.934943095947951
19297,28297,Medium,Medium,0.03165654040362164,0.03074854295150525,0.9375949166448732
980,9980,Medium,Medium,0.02984661768756949,0.029204657884681667,0.9409487244277489
12463,21463,High,High,0.9345809222999727,0.031364031382442176,0.034055046317585054
15381,24381,Medium,Medium,0.03166522328898536,0.03128876185932251,0.9370460148516923
24984,33984,High,High,0.9307189116408926,0.03572839323240349,0.03355269512670383
24500,33500,Medium,Medium,0.030042836249292052,0.02935860902093591,0.940598554729772
2048,11048,Medium,Medium,0.03109110254815538,0.02942311499626657,0.939485782455578
9794,18794,Medium,Medium,0.03178355299965862,0.030852225629350607,0.9373642213709906
18212,27212,Low,Low,0.037142627894664666,0.926597314382927,0.03626005772240824
39677,48677,High,High,0.9345361719214204,0.03138467742483984,0.034079150653739815
31089,40089,High,Low,0.02990977535797018,0.9335623987179588,0.03652782592407105
27678,36678,Medium,Medium,0.03102148154429484,0.03410553347237448,0.9348729849833308
19153,28153,Medium,Medium,0.031455899986164416,0.03123035198985209,0.9373137480239836
14830,23830,Medium,Medium,0.03194748970742477,0.03615011799849104,0.9319023922940842
13060,22060,Medium,Medium,0.03236395509160362,0.031798936615730015,0.9358371082926663
28748,37748,Low,High,0.9350819601424069,0.03131544567733996,0.033602594180253
7860,16860,High,High,0.9354796705450736,0.030917740772333547,0.033602588682592895
34860,43860,Low,Low,0.03294966709854719,0.9041323891534998,0.06291794374795302
22012,31012,Medium,Medium,0.03725471597140515,0.03074351109589157,0.9320017729327033
15260,24260,Low,Low,0.032729117987749815,0.9348341447168592,0.032436737295390976
1448,10448,Low,Low,0.031205976402986613,0.9318136407828329,0.036980382814180444
14058,23058,Medium,Medium,0.035704545288696175,0.033887414707737845,0.930408040003566
2798,11798,Low,Low,0.029911894176811244,0.9377177867908166,0.032370319032372113
25091,34091,Medium,Medium,0.033318254911189726,0.07206990099686611,0.8946118440919442
38637,47637,High,High,0.9254479429530194,0.040245709392416916,0.03430634765456376
6976,15976,Medium,Medium,0.03033505789263738,0.029946186187415975,0.9397187559199466
35861,44861,High,High,0.9375497898126629,0.030218209127988314,0.032232001059348814
26419,35419,Medium,Medium,0.030324136943014515,0.03017229551074606,0.9395035675462394
37496,46496,Low,Low,0.03159437594011572,0.92686756467607,0.041538059383814274
28836,37836,Medium,Medium,0.02998727582946893,0.03291007211505673,0.9371026520554744
19984,28984,Medium,Medium,0.03078335951064798,0.0314998478031065,0.9377167926862455
28918,37918,High,High,0.6562287499243623,0.04377719437771932,0.29999405569791837
19827,28827,Medium,Medium,0.035981751165333364,0.03156407317920617,0.9324541756554604
27859,36859,Medium,Medium,0.031145305060605633,0.03158269730104784,0.9372719976383466
23263,32263,High,High,0.935435204095976,0.03125152490103782,0.03331327100298619
31001,40001,Low,Low,0.030184645276939284,0.9314495147132055,0.0383658400098554
11484,20484,Low,Low,0.03033932196942588,0.9287295972135095,0.040931080817064765
32081,41081,Medium,Medium,0.031660933382037605,0.031542059464925165,0.9367970071530373
8551,17551,High,Medium,0.04422502478620313,0.19152717275048822,0.7642478024633087
21900,30900,Low,Low,0.039587233451504396,0.9191505372358256,0.041262229312669964
3304,12304,Low,Low,0.043060941141228326,0.8733527716734035,0.08358628718536822
38487,47487,High,High,0.9330127590976999,0.03321900091456053,0.033768239987739604
38888,47888,High,High,0.93780603176442,0.029850591425685358,0.03234337680989467
5811,14811,Low,Low,0.031515363459779365,0.9238187967363465,0.04466583980387414
37177,46177,Low,Low,0.03011148157952434,0.9382351352010888,0.031653383219386926
33071,42071,High,High,0.9347054629480768,0.031115693586430987,0.034178843465492346
21688,30688,Low,Low,0.029407114341979096,0.9383662397308714,0.03222664592714942
29582,38582,High,High,0.9367614801049634,0.02912652603265804,0.034111993862378696
9692,18692,Low,Low,0.030428971396945375,0.9354457240302573,0.034125304572797305
23031,32031,Low,Low,0.031029065088893346,0.9352924472944322,0.03367848761667457
17616,26616,Medium,Medium,0.030114946032857155,0.03029177924994525,0.9395932747171977
18634,27634,Medium,Medium,0.03339475657097119,0.03349397630514007,0.9331112671238887
5260,14260,Medium,Medium,0.03407410131272188,0.0304691100740879,0.9354567886131903
32116,41116,Medium,Medium,0.03220641672260211,0.03307053333376279,0.934723049943635
31374,40374,High,High,0.9345022205357315,0.031496077371056884,0.03400170209321169
17347,26347,High,High,0.9348125761368852,0.03131264573309607,0.03387477813001879
6095,15095,High,High,0.9350986548613097,0.03253916413143069,0.03236218100725973
26126,35126,Low,Low,0.039567918350232545,0.9177105989038923,0.042721482745875256
31787,40787,Low,Low,0.033397062831132175,0.911429704650541,0.05517323251832686
1083,10083,Low,Medium,0.031526315489089775,0.03507506584370414,0.9333986186672062
20947,29947,Medium,Medium,0.03219736097737918,0.030029648822510097,0.9377729902001107
38785,47785,Medium,Medium,0.03286927166378734,0.032570046243006516,0.9345606820932062
35235,44235,Medium,Medium,0.033107946161420945,0.0335734686280695,0.9333185852105096
9545,18545,Low,Low,0.029712769790438156,0.9387464443319637,0.031540785877598176
23826,32826,Low,Low,0.030415584942633866,0.9355790983052947,0.03400531675207142
7011,16011,Medium,Medium,0.031464896641422734,0.03568002152231095,0.9328550818362663
32109,41109,Medium,Medium,0.03878169451809499,0.03187714797680746,0.9293411575050975
18030,27030,Medium,Medium,0.03174769832249134,0.0332141746426916,0.935038127034817
19628,28628,Low,Low,0.051229638436866363,0.9126632014000745,0.03610716016305915
18529,27529,Medium,Low,0.04431853322177254,0.5360515008200328,0.4196299659581946
13655,22655,Low,Low,0.03307994491524468,0.9346113401177522,0.03230871496700321
34783,43783,Medium,High,0.9389472262849737,0.028743596435503487,0.03230917727952276
14484,23484,Low,Low,0.03850283653327601,0.9138771077705888,0.04762005569613507
26355,35355,High,High,0.9355683228560334,0.03189773295043332,0.032533944193533185
34834,43834,Medium,Medium,0.03100076158495733,0.03316687688141331,0.9358323615336294
13149,22149,Medium,Medium,0.032161102158083106,0.03289726825903646,0.9349416295828804
27737,36737,Low,Low,0.02909188015382655,0.9385259618319607,0.03238215801421265
28840,37840,High,High,0.9336701826732324,0.032135122048512856,0.03419469527825452
22802,31802,Low,Low,0.030150446515324645,0.934237752178903,0.035611801305772434
14842,23842,Low,Medium,0.031299569542205634,0.030840326406708942,0.9378601040510853
28739,37739,Medium,Medium,0.03042928610685169,0.034387541135834594,0.9351831727573137
37437,46437,Medium,Medium,0.03542451271535541,0.034086986220773365,0.9304885010638713
30317,39317,Low,Low,0.031616962471132666,0.935506733727101,0.032876303801766364
36738,45738,High,High,0.9275286367538577,0.034033674844855276,0.03843768840128715
18394,27394,Low,Low,0.034371384236313224,0.9325952919373681,0.03303332382631873
34284,43284,Medium,Medium,0.03192970553346242,0.03343172513200746,0.9346385693345302
34156,43156,Low,Low,0.03203725899390281,0.9358973992641405,0.03206534174195674
24197,33197,Medium,Medium,0.038996389956906186,0.07127340473234935,0.8897302053107445
38280,47280,Medium,Medium,0.034690445188367246,0.030923298072393465,0.9343862567392393
29829,38829,High,High,0.9175900469173852,0.03141572970976763,0.0509942233728472
19421,28421,Medium,Medium,0.03515153954524228,0.03063526564068729,0.9342131948140705
33606,42606,Medium,Medium,0.03278755248003692,0.030807273642408067,0.9364051738775551
27953,36953,High,High,0.9369860409364289,0.03184749298116019,0.031166466082410898
30287,39287,Medium,Medium,0.03408013668511602,0.037856010284739325,0.9280638530301447
5090,14090,Low,Low,0.039524981879244386,0.895294286512482,0.0651807316082736
36780,45780,Low,Low,0.02971867060822192,0.9371402732818815,0.0331410561098964
32909,41909,Medium,Medium,0.03136182710892225,0.03270397531124959,0.9359341975798281
4663,13663,High,High,0.9342551585564159,0.03028677066997233,0.03545807077361165
11764,20764,High,High,0.934708983942003,0.03150419941732764,0.03378681664066949
38671,47671,High,High,0.9332386535206627,0.032857516128511705,0.03390383035082563
17094,26094,Medium,Medium,0.03095992806966656,0.03179077311264622,0.9372492988176874
11171,20171,Medium,Medium,0.031225023390592774,0.03214719624249616,0.9366277803669111
34848,43848,High,High,0.9197697813530038,0.03325591639878881,0.04697430224820733
32250,41250,High,High,0.9249788706967351,0.029828778799285877,0.04519235050397899
31594,40594,Medium,Low,0.032460403809445204,0.9345329352529513,0.03300666093760347
18510,27510,High,High,0.9307361115384235,0.0312599734155769,0.03800391504599968
27840,36840,Medium,Medium,0.030077870479011847,0.029911634868531472,0.9400104946524568
23195,32195,High,Medium,0.03357065462843819,0.03094940353410393,0.9354799418374578
33787,42787,Medium,Medium,0.032753967334972094,0.0319217426698104,0.9353242899952176
9957,18957,Medium,Medium,0.031504372624374416,0.03216508552780366,0.9363305418478219
33853,42853,Low,Low,0.03017411244648799,0.927995087014953,0.04183080053855892
36594,45594,Medium,Medium,0.04075164803294668,0.2325012047124069,0.7267471472546463
39723,48723,Low,Medium,0.032827456337526865,0.030789171903717008,0.9363833717587561
5519,14519,Medium,Medium,0.03550137845407197,0.039579075907270445,0.9249195456386577
17344,26344,High,High,0.929651835812381,0.033199752713773394,0.037148411473845615
10674,19674,Medium,Medium,0.037461964907152555,0.03723076126504953,0.9253072738277979
1243,10243,Medium,Medium,0.032399513838878465,0.030298189671168638,0.937302296489953
9319,18319,Low,Low,0.03237146185329014,0.9186441031358844,0.048984435010825444
37487,46487,Medium,Medium,0.036337120406754436,0.036947726833586166,0.9267151527596594
10500,19500,High,High,0.9276878900652021,0.03675279814615853,0.0355593117886393
19468,28468,Medium,Medium,0.041672873082103656,0.18866583205207163,0.7696612948658248
35208,44208,Medium,Medium,0.034152772940649646,0.030763596311030334,0.93508363074832
20158,29158,Medium,Medium,0.04737853368371455,0.032016075322703494,0.920605390993582
23021,32021,Low,Low,0.03206237319780095,0.9344768431210223,0.0334607836811767
32692,41692,High,High,0.9347114349287073,0.030093081652735994,0.03519548341855661
19269,28269,Low,Low,0.03078662386119334,0.9316301247612065,0.03758325137760014
19005,28005,Medium,Medium,0.03423924597437686,0.03872160278173192,0.9270391512438912
20549,29549,Low,Low,0.028732158772923788,0.9386797162712774,0.032588124955798756
14933,23933,Low,Low,0.031197592404659618,0.934878619746911,0.03392378784842934
31597,40597,Medium,Medium,0.031595433089238324,0.0332158658846674,0.9351887010260943
1477,10477,High,High,0.9387472427118646,0.029101501051961107,0.03215125623617431
19877,28877,Medium,Medium,0.03409745553136043,0.036397815314553016,0.9295047291540866
13786,22786,Medium,Medium,0.03324030676579754,0.03289449133796531,0.9338652018962371
17258,26258,Low,Low,0.03147987035240114,0.9253719363195249,0.04314819332807388
33718,42718,Medium,Medium,0.03204038569004933,0.030043087744788314,0.9379165265651622
22813,31813,Low,Low,0.033808711805143436,0.9002868995572647,0.06590438863759183
30339,39339,High,High,0.9275849343477435,0.032905036093847206,0.039510029558409356
12226,21226,Low,Medium,0.029132404724591915,0.03033458564873989,0.9405330096266682
14311,23311,Low,Low,0.033452914153898866,0.9344752838692049,0.03207180197689632
28279,37279,Medium,Low,0.04363437844047658,0.9028483373847845,0.05351728417473891
14386,23386,Medium,Medium,0.042210487981127275,0.035547865658930776,0.922241646359942
37293,46293,Medium,High,0.93818320623829,0.030065932309788004,0.03175086145192202
19542,28542,High,Medium,0.03795860138822205,0.03955864466477321,0.9224827539470047
39330,48330,Medium,Medium,0.03314346578640432,0.030521580884382452,0.9363349533292133
8993,17993,Low,Low,0.03385278844351069,0.9295696241741725,0.03657758738231667
17059,26059,Low,Low,0.032436055629375814,0.9331088435478506,0.034455100822773525
36849,45849,Low,Low,0.030986455112139214,0.936201852228324,0.032811692659536866
36508,45508,Low,Low,0.03139284035143518,0.9034194240694408,0.06518773557912398
32344,41344,Medium,Medium,0.03085388540026394,0.032140346415428685,0.9370057681843074
27086,36086,Medium,Medium,0.031113501399128423,0.03383775415401143,0.9350487444468601
9315,18315,High,High,0.9252069054090918,0.03610801797458973,0.03868507661631853
35785,44785,Low,Low,0.033282130496296115,0.9286443105214582,0.038073558982245605
39890,48890,Medium,Medium,0.03349695721391885,0.033318726352214556,0.9331843164338666
36089,45089,Low,Low,0.03131880778710334,0.9308571045865581,0.037824087626338466
1155,10155,Low,Low,0.03353427812599174,0.934807260305563,0.0316584615684452
16752,25752,Medium,Medium,0.03423558136032244,0.030357393185775544,0.9354070254539021
14735,23735,Medium,Medium,0.03324790856629315,0.030414221366262952,0.9363378700674438
25007,34007,Low,Low,0.033869347318323285,0.9265153052291325,0.039615347452544226
13048,22048,Medium,Medium,0.03216600920153875,0.03431450118015763,0.9335194896183037
4328,13328,High,High,0.8571588615229916,0.039909200688686024,0.10293193778832237
10485,19485,High,High,0.9317446196038452,0.03036748512654094,0.03788789526961381
13314,22314,Medium,Medium,0.03097942692227726,0.03132571082592003,0.9376948622518028
13203,22203,High,High,0.9345341485906523,0.03224313972406882,0.03322271168527902
26036,35036,High,High,0.9363494644978584,0.0306087441011459,0.033041791400995564
6684,15684,Low,Low,0.03716014821281277,0.9174540550181498,0.045385796769037395
18104,27104,Low,Low,0.03606192515036968,0.798501513236452,0.1654365616131784
38695,47695,High,High,0.9278064775152077,0.03129890374896053,0.040894618735831674
8030,17030,High,High,0.6442337074760386,0.03841354594796165,0.3173527465759998
25504,34504,High,High,0.932214938770485,0.03288764054295074,0.03489742068656424
34023,43023,Medium,Medium,0.034028933419576364,0.03248590762978468,0.933485158950639
7309,16309,Medium,Medium,0.03405224185946893,0.03166069935389428,0.9342870587866368
23593,32593,Medium,Medium,0.03213306446586578,0.03078061151820216,0.9370863240159322
3444,12444,Medium,Medium,0.033622422676869164,0.029916711880814854,0.936460865442316
12802,21802,Low,Low,0.03256765321709799,0.9338349280061969,0.03359741877670502
5122,14122,High,High,0.9370347277021628,0.03062053692054026,0.032344735377296964
18656,27656,Low,Low,0.034580386500378486,0.9274071038429442,0.0380125096566771
1445,10445,Medium,Medium,0.044885074780565415,0.03375352423882402,0.9213614009806106
38757,47757,High,High,0.9301276212744876,0.029180775379630847,0.0406916033458816
15431,24431,Medium,Medium,0.03140319803593291,0.03699619421748724,0.9316006077465798
291,9291,Low,Low,0.029547821335719177,0.9385609372370459,0.03189124142723487
20921,29921,Low,High,0.9324761577530127,0.032528453675924336,0.03499538857106301
30273,39273,High,High,0.9284261203864949,0.03311055748909825,0.03846332212440683
33250,42250,Medium,Medium,0.03680529943790275,0.072338037894859,0.8908566626672382
1622,10622,Medium,High,0.8859218468980101,0.037890577241986495,0.07618757586000345
20818,29818,Medium,Medium,0.0393204707121801,0.032526710624497274,0.9281528186633227
34761,43761,High,High,0.6151449489963995,0.04862640837785959,0.33622864262574087
14669,23669,Medium,Medium,0.03159010595747235,0.03140800435852039,0.9370018896840073
18343,27343,Medium,Medium,0.031239139166316727,0.03133851173375493,0.9374223490999283
8230,17230,Medium,Medium,0.040201159026387115,0.04319493450242931,0.9166039064711836
11330,20330,Low,Low,0.03238928460342088,0.9352504822994753,0.03236023309710396
33712,42712,High,Medium,0.03421320231034861,0.0324162826013947,0.9333705150882566
14114,23114,Medium,Medium,0.031649749934145134,0.03176992071849856,0.9365803293473562
17159,26159,Low,Low,0.03305011111112296,0.9261425674957344,0.04080732139314253
2179,11179,Medium,Medium,0.035648053125450475,0.03287017870900575,0.9314817681655437
20963,29963,Medium,Medium,0.03128947963799345,0.03025672510961328,0.9384537952523933
8461,17461,Medium,Medium,0.03706712512698133,0.03709811457648202,0.9258347602965368
1440,10440,Medium,Medium,0.03333282400800538,0.03250289434752123,0.9341642816444734
14687,23687,Medium,Medium,0.037017145733866184,0.03446370126869033,0.9285191529974434
22684,31684,Low,Low,0.0382050070951853,0.8860996599336145,0.07569533297120022
27946,36946,Medium,Medium,0.030950191630340514,0.03318032178414403,0.9358694865855154
1080,10080,Medium,Medium,0.038201757025368814,0.03482876427501797,0.9269694786996133
4399,13399,High,Medium,0.03539693823313166,0.035786178177564944,0.9288168835893034
10879,19879,Low,Low,0.03003367623574188,0.9382383701101759,0.03172795365408223
5235,14235,Medium,Medium,0.032458175804168356,0.03421155071548094,0.9333302734803507
33565,42565,Medium,Medium,0.03911155616922551,0.19949441077861527,0.7613940330521594
2956,11956,Low,Low,0.03105620561510615,0.9328607002349157,0.03608309414997813
39899,48899,Medium,Medium,0.031844363078504655,0.03145066498104488,0.9367049719404504
22564,31564,Medium,Low,0.0384016581416822,0.9295458795590424,0.032052462299275414
24785,33785,Medium,Medium,0.03134895166599822,0.030931331120802347,0.9377197172131995
29327,38327,High,High,0.866847474285935,0.03927621997436692,0.09387630573969807
27487,36487,Low,Low,0.02998999258320083,0.9361865814839635,0.03382342593283568
29049,38049,Low,Low,0.03052561780262385,0.9363656452765846,0.033108736920791554
11593,20593,Medium,Medium,0.034299224910316305,0.03304678105343414,0.9326539940362496
14368,23368,Medium,Medium,0.031977493145935086,0.03281297828881691,0.935209528565248
32198,41198,Medium,Medium,0.03182937901825444,0.031221405045274448,0.9369492159364712
36396,45396,Medium,Medium,0.031056320701770973,0.03265211144567055,0.9362915678525585
9434,18434,Low,Low,0.03151269959560558,0.904076026936814,0.06441127346758052
29177,38177,High,High,0.9385146571272851,0.029809916957019598,0.03167542591569533
36658,45658,Low,Low,0.02966199442497472,0.9369711377752532,0.03336686779977203
4250,13250,Low,Low,0.03211964295312301,0.9294282922516927,0.03845206479518429
23112,32112,High,High,0.9309816987381248,0.032516808908555066,0.03650149235332025
22480,31480,High,High,0.9223593034343396,0.03794634114759406,0.03969435541806637
1836,10836,High,High,0.9334950230176381,0.03134264790263535,0.03516232907972657
12204,21204,Medium,Medium,0.04169504235352986,0.03448658110431164,0.9238183765421585
6782,15782,Medium,Medium,0.03772756488397592,0.04195805287798943,0.9203143822380347
17790,26790,Medium,Medium,0.05008042804684496,0.03421170896463855,0.9157078629885165
38997,47997,High,High,0.9371303135496335,0.030667112398298974,0.03220257405206769
23253,32253,Medium,Medium,0.034838288933770854,0.04882611120312197,0.9163355998631072
10172,19172,Low,Low,0.033210148872506874,0.9148650483019584,0.05192480282553472
7543,16543,Medium,Medium,0.033509052695376525,0.04591351316966428,0.9205774341349592
6328,15328,Low,Medium,0.03736957958838805,0.04149549093059908,0.9211349294810129
19008,28008,Medium,Medium,0.034797362729615144,0.03526684691576001,0.9299357903546248
33770,42770,High,High,0.9308028591554084,0.03317626071524266,0.036020880129348815
33303,42303,Low,Low,0.02959789228904348,0.9384022130805453,0.0319998946304112
29704,38704,Low,Low,0.03474966072275385,0.9313230257863679,0.0339273134908783
6029,15029,Low,Low,0.0324966082669442,0.9333612549437004,0.03414213678935541
26655,35655,Medium,Medium,0.04059467075527994,0.0326992216103786,0.9267061076343414
10120,19120,Low,Low,0.030659549873180026,0.9355261365039395,0.033814313622880475
21109,30109,High,Low,0.029961233806277007,0.9363207766091882,0.03371798958453487
30709,39709,High,High,0.922154275642972,0.04152805180700209,0.03631767255002579
28615,37615,Low,High,0.9324766796559268,0.031126469912617222,0.03639685043145587
4056,13056,Low,Medium,0.033632534915084646,0.15956252295800985,0.8068049421269056
29920,38920,Medium,Low,0.033420925309081764,0.9346794559813527,0.03189961870956557
20510,29510,Low,Low,0.03630988347246197,0.8600713381393986,0.10361877838813947
26892,35892,High,High,0.9338401983328345,0.03199477684975304,0.03416502481741252
27324,36324,High,High,0.9243105856495414,0.030968490540088156,0.04472092381037048
31063,40063,Low,Medium,0.031902466390123126,0.0425637095744768,0.9255338240354001
32223,41223,Medium,Medium,0.034995403026469335,0.0833206371521906,0.8816839598213401
13622,22622,Medium,Medium,0.03267453925924694,0.030967647504879504,0.9363578132358735
19772,28772,High,High,0.9309525926842994,0.032995788356865195,0.036051618958835435
33515,42515,Medium,Medium,0.0314189771109658,0.030007437380214524,0.9385735855088195
6940,15940,Low,Low,0.029469111947347044,0.9359797531172905,0.03455113493536233
35069,44069,Low,Low,0.03034422031204721,0.9332822130119466,0.03637356667600612
39763,48763,Medium,Medium,0.031268955990547874,0.03768488129834038,0.9310461627111118
1647,10647,High,High,0.9330503707931315,0.029758175043836,0.03719145416303244
17915,26915,Medium,Medium,0.03161600142844487,0.034529056622096266,0.9338549419494587
14577,23577,Medium,Medium,0.03437681750617302,0.040064163322381795,0.9255590191714452
9117,18117,High,High,0.93394137008119,0.03097051964997818,0.03508811026883174
38479,47479,Low,Low,0.03338326130740631,0.9321796321629859,0.0344371065296076
26017,35017,Medium,Medium,0.03033636896342073,0.030915310887481857,0.9387483201490975
27208,36208,Low,Low,0.03562601542281823,0.9158056199666936,0.04856836461048822
17613,26613,High,High,0.9315044512813513,0.03208100416406926,0.03641454455457941
33429,42429,Low,Low,0.03582236485207913,0.8976275008342101,0.06655013431371087
27966,36966,Medium,Medium,0.03125723925693135,0.032390193684143094,0.9363525670589254
27312,36312,High,High,0.9311082457671628,0.031338199449742934,0.037553554783094266
4985,13985,Medium,Medium,0.031059312947039813,0.033952652340137064,0.9349880347128231
23481,32481,Low,Low,0.030325105525454654,0.9343000006985837,0.0353748937759617
36038,45038,Low,Low,0.029813192296867422,0.9372538176216456,0.03293299008148693
12638,21638,Medium,Medium,0.04979052699641542,0.03537747431563166,0.9148319986879528
23162,32162,Medium,Medium,0.030171435595752322,0.029008859022117226,0.9408197053821304
1005,10005,Medium,High,0.933128546962308,0.03305377685438548,0.03381767618330663
4268,13268,Low,Medium,0.03423619396815311,0.03128693334910467,0.9344768726827422
22083,31083,High,High,0.9303918458526909,0.031573416748137434,0.038034737399171646
25427,34427,Medium,Medium,0.03188273187757269,0.03211885336915199,0.9359984147532753
30526,39526,Medium,Medium,0.035992002849889175,0.03339092985584157,0.9306170672942692
3990,12990,Medium,Medium,0.033704956793828324,0.03405393034920765,0.9322411128569641
5250,14250,Medium,Medium,0.03274972032601761,0.035987976936698855,0.9312623027372835
35558,44558,Low,Low,0.03312297291254361,0.9215863908719099,0.04529063621554649
13359,22359,Low,Low,0.03176315292424406,0.9346230278332595,0.03361381924249648
28043,37043,Medium,Medium,0.03637641906433463,0.030022491568023307,0.9336010893676421
9303,18303,Medium,Medium,0.03534486545509844,0.036846277845245544,0.927808856699656
11704,20704,Medium,Medium,0.037333367112941766,0.03616447662404217,0.926502156263016
14176,23176,High,High,0.9366996549520764,0.030927460603395587,0.03237288444452808
21429,30429,Low,Low,0.0390691950780607,0.8681859211023063,0.09274488381963303
26404,35404,Low,Low,0.04430562980889005,0.9211303216031044,0.03456404858800558
21606,30606,High,High,0.9356792266340128,0.03156551468876706,0.03275525867722012
23351,32351,Medium,Medium,0.03556213598442751,0.04165111200444512,0.9227867520111275
27600,36600,High,High,0.9390714999450503,0.029707969038742926,0.031220531016206907
9174,18174,Medium,Medium,0.03259365622465785,0.03243472680753995,0.9349716169678022
31974,40974,Low,Low,0.03184796181494089,0.9334351908020416,0.034716847383017384
11052,20052,Medium,Medium,0.032206839337610225,0.03230984128749442,0.9354833193748954
36487,45487,High,High,0.9353558559380502,0.03126644113376221,0.033377702928187696
34163,43163,Medium,Low,0.03166489683721201,0.9263734158242043,0.041961687338583666
22333,31333,High,High,0.9385139203016252,0.0300914743686899,0.031394605329684966
38472,47472,Medium,Medium,0.03281492999104147,0.03271878528846774,0.9344662847204908
10924,19924,Low,Low,0.033591509319496546,0.9267667147385309,0.03964177594197266
37269,46269,Low,Low,0.03147675887811525,0.932089110885809,0.03643413023607577
37707,46707,Low,Low,0.033110113607201584,0.9320741103947962,0.034815775998002195
38939,47939,Medium,Medium,0.03199186079362179,0.03096062024473181,0.9370475189616464
9549,18549,Medium,Medium,0.033177014055148765,0.03167385567053674,0.9351491302743146
22350,31350,Medium,Medium,0.03716753311121456,0.03134175613810818,0.9314907107506771
20781,29781,Medium,Medium,0.03602329037071431,0.038828257744131824,0.9251484518851538
11293,20293,High,High,0.9340111638338108,0.03340496878486123,0.03258386738132792
28388,37388,Low,Low,0.02946370762612557,0.9385728584789345,0.031963433894940024
10944,19944,Medium,Medium,0.03240301113886932,0.031781284135897314,0.9358157047252332
15782,24782,High,High,0.9355850512831548,0.031137782222301843,0.03327716649454323
32836,41836,Medium,Medium,0.10049963872833978,0.04282157410205515,0.8566787871696051
18573,27573,Medium,Medium,0.03091887475959114,0.02949945781457343,0.9395816674258354
14183,23183,Medium,Medium,0.03408334656188471,0.030235743450826486,0.9356809099872888
15844,24844,Medium,Medium,0.030481492805342816,0.030903065152214217,0.938615442042443
13837,22837,High,High,0.9343429683647123,0.03212083367600085,0.03353619795928692
27114,36114,Medium,Medium,0.03919405939014176,0.03756507128357397,0.9232408693262842
5561,14561,Medium,Medium,0.03512691278843874,0.030551464881793795,0.9343216223297675
6057,15057,High,High,0.9326840171644418,0.03199532931532457,0.03532065352023361
1701,10701,Medium,Medium,0.033280751467762666,0.029963904957324455,0.9367553435749129
34511,43511,Low,Low,0.029457747464895684,0.9389902297299542,0.031552022805150196
27226,36226,Low,Low,0.035219249055413016,0.9179062325892873,0.046874518355299814
16091,25091,High,High,0.9294061194317838,0.035335151096627625,0.03525872947158858
5070,14070,Low,Low,0.03367872988961539,0.9332477099204727,0.03307356018991193
24320,33320,Medium,Medium,0.030741953740314697,0.032430931096080674,0.9368271151636046
1113,10113,Low,Low,0.03502823061539873,0.9301983553402563,0.034773414044344926
18276,27276,Medium,Medium,0.034253306494796604,0.035982538419351395,0.9297641550858521
13265,22265,High,High,0.9306928763918368,0.03301188627784737,0.03629523733031584
10232,19232,High,High,0.9301419876100311,0.035118962533425335,0.034739049856543615
26982,35982,Medium,Medium,0.03377395216858616,0.03177046334329512,0.9344555844881187
19919,28919,Low,Low,0.049363573552109456,0.8914747713957999,0.059161655052090534
34440,43440,Low,Low,0.030113732363190454,0.9376413284305057,0.03224493920630358
810,9810,Low,Low,0.03953676299731718,0.9191404340065109,0.04132280299617192
9018,18018,Medium,Medium,0.03682716853848031,0.041439713571532505,0.9217331178899872
16319,25319,High,High,0.9373783406195612,0.03043930372941923,0.032182355651019755
37524,46524,Medium,Medium,0.03633855602108849,0.04997045219388041,0.913690991785031
37842,46842,Low,Low,0.03409562932297407,0.9186040843504583,0.04730028632656768
31018,40018,High,High,0.9213620986173336,0.0345698936045637,0.044068007778102596
5512,14512,High,High,0.9370320190971267,0.02935111849025016,0.03361686241262315
11307,20307,Medium,Medium,0.03410005553996084,0.030678343611080742,0.9352216008489584
1360,10360,Medium,Medium,0.03251228324375973,0.03361565660227369,0.9338720601539666
22671,31671,High,High,0.9381666083757629,0.02977012799026188,0.03206326363397525
36296,45296,Medium,Medium,0.03655884782616197,0.22252579466629696,0.740915357507541
29620,38620,Medium,Medium,0.034663767971879374,0.03223886638489292,0.9330973656432278
39586,48586,Medium,Medium,0.03670548919281769,0.03961839165765071,0.9236761191495315
22901,31901,Medium,Medium,0.031337563222622516,0.06146302518083933,0.9071994115965382
33407,42407,High,Medium,0.03155542304146872,0.031239876181000215,0.9372047007775312
27202,36202,Low,Low,0.03236463460040915,0.9341686620295343,0.0334667033700565
31301,40301,Medium,Medium,0.03871243141740263,0.031995066006372065,0.9292925025762253
14784,23784,Medium,High,0.9338370494293669,0.03277281560294579,0.03339013496768722
22992,31992,Medium,Medium,0.03008640619660113,0.030191419001657283,0.9397221748017417
6636,15636,High,Medium,0.033268015574672856,0.032543145006470486,0.9341888394188566
35616,44616,Medium,Medium,0.04324363610191806,0.03314341913159822,0.9236129447664837
29002,38002,Medium,Medium,0.03250090888659136,0.030559127902003613,0.936939963211405
9423,18423,Low,Low,0.040033406409418056,0.9189485807697254,0.04101801282085662
16742,25742,Medium,Medium,0.035010403774348185,0.03522792614319486,0.929761670082457
5589,14589,Medium,Medium,0.03069973719903658,0.02977503682783149,0.9395252259731318
31535,40535,Low,Low,0.033822428336469916,0.9227500480760505,0.04342752358747951
26008,35008,Low,Low,0.03334459502039527,0.9154797464352967,0.05117565854430801
8363,17363,High,High,0.9356344615783471,0.03265653429585367,0.03170900412579931
29181,38181,Medium,Medium,0.03359257498961286,0.03298003079242547,0.9334273942179617
11105,20105,Medium,Medium,0.03756236729970329,0.029958450774542286,0.9324791819257546
37483,46483,Medium,Medium,0.036894525907987204,0.03389516119720026,0.9292103128948126
5925,14925,Low,Low,0.03252195918131817,0.9311150805927716,0.036362960225910325
19509,28509,Medium,Medium,0.034324170548926204,0.03052403853259986,0.9351517909184738
12277,21277,High,High,0.938197425891258,0.02937949626736629,0.03242307784137579
13917,22917,Medium,Medium,0.030994182552391187,0.03201910069628977,0.936986716751319
38575,47575,High,High,0.9345130138197225,0.03144502578532357,0.034041960394953934
32850,41850,High,High,0.9325671448305041,0.03417761221651977,0.033255242952976154
38364,47364,High,Low,0.03553100094350825,0.9295864135465072,0.03488258550998466
15511,24511,Low,Low,0.03134334623631551,0.9299056267033979,0.038751027060286505
25638,34638,Medium,Medium,0.03295131290317204,0.03265796983219345,0.9343907172646345
32014,41014,Low,Low,0.030480113465087402,0.9367358512916489,0.03278403524326363
484,9484,High,Medium,0.03315993416758902,0.03304437691973902,0.9337956889126718
16060,25060,Medium,Medium,0.030706633387451717,0.03018559785737693,0.9391077687551714
10985,19985,Medium,Medium,0.03314577029199212,0.031699574984145246,0.9351546547238626
27130,36130,Medium,Medium,0.03493223889086203,0.03309319864280697,0.931974562466331
32547,41547,Medium,Medium,0.04008617111244674,0.04507603451642198,0.9148377943711313
39341,48341,High,High,0.9338562420520363,0.03068543748467072,0.035458320463292795
4491,13491,Medium,Medium,0.032011328755222175,0.031917935324939674,0.9360707359198382
31996,40996,High,High,0.9366843338383114,0.03045968214597673,0.03285598401571189
10368,19368,High,High,0.9221002794247677,0.03903969114344811,0.038860029431784245
2348,11348,Medium,Medium,0.03981784431415104,0.033796992119042406,0.9263851635668064
22449,31449,Medium,Medium,0.03124482361923119,0.030191960716286822,0.938563215664482
37332,46332,High,Medium,0.031063505976600722,0.03049999016892052,0.9384365038544787
25164,34164,Medium,High,0.933464967627537,0.031645004139865006,0.03489002823259807
13279,22279,Low,Low,0.03083302812579622,0.9344004228603415,0.03476654901386227
27040,36040,High,High,0.9283786503047035,0.03868189407524785,0.03293945562004861
18480,27480,High,Medium,0.03475830824944368,0.043514625868527855,0.9217270658820285
35885,44885,Medium,Medium,0.030886673772240136,0.03159043752371134,0.9375228887040487
14523,23523,High,Medium,0.037564509455842617,0.03113772271260205,0.9312977678315554
5081,14081,High,High,0.926752215305429,0.036638280696070544,0.03660950399850058
5655,14655,Low,Low,0.05973726487084082,0.9038930040768687,0.036369731052290584
13489,22489,High,High,0.9311317506517941,0.035010963432452025,0.03385728591575376
18068,27068,Low,Low,0.03383512497701265,0.9334731142610931,0.032691760761894166
35854,44854,Low,Low,0.030593179064505524,0.9355840777640102,0.03382274317148437
25245,34245,High,Low,0.03614348741827366,0.9288363801873162,0.035020132394410146
11235,20235,High,High,0.9303594180484366,0.03531780791632743,0.03432277403523585
36950,45950,High,High,0.939060099960611,0.02899191811123146,0.0319479819281574
38741,47741,High,High,0.9323502230107935,0.03268127382464877,0.0349685031645578
36979,45979,Medium,Medium,0.031624023420346765,0.03076460284113902,0.9376113737385142
38491,47491,Medium,Medium,0.03236941496710721,0.030359349488485374,0.9372712355444074
18265,27265,Medium,Medium,0.03728699721978667,0.03324590543679088,0.9294670973434225
14701,23701,Low,Low,0.042531366577496975,0.7157369903846083,0.24173164303789477
11400,20400,Medium,Medium,0.03229136485997325,0.029169862937443652,0.9385387722025831
32253,41253,High,High,0.9340912579777231,0.029732772617947472,0.0361759694043296
26238,35238,High,High,0.9277310684285394,0.0309086962707949,0.04136023530066577
12744,21744,Low,Low,0.030824786422183014,0.930489599557037,0.03868561402078005
39160,48160,Medium,Medium,0.0331178028720678,0.030500835662842007,0.9363813614650902
21417,30417,Low,Low,0.031337767200588715,0.9359666695086567,0.03269556329075459
11066,20066,Medium,Medium,0.03053587766460297,0.029936761351706892,0.93952736098369
39636,48636,Low,Low,0.034361410507478186,0.8935794831765079,0.07205910631601381
36169,45169,Medium,Medium,0.03296106677658514,0.03178554791042846,0.9352533853129864
4861,13861,Medium,Medium,0.03768721633381288,0.301126503510864,0.6611862801553231
15986,24986,High,High,0.9334875309663523,0.03171132281079709,0.034801146222850576
25825,34825,Low,Low,0.03351803905244184,0.9341617288909472,0.032320232056610936
11223,20223,Low,Low,0.032015465803668035,0.9352305665244783,0.032753967671853595
27712,36712,Medium,Medium,0.032405073495855995,0.0318326985397381,0.935762227964406
1198,10198,Medium,Medium,0.03873694505054426,0.0380137669143879,0.9232492880350679
35751,44751,Medium,Medium,0.03235794052182867,0.030981841275031268,0.9366602182031402
771,9771,Medium,Medium,0.038806963715375405,0.13455606745886164,0.826636968825763
6781,15781,Medium,Medium,0.03685648766048441,0.03229366256599031,0.9308498497735253
19593,28593,Medium,Medium,0.040462074620802896,0.03491838597084433,0.9246195394083528
33826,42826,Low,Low,0.029811244738619264,0.9364737436596325,0.03371501160174808
13487,22487,High,High,0.9375779165938215,0.02944460116511699,0.03297748224106147
26801,35801,Medium,Medium,0.033355690055051325,0.04087170140589807,0.9257726085390506
35757,44757,Medium,Medium,0.035348089717615584,0.04029121381611864,0.9243606964662657
27562,36562,Low,Low,0.03262933107105168,0.9241572611117669,0.043213407817181554
10390,19390,High,High,0.9197196096235941,0.03500690328819182,0.045273487088214014
32868,41868,Medium,Medium,0.03344025762514836,0.03217125611487414,0.9343884862599775
35851,44851,Medium,Medium,0.03367625351028274,0.031127053482481046,0.9351966930072363
2321,11321,Low,Low,0.030197088690104488,0.9331847464880556,0.03661816482183996
20400,29400,Medium,Medium,0.0440365348317071,0.030548566914333723,0.9254148982539592
28575,37575,Medium,Medium,0.03285161286382621,0.033788179691759034,0.9333602074444146
12493,21493,High,High,0.9346355622910753,0.03337209593322595,0.031992341775698804
35877,44877,High,High,0.9357172566576715,0.030245588488826112,0.034037154853502456
38262,47262,Medium,Medium,0.03323195951217875,0.033293210238295935,0.9334748302495254
32594,41594,Low,Low,0.034749175657217087,0.9281716706451474,0.037079153697635404
24457,33457,Medium,Medium,0.032168854011958285,0.03400909735709842,0.9338220486309433
23991,32991,Low,Low,0.03277523453072995,0.9343915389896896,0.032833226479580487
39973,48973,Low,Medium,0.039715333965372655,0.051685028773255676,0.9085996372613717
2599,11599,Medium,Medium,0.035836222250894424,0.03820120188649161,0.9259625758626141
13778,22778,Medium,Medium,0.03445875802261449,0.030027632648993812,0.9355136093283916
436,9436,Low,Low,0.029728025737831645,0.935347312103982,0.03492466215818621
31439,40439,High,High,0.9352357821295278,0.030493351104279406,0.0342708667661926
3419,12419,High,Low,0.03555392936469337,0.929246260989676,0.03519980964563064
27121,36121,High,High,0.9360450998561304,0.029344561898165072,0.034610338245704565
16971,25971,Low,Low,0.032922846860883065,0.9288896868749107,0.038187466264206306
36029,45029,Low,Low,0.03372851293354299,0.9310859513925145,0.03518553567394237
5213,14213,High,High,0.9348367593476699,0.031585053986459194,0.03357818666587087
29278,38278,Medium,Medium,0.036233635007060505,0.03533018781933673,0.9284361771736028
22189,31189,High,High,0.9310540124505516,0.033527242014101725,0.035418745535346706
26721,35721,Low,Low,0.032948324006693404,0.9075946283389321,0.05945704765437443
37611,46611,High,High,0.9360136168831256,0.029902619801103994,0.034083763315770406
36543,45543,Medium,Medium,0.031019756073167915,0.03327591531075461,0.9357043286160774
30480,39480,Medium,Medium,0.030860504107330915,0.030580405981576495,0.9385590899110926
34781,43781,Medium,Medium,0.0347802661784161,0.032122528142892494,0.9330972056786914
27363,36363,Low,Low,0.030696130473151173,0.9335538117114398,0.035750057815409034
30500,39500,Medium,High,0.6458553750378807,0.04169658271884804,0.31244804224327133
37329,46329,High,High,0.9305359996880306,0.03516770264011939,0.03429629767184992
29998,38998,High,High,0.9316438467879166,0.03249949190224521,0.035856661309838216
36085,45085,Low,Low,0.03289221476526513,0.9302211816231495,0.036886603611585494
34797,43797,Medium,Medium,0.03002384629706134,0.02992150033490396,0.9400546533680346
3752,12752,High,High,0.9299019277801812,0.03210082741168294,0.03799724480813587
11100,20100,Medium,Medium,0.033643241101802335,0.033307857120472524,0.9330489017777251
31216,40216,Medium,Medium,0.038562843894071656,0.2733303326290702,0.6881068234768581
4060,13060,High,High,0.9364696565416137,0.02974949065083589,0.033780852807550436
19464,28464,Low,Low,0.028701148096811385,0.9393246681402992,0.03197418376288922
37025,46025,Low,Low,0.03758435366843924,0.922663350198635,0.039752296132925725
23560,32560,Low,Low,0.03945917144209173,0.8481752214987256,0.11236560705918253
15587,24587,Medium,Medium,0.13970142882328798,0.03969779881534847,0.8206007723613635
25793,34793,Low,Low,0.04165823204149557,0.6748493009186269,0.28349246703987735
24931,33931,Low,Low,0.02931803205938374,0.9387411749783773,0.0319407929622391
29655,38655,High,High,0.9347953690426846,0.03173196573032668,0.03347266522698875
9600,18600,Low,Low,0.030373352100351,0.9360337700734022,0.03359287782624689
14825,23825,Low,Low,0.029852711674474116,0.9372095601405306,0.03293772818499524
38580,47580,Medium,Medium,0.032607737591759466,0.0303222519505254,0.9370700104577153
31712,40712,Medium,Medium,0.04622247446860094,0.03586716450843444,0.9179103610229647
31681,40681,High,High,0.8796340221597644,0.04437276654389497,0.07599321129634067
35080,44080,High,Medium,0.03762526942828947,0.036096291857583056,0.9262784387141275
29566,38566,High,High,0.937306551169422,0.02899886755242471,0.03369458127815322
15940,24940,High,High,0.9227803042514992,0.03900385912315866,0.03821583662534203
36482,45482,Low,Low,0.041141625139350116,0.9255989473409046,0.03325942751974526
31399,40399,Low,Low,0.03450026707626858,0.9097372477812152,0.05576248514251617
32578,41578,Medium,Medium,0.03926739845035446,0.09676742204901796,0.8639651795006276
15409,24409,Medium,Medium,0.03083678629247148,0.03249739938821968,0.9366658143193088
1689,10689,Medium,Medium,0.03064494322941333,0.03177267723951433,0.9375823795310723
31988,40988,High,High,0.9178177599340757,0.033895360344258954,0.048286879721665316
39549,48549,High,High,0.933326783648983,0.03062401405788869,0.036049202293128274
33063,42063,High,High,0.933750618781548,0.03133677607392525,0.03491260514452687
5458,14458,Medium,Medium,0.03568710273610235,0.2548239070760404,0.7094889901878573
1985,10985,Medium,Medium,0.03424253188623842,0.031342533279956834,0.9344149348338048
7723,16723,Low,High,0.9316542243189533,0.0312304296250791,0.037115346055967516
9989,18989,Low,Low,0.031962740975132804,0.8833941062420676,0.08464315278279955
13249,22249,Medium,Medium,0.030544938300990542,0.03286586196327624,0.9365891997357333
4749,13749,Low,Low,0.03634660005503156,0.9196960085568292,0.043957391388139144
35422,44422,Medium,Medium,0.03471877220515665,0.03659499467656532,0.928686233118278
6982,15982,High,High,0.9370449010422139,0.029627603952317113,0.03332749500546891
5748,14748,Medium,Medium,0.034116982054785895,0.03053241388935192,0.9353506040558622
38229,47229,High,High,0.9394475913837148,0.02853389526620059,0.03201851335008455
16670,25670,Medium,Medium,0.04065187008467492,0.03543981301900309,0.923908316896322
12960,21960,High,High,0.7948877383422405,0.03775980219130294,0.1673524594664566
31338,40338,High,High,0.9246948151707675,0.033967659672140875,0.04133752515709174
24040,33040,High,High,0.9367108066258307,0.030498237800931013,0.03279095557323827
30408,39408,Medium,Medium,0.06390075408740169,0.0326145430878464,0.9034847028247519
24115,33115,Low,Low,0.03932397738640625,0.9284993525627928,0.03217667005080091
21652,30652,Medium,Medium,0.043249087177945816,0.032461830050377026,0.9242890827716771
28395,37395,Medium,Low,0.030438584569646942,0.9253637202753872,0.044197695154965855
29956,38956,Medium,Medium,0.03298243896426798,0.03966958726153799,0.927347973774194
8251,17251,Medium,Medium,0.03291822616589381,0.042672752404929404,0.9244090214291768
14976,23976,Low,Low,0.033448744644628,0.8893317329749998,0.07721952238037218
32598,41598,High,High,0.9251121163477144,0.03707290073015954,0.037814982922126046
12007,21007,High,Medium,0.03296645302796442,0.032768886263265296,0.9342646607087702
38142,47142,Medium,Medium,0.03238415128260266,0.03736208951950604,0.9302537591978913
21978,30978,High,Low,0.032066688568818544,0.9306114264748326,0.03732188495634875
20311,29311,Medium,Medium,0.03411569443341243,0.030834010750978955,0.9350502948156086
4800,13800,High,High,0.9349020042582037,0.030729833083966516,0.034368162657829715
7140,16140,Medium,Medium,0.03084458362210495,0.03153013161990126,0.9376252847579939
15479,24479,Medium,Medium,0.030574552442767116,0.030020810588145097,0.9394046369690878
2002,11002,Medium,Medium,0.034869580234763754,0.03381110654280028,0.9313193132224359
4997,13997,High,High,0.9323543370836537,0.034106378751452,0.03353928416489436
17068,26068,High,High,0.9342291122387341,0.030445709699686647,0.03532517806157935
32876,41876,Low,Low,0.03063441139439362,0.9275635722262069,0.041802016379399475
24170,33170,Low,Low,0.038694865412994224,0.928310825607666,0.032994308979339755
29973,38973,Medium,Medium,0.03212293544502446,0.02991382631873445,0.937963238236241
2047,11047,Low,Low,0.037966349680274035,0.8562442276623891,0.10578942265733708
17181,26181,Low,Medium,0.0408730189526779,0.1150949711322271,0.844032009915095
11670,20670,Low,Low,0.033585502745549535,0.9339543876784319,0.03246010957601852
28228,37228,High,High,0.9298981279560135,0.032013082861493396,0.03808878918249313
24960,33960,Medium,Medium,0.03254909863826843,0.03667071588726236,0.9307801854744692
12352,21352,Low,Low,0.02931285518619729,0.9394673237258027,0.031219821087999988
12458,21458,High,High,0.9353562276586903,0.03210377383910104,0.03253999850220881
17318,26318,Low,Low,0.03263001496017854,0.9261501834459973,0.04121980159382414
25543,34543,High,High,0.9384018050762138,0.029802177945741335,0.03179601697804473
9379,18379,Low,Low,0.04031714284107227,0.9114694535388902,0.04821340362003762
16633,25633,Medium,Medium,0.03481157768776344,0.032604740820574636,0.9325836814916619
31780,40780,Low,Low,0.030083486831428863,0.938546432758422,0.03137008041014924
32744,41744,Medium,Medium,0.0381384680193344,0.04194340037117247,0.9199181316094931
3439,12439,Medium,Medium,0.04795606977379941,0.3723329687411116,0.579710961485089
22698,31698,High,High,0.9352208817376105,0.03258611510319127,0.032193003159198263
7304,16304,Low,Low,0.030454382153441577,0.9276297169215503,0.041915900925008076
4457,13457,Low,Low,0.030258466154591674,0.9387288477101308,0.03101268613527768
23194,32194,High,Medium,0.04449157985127369,0.03354442807997169,0.9219639920687547
12792,21792,High,High,0.9356407913064402,0.029184381289193217,0.035174827404366525
24220,33220,Medium,Medium,0.035019586289127165,0.030381134098192594,0.9345992796126801
1094,10094,Medium,Low,0.030463523139135185,0.9337758696240758,0.035760607236789026
23349,32349,Medium,Medium,0.03264463741663604,0.032601487264312716,0.9347538753190512
27065,36065,High,High,0.9337689288246774,0.03173524380813448,0.034495827367188155
37383,46383,Medium,Medium,0.032674067160305055,0.032786774052142226,0.9345391587875528
5466,14466,Medium,Medium,0.033254464728605306,0.031687526592493735,0.935058008678901
4322,13322,Medium,Medium,0.036880336045853855,0.04428551647688691,0.9188341474772592
25778,34778,Low,Medium,0.031022353134542876,0.030050504993884036,0.9389271418715731
35436,44436,High,High,0.9315938347285009,0.03336594050975895,0.035040224761740214
33294,42294,Medium,Medium,0.03636203048971471,0.03669750773689228,0.926940461773393
38827,47827,Medium,Medium,0.03440147106256023,0.032749301150997695,0.9328492277864422
8486,17486,Medium,Medium,0.03351477326673138,0.03289113525210221,0.9335940914811663
22703,31703,Low,Low,0.0319007961733953,0.9203311644150398,0.047768039411564746
35958,44958,Medium,Low,0.03738060393154888,0.7567636814285628,0.20585571463988842
20043,29043,High,High,0.9376852764628739,0.030227400245913073,0.03208732329121313
1799,10799,Low,Low,0.03483120705105026,0.9309797536326877,0.03418903931626216
9278,18278,Medium,Medium,0.03483267385227671,0.03225592729504034,0.9329113988526828
34028,43028,Medium,Medium,0.03030152278510111,0.031841213218396856,0.9378572639965018
10411,19411,Medium,Medium,0.034741619981855126,0.0328055825297496,0.9324527974883953
3217,12217,Low,Low,0.03422174327704606,0.9314320587176628,0.034346198005291116
27651,36651,Low,Low,0.060857143293924755,0.9036417119809178,0.03550114472515759
26203,35203,Medium,Medium,0.0338097227786807,0.03273847142248416,0.9334518057988351
6211,15211,Low,Low,0.029997147319306385,0.9388005931764075,0.03120225950428612
21823,30823,High,High,0.9351996992771435,0.030965058505176335,0.03383524221768014
5890,14890,Medium,Medium,0.03481542160656498,0.033475849645850576,0.9317087287475845
26086,35086,High,High,0.9312768213924829,0.032520206093212184,0.036202972514304925
24894,33894,Medium,Medium,0.03388217311849783,0.031528185706504036,0.9345896411749982
1208,10208,Medium,Medium,0.034011971710788354,0.03236020873631234,0.9336278195528992
37490,46490,Medium,Medium,0.04280117892702234,0.03757938775382577,0.919619433319152
27211,36211,High,High,0.9373286462173992,0.029783671393029607,0.03288768238957119
9271,18271,Low,Low,0.049313410589196756,0.9172240119488012,0.03346257746200201
6794,15794,High,High,0.934224005615011,0.03183015432492676,0.03394584006006226
25754,34754,Medium,Medium,0.03728386151576235,0.03346555833883726,0.9292505801454004
34901,43901,Medium,High,0.9249597183279078,0.03184113318626714,0.04319914848582496
2375,11375,Low,Low,0.03315113906344396,0.8913779421793139,0.0754709187572422
4760,13760,Low,Low,0.02955342993724953,0.9364843148607815,0.033962255201968945
27005,36005,Medium,Medium,0.042443286307142315,0.031952074561479006,0.9256046391313787
11291,20291,Low,Low,0.03225361703433396,0.9329725418745012,0.034773841091164916
1120,10120,Medium,Medium,0.03187641643050487,0.03452130449288845,0.9336022790766066
22465,31465,Low,Low,0.03373326802751745,0.9331765889328096,0.033090143039672996
6037,15037,Medium,Medium,0.033309269257945924,0.03376774363646577,0.9329229871055883
32088,41088,High,High,0.9338509739635562,0.03377323417854153,0.03237579185790226
35209,44209,Low,Low,0.030989836432985435,0.9361466762547285,0.03286348731228612
11792,20792,Low,Low,0.029296756758158304,0.9332864910331117,0.037416752208729996
28937,37937,High,High,0.6132016141468197,0.03887925083160445,0.34791913502157595
6356,15356,Medium,Medium,0.030709609147855182,0.03194836143864902,0.9373420294134958
35289,44289,Medium,Medium,0.035030651496841314,0.031450629780182364,0.9335187187229764
19705,28705,High,High,0.935384154138507,0.030426996994882476,0.034188848866610506
2068,11068,Medium,Medium,0.033757494700412276,0.03294918379161744,0.9332933215079703
28459,37459,Medium,Medium,0.34701028826002306,0.037428503376538434,0.6155612083634384
35051,44051,Medium,Medium,0.03051885985250453,0.02986486348550829,0.9396162766619872
39562,48562,Medium,Medium,0.031346125416547424,0.0329671966958218,0.9356866778876308
9023,18023,High,High,0.9356708769718125,0.03012159525615561,0.034207527772032044
21046,30046,Medium,Medium,0.03593968080057652,0.0328095656473327,0.9312507535520907
12245,21245,Medium,Medium,0.03215809284314211,0.029996871632397348,0.9378450355244605
654,9654,Low,Low,0.030432224998479713,0.9305694324105559,0.03899834259096435
1382,10382,Low,Low,0.030101383218820322,0.9272548057930526,0.04264381098812725
10968,19968,Medium,Medium,0.03365923633490286,0.03706036386063842,0.9292803998044588
13119,22119,Medium,Medium,0.03141464739770388,0.03288746301632147,0.9356978895859746
29736,38736,Low,Low,0.03135873420392274,0.9371240541513363,0.03151721164474086
33286,42286,Medium,Medium,0.15439770726298305,0.05130572256243359,0.7942965701745833
19394,28394,Low,Low,0.03381074031056596,0.9185270884063902,0.04766217128304395
2967,11967,Medium,Medium,0.03301031632509988,0.05140253130526672,0.9155871523696334
37967,46967,Low,Low,0.034060905003189264,0.9303332320665332,0.035605862930277614
31482,40482,Low,High,0.9281170044614688,0.03550311385089231,0.03637988168763893
34744,43744,Medium,Medium,0.034498183290930434,0.03191238027568603,0.9335894364333835
82,9082,Medium,Medium,0.035160852135270454,0.03258311440508624,0.9322560334596434
16085,25085,Low,Low,0.03495258778802981,0.928015788142574,0.037031624069396286
18437,27437,Medium,Medium,0.03273905942968778,0.03453938474696821,0.932721555823344
29095,38095,Low,Low,0.02973331999947092,0.9370729963108871,0.033193683689641935
15572,24572,High,High,0.938873320176396,0.029543248194718614,0.031583431628885335
26220,35220,Medium,Medium,0.03138073160656505,0.03041146725237506,0.9382078011410598
28508,37508,Low,Low,0.03417791959470743,0.9185886564391798,0.04723342396611272
39661,48661,Medium,Medium,0.02962883523271558,0.03177656756918358,0.9385945971981009
15277,24277,Medium,Medium,0.048806489129795606,0.03500124639717616,0.9161922644730282
7869,16869,High,High,0.9252897307715305,0.03811216881346374,0.03659810041500574
37296,46296,Medium,Medium,0.03278901365532597,0.03501383477729773,0.9321971515673763
38668,47668,High,High,0.9355538207719717,0.03235872559567062,0.03208745363235773
8282,17282,Medium,Medium,0.04021587890391184,0.03493810771219014,0.924846013383898
31981,40981,Low,Low,0.03459157034066392,0.905701793662505,0.059706635996831035
4006,13006,High,High,0.9349147795965062,0.03139327011641361,0.03369195028708024
11497,20497,Medium,Medium,0.03361912917968272,0.032686403423197626,0.9336944673971197
12116,21116,Low,Low,0.029881805646526195,0.9352921106445189,0.03482608370895496
27133,36133,Low,Low,0.03513561658364551,0.9145137465432015,0.05035063687315297
35565,44565,Low,Low,0.03665021894996328,0.9285337742223744,0.03481600682766241
25612,34612,Medium,Medium,0.032034616419386173,0.03202520183639892,0.9359401817442149
18483,27483,Medium,Medium,0.03978994671978738,0.030746649163470575,0.929463404116742
13425,22425,Medium,Medium,0.03303224620513532,0.03029861238410646,0.9366691414107583
34001,43001,Medium,Low,0.0403861367410449,0.8183668944896884,0.14124696876926668
7452,16452,Medium,Medium,0.03239677897852605,0.031854437525948326,0.9357487834955256
13505,22505,Low,Low,0.04247681721216203,0.7115131135257865,0.24601006926205152
24251,33251,High,High,0.9317450092332978,0.030997522823023812,0.0372574679436783
28669,37669,Medium,Medium,0.05227360054391256,0.03742763175748515,0.9102987676986022
24927,33927,Low,Low,0.029865373684523643,0.9375153611446637,0.03261926517081265
4394,13394,Medium,Low,0.04719096952732201,0.6736210257329994,0.27918800473967864
24475,33475,Medium,Medium,0.037623932674727516,0.031782067890664525,0.930593999434608
21755,30755,Low,Low,0.02964639623735703,0.9373683001514775,0.032985303611165535
7786,16786,Medium,Medium,0.03144108823519514,0.028935280176560833,0.939623631588244
16772,25772,Medium,Medium,0.26708233111963287,0.04350100483115043,0.6894166640492166
29664,38664,Low,Low,0.029976667837561796,0.9348319975143805,0.03519133464805762
24189,33189,Low,Low,0.03600788553784817,0.9300908941469754,0.0339012203151764
18913,27913,Medium,Medium,0.03221278247182643,0.035085916320995274,0.9327013012071782
16795,25795,Low,Low,0.029929479300624177,0.9381811802086736,0.03188934049070214
20598,29598,Medium,Medium,0.036965120587882726,0.0309322882854894,0.932102591126628
35177,44177,High,High,0.9230106773329995,0.032922722856234425,0.044066599810766154
14006,23006,High,High,0.9328127499018346,0.032180766160969376,0.03500648393719608
27316,36316,Medium,Medium,0.0364214218009724,0.05899952133203896,0.9045790568669886
5516,14516,Low,Low,0.033646479566140426,0.9320919794078684,0.03426154102599118
4722,13722,Medium,Medium,0.03214046465794818,0.031357723672860466,0.9365018116691913
21116,30116,High,High,0.9236521969656071,0.03615020157953944,0.04019760145485348
26353,35353,Medium,Medium,0.03366622600889426,0.039831583955114415,0.9265021900359912
25506,34506,High,High,0.9106634027974331,0.046294073505891827,0.04304252369667506
38100,47100,Low,Low,0.0398460610421156,0.9274647079713588,0.03268923098652549
20258,29258,Low,Medium,0.03620711275247695,0.03424695678862247,0.9295459304589007
19281,28281,Medium,Low,0.029198544514551058,0.9378740202985941,0.03292743518685493
32303,41303,Medium,Medium,0.0323444486152549,0.032265783127403524,0.9353897682573415
11614,20614,High,High,0.9336015602383837,0.03237900537577687,0.03401943438583948
24828,33828,High,High,0.9259129584240942,0.034273720661658576,0.039813320914247115
21531,30531,High,High,0.9368899981422866,0.02926190952014394,0.03384809233756947
34492,43492,Medium,Medium,0.03220440289911964,0.035160635496027,0.9326349616048534
10046,19046,Medium,Medium,0.03409606972951353,0.03169285912167799,0.9342110711488084
1961,10961,Medium,Low,0.02924196741414151,0.9379516338205379,0.03280639876532055
22468,31468,Medium,Medium,0.04266441431408646,0.032295396970187455,0.9250401887157261
19644,28644,Medium,Medium,0.043154947552858314,0.03375715821524226,0.9230878942318994
12266,21266,High,High,0.9365896914261499,0.029903942980552375,0.033506365593297664
22639,31639,Medium,Medium,0.04061778629560825,0.03901303577855678,0.920369177925835
15834,24834,Medium,Medium,0.030699008229625836,0.03049544909469747,0.9388055426756767
27547,36547,Medium,Medium,0.033780756612620484,0.03266161198075773,0.9335576314066217
9493,18493,Medium,Medium,0.03176104630718499,0.031551743081472246,0.9366872106113427
14088,23088,Medium,High,0.9358451439230223,0.029447121411807275,0.03470773466517044
8146,17146,High,High,0.938618093935356,0.029508010951536632,0.03187389511310743
21067,30067,Medium,Medium,0.03170628444851514,0.030215382238275554,0.9380783333132093
29680,38680,High,High,0.9366087475780809,0.03106191862033017,0.03232933380158892
1217,10217,Medium,Medium,0.03680038905485275,0.032456761201280236,0.9307428497438671
872,9872,High,High,0.9256534290552313,0.04017354140582352,0.03417302953894518
7343,16343,Medium,Medium,0.03097034817645189,0.03205203356196018,0.9369776182615879
1377,10377,Low,Low,0.03180061313291848,0.9121259160951655,0.05607347077191611
30094,39094,Low,Low,0.032500660933842296,0.9330004992595686,0.03449883980658911
17693,26693,Low,Low,0.03191828103963839,0.9321561648479397,0.03592555411242191
2590,11590,Low,Low,0.028876085113042377,0.9390064292174901,0.032117485669467455
37132,46132,Medium,Medium,0.033321492042426605,0.03718549192724019,0.9294930160303333
6679,15679,High,High,0.9344694069682146,0.03203430330314469,0.03349628972864082
21496,30496,High,High,0.9376878120850058,0.03035697752136292,0.0319552103936311
15476,24476,High,Low,0.02989197188491265,0.9372380127618523,0.03287001535323503
4979,13979,Medium,Medium,0.03130549612608497,0.03017692636732144,0.9385175775065937
1981,10981,Medium,Medium,0.29148347970431704,0.044219656141025916,0.664296864154657
26184,35184,Medium,Medium,0.030915971200746985,0.033142643601922435,0.9359413851973305
33090,42090,Low,Low,0.03215790713547246,0.9262159144160709,0.04162617844845671
2617,11617,Low,Low,0.03017272386529,0.9377834155028459,0.03204386063186417
21342,30342,Medium,Medium,0.03331966455228613,0.03226839797410794,0.9344119374736058
5624,14624,Medium,Medium,0.032514701018373136,0.03788083316235845,0.9296044658192684
1400,10400,Medium,Medium,0.03231062976347441,0.033281059627011375,0.9344083106095141
32828,41828,Medium,Medium,0.03241591529302274,0.03137650766463678,0.9362075770423405
39130,48130,Low,Low,0.029653261687869123,0.9393498483782304,0.030996889933900318
22469,31469,Low,Low,0.03945348842663222,0.9215361796718887,0.039010331901479
27397,36397,Low,Low,0.032777012545424845,0.9272481510130025,0.03997483644157262
11148,20148,High,Medium,0.0440631600845146,0.03306929140145484,0.9228675485140304
25851,34851,Medium,Medium,0.03127802985301694,0.034957798110141144,0.933764172036842
2925,11925,Low,Low,0.030498206952887876,0.9371598448207138,0.032341948226398305
17368,26368,Medium,Medium,0.035564129533639625,0.03255038292383456,0.9318854875425259
24933,33933,Low,Low,0.03200776559121449,0.9334255103393657,0.03456672406941982
4543,13543,High,High,0.9218133077730015,0.03349974738036241,0.044686944846635955
31372,40372,Medium,Medium,0.03920260188067056,0.03603416724131369,0.9247632308780158
2713,11713,Medium,Medium,0.030910896257276527,0.038076098795988444,0.9310130049467351
9525,18525,Medium,Medium,0.034793063299306974,0.03471890633709857,0.9304880303635944
25034,34034,Medium,Medium,0.030575578981166012,0.02960648942466568,0.9398179315941683
26266,35266,Low,Low,0.029030812065802738,0.9349809001999373,0.03598828773425999
35873,44873,Medium,Medium,0.036843125043382254,0.03175475972242536,0.9314021152341924
9138,18138,High,High,0.9241940200991782,0.043557048376074596,0.03224893152474723
32466,41466,Medium,Medium,0.031361235935155045,0.031197190520252854,0.9374415735445921
3402,12402,Medium,Medium,0.04204664614994889,0.035001967921680414,0.9229513859283708
30628,39628,Medium,Medium,0.03992659436851215,0.03120835049816667,0.9288650551333212
3527,12527,Low,Low,0.03860546259649807,0.9272801152553053,0.034114422148196766
27367,36367,Medium,Medium,0.04968759472997672,0.09451578136232852,0.8557966239076947
30923,39923,Low,Low,0.035657994553492424,0.9309093212137851,0.033432684232722415
9261,18261,High,High,0.9359285764393355,0.031115930571679787,0.032955492988984765
28651,37651,Medium,Medium,0.031119976795296225,0.03555730930840207,0.9333227138963016
38513,47513,Medium,Medium,0.0323270919883802,0.03397168881119453,0.9337012192004254
10005,19005,High,High,0.9361573510920301,0.031607838803735626,0.03223481010423423
15532,24532,Medium,Medium,0.032337153149535315,0.030250889777096102,0.9374119570733686
31991,40991,Medium,Medium,0.03042284240286652,0.028818128571942336,0.9407590290251912
9627,18627,High,High,0.9154913323375476,0.039685493129886396,0.04482317453256577
7401,16401,High,High,0.9340248040783797,0.030365281913846593,0.03560991400777371
23316,32316,Medium,Medium,0.03141123847237575,0.03081289948625957,0.9377758620413648
29462,38462,Medium,Medium,0.0333321275989255,0.11322786691633367,0.8534400054847407
19064,28064,Medium,Medium,0.039041879677757234,0.03346109555041791,0.9274970247718249
34593,43593,Medium,Medium,0.03337735211356983,0.03400524673899233,0.9326174011474379
4984,13984,High,High,0.691559117784981,0.046722522702158854,0.26171835951286015
32047,41047,Medium,Medium,0.03140544163481042,0.02962060574192497,0.9389739526232646
11666,20666,High,High,0.9234000454125958,0.03655283582291425,0.0400471187644899
38031,47031,Low,Low,0.03905378851669415,0.7060025841899314,0.2549436272933744
37527,46527,High,High,0.9291920539399406,0.03134681811529589,0.03946112794476342
34702,43702,High,High,0.9274225542120345,0.03498798985531985,0.03758945593264581
3646,12646,High,Medium,0.03302378021924206,0.05435475625578956,0.9126214635249683
3242,12242,Medium,Medium,0.03299913189992911,0.031695958242064955,0.9353049098580059
36417,45417,High,High,0.8277639904669588,0.04644946264376728,0.12578654688927382
17682,26682,Medium,Medium,0.03368591944111241,0.03265353029014989,0.9336605502687377
24307,33307,High,High,0.9372331533969435,0.03074343816736057,0.03202340843569606
7547,16547,High,High,0.921440058101361,0.04213737581329056,0.0364225660853486
23852,32852,High,High,0.9334476891534167,0.028904825111991786,0.0376474857345916
35664,44664,Low,Low,0.03373970617022312,0.9276856296505737,0.03857466417920319
14852,23852,High,High,0.9284770151541073,0.03755061627615052,0.033972368569742124
8066,17066,Low,Low,0.030148946360962353,0.9380670006060868,0.03178405303295068
23454,32454,Medium,Medium,0.033049430637078096,0.033922447354154096,0.9330281220087678
24158,33158,Low,Low,0.03049639549673762,0.9342493317759901,0.03525427272727216
22893,31893,Medium,Medium,0.03256984582076058,0.030979212688859437,0.93645094149038
24181,33181,High,High,0.9362286218023598,0.0312928791732481,0.03247849902439209
2233,11233,High,High,0.6213603968027046,0.034704626347379586,0.34393497684991586
13296,22296,Medium,Medium,0.04203924529915778,0.03308150101066745,0.9248792536901748
21866,30866,Low,Low,0.036450040811687734,0.8882247711240118,0.07532518806430061
17031,26031,Low,Low,0.031233979234950793,0.9358629992921821,0.03290302147286712
34086,43086,Low,Low,0.035229092101572206,0.9300306990023802,0.03474020889604773
20399,29399,Medium,Medium,0.03358414985099304,0.032691095468527165,0.9337247546804797
24215,33215,Low,Low,0.03469403689044029,0.9259568585341827,0.03934910457537686
4619,13619,Medium,Medium,0.03227455594799901,0.033538750832270835,0.9341866932197301
16558,25558,Low,Low,0.03159386639010257,0.9328643641107893,0.0355417694991082
12087,21087,Low,Low,0.03641510505233008,0.9321366677261652,0.03144822722150471
16528,25528,Medium,Medium,0.036586677624436965,0.03372850146988802,0.929684820905675
20309,29309,Medium,Medium,0.03385918561095733,0.032487724967230465,0.9336530894218121
5507,14507,Medium,Medium,0.031810753675065376,0.03383502484112274,0.934354221483812
26244,35244,Medium,Medium,0.030687533555830718,0.03152553745660389,0.9377869289875654
21242,30242,Medium,Medium,0.03492781251420014,0.038310587905094576,0.9267615995807051
3147,12147,High,High,0.9377311974642132,0.030130421627211263,0.032138380908575646
29025,38025,High,High,0.927188449826124,0.03583038426227381,0.03698116591160228
31395,40395,Low,Low,0.03003448679087098,0.9329896404568275,0.0369758727523016
21616,30616,Low,Low,0.030457841343601345,0.9317868146490449,0.037755344007353885
33371,42371,Medium,Medium,0.031208820920803265,0.03056664841115329,0.9382245306680433
24104,33104,Low,Low,0.029597930387464333,0.9399725190006313,0.030429550611904516
14547,23547,High,High,0.9313697721166241,0.03355554668570864,0.03507468119766733
39329,48329,High,High,0.9241089741306353,0.034514272240532315,0.04137675362883233
35271,44271,Medium,Medium,0.03649600674314502,0.04098694209745184,0.9225170511594033
10499,19499,Low,Low,0.033468871739250367,0.9335066150760931,0.03302451318465647
2240,11240,Medium,Medium,0.031786154604316344,0.030821709048129673,0.937392136347554
34375,43375,High,High,0.9392049205899964,0.028939982540051173,0.03185509686995231
28218,37218,Medium,Medium,0.03633978841620864,0.042637307969531656,0.9210229036142596
5350,14350,Medium,Medium,0.034900337731698226,0.03658262913222728,0.9285170331360745
36018,45018,Low,Low,0.03581986652870869,0.9295596661686857,0.0346204673026057
3592,12592,High,High,0.9370877385943003,0.0284807131266764,0.034431548279023304
2270,11270,High,High,0.9333180695750366,0.03318351060598449,0.03349841981897888
17817,26817,Medium,Medium,0.0330923740299151,0.0356302199814846,0.9312774059886002
3453,12453,Medium,Medium,0.029294217986827808,0.03015700853199049,0.9405487734811816
18228,27228,Medium,Medium,0.03188437387031978,0.030500056047445035,0.9376155700822352
33237,42237,Medium,Medium,0.034837816305817844,0.04057231999731703,0.9245898636968649
19176,28176,Medium,Medium,0.03395199266703379,0.03124168740276076,0.9348063199302055
38747,47747,Medium,Medium,0.06233099662796133,0.048650992046123054,0.8890180113259155
13225,22225,Low,Low,0.03113625915564047,0.9361677274432963,0.0326960134010631
26578,35578,Medium,Medium,0.03028169239038624,0.02882283570284201,0.9408954719067718
20234,29234,Low,Low,0.03680574700686575,0.9258343347249074,0.03735991826822683
13316,22316,Medium,Medium,0.031028531713702564,0.03020302312783289,0.9387684451584647
8114,17114,Medium,Medium,0.031694418663036156,0.03321803228842499,0.9350875490485389
6892,15892,High,High,0.936074619338605,0.029886313896317625,0.03403906676507735
16780,25780,High,High,0.936265338754676,0.03126346411495142,0.03247119713037257
31511,40511,Medium,Medium,0.038528889004461775,0.03413934866240272,0.9273317623331355
34563,43563,Medium,Medium,0.03120316349307357,0.0325180869306637,0.9362787495762627
6554,15554,Low,Low,0.029561037178398798,0.9392044031695348,0.031234559652066424
13319,22319,Medium,Medium,0.03178418606347968,0.03205992610593415,0.9361558878305862
7925,16925,Medium,Medium,0.035354528558195424,0.030649040270688852,0.9339964311711157
22824,31824,High,High,0.936729729584833,0.02991567380607969,0.0333545966090873
4174,13174,Low,High,0.9202105615158064,0.03816030782348394,0.04162913066070953
6245,15245,Medium,Medium,0.035073571018509574,0.03428284131781359,0.9306435876636767
881,9881,Low,Low,0.032863676932771056,0.9340238913172133,0.03311243175001564
2957,11957,Medium,Medium,0.03307787035184483,0.04017967744185676,0.9267424522062985
34915,43915,Medium,Medium,0.032830103959692325,0.03417594654794592,0.9329939494923618
22749,31749,Medium,Medium,0.03221966680125258,0.031794907780694305,0.935985425418053
19369,28369,Low,Medium,0.03299434466277321,0.03275474490544221,0.9342509104317847
17740,26740,Medium,Medium,0.03455751127654026,0.03411466893163182,0.9313278197918279
462,9462,High,High,0.9384438981929092,0.028977040053878456,0.03257906175321242
11373,20373,Low,Low,0.03553402294384784,0.7548806395838429,0.20958533747230923
14806,23806,Medium,Medium,0.03472295684469797,0.03240053221097459,0.9328765109443274
20166,29166,Medium,Medium,0.0326582051862723,0.03154938338646303,0.9357924114272648
39704,48704,Medium,Medium,0.031335365029961613,0.029930512107568242,0.9387341228624702
4021,13021,High,High,0.9367061825720522,0.030976725829771946,0.032317091598175855
36882,45882,Medium,Medium,0.03629877546015804,0.11268687621120317,0.8510143483286389
21301,30301,Medium,Medium,0.032657664603031045,0.03007891726260079,0.9372634181343682
8084,17084,Medium,Medium,0.03249193503116802,0.031698733391462404,0.9358093315773696
35059,44059,High,High,0.9343185258333211,0.031133875341289363,0.034547598825389596
29012,38012,High,High,0.9363452299403336,0.03002429394867107,0.033630476110995296
23638,32638,Medium,Medium,0.035262936288088,0.03566384980462159,0.9290732139072905
6592,15592,Medium,Medium,0.037988205132544535,0.03661162799239393,0.9254001668750615
34705,43705,Medium,Medium,0.03176749803091601,0.032750759951954575,0.9354817420171294
31339,40339,Medium,Medium,0.031392997192377876,0.03001283886937119,0.938594163938251
33736,42736,Low,Low,0.03126443592799491,0.9368333047407814,0.03190225933122367
23215,32215,Low,Low,0.03267475178173205,0.9331912298668271,0.03413401835144082
20061,29061,Low,Low,0.03022313763808916,0.9368529029731573,0.03292395938875345
7077,16077,Low,Low,0.03147312630136674,0.9335361486458327,0.03499072505280062
13224,22224,Medium,Medium,0.03879586276896147,0.03671711212388217,0.9244870251071564
13312,22312,High,High,0.9363028323271068,0.0304199320682194,0.03327723560467385
7500,16500,Low,Low,0.03667898777987023,0.9204246550307777,0.042896357189352
2532,11532,Low,Low,0.0394181790750286,0.9230826134044631,0.03749920752050825
10905,19905,Low,Low,0.032111463649476195,0.9097367412976789,0.05815179505284491
26013,35013,Medium,Medium,0.03179653558262915,0.03699721385504954,0.9312062505623212
24848,33848,Medium,Medium,0.03271331003622369,0.03478814184826643,0.9324985481155098
24622,33622,Medium,Medium,0.031007723362764545,0.030031436526835275,0.9389608401104002
10602,19602,Medium,Medium,0.03163840289005953,0.029506775317305917,0.9388548217926345
16454,25454,Medium,Medium,0.029902039780902733,0.0290462872896175,0.9410516729294799
98,9098,Medium,Medium,0.032190769576848764,0.033708456536449716,0.9341007738867014
24977,33977,Medium,Medium,0.030024794471886922,0.029379303037749365,0.9405959024903637
22675,31675,Medium,Medium,0.036188123385908426,0.04751629229444885,0.9162955843196428
31349,40349,Medium,Medium,0.03229617177703098,0.039036691394284194,0.9286671368286848
26055,35055,Low,Low,0.030863060884858268,0.9375868127120821,0.03155012640305969
8055,17055,Low,Low,0.030544831914963908,0.93494723725381,0.03450793083122605
10013,19013,Low,Low,0.03272715976859423,0.9316009115854761,0.035671928645929586
10753,19753,Medium,Medium,0.03120642163080192,0.030060692863336902,0.9387328855058611
20571,29571,High,High,0.936650667213662,0.029421289409534746,0.033928043376803274
10266,19266,High,High,0.9022773720454506,0.05052920542165751,0.04719342253289186
33977,42977,Medium,Medium,0.03275633843589559,0.05381398516128844,0.9134296764028159
7554,16554,Low,Low,0.029592696976291955,0.9289636040054017,0.04144369901830644
31499,40499,Low,Low,0.03013766360706169,0.9363995399874923,0.03346279640544609
34950,43950,Low,Low,0.0337410079644377,0.9300987164176225,0.03616027561793983
39674,48674,Medium,Medium,0.03170337290416114,0.034281615959261665,0.9340150111365771
1988,10988,Medium,Medium,0.044625046504976174,0.03552626572763972,0.919848687767384
7358,16358,Low,Low,0.03414065775459033,0.9310301003493343,0.03482924189607537
5361,14361,Medium,Medium,0.031081469351366645,0.030115352668370926,0.9388031779802626
39863,48863,Medium,Medium,0.03521931893436025,0.035087863672642716,0.929692817392997
31833,40833,High,High,0.9344141174541164,0.03226231237107946,0.03332357017480416
34866,43866,High,High,0.9269826572074752,0.03562970259451757,0.037387640198007256
5791,14791,Low,Low,0.03220288122539611,0.9328536053274809,0.03494351344712302
1939,10939,Low,Low,0.028792601431619918,0.9389748953269503,0.032232503241429705
23212,32212,Medium,Medium,0.03068667203230489,0.0360293126879086,0.9332840152797864
26923,35923,Medium,Medium,0.03435180701818228,0.03534296070916072,0.9303052322726569
405,9405,High,High,0.8215171921386615,0.044168880114580145,0.1343139277467584
22122,31122,Low,Low,0.031070087336088747,0.9373531901704594,0.03157672249345173
8873,17873,High,High,0.9194212024264757,0.03876206878045769,0.04181672879306662
28837,37837,Medium,Medium,0.03651186371358393,0.036641936201291775,0.9268462000851242
24871,33871,Medium,Medium,0.03338061317657729,0.031216305299942588,0.9354030815234801
10572,19572,Low,Low,0.033045176836300434,0.911441253743397,0.055513569420302535
11826,20826,High,High,0.931744627045444,0.03287173106692294,0.035383641887632995
20241,29241,Medium,Medium,0.03226914790950624,0.03463424213120272,0.933096609959291
18434,27434,Medium,Medium,0.032477047422480275,0.030558152138278134,0.9369648004392414
10295,19295,High,High,0.8921617378645573,0.040994629208233845,0.06684363292720873
8513,17513,Medium,Medium,0.031294669637968,0.031516407660794436,0.9371889227012375
37368,46368,High,High,0.9255899173036894,0.03498672492192565,0.039423357774385
11379,20379,Medium,Medium,0.031609831261075375,0.03168863773219845,0.9367015310067263
28790,37790,Low,Low,0.03017064137249244,0.9322541085109822,0.0375752501165253
31605,40605,High,High,0.9325305282805901,0.03264483218761546,0.03482463953179438
14208,23208,Low,Low,0.03412449441585868,0.9270557838073875,0.03881972177675382
24247,33247,Low,Low,0.03856237532256443,0.9129521683812211,0.048485456296214584
17037,26037,Medium,Medium,0.03047956200449607,0.030098013001505303,0.9394224249939986
24185,33185,Medium,Medium,0.03511784995709391,0.04007922230658594,0.92480292773632
37985,46985,Low,Low,0.03234067223765657,0.931096971637256,0.036562356125087486
29519,38519,Medium,High,0.926217905051271,0.032897218037628316,0.040884876911100806
29041,38041,Low,Low,0.03494620696367833,0.9049589637893112,0.06009482924701052
4561,13561,Medium,Medium,0.033411319705179694,0.035784591312231016,0.9308040889825894
19139,28139,High,High,0.9380398482172425,0.029927019490418743,0.03203313229233882
30417,39417,High,High,0.938548740324748,0.02991988626062911,0.031531373414622955
24501,33501,High,High,0.9362834372155523,0.031219996377695167,0.032496566406752476
13069,22069,High,High,0.9353945187636489,0.031175370304918664,0.03343011093143248
21339,30339,Medium,Medium,0.03414386208731198,0.0350237820251424,0.9308323558875456
31995,40995,Medium,Medium,0.03615705306565481,0.0836565340412695,0.8801864128930758
1282,10282,Medium,Medium,0.03253751404759461,0.03176188699289022,0.9357005989595151
17118,26118,High,Medium,0.034268275133035174,0.03139071915870759,0.9343410057082572
6990,15990,Low,Low,0.032448191645724385,0.9259666601361657,0.041585148218109914
7518,16518,Medium,Medium,0.034001077155868815,0.032543903980127374,0.9334550188640037
26832,35832,Medium,Medium,0.0323494434039163,0.0322505659552555,0.935399990640828
12644,21644,Medium,Medium,0.03273948162663532,0.03164081320775169,0.935619705165613
15032,24032,High,High,0.9322708214412471,0.03481774032408469,0.03291143823466814
12700,21700,High,Medium,0.031179091783258273,0.030342895204566456,0.9384780130121753
21972,30972,High,High,0.9288696794045918,0.03528246491230611,0.03584785568310222
4937,13937,Low,Low,0.03628181137829484,0.6592009500399761,0.3045172385817289
15951,24951,Medium,Medium,0.032529052957047305,0.032786889022225096,0.9346840580207276
29357,38357,High,High,0.9353242220283299,0.03243455724797304,0.03224122072369721
18121,27121,Medium,Medium,0.03371139885716492,0.031037847577607528,0.9352507535652276
21890,30890,High,High,0.9311845719685571,0.03248203953233723,0.0363333884991056
3869,12869,Medium,Medium,0.03208106855744111,0.03260985154860979,0.9353090798939491
329,9329,Medium,Medium,0.03564697061750636,0.031114054117170765,0.933238975265323
9764,18764,Medium,Medium,0.03300255002150458,0.029789080098645223,0.9372083698798502
14837,23837,Low,Low,0.03273193163289984,0.9248947590980189,0.04237330926908121
21120,30120,Medium,Medium,0.031723203678748285,0.029469326385670416,0.9388074699355814
23806,32806,Medium,Medium,0.030977008505577153,0.030255277043449907,0.938767714450973
5525,14525,Medium,Medium,0.03648957482647482,0.33887075723544563,0.6246396679380797
23039,32039,High,High,0.9338219807378433,0.03081780784010914,0.035360211422047545
16360,25360,Medium,Medium,0.09013486002695455,0.040896486988537206,0.8689686529845083
18439,27439,Low,Low,0.03564490472686368,0.9215032179740743,0.042851877299062036
16112,25112,High,High,0.9328861193387717,0.03206525182481928,0.035048628836408906
25030,34030,Medium,Medium,0.03262807854134451,0.034068324886198355,0.9333035965724572
25894,34894,Medium,Medium,0.033899879649485466,0.031021852404785305,0.9350782679457291
25040,34040,High,High,0.6578954882843945,0.04247450834588898,0.2996300033697165
19866,28866,Medium,Medium,0.035707586778297315,0.03526519845268664,0.9290272147690161
25581,34581,Medium,Medium,0.032230488954188626,0.04637804154467135,0.92139146950114
29760,38760,Medium,Medium,0.029889205656219307,0.02993665972383006,0.9401741346199507
19752,28752,Medium,Medium,0.03212423325554364,0.032208366821868985,0.9356673999225874
32542,41542,High,High,0.937842731298182,0.02950750428455347,0.03264976441726453
37817,46817,High,High,0.9308563648630237,0.03215943499175772,0.03698420014521848
17861,26861,High,High,0.9302923064486688,0.03169506816991453,0.03801262538141666
23949,32949,Medium,Medium,0.032341741294501326,0.039362357477058726,0.9282959012284401
18762,27762,High,High,0.9319569864244782,0.033405455275885704,0.03463755829963613
27929,36929,Medium,Medium,0.03283806919005452,0.03194236786436017,0.9352195629455854
29872,38872,High,High,0.9296812211013691,0.031185104209696408,0.039133674688934424
38241,47241,Low,High,0.9313451136398859,0.03294612939888439,0.03570875696122964
29681,38681,Low,Medium,0.03024027805117444,0.029567622222470377,0.9401920997263552
9783,18783,Low,Low,0.03059003685683233,0.9345209519663463,0.03488901117682127
23712,32712,Medium,Medium,0.03248255620880126,0.031212909190131533,0.9363045346010672
25256,34256,High,High,0.9358598898149427,0.03010214248977273,0.03403796769528466
27484,36484,Low,Low,0.03512142520314051,0.8599802056951408,0.10489836910171862
18593,27593,Low,Low,0.030682026310922705,0.9357070358390076,0.03361093785006966
38226,47226,Low,Low,0.030757471652790636,0.9315969709161341,0.03764555743107519
4252,13252,Low,Low,0.04178613853474928,0.888329214069781,0.06988464739546964
7148,16148,Low,Low,0.03190897485049534,0.9317948618132451,0.036296163336259575
33659,42659,Low,Low,0.032126399551594235,0.9367541756722968,0.031119424776108975
10335,19335,Low,Low,0.03438014628622008,0.9297951241296967,0.03582472958408321
9287,18287,Medium,Medium,0.03592308144818332,0.034763934389554565,0.9293129841622622
20710,29710,High,High,0.937487204546864,0.030360649054527667,0.03215214639860838
23757,32757,Medium,Medium,0.03618017643743739,0.042671724303599,0.9211480992589635
19198,28198,Low,Low,0.03241087082342004,0.9359745049631795,0.03161462421340059
21200,30200,Medium,Medium,0.031900505605913086,0.0373435073063635,0.9307559870877234
14148,23148,Medium,Medium,0.03230154233059685,0.034536222873292874,0.9331622347961103
33185,42185,Medium,Medium,0.03162270961472946,0.03322367087641833,0.9351536195088522
31777,40777,Low,Low,0.030187100487422056,0.9353319739374323,0.03448092557514559
29344,38344,Medium,Medium,0.040944952353683124,0.03623734097607872,0.9228177066702381
30363,39363,Medium,Medium,0.03012006658096096,0.029842473461311175,0.9400374599577278
20723,29723,Medium,Medium,0.031750086823800754,0.035021845672152496,0.9332280675040469
5990,14990,Low,Low,0.03752875575509826,0.9222819033986833,0.04018934084621844
23754,32754,High,Medium,0.03279181236738387,0.03143995255248395,0.9357682350801322
31840,40840,High,High,0.9390320862788878,0.02971426876684895,0.03125364495426331
16701,25701,Low,Low,0.032218681923003166,0.9338680782395197,0.0339132398374771
2557,11557,Low,Low,0.030695814275055744,0.9274756775627567,0.04182850816218751
31914,40914,Low,Low,0.03614870392978229,0.9238208463016258,0.04003044976859191
2882,11882,Low,Low,0.0351485450679774,0.9271119614688467,0.03773949346317599
16469,25469,Medium,Medium,0.03302334868715569,0.061664364282463247,0.9053122870303811
35574,44574,Medium,Medium,0.03190182254498811,0.030713709316823445,0.9373844681381884
27595,36595,Medium,Medium,0.037206843320638346,0.031914774524980684,0.9308783821543809
227,9227,Low,Low,0.03228894306054694,0.9319935033502101,0.03571755358924286
7795,16795,High,Low,0.031506640326092544,0.9285150142554697,0.03997834541843781
39753,48753,High,High,0.9313902911190496,0.030452004670540298,0.038157704210410315
10269,19269,Medium,Medium,0.032270614844491986,0.030024291173473907,0.937705093982034
39951,48951,Medium,Medium,0.031443584499847195,0.029790860906035457,0.9387655545941174
25143,34143,Medium,Medium,0.03313826988533659,0.033897685893195285,0.9329640442214683
1594,10594,High,High,0.9336365508611587,0.030725587061249976,0.03563786207759139
14798,23798,Low,Low,0.034550964830062265,0.9243732390744718,0.04107579609546604
5809,14809,High,High,0.9300410232742607,0.03703920242488653,0.03291977430085275
14264,23264,High,High,0.9345531854075552,0.03056177819263668,0.034885036399808195
13891,22891,High,High,0.9356370353795872,0.029725982507406684,0.03463698211300601
36676,45676,Medium,Medium,0.03437835999311259,0.037086212590447025,0.9285354274164405
26805,35805,Medium,High,0.9321317555053635,0.030887858094213173,0.036980386400423206
12529,21529,Medium,High,0.9303726312951152,0.03297945987822596,0.036647908826658845
35381,44381,Medium,Medium,0.03418002626424744,0.03446709732955696,0.9313528764061957
15490,24490,Medium,Medium,0.03508929453206123,0.03454541008749953,0.9303652953804392
11002,20002,Medium,Low,0.036515871541355494,0.9181321701754283,0.04535195828321625
19815,28815,High,High,0.9245355475660535,0.03588082495349141,0.03958362748045516
21775,30775,Medium,Medium,0.03186871789754092,0.0372169880208329,0.9309142940816262
19995,28995,High,Low,0.03113159370923282,0.9274436713694539,0.041424734921313246
6370,15370,Medium,Medium,0.03391028725467643,0.03148067196758651,0.9346090407777371
19926,28926,Medium,Medium,0.030202291644261817,0.03100106146600443,0.9387966468897337
3801,12801,Low,Low,0.04905760371890974,0.8123898608415264,0.13855253543956383
27939,36939,Low,Low,0.03895201842330697,0.8782424530250523,0.08280552855164075
37902,46902,Low,Low,0.04489463895741943,0.9146814548475447,0.040423906195035934
22340,31340,Low,Low,0.04517630604178648,0.6078396587404843,0.34698403521772914
6474,15474,Medium,Medium,0.031117952570548776,0.03128679914198897,0.9375952482874622
32792,41792,Low,Low,0.028478187117429055,0.9385326449675802,0.03298916791499082
11051,20051,Medium,Low,0.036547272437883804,0.9247390186135948,0.03871370894852143
34362,43362,Medium,Medium,0.03500401380535487,0.03522565668737608,0.929770329507269
20490,29490,Medium,Medium,0.03349958118570271,0.04239706095407673,0.9241033578602206
24410,33410,Medium,Medium,0.03306389186563106,0.03875045728028575,0.9281856508540832
31770,40770,High,High,0.9386730513973803,0.029519144042819367,0.03180780455980027
11740,20740,Medium,Medium,0.032289254293747315,0.03212830245594103,0.9355824432503116
3992,12992,High,High,0.9332730559935586,0.03281735611870978,0.03390958788773164
14728,23728,High,High,0.933591457289369,0.030925246085495257,0.03548329662513565
16291,25291,Medium,Medium,0.03383670804400505,0.03485836243127727,0.9313049295247177
32662,41662,Medium,Medium,0.030743506121042468,0.03154762628586791,0.9377088675930896
7898,16898,Medium,Medium,0.03178982614169649,0.033433727408410024,0.9347764464498934
20393,29393,High,High,0.9351621230501327,0.031686561827484645,0.033151315122382646
40,9040,Medium,Medium,0.03088958982393238,0.030712498738670574,0.9383979114373971
11736,20736,High,High,0.9346815210653648,0.031028113345035125,0.034290365589600115
35669,44669,Low,Low,0.02912517737542659,0.9372890898661254,0.033585732758448124
24259,33259,Medium,Medium,0.03963435075907569,0.03666112763178724,0.9237045216091371
4312,13312,Low,Low,0.031789858147217354,0.9213284628426819,0.04688167901010081
11580,20580,Low,High,0.9265859328336571,0.03148043881935175,0.041933628346991214
19833,28833,Medium,Medium,0.030492283317104418,0.032110075773326675,0.9373976409095688
16519,25519,High,High,0.9245557661367082,0.03822759153618535,0.03721664232710636
27297,36297,Medium,Medium,0.031172948025862946,0.031229332111044044,0.9375977198630929
27264,36264,High,High,0.9314296018965429,0.034166129796039314,0.03440426830741783
6568,15568,Medium,Medium,0.0303624785314206,0.030085797867877056,0.9395517236007024
31593,40593,Medium,Medium,0.03270976716340309,0.030585134250762175,0.9367050985858348
25646,34646,Medium,Medium,0.02994922435919319,0.03318802884446051,0.9368627467963463
461,9461,Medium,Medium,0.0356037739584401,0.03551612430511875,0.9288801017364411
25328,34328,High,High,0.9299138976182858,0.03262394058161662,0.03746216180009762
6817,15817,Low,Medium,0.033271177234887796,0.03467092239687817,0.9320579003682341
3866,12866,Low,Low,0.02938153319252276,0.9330250186175403,0.037593448189936825
36132,45132,Low,Low,0.030238048276496256,0.9350746592754883,0.034687292448015446
36566,45566,High,High,0.9358401353613134,0.030080083371846176,0.034079781266840435
21181,30181,Low,Low,0.0310149728217811,0.9361406145909177,0.03284441258730103
6176,15176,Medium,Medium,0.039193338217465304,0.03403696458335708,0.9267696971991777
875,9875,Medium,Medium,0.0323052161866462,0.0336680990666574,0.9340266847466964
459,9459,Medium,Medium,0.03811926103272396,0.03251343205206198,0.9293673069152141
15157,24157,Medium,Medium,0.08802990064447082,0.03565973074490958,0.8763103686106196
29485,38485,Medium,Medium,0.03209272640867975,0.03051234075293877,0.9373949328383815
28260,37260,High,Medium,0.031458153561470976,0.032733209396972336,0.9358086370415567
37614,46614,Medium,Medium,0.031637324064526524,0.033250375244725315,0.9351123006907481
39813,48813,High,High,0.9345374607450924,0.03162830743417066,0.03383423182073705
12981,21981,Medium,Medium,0.04231585488413922,0.03792596754432805,0.9197581775715328
38084,47084,High,High,0.9347270122312539,0.03202856319189411,0.033244424576851964
5673,14673,Medium,Medium,0.03923728090311412,0.03514685761751774,0.925615861479368
25542,34542,Low,Low,0.03263142885689865,0.9313636603798123,0.03600491076328898
16154,25154,Low,Low,0.030567024901136882,0.9294269847447398,0.04000599035412328
3784,12784,Medium,Medium,0.05702038734289877,0.03566143209722937,0.9073181805598719
6855,15855,Medium,Medium,0.03634421100967584,0.035799129679108775,0.9278566593112153
22315,31315,Medium,Medium,0.03553357863329345,0.035193432305788,0.9292729890609185
29860,38860,Medium,Medium,0.029997148445092898,0.029389974233895347,0.9406128773210117
15422,24422,Medium,Medium,0.046069750808913214,0.03510032347359345,0.9188299257174934
22295,31295,Low,Low,0.04504499254505962,0.9167367118515414,0.03821829560339909
32375,41375,Medium,Medium,0.031550224479440586,0.0353364501884578,0.9331133253321017
17119,26119,Low,Low,0.029319832107909474,0.9377604868911904,0.032919681000900196
14346,23346,Low,Low,0.03323134164099848,0.9243496757476747,0.04241898261132682
30864,39864,High,High,0.9356851709032813,0.030710585306770306,0.033604243789948286
12621,21621,Low,Low,0.04222338887526125,0.9103021011939324,0.047474509930806326
8647,17647,Low,Low,0.029934588015029583,0.934751673035869,0.035313738949101385
29787,38787,Low,Low,0.029836347991730402,0.9363852017154001,0.03377845029286939
11081,20081,High,High,0.9369493478302791,0.029904834880888215,0.033145817288832764
3997,12997,Medium,Medium,0.03329489428245017,0.03885927903213599,0.9278458266854138
29379,38379,Medium,Medium,0.032193927759738915,0.03455069165324927,0.9332553805870117
14089,23089,Medium,Medium,0.03565372442077903,0.09091460256417928,0.8734316730150417
13107,22107,Medium,Medium,0.04392908374825571,0.03561581539607944,0.9204551008556647
21201,30201,Low,Low,0.02933684529177995,0.9382848417903545,0.032378312917865616
21084,30084,High,High,0.9292857155270262,0.03321664544543943,0.03749763902753426
23530,32530,High,High,0.9149537912188995,0.03403505393376274,0.05101115484733767
18655,27655,Medium,Medium,0.035217154014557085,0.03549236762952574,0.9292904783559172
22747,31747,Medium,Medium,0.03072394849996812,0.03482554873423655,0.9344505027657953
38542,47542,Low,Low,0.03055757932096558,0.9355220877918847,0.0339203328871496
33625,42625,Medium,Medium,0.04993459760449584,0.03759449201975323,0.912470910375751
13767,22767,Low,Low,0.03304079806126806,0.9324347800829745,0.03452442185575736
13933,22933,Medium,Medium,0.03311054505708383,0.03181992531909383,0.9350695296238224
39965,48965,High,High,0.9310948552360762,0.030317103280488287,0.0385880414834354
8913,17913,Medium,Medium,0.04231947812693423,0.06202219521997269,0.8956583266530931
23535,32535,Medium,Medium,0.034989544875157916,0.032084818373786676,0.9329256367510554
36311,45311,Medium,Medium,0.03255437419560636,0.037542848464440594,0.9299027773399531
13629,22629,High,High,0.9348269146505479,0.03147977948164286,0.033693305867809255
29932,38932,Medium,Medium,0.033452106532226224,0.035738502896894404,0.9308093905708793
10159,19159,Medium,Low,0.04616365568245987,0.7745393042567884,0.17929704006075184
22932,31932,High,High,0.9324408453538772,0.030061852521463244,0.037497302124659695
9750,18750,Medium,Medium,0.029368219909713195,0.030497339090123667,0.9401344410001632
30847,39847,Medium,Medium,0.03141096213874381,0.03023058816887651,0.9383584496923797
6889,15889,Low,Low,0.030548123178835984,0.9364736085036175,0.032978268317546626
19539,28539,Medium,Medium,0.032552064206018,0.03017187327475628,0.9372760625192257
2646,11646,Low,Low,0.0343806579234131,0.9338554058558398,0.0317639362207471
14486,23486,High,High,0.8985512237121291,0.03542055227727348,0.06602822401059737
15784,24784,Medium,Medium,0.033818705574549295,0.03215485378620601,0.9340264406392448
9842,18842,Medium,Medium,0.03279955862610652,0.0333087723991093,0.9338916689747842
33124,42124,Medium,Medium,0.037398733856562776,0.03662206259351692,0.9259792035499204
29423,38423,High,High,0.9340830603911544,0.03155000598380855,0.03436693362503707
929,9929,Medium,Medium,0.03339059784422513,0.03337186233559101,0.9332375398201839
8078,17078,High,High,0.9298830596133394,0.032812881588223757,0.037304058798436894
2665,11665,Low,Low,0.03182324521947815,0.9296155514295906,0.038561203350931265
19053,28053,Low,Low,0.02927574696123637,0.9385266638525103,0.03219758918625329
21971,30971,Medium,Medium,0.03162865782614129,0.03007554419980629,0.9382957979740524
35923,44923,Medium,Medium,0.034463151227738235,0.03288803730001768,0.932648811472244
6228,15228,Medium,Medium,0.03573224317207121,0.03360272490764039,0.9306650319202884
26576,35576,Medium,Medium,0.03233243738860842,0.030576529082389062,0.9370910335290025
33498,42498,Medium,Medium,0.08449344492706169,0.037319548141107446,0.8781870069318308
11777,20777,Medium,Medium,0.030601949421383584,0.029787652306762974,0.9396103982718534
29426,38426,High,High,0.9330016495759325,0.0302130231543126,0.03678532726975498
5605,14605,Medium,Medium,0.031841889819549295,0.03223584046514373,0.935922269715307
10014,19014,Low,Low,0.029574777007564834,0.938882982756327,0.03154224023610816
28798,37798,High,High,0.9277931401439613,0.03258505669496754,0.03962180316107103
17551,26551,Medium,Medium,0.034535475411190175,0.029881168825772356,0.9355833557630375
22916,31916,Medium,Medium,0.032586886423972554,0.031741428764487795,0.9356716848115396
1070,10070,High,High,0.929727888532871,0.035723233003561845,0.03454887846356732
31973,40973,High,High,0.9192968839929558,0.03531278189292548,0.04539033411411872
14219,23219,Medium,Medium,0.034272011114819007,0.03440786459653398,0.931320124288647
18399,27399,Medium,Medium,0.10414417103953422,0.03765651114052041,0.8581993178199454
20270,29270,Medium,Medium,0.030806064262355635,0.02896607638046717,0.9402278593571772
22990,31990,High,High,0.933861344757361,0.031407564076124134,0.03473109116651497
22156,31156,Medium,Medium,0.0346173191200525,0.03416950875204828,0.9312131721278992
35078,44078,Medium,Medium,0.03487304653283852,0.03627860807055438,0.9288483453966071
5739,14739,Medium,Medium,0.0332362013416668,0.03219433925067946,0.9345694594076538
508,9508,Medium,Medium,0.033311085975232614,0.03423954149703664,0.9324493725277306
35321,44321,Low,Low,0.035398603151752715,0.9094719536942958,0.055129443153951435
943,9943,High,High,0.9366529814469051,0.031087930896108718,0.03225908765698613
25839,34839,Low,Low,0.03521757827762447,0.932360605030451,0.032421816691924545
13947,22947,High,High,0.9271819401244018,0.03898410661354514,0.03383395326205314
15333,24333,High,High,0.9334863387669077,0.03212339061761627,0.03439027061547594
16794,25794,Low,Low,0.03391304952332596,0.9314387241504302,0.03464822632624389
31825,40825,High,High,0.9360608495877673,0.029921526726120962,0.03401762368611172
2888,11888,Low,Low,0.03156434292107724,0.9230552479809838,0.04538040909793903
38003,47003,Medium,Medium,0.03450172280394701,0.029790072124814923,0.9357082050712381
32010,41010,Medium,Medium,0.033676954352110613,0.031063875395864415,0.9352591702520249
15937,24937,Low,Low,0.029763549105857993,0.9337657814368633,0.03647066945727869
23955,32955,Medium,Medium,0.03915310088346223,0.131295816317767,0.8295510827987709
18361,27361,Low,Low,0.03214053365962718,0.9346274278051682,0.033232038535204574
28246,37246,Low,Low,0.0390655709352247,0.9164709071564664,0.044463521908308955
25618,34618,Medium,Medium,0.031723149030663284,0.03460661921453065,0.9336702317548062
6188,15188,High,High,0.9277084391508366,0.03246422357481105,0.03982733727435236
15358,24358,High,High,0.5898348796266876,0.04649549278858143,0.36366962758473104
30664,39664,Medium,Medium,0.03279564354312322,0.03098851841368426,0.9362158380431925
10461,19461,Low,Low,0.033658674274288175,0.9297671095788461,0.03657421614686571
29195,38195,Medium,Medium,0.03602034551836567,0.033175769879185274,0.9308038846024491
28333,37333,Medium,Medium,0.033449088071942995,0.032359738880470404,0.9341911730475866
19803,28803,Medium,Medium,0.035367786353239304,0.03548065046313274,0.9291515631836279
37174,46174,High,High,0.9373220700003889,0.028893328166065574,0.033784601833545425
29378,38378,Medium,Medium,0.03064131208629477,0.03112992594513785,0.9382287619685674
9772,18772,Low,High,0.9361096932299185,0.030253429190767917,0.03363687757931352
24619,33619,Low,Medium,0.04322141503275125,0.4350062467027407,0.5217723382645082
35865,44865,Low,Low,0.03050991625836283,0.934409486527669,0.03508059721396811
3080,12080,Low,Low,0.031096229387374812,0.9365136553029657,0.03239011530965954
27319,36319,Low,Low,0.030653097405406976,0.9155618022865767,0.05378510030801633
20612,29612,High,High,0.9240428008887713,0.03463230643960396,0.04132489267162477
6983,15983,Medium,Medium,0.031242277512638084,0.03214423743990754,0.9366134850474545
33383,42383,Low,Low,0.02979747590540707,0.9362409686306347,0.03396155546395821
2308,11308,High,High,0.9362042066026778,0.03143445682581866,0.032361336571503564
17886,26886,Medium,Medium,0.030469290611271307,0.03134105753106505,0.9381896518576637
37755,46755,Medium,Medium,0.03261144352127735,0.1183828406352573,0.8490057158434653
21553,30553,Medium,Medium,0.03403099913279983,0.03358888068407525,0.932380120183125
35427,44427,High,High,0.9341879736203249,0.03249735700044953,0.03331466937922553
24291,33291,Medium,Medium,0.03127584916301943,0.0326537277491641,0.9360704230878166
6677,15677,High,High,0.9334470324552795,0.032762121928722264,0.03379084561599821
30220,39220,Medium,Medium,0.03177742580353616,0.030543376223196413,0.9376791979732674
5797,14797,Low,Low,0.029491308111844264,0.9354554232793032,0.03505326860885247
19323,28323,Medium,Medium,0.03545248278946611,0.03228573760087633,0.9322617796096576
39918,48918,Medium,Medium,0.03209686992046692,0.03145185863855546,0.9364512714409775
1726,10726,Medium,Medium,0.0322240049380755,0.030547164679446983,0.9372288303824776
17703,26703,Medium,Medium,0.03444562770309776,0.03827434320807894,0.9272800290888233
15884,24884,High,Medium,0.03907873835790538,0.03343459404879681,0.9274866675932977
2774,11774,Medium,Medium,0.0311625627084354,0.03155451816462613,0.9372829191269384
4949,13949,Medium,Medium,0.03204504356771964,0.032013000611580876,0.9359419558206996
3816,12816,High,High,0.9300865278983971,0.03443219160537417,0.03548128049622886
6999,15999,High,High,0.9320824894886454,0.03225575071207895,0.03566175979927571
325,9325,High,Medium,0.2282934293450127,0.0547268625153717,0.7169797081396156
22804,31804,Medium,Medium,0.03345931033291793,0.03456093855461811,0.9319797511124639
26913,35913,Medium,Medium,0.03315697670208257,0.032653965872833195,0.9341890574250842
10459,19459,Low,Low,0.03370879651681943,0.9175744571921527,0.048716746291027874
28678,37678,Medium,Medium,0.03346593153515267,0.03600486787335521,0.9305292005914921
32296,41296,Medium,Medium,0.03282220673633083,0.03125501552948481,0.9359227777341844
39984,48984,Medium,Medium,0.03462501598790099,0.03300794086049698,0.932367043151602
8304,17304,Medium,Medium,0.032075045549720946,0.033178064052626306,0.9347468903976527
35589,44589,Medium,Medium,0.0351942147800087,0.03684806031785361,0.9279577249021376
3827,12827,Low,Low,0.03079724692753369,0.9367742132230963,0.032428539849370074
28362,37362,Medium,Medium,0.032504424704172065,0.032687070329664406,0.9348085049661635
23884,32884,High,High,0.9371896310520446,0.03080112461999236,0.03200924432796304
1142,10142,High,High,0.9285804460967726,0.034266321560516975,0.03715323234271046
10801,19801,Medium,Medium,0.03527086884880425,0.03524713927735176,0.929481991873844
15198,24198,High,High,0.9358466764420257,0.029135422591018756,0.035017900966955416
7460,16460,Medium,Medium,0.031552116613513294,0.03113550379119512,0.9373123795952916
36579,45579,Medium,Medium,0.03329509947569923,0.030760347881645337,0.9359445526426553
23017,32017,High,High,0.9150421967412421,0.03512877266468047,0.049829030594077374
6307,15307,High,High,0.9299738647400058,0.03194058755128582,0.038085547708708395
20974,29974,Medium,Medium,0.0334018510765124,0.03186393365386623,0.9347342152696214
22621,31621,Low,Low,0.03277733924173132,0.923768012396314,0.04345464836195475
23971,32971,Medium,Medium,0.03443621995927877,0.030245338755045956,0.9353184412856752
12780,21780,Low,Low,0.035478445386620164,0.9226898215295615,0.04183173308381836
37905,46905,High,High,0.9364931358944335,0.029264430957136166,0.03424243314843039
10852,19852,Medium,Medium,0.034739571732245324,0.03277328317429495,0.9324871450934596
12147,21147,Medium,Medium,0.23245809943355197,0.043214190145503324,0.7243277104209448
23484,32484,Medium,Medium,0.03225626399058842,0.03887344833504087,0.9288702876743707
31260,40260,Medium,Medium,0.04195329541480295,0.18377873354814586,0.7742679710370511
37418,46418,Low,Low,0.0364131306018959,0.9202329796902228,0.043353889707881364
5549,14549,Medium,Medium,0.032996527575800315,0.04174036692894669,0.925263105495253
19171,28171,Medium,Medium,0.03659755968764609,0.04921074320833509,0.9141916971040187
38126,47126,High,High,0.9263214999011157,0.036812758245024925,0.03686574185385933
31497,40497,Medium,Medium,0.030370935490919643,0.03542078321993888,0.9342082812891416
39620,48620,Medium,Medium,0.031793700369537777,0.030570460087312554,0.9376358395431496
18077,27077,Medium,Medium,0.031429855593501956,0.03066917218707398,0.937900972219424
31121,40121,High,High,0.9298969846915058,0.03257315751087015,0.03752985779762396
13380,22380,High,High,0.9358027900545203,0.029787823878571373,0.03440938606690853
29494,38494,Medium,Medium,0.0327490419378712,0.030478918780476594,0.9367720392816522
31971,40971,High,High,0.8089738225571604,0.036831603935257314,0.15419457350758228
24846,33846,Medium,Medium,0.03152691804676643,0.03734575306506277,0.9311273288881708
37715,46715,Low,Medium,0.03513610283281127,0.033157114614690876,0.9317067825524977
36140,45140,Medium,Medium,0.039954640450455485,0.05757298063290379,0.9024723789166407
4151,13151,Medium,Medium,0.029589806456472443,0.03171558961816588,0.9386946039253616
36207,45207,Low,Low,0.031166204217720078,0.9365962649404646,0.03223753084181538
14815,23815,Medium,Medium,0.03583231938730061,0.03189863359804886,0.9322690470146505
31843,40843,Medium,Medium,0.032984879133786976,0.033215545920222016,0.933799574945991
6596,15596,Medium,Medium,0.03334211148035033,0.030798705501951948,0.9358591830176978
21731,30731,Medium,Medium,0.035385776975341045,0.03073636837029263,0.9338778546543663
20068,29068,Medium,Medium,0.0317458295039984,0.032353437551959775,0.9359007329440417
3373,12373,Medium,Medium,0.032704370846464,0.032024299867726154,0.9352713292858098
6692,15692,High,High,0.9183348995042254,0.03504223296475414,0.04662286753102038
23835,32835,Low,Medium,0.03367982559706575,0.03987701269846941,0.9264431617044648
5169,14169,Medium,Medium,0.0337491764566181,0.03007294158602417,0.9361778819573577
39581,48581,Medium,Medium,0.03271252490258354,0.03074901650944901,0.9365384585879676
39284,48284,Medium,High,0.9287273893667843,0.035002749263634676,0.036269861369580984
5568,14568,Medium,Medium,0.03667677604841056,0.030364221361442678,0.9329590025901467
6084,15084,Medium,Medium,0.03094116243402373,0.03108544915612287,0.9379733884098534
28200,37200,Medium,Medium,0.03324459612748392,0.03275187798723423,0.9340035258852817
16133,25133,Low,Low,0.030926567929157583,0.9369020683606945,0.03217136371014792
37970,46970,Medium,Medium,0.036543409436688566,0.029971684929859844,0.9334849056334517
12703,21703,Medium,Medium,0.034075790368720514,0.035903648609263566,0.9300205610220159
236,9236,Low,Low,0.029500755485621245,0.9388099192764038,0.03168932523797497
29654,38654,Low,Low,0.03389806075767921,0.9299752115574483,0.036126727684872406
24741,33741,Medium,Medium,0.03133199925068448,0.03677608414898418,0.9318919166003313
6528,15528,Medium,Medium,0.04896498041044562,0.03326107958295121,0.9177739400066032
11932,20932,High,High,0.9356184550127611,0.030036053192612277,0.03434549179462658
14911,23911,High,Medium,0.035789152726893154,0.03272093430319596,0.9314899129699108
14298,23298,Medium,Medium,0.03127291197981349,0.029407152693429733,0.9393199353267567
28966,37966,Medium,Medium,0.03166336336852225,0.03175667796743808,0.9365799586640396
17155,26155,Medium,Medium,0.031046464464078535,0.03135369688155954,0.9375998386543619
35405,44405,Low,Low,0.03096776606601968,0.9351830304460919,0.03384920348788837
7721,16721,High,High,0.9336580034521376,0.03237829295734521,0.033963703590517307
30486,39486,Medium,Medium,0.15531472368276997,0.0434545122593275,0.8012307640579025
35932,44932,Medium,Medium,0.032920945153576714,0.03385847608958056,0.9332205787568428
34625,43625,High,High,0.9294992524660411,0.03361056377066007,0.036890183763298744
26602,35602,Medium,Medium,0.03030662968331108,0.030015911578957777,0.939677458737731
34648,43648,Low,Low,0.032901631359572185,0.8899498992179922,0.0771484694224356
35385,44385,High,High,0.9352724332165958,0.030374494425775844,0.03435307235762842
31254,40254,Medium,Medium,0.032295486492669036,0.031510809605386304,0.9361937039019447
11180,20180,Medium,Medium,0.0321220784118958,0.03265359009497978,0.9352243314931243
1034,10034,High,High,0.856321771619205,0.04316773721156061,0.1005104911692345
34037,43037,Low,Low,0.033784439174024815,0.9328601460093516,0.033355414816623484
23787,32787,High,High,0.9038499575929615,0.054166700113262745,0.041983342293775726
36787,45787,High,High,0.9376493271799254,0.02934213907046354,0.03300853374961089
35124,44124,Low,Medium,0.03210629714798123,0.03248717943034264,0.9354065234216762
4211,13211,Low,Low,0.039765896805738894,0.8916866631470325,0.06854744004722856
1753,10753,Low,Low,0.03177475150825512,0.9148959997997405,0.05332924869200439
24047,33047,Low,Low,0.03560562844069298,0.9273860121662576,0.0370083593930494
22225,31225,Low,Low,0.03238065366907425,0.9260339391441792,0.04158540718674653
35936,44936,High,High,0.9313800730068164,0.03130375174677763,0.037316175246406104
34034,43034,Medium,Medium,0.030029282020664905,0.02967983075170351,0.9402908872276315
27271,36271,Low,Low,0.03217864134776215,0.9329360830000569,0.03488527565218087
12016,21016,Medium,Medium,0.030303614554286203,0.030657681386474452,0.9390387040592393
14052,23052,Low,Low,0.030956827594603106,0.930523383929203,0.03851978847619396
37758,46758,Medium,Medium,0.041625157770622805,0.208209146238025,0.7501656959913522
27358,36358,Low,Low,0.03117183014917249,0.9303587649593784,0.03846940489144899
9551,18551,High,High,0.9344359401494843,0.030817163333888408,0.03474689651662729
9414,18414,Medium,Medium,0.03887425221002808,0.030297587084129256,0.9308281607058427
19726,28726,Low,Low,0.04319730107908953,0.7941641970869345,0.16263850183397596
15114,24114,Low,Low,0.031417885755015716,0.9353846889270466,0.03319742531793769
10969,19969,High,High,0.9338905418551464,0.029516223918917523,0.036593234225936216
18520,27520,High,High,0.936181580008931,0.03185698705164163,0.03196143293942739
27971,36971,High,High,0.9368504534779487,0.030795215386042588,0.03235433113600861
20069,29069,Medium,Medium,0.032422706402398874,0.03393706702984312,0.9336402265677579
19711,28711,Medium,Medium,0.03443480991051442,0.03116348374586518,0.9344017063436204
31882,40882,Low,Low,0.029881018343241156,0.9364566488976721,0.033662332759086776
22464,31464,Medium,Medium,0.032924279011335024,0.031131163471584452,0.9359445575170805
9250,18250,Low,Medium,0.030566926472453904,0.029758363748110733,0.9396747097794353
16285,25285,Medium,Medium,0.032212940824170866,0.03209595307759052,0.9356911060982386
7593,16593,Low,Low,0.03641045605158779,0.9254753900669224,0.03811415388148988
17968,26968,High,Medium,0.040181369032775915,0.033011332684727175,0.926807298282497
34022,43022,Medium,Medium,0.033742632963869645,0.03842924301959307,0.9278281240165374
30467,39467,Low,Low,0.038955553389974466,0.7825755835493271,0.17846886306069834
3255,12255,Medium,Medium,0.036689944348496574,0.030967701569363664,0.9323423540821398
24593,33593,Medium,Medium,0.03368538686602177,0.04349755289424569,0.9228170602397325
1301,10301,High,High,0.9349294065124862,0.031042170144302172,0.034028423343211565
25897,34897,Low,Low,0.03571693110301549,0.9096349986419368,0.05464807025504779
21752,30752,Low,Low,0.04080075323255278,0.9056602708193262,0.05353897594812094
5633,14633,Low,Low,0.04372331603799787,0.8902692471768628,0.06600743678513932
19773,28773,Low,Low,0.031064009962714457,0.9368580325464629,0.03207795749082273
31677,40677,High,High,0.9357254128691933,0.03155082242387804,0.032723764706928705
12452,21452,Medium,Medium,0.4152118647627909,0.04535221759168401,0.539435917645525
12892,21892,High,High,0.9359619499309703,0.031077490297461794,0.03296055977156794
39907,48907,Low,Low,0.03210723286224836,0.9315101806616811,0.03638258647607049
15597,24597,Low,Low,0.030548445331466122,0.9378539675383329,0.03159758713020106
9346,18346,High,Medium,0.033081727278563955,0.03195008165141948,0.9349681910700166
38153,47153,Medium,Low,0.05832081679454674,0.6448071976756721,0.2968719855297812
3770,12770,Medium,Medium,0.03484902558401674,0.0381781259721275,0.9269728484438557
12603,21603,Medium,Medium,0.03875123347229256,0.03303785302058121,0.9282109135071263
23341,32341,Low,Low,0.029596077160054173,0.9346691392163419,0.03573478362360392
3666,12666,High,High,0.9347899887602926,0.030866802994155795,0.03434320824555168
7382,16382,Low,Low,0.0319364167763359,0.92109218601369,0.04697139720997403
39444,48444,High,High,0.9332412265002903,0.030835819929473915,0.03592295357023595
19977,28977,High,High,0.9321682995029416,0.032222254614123015,0.0356094458829353
37480,46480,Medium,Medium,0.03173571383944503,0.02967670231163273,0.9385875838489222
1661,10661,Medium,Medium,0.0314683124447086,0.032396739953172056,0.9361349476021193
39388,48388,Medium,Medium,0.03125622075762085,0.02974163470206455,0.9390021445403147
23854,32854,High,High,0.9393082376200707,0.029592193699442357,0.031099568680487046
12073,21073,Low,Low,0.03872850751861348,0.8650184967424371,0.09625299573894942
17987,26987,High,High,0.9324123818507514,0.03299745072825386,0.03459016742099482
34638,43638,Medium,Medium,0.049090039204119196,0.427633220974217,0.5232767398216638
35404,44404,Low,Low,0.03198308894253574,0.9356290400626747,0.03238787099478951
7257,16257,High,High,0.9338146406968001,0.030194906545969513,0.03599045275723037
36903,45903,Medium,Medium,0.03209982843053885,0.032496652364459803,0.9354035192050013
5050,14050,Low,Low,0.03494979618948436,0.9116801987447228,0.05337000506579275
37094,46094,High,High,0.936233534607226,0.0317325688737605,0.03203389651901361
34381,43381,Medium,Medium,0.03250724378578477,0.03104513850170597,0.9364476177125093
16372,25372,High,High,0.9385178169237293,0.029473283664359622,0.03200889941191108
5915,14915,Low,Low,0.035906455725516304,0.9322896166714628,0.03180392760302095
12457,21457,High,High,0.9325959471800322,0.03466323148107787,0.03274082133888994
1957,10957,Medium,Medium,0.029885789526041942,0.029431125385892834,0.9406830850880651
30292,39292,High,High,0.933819915485846,0.029795240608467836,0.036384843905686255
4525,13525,Medium,Medium,0.03453835996432811,0.03236627652686152,0.9330953635088104
4352,13352,Low,Low,0.0293583868976927,0.9370241718661002,0.03361744123620705
39036,48036,High,High,0.9292677244799447,0.029885681539458444,0.04084659398059687
27364,36364,Medium,Medium,0.03825428285432952,0.04167913474577537,0.9200665823998951
11030,20030,High,Medium,0.03310019752396347,0.030567019025611552,0.936332783450425
29436,38436,Medium,Medium,0.03279990885173891,0.03337317635169026,0.9338269147965708
27985,36985,Low,Low,0.03443005999637113,0.9284774648479615,0.03709247515566733
20955,29955,Low,Low,0.029784348248739545,0.9387769926119415,0.03143865913931895
1817,10817,Medium,Medium,0.03267622779447929,0.03396431591578958,0.9333594562897312
17747,26747,Low,Low,0.03227150759590772,0.9329001382541674,0.034828354149924856
27085,36085,Low,Low,0.03626835716953999,0.8372363695185908,0.1264952733118692
11598,20598,Medium,Medium,0.03564739576357897,0.44479161020197444,0.5195609940344466
3356,12356,Medium,Medium,0.03268671574175385,0.033294537912724465,0.9340187463455217
17868,26868,High,High,0.9296648036179936,0.03388362701042854,0.03645156937157785
7884,16884,Medium,Medium,0.031891418335127576,0.03390743431692608,0.9342011473479465
5801,14801,Low,Low,0.031206219217338006,0.9366759819544889,0.03211779882817306
30548,39548,Medium,Medium,0.02998620619289238,0.028844042029239878,0.9411697517778678
22587,31587,Medium,Medium,0.036363192615490834,0.0307546347187445,0.9328821726657647
7702,16702,Medium,Medium,0.03558369381524528,0.04846710758181414,0.9159491986029407
12560,21560,Medium,Medium,0.03224810886852264,0.03373089509638729,0.9340209960350901
6495,15495,High,High,0.9145413863357085,0.03875389843648888,0.046704715227802764
34669,43669,Medium,Medium,0.031832546973440436,0.029271338444695722,0.9388961145818638
12305,21305,Medium,Medium,0.033691202328984655,0.0338551675327031,0.9324536301383123
21127,30127,Medium,Medium,0.031871736991169713,0.03371765008799909,0.9344106129208312
32570,41570,Medium,Medium,0.03173041591746237,0.031739372295322886,0.9365302117872147
8905,17905,High,High,0.9266658034442651,0.03581151266819004,0.03752268388754489
23460,32460,High,High,0.9281577249519564,0.03375184344530939,0.038090431602734155
1463,10463,Low,Low,0.031622183540785324,0.9366999266424448,0.03167788981676987
30174,39174,Medium,Medium,0.03437264992339156,0.030599951382804153,0.9350273986938044
2473,11473,Medium,Medium,0.03437787806603693,0.035431196540529425,0.9301909253934335
25750,34750,Low,Low,0.028994163752139628,0.9396812862973581,0.0313245499505021
7564,16564,Medium,Medium,0.03309013477368694,0.030921737877420124,0.9359881273488929
34185,43185,High,High,0.9366743125640103,0.0291716218231462,0.03415406561284342
26134,35134,Medium,Medium,0.030201076711354382,0.03156741700386479,0.9382315062847809
1473,10473,Medium,Medium,0.03129635057668808,0.03326007940830309,0.9354435700150088
31207,40207,High,High,0.9326274874510752,0.031004453078921083,0.03636805947000373
30441,39441,High,High,0.935397478898708,0.030102260674004913,0.03450026042728712
11570,20570,Low,Low,0.034242307918852556,0.9304992981640673,0.035258393917080286
16989,25989,Low,Low,0.03168561387316596,0.9293592326140097,0.03895515351282444
19581,28581,High,High,0.9387236758753481,0.02849442005831591,0.03278190406633607
25913,34913,Medium,Medium,0.0321644530162801,0.031725985895804526,0.9361095610879153
12825,21825,Medium,Medium,0.09814422411555186,0.03460516991882321,0.867250605965625
29541,38541,Low,Low,0.0308797995483704,0.9316559577806736,0.03746424267095596
27207,36207,Low,Low,0.02990784217026513,0.9345649045586795,0.03552725327105524
29361,38361,Low,Low,0.03391870071579203,0.9239754848942203,0.042105814389987735
27480,36480,Low,Low,0.03323954793140744,0.8874234797696481,0.07933697229894439
27000,36000,High,High,0.9313386931332008,0.030726026344821505,0.03793528052197772
18320,27320,Medium,Medium,0.032722438297122285,0.032596858052684786,0.934680703650193
31832,40832,Low,Low,0.03178770258214212,0.9227033764206128,0.04550892099724504
35075,44075,Medium,Medium,0.033594369326563685,0.03294745196201756,0.9334581787114188
22637,31637,High,Medium,0.03035168281892786,0.030787466594227385,0.9388608505868447
23883,32883,Medium,Medium,0.031242864128893266,0.03160116577891913,0.9371559700921875
7149,16149,Low,Low,0.033762083916584223,0.9297979582150258,0.03643995786838999
30172,39172,Medium,Medium,0.0333200381779817,0.030410472981610853,0.9362694888404075
1423,10423,Low,Low,0.03524264880758889,0.9211204075366379,0.04363694365577319
27517,36517,Low,Low,0.032837868010491385,0.9310819674622485,0.03608016452726013
1671,10671,Medium,Medium,0.032459946524352,0.0329086251732914,0.9346314283023567
222,9222,Medium,Medium,0.15190558655885922,0.04179610614275919,0.8062983072983817
39006,48006,High,Medium,0.034604827581344776,0.03194719900251174,0.9334479734161435
10441,19441,Medium,Medium,0.03747302276852282,0.03056298392317422,0.9319639933083028
27576,36576,Medium,Low,0.033532558058748246,0.9330114564946855,0.03345598544656637
38818,47818,Low,Low,0.03997928532376585,0.7209150375348009,0.2391056771414332
37054,46054,Medium,Medium,0.034510678981546444,0.03308669747058742,0.9324026235478661
30067,39067,Low,Low,0.030496264144582095,0.9366685221224059,0.032835213733011986
24411,33411,Medium,Medium,0.034220394524642116,0.04125004900221349,0.9245295564731443
33648,42648,Low,Low,0.03424833347556345,0.9029865361294579,0.06276513039497855
27104,36104,Medium,Medium,0.03347546346433343,0.03265148645959385,0.9338730500760728
18264,27264,Medium,Medium,0.03125596991141671,0.03085143423005919,0.937892595858524
34896,43896,Medium,Medium,0.03970503000520432,0.3766827409698526,0.5836122290249431
13257,22257,High,High,0.9241594613732961,0.03645998418284001,0.039380554443863895
7789,16789,Low,Medium,0.04723169873205402,0.1939584868935782,0.7588098143743678
7656,16656,Low,Low,0.03144311845929849,0.9263942371456907,0.04216264439501093
19850,28850,Medium,Medium,0.03263069115629452,0.03471336881159207,0.9326559400321134
39500,48500,Medium,Medium,0.041642807832301586,0.03176666410545584,0.9265905280622425
16985,25985,High,High,0.9348165073201216,0.031355968247436666,0.03382752443244181
32083,41083,Medium,Medium,0.031378708303011475,0.03051473918820617,0.9381065525087823
36795,45795,Medium,Medium,0.03111229377335849,0.029779224950876853,0.9391084812757646
20803,29803,High,High,0.9355961206359528,0.031291277296149875,0.03311260206789731
28617,37617,Medium,Medium,0.03544519271257587,0.03416046254397034,0.9303943447434538
1328,10328,High,High,0.9281628860733556,0.03298624585093741,0.03885086807570706
31053,40053,Medium,Medium,0.03417620060349558,0.26915553365196265,0.6966682657445418
24919,33919,High,High,0.9280465940128275,0.030691571264468948,0.041261834722703526
10573,19573,Medium,Medium,0.030933036436518384,0.03181315832055273,0.9372538052429289
15238,24238,High,High,0.9343618789843129,0.03154860470352216,0.03408951631216498
15418,24418,High,High,0.9256830729442439,0.032973256524260766,0.041343670531495263
2331,11331,Medium,High,0.9281695992096086,0.033177018937600396,0.038653381852791054
27238,36238,High,High,0.9314010321622441,0.03124687893408866,0.037352088903667126
32339,41339,Low,Low,0.030739930114126623,0.9317627895470633,0.03749728033881009
6751,15751,Medium,Medium,0.030970164519508663,0.040993581801048846,0.9280362536794425
23424,32424,Medium,Medium,0.033422596160151447,0.03352056408236178,0.9330568397574868
2418,11418,Low,Low,0.032127050753653484,0.9356954846819638,0.03217746456438259
35246,44246,High,High,0.9352995952104232,0.03234569202163536,0.03235471276794152
20219,29219,High,High,0.9343282676554833,0.032463998074501794,0.033207734270014944
5353,14353,Low,Low,0.036631262350301654,0.9259538384304863,0.03741489921921214
33866,42866,Medium,Medium,0.031038624069934777,0.030147355275009263,0.938814020655056
28560,37560,Medium,Medium,0.03126613941052466,0.03163460521523917,0.9370992553742363
19526,28526,Low,Low,0.03269072861444807,0.9341071621519371,0.03320210923361497
36901,45901,Medium,Medium,0.03577116481010125,0.031531285962301696,0.9326975492275972
15694,24694,Low,Low,0.029303763156910096,0.9376556701900537,0.03304056665303631
15082,24082,Medium,Medium,0.03140990237742533,0.03407423578663705,0.9345158618359376
34442,43442,Medium,Medium,0.20481060154200792,0.04252743501904472,0.7526619634389474
36178,45178,Low,Low,0.03394405419834575,0.9265805631050391,0.03947538269661501
24152,33152,Medium,Medium,0.032970375481643215,0.03098988185620631,0.9360397426621505
28156,37156,Medium,Medium,0.035141887923951134,0.03315467068434519,0.9317034413917037
26684,35684,Medium,Medium,0.03096202630337419,0.029919950926213,0.9391180227704128
11899,20899,High,High,0.9327876705999533,0.033793713239075485,0.03341861616097123
21808,30808,Medium,Medium,0.03460345757729765,0.03358157682228132,0.9318149656004211
1810,10810,Medium,Medium,0.03252667547448607,0.03339329893532045,0.9340800255901934
15573,24573,High,Medium,0.03238912285026399,0.030596082374924293,0.9370147947748118
35693,44693,High,High,0.9249129157170101,0.03393902514749427,0.04114805913549572
15496,24496,Medium,Medium,0.03683655723035153,0.030665013175096064,0.9324984295945525
9125,18125,Low,Low,0.03153019615660215,0.9352807030189156,0.03318910082448218
15307,24307,Low,Low,0.03095400440538838,0.9177601726374652,0.051285822957146426
18404,27404,High,High,0.9230096445404666,0.03768547293714712,0.03930488252238627
3113,12113,Low,Medium,0.044586493985213936,0.03226604068391412,0.9231474653308719
10923,19923,Medium,Medium,0.03880324511510668,0.03357019327891513,0.9276265616059782
20977,29977,High,High,0.9300779542684553,0.03692557418422352,0.03299647154732119
11368,20368,Medium,Medium,0.03460786287250397,0.03853248328491634,0.9268596538425796
33012,42012,Medium,Medium,0.03119576673290156,0.029332996458552665,0.9394712368085458
21162,30162,Low,Low,0.03857570555727235,0.8281241252026454,0.13330016924008228
34658,43658,Medium,Medium,0.039983733188000754,0.2003977493101352,0.759618517501864
23948,32948,Medium,Medium,0.03168015558282643,0.03508917107899589,0.9332306733381777
33966,42966,Medium,Medium,0.03159353602067513,0.04322935242839723,0.9251771115509276
36181,45181,Low,High,0.9364653737341362,0.029705694002152935,0.033828932263710886
26363,35363,Low,Low,0.031193921551003683,0.9154895190159514,0.053316559433044884
27777,36777,Medium,Medium,0.03069155352882487,0.03298661288862886,0.9363218335825462
1813,10813,Low,Low,0.03104990707452976,0.9329909823951447,0.035959110530325626
38009,47009,Low,Low,0.030304939810711185,0.9362193782562663,0.033475681933022534
5678,14678,Medium,Medium,0.054033970903737884,0.44717921098946106,0.498786818106801
25745,34745,High,High,0.9325486756728251,0.033308139560107926,0.034143184767066966
37807,46807,Low,Medium,0.031392882433794504,0.032725766787356,0.9358813507788494
36452,45452,Medium,Medium,0.03263209997525149,0.03725142356258215,0.9301164764621664
2432,11432,Medium,Medium,0.03218571416538521,0.03211744415592317,0.9356968416786917
6226,15226,Medium,Medium,0.031891500398995014,0.03194856795446593,0.9361599316465391
26889,35889,High,High,0.9289030524108243,0.030003994261117065,0.041092953328058617
37840,46840,Medium,Medium,0.032252792326544204,0.03694589431394649,0.9308013133595093
13240,22240,High,High,0.9340458046205202,0.03175780269295,0.034196392686529915
15608,24608,Medium,Medium,0.031136719773499896,0.034263352912827616,0.9345999273136725
22090,31090,High,High,0.9364055014698484,0.031064629888860506,0.032529868641291204
1575,10575,Medium,Medium,0.03633090456290985,0.032061317125530175,0.93160777831156
38760,47760,Medium,Medium,0.35309258129753957,0.05036191515610722,0.5965455035463533
7657,16657,High,High,0.9253977640728239,0.03485480511344737,0.039747430813728724
20982,29982,Medium,Medium,0.03166230878438012,0.02979344319955256,0.9385442480160674
18159,27159,Medium,Medium,0.04017105311936844,0.032024486148205376,0.9278044607324261
33713,42713,Low,Low,0.03104805766689633,0.9283120051048462,0.04063993722825752
33960,42960,High,High,0.8541551063073495,0.04141016962734406,0.10443472406530639
9786,18786,High,High,0.9373119577587609,0.03085397204423564,0.03183407019700353
23848,32848,Medium,Medium,0.03862249023594055,0.14853332510912504,0.8128441846549345
39081,48081,Low,Low,0.029880157990495496,0.9380581711018149,0.03206167090768942
29333,38333,Medium,Medium,0.034417502726564776,0.031952557519141146,0.9336299397542941
37398,46398,Low,Low,0.04826320122338205,0.9107200043752549,0.04101679440136291
33449,42449,High,High,0.9319143688972726,0.03605940147878115,0.03202622962394621
12403,21403,Medium,Medium,0.037748375483886674,0.036415457590970327,0.925836166925143
37674,46674,High,High,0.9378694489374227,0.030231418288737696,0.031899132773839566
38002,47002,Medium,Medium,0.03070158846944465,0.033640266342200964,0.9356581451883543
15348,24348,Medium,Medium,0.03229661644590873,0.035928171634788314,0.9317752119193029
553,9553,High,High,0.9276525958403473,0.03367419385926737,0.038673210300385306
37881,46881,Medium,Medium,0.07793542448715744,0.04057649961019329,0.8814880759026492
39768,48768,Medium,Medium,0.03511681207825687,0.03705721937872535,0.9278259685430178
20282,29282,Low,High,0.9382352554683507,0.029944578995261,0.03182016553638813
18505,27505,Medium,Medium,0.06218964287199639,0.035391680905947666,0.902418676222056
2678,11678,Medium,Medium,0.033606251848706775,0.030203071898212475,0.9361906762530808
38278,47278,High,High,0.9346900497306919,0.03037407931067387,0.03493587095863427
21928,30928,Low,Low,0.029722709820064863,0.9362920057165912,0.03398528446334396
10015,19015,Low,Low,0.0316634690814516,0.9359349373752801,0.03240159354326829
34433,43433,Medium,Medium,0.03184798631043548,0.031202793852689717,0.9369492198368748
37600,46600,Medium,Medium,0.033826388112915336,0.03840812904688325,0.9277654828402012
2497,11497,High,High,0.9341034862346795,0.03236314402491707,0.03353336974040333
35729,44729,Low,Low,0.030092031282533852,0.9356180972861341,0.03428987143133208
39080,48080,Medium,Medium,0.033055458311171675,0.032025306853852686,0.9349192348349756
13982,22982,Medium,Medium,0.0327168239142222,0.032363565244675686,0.9349196108411023
16635,25635,High,High,0.9333421060170171,0.03101314409225783,0.035644749890725025
33817,42817,High,High,0.9352883113170068,0.0305154260826959,0.0341962626002972
37479,46479,Low,Low,0.039371425913532175,0.7392509449095535,0.2213776291769144
21680,30680,Low,Low,0.032497276354045805,0.9306949785129345,0.0368077451330197
29826,38826,Low,Low,0.030856673175229055,0.933068785594335,0.03607454123043593
16051,25051,High,Medium,0.04410130162103416,0.03930144545601009,0.9165972529229558
25153,34153,Low,High,0.9233759042682599,0.0409657325094969,0.03565836322224315
23752,32752,Low,Low,0.030597419471746445,0.9374505391357105,0.031952041392542964
21054,30054,Medium,Medium,0.04420801834153143,0.19757660520576684,0.7582153764527018
31327,40327,Medium,Medium,0.031836340560347016,0.03186005944335496,0.9363035999962981
21920,30920,Medium,Medium,0.03145280746885462,0.04284375989692868,0.9257034326342167
13919,22919,Medium,Medium,0.03665525903297937,0.03211380911173461,0.9312309318552859
37138,46138,Medium,Medium,0.0367228456626161,0.47071725060102726,0.4925599037363566
12084,21084,Medium,Medium,0.03232282605652954,0.031206497626722646,0.9364706763167477
33891,42891,Low,Low,0.03386755521294735,0.9311926513196461,0.03493979346740649
26848,35848,Low,Low,0.037097876909663034,0.9245058810839307,0.038396242006406345
39827,48827,Low,Medium,0.03249186432083284,0.030633959161373722,0.9368741765177934
35425,44425,Medium,Medium,0.03665339005888274,0.031443398200221385,0.9319032117408957
39262,48262,Medium,Medium,0.034609436725356164,0.032003186524567656,0.9333873767500762
3155,12155,Low,Medium,0.0314931672697031,0.032100392529536406,0.9364064402007605
2006,11006,Low,Low,0.03129265816210517,0.9332392060680551,0.03546813576983964
5192,14192,High,High,0.9334596142148248,0.02936292211480782,0.037177463670367374
17646,26646,Medium,Medium,0.029801589845984133,0.029645456856535662,0.9405529532974802
2949,11949,Low,Low,0.031659016647589765,0.934459477529565,0.03388150582284528
19668,28668,Low,Low,0.029975279980178293,0.9329501897774305,0.03707453024239122
35060,44060,Low,Low,0.031621854132447204,0.9350506761152314,0.0333274697523215
4275,13275,High,Medium,0.03914056709716304,0.03571829878930575,0.9251411341135313
16517,25517,Low,Low,0.03258104674396943,0.9318486100783993,0.03557034317763131
23080,32080,High,High,0.937432782252481,0.030469801902678218,0.03209741584484084
26342,35342,High,High,0.9293623629882904,0.03629203448040253,0.034345602531306925
4026,13026,High,High,0.9368327857118399,0.029578946004110807,0.03358826828404932
25200,34200,High,High,0.9368929515570631,0.030085885988372574,0.033021162454564455
3878,12878,High,High,0.9354097961205209,0.029072049795336327,0.03551815408414289
26313,35313,High,High,0.9319807961192952,0.03225959383664656,0.03575961004405829
15140,24140,High,High,0.8873270660444654,0.03217569324274294,0.08049724071279173
3944,12944,Medium,High,0.7834495853041749,0.04547529995141398,0.17107511474441128
19927,28927,High,High,0.9344590016323315,0.030846893131890787,0.03469410523577767
16083,25083,High,High,0.9364501688628519,0.032528101820198975,0.031021729316949104
4260,13260,Medium,Medium,0.034128991958656305,0.03413438160432903,0.9317366264370146
28367,37367,High,High,0.9376615793499496,0.029869245335778616,0.03246917531427181
18805,27805,Medium,Medium,0.03068138120967474,0.03133273246536273,0.9379858863249626
31487,40487,Medium,Medium,0.03237473248631423,0.03125123792949445,0.9363740295841912
18172,27172,Medium,Medium,0.03399931322740924,0.035527441953879316,0.9304732448187115
38715,47715,Medium,Medium,0.030470111730434596,0.030367016117012133,0.9391628721525533
26522,35522,Medium,Medium,0.034810678851455244,0.0711153359448057,0.8940739852037392
37914,46914,Low,Low,0.0304311770530368,0.9325949338928208,0.03697388905414257
11832,20832,Low,Low,0.03037279045740011,0.9248656494695137,0.0447615600730862
1259,10259,High,Low,0.033200003959123536,0.9349353662257317,0.03186462981514492
6501,15501,Low,Low,0.03295613723220414,0.9332885262550445,0.033755336512751345
26073,35073,Low,Low,0.031046038839205554,0.936312066638929,0.03264189452186541
30495,39495,High,High,0.929378685156527,0.03269644199946013,0.03792487284401286
25398,34398,Low,Low,0.030028980440659325,0.9337711141259728,0.036199905433367985
10276,19276,Medium,Medium,0.0341925894567231,0.032141863430416875,0.93366554711286
20676,29676,Medium,Medium,0.03130837716411028,0.03285252373392839,0.9358390991019613
33681,42681,Medium,Medium,0.03788667768184512,0.033665011367512404,0.9284483109506425
11787,20787,Low,Low,0.0316182153338381,0.9336187114948128,0.03476307317134915
39192,48192,Medium,Medium,0.03521269077425879,0.03484515437416096,0.9299421548515802
700,9700,Medium,Medium,0.03084940117022227,0.02999107472247166,0.9391595241073061
15939,24939,Medium,Medium,0.03305151347002656,0.03359768307072293,0.9333508034592505
13876,22876,High,High,0.9379297946744846,0.030073415961770534,0.031996789363744824
4377,13377,High,High,0.9333338865254138,0.03100802872467695,0.03565808474990933
8182,17182,Medium,Medium,0.03301196119987807,0.03284432773409502,0.9341437110660268
35795,44795,Medium,Medium,0.032653092998131246,0.03274104135747194,0.9346058656443968
37860,46860,High,High,0.9286618493897435,0.03504378435734531,0.03629436625291105
39154,48154,High,High,0.938318223999777,0.029591992788371033,0.03208978321185189
10730,19730,Medium,Medium,0.03036309012985861,0.0348408453380322,0.9347960645321093
12137,21137,Medium,Medium,0.03771791366148153,0.031462241919064014,0.9308198444194544
1919,10919,Medium,Medium,0.03143406521256196,0.03011293746896677,0.9384529973184712
29262,38262,Medium,Medium,0.035603318472719,0.03377336584610254,0.9306233156811784
5305,14305,Low,Low,0.0320471628458194,0.8925333297055259,0.07541950744865468
27376,36376,Medium,Medium,0.03141080230916193,0.03348442834301898,0.9351047693478192
37053,46053,Medium,Medium,0.06983803353916503,0.12062546973490183,0.8095364967259332
19219,28219,Low,Low,0.03206965328077937,0.9252204857859043,0.04270986093331636
25529,34529,Medium,Medium,0.03370405822686666,0.036108182924289856,0.9301877588488434
8907,17907,Medium,Medium,0.0340398705390437,0.034399155846570995,0.9315609736143853
31830,40830,Medium,Medium,0.05757884698036075,0.034025581808580105,0.9083955712110591
13239,22239,Medium,Medium,0.03587859459050017,0.032796631229808935,0.931324774179691
14012,23012,High,High,0.9394389549108123,0.028917613142538493,0.03164343194664899
33935,42935,Medium,Medium,0.03453950372160055,0.03360870728089901,0.9318517889975005
13986,22986,Medium,Medium,0.0376440015649128,0.035075681503666724,0.9272803169314204
8983,17983,Medium,Medium,0.03639245237897043,0.042150878366113455,0.9214566692549161
1238,10238,Medium,Medium,0.04378649324296318,0.03640496234462289,0.9198085444124139
3078,12078,Low,Low,0.032048294658791505,0.9300534001875317,0.03789830515367679
21614,30614,High,High,0.9293726276824014,0.03259373937523904,0.03803363294235965
38961,47961,High,High,0.9332164397493705,0.03150862948265353,0.03527493076797603
7064,16064,Low,Low,0.03013327743443592,0.9353183849175148,0.034548337648049154
31463,40463,Medium,Medium,0.048229012803310246,0.03676530136740282,0.915005685829287
6258,15258,Medium,Medium,0.031788094151935155,0.03432108253806433,0.9338908233100005
17015,26015,Low,Low,0.039195360365713784,0.9200663538551752,0.04073828577911102
16467,25467,Medium,Medium,0.03346066987511904,0.03840407872389324,0.9281352514009877
7032,16032,Medium,Medium,0.0326560864742222,0.03214989891367716,0.9351940146121006
34229,43229,Low,Low,0.030432016380351427,0.934727316048383,0.03484066757126555
7435,16435,Low,Medium,0.04288442201217707,0.33638984796625104,0.6207257300215719
10275,19275,Medium,Medium,0.030469289887424967,0.02983112589005721,0.9396995842225179
10284,19284,Medium,Medium,0.03415679569157174,0.030845970223533286,0.934997234084895
3057,12057,Medium,Medium,0.03343120251595133,0.031187963824670793,0.9353808336593779
19224,28224,Medium,Medium,0.03278922617433313,0.03143259775187856,0.9357781760737883
16437,25437,High,High,0.9371149892850722,0.030160106367766667,0.03272490434716121
1755,10755,Medium,Medium,0.031558495431387855,0.031255264608493795,0.9371862399601184
28660,37660,Low,Low,0.030218747938280638,0.9369341216890555,0.032847130372663846
1915,10915,Medium,High,0.935429406607826,0.030665872793596782,0.03390472059857724
2632,11632,Medium,Medium,0.03489837589304576,0.03419540733785587,0.9309062167690983
5835,14835,Low,Low,0.03132083922126351,0.9357966432707018,0.0328825175080347
22317,31317,Medium,Medium,0.03272544786989728,0.031220320918603477,0.9360542312114992
9713,18713,Medium,Medium,0.035409823589799654,0.03249779409726007,0.9320923823129402
5903,14903,High,High,0.936124804848974,0.031055716902706216,0.032819478248319815
24224,33224,Low,Low,0.03506601559680978,0.922258201030789,0.04267578337240122
21797,30797,Medium,Medium,0.03595962707886318,0.03616417681240223,0.9278761961087346
28636,37636,Medium,Medium,0.03313346903313395,0.03160178496114625,0.9352647460057198
11429,20429,Medium,Medium,0.03529087349275468,0.034244653187315253,0.93046447331993
17640,26640,Low,Low,0.031803906407037896,0.9271566707280859,0.04103942286487631
31765,40765,Medium,Medium,0.033776899977236,0.03206984363190473,0.9341532563908593
12202,21202,High,High,0.9329576654493953,0.034477790375145645,0.03256454417545885
35227,44227,Low,Low,0.033997081262626495,0.9303933818830941,0.03560953685427943
21039,30039,Medium,Medium,0.03473825848648251,0.033641727852815946,0.9316200136607016
5842,14842,Medium,Medium,0.033292446311857314,0.03438430001965653,0.9323232536684861
28205,37205,High,High,0.8965634836498163,0.033556569942256226,0.06987994640792737
20413,29413,Medium,Medium,0.03852517118398354,0.032090821684148424,0.9293840071318681
29297,38297,Low,Low,0.029916888514582088,0.9371034796703611,0.03297963181505691
196,9196,Low,Low,0.031150240690870495,0.9360841825277991,0.03276557678133035
10530,19530,High,High,0.9355914318781524,0.031297346516115994,0.03311122160573165
6588,15588,High,High,0.9356601773936054,0.03028851014643622,0.0340513124599584
19016,28016,Medium,Medium,0.037225098349684384,0.03419466849143276,0.9285802331588827
32049,41049,Medium,Medium,0.03244081573843723,0.03154240623115433,0.9360167780304085
5475,14475,High,High,0.9330205452762149,0.033024128640253995,0.0339553260835311
23142,32142,Medium,Medium,0.029560270512332346,0.02956707006289304,0.9408726594247746
2483,11483,Medium,Medium,0.03017406163142547,0.029035026717965744,0.9407909116506087
24309,33309,High,High,0.9360544085610005,0.030591820006796406,0.033353771432202944
24884,33884,Medium,Medium,0.032025012972605786,0.03326215350799377,0.9347128335194004
28109,37109,Medium,Medium,0.032706111782590495,0.037415254001273136,0.9298786342161364
2785,11785,Low,Low,0.031058311880894255,0.9307761693485159,0.038165518770589775
5917,14917,Medium,Medium,0.03696352920365275,0.03113146442319048,0.9319050063731568
5112,14112,Low,Low,0.030811761639132528,0.9352394580662433,0.033948780294624184
24664,33664,Medium,Medium,0.03132747537093802,0.029559424961978192,0.9391130996670838
34776,43776,Medium,Medium,0.03392605856590423,0.04559075470466489,0.920483186729431
27960,36960,Medium,Medium,0.030394953426577123,0.02985443956546722,0.9397506070079557
15090,24090,Low,Low,0.03044132275551331,0.9356405537675961,0.03391812347689042
27579,36579,Medium,Medium,0.04173734909721524,0.03169212576158796,0.9265705251411968
22036,31036,Medium,Medium,0.03103668899451392,0.030227478914327078,0.938735832091159
18076,27076,Medium,Medium,0.029958387837364393,0.02926492663642229,0.9407766855262132
23486,32486,Medium,Medium,0.03285529276696266,0.03346350918227669,0.9336811980507606
31071,40071,Medium,Medium,0.039465748575245894,0.03453761229427443,0.9259966391304797
15324,24324,Medium,Medium,0.03191908666474464,0.030451756650736853,0.9376291566845185
8558,17558,High,High,0.9324017970170301,0.029675825956381824,0.0379223770265881
13018,22018,Low,Low,0.029765567769212103,0.9382609425858454,0.0319734896449426
12380,21380,Medium,Medium,0.03310524929216235,0.03294520399893641,0.9339495467089013
6070,15070,High,High,0.8889574741052223,0.03588510442101486,0.07515742147376274
23907,32907,Medium,Medium,0.029156500028734295,0.02992206799626217,0.9409214319750037
4549,13549,Low,Low,0.036429464240610075,0.9293571179196322,0.03421341783975794
3832,12832,High,High,0.9341909492301514,0.03158018259471038,0.03422886817513833
19453,28453,High,High,0.9338541805539008,0.030964090772177526,0.03518172867392177
25962,34962,High,High,0.9178614155416853,0.03951116591920902,0.042627418539105656
1809,10809,Medium,Medium,0.04149339228823048,0.03421548591430724,0.9242911217974622
23199,32199,Low,Low,0.02991506109095159,0.9346786563044865,0.035406282604561905
10809,19809,Low,Low,0.03132303059549509,0.9315622126924108,0.0371147567120941
4983,13983,Medium,Medium,0.03167656736244837,0.0326458157580034,0.9356776168795481
34895,43895,Low,Medium,0.035443778373278806,0.03771675311383061,0.9268394685128906
17069,26069,High,High,0.9258915644937881,0.031069572198642714,0.04303886330756913
18713,27713,High,High,0.935351439759335,0.03055849238417078,0.034090067856494176
34988,43988,Low,Low,0.03740760156053632,0.8710515374920532,0.09154086094741039
10613,19613,High,High,0.9294869372463842,0.034604636360531384,0.035908426393084496
5492,14492,Medium,Medium,0.22877810222558725,0.04617392425394274,0.72504797352047
11029,20029,Medium,Medium,0.034057101037363605,0.03782311263898227,0.9281197863236542
30943,39943,Medium,Medium,0.033859129292436015,0.033179603751320626,0.9329612669562435
37031,46031,Medium,Medium,0.03599956999288608,0.03089703198423342,0.9331033980228804
31155,40155,Low,Low,0.030054999207410876,0.936912867181889,0.033032133610700044
21323,30323,Medium,Medium,0.03248676847279866,0.033759133723684255,0.9337540978035171
6505,15505,High,High,0.9352784980667463,0.03001688151605118,0.03470462041720254
3945,12945,High,High,0.9257128266783,0.03921168655923022,0.03507548676246968
301,9301,Medium,Medium,0.03491013765121372,0.03297709563980327,0.9321127667089831
16609,25609,Low,Low,0.03111269818399537,0.9356734589369214,0.03321384287908305
26957,35957,Medium,Medium,0.03799891072856213,0.0532392429376761,0.9087618463337618
32731,41731,Low,Low,0.029136555296534833,0.9335136268818004,0.037349817821664626
12292,21292,Low,Low,0.030594013180678902,0.930432458858608,0.03897352796071316
31737,40737,Medium,Medium,0.03435137105951989,0.03113518652567533,0.9345134424148047
21667,30667,Low,Low,0.03204942190827307,0.9354385200778411,0.03251205801388587
8314,17314,High,High,0.928531899665291,0.037181791456052125,0.03428630887865677
25990,34990,Medium,Medium,0.032980672128922105,0.03233634341862081,0.9346829844524572
29479,38479,High,High,0.9312538345396165,0.03158950530988703,0.0371566601504963
32809,41809,Low,Low,0.03117050317372168,0.9249511415607207,0.04387835526555761
11765,20765,Low,Low,0.032308368834512526,0.9272798490210173,0.040411782144470144
28853,37853,Medium,Medium,0.0373694793251405,0.03430814187131597,0.9283223788035436
24050,33050,High,High,0.8039009139853843,0.038724022409847784,0.15737506360476788
6850,15850,Low,Medium,0.03238801623661398,0.032226163127267594,0.9353858206361183
30704,39704,High,Medium,0.030793628610757264,0.029637766616777864,0.9395686047724648
20719,29719,Medium,Medium,0.034282767515904415,0.03503897076577906,0.9306782617183166
38227,47227,Low,Low,0.03321232844744901,0.9310592447394557,0.035728426813095356
25813,34813,Medium,Medium,0.029829930433800597,0.03173374214827726,0.938436327417922
30911,39911,High,High,0.9354350698774058,0.030850626910090276,0.0337143032125039
15734,24734,Medium,Medium,0.03577150198303788,0.03533706983064576,0.9288914281863164
26931,35931,Low,Low,0.02962272858558267,0.938874919250047,0.03150235216437032
30300,39300,Low,Low,0.03087914380955571,0.9350802504679011,0.03404060572254315
11244,20244,Medium,Medium,0.030805744381271278,0.0320683494665884,0.9371259061521403
23658,32658,Low,Low,0.03334424521226506,0.9297069329530121,0.036948821834722874
26715,35715,High,High,0.939900649859045,0.028889888535683018,0.031209461605271993
19982,28982,Medium,Medium,0.0401830272906679,0.03529654038278784,0.9245204323265442
12568,21568,Medium,Medium,0.030947790598803534,0.03225767145099848,0.9367945379501981
31648,40648,Medium,Medium,0.032921073377811826,0.032883383459938464,0.9341955431622497
15994,24994,Medium,High,0.9375920246188673,0.03022263017435318,0.03218534520677956
26747,35747,Medium,Medium,0.038815949615216824,0.049926101452741296,0.9112579489320418
12633,21633,High,High,0.9339590127193818,0.030098247353940955,0.035942739926677354
9206,18206,Low,Low,0.03247709009222816,0.9334171432206552,0.034105766687116706
11362,20362,Medium,Medium,0.03507901620700695,0.031089336615307894,0.9338316471776852
12913,21913,High,High,0.9359093792706417,0.03061803106970411,0.03347258965965427
18502,27502,Medium,Medium,0.033886214366624416,0.036142014389977974,0.9299717712433976
4210,13210,Medium,Medium,0.033472210370011496,0.032397183724533866,0.9341306059054547
26186,35186,Medium,Medium,0.03521504824913595,0.030449656744013422,0.9343352950068505
12596,21596,Medium,Medium,0.03568245514887359,0.032771478575763145,0.9315460662753633
32717,41717,High,High,0.9375440439797127,0.03075583852488049,0.031700117495406736
38765,47765,Medium,Medium,0.03261813236025636,0.03446852746123899,0.9329133401785047
9577,18577,Medium,Medium,0.035719587087331826,0.035789410468849286,0.928491002443819
28598,37598,Low,Low,0.03037952943593596,0.938323599487398,0.03129687107666612
16377,25377,High,High,0.9306995644489775,0.031952404700026575,0.037348030850995896
10752,19752,Medium,Medium,0.03383882407993264,0.030612015949151913,0.9355491599709153
38108,47108,Low,Low,0.03255865263125901,0.9346350618257587,0.03280628554298237
24464,33464,Medium,Medium,0.0320642271170641,0.03051109384036939,0.9374246790425663
12760,21760,High,High,0.9359126152772511,0.03131017229249858,0.032777212430250356
14091,23091,Low,Low,0.0324282406235479,0.9254051751390951,0.04216658423735712
6580,15580,Low,Low,0.036694541734034074,0.9293071322140496,0.03399832605191638
977,9977,Low,Low,0.029959829878558178,0.9277717029821368,0.042268467139304954
33619,42619,Medium,Medium,0.02890464922228528,0.030316366313925102,0.9407789844637896
20810,29810,High,High,0.9317535465009993,0.031312697759021256,0.03693375573997948
12469,21469,Low,Low,0.029293165867117225,0.9384904993740628,0.0322163347588198
37049,46049,Medium,Medium,0.03997724360866625,0.03247198110488965,0.927550775286444
22844,31844,Medium,Medium,0.0322597834445257,0.03020011853365655,0.9375400980218177
1541,10541,Low,Low,0.031349703370679285,0.9333237148806225,0.035326581748698294
16955,25955,High,High,0.9387875350427074,0.029034094810275333,0.032178370147017264
15035,24035,Medium,Medium,0.032212076229534654,0.03422272502921453,0.9335651987412508
314,9314,Low,Low,0.03018360252203262,0.9330261510157801,0.03679024646218718
31416,40416,Medium,Medium,0.03326879101444128,0.031337759815049486,0.9353934491705092
21269,30269,Medium,High,0.9390588738906523,0.029231021703066115,0.03171010440628155
12021,21021,Medium,Medium,0.03098508344822712,0.03394094931524348,0.9350739672365295
34624,43624,Medium,Medium,0.035140612132231235,0.03354866858303754,0.9313107192847313
10932,19932,High,High,0.923383696744957,0.033070626525168366,0.04354567672987464
39948,48948,High,High,0.9274025316715212,0.03435869272912038,0.0382387755993585
13201,22201,Medium,Medium,0.032751408354499516,0.03370234078668936,0.9335462508588112
6099,15099,Low,Low,0.029220936861765485,0.9376737224184701,0.03310534071976437
2721,11721,Medium,Medium,0.03532842875810963,0.03999413022587714,0.9246774410160133
63,9063,High,High,0.936822080367068,0.029582418915180698,0.03359550071775121
16137,25137,Medium,Medium,0.03470911046739573,0.03156029307949557,0.9337305964531087
14353,23353,High,High,0.9288011870020051,0.03330697402579654,0.03789183897219831
34969,43969,Low,Low,0.03277966381017039,0.9042855724768367,0.06293476371299306
27432,36432,High,High,0.936962249902662,0.030838247300449696,0.032199502796888414
37446,46446,High,High,0.930690579610734,0.03390984319211207,0.0353995771971539
33404,42404,Medium,Medium,0.032860266892192604,0.031098954905574988,0.9360407782022325
2382,11382,Low,Low,0.03273963063816445,0.9282268294467918,0.039033539915043686
17362,26362,High,High,0.936952533201915,0.030250184027913202,0.0327972827701717
14150,23150,High,High,0.936240127466176,0.03047955171899427,0.033280320814829636
28411,37411,Medium,Medium,0.03306784418910407,0.03416530739635775,0.932766848414538
35949,44949,High,High,0.9001079513193595,0.03563072976863433,0.06426131891200616
14721,23721,Medium,Medium,0.03462569467098891,0.031952580739854235,0.9334217245891568
37315,46315,Medium,Medium,0.03189136605992167,0.03195498175435974,0.9361536521857187
24156,33156,High,High,0.9221444670964699,0.03613599211717582,0.04171954078635424
7609,16609,High,High,0.9341662391125767,0.032351175262215696,0.03348258562520759
30002,39002,Medium,Medium,0.029738956310632617,0.029517657770236294,0.9407433859191311
19378,28378,Medium,Medium,0.05568505614969282,0.03792891873812491,0.9063860251121824
26552,35552,High,Medium,0.032326881703244194,0.03113836798609414,0.9365347503106616
26052,35052,Medium,Medium,0.02988631004217862,0.02888102462106837,0.941232665336753
7461,16461,Medium,Low,0.034647720802471506,0.9031963646429899,0.06215591455453865
2719,11719,Medium,Medium,0.03201835351045105,0.032032331673756714,0.9359493148157921
2273,11273,Low,Low,0.032726512286456615,0.9273103407130873,0.03996314700045617
28597,37597,Medium,Medium,0.0351143598159756,0.03181575002751433,0.93306989015651
38071,47071,High,High,0.9344427543913204,0.0303722185862846,0.03518502702239499
2709,11709,Low,Low,0.03267587507369884,0.9253741511841032,0.04194997374219809
21153,30153,Medium,High,0.9369592378486167,0.02921073120856313,0.03383003094282019
32533,41533,Medium,Medium,0.03857381315884494,0.031583322155410355,0.9298428646857447
5359,14359,Low,Low,0.02982082461807496,0.9385865427175449,0.03159263266438025
16385,25385,High,High,0.9384627674270721,0.02980392600943889,0.03173330656348892
35389,44389,Medium,Medium,0.032404227830724185,0.030541674386149176,0.9370540977831266
19392,28392,Medium,Medium,0.02921362767574358,0.03016637153217831,0.9406200007920781
39215,48215,Medium,Medium,0.03472399808830296,0.03367304651652424,0.9316029553951729
5539,14539,Medium,Medium,0.038206450662275265,0.03160481133974618,0.9301887379979786
28446,37446,Medium,Medium,0.033870261520391645,0.03157119672828886,0.9345585417513195
38393,47393,High,High,0.9367184460901691,0.030319714218845228,0.032961839690985734
35313,44313,Medium,Medium,0.032920827685743136,0.030538372505491563,0.9365407998087653
10424,19424,Medium,Medium,0.032280227669160055,0.03057435656177232,0.9371454157690676
8893,17893,Medium,Medium,0.03527338790444531,0.03056343201507462,0.93416318008048
7592,16592,Medium,Medium,0.03345740502857473,0.03416714343497639,0.932375451536449
5106,14106,High,High,0.9300846225909004,0.033494686094620967,0.03642069131447861
33892,42892,Medium,Medium,0.035513980516608624,0.04050582451515618,0.9239801949682351
26719,35719,Low,Low,0.03132366983242924,0.9337234486707194,0.03495288149685118
13985,22985,Medium,Medium,0.03503927955954783,0.031153546990787845,0.9338071734496642
34112,43112,Medium,Medium,0.1176941832256619,0.04219114660699424,0.840114670167344
22794,31794,Low,Low,0.029266825568129734,0.9388191133389654,0.031914061092904934
2360,11360,Low,Low,0.029888556996014535,0.935479869215289,0.034631573788696614
1535,10535,Medium,Medium,0.03361095870574809,0.03408231917531368,0.9323067221189382
20174,29174,Low,Low,0.030199138833637562,0.9329259826566746,0.036874878509687965
2388,11388,Low,Low,0.03299644501137049,0.9316536200416459,0.03534993494698361
39990,48990,High,High,0.9368939416269862,0.03012397283525639,0.032982085537757305
28504,37504,Medium,Medium,0.03260774481393915,0.03510536120542154,0.9322868939806392
24523,33523,Low,Low,0.03079780485816434,0.9342225151259412,0.03497968001589447
35301,44301,Medium,Medium,0.02993838129607723,0.0290472539900108,0.9410143647139119
5513,14513,Low,Low,0.03251778953375469,0.9040513946739788,0.06343081579226653
3718,12718,Medium,Medium,0.03090043947123093,0.031324391277928944,0.9377751692508403
4597,13597,High,High,0.9387540772437836,0.02887674343590251,0.03236917932031389
23975,32975,Medium,Medium,0.030466689095027533,0.033517049188267735,0.9360162617167047
22401,31401,Medium,Medium,0.03674347920881957,0.03542831022705293,0.9278282105641275
3854,12854,High,High,0.929279759314879,0.03215609911050043,0.0385641415746206
17070,26070,Medium,Medium,0.03780782621729472,0.03446874108674908,0.9277234326959563
39187,48187,Medium,Medium,0.03533255406764181,0.2119496959309994,0.7527177500013588
16149,25149,Medium,Medium,0.052275166016184094,0.03568995586377152,0.9120348781200445
32366,41366,Low,Low,0.031107413588460763,0.934240771158675,0.03465181525286426
34274,43274,High,High,0.9338496553955736,0.03285908436948431,0.03329126023494207
38439,47439,Medium,Medium,0.03178243495315385,0.031000025688583833,0.9372175393582624
28688,37688,High,High,0.9353989438722664,0.030142841646321344,0.03445821448141226
35020,44020,High,High,0.9352789812473535,0.032274957168083436,0.0324460615845629
30998,39998,High,High,0.9174326605135573,0.03801055742252224,0.04455678206392047
36701,45701,Low,Low,0.038721704659765814,0.9028387400698219,0.0584395552704123
28435,37435,High,High,0.9409417322295853,0.028249461231504385,0.030808806538910286
26782,35782,Low,Low,0.02920047152202807,0.9384910574467572,0.03230847103121467
17714,26714,Medium,Medium,0.03410768258548796,0.03454498484230916,0.9313473325722028
4276,13276,High,High,0.937682629393005,0.02924524289858893,0.033072127708406084
23670,32670,Low,Medium,0.04785999417672022,0.0340333827638091,0.9181066230594707
7030,16030,Low,Low,0.04565194345355114,0.6029425917350059,0.3514054648114429
13040,22040,High,High,0.9284874393264548,0.03288112914341362,0.038631431530131426
36720,45720,Medium,Medium,0.030071335535756777,0.03005428535444704,0.9398743791097962
26616,35616,Low,Low,0.03359347126036771,0.9197289319335183,0.046677596806113865
13410,22410,Medium,Medium,0.03382342091186899,0.03173438262398349,0.9344421964641475
32360,41360,Medium,Medium,0.03181351747352482,0.03160845744015591,0.9365780250863193
14802,23802,Medium,Medium,0.032659127636755665,0.03477314832839574,0.9325677240348487
21647,30647,Low,High,0.9328203029572123,0.03337153903641543,0.03380815800637227
28984,37984,Medium,Medium,0.037858872134841216,0.034126435257307984,0.9280146926078509
26778,35778,Medium,Medium,0.038959492932942485,0.06822461752655816,0.8928158895404993
22999,31999,High,High,0.9334041633160514,0.03224686950586173,0.03434896717808691
32779,41779,Medium,Medium,0.04149284789116364,0.04509173440736553,0.9134154177014708
11260,20260,Medium,Medium,0.03454366203762161,0.03194244562882358,0.9335138923335548
20387,29387,Medium,Medium,0.03106354185684466,0.03144288970818344,0.9374935684349719
19528,28528,Medium,Medium,0.03969844880051352,0.03259932471633204,0.9277022264831545
669,9669,Low,Low,0.035971163412088225,0.926658403969063,0.03737043261884878
37547,46547,Medium,Medium,0.030957634079913966,0.030659014432062277,0.9383833514880239
9121,18121,Low,Medium,0.03491838073245123,0.03481131596519881,0.93027030330235
35072,44072,Low,Low,0.03260162232977182,0.9256646206693805,0.041733757000847665
34124,43124,Low,Low,0.03201887367533935,0.9156985637439184,0.05228256258074223
38210,47210,High,Medium,0.0320711531505705,0.03316060904583764,0.9347682378035919
23876,32876,Medium,Medium,0.03167688980263015,0.03679682159240214,0.9315262886049677
16823,25823,Medium,Medium,0.03370356417392717,0.034370777136261514,0.9319256586898114
29623,38623,Low,Low,0.031560854673656234,0.9344548895131007,0.03398425581324302
25654,34654,Low,Low,0.031915326104954324,0.9335375819074502,0.03454709198759546
16793,25793,High,High,0.9299075701754811,0.0328451611100086,0.03724726871451031
28601,37601,Low,Low,0.030160243575700074,0.9341004223339565,0.03573933409034357
33170,42170,Medium,Medium,0.0313264992231795,0.029650208015118463,0.939023292761702
12239,21239,Low,Low,0.03003366784366744,0.9377640591995015,0.032202272956830945
12297,21297,Medium,Medium,0.03294878018851959,0.030416063247971536,0.936635156563509
7129,16129,High,High,0.9329648885937346,0.031183721669068746,0.03585138973719667
7073,16073,Low,Low,0.033322280064343374,0.9312945833673738,0.03538313656828279
4363,13363,Medium,Medium,0.030130847846123947,0.030322456828317985,0.939546695325558
24925,33925,Medium,Medium,0.03125172047035969,0.032959905391360615,0.9357883741382796
28875,37875,Low,Low,0.02968207876391467,0.9366272626046616,0.03369065863142379
17353,26353,Medium,Medium,0.08808382887718974,0.03425246855377751,0.8776637025690327
34147,43147,Low,Low,0.029481810244874576,0.9358208466965156,0.03469734305860991
39141,48141,Medium,Medium,0.03118838070743865,0.03004312251050048,0.9387684967820609
13376,22376,Medium,Medium,0.03167524965545731,0.0332832750982841,0.9350414752462585
23003,32003,Medium,Medium,0.03244340509086618,0.031424518399704955,0.9361320765094288
31034,40034,High,High,0.9294446030429544,0.03494965524517607,0.03560574171186948
9239,18239,High,High,0.9322390051168475,0.03217475855768477,0.035586236325467674
23141,32141,High,High,0.9352390048923471,0.02979792089140068,0.03496307421625198
12856,21856,High,High,0.9348591991939514,0.030931384448456233,0.03420941635759233
35673,44673,Medium,Medium,0.033220440140881796,0.030529199742892827,0.9362503601162255
14143,23143,Medium,Medium,0.030664487346501984,0.030239003559579074,0.9390965090939188
31524,40524,Low,Low,0.03286701355833424,0.9358866915208176,0.031246294920848128
2757,11757,Medium,Medium,0.029703833422957782,0.0331060134370516,0.9371901531399907
10358,19358,Low,Low,0.03584530967258945,0.7874741271745508,0.17668056315285982
33306,42306,Medium,Medium,0.03970895109048331,0.03328922006172192,0.9270018288477949
8100,17100,High,High,0.9374137611028054,0.029972469480124244,0.03261376941707044
36156,45156,Low,Low,0.03781956456024369,0.6829855304659406,0.2791949049738157
39814,48814,High,High,0.928850344355793,0.03577124725672482,0.03537840838748217
25464,34464,Low,Low,0.030802417233534194,0.9361293801327101,0.03306820263375559
15138,24138,Low,Low,0.046236764229611815,0.524855243053486,0.42890799271690233
1196,10196,Medium,Medium,0.03264309093083111,0.03246929874815558,0.9348876103210134
28989,37989,Low,Low,0.036534588432846966,0.9305038635317698,0.032961548035383294
24488,33488,High,High,0.8886194643255075,0.03347640622225979,0.0779041294522327
6098,15098,Low,Low,0.03728640733846465,0.803140807207268,0.15957278545426742
15952,24952,Medium,Medium,0.03325512118474645,0.03194491073333664,0.9347999680819169
20620,29620,Medium,Low,0.03874724118955034,0.8527480464518694,0.1085047123585803
11146,20146,Low,Low,0.03492483211103458,0.924913153310364,0.040162014578601586
28854,37854,Medium,Medium,0.038312596721488575,0.03033501608233295,0.9313523871961785
24004,33004,Medium,Medium,0.03166620182727587,0.0295541067029582,0.9387796914697658
24034,33034,High,High,0.9275797049356652,0.036271166557881894,0.03614912850645288
32715,41715,High,High,0.9263935637584737,0.03397490839841407,0.039631527843112135
21144,30144,Medium,Medium,0.030455569117495276,0.031146563889476092,0.9383978669930286
39780,48780,Medium,Medium,0.03568062308349454,0.03287450828897162,0.9314448686275338
3499,12499,High,High,0.9316181011762671,0.031713833809834634,0.03666806501389826
22270,31270,Low,Low,0.036652414019314516,0.9253517875886449,0.03799579839204056
15914,24914,Medium,Medium,0.033871527065818384,0.0355809103006191,0.9305475626335625
37993,46993,High,High,0.9346954506207293,0.03137416111248283,0.03393038826678788
33242,42242,Medium,Medium,0.03519449321379175,0.03497297141120612,0.929832535375002
20998,29998,High,High,0.9355042041548308,0.029763502235185674,0.03473229360998336
35391,44391,Medium,Medium,0.03294292938585577,0.03162560716755001,0.9354314634465942
4544,13544,Medium,Medium,0.03881744217270754,0.03314163142798256,0.92804092639931
36252,45252,Low,Low,0.036309470921582356,0.9228861280372245,0.040804401041193206
39294,48294,Low,Low,0.03463532317353945,0.9292248770842839,0.0361397997421767
30168,39168,High,High,0.9345666119956962,0.030903761584351125,0.034529626419952685
4686,13686,Medium,Medium,0.0329421817424681,0.031128252669384664,0.9359295655881473
38703,47703,Medium,Medium,0.03364919803248424,0.03137230135987018,0.9349785006076456
8665,17665,Medium,Medium,0.03130901511676633,0.029912586051936977,0.9387783988312967
24560,33560,Medium,Medium,0.033353345173457255,0.04097361514644849,0.9256730396800942
16420,25420,Medium,Medium,0.03426909030823586,0.03227457155623392,0.9334563381355302
799,9799,High,High,0.9385901052163653,0.029610252018136014,0.03179964276549877
2596,11596,High,High,0.9302118366175317,0.03201625313925031,0.037771910243217965
12707,21707,Medium,Medium,0.03561599418851658,0.0331188354216959,0.9312651703897874
24035,33035,Low,Low,0.03215419478721304,0.9191629414774591,0.0486828637353278
11448,20448,High,High,0.9305504581801479,0.03232000281215922,0.03712953900769295
29468,38468,Medium,Medium,0.03158943013985318,0.029802444361665292,0.9386081254984816
37037,46037,High,High,0.9339629081878527,0.03135202577619812,0.03468506603594924
27711,36711,High,High,0.9370191457603516,0.030713933724355626,0.03226692051529278
24183,33183,Low,Low,0.031146982050051713,0.9360066553329228,0.032846362617025594
25888,34888,Medium,Medium,0.03425507798203716,0.032208320473807395,0.9335366015441554
21234,30234,Low,Low,0.030462945563846534,0.9364379177928756,0.0330991366432779
16233,25233,Low,Medium,0.1104536035419668,0.043261974001204455,0.8462844224568288
28263,37263,Medium,Medium,0.03400394289549275,0.03623753396758323,0.929758523136924
32514,41514,Low,Low,0.03090730546425428,0.9317159855256482,0.03737670901009749
35533,44533,Medium,Medium,0.03230431488652283,0.03855604064058361,0.9291396444728935
14987,23987,Low,Low,0.029601684039047903,0.936273566908937,0.03412474905201499
8420,17420,High,Medium,0.035253213603729495,0.037525463455333245,0.9272213229409373
13748,22748,Medium,Medium,0.031056353388098267,0.030765723706999603,0.9381779229049022
31278,40278,Medium,Medium,0.030082897640624096,0.029409741286001666,0.9405073610733744
34078,43078,Low,Low,0.03081827040761605,0.9363209299052859,0.032860799687097896
19306,28306,Low,Low,0.031633986726201845,0.9297281780421693,0.038637835231628836
34127,43127,Low,Low,0.03156653822594463,0.9332420231082715,0.03519143866578386
2021,11021,Low,Low,0.03107601304464344,0.9340431465241709,0.03488084043118566
36446,45446,Medium,Medium,0.03769354599625278,0.04597598658179606,0.9163304674219512
14240,23240,High,High,0.9379571525683313,0.02865854581267369,0.03338430161899487
38339,47339,High,High,0.9152816812833393,0.03894376205775383,0.04577455665890698
22585,31585,Low,Low,0.03254139636109399,0.9342202754947359,0.03323832814417022
39700,48700,Medium,Medium,0.034888676223008536,0.045813666288468974,0.9192976574885225
7826,16826,High,High,0.9354024797737891,0.03171817455384335,0.0328793456723675
10503,19503,Medium,Medium,0.038335914023106495,0.03280823788026349,0.9288558480966301
22103,31103,Low,Low,0.03950663347004315,0.923154100899945,0.03733926563001189
15384,24384,Medium,Low,0.036865361169377726,0.9152386778432918,0.04789596098733039
12348,21348,Medium,Medium,0.03424677216883112,0.045944311617193305,0.9198089162139755
38411,47411,Medium,Medium,0.04439420409147588,0.03947393496380931,0.9161318609447148
23586,32586,Medium,Medium,0.03302151600850897,0.029766093715999944,0.9372123902754911
28349,37349,Medium,Medium,0.030998999875398992,0.03002238616407955,0.9389786139605215
5609,14609,Medium,Medium,0.03292360471060775,0.03112500854340051,0.9359513867459918
26490,35490,Medium,Medium,0.05881462461224426,0.04104359381488893,0.9001417815728668
6472,15472,High,High,0.9384148294841053,0.029967529740886307,0.03161764077500855
2092,11092,Medium,Medium,0.0327572045250983,0.033475780513042175,0.9337670149618597
12019,21019,Low,Low,0.03067619422359173,0.9282203644175523,0.041103441358855894
10525,19525,High,High,0.9388775052123354,0.030193171452683142,0.03092932333498155
707,9707,Medium,Medium,0.03429785383422885,0.035769980669202416,0.9299321654965688
6769,15769,Low,Low,0.03687438781598898,0.9088757816071863,0.05424983057682479
27619,36619,Low,Low,0.0351211882790042,0.916846155457104,0.048032656263891915
16489,25489,Medium,Medium,0.030683823871262977,0.03194315552320886,0.9373730206055281
29576,38576,Medium,Medium,0.06611524906745857,0.03958368379233606,0.8943010671402054
38967,47967,High,High,0.928990297140217,0.032686882977843536,0.038322819881939606
22252,31252,Low,Low,0.03256250165784231,0.9296007569617489,0.0378367413804088
1654,10654,Medium,Medium,0.03205153010426886,0.031954549408060536,0.9359939204876705
11778,20778,Medium,Medium,0.03421221579505489,0.03352643125378297,0.9322613529511622
31924,40924,Medium,Medium,0.031989271863334466,0.0317640179289366,0.9362467102077291
6460,15460,Medium,Medium,0.4601112619579988,0.04900048304334836,0.49088825499865285
22940,31940,Medium,Medium,0.03136196352108129,0.032296523605245625,0.9363415128736731
18955,27955,High,High,0.9365445074140236,0.03053350179700701,0.03292199078896929
34414,43414,Low,Low,0.03351258682057503,0.9315575998478863,0.03492981333153857
21717,30717,High,Low,0.03160943974501363,0.9239765066159557,0.04441405363903069
506,9506,High,High,0.8991314715727436,0.03185240538256228,0.06901612304469401
33001,42001,Medium,Medium,0.03152840278974243,0.030387710677946943,0.9380838865323108
25530,34530,Low,Low,0.04082809597162071,0.9146490104463586,0.04452289358202055
25105,34105,Medium,Medium,0.033665758510621265,0.03589980722093438,0.9304344342684444
36697,45697,Medium,Low,0.040608614658668885,0.5135314476475773,0.44585993769375376
23258,32258,Medium,Medium,0.03263938720048241,0.035094114435247806,0.9322664983642698
4156,13156,High,High,0.5936956619493575,0.04992983712143945,0.35637450092920303
32180,41180,High,High,0.934722096912621,0.03230925900531076,0.032968644082068246
4289,13289,Medium,Medium,0.031137099122753586,0.03192882209234631,0.9369340787849
7412,16412,Low,Low,0.03429207901847205,0.9129582671771809,0.0527496538043472
25316,34316,Medium,Medium,0.03414682080410258,0.03495334516400242,0.9308998340318949
2514,11514,Low,Low,0.042750682218229225,0.920889079107924,0.03636023867384682
9570,18570,Medium,Medium,0.031607537471311946,0.03317369825680904,0.935218764271879
3438,12438,Medium,Medium,0.03954928288638773,0.03366535773935707,0.9267853593742553
29648,38648,High,High,0.9379993023261116,0.02999514104248689,0.03200555663140158
15376,24376,Medium,Medium,0.03301288061079765,0.03307860421265781,0.9339085151765444
18834,27834,High,High,0.9385817842033091,0.029425137434794846,0.03199307836189605
16190,25190,Medium,Medium,0.037646408354574244,0.03119004106409061,0.931163550581335
39421,48421,Low,Low,0.03755532226422217,0.9232443284497601,0.03920034928601771
32287,41287,Low,Low,0.032738923488233374,0.9326818901983117,0.03457918631345478
13971,22971,Low,Low,0.03598555100023568,0.7469310492067209,0.21708339979304328
3408,12408,High,High,0.9314816565266857,0.034001037843357146,0.03451730562995715
7785,16785,Medium,Medium,0.03141961726202173,0.03114047760296071,0.9374399051350175
20129,29129,Medium,Medium,0.038805829772483064,0.15570297016045206,0.8054912000670648
1918,10918,Medium,Medium,0.03096882603955958,0.03117826947749674,0.9378529044829437
22646,31646,Low,Medium,0.029831187690989882,0.030064003342893594,0.9401048089661165
27024,36024,Medium,Medium,0.03102197352152783,0.03471914945109691,0.9342588770273753
32758,41758,Medium,Medium,0.03519554152776961,0.21162676555758364,0.7531776929146469
37445,46445,Low,Medium,0.03394847481046143,0.03444582914778125,0.9316056960417572
29709,38709,Medium,Medium,0.030109930209168367,0.031012535765430307,0.9388775340254014
27414,36414,Medium,Medium,0.03387383869719158,0.0335286287859403,0.9325975325168679
29138,38138,High,High,0.9326564358638995,0.0329237292972084,0.03441983483889211
13825,22825,Medium,Medium,0.031397150524666816,0.032662035224442415,0.9359408142508908
25966,34966,Low,Low,0.03274261455961333,0.9231119505321589,0.04414543490822765
34614,43614,Medium,Medium,0.030945609599876866,0.030761990342551573,0.9382924000575716
12351,21351,High,High,0.9407897300558593,0.02855530810494342,0.030654961839197272
37131,46131,High,High,0.9310420271595046,0.033665663882763534,0.03529230895773186
3110,12110,Low,Low,0.0345214594251511,0.9322935011003585,0.033185039474490606
10689,19689,High,High,0.9308995739546652,0.03644749765269238,0.032652928392642534
14754,23754,Medium,Medium,0.044768691520091365,0.034922505276388904,0.9203088032035197
28157,37157,Low,Low,0.031352648652261485,0.9306969253488381,0.03795042599890055
1332,10332,Low,Low,0.041478028783374345,0.9258326640139573,0.03268930720266845
31789,40789,Medium,Medium,0.033971249114604855,0.030591547016410366,0.9354372038689848
6259,15259,High,High,0.8854804836247417,0.037596719352323095,0.07692279702293527
29156,38156,Low,Low,0.04088013610755394,0.9229209743187455,0.03619888957370069
28786,37786,Medium,Medium,0.03188348477860342,0.03143100245660108,0.9366855127647956
32617,41617,Medium,Medium,0.030446551621256448,0.0331002041420855,0.9364532442366581
27705,36705,Low,Low,0.029212890491381736,0.9371861386833714,0.03360097082524683
11074,20074,High,High,0.9355471537865826,0.02989774821931195,0.03455509799410548
24645,33645,Low,Low,0.030373927106568704,0.9365015202222584,0.033124552671172876
13918,22918,Medium,Medium,0.031088887502098355,0.031025715305125438,0.9378853971927761
35440,44440,High,High,0.9164396771860726,0.037076252304878286,0.04648407050904913
10669,19669,High,High,0.933169031107988,0.03258661640698081,0.034244352485031194
32732,41732,Low,Low,0.0316161612444198,0.9329906140611075,0.035393224694472696
6157,15157,High,High,0.9261479529477675,0.03456680771937721,0.03928523933285534
27215,36215,Medium,Medium,0.03286738744906923,0.03083375069465896,0.9362988618562719
1600,10600,High,High,0.932944415412261,0.03210129844317913,0.034954286144559865
30176,39176,Medium,Medium,0.034116496168290794,0.03281091422719585,0.9330725896045132
14358,23358,High,High,0.9313102881963008,0.034881515228119685,0.0338081965755795
23073,32073,High,Medium,0.032937952328011465,0.03328223782011746,0.9337798098518711
7177,16177,High,High,0.9369343247198686,0.029285745701333032,0.0337799295787984
1348,10348,High,Low,0.030434212039768743,0.9325628836279515,0.03700290433227976
20037,29037,High,High,0.9314895545553888,0.03112641548244095,0.0373840299621702
20294,29294,High,High,0.9305357518777685,0.035637577097602624,0.033826671024628885
29672,38672,Low,Low,0.03222312237738995,0.935012666059404,0.03276421156320589
38247,47247,High,High,0.9160223200215877,0.032044450415959304,0.0519332295624531
4842,13842,High,High,0.9336463566095631,0.031176042479580918,0.03517760091085611
16748,25748,Medium,High,0.9364237262731501,0.030353640190594843,0.03322263353625504
4080,13080,Medium,Medium,0.03063247439898803,0.0300342816430509,0.939333243957961
30448,39448,Low,Medium,0.03197787402578812,0.031175484164079382,0.9368466418101323
33208,42208,High,High,0.9379385795704462,0.028762110421536053,0.033299310008017814
6041,15041,Medium,Medium,0.03366940578738131,0.035023545265340364,0.9313070489472782
5074,14074,High,High,0.9375733415342324,0.029166530167337796,0.03326012829842975
4655,13655,High,Medium,0.03036178863812569,0.034022845779560905,0.9356153655823135
25197,34197,High,High,0.9339991939568306,0.03131703022530041,0.034683775817869106
964,9964,Low,Low,0.03155986292405594,0.9335938871904034,0.034846249885540685
27143,36143,High,High,0.9159011252337493,0.03938060311810327,0.04471827164814753
22500,31500,Medium,Medium,0.031324809480409714,0.03157985587295597,0.9370953346466343
12824,21824,Medium,Medium,0.26448285968629154,0.08983668933501769,0.6456804509786908
16867,25867,Medium,Medium,0.03467031594780782,0.04040979315193779,0.9249198909002544
18954,27954,Medium,Medium,0.03373293810970843,0.03025200719500166,0.93601505469529
8957,17957,Low,Low,0.030406973668995668,0.9306804272869713,0.038912599044033
38775,47775,Medium,Medium,0.03635873534772218,0.031807722280717855,0.9318335423715599
29358,38358,High,High,0.9315829927349082,0.031934428379791,0.03648257888530091
4359,13359,Medium,Medium,0.03653980286613174,0.14257692633457456,0.8208832707992938
18545,27545,High,Medium,0.03011656475335586,0.029647083606123392,0.9402363516405208
12272,21272,High,High,0.9390054677910472,0.029305796716413052,0.03168873549253979
12271,21271,Medium,Medium,0.032133694040889955,0.03368077840782486,0.9341855275512851
26723,35723,Medium,Medium,0.03259873755168389,0.032817971867398765,0.9345832905809174
31495,40495,Medium,Medium,0.03177075307724705,0.03261347843540471,0.9356157684873482
16783,25783,High,High,0.9290159946477162,0.03181413602263381,0.039169869329650046
3196,12196,High,High,0.9262363918238079,0.03355988919503444,0.04020371898115774
19566,28566,Low,Low,0.035136252556155566,0.7492437090752452,0.2156200383685992
36285,45285,Medium,Medium,0.03214140912479251,0.031243420907366315,0.9366151699678412
19586,28586,High,High,0.9341162465827263,0.031600437497997284,0.03428331591927646
35025,44025,Low,Low,0.03248628862093344,0.9340931717676476,0.033420539611418935
5712,14712,Medium,Medium,0.03137225341951328,0.03157286678922324,0.9370548797912633
14423,23423,High,High,0.9346961504812245,0.033580806163657814,0.031723043355117726
34271,43271,Medium,Medium,0.031501446958494536,0.03366886934767017,0.9348296836938353
10911,19911,Medium,Medium,0.033070719625623336,0.03763625320310514,0.9292930271712715
9035,18035,Low,Low,0.033457554330093786,0.9288560843617729,0.03768636130813335
10063,19063,Low,Low,0.030214047392834318,0.936227609729941,0.03355834287722457
5556,14556,Low,Low,0.03171245717623688,0.926917956582022,0.041369586241741065
10526,19526,Medium,Medium,0.030889443321054214,0.030786749207252606,0.9383238074716932
30840,39840,Medium,Medium,0.06701895797565303,0.05298446763875511,0.8799965743855919
34517,43517,Medium,Medium,0.030192490771871205,0.03113329844805696,0.9386742107800718
14218,23218,Medium,Medium,0.036289472500637625,0.029812132884951274,0.9338983946144112
24005,33005,Low,Low,0.03293295760950365,0.9337588278059373,0.03330821458455903
9312,18312,Low,Low,0.03199116009596332,0.9364856152612484,0.031523224642788304
31690,40690,Medium,Medium,0.03417230100472777,0.033665825253983594,0.9321618737412886
26329,35329,Low,Low,0.03187309123533744,0.9278375928144736,0.040289315950189086
34421,43421,High,High,0.9381588294690507,0.029859998779429377,0.03198117175151994
36533,45533,High,Medium,0.030276088118017592,0.029650506883331023,0.9400734049986514
6477,15477,High,Low,0.029903981855100386,0.9290907634469051,0.041005254697994604
2656,11656,Low,Low,0.033583138295319205,0.9321106407360676,0.034306220968613056
23934,32934,Medium,Medium,0.03412669222896156,0.03378437468618629,0.9320889330848522
25583,34583,Medium,Medium,0.036835353265691526,0.04197269274886171,0.9211919539854468
24380,33380,Low,Low,0.029723837171939955,0.936635856704235,0.033640306123825035
35268,44268,Medium,Medium,0.03260768357496338,0.03629381103805853,0.931098505386978
2267,11267,Medium,Medium,0.03433827119318469,0.03265488300350218,0.9330068458033131
37851,46851,Medium,Medium,0.03579485938370327,0.03990119467356295,0.9243039459427337
2782,11782,High,High,0.8000883248596012,0.03656629955674549,0.16334537558365328
18415,27415,Medium,Medium,0.033250213740929124,0.03054043370119811,0.9362093525578729
7359,16359,Medium,Medium,0.029805736905732783,0.028960251329951836,0.9412340117643153
2230,11230,Medium,Medium,0.030746005052864577,0.03190160773941173,0.9373523872077237
39178,48178,Medium,Medium,0.03769804089256623,0.03658966350748063,0.9257122955999532
27867,36867,Medium,Medium,0.033792761389578596,0.03287858217644455,0.9333286564339769
30954,39954,Medium,Low,0.03160204346980754,0.9271823340595974,0.04121562247059507
39009,48009,Medium,Medium,0.03294356057179114,0.0318649727612182,0.9351914666669906
16981,25981,Medium,Medium,0.02970702614240128,0.029313296821648974,0.9409796770359499
3133,12133,High,High,0.9397566358507224,0.02937969518265245,0.030863668966625155
10612,19612,Medium,Medium,0.040963834044188324,0.09600136214819616,0.8630348038076155
16362,25362,Low,Low,0.029982109789534233,0.9288796865454326,0.04113820366503312
30253,39253,Medium,Medium,0.030310932708922156,0.03294204705172358,0.9367470202393543
39939,48939,High,High,0.9310024890847065,0.03155447128697838,0.03744303962831508
26857,35857,Medium,Medium,0.032468355479906535,0.03200060998712594,0.9355310345329674
20371,29371,Medium,Medium,0.06395806945366433,0.03518439822565052,0.9008575323206851
11621,20621,Medium,Medium,0.0403279899348102,0.03671495030283137,0.9229570597623584
26349,35349,Low,Low,0.030457832177623146,0.9359008745989712,0.033641293223405526
37794,46794,Medium,Medium,0.03233113569566657,0.03210550528877152,0.9355633590155619
9175,18175,Low,Low,0.033143736547324616,0.9330510521469005,0.03380521130577475
7759,16759,High,High,0.932634755284158,0.03275643966070924,0.034608805055132974
16217,25217,High,High,0.9298784414371175,0.031042968324162618,0.03907859023871987
32499,41499,Low,Low,0.031422984418947246,0.9347933139428233,0.03378370163822944
31718,40718,Low,Low,0.03531803901584775,0.8950582882309145,0.06962367275323775
27629,36629,High,High,0.9394026941398184,0.02918026045569903,0.03141704540448264
8630,17630,Medium,Medium,0.03429686869255869,0.03845490576329335,0.927248225544148
17912,26912,Medium,Medium,0.1702765279285293,0.04007615112951408,0.7896473209419567
12625,21625,Medium,Medium,0.034862237467183886,0.03017225139014453,0.9349655111426717
7701,16701,Medium,Medium,0.02967310946912745,0.02968037448869858,0.9406465160421739
36043,45043,Medium,Medium,0.0369445297863391,0.037631179972977435,0.9254242902406835
3947,12947,Low,Low,0.03363865595385051,0.9127171989125356,0.05364414513361391
27155,36155,Medium,Medium,0.031241077970595985,0.03236846981450986,0.9363904522148943
34801,43801,High,High,0.9356278026743423,0.02990582962477927,0.0344663677008784
36203,45203,Medium,Medium,0.030994533404173047,0.03247357545830452,0.9365318911375224
24971,33971,High,High,0.9117375543773208,0.03411236786392786,0.054150077758751435
27302,36302,Medium,Medium,0.03197879383120239,0.0321901382223938,0.9358310679464038
38310,47310,Medium,Medium,0.032307988768363015,0.042799192519555614,0.9248928187120814
29421,38421,Medium,Medium,0.033494184486532214,0.03397169239873123,0.9325341231147366
18795,27795,Medium,Medium,0.03850363996302036,0.03301762140413841,0.9284787386328412
15290,24290,Medium,Medium,0.04261776635140144,0.033209335739254685,0.9241728979093438
27422,36422,High,High,0.9346723488745966,0.031079251356241473,0.03424839976916196
14765,23765,Medium,Medium,0.03034728495099363,0.03349381151657946,0.9361589035324269
20161,29161,Medium,Medium,0.033448079847768535,0.03283559860788279,0.9337163215443486
36450,45450,Low,Medium,0.0395198826126384,0.261950909327658,0.6985292080597035
38162,47162,Medium,Medium,0.032525272873765505,0.06953762656396846,0.8979371005622659
13440,22440,High,High,0.9356224620000423,0.03014658982235134,0.03423094817760636
18248,27248,Medium,Medium,0.035467468858174755,0.03220032711540247,0.9323322040264227
2098,11098,Low,Low,0.03458974791383746,0.930261109124933,0.03514914296122947
9601,18601,High,High,0.929815922063192,0.03144959444404666,0.038734483492761485
10563,19563,Medium,Medium,0.03139672329977914,0.03129271656681832,0.9373105601334025
10228,19228,Low,Low,0.031039918803219536,0.9295005499214323,0.03945953127534826
23726,32726,Medium,Medium,0.0328228466709107,0.03304922508004104,0.9341279282490481
725,9725,High,High,0.9378227679116679,0.02911060825795749,0.033066623830374675
25004,34004,High,High,0.9364477964232872,0.0305133962476454,0.03303880732906723
26474,35474,Medium,Medium,0.031229278121502797,0.03252693072507967,0.9362437911534176
9290,18290,High,High,0.9233465143755879,0.03552272744985671,0.04113075817455538
5916,14916,High,High,0.696100710081874,0.03986246639546539,0.2640368235226607
18122,27122,Low,Low,0.036702139122408196,0.8357581617121497,0.12753969916544208
9042,18042,Low,Low,0.042675384906507956,0.7739925266411573,0.18333208845233476
31003,40003,Medium,Medium,0.03057064560211888,0.03040894118353576,0.9390204132143455
29569,38569,Medium,Medium,0.035067879271293505,0.03201331386594695,0.9329188068627596
5720,14720,High,High,0.9372880086883114,0.029783569527300543,0.03292842178438809
40005,49005,Medium,Medium,0.03385802819322232,0.05494578922089955,0.9111961825858782
25596,34596,Medium,Medium,0.03161549175611946,0.03122791596179196,0.9371565922820885
39801,48801,High,High,0.9284724617651049,0.03594712247015606,0.03558041576473902
15112,24112,Medium,Medium,0.03267891923079868,0.03515684931891675,0.9321642314502846
33754,42754,Low,High,0.9361474420442968,0.030348411199161523,0.03350414675654176
23069,32069,High,High,0.9321193423511526,0.03214006689933376,0.03574059074951373
11977,20977,Low,Low,0.04841974184477371,0.9154590352861116,0.0361212228691147
37907,46907,High,High,0.9333742082491714,0.03175206076041931,0.03487373099040927
24512,33512,Medium,Medium,0.031323905167573045,0.03499883155303344,0.9336772632793934
39657,48657,High,Medium,0.11907893995847524,0.060513212646371405,0.8204078473951534
17066,26066,High,High,0.9338044713286165,0.03142757031873921,0.0347679583526443
5119,14119,Medium,Medium,0.035844900707189105,0.03469754720142402,0.9294575520913869
16683,25683,Medium,Medium,0.03255934311490779,0.0333165845573244,0.9341240723277678
14572,23572,Medium,Medium,0.0341098086522017,0.035908115966579876,0.9299820753812185
11015,20015,Medium,Medium,0.04051789040499421,0.03526176049756128,0.9242203490974444
11976,20976,High,Medium,0.03722155434445817,0.0498689691295435,0.9129094765259983
24216,33216,Low,Low,0.02997870886846572,0.9296282247592019,0.04039306637233248
31036,40036,High,High,0.9355761934764817,0.03028775699524654,0.03413604952827177
3186,12186,High,High,0.9320300114557681,0.03083218201812675,0.03713780652610502
36636,45636,Medium,Medium,0.03047919335028393,0.03153505012867233,0.9379857565210438
21750,30750,Medium,Medium,0.03636677592703209,0.03902268388753488,0.9246105401854331
17489,26489,High,High,0.9369746487516079,0.03196365580375593,0.031061695444636186
17171,26171,High,High,0.9192009880246911,0.037348030926413554,0.0434509810488953
2666,11666,Medium,Medium,0.05908418575745362,0.29303679107992525,0.6478790231626211
7415,16415,Medium,Medium,0.03170638531764227,0.03149701295672608,0.9367966017256317
23271,32271,Medium,Medium,0.037183574102326804,0.049555682935808865,0.9132607429618643
11353,20353,Medium,Medium,0.03314672349072906,0.03334640428236767,0.9335068722269032
14447,23447,Medium,Medium,0.03382114073368625,0.04180843338292811,0.9243704258833857
6720,15720,Medium,Medium,0.03886309815389274,0.06954060371382814,0.8915962981322791
35018,44018,High,High,0.9328365997819038,0.03062713540860638,0.03653626480948984
3475,12475,High,High,0.9334277168038478,0.032389063647068374,0.03418321954908373
3176,12176,Medium,High,0.9330693369583282,0.03235964151716874,0.034571021524503205
31217,40217,High,High,0.9370699779895304,0.030001908329320495,0.03292811368114912
5902,14902,Medium,Medium,0.033456147360564056,0.02976303831623091,0.9367808143232049
30278,39278,Medium,Medium,0.03337964875850765,0.032021064730829975,0.9345992865106624
15995,24995,Low,Low,0.033321874558788926,0.9294618566168856,0.037216268824325514
387,9387,Low,High,0.932014869015492,0.03204991072040482,0.03593522026410316
38057,47057,Medium,Medium,0.02960448387322534,0.03310707975148928,0.9372884363752854
10662,19662,High,Medium,0.03130237769931514,0.0318456299721646,0.9368519923285202
15007,24007,Medium,Medium,0.04263181234360558,0.031504236313751814,0.9258639513426425
21196,30196,High,High,0.923747193965404,0.033431190042248066,0.0428216159923479
14432,23432,High,High,0.9307263251049802,0.031030303576319435,0.03824337131870037
2510,11510,Medium,Medium,0.043443393869990965,0.029700220624121403,0.9268563855058876
29714,38714,Low,Low,0.030948398268298528,0.934557907524843,0.034493694206858445
11325,20325,Low,Low,0.02947657148142241,0.9308224696637732,0.03970095885480426
24077,33077,Low,Low,0.029350018066581062,0.938448709582442,0.032201272350976966
14891,23891,High,High,0.9285248694180277,0.035434038438367066,0.036041092143605284
31839,40839,High,High,0.9379817392433639,0.029710237994661395,0.03230802276197475
26571,35571,High,Medium,0.04007953215418548,0.035719018292527896,0.9242014495532865
30258,39258,Medium,Medium,0.04313874416130966,0.05379486810451322,0.9030663877341771
3955,12955,Low,Low,0.03185562276249631,0.9289411867646752,0.03920319047282866
28909,37909,Medium,Medium,0.03308948374846469,0.03016399389240841,0.9367465223591269
37111,46111,Medium,Medium,0.05937394225127329,0.03196937624141101,0.9086566815073157
29759,38759,Medium,Medium,0.03182708461428509,0.03125774650140705,0.9369151688843078
4283,13283,High,High,0.9373387315118095,0.02981801206507667,0.0328432564231138
13508,22508,Low,Low,0.035547104056383665,0.924086601352994,0.04036629459062218
33423,42423,Medium,Medium,0.03982455414446937,0.03335254700129178,0.9268228988542387
16153,25153,High,High,0.936544485947683,0.03187749355777059,0.03157802049454637
21480,30480,Low,Low,0.0319624497026187,0.9336237149728052,0.03441383532457618
2744,11744,Medium,Medium,0.03394307066040996,0.033005173933475185,0.9330517554061148
14191,23191,High,High,0.9311740251973827,0.03213106546101747,0.03669490934159982
32311,41311,High,High,0.9382395295333463,0.02998401521350671,0.031776455253147054
33139,42139,High,High,0.9113017087251157,0.05358706584091647,0.035111225433967795
22956,31956,High,High,0.9329773159947382,0.03101646589079334,0.036006218114468275
14297,23297,Low,Low,0.032532990301703944,0.8715629187004975,0.09590409099779858
36097,45097,Low,Low,0.031980749115807554,0.9317973360048941,0.03622191487929823
3769,12769,High,High,0.9352734524068023,0.030387540837189714,0.034339006756007956
22223,31223,High,High,0.9304189106756152,0.0356723655978641,0.03390872372652067
20837,29837,Medium,Medium,0.0354592935767664,0.03024684718639184,0.9342938592368416
36606,45606,Medium,Medium,0.0335121873578225,0.036830624431998915,0.9296571882101787
33228,42228,High,High,0.7447225878896478,0.0395210310209815,0.21575638108937067
26469,35469,Low,Low,0.030681887616499145,0.9327357172925766,0.036582395090924195
30969,39969,High,High,0.8451064069440047,0.03802756820474468,0.1168660248512506
3993,12993,Medium,Medium,0.03074258451706686,0.03373841788277921,0.935518997600154
39967,48967,High,High,0.9252517241665014,0.03511589790233008,0.03963237793116856
27459,36459,Low,Low,0.03609149469715777,0.9257829420643593,0.03812556323848288
21936,30936,Low,Low,0.031118773337420635,0.9349891418013626,0.03389208486121683
6606,15606,High,High,0.9204760327067921,0.035512167495990316,0.04401179979721755
5391,14391,Low,Low,0.03339553220965744,0.93353571593367,0.03306875185667258
32477,41477,Medium,Medium,0.04136116438452478,0.24107523215536827,0.717563603460107
18729,27729,Low,Medium,0.030016737876312222,0.031116703975118194,0.9388665581485696
12285,21285,High,High,0.7934723981026631,0.03620339409317469,0.17032420780416224
13877,22877,Medium,Medium,0.03235381020601038,0.033790095139345354,0.9338560946546443
29021,38021,Medium,Medium,0.03359643760730525,0.03529094215309512,0.9311126202395997
2042,11042,Low,Low,0.04190348293043181,0.9243633754397814,0.03373314162978678
6652,15652,Low,Low,0.03429028186556588,0.9324472482781468,0.03326246985628719
35637,44637,Medium,Medium,0.03439189425947398,0.03308457440521876,0.9325235313353072
10588,19588,Medium,Medium,0.03127198716741387,0.03154826165369725,0.9371797511788887
9376,18376,Low,Low,0.030491005373064997,0.9282094874872596,0.04129950713967552
7173,16173,High,High,0.9319962842618207,0.03168683196416704,0.03631688377401224
660,9660,Medium,Medium,0.03376384172366939,0.05072534577718152,0.9155108124991491
33309,42309,Medium,Medium,0.034446807835678335,0.03644168996747143,0.9291115021968501
1061,10061,Medium,Medium,0.0348503575834555,0.032041074673226366,0.9331085677433181
26351,35351,Medium,Medium,0.03612525624186932,0.0884848061415982,0.8753899376165325
5178,14178,Medium,Medium,0.03208374422276691,0.03284320825521277,0.9350730475220203
5553,14553,High,High,0.9341070881815345,0.032492218540617256,0.03340069327784819
6312,15312,Medium,Medium,0.040374248718378525,0.08809468446765362,0.8715310668139679
18570,27570,Low,Low,0.03175758184855857,0.9321616210405473,0.036080797110893965
20521,29521,High,High,0.9213753532323032,0.046251514205587534,0.03237313256210921
29572,38572,Medium,Low,0.030280602395911033,0.9347733538266536,0.03494604377743537
23700,32700,High,High,0.9352376364353358,0.029707384348475946,0.03505497921618841
30509,39509,Low,Low,0.03091280309318943,0.9368949302301445,0.03219226667666616
38453,47453,Medium,Medium,0.035857589428767093,0.030244092947478346,0.9338983176237545
23345,32345,Medium,Medium,0.03651562983282061,0.0347514494560195,0.9287329207111599
20455,29455,Low,Medium,0.033948092612230495,0.03109496421769495,0.9349569431700746
8437,17437,Medium,Medium,0.03299506876803845,0.03415931920756023,0.9328456120244013
3114,12114,Low,Low,0.03042750926865655,0.9182255611195819,0.051346929611761565
2392,11392,Medium,Medium,0.09147791823215662,0.04153948793310495,0.8669825938347385
4634,13634,Medium,Medium,0.041761201393678726,0.033187929183335275,0.9250508694229861
7775,16775,Low,Low,0.03868712894750491,0.9164183958786642,0.04489447517383085
21921,30921,Low,Low,0.03248249818738627,0.9344491312707364,0.03306837054187727
33438,42438,High,High,0.937046785064639,0.029925232050632983,0.03302798288472796
27473,36473,Medium,Medium,0.03574046417008576,0.032762593524898784,0.9314969423050155
27849,36849,High,Medium,0.034139231184671354,0.03283517512071945,0.9330255936946091
15985,24985,Medium,Medium,0.0298800485507022,0.029273187423909466,0.9408467640253884
26991,35991,Low,Low,0.03003695575034961,0.9374605795275662,0.03250246472208415
6016,15016,Medium,Medium,0.033808787969487546,0.030433356499206515,0.935757855531306
36978,45978,High,High,0.9346733451630765,0.031062941048235898,0.034263713788687526
32788,41788,Low,Low,0.03083000496129344,0.9364149855983639,0.03275500944034281
38538,47538,Medium,Medium,0.036994128408249706,0.03346303528410651,0.9295428363076437
26964,35964,Low,Low,0.030390020113751,0.9383283172231316,0.03128166266311746
7964,16964,Medium,Medium,0.04099522521090893,0.0399038711033313,0.9191009036857598
16297,25297,Medium,Medium,0.03578403366700634,0.03438735240618168,0.929828613926812
16115,25115,Low,Low,0.031191238339881522,0.9333807159861163,0.03542804567400223
15713,24713,Low,Low,0.030465727808403415,0.9330190566907323,0.036515215500864395
19515,28515,Low,Low,0.03129915137637267,0.9331647712900301,0.03553607733359731
33402,42402,Medium,Low,0.0348351275677771,0.9112101464144189,0.05395472601780401
31050,40050,Medium,Medium,0.03336907557236849,0.031067987870502325,0.9355629365571292
36827,45827,High,Low,0.04267517306607866,0.8427237230099033,0.11460110392401812
14841,23841,High,High,0.9204365128501553,0.042277507001931836,0.03728598014791282
25160,34160,Medium,Medium,0.031142862586413717,0.03173780078217514,0.9371193366314111
6559,15559,Medium,Medium,0.032076779526303806,0.0395607048327399,0.9283625156409564
34009,43009,High,High,0.9326999051396747,0.03370669451149356,0.0335934003488319
17131,26131,High,High,0.9332213317054884,0.03248183912562138,0.03429682916889031
7560,16560,Medium,Medium,0.03151028821414598,0.03856056824267144,0.9299291435431826
24489,33489,Low,Low,0.03047195567578435,0.9357564992693347,0.033771545054880954
23067,32067,Medium,Medium,0.03546744761834799,0.08498572951391233,0.8795468228677397
13394,22394,High,High,0.9353359415182371,0.030058014886048926,0.03460604359571392
32653,41653,High,High,0.9354016407629251,0.030802994060385513,0.03379536517668938
12304,21304,Medium,Medium,0.03498246066483044,0.03254443658907672,0.9324731027460929
24374,33374,Low,Medium,0.04376179149827925,0.40025397403826396,0.5559842344634568
39288,48288,Low,Low,0.037751472224840536,0.9254904039140621,0.03675812386109739
2162,11162,Low,Low,0.03230383088427306,0.9262473886978856,0.04144878041784138
14508,23508,High,High,0.9358403901561153,0.030329269100842726,0.033830340743041885
9372,18372,High,High,0.9329520232595399,0.031649586886556474,0.03539838985390367
13177,22177,Medium,Medium,0.03356747996625305,0.032362361773841594,0.9340701582599054
33507,42507,High,High,0.8162222020292735,0.051964820877610896,0.13181297709311557
33658,42658,Low,Low,0.029986073784264895,0.9345075122168431,0.0355064139988919
24948,33948,Low,Low,0.0393362578771544,0.9252850683538275,0.0353786737690182
5668,14668,Medium,Medium,0.03496990432273152,0.03070645416834635,0.9343236415089221
20806,29806,Medium,Medium,0.034140357838305026,0.031823404894253456,0.9340362372674414
39622,48622,Medium,Medium,0.03005051808691483,0.03296088043997205,0.9369886014731131
28144,37144,Low,Low,0.03548711793038702,0.9229321486075652,0.041580733462047686
7467,16467,Low,Low,0.02950029014872157,0.9393605583964355,0.031139151454842886
4435,13435,Low,High,0.9309920461645055,0.03194520256290451,0.0370627512725899
26875,35875,Low,Low,0.034280023861025626,0.9308903378272461,0.034829638311728243
19043,28043,Medium,Medium,0.030635367302197875,0.03339654848740402,0.9359680842103981
6369,15369,High,High,0.9362856046387255,0.02958574265925609,0.034128652702018494
14498,23498,Medium,Medium,0.03396703344404189,0.030136523634776823,0.9358964429211812
10101,19101,Medium,Medium,0.03602673918919105,0.03891147749807217,0.9250617833127368
26144,35144,Medium,Medium,0.031615923576746065,0.030328180831588128,0.938055895591666
34678,43678,Medium,Medium,0.03123025307704054,0.031384314360599075,0.9373854325623604
30962,39962,Medium,Medium,0.03024303269387671,0.03161267353594036,0.938144293770183
15064,24064,High,High,0.931877512765841,0.03309729851617385,0.03502518871798518
3232,12232,Medium,Medium,0.03076895196151419,0.03371777560560075,0.9355132724328851
20016,29016,Medium,Medium,0.030641513798676624,0.032059607579235684,0.9372988786220876
2066,11066,Medium,Medium,0.036613020511202,0.05554319849785139,0.9078437809909466
27660,36660,Low,Low,0.03253739903271729,0.9348258088515194,0.03263679211576324
19142,28142,Medium,Medium,0.033145284062634624,0.032636101643937425,0.934218614293428
27204,36204,Medium,Medium,0.030203801992756508,0.032207553205317783,0.9375886448019256
14642,23642,High,High,0.7959430350652522,0.03659197492715944,0.1674649900075884
19618,28618,Medium,Medium,0.035820697422419494,0.04293782161258051,0.921241480965
19208,28208,Medium,Medium,0.04205385470343628,0.03893208765883855,0.9190140576377251
10454,19454,High,High,0.9199709787552918,0.03887785599009166,0.0411511652546165
2593,11593,Medium,Medium,0.030226253858349247,0.034289007661192694,0.935484738480458
35903,44903,Low,Low,0.03699393525521628,0.9282443229967114,0.03476174174807221
36061,45061,High,High,0.9347915146263502,0.03203500085824029,0.03317348451540935
31877,40877,High,High,0.9380826989552954,0.02900764031384474,0.032909660730860026
31464,40464,High,High,0.9267531373042456,0.03646619508141851,0.03678066761433582
28672,37672,Low,Low,0.031990064143142156,0.929714878381505,0.03829505747535275
5175,14175,Low,Low,0.03234064179499421,0.9335348142964638,0.03412454390854202
15271,24271,High,High,0.9174895867951388,0.04545757624620491,0.03705283695865642
13657,22657,Medium,Medium,0.03079906287741027,0.03232332614966799,0.9368776109729217
38868,47868,Medium,Medium,0.03280075654622417,0.03394192836659738,0.9332573150871784
33162,42162,Medium,Medium,0.032267532320992526,0.03187324772925475,0.9358592199497527
27963,36963,Medium,Medium,0.03184245470443203,0.0338946098132519,0.9342629354823161
20993,29993,Medium,Medium,0.03085690028899642,0.03240134900484383,0.9367417507061596
29963,38963,Medium,Medium,0.03373247106110958,0.036838313596288766,0.9294292153426017
24792,33792,Medium,Medium,0.032133386228927495,0.029853400973930754,0.9380132127971418
32369,41369,High,High,0.9304581489263472,0.033248868027024536,0.03629298304662832
15474,24474,Medium,Medium,0.031094056424536873,0.029638309182725076,0.9392676343927381
30687,39687,High,High,0.9368095638080637,0.029565742962890273,0.03362469322904585
32735,41735,Low,Low,0.02973925482381212,0.9330188896660133,0.037241855510174705
33008,42008,Low,Low,0.02951657492930811,0.9375434263169371,0.03293999875375478
5517,14517,Medium,Medium,0.033839562775725564,0.03311845337829283,0.9330419838459817
3517,12517,Medium,Medium,0.031730376010531934,0.03129106836176206,0.936978555627706
4557,13557,Low,Low,0.035680460370635624,0.9287525544789256,0.03556698515043886
9712,18712,High,High,0.935959560597088,0.029935193247743297,0.034105246155168766
22351,31351,High,High,0.8179466158687005,0.04993936561925821,0.13211401851204127
5158,14158,Medium,Medium,0.12128752053580787,0.03985197306040641,0.8388605064037856
17459,26459,Medium,Medium,0.03221169979954776,0.03734679664779399,0.9304415035526583
23036,32036,Medium,Medium,0.03305317994071819,0.03171007766848597,0.935236742390796
32579,41579,High,High,0.9345399309457537,0.03132329942796241,0.034136769626283946
8394,17394,Medium,Medium,0.03144591596586819,0.03280963346224806,0.9357444505718836
20422,29422,Medium,Medium,0.03135820935053773,0.032698886912338715,0.9359429037371236
3898,12898,Medium,Medium,0.03364823747012355,0.03247254114345458,0.9338792213864219
328,9328,High,High,0.9336213732870902,0.03138274671454932,0.034995879998360555
25249,34249,Medium,Medium,0.0329720875898259,0.03650226623202632,0.9305256461781477
32620,41620,High,High,0.9340583651824197,0.031930284458123175,0.03401135035945718
11776,20776,Medium,Medium,0.033342970103526354,0.035323691652742684,0.9313333382437309
10472,19472,Medium,Medium,0.032771562945092154,0.0313443691635783,0.9358840678913296
3361,12361,Low,Low,0.03058317159888017,0.9356051112155721,0.03381171718554776
25115,34115,Medium,Medium,0.03747533070334768,0.12283884702587851,0.8396858222707738
38315,47315,Low,Low,0.0327493251309598,0.9256367775630768,0.04161389730596344
26899,35899,Medium,Medium,0.03644593217137678,0.031687151244164345,0.9318669165844589
28589,37589,Low,Low,0.053165261244159684,0.8930950085219501,0.053739730233890205
35761,44761,Low,Low,0.03031421440266953,0.9365665144030116,0.033119271194318796
33020,42020,High,High,0.9378706088142715,0.029811580854048152,0.03231781033168033
6753,15753,Medium,Medium,0.033900335068246794,0.03701729156222663,0.9290823733695266
17008,26008,Medium,Medium,0.03389569987400942,0.3169064856633364,0.6491978144626542
12428,21428,Medium,Medium,0.036474109587889096,0.03223102290398248,0.9312948675081284
32972,41972,High,High,0.9302860136962656,0.030855328249609414,0.03885865805412494
19444,28444,Medium,Medium,0.03268043649039876,0.03211959232310376,0.9351999711864974
18486,27486,Low,Low,0.0336984689920238,0.9237403806558667,0.04256115035210966
7427,16427,Medium,Medium,0.03521979709206982,0.03595808040683452,0.9288221225010956
24750,33750,High,Low,0.036142220472453405,0.7075788509445459,0.2562789285830006
33375,42375,Medium,Medium,0.038826374697918054,0.04564076972277601,0.9155328555793059
33622,42622,Low,Low,0.03346452035862801,0.9307865919168128,0.035748887724559204
13006,22006,Medium,Medium,0.04064395997313234,0.03502632706907949,0.9243297129577881
38375,47375,Medium,Medium,0.03178584697514128,0.02980368895256753,0.9384104640722911
39807,48807,Low,Low,0.03612100897218624,0.833409756832287,0.1304692341955267
37218,46218,High,High,0.9407059578435035,0.028372191939014548,0.030921850217481877
1426,10426,High,High,0.9239317016769655,0.03170426500013693,0.04436403332289768
26172,35172,Low,Low,0.03590410854827807,0.9274512401053571,0.03664465134636486
34161,43161,Medium,Medium,0.03557546476289045,0.04461709272611223,0.9198074425109972
37938,46938,Medium,Medium,0.030993029164514657,0.029696610220980205,0.9393103606145052
13235,22235,Medium,Medium,0.036121404980029255,0.040929845481680174,0.9229487495382905
1523,10523,Medium,Medium,0.03149175322312159,0.03142655217682668,0.9370816946000516
15881,24881,Medium,Medium,0.03172051919835337,0.030132372067583138,0.9381471087340635
26054,35054,Medium,Medium,0.03571694740131784,0.034531993430109834,0.9297510591685724
36854,45854,Medium,Medium,0.030825320622707052,0.029524617802957658,0.9396500615743353
1215,10215,Low,Low,0.03310657407052493,0.9265669632925649,0.04032646263691019
21371,30371,High,High,0.9097395119149855,0.03834989625241444,0.0519105918326001
4590,13590,Low,Medium,0.03483945182193951,0.043077524947592614,0.922083023230468
1651,10651,Medium,Medium,0.031567098861672374,0.03695576618596969,0.931477134952358
12958,21958,High,High,0.9347726476423387,0.030733011167224464,0.03449434119043678
36334,45334,Medium,Medium,0.03063401879650482,0.03130646948703886,0.9380595117164564
25563,34563,Low,Low,0.03152459831774478,0.9354380402035486,0.03303736147870666
39210,48210,Medium,Medium,0.03501711000265659,0.036170459318648686,0.9288124306786947
24331,33331,Medium,Medium,0.03264722455533903,0.03624159498039472,0.9311111804642662
13445,22445,High,High,0.9352818207246707,0.02972693485772872,0.03499124441760055
4308,13308,High,High,0.9355486456972955,0.02998393352802611,0.034467420774678376
32267,41267,Low,Low,0.030647840790046076,0.9374600101163644,0.0318921490935895
38828,47828,Low,Low,0.031942570728820674,0.9355653951505238,0.03249203412065547
26540,35540,Medium,Medium,0.056165857098773,0.3732835608333296,0.5705505820678973
30532,39532,High,High,0.9268379748340148,0.0358536670376925,0.03730835812829276
38441,47441,Medium,Medium,0.05786911831773545,0.03522488891934553,0.906905992762919
39505,48505,Medium,Low,0.038470894583091435,0.9287493531349558,0.03277975228195279
13695,22695,Medium,Medium,0.032907505602141306,0.029283374790989528,0.9378091196068693
35217,44217,Low,Low,0.0335603520163116,0.9320112252917375,0.03442842269195073
38321,47321,Medium,Medium,0.03171405800176349,0.0329236184283393,0.9353623235698972
20312,29312,Low,Low,0.03567827835336034,0.9312616645172153,0.033060057129424274
15549,24549,Low,Low,0.03148493966868283,0.935617244397052,0.032897815934265356
21771,30771,Low,Low,0.03270357212022168,0.9063369962300231,0.06095943164975525
6688,15688,Medium,Medium,0.03552622272358347,0.03121697845115819,0.9332567988252581
9754,18754,High,High,0.84643597334899,0.06385488296949209,0.08970914368151789
36480,45480,Low,Low,0.029642078152535556,0.9380558303301414,0.032302091517323
34964,43964,Low,Medium,0.035499427457765693,0.05804009439453108,0.9064604781477033
39828,48828,Medium,Medium,0.03144414595761466,0.029838833654643068,0.9387170203877423
32820,41820,Medium,Medium,0.03079755603864932,0.03148298731170222,0.9377194566496484
21923,30923,Medium,Medium,0.032258128602573266,0.03222075476639575,0.935521116631031
1956,10956,Medium,Medium,0.03131725776123263,0.02946174956283883,0.9392209926759284
26263,35263,High,High,0.931540472517126,0.03343416039391613,0.03502536708895785
30139,39139,Low,Low,0.031065517228366268,0.9350791913153431,0.03385529145629063
24982,33982,Medium,Medium,0.03621847502751064,0.03356730249972551,0.9302142224727638
32456,41456,Medium,Medium,0.03266073207295697,0.03202108791124072,0.9353181800158024
28351,37351,Medium,Medium,0.03086002045148899,0.03109013178843349,0.9380498477600776
30383,39383,Low,Low,0.05879229835723906,0.9007553298221443,0.04045237182061664
17618,26618,Low,Low,0.03278444613496028,0.9302985129166639,0.03691704094837584
9976,18976,Medium,Medium,0.032334165381113486,0.03425580412760534,0.9334100304912812
13997,22997,High,High,0.9322509725291833,0.035003950145567814,0.03274507732524879
29242,38242,High,High,0.9323674847631378,0.03086366493575213,0.03676885030111006
24643,33643,Medium,Medium,0.030418838163828288,0.03006226284497245,0.9395188989911993
27383,36383,Medium,Medium,0.03517555249127404,0.030761229561035674,0.9340632179476902
25047,34047,Medium,Medium,0.029646507312376575,0.029664979121877672,0.9406885135657457
32498,41498,Medium,Medium,0.03290581780357236,0.03289725602328906,0.9341969261731387
2560,11560,High,High,0.9347762842405634,0.032007456251792604,0.03321625950764401
11700,20700,Medium,Medium,0.03749821389987055,0.031723401134868705,0.9307783849652607
39698,48698,Medium,Medium,0.029852705487132872,0.03210467207750039,0.9380426224353666
28390,37390,Medium,Medium,0.03119597514155927,0.03079532140345417,0.9380087034549865
23811,32811,High,Medium,0.29792605574229486,0.045459447451911494,0.6566144968057936
35964,44964,Low,Low,0.03347225244498655,0.9338564900843712,0.032671257470642374
34615,43615,Medium,Medium,0.05053357812365087,0.3736843811596338,0.5757820407167152
6840,15840,Low,Low,0.03234183831575295,0.931213635325693,0.03644452635855403
26531,35531,Medium,Medium,0.033537730860817315,0.030106289340720734,0.9363559797984619
7222,16222,Medium,Medium,0.030085512239553924,0.030991128789591066,0.9389233589708551
25781,34781,High,Low,0.029749380012769385,0.9387583719101494,0.03149224807708112
14866,23866,High,High,0.9334374247776683,0.033913029680760216,0.03264954554157146
18142,27142,Low,Low,0.03061901464679743,0.9324824145133791,0.03689857083982328
37771,46771,High,High,0.9369843819841567,0.030472114768347144,0.03254350324749611
16784,25784,Medium,Medium,0.03297732918524342,0.0318553459014596,0.935167324913297
2859,11859,High,High,0.9299888699058031,0.03424545019678001,0.03576567989741683
12480,21480,Medium,Medium,0.06395849415744803,0.0368203590610493,0.8992211467815027
2181,11181,Medium,Medium,0.03326655448797788,0.03342431178621974,0.9333091337258024
33522,42522,Medium,Medium,0.037923924562715684,0.05469570067153604,0.9073803747657484
7821,16821,Medium,Medium,0.03868337579149034,0.06484573894464667,0.896470885263863
20366,29366,Low,Low,0.029179310980669764,0.9376773725810845,0.0331433164382457
6010,15010,Medium,Medium,0.03198970621782606,0.030535342730842324,0.9374749510513315
28015,37015,Medium,Medium,0.03210015795320532,0.0316493056836067,0.936250536363188
38947,47947,Medium,Medium,0.03290059774950633,0.02916912781962715,0.9379302744308665
10893,19893,Medium,Medium,0.030725094680837006,0.03715293492086356,0.9321219703982995
15017,24017,Low,Low,0.0438617645720403,0.8988966374645752,0.05724159796338452
32599,41599,Medium,Medium,0.03448189160322641,0.034104128486474566,0.9314139799102991
39483,48483,Medium,Medium,0.03359260919778561,0.03237246555049166,0.9340349252517227
10475,19475,High,High,0.93736452879743,0.029878515009960444,0.0327569561926094
10237,19237,High,High,0.9379361867746997,0.03024293523723981,0.031820877988060575
32483,41483,Low,Low,0.03210331795036956,0.9355002952625826,0.03239638678704789
14135,23135,Medium,Medium,0.03508093149964476,0.03302287611951747,0.9318961923808379
11727,20727,High,High,0.9317967137682887,0.034919119366608846,0.0332841668651025
29081,38081,Low,Low,0.041316296098138035,0.9146911055626549,0.04399259833920719
21984,30984,Medium,Medium,0.030920993496688556,0.031596035010633856,0.9374829714926776
9964,18964,Medium,Medium,0.03212654263750344,0.030919938057836622,0.93695351930466
31160,40160,Medium,Medium,0.03132731541374433,0.03301551988786697,0.9356571646983887
30528,39528,Low,Medium,0.03296062819151032,0.03394308103455158,0.9330962907739382
2789,11789,High,High,0.9299229030010613,0.03306182853329573,0.03701526846564313
19134,28134,High,High,0.9379664976095459,0.030473583610753183,0.03155991877970097
30537,39537,Medium,Medium,0.03642640132815877,0.0400791736143867,0.9234944250574545
10729,19729,Medium,Medium,0.033727124495409176,0.030749791581060282,0.9355230839235306
15484,24484,Low,Low,0.03016876648134297,0.9377728958642387,0.03205833765441816
35064,44064,Low,Low,0.030524795983014788,0.9323935205197369,0.03708168349724841
21628,30628,Medium,Medium,0.031232054261748455,0.031382913921056056,0.9373850318171955
20407,29407,Medium,Medium,0.031862065639958775,0.03170424761375658,0.9364336867462847
19547,28547,Medium,High,0.9356328948457292,0.031356000050131054,0.03301110510413969
39490,48490,Medium,Medium,0.043536446867366276,0.03111911339279262,0.925344439739841
34805,43805,Low,Low,0.032188808095242466,0.9221631317686657,0.04564806013609186
6283,15283,Medium,Medium,0.032862404647041946,0.03311353836825964,0.9340240569846984
23329,32329,High,High,0.9198727998381632,0.0420326756748586,0.03809452448697811
37056,46056,High,High,0.9286918849380069,0.03153177771065775,0.03977633735133537
32113,41113,High,High,0.9305372892991409,0.030549121013392768,0.03891358968746619
19057,28057,High,High,0.9378640474478575,0.030167950841721344,0.03196800171042123
11831,20831,High,High,0.9343393134611099,0.03124709130597943,0.03441359523291072
12993,21993,Low,Low,0.03359843409053911,0.9324959169449708,0.033905648964490026
1344,10344,Low,Low,0.029968051764771367,0.9350095146859609,0.035022433549267686
7360,16360,High,Medium,0.03410374696803905,0.038411945026105634,0.9274843080058554
24192,33192,Medium,Medium,0.2207640165312762,0.0497578638465298,0.7294781196221939
22362,31362,High,High,0.9376331944991242,0.030191763497847482,0.03217504200302847
40014,49014,Medium,Medium,0.04151575399200408,0.037342200279007566,0.9211420457289883
19356,28356,Medium,Medium,0.03385215969017016,0.03240619591072486,0.933741644399105
9843,18843,Low,Low,0.02891725789163758,0.9370464193136936,0.03403632279466886
14707,23707,High,High,0.9274660618238615,0.040143038215001085,0.03239089996113739
10494,19494,High,High,0.936872046800409,0.03135294455796168,0.03177500864162936
29180,38180,High,High,0.9282671725550097,0.03091434172183638,0.04081848572315401
22545,31545,Low,Low,0.029047307426212532,0.9391080641714256,0.03184462840236202
7361,16361,Low,Low,0.03333422950229877,0.928643508420615,0.038022262077086
26630,35630,Medium,Medium,0.033228936561214215,0.03648231843321281,0.9302887450055729
3537,12537,High,High,0.9286495951104773,0.032322206996883984,0.03902819789263876
7873,16873,Low,Low,0.030678724477685868,0.9343174986403877,0.03500377688192637
21796,30796,Medium,Medium,0.032810190421373425,0.033831924785022324,0.9333578847936043
17074,26074,High,High,0.9289655565747141,0.031479498443696206,0.03955494498158946
17653,26653,Low,Low,0.03963693511747,0.5631368857082443,0.39722617917428577
10030,19030,Medium,Medium,0.03187104326817364,0.0326321840326049,0.9354967726992215
9272,18272,High,High,0.896743903710793,0.060196349412537827,0.04305974687666916
24021,33021,Medium,Low,0.03993659372750937,0.8790391359224472,0.08102427035004343
25937,34937,Medium,Medium,0.033796794002738,0.03983158474013556,0.9263716212571266
18630,27630,Medium,Medium,0.02923406987091198,0.02876805286233704,0.941997877266751
9242,18242,High,High,0.9373539411643991,0.02907974703853562,0.033566311797065304
26742,35742,Low,Low,0.03347769542355795,0.9186344468648965,0.04788785771154563
22166,31166,High,High,0.9173935309950991,0.032781609402702826,0.0498248596021982
23837,32837,Medium,Medium,0.03750999095309748,0.038399812177058706,0.924090196869844
13752,22752,Low,Low,0.02899821704714639,0.9390091156722672,0.03199266728058649
10518,19518,High,High,0.916597361301336,0.03377306527247848,0.04962957342618556
8504,17504,Medium,Low,0.05049103579336172,0.6695939740580511,0.2799149901485872
33446,42446,High,High,0.9352768836403825,0.031638945730339714,0.03308417062927777
14901,23901,Medium,Medium,0.03295163225664773,0.030283380774983503,0.9367649869683689
36338,45338,Medium,Medium,0.030476111050639843,0.030615909286546516,0.9389079796628136
19785,28785,Medium,High,0.6458521419749049,0.04811739640761703,0.3060304616174781
2390,11390,Medium,Medium,0.033473593579473916,0.030206234629397453,0.9363201717911287
29314,38314,Medium,Medium,0.03430881526800136,0.03591322162210372,0.9297779631098949
32856,41856,Low,Low,0.030333353720270583,0.9359735409488946,0.033693105330834784
5275,14275,High,High,0.9159479296494123,0.0326487865040547,0.05140328384653307
36179,45179,Low,Low,0.03130536449927054,0.9324844793590316,0.036210156141698084
3772,12772,Medium,Medium,0.032615417947571314,0.03147972254388209,0.9359048595085465
8786,17786,Medium,Medium,0.03118036936517159,0.03098471013386211,0.9378349205009663
31393,40393,Medium,Medium,0.03339566644079268,0.0310999640505211,0.9355043695086863
35460,44460,Medium,Medium,0.03401900314893438,0.036351121317242795,0.9296298755338229
8911,17911,Medium,Medium,0.2308217157943163,0.03853081554985471,0.7306474686558291
10392,19392,Low,Low,0.036927397217482456,0.9276170725662108,0.03545553021630652
11426,20426,High,High,0.9318772514614805,0.032458174448429904,0.03566457409008957
38322,47322,Medium,Medium,0.036503841656365964,0.03676446795650301,0.9267316903871309
8789,17789,Low,Low,0.029176588645180718,0.9378738696560823,0.032949541698736984
14895,23895,Medium,Medium,0.03141244016468866,0.030680426816281466,0.93790713301903
1483,10483,Low,Low,0.030856681548013645,0.9274153930591414,0.04172792539284498
36878,45878,High,High,0.9391736631379581,0.029361185393169887,0.03146515146887217
35127,44127,Medium,Medium,0.030816479864388263,0.031411882941220375,0.9377716371943913
14233,23233,Low,Low,0.02942822280867939,0.9364719194238772,0.034099857767443474
4344,13344,Medium,Medium,0.04163590183463212,0.032734879394246554,0.9256292187711214
25194,34194,Low,Low,0.030401160357114015,0.9360687721666655,0.03353006747622043
26019,35019,High,High,0.9378564408267237,0.029916885177786654,0.03222667399548963
28549,37549,High,High,0.9297597533640826,0.03411508986739606,0.036125156768521474
13411,22411,Low,Low,0.03126754345827774,0.9316691902968738,0.037063266244848514
11822,20822,Low,Low,0.03595703364891586,0.901997592895917,0.06204537345516729
5199,14199,Medium,Medium,0.03319260716671484,0.030731846859942225,0.9360755459733431
14372,23372,Low,Low,0.03375430422058744,0.927273672567178,0.03897202321223453
3449,12449,Medium,Medium,0.03004427747457149,0.029831101286521222,0.9401246212389074
21005,30005,High,High,0.9327788056759968,0.031689316777139855,0.035531877546863405
31081,40081,Medium,Medium,0.03457837692687983,0.03830390716843249,0.9271177159046876
17206,26206,Medium,Medium,0.030543349388710006,0.03181642060084943,0.9376402300104406
17778,26778,Medium,Medium,0.031361247635975927,0.0313866229787096,0.9372521293853145
35354,44354,Medium,Low,0.05212903440076194,0.6229757683604211,0.3248951972388169
34131,43131,Medium,Medium,0.03120920209998713,0.03004365662188235,0.9387471412781304
18253,27253,High,High,0.9390131135227383,0.028826326154264226,0.03216056032299746
10880,19880,Medium,Medium,0.03723713271453611,0.030021984229520928,0.9327408830559429
19411,28411,Low,Low,0.030432108641329707,0.9374625872316034,0.032105304127066935
39531,48531,Medium,Medium,0.031301189650292216,0.03004275042192499,0.938656059927783
5806,14806,Medium,Medium,0.03434836240581008,0.03261105167342032,0.9330405859207694
11003,20003,Medium,Medium,0.03622298239051465,0.035480354039300804,0.9282966635701846
7623,16623,Medium,Medium,0.03690983686540506,0.1633316118430441,0.7997585512915508
28624,37624,Medium,Medium,0.036252320476405295,0.03313123578676976,0.9306164437368251
6094,15094,Medium,Medium,0.03342509163458557,0.032425002013331684,0.9341499063520827
22613,31613,Low,Low,0.031493094276189515,0.9333705234243476,0.03513638229946295
4001,13001,Low,Low,0.031049944157805265,0.9275359671010861,0.041414088741108676
27978,36978,Low,Low,0.03503063624321983,0.9265403178098394,0.038429045946940806
16359,25359,High,Medium,0.03339156314076694,0.033193087945331136,0.9334153489139019
19484,28484,Medium,Medium,0.03245876806054144,0.031345804819118146,0.9361954271203404
18769,27769,High,High,0.9318525997310392,0.033266235333168324,0.034881164935792436
3587,12587,Medium,Medium,0.03486155307631908,0.034662631124026295,0.9304758157996545
21957,30957,Medium,Medium,0.031234772687152985,0.03175065496493823,0.9370145723479087
18484,27484,Medium,Medium,0.04013379405516364,0.13652533728121158,0.8233408686636249
7084,16084,Low,Low,0.04122041017284197,0.9209145632474653,0.03786502657969279
34965,43965,High,High,0.9364174098539535,0.030022714789684452,0.03355987535636206
13364,22364,High,High,0.9354007501669969,0.031148368461739424,0.03345088137126377
36104,45104,Low,Low,0.03804973817329512,0.9273022617408581,0.03464800008584678
23728,32728,Low,Low,0.03807226826628753,0.9233944200124946,0.038533311721217774
32890,41890,Low,Low,0.03541318508729325,0.9227760570684245,0.04181075784428237
11780,20780,High,High,0.9290735746479145,0.032461913044305506,0.038464512307779995
10261,19261,Medium,Medium,0.0362929105470312,0.034068078215220746,0.9296390112377481
6546,15546,Medium,Medium,0.035314458106152406,0.032692423458895066,0.9319931184349525
16700,25700,Medium,Medium,0.034468925383859726,0.032176496402942754,0.9333545782131974
3489,12489,High,High,0.9105321960997523,0.04954969167103688,0.03991811222921071
29082,38082,High,High,0.9344222656834056,0.03196955841534915,0.03360817590124531
7798,16798,Low,Low,0.028915550714242882,0.9392038325724226,0.031880616713334566
33822,42822,Low,Low,0.03163065389769168,0.9359907080292426,0.03237863807306577
3218,12218,Medium,Medium,0.036974218332293106,0.032357443381544344,0.9306683382861626
8293,17293,Medium,Medium,0.03497990830462308,0.03175808096624603,0.9332620107291308
6812,15812,Medium,Medium,0.03581184296719662,0.03285061407303071,0.9313375429597728
23621,32621,High,High,0.9365353759118719,0.02938297974886876,0.03408164433925933
32887,41887,Medium,Medium,0.030663559284158908,0.031178645060346077,0.9381577956554951
3705,12705,Medium,Medium,0.031138806301718645,0.03245834208745218,0.9364028516108291
38307,47307,Medium,Medium,0.04764601006928556,0.03588363203068893,0.9164703579000255
6241,15241,Medium,Medium,0.032798956192411834,0.0357874856339511,0.9314135581736371
9782,18782,Medium,Medium,0.029631484487397993,0.029193741228063157,0.9411747742845389
23356,32356,High,High,0.9330290836196421,0.03269459088732116,0.034276325493036774
8044,17044,High,High,0.9091437097933394,0.03956822631900303,0.05128806388765764
35778,44778,High,High,0.9341047396700141,0.031001596740268627,0.034893663589717426
35578,44578,Medium,Medium,0.03171737390447085,0.03179652423991375,0.9364861018556154
15462,24462,Low,Low,0.03205842466002761,0.9302899071643055,0.037651668175667
29897,38897,Low,High,0.9298509597219349,0.033332003946821044,0.036817036331244106
26726,35726,Low,Low,0.031492491931200794,0.9342581778207308,0.03424933024806831
2406,11406,High,Medium,0.03740330403329971,0.03803901743140711,0.9245576785352932
27748,36748,High,High,0.9333048301300059,0.03377711705947767,0.0329180528105164
27580,36580,High,Medium,0.03686900266447198,0.03211967118663484,0.9310113261488931
609,9609,Low,Low,0.03599963158176389,0.9314861227779475,0.03251424564028849
28694,37694,Medium,Medium,0.03759145078795664,0.03633382406342157,0.9260747251486218
38622,47622,Medium,Medium,0.034063060396865096,0.06785256286864715,0.8980843767344876
14460,23460,High,High,0.9328821968901629,0.03251699580055892,0.03460080730927815
35929,44929,Medium,Medium,0.0325299183923674,0.0337745493443273,0.9336955322633053
23686,32686,Low,Low,0.037981495467016846,0.8933138402702099,0.06870466426277333
16361,25361,Low,Low,0.02902173040701018,0.9390742215126501,0.03190404808033972
34664,43664,High,High,0.9286550600313331,0.03475883227357789,0.036586107695089014
31293,40293,Medium,Medium,0.03553876546421567,0.030729264718478585,0.9337319698173058
18566,27566,Low,Low,0.03145110583095283,0.9373468372322087,0.031202056936838456
4751,13751,Medium,Medium,0.03458067780979273,0.032145009472031055,0.9332743127181763
7281,16281,Low,Low,0.03358930176922893,0.9318512900006947,0.03455940823007636
28034,37034,High,High,0.901888422332186,0.06239743978562393,0.03571413788219014
19716,28716,Medium,Medium,0.034955574087749124,0.03186216394759267,0.9331822619646583
11470,20470,High,High,0.9339000150296913,0.031668410567430444,0.034431574402878175
14772,23772,High,Low,0.03197395693574745,0.923669834032081,0.04435620903217156
27373,36373,High,High,0.9279747776466257,0.032619234414075,0.039405987939299315
19924,28924,Medium,Medium,0.030720173606623352,0.031627274010381796,0.9376525523829948
16182,25182,High,High,0.9364172221509216,0.030118107514413617,0.033464670334664846
39426,48426,High,High,0.9346274828676856,0.031986563837513006,0.033385953294801436
19719,28719,Low,Low,0.0306909304686237,0.9350416550394632,0.034267414491913076
19409,28409,High,High,0.9303546720443792,0.03195186024924345,0.0376934677063774
8639,17639,Medium,Medium,0.03709848825007777,0.03315136187243418,0.9297501498774879
37635,46635,Medium,Medium,0.031199533707753222,0.030051829771219618,0.9387486365210272
27652,36652,Low,Low,0.033096839259108814,0.9351857634314497,0.03171739730944162
23855,32855,Medium,High,0.934076575262209,0.030939373957398954,0.03498405078039215
12637,21637,Low,Low,0.03714905873882348,0.9244668285132308,0.03838411274794561
15671,24671,Medium,Low,0.043200261079810835,0.48641328504190945,0.47038645387827965
11072,20072,Medium,Medium,0.03531544122276262,0.0354216957292628,0.9292628630479746
36437,45437,High,High,0.9373099240090325,0.030657546266059297,0.032032529724908165
31753,40753,Medium,Medium,0.031727728160642524,0.039709151004284564,0.928563120835073
37254,46254,High,High,0.9228616252699341,0.033332657236933204,0.043805717493132675
1688,10688,Low,Low,0.03450005876127961,0.8323326033891091,0.1331673378496112
20985,29985,High,High,0.9365664440014867,0.031024194878733858,0.03240936111977949
31929,40929,High,High,0.9360923867190474,0.03087518748598901,0.03303242579496365
22620,31620,Medium,Medium,0.03342582448029133,0.036998796343249034,0.9295753791764595
18614,27614,Medium,Medium,0.03901145896420974,0.03892228309945032,0.9220662579363399
32984,41984,High,High,0.9329728828859283,0.03252188086803244,0.03450523624603922
32967,41967,Medium,Medium,0.03985274079428212,0.0888383241027807,0.8713089351029372
2136,11136,High,High,0.9347627299451021,0.029954699340690175,0.035282570714207845
37866,46866,Medium,Medium,0.030397831540721024,0.03148391550942184,0.9381182529498572
39833,48833,Low,Low,0.02998033888703011,0.9371301523980312,0.03288950871493859
22390,31390,Medium,Medium,0.03168850498927503,0.043788921134365,0.9245225738763599
27944,36944,High,Medium,0.03104586933164725,0.039979791831808144,0.9289743388365445
31897,40897,High,High,0.9239212421543743,0.037521497962495175,0.03855725988313049
13777,22777,Low,Low,0.03682597320404355,0.8001370798094424,0.16303694698651414
23046,32046,High,High,0.9319785209888639,0.031188696533400975,0.03683278247773519
26044,35044,High,High,0.9350708981674734,0.03103727109451834,0.03389183073800842
3424,12424,Medium,Medium,0.029037348228849444,0.030388593616104177,0.9405740581550464
21045,30045,Medium,Medium,0.03133823249798762,0.03823184784817224,0.93042991965384
35556,44556,High,High,0.9063579193041149,0.03792502000457468,0.05571706069131044
5054,14054,High,High,0.9317892701084922,0.03208857876505389,0.03612215112645398
39694,48694,Medium,Medium,0.03256654096479067,0.03559721864224926,0.9318362403929602
16573,25573,Low,Low,0.043414273501479174,0.9060900951025946,0.05049563139592611
26734,35734,Low,Medium,0.03256133244208879,0.03504336182394482,0.9323953057339663
26174,35174,High,High,0.9279379377019698,0.033371926807624415,0.038690135490405876
37991,46991,High,High,0.9266181648804427,0.03212372898840333,0.041258106131153986
1114,10114,Medium,Medium,0.03398064300245867,0.03126994504862298,0.9347494119489183
39478,48478,Medium,Medium,0.03449638281234075,0.032598060826953316,0.9329055563607058
11265,20265,Low,Low,0.03462488130723998,0.9302279840479701,0.03514713464478996
2658,11658,Medium,Medium,0.033725723641759235,0.030497267320731946,0.9357770090375088
6443,15443,Medium,Medium,0.07961709457227059,0.03539704962311988,0.8849858558046094
2696,11696,High,Medium,0.032862880279960406,0.03085243645817692,0.9362846832618628
8299,17299,Medium,Medium,0.03274550912028492,0.0345555826518723,0.9326989082278428
7483,16483,Medium,Medium,0.20204173500014666,0.0412801039389133,0.7566781610609401
36687,45687,Medium,Medium,0.03458928445910395,0.03401663312351814,0.9313940824173779
17266,26266,Medium,Low,0.037004940001086256,0.9018781207637897,0.06111693923512392
1334,10334,Medium,Medium,0.032423253145832935,0.030923062905389754,0.9366536839487773
32802,41802,Medium,Medium,0.030309239467587734,0.031814250518036526,0.9378765100143758
23856,32856,Medium,Medium,0.031876109576154874,0.030771430567999972,0.9373524598558451
24808,33808,Medium,Medium,0.034800459621859625,0.05661890925737043,0.9085806311207699
17876,26876,Low,Low,0.032518307566022454,0.894598381659419,0.07288331077455866
38944,47944,High,High,0.9300196908846873,0.0364101271394498,0.033570181975862944
1943,10943,Low,Low,0.030333990573316105,0.9335699941903904,0.036096015236293334
1787,10787,Low,Low,0.03237455339517666,0.9261034983916646,0.041521948213158875
36977,45977,Medium,Medium,0.03583223196804996,0.051971354630250106,0.9121964134016999
38813,47813,Medium,High,0.9357695224535089,0.031034412395577627,0.03319606515091349
22033,31033,Low,Low,0.03354703864624084,0.9303007737501865,0.03615218760357261
10675,19675,Low,Low,0.03628706386281084,0.8733426740610408,0.09037026207614846
36917,45917,Medium,Medium,0.0377676320180996,0.0350947778815927,0.9271375901003077
5509,14509,Low,Low,0.03515579219113488,0.9306011467030734,0.03424306110579176
12017,21017,Medium,Medium,0.03423830423952403,0.031242287309820916,0.9345194084506551
34881,43881,Medium,Medium,0.03529496388293521,0.033695960931299784,0.931009075185765
16704,25704,Low,Low,0.030276655792280106,0.9376535548047,0.032069789403019966
28082,37082,Low,Low,0.03266236180905612,0.931751362741391,0.03558627544955279
11782,20782,High,High,0.9278022304047818,0.03222109720283636,0.03997667239238175
36063,45063,Medium,Medium,0.03354376930207494,0.03159237485634899,0.9348638558415759
18391,27391,Low,High,0.9291547522158662,0.030739900533100408,0.04010534725103335
10490,19490,Medium,Medium,0.04057329858676393,0.033646183271035905,0.9257805181422002
36163,45163,Medium,Medium,0.03100573611381871,0.030072705934599504,0.9389215579515818
37242,46242,Medium,Medium,0.03956077229367533,0.03252459745930649,0.9279146302470181
37729,46729,High,High,0.9348894576192336,0.030891615697027103,0.03421892668373939
30586,39586,Low,Low,0.031368379800773984,0.9339005482749047,0.03473107192432127
19661,28661,High,High,0.9363025879017522,0.029004168430058777,0.03469324366818903
34666,43666,Low,Low,0.03163093790606671,0.9368891308760935,0.0314799312178398
39593,48593,Medium,Medium,0.032691786765997106,0.03100078219584634,0.9363074310381565
18181,27181,High,High,0.917978808345017,0.039025484469984544,0.04299570718499842
8947,17947,Medium,Medium,0.03337986723151014,0.03207271207824747,0.9345474206902423
25949,34949,Low,Low,0.03308038802882854,0.9355336027995161,0.03138600917165537
36672,45672,High,High,0.9355814476071208,0.0301094161408799,0.034309136251999224
4696,13696,Medium,Medium,0.03077378152367707,0.033639281446870894,0.9355869370294521
16281,25281,High,High,0.9333932372691575,0.03128631129934484,0.03532045143149773
23197,32197,Medium,Medium,0.03280860622355059,0.0429724462533351,0.9242189475231143
19225,28225,Medium,Medium,0.031090775463094075,0.031593466058370934,0.937315758478535
4886,13886,High,High,0.9343597772334941,0.03118023744422298,0.034459985322283095
23321,32321,Medium,Medium,0.037817194076728275,0.047395453036784586,0.914787352886487
18669,27669,High,High,0.9373356921519583,0.029750547651154632,0.032913760196887125
10844,19844,High,High,0.9358258997004714,0.02985780832448023,0.03431629197504834
8926,17926,High,High,0.9401949018698371,0.02878069485684262,0.031024403273320247
2735,11735,High,High,0.9249805905429161,0.03687510479102917,0.0381443046660546
34209,43209,Medium,Medium,0.03270427161654429,0.03322314030480628,0.9340725880786493
25084,34084,Medium,Medium,0.030251812168734044,0.032027671559181896,0.937720516272084
3226,12226,High,High,0.9305556383335706,0.03423550079423834,0.035208860872190946
5491,14491,Medium,Medium,0.03663849344186823,0.034463463710196214,0.9288980428479355
18724,27724,Low,Low,0.03247244732901441,0.934494801796257,0.03303275087472857
24610,33610,Medium,Medium,0.03032884913039047,0.034279057463151984,0.9353920934064576
13766,22766,High,High,0.9251228316224678,0.033907781535110045,0.04096938684242209
37175,46175,Medium,Medium,0.03436039182556158,0.02944056335899017,0.9361990448154481
24873,33873,High,High,0.9318713096200392,0.03379801956302619,0.03433067081693466
7019,16019,Low,Low,0.034180816952455784,0.9273229413528946,0.03849624169464946
24294,33294,Medium,Medium,0.03672014473780121,0.21761424538604843,0.7456656098761504
38303,47303,Medium,Medium,0.03306170096607001,0.029540858687666306,0.9373974403462637
3383,12383,High,Medium,0.03315513226972707,0.03582705064513982,0.9310178170851331
17049,26049,High,High,0.9348783521707612,0.032746514386629906,0.03237513344260895
18653,27653,Low,Low,0.03304219787649263,0.929394838141265,0.03756296398224241
15467,24467,Low,Low,0.029309394133379362,0.9382200276565257,0.032470578210095
21998,30998,High,High,0.9053303324110976,0.055215635313397536,0.03945403227550482
22768,31768,High,High,0.9290546748077512,0.035169855375772344,0.03577546981647642
35718,44718,High,Low,0.029693435643015006,0.9379891646634012,0.032317399693583736
23635,32635,Low,Low,0.03214701213554046,0.9334212413705707,0.03443174649388903
9807,18807,High,High,0.9226395334379781,0.03469237298859387,0.04266809357342801
36965,45965,Medium,Medium,0.03349116940625623,0.035607376389794214,0.9309014542039495
31719,40719,High,High,0.9232861649979641,0.04158854976415799,0.03512528523787789
14795,23795,Medium,Medium,0.033792067005059,0.03006761458469891,0.9361403184102421
6484,15484,Medium,Medium,0.03267766206579628,0.03107015212185152,0.9362521858123523
31406,40406,Medium,Medium,0.03036012051450652,0.02990211246794569,0.9397377670175479
23398,32398,Medium,Medium,0.03621077627048916,0.037122594512672975,0.9266666292168378
32698,41698,High,High,0.9274601657987942,0.033047346615510315,0.03949248758569552
30568,39568,High,High,0.932207147753767,0.030491073478854606,0.03730177876737844
7220,16220,Medium,Medium,0.03092285149720091,0.032325503566368284,0.9367516449364309
28076,37076,High,High,0.9297298406960556,0.030425139444312504,0.0398450198596318
13826,22826,Low,Low,0.03287495955611211,0.9228215793327531,0.044303461111134736
27042,36042,High,Medium,0.27771262298760796,0.040505878465534655,0.6817814985468572
10917,19917,Low,Low,0.033143363268554334,0.9108111565999065,0.056045480131539184
3136,12136,High,High,0.9250372075512433,0.0349192412081153,0.04004355124064137
18114,27114,High,High,0.9312747798404332,0.029807983155735518,0.03891723700383136
24164,33164,Low,Low,0.03132567156683734,0.9354864027012901,0.03318792573187259
12572,21572,Medium,Medium,0.036743451302461434,0.04477982503895269,0.9184767236585859
6463,15463,Medium,Medium,0.030784819067485775,0.03025940608726894,0.9389557748452452
20438,29438,High,High,0.930492634635589,0.03477036325647793,0.0347370021079332
21190,30190,Medium,Medium,0.032816957323135075,0.03338005164621409,0.9338029910306508
25174,34174,Medium,Medium,0.03241629168628513,0.03291867298954281,0.934665035324172
385,9385,High,High,0.9372972004530556,0.029514045524558667,0.033188754022385754
19916,28916,Medium,Medium,0.03524647706092197,0.03219517783069162,0.9325583451083864
25527,34527,Medium,Medium,0.035201680003351804,0.08886913527193614,0.875929184724712
17564,26564,Low,Low,0.028886031828579434,0.9401847294783096,0.030929238693111077
32654,41654,Medium,Low,0.046850677968187614,0.6423882725859307,0.3107610494458817
33735,42735,Low,Low,0.03209216422992093,0.9192436838613749,0.048664151908704205
18830,27830,Low,Low,0.03070132576328265,0.9346177846081485,0.034680889628568884
25365,34365,Low,Low,0.031333923423355114,0.9365783219122813,0.032087754664363546
492,9492,High,High,0.938648538836938,0.028673548780439626,0.03267791238262241
39164,48164,Low,Low,0.032214083727820204,0.9341669508142201,0.03361896545795969
18995,27995,Medium,Medium,0.03176942479632467,0.03246060726529492,0.9357699679383803
4522,13522,Low,Low,0.031709375443915604,0.9356808799355983,0.032609744620486034
8868,17868,High,High,0.9353632865289994,0.02994680779870068,0.03468990567229984
26885,35885,Medium,Medium,0.02994896775004252,0.030527755861832966,0.9395232763881246
27437,36437,Medium,Medium,0.044437954189770285,0.04002522215411506,0.9155368236561147
8797,17797,Medium,Medium,0.029818643341367496,0.030245302259207577,0.9399360543994248
26818,35818,Low,Low,0.029743795947857022,0.9370667256970503,0.033189478355092644
3171,12171,Low,Low,0.03393128154399994,0.9323928371218978,0.03367588133410213
27222,36222,Medium,Medium,0.03386864874802423,0.03476186136144867,0.931369489890527
21239,30239,Low,Low,0.031959996033255014,0.9341762466200558,0.033863757346688984
9386,18386,Medium,Medium,0.03263008811819664,0.033149272763209274,0.934220639118594
28081,37081,Low,Low,0.032137830965422824,0.9326844726800516,0.03517769635452563
32584,41584,High,High,0.9271675573015014,0.03028553992889633,0.04254690276960243
15076,24076,Medium,Medium,0.0303113404373819,0.0321739717611093,0.9375146878015088
35733,44733,Low,Low,0.029972954390460254,0.9360406865713328,0.033986359038206924
9974,18974,High,High,0.9380098586735559,0.03032489400262604,0.03166524732381806
15364,24364,Medium,Medium,0.03373168002124508,0.031940691623781076,0.934327628354974
34162,43162,High,High,0.924054354316762,0.03091580940132176,0.045029836281916175
2685,11685,Low,Low,0.029079524156865332,0.9383252434941083,0.032595232349026275
38901,47901,Medium,High,0.919876926564971,0.03266508920818645,0.04745798422684249
28766,37766,High,High,0.9254026245171336,0.03570104064830657,0.03889633483455975
39237,48237,Medium,Medium,0.034411384938232877,0.034901855843829134,0.930686759217938
32566,41566,High,High,0.9303864950217018,0.031541150894128865,0.038072354084169285
8631,17631,Low,Low,0.03712566963387136,0.9292879841240825,0.03358634624204623
3673,12673,Medium,Medium,0.0327256911134916,0.03070676378311621,0.9365675451033922
39065,48065,High,High,0.9272665587384591,0.03307695973868216,0.03965648152285872
22391,31391,Medium,Medium,0.03157595846256389,0.031564975479284184,0.936859066058152
35339,44339,Medium,Medium,0.04339160305492057,0.18767854624977653,0.768929850695303
36141,45141,High,High,0.9314233846448968,0.03098532279949528,0.037591292555608
22674,31674,Medium,Medium,0.032816154184163455,0.03159858250611611,0.9355852633097204
36337,45337,Medium,Medium,0.03514065689169905,0.03404091435029644,0.9308184287580046
12451,21451,High,High,0.9261929849047817,0.03457933885767522,0.039227676237542954
17650,26650,Medium,Medium,0.035586820997016495,0.0414720332902804,0.9229411457127031
2363,11363,Medium,Medium,0.03136986283911393,0.03193574855669016,0.9366943886041961
24729,33729,High,High,0.9349888484951446,0.03247543505327838,0.032535716451576956
29678,38678,Medium,Medium,0.03185484457696563,0.030285755996907766,0.9378593994261265
33595,42595,Low,Low,0.043420147332559576,0.6138928551379444,0.34268699752949594
27668,36668,Medium,Medium,0.03324409702877947,0.034317588181317214,0.9324383147899034
38,9038,Medium,Medium,0.03723789993347563,0.0370586933932377,0.9257034066732867
8730,17730,High,High,0.9331738813033255,0.03314576145285059,0.03368035724382399
15677,24677,Medium,Medium,0.03279413806034633,0.03185584867748076,0.9353500132621728
33734,42734,Medium,Medium,0.029747747963421736,0.03251618225529601,0.9377360697812823
39001,48001,Low,Low,0.029883350351425586,0.9380045793662143,0.03211207028236031
25577,34577,Medium,High,0.9385943290994078,0.030082801698244926,0.03132286920234737
1396,10396,Medium,Medium,0.030894568423692082,0.031348776559740006,0.9377566550165679
10776,19776,High,High,0.9341758115218354,0.031542084407420616,0.03428210407074398
27258,36258,High,Medium,0.03220056243802017,0.03041959847854846,0.9373798390834313
28368,37368,High,High,0.9361578009138998,0.03061154970373953,0.033230649382360665
33183,42183,Medium,Medium,0.03499128803551907,0.034150047031160154,0.9308586649333207
26649,35649,High,High,0.9285030304386956,0.033425942137379865,0.03807102742392451
14160,23160,Medium,Medium,0.03210733360273225,0.03209029604626947,0.9358023703509982
23103,32103,Medium,Medium,0.03091652553670962,0.0324554247927501,0.9366280496705404
21706,30706,High,High,0.9359378717690348,0.028973951660520844,0.03508817657044443
33271,42271,Medium,Medium,0.03153518088845534,0.032015381442151984,0.9364494376693928
11411,20411,High,High,0.9281579516980666,0.0345667507100639,0.03727529759186953
24499,33499,Medium,Medium,0.03031325545976435,0.0310682369666227,0.938618507573613
22636,31636,Low,Low,0.03219241161580098,0.93121622128219,0.036591367102009
13519,22519,High,High,0.9373981209168313,0.030379093867173957,0.03222278521599483
31549,40549,Medium,Medium,0.031748780329143966,0.03029188031774741,0.9379593393531085
979,9979,Medium,Medium,0.037874892444720525,0.03183585225176474,0.9302892553035148
6248,15248,Low,Low,0.0322594178310302,0.9325087578444227,0.03523182432454717
21610,30610,Medium,Medium,0.03389553828857333,0.03569492163521736,0.9304095400762092
2444,11444,Medium,Medium,0.0332241667934556,0.03658281782515536,0.9301930153813891
497,9497,Low,Low,0.03613785188230322,0.8907405036574169,0.07312164446027997
33963,42963,High,High,0.932648657893384,0.031569675226949534,0.03578166687966644
7060,16060,Medium,Medium,0.03126527520533909,0.03071275911723989,0.9380219656774211
14680,23680,Medium,Medium,0.03774424927964252,0.03897248302131537,0.923283267699042
11393,20393,Medium,Medium,0.033784309944398565,0.03301794095871903,0.9331977490968825
11354,20354,Medium,Medium,0.03455139807550883,0.0325699304986286,0.9328786714258626
23160,32160,High,High,0.937070161317286,0.0301548442188512,0.032774994463862776
19497,28497,Medium,Medium,0.031319546838157956,0.031289758021700795,0.9373906951401413
17416,26416,Medium,Medium,0.03287585478904497,0.0316847565497022,0.9354393886612528
20028,29028,High,High,0.9323361554070934,0.033147303231742885,0.03451654136116373
18271,27271,Medium,Medium,0.031594432057472525,0.03317948730536415,0.9352260806371633
25370,34370,Medium,Medium,0.032371837762253775,0.03476066978147323,0.932867492456273
10582,19582,Medium,Medium,0.032478904438877985,0.031848449069835534,0.9356726464912866
31575,40575,Medium,Medium,0.03059366222010158,0.03344893209936383,0.9359574056805346
35518,44518,High,High,0.9329814390619471,0.03210901006685077,0.03490955087120224
35954,44954,Medium,Medium,0.03534895384402873,0.13265033439690116,0.8320007117590702
31004,40004,High,High,0.9339942160625933,0.03050846469766168,0.035497319239745105
4407,13407,Low,Low,0.03336903882370268,0.8850732620031557,0.08155769917314169
33730,42730,Medium,Medium,0.03269866670803943,0.03200761714196094,0.9352937161499996
32665,41665,Medium,Medium,0.045696894332933585,0.04388898600793306,0.9104141196591334
29831,38831,Medium,Medium,0.030398581756104954,0.029448946307849957,0.9401524719360451
10229,19229,Low,Low,0.03190620579348232,0.9324238656927006,0.03566992851381722
19653,28653,Medium,Medium,0.03117145268879105,0.030208168311314208,0.9386203789998947
15323,24323,Low,Low,0.0429113809867633,0.5159428237350502,0.4411457952781866
16902,25902,Low,Low,0.03174081667200776,0.9239521851213987,0.04430699820659357
3046,12046,Medium,Medium,0.03042806396567611,0.03023579233295062,0.9393361437013733
2177,11177,Low,Low,0.02969110268038866,0.9365204161613706,0.03378848115824077
9211,18211,Low,Low,0.03856009823493052,0.926423506705856,0.035016395059213466
9351,18351,Low,Low,0.04376020639000209,0.696786664762494,0.25945312884750393
34861,43861,High,Medium,0.031172844666392734,0.03051305849811639,0.9383140968354909
27380,36380,Low,Low,0.03361883009690524,0.9288097480277105,0.037571421875384294
19327,28327,Medium,Medium,0.034686220967353486,0.0333180888778001,0.9319956901548464
31586,40586,Medium,Medium,0.04026955422142189,0.03413711899314332,0.9255933267854347
28292,37292,High,High,0.9347477842531443,0.030883012210646252,0.03436920353620932
162,9162,Medium,Medium,0.03332719621564956,0.03308168374057598,0.9335911200437744
6337,15337,Medium,Medium,0.031473806506684236,0.0349524220721002,0.9335737714212154
23987,32987,Medium,Medium,0.032211404242676815,0.0486853178536663,0.9191032779036569
25446,34446,Low,Low,0.03121687166143483,0.9317959176096421,0.036987210728923164
5173,14173,High,Medium,0.03361768098218896,0.0325557383551757,0.9338265806626355
36019,45019,Medium,Medium,0.03351612718115971,0.03725866920690608,0.9292252036119342
13010,22010,Medium,Low,0.032365264122526,0.8713132806058136,0.09632145527166032
3928,12928,Low,Low,0.03186934161986196,0.9150985162577521,0.053032142122385974
18892,27892,Medium,Medium,0.031564981322196144,0.030882745763802077,0.9375522729140018
12496,21496,High,High,0.9305257848253771,0.03276454272084464,0.036709672453778215
120,9120,High,High,0.9320568517020941,0.031054563137242197,0.03688858516066378
20744,29744,Medium,Medium,0.03024731666102991,0.030791413078957747,0.9389612702600124
33368,42368,Low,Low,0.030873137605504367,0.935557088135328,0.033569774259167594
8245,17245,Medium,Medium,0.03689516426740525,0.031818442745253785,0.931286392987341
15554,24554,High,High,0.9392513084629353,0.029215868465207014,0.0315328230718577
11584,20584,Medium,Medium,0.03135635209182167,0.0311550247826569,0.9374886231255215
12771,21771,Medium,Medium,0.034071196472999395,0.03440573907054805,0.9315230644564525
34682,43682,Medium,Medium,0.03186606584785898,0.03531437749273316,0.9328195566594079
6965,15965,Medium,Medium,0.03184538521412975,0.030782251852253136,0.9373723629336171
26218,35218,Medium,Medium,0.03423939345256808,0.034050587983297416,0.9317100185641345
36166,45166,Low,Low,0.03398864019590516,0.9243116111338878,0.04169974867020689
27298,36298,Low,Low,0.04726224690826499,0.91967100337664,0.03306674971509497
30011,39011,Medium,Medium,0.03866201915286697,0.03752819237589792,0.9238097884712352
1527,10527,High,High,0.9321309357953395,0.030924604530333483,0.03694445967432712
21408,30408,Medium,Medium,0.033181817930573836,0.03151028722621763,0.9353078948432086
34454,43454,Low,Low,0.03196932565654797,0.9257169434626739,0.04231373088077811
26505,35505,High,High,0.935685731549344,0.030304390366836253,0.03400987808381976
1071,10071,Medium,Medium,0.03332820048917974,0.031892046108243595,0.9347797534025767
23769,32769,Medium,Medium,0.031143786009455828,0.03500894891435399,0.9338472650761903
1605,10605,Medium,Medium,0.03385460163179455,0.03323644872177134,0.9329089496464341
15440,24440,Medium,Medium,0.0339546481906396,0.03318235914193627,0.9328629926674242
25352,34352,Medium,Medium,0.02983980206925785,0.030779823456113714,0.9393803744746284
15240,24240,Medium,Medium,0.03914069291839509,0.03382900016826267,0.9270303069133422
28478,37478,Medium,Medium,0.029985717035914645,0.029318979596089336,0.9406953033679959
14647,23647,Medium,Medium,0.034451232610356854,0.032640806976865645,0.9329079604127775
13532,22532,Medium,Medium,0.03159716693784693,0.03047717232747757,0.9379256607346754
12069,21069,Medium,Medium,0.033334776484562734,0.035588066831757005,0.9310771566836803
29305,38305,Low,Low,0.03851564331522042,0.9211686335562074,0.04031572312857223
29453,38453,High,High,0.9331352091262138,0.030749536511345415,0.036115254362440674
33616,42616,Medium,Medium,0.030366657745367637,0.03235253252930897,0.9372808097253232
23111,32111,Medium,Medium,0.031977488968187195,0.031399508121838476,0.9366230029099744
7642,16642,High,High,0.9256161314062651,0.03643395644684098,0.03794991214689399
33151,42151,Medium,Medium,0.03167114914286726,0.031007472698023675,0.9373213781591091
28818,37818,Medium,Medium,0.03209794659411381,0.03167234727989599,0.9362297061259901
2065,11065,Low,Low,0.030857573871590036,0.9333383757323013,0.03580405039610865
29300,38300,Low,Low,0.033832400569650166,0.9323994231994793,0.03376817623087045
29282,38282,Medium,Medium,0.03382197616011582,0.03302464770562862,0.9331533761342555
31187,40187,High,High,0.9309433929768492,0.03380260214943868,0.03525400487371207
30573,39573,Medium,Medium,0.0371231053787073,0.04499055123324814,0.9178863433880444
19518,28518,Medium,Medium,0.036978642235155255,0.034226988524219105,0.9287943692406256
6384,15384,Low,Low,0.030233455228750847,0.9376875478918759,0.032078996879373274
16164,25164,High,Low,0.03156469642786398,0.9312999775143611,0.03713532605777491
21884,30884,Medium,Medium,0.03386562337774595,0.039920212728335645,0.9262141638939184
39759,48759,Medium,Medium,0.034248360822904785,0.033807858924078095,0.9319437802530172
22311,31311,High,High,0.9324905481056215,0.03153437192256216,0.03597507997181631
39503,48503,High,Medium,0.05896041340490787,0.03607999071570239,0.9049595958793897
12276,21276,Medium,Medium,0.03286258917633694,0.032471559670044586,0.9346658511536186
125,9125,Medium,Medium,0.03170279236462731,0.03877252341799238,0.9295246842173802
24742,33742,Low,Low,0.033081169255819436,0.930898150221882,0.03602068052229851
34806,43806,Low,High,0.9323600823688015,0.034020929232142,0.033618988399056526
24334,33334,High,Medium,0.03393615249852872,0.031417072308337284,0.934646775193134
37172,46172,Medium,Medium,0.033988816533397595,0.036888511124223235,0.9291226723423792
38026,47026,Low,Low,0.030456570857839343,0.9287984834269105,0.040744945715250225
23585,32585,Low,Low,0.03057354267272779,0.9380966606558321,0.03132979667144014
23445,32445,Low,Low,0.03281085811905974,0.9255394150911997,0.04164972678974047
31108,40108,High,High,0.9394530053069104,0.029433602086229322,0.031113392606860236
5584,14584,Low,Low,0.04407873916526959,0.9066088204068796,0.049312440427850886
35593,44593,High,High,0.9381046939139974,0.029329952735700746,0.032565353350301966
27609,36609,High,High,0.8702468542977547,0.03494962627554277,0.09480351942670251
20870,29870,High,Medium,0.032193268813013674,0.031657926741861346,0.9361488044451249
6733,15733,Low,Low,0.02933133327937196,0.9389244048303526,0.03174426189027546
31267,40267,High,High,0.9385985075500304,0.029258956491837726,0.03214253595813188
11043,20043,Low,Low,0.030327479148419784,0.9351928968335518,0.03447962401802833
6377,15377,High,High,0.9385964071061967,0.029095328563509573,0.032308264330293705
35409,44409,Medium,Medium,0.031464844020685605,0.0304693137373464,0.938065842241968
3001,12001,Low,Low,0.03219859030748613,0.9341064888059831,0.03369492088653081
20314,29314,High,High,0.9343529912532031,0.030610039870116703,0.03503696887668011
22672,31672,Medium,Medium,0.04252607748438058,0.06938977883711642,0.888084143678503
16992,25992,Low,Low,0.03535022772000826,0.5968834877095096,0.36776628457048216
22293,31293,High,High,0.9375409446346988,0.029465611825621688,0.03299344353967951
20303,29303,High,High,0.9355696147337924,0.03334575941121229,0.031084625854995367
1345,10345,Low,Low,0.029459747875846747,0.9296255748635393,0.040914677260613826
26510,35510,Medium,Medium,0.049601914334217186,0.08272119528755502,0.8676768903782278
30543,39543,Low,Low,0.029419529391296495,0.9394624911597785,0.031117979448924846
21197,30197,Medium,Medium,0.04015783064431062,0.037399082717752656,0.9224430866379367
18891,27891,High,High,0.926963257440153,0.038838987389231625,0.03419775517061544
1129,10129,Low,Low,0.03961631056119476,0.924039539295677,0.0363441501431284
35579,44579,Medium,Medium,0.03251849407310383,0.03201054980293274,0.9354709561239635
34859,43859,Medium,Medium,0.03126154357918679,0.03106726431076942,0.9376711921100438
10026,19026,Low,Low,0.0324366489714572,0.9284508566588462,0.039112494369696583
8891,17891,Low,Low,0.029369299153534326,0.9366947298001094,0.033935971046356324
2705,11705,Medium,Medium,0.04004808439844188,0.03628399051260372,0.9236679250889543
10554,19554,High,High,0.9318268333725218,0.03524397576379159,0.03292919086368668
2464,11464,High,High,0.930306400795132,0.0329662656113163,0.03672733359355157
25802,34802,Medium,Medium,0.0325928620454159,0.030817924670553647,0.9365892132840306
25125,34125,Medium,Medium,0.0315954748812965,0.031567246526634445,0.9368372785920691
1380,10380,High,High,0.9378461077560494,0.029356736331304117,0.032797155912646585
19615,28615,Low,Low,0.03226341633895194,0.926016292165019,0.04172029149602904
14347,23347,High,High,0.9338898459405588,0.03191309730128048,0.03419705675816065
1112,10112,Medium,Medium,0.03408579313871098,0.03500414432504721,0.9309100625362419
30158,39158,Medium,Medium,0.03467485099720164,0.06653233567984403,0.8987928133229542
6798,15798,Low,High,0.9351574383904918,0.03258846711171073,0.03225409449779736
30341,39341,Medium,Medium,0.030913652103401388,0.03101940007197281,0.9380669478246259
33942,42942,Low,Low,0.03400024806302978,0.9264154698115288,0.039584282125441315
26299,35299,High,High,0.9389336549071615,0.028942199347535766,0.032124145745302674
6454,15454,High,High,0.9327083124007752,0.032670025675072184,0.034621661924152745
21753,30753,Medium,Medium,0.0596459274631892,0.03983249851833725,0.9005215740184735
29708,38708,Low,Low,0.030333585775848982,0.9365723147683482,0.03309409945580278
2524,11524,Low,Medium,0.035340239007024155,0.03461766972337126,0.9300420912696046
22297,31297,High,High,0.9376428213038648,0.029820319844658712,0.032536858851476426
11292,20292,Low,Low,0.02951628800849984,0.9387252783945224,0.03175843359697778
28136,37136,Low,Medium,0.033828194597583204,0.031511998423937294,0.9346598069784795
9474,18474,Medium,Medium,0.036966056436915966,0.03775946303857494,0.9252744805245091
1496,10496,Medium,Medium,0.03222436348000792,0.030739786892169736,0.9370358496278225
20065,29065,Low,Low,0.03678739397534673,0.9243672405006205,0.03884536552403292
20600,29600,Low,Low,0.03128933229289988,0.9342864453392404,0.03442422236785968
31102,40102,High,High,0.9286179390183359,0.036619815717140174,0.03476224526452396
14369,23369,Medium,Medium,0.03147294560806626,0.030922551886711086,0.9376045025052226
732,9732,High,High,0.930082651408012,0.037063406032634076,0.032853942559353796
16491,25491,High,High,0.9383222964550896,0.029321919003210368,0.032355784541700155
26612,35612,High,High,0.9224807178339107,0.03579441546309684,0.04172486670299244
28394,37394,Medium,Medium,0.03012038583569569,0.029544686891952842,0.9403349272723515
12371,21371,Medium,Medium,0.03143263644052886,0.03275128447574175,0.9358160790837293
13047,22047,High,Medium,0.031017883333382956,0.030510905094868812,0.9384712115717483
38133,47133,Low,Low,0.04166489527858578,0.9121562326527627,0.04617887206865152
33355,42355,Medium,Medium,0.03283485358735702,0.031512678198964326,0.9356524682136786
11990,20990,High,High,0.9351817381552575,0.03259118364065026,0.03222707820409213
35421,44421,Medium,Medium,0.0348886511312542,0.030241688270385588,0.9348696605983601
2698,11698,High,High,0.936812776495905,0.030372719125191752,0.03281450437890344
17792,26792,High,High,0.9323961115763657,0.033803928913109314,0.03379995951052495
5612,14612,High,High,0.9355144964554939,0.031750680125435075,0.03273482341907118
16213,25213,Medium,Medium,0.03410434044342655,0.03261809180215632,0.9332775677544172
3703,12703,Medium,Medium,0.03322874328118605,0.032694292880940036,0.934076963837874
20239,29239,Medium,Medium,0.0360580578480002,0.042438114546060696,0.9215038276059392
37599,46599,High,High,0.9356858341457647,0.03074895684288127,0.03356520901135421
15,9015,High,High,0.9336976884852302,0.031770377919556815,0.03453193359521312
10622,19622,Medium,Medium,0.033762918292760215,0.03548238411474064,0.9307546975924992
13772,22772,Medium,Medium,0.033915217335514475,0.03377750186709734,0.9323072807973882
24390,33390,High,High,0.8887883789635374,0.04106713910314292,0.07014448193331974
36216,45216,Medium,Medium,0.032732847737455446,0.03339959095621511,0.9338675613063293
23513,32513,High,High,0.931008688554471,0.034526031931318174,0.034465279514210766
27920,36920,Medium,Medium,0.17561211866134344,0.038537154600795064,0.7858507267378615
35234,44234,Low,Low,0.029350495417067708,0.9375827989402815,0.03306670564265077
19677,28677,High,Medium,0.03239531929391531,0.03254387313912575,0.935060807566959
6161,15161,Low,Low,0.029154556127152263,0.9388839106661742,0.0319615332066735
25769,34769,High,High,0.9179259868459035,0.0419169067962827,0.040157106357813686
26281,35281,Medium,Low,0.0327904952839805,0.8858208712289914,0.08138863348702807
22213,31213,Medium,Medium,0.030959093293286208,0.02930996631065866,0.9397309403960551
17093,26093,High,High,0.9302652723962885,0.03559978699079929,0.034134940612912154
30033,39033,Low,Low,0.032653463603684395,0.9225709162384236,0.04477562015789199
30916,39916,Low,Low,0.03276761474752952,0.9298340584099644,0.037398326842506095
17250,26250,Medium,Medium,0.042863253802679746,0.032698683991783224,0.924438062205537
23290,32290,High,High,0.9381082461981801,0.029384413276808685,0.03250734052501122
14690,23690,High,High,0.9345616117356553,0.03191306829004033,0.03352531997430432
31559,40559,Low,Low,0.030940341754660622,0.9314050605175096,0.03765459772782993
35342,44342,Low,Low,0.03152090587704963,0.9352212372026899,0.03325785692026045
33488,42488,Medium,Medium,0.036049609926046035,0.03458010626657974,0.9293702838073742
798,9798,High,High,0.937523230490973,0.02892199261876559,0.033554776890261366
30506,39506,Medium,Medium,0.03181340812223445,0.03182776453661127,0.9363588273411542
22307,31307,Low,Low,0.03213054179806242,0.9187531198399673,0.049116338361970296
714,9714,Medium,High,0.9375778084437835,0.0294649084129546,0.03295728314326197
527,9527,High,High,0.9369388502714399,0.03109061194358877,0.0319705377849714
34718,43718,Low,Low,0.034489542808712914,0.7861455712172295,0.17936488597405756
11509,20509,Medium,Medium,0.03127642052783109,0.030609939241349762,0.9381136402308191
32760,41760,High,High,0.9380208661033705,0.029183821906143066,0.03279531199048638
16197,25197,High,Low,0.0305789452704561,0.9367592250904776,0.03266182963906638
14121,23121,Low,Medium,0.032285928073584366,0.03427576716737359,0.9334383047590421
35759,44759,Medium,Medium,0.029430479636125956,0.028886769098121212,0.9416827512657528
9635,18635,Medium,Medium,0.032694619192184436,0.031257533697053926,0.9360478471107615
15750,24750,High,High,0.925486730912538,0.035779083015059776,0.03873418607240222
119,9119,Medium,Medium,0.030515421549464492,0.031088136409902878,0.9383964420406327
23262,32262,Medium,Medium,0.030761896469063254,0.03326054583250105,0.9359775576984357
27288,36288,Medium,Medium,0.03318639586400673,0.033563777116593495,0.9332498270193997
24239,33239,Low,Low,0.030395221721535127,0.9364459638568882,0.03315881442157675
28375,37375,High,Low,0.02981591561769445,0.938037561483232,0.03214652289907349
7754,16754,Medium,Medium,0.0386714534031997,0.037020132128074736,0.9243084144687256
23817,32817,Medium,Medium,0.053506274292112466,0.048283398106730095,0.8982103276011575
32471,41471,Medium,Medium,0.04916157189259612,0.04298777916504499,0.9078506489423589
19487,28487,Low,Low,0.04196964151403154,0.8872081057121317,0.07082225277383675
18123,27123,Low,Medium,0.0302384999568564,0.030848597364530633,0.9389129026786129
37887,46887,High,High,0.924828688305895,0.03360442536297222,0.04156688633113268
12018,21018,Medium,Medium,0.03389301543198628,0.03145776879681722,0.9346492157711966
7443,16443,Medium,Medium,0.05524885477020417,0.03224003843379545,0.9125111067960003
9452,18452,High,High,0.9295629088063153,0.03654208691030203,0.033895004283382706
16991,25991,Medium,Medium,0.03129866934693986,0.031083101226740312,0.9376182294263198
2062,11062,Medium,Medium,0.03567716203661508,0.03201824817855519,0.9323045897848298
11552,20552,Medium,Low,0.0295138944910095,0.9390764553537813,0.03140965015520933
16402,25402,Low,Low,0.031332802506693506,0.9345280173259066,0.03413918016739988
7573,16573,Low,Low,0.032753302144677414,0.9271298934375257,0.04011680441779675
14395,23395,Medium,Medium,0.03442881142317035,0.033881203201166665,0.9316899853756632
6802,15802,Medium,Medium,0.03314835551155456,0.03328387944801998,0.9335677650404254
15351,24351,Medium,Medium,0.031272117801870704,0.03122822899460478,0.9374996532035246
21152,30152,Low,Low,0.03119956991649614,0.9369866531907283,0.03181377689277564
15134,24134,Medium,Medium,0.0331546379263244,0.03355354289093381,0.9332918191827417
4645,13645,High,High,0.9329504094383116,0.031241064015066308,0.035808526546621984
28178,37178,Low,High,0.8848650644199978,0.033643272267423724,0.08149166331257843
28675,37675,Medium,Medium,0.03264817884050191,0.03213918185479428,0.9352126393047038
3331,12331,Low,Low,0.03164325129453303,0.9353739295878004,0.032982819117666595
30731,39731,Medium,Medium,0.03777901191447083,0.032460207915791954,0.9297607801697372
30854,39854,High,High,0.9091072116212991,0.03871975456226071,0.05217303381644021
9481,18481,Medium,Medium,0.032956703978622125,0.03454092611222714,0.9325023699091508
28924,37924,High,High,0.9365889323597923,0.031120890551780717,0.03229017708842705
29158,38158,Medium,Medium,0.03160207446444257,0.03140911673094595,0.9369888088046116
33774,42774,High,High,0.9372169684938784,0.030650121489399756,0.032132910016721826
28833,37833,High,High,0.9344792167509649,0.031104418325742084,0.034416364923292905
9658,18658,Low,High,0.9189091709676639,0.03205215379722755,0.04903867523510854
7241,16241,High,High,0.9270425310598442,0.0321286523811821,0.040828816558973614
5203,14203,Medium,Medium,0.030148895402386865,0.032382210793109614,0.9374688938045036
23055,32055,Medium,Medium,0.03435355114926667,0.03334463144646397,0.9323018174042693
23423,32423,Medium,Medium,0.040368967233458015,0.03482092971208422,0.9248101030544578
20752,29752,Medium,Medium,0.029157838487692846,0.03109492122985018,0.939747240282457
5762,14762,Medium,Medium,0.03857939796885768,0.033364810742047724,0.9280557912890947
4567,13567,Low,High,0.9334317147815842,0.031201048840452453,0.03536723637796338
21069,30069,High,High,0.9345670503564328,0.03198228859094807,0.033450661052619166
16556,25556,Low,Low,0.037031048491885404,0.906483529536526,0.05648542197158854
7362,16362,Medium,Medium,0.03702191160131785,0.3707816766622886,0.5921964117363935
27781,36781,Medium,Medium,0.0338635844002032,0.040199821613815495,0.9259365939859814
38809,47809,Medium,Medium,0.03275513568700377,0.03281583762387787,0.9344290266891183
22204,31204,Medium,High,0.5236662226286786,0.05121020308860267,0.4251235742827187
16044,25044,Medium,Medium,0.03493661160791255,0.031461820806943264,0.9336015675851441
14515,23515,High,High,0.9272905954154692,0.034810332312047776,0.03789907227248301
21146,30146,Medium,Medium,0.031502167186765836,0.030752756279092675,0.9377450765341416
36275,45275,Low,Low,0.030858429573786494,0.9260094920100538,0.043132078416159715
36764,45764,Medium,Medium,0.036885026867691885,0.03321238245552786,0.9299025906767803
25551,34551,High,High,0.9359280173470804,0.03082694460938783,0.03324503804353173
4847,13847,Medium,Medium,0.03765383289648497,0.03241313969797085,0.9299330274055441
31927,40927,High,High,0.9367376763640819,0.02963686356416077,0.033625460071757374
29505,38505,Medium,Medium,0.038843586472776866,0.03008936639122017,0.9310670471360031
15717,24717,Medium,Medium,0.03141863406718929,0.03160550785432815,0.9369758580784825
36021,45021,Medium,Medium,0.031191353058967888,0.02890014883905,0.9399084981019822
2260,11260,Low,Low,0.030838524018268792,0.932769114149976,0.0363923618317552
6992,15992,Low,Low,0.031697801769200146,0.9257328748104173,0.042569323420382436
8862,17862,Low,Low,0.03606289755698435,0.9277353687502096,0.03620173369280618
11717,20717,Medium,Medium,0.03294962177829754,0.03815054185965395,0.9288998363620484
25201,34201,Medium,Medium,0.04178846210994557,0.03331383066165131,0.9248977072284031
3073,12073,Low,Low,0.038838061715230854,0.9297898424503916,0.031372095834377604
11245,20245,Medium,Medium,0.03470606024062523,0.03229610233602075,0.9329978374233541
30348,39348,Low,Low,0.03185954488554419,0.9344861628222555,0.03365429229220032
9881,18881,Medium,Medium,0.031845603379530046,0.0304800246436629,0.937674371976807
18196,27196,Medium,Medium,0.03579923195811016,0.03181891820610488,0.9323818498357849
28613,37613,Medium,Medium,0.03185075396480414,0.034754666310557805,0.9333945797246379
39915,48915,High,High,0.9280828008375703,0.03019375746231061,0.04172344170011916
25341,34341,Medium,Medium,0.032110872211984935,0.030587110318026897,0.9373020174699881
25999,34999,Medium,Medium,0.03065293826953962,0.02942621645021889,0.9399208452802416
18785,27785,Medium,Low,0.03857042918413531,0.5162437995043464,0.4451857713115183
33575,42575,Medium,Low,0.030979678795933635,0.9276226215483759,0.04139769965569032
10692,19692,Medium,Medium,0.03796188288414475,0.03754685056577498,0.9244912665500803
36127,45127,Low,Low,0.03221441463679015,0.9345400629470707,0.03324552241613924
20227,29227,Medium,Medium,0.03395973297914222,0.030797451751746686,0.9352428152691111
7556,16556,High,High,0.9262924229104854,0.03471157404320676,0.03899600304630783
38038,47038,Low,Low,0.031930060462002884,0.9318206506675192,0.0362492888704779
24681,33681,Low,Low,0.033700811841055014,0.9307465507998037,0.03555263735914128
11231,20231,Low,Low,0.0303723895742278,0.9361284917129661,0.03349911871280594
32261,41261,Low,Low,0.03273782127752295,0.9303931763832326,0.036869002339244346
10255,19255,Medium,Medium,0.030833734129370665,0.030730812534107102,0.9384354533365222
19704,28704,High,Medium,0.031411144588244684,0.031490681641823386,0.9370981737699319
17905,26905,Low,Low,0.034085538319181645,0.8343228259317815,0.13159163574903687
39177,48177,Low,Low,0.03971079411110168,0.9280155540371317,0.03227365185176662
3562,12562,Medium,Medium,0.04075029280730979,0.03406763241120595,0.9251820747814842
28761,37761,Medium,Medium,0.03083770487431013,0.028956852405341366,0.9402054427203484
12519,21519,Medium,Medium,0.03240161448662174,0.03338157675111767,0.9342168087622605
4421,13421,Medium,Medium,0.03651413206505846,0.033091089250396784,0.9303947786845447
89,9089,Medium,Medium,0.03156581991671904,0.029505488681297962,0.938928691401983
15974,24974,Low,Low,0.03557578605093751,0.9230686076848419,0.0413556062642206
33219,42219,Medium,Medium,0.03237528398247499,0.034446682942521435,0.9331780330750036
30088,39088,Medium,Medium,0.032540626669972934,0.029925030912571076,0.937534342417456
36200,45200,Medium,Medium,0.03110663909661736,0.030151407854067735,0.938741953049315
19731,28731,Medium,Medium,0.032396044666765496,0.03436775225791089,0.9332362030753236
9500,18500,High,High,0.921168174440373,0.031670717676527876,0.04716110788309907
15468,24468,Low,Low,0.028945101038869964,0.9394903122179268,0.03156458674320326
34975,43975,High,High,0.9280149108106869,0.0340408336110328,0.03794425557828038
19373,28373,High,High,0.9342353240815692,0.03191887751656108,0.03384579840186971
25171,34171,Low,Low,0.03292125878208322,0.9304732300062336,0.036605511211683275
37078,46078,Low,High,0.9377059408940455,0.030432081522763926,0.03186197758319082
17525,26525,High,High,0.9317357735314661,0.0343048449526657,0.03395938151586827
7544,16544,Low,Low,0.03858697719388184,0.9231022010102289,0.03831082179588924
3566,12566,Low,Low,0.0292313690465307,0.9376537310876086,0.03311489986586068
5844,14844,Medium,Medium,0.030510313453251465,0.0303613321892449,0.9391283543575036
16903,25903,Low,Low,0.030117823187043924,0.9378068597499678,0.03207531706298823
16800,25800,Low,Low,0.03180977508891695,0.9330853950536023,0.035104829857480806
1474,10474,Low,Medium,0.04286443518757449,0.3661797308793086,0.5909558339331169
3675,12675,Low,Low,0.037895076184192356,0.9295870617534415,0.03251786206236617
10065,19065,Medium,Medium,0.03365059602091571,0.0373008522982152,0.9290485516808692
3672,12672,Medium,Low,0.03613420877600604,0.7951987933956203,0.16866699782837383
29731,38731,Medium,Medium,0.030720775695963178,0.032374832930933316,0.9369043913731036
25659,34659,High,Medium,0.03227060591642641,0.031003373556726263,0.9367260205268474
14149,23149,Medium,Medium,0.03181098192093101,0.031234348402649048,0.93695466967642
35243,44243,Medium,Medium,0.030526076275380884,0.031512994659564385,0.9379609290650547
20926,29926,Medium,Medium,0.035638545928363734,0.03415513642948387,0.9302063176421523
23850,32850,High,High,0.9396230843476986,0.029184994640980146,0.031191921011321275
38056,47056,Medium,Medium,0.034038659320984675,0.03462141372052706,0.9313399269584882
22969,31969,High,High,0.9374427072128406,0.02995898211502419,0.032598310672135165
28287,37287,Medium,High,0.9367036525705865,0.029686594540546538,0.03360975288886686
33988,42988,Medium,Medium,0.031023046666936577,0.03682686603688665,0.9321500872961769
19376,28376,High,High,0.9384646792941344,0.029806049147607528,0.0317292715582582
22263,31263,High,High,0.9365994881287582,0.02939406125403755,0.03400645061720428
27278,36278,Medium,Medium,0.04107169415694519,0.03500105969309013,0.9239272461499647
36310,45310,Medium,Medium,0.0341843987609383,0.03659664274743327,0.9292189584916284
17691,26691,Low,Low,0.03569748108697662,0.9308434613442965,0.03345905756872682
37578,46578,Low,Low,0.03182759874317159,0.9349532957288794,0.03321910552794907
4559,13559,Low,Low,0.04356971203788202,0.9112623036133098,0.045167984348808095
32487,41487,Medium,Medium,0.03251881786554724,0.02996722590787378,0.937513956226579
20911,29911,Medium,Medium,0.0316393865155948,0.03165074186768346,0.9367098716167216
25478,34478,Medium,Medium,0.03351798357765991,0.04024932875746836,0.9262326876648718
25738,34738,Medium,Medium,0.03238032546861485,0.036184491631572085,0.931435182899813
39362,48362,Medium,Medium,0.03421084766272473,0.03344492257916207,0.9323442297581132
10307,19307,High,High,0.9357880303401966,0.030154608124193138,0.034057361535610314
35671,44671,Medium,Medium,0.0340740255421401,0.03743629637774238,0.9284896780801176
30672,39672,Medium,Medium,0.03094550604770217,0.029500033442579815,0.939554460509718
14939,23939,Medium,Medium,0.034012470376262406,0.03562690583170063,0.930360623792037
4244,13244,Medium,Medium,0.036883448296077766,0.03421937808815737,0.928897173615765
21272,30272,Medium,Medium,0.03275575541616401,0.030567806427257208,0.9366764381565789
29096,38096,Medium,Medium,0.029664801354505093,0.030714387086329394,0.9396208115591657
1320,10320,Low,Medium,0.04102671625111605,0.22543722025240284,0.733536063496481
5607,14607,Medium,Medium,0.03479982448580851,0.033747681883036514,0.9314524936311551
13344,22344,High,High,0.934517707619889,0.03194648516788514,0.03353580721222589
23314,32314,Medium,Medium,0.03258368605659181,0.03649379639899054,0.9309225175444177
22445,31445,Low,Low,0.03210619946126264,0.9334364864909016,0.034457314047835835
24171,33171,Low,Low,0.05113074548055874,0.9094326900876251,0.03943656443181629
16251,25251,High,High,0.9369280807094253,0.030739501267705232,0.032332418022869375
36241,45241,Low,Low,0.03937817461729744,0.9167743575559358,0.04384746782676648
18186,27186,Medium,Medium,0.04064363689766035,0.03556636721848058,0.9237899958838591
5511,14511,Medium,Medium,0.38394129469213184,0.05076537104600265,0.5652933342618655
25187,34187,High,High,0.9375018930812322,0.029526461743917914,0.03297164517484976
20677,29677,Medium,Medium,0.0338391261302379,0.03328876010877338,0.9328721137609888
32616,41616,Medium,Medium,0.03677717587227385,0.15895779551847186,0.8042650286092542
25028,34028,Medium,Medium,0.029283153042552936,0.02929882439950277,0.9414180225579442
32948,41948,Medium,High,0.9264747401948458,0.036777017455393614,0.036748242349760644
8863,17863,Medium,Medium,0.03455406937430239,0.032455907729056564,0.9329900228966411
37516,46516,High,High,0.9367357455755737,0.030678013849514126,0.03258624057491224
28643,37643,Low,Medium,0.030955209868303118,0.03067393399040928,0.9383708561412876
18837,27837,Medium,Medium,0.04080065669321956,0.03077120134219799,0.9284281419645826
17490,26490,High,High,0.9384836641550508,0.029455265781488688,0.032061070063460505
5757,14757,Medium,High,0.9368209990239224,0.02990398415744348,0.03327501681863409
19063,28063,Low,Low,0.028966266420018386,0.9380199912121464,0.033013742367835185
13128,22128,Medium,Medium,0.038928850501062096,0.038357281634548095,0.9227138678643899
30932,39932,Medium,High,0.938527451874274,0.02923313234668141,0.032239415779044524
31547,40547,High,High,0.9384547651584126,0.029739340060289967,0.031805894781297354
29230,38230,Medium,Medium,0.033674731609002063,0.04756593879269674,0.9187593295983012
9592,18592,High,High,0.9335179990598798,0.03415483690653597,0.03232716403358424
36010,45010,Medium,Medium,0.15808402691042886,0.037090755865257494,0.8048252172243138
25981,34981,Low,Low,0.03953043270671044,0.8861609039332324,0.07430866336005722
37642,46642,High,High,0.9269560169214656,0.03228187832549817,0.04076210475303628
33359,42359,Low,Low,0.031213624021844313,0.9351980638282779,0.03358831214987795
32217,41217,Low,Low,0.03599926202239188,0.9205382084142574,0.04346252956335068
23801,32801,High,Medium,0.03231370059044538,0.036118482459871905,0.9315678169496827
14967,23967,Medium,Medium,0.030442275024071614,0.03053660952703159,0.9390211154488967
20291,29291,High,High,0.9257455008140839,0.03815604187013628,0.036098457315779826
38443,47443,High,High,0.9376451560500859,0.029740068028032484,0.03261477592188172
33980,42980,Medium,Medium,0.03998203851789949,0.03229282502696055,0.9277251364551399
36419,45419,Medium,Medium,0.05251909990176588,0.04536878342878001,0.902112116669454
19572,28572,Medium,Medium,0.03747901226373224,0.03346482335474344,0.9290561643815244
34021,43021,Medium,Medium,0.03704304405319758,0.03878820422101493,0.9241687517257874
16226,25226,Medium,Medium,0.035342589492009656,0.03463952096583234,0.930017889542158
11117,20117,Medium,Medium,0.03419019244560795,0.03421529494647773,0.9315945126079144
18381,27381,Low,Low,0.031638377331057226,0.9318858385188252,0.03647578415011771
31581,40581,High,High,0.9283814887057148,0.03305537209924286,0.03856313919504234
36714,45714,Low,Low,0.03821689838257229,0.613204166422331,0.34857893519509675
36945,45945,Low,Low,0.04140580212480757,0.9248087623007927,0.0337854355743999
25860,34860,Low,Low,0.03924588966403041,0.9252335041669473,0.03552060616902223
12048,21048,Medium,Medium,0.030325509696228575,0.03238991518621774,0.9372845751175537
19458,28458,Low,Low,0.03250453083650257,0.9080263750632612,0.05946909410023621
27627,36627,High,High,0.9349858325280248,0.030869624828474846,0.0341445426435004
35882,44882,Medium,Medium,0.031781254159488216,0.030131123960473016,0.9380876218800388
18268,27268,Medium,Medium,0.039201289565728784,0.03318738434571623,0.927611326088555
31014,40014,Low,Low,0.029513540791529694,0.9351223398630047,0.03536411934546558
38643,47643,Medium,Medium,0.03382980050089202,0.03222461770124107,0.9339455817978669
9449,18449,Medium,Medium,0.03370087571306005,0.03278578150839024,0.9335133427785496
6310,15310,Low,Low,0.030612106995454375,0.934075047956833,0.0353128450477126
25554,34554,Medium,Medium,0.034377728191376654,0.0314343061625374,0.934187965646086
23306,32306,High,High,0.9100189862619249,0.043328205263604695,0.04665280847447048
7717,16717,High,High,0.9328618470095567,0.031242091207312417,0.03589606178313104
8775,17775,Medium,Medium,0.03479512797602844,0.06440784659916417,0.9007970254248073
15662,24662,Low,Low,0.030811791864409608,0.9353928967056367,0.03379531142995356
6705,15705,High,Low,0.04678444547388042,0.9186725560719475,0.03454299845417209
35608,44608,Medium,Medium,0.0345353630644527,0.03630399181020929,0.929160645125338
24175,33175,Medium,Medium,0.035025994798218274,0.03794660340454211,0.9270274017972396
16355,25355,Low,Low,0.030060140784516066,0.9366134423597111,0.033326416855772784
6407,15407,Medium,Medium,0.03164600202757284,0.034285098500244644,0.9340688994721825
2051,11051,Medium,Medium,0.030123438083181298,0.03126995777551685,0.9386066041413018
36237,45237,High,Medium,0.036817286551805196,0.03536406381982657,0.9278186496283682
9966,18966,High,High,0.9197472435046076,0.033896645012327475,0.04635611148306496
24449,33449,Medium,Medium,0.03268928744018241,0.03175878063635752,0.93555193192346
30474,39474,Low,Low,0.030306975209217758,0.9310282476862478,0.03866477710453441
4402,13402,Low,Low,0.03211094693611386,0.9345230445016329,0.03336600856225322
24793,33793,Medium,Medium,0.03747600192969846,0.037655656665107555,0.9248683414051939
37125,46125,Medium,Medium,0.04244034771524429,0.037698094989973584,0.9198615572947823
81,9081,Medium,Medium,0.030935206414662936,0.033122729960074225,0.9359420636252628
7118,16118,Medium,Medium,0.03265021893446569,0.03731567371163552,0.9300341073538988
23615,32615,Medium,Medium,0.032671047623042876,0.031685700148152425,0.9356432522288047
19963,28963,Low,Low,0.03089663549707299,0.9335426175621221,0.035560746940804785
23573,32573,Medium,Medium,0.029674500968063372,0.030582964510468647,0.9397425345214679
15337,24337,Medium,Medium,0.03386002471168243,0.037209834243122325,0.9289301410451952
15388,24388,Medium,Medium,0.030851008716848982,0.030624815927829643,0.9385241753553214
33745,42745,Medium,Medium,0.03270980898245503,0.02945644448978621,0.9378337465277587
20308,29308,Medium,High,0.9236612140577157,0.03610845849004151,0.040230327452242726
27056,36056,Medium,Medium,0.03604365615510075,0.032523768863475286,0.931432574981424
2668,11668,Low,Low,0.02984939114532927,0.9301272691206415,0.04002333973402919
19520,28520,High,High,0.9053919837239914,0.04176214159334892,0.05284587468265961
32031,41031,Medium,Medium,0.03236811058786395,0.029518784669617614,0.9381131047425185
25094,34094,Medium,Medium,0.03578947671595186,0.031116695254982063,0.933093828029066
268,9268,Low,Low,0.04448281610050395,0.9204371825276437,0.03508000137185223
12549,21549,Low,Low,0.02961956593469137,0.9329404800462116,0.03743995401909709
30365,39365,Low,Low,0.039302458184936453,0.8703821478184578,0.09031539399660582
8208,17208,Low,Low,0.032261960808280726,0.8346235157160015,0.13311452347571787
15170,24170,Medium,Medium,0.03288844554573051,0.03364079998289856,0.933470754471371
28962,37962,Low,Low,0.033871700667793714,0.9298658371106557,0.03626246222155063
3209,12209,Low,Low,0.02872827555349673,0.9385403802892629,0.03273134415724029
17091,26091,Medium,Medium,0.03813350168409722,0.035317864050874975,0.9265486342650279
17548,26548,Medium,Medium,0.03236728257884763,0.03091155808637479,0.9367211593347777
11150,20150,Medium,Medium,0.033822740185263586,0.03091982747067268,0.9352574323440637
12847,21847,Medium,Medium,0.03391965408871631,0.030369689933251776,0.9357106559780318
9402,18402,Low,Low,0.030464927350610172,0.9374261591023583,0.032108913547031576
11352,20352,Medium,Medium,0.031042866534659458,0.03205467558740996,0.9369024578779306
22918,31918,Low,Medium,0.03752162937085434,0.03420021257541884,0.9282781580537268
17320,26320,Medium,Medium,0.03280747972405331,0.03375117527108693,0.9334413450048599
35160,44160,Medium,Medium,0.033465053581313776,0.031097461852445784,0.9354374845662404
35909,44909,Medium,Medium,0.034465714555999886,0.032894097513402734,0.9326401879305973
21561,30561,Medium,Medium,0.03925571045218031,0.03514063431274383,0.9256036552350757
29673,38673,Low,Low,0.034319202751666285,0.9335710671874474,0.03210973006088631
18554,27554,Medium,Medium,0.03563138697473587,0.09061072926834146,0.8737578837569226
38971,47971,Medium,High,0.48382547176881124,0.05663984480822334,0.45953468342296544
24537,33537,Medium,Medium,0.03267643994337894,0.03147951272782079,0.9358440473288002
22669,31669,Medium,Medium,0.034600402487101264,0.03359023788746091,0.9318093596254379
37950,46950,Medium,Medium,0.03242815263216914,0.04080289305554295,0.9267689543122879
29207,38207,Medium,Medium,0.03061367749180681,0.03403833016171198,0.9353479923464812
17936,26936,Medium,Medium,0.03114880678878182,0.02945585698052235,0.9393953362306958
25295,34295,Medium,Medium,0.03434825199819091,0.03280588500333547,0.9328458629984736
15500,24500,High,High,0.9262066683031346,0.03737958704742771,0.03641374464943781
33207,42207,Low,Low,0.03942623124243327,0.92292506027986,0.03764870847770679
8625,17625,High,High,0.9231570613379155,0.04140919360447118,0.035433745057613146
16045,25045,Medium,Medium,0.03324125653842491,0.030820006497964653,0.9359387369636106
36465,45465,Medium,Medium,0.03299049093687894,0.03535252534683619,0.9316569837162847
39920,48920,Medium,Medium,0.03642463474550921,0.03246258047618537,0.9311127847783055
39919,48919,Low,Low,0.03144421158274491,0.9311601901313896,0.03739559828586554
4919,13919,Low,Low,0.030988041111172104,0.9302058916259212,0.0388060672629067
38603,47603,High,High,0.9187755155598066,0.03376391837040724,0.0474605660697861
16671,25671,Low,Low,0.029287477776880472,0.9395295923326034,0.031182929890516162
3535,12535,Medium,Medium,0.03859062911153746,0.03789942100509835,0.9235099498833641
25674,34674,High,High,0.9350033008100992,0.030495525464116713,0.03450117372578405
3779,12779,High,High,0.9270435695166729,0.034071277779051,0.03888515270427612
38555,47555,Medium,Medium,0.030542278707144304,0.029338765482649284,0.9401189558102064
6388,15388,Medium,Medium,0.03209438797320361,0.02996244693358062,0.9379431650932158
29306,38306,High,High,0.9356555858873414,0.03261293251119569,0.03173148160146288
38856,47856,Medium,Medium,0.03209394633234613,0.03341104980336489,0.9344950038642891
13565,22565,Medium,Medium,0.03587822575034019,0.03601444909933781,0.928107325150322
32714,41714,High,High,0.9346494997441558,0.031855039404830594,0.03349546085101365
12120,21120,Medium,Medium,0.03268269757037517,0.03462630421229033,0.9326909982173346
3883,12883,Low,Medium,0.03617294158316122,0.28977170937308283,0.6740553490437559
6653,15653,High,Low,0.037964235218068375,0.927994106509111,0.034041658272820574
30169,39169,Medium,Medium,0.029220338512040773,0.028955782161897748,0.9418238793260615
25643,34643,High,High,0.9314184971355023,0.031453632085489534,0.03712787077900833
11930,20930,High,High,0.9387354512269113,0.030021166821225232,0.031243381951863436
15663,24663,Low,High,0.5017518650840874,0.06128280083718115,0.43696533407873145
36592,45592,Medium,Medium,0.031105295474715453,0.0378382089746532,0.9310564955506314
22396,31396,Low,Low,0.031040536502671422,0.9356189392104386,0.033340524286889994
2839,11839,High,High,0.8574607512178892,0.036126121862658074,0.10641312691945275
24119,33119,Low,Low,0.03201331542448296,0.930436119788622,0.037550564786895106
33333,42333,High,High,0.9303422056416165,0.03170366255762368,0.0379541318007598
17607,26607,Medium,Medium,0.03343628520437461,0.03457466185831245,0.9319890529373129
18339,27339,High,High,0.937594536790964,0.030448035508522497,0.031957427700513415
13757,22757,Medium,Medium,0.03326575634750295,0.030444741507301688,0.9362895021451955
25456,34456,Medium,Medium,0.0327937957633139,0.03407110947032265,0.9331350947663634
19067,28067,Medium,Medium,0.0334307301614739,0.0305262166569943,0.9360430531815318
28796,37796,High,Medium,0.03203646368932437,0.03185215225012367,0.936111384060552
17379,26379,Low,Medium,0.13011161711727667,0.04467182521275034,0.8252165576699729
7357,16357,High,High,0.936778772412525,0.03082079476266041,0.032400432824814536
35171,44171,High,High,0.9330886850616068,0.0313574887300755,0.03555382620831765
15492,24492,Medium,Medium,0.03313479679447497,0.03387342410482607,0.932991779100699
35082,44082,Medium,Medium,0.030457419921626882,0.02979432559643955,0.9397482544819336
34953,43953,Low,Low,0.0322882108464519,0.9272085383245189,0.0405032508290293
20222,29222,Medium,Medium,0.033861054679583454,0.03593517374466758,0.9302037715757491
31700,40700,Medium,Medium,0.0337551064896806,0.03146363204336735,0.9347812614669521
3896,12896,High,High,0.9330905428482702,0.03142619101066485,0.03548326614106496
1507,10507,High,Medium,0.03515178039386322,0.03342578148338473,0.9314224381227522
38708,47708,High,High,0.9028172856507002,0.03741403392548797,0.059768680423811706
18632,27632,High,High,0.9120796607137579,0.03716557572530274,0.05075476356093924
29198,38198,Medium,High,0.9251272772340151,0.030573750550848707,0.0442989722151361
2997,11997,Medium,Medium,0.037074614685638996,0.032324377559660805,0.9306010077547002
37128,46128,Medium,High,0.9367442211093588,0.03055208365541517,0.03270369523522596
19869,28869,Medium,Medium,0.030504443709661808,0.030919700948141088,0.9385758553421971
33979,42979,Medium,Medium,0.0298433458439727,0.029210199067793857,0.9409464550882335
7183,16183,Low,Low,0.03783775650283174,0.8073262848736057,0.1548359586235625
27654,36654,Medium,Medium,0.031643390840053076,0.033037700827378606,0.9353189083325683
35474,44474,High,High,0.939355831222554,0.029377568217366475,0.03126660056007953
16088,25088,Medium,Medium,0.03029682490743636,0.029686973331490434,0.9400162017610731
30631,39631,Low,Low,0.03204083803813343,0.9335394240131426,0.03441973794872399
12894,21894,Low,Low,0.03059995202231221,0.9365015336501044,0.03289851432758343
32470,41470,Medium,Medium,0.03288303177939006,0.032117255901464074,0.9349997123191459
2175,11175,Low,Low,0.0290067635834806,0.9383456010598051,0.03264763535671424
6593,15593,Low,Low,0.03154405193053091,0.9348632111861357,0.03359273688333342
3385,12385,Low,Low,0.029931615093358444,0.9355692296442001,0.03449915526244165
26705,35705,Low,Low,0.032620507007435164,0.9345466778477084,0.032832815144856455
23592,32592,High,Medium,0.4140569293903145,0.039462530205208735,0.5464805404044767
30870,39870,Medium,Medium,0.032626956716192014,0.03364711820847856,0.9337259250753295
36211,45211,Medium,Medium,0.03371624520031602,0.03084568203946461,0.9354380727602195
31378,40378,Low,Low,0.030824167274604918,0.9326627143332713,0.03651311839212378
407,9407,Medium,Medium,0.033027921154204325,0.032668992655529125,0.9343030861902664
26906,35906,Medium,Medium,0.03594154483658682,0.03305804875579867,0.9310004064076146
32193,41193,Low,Medium,0.05229509499976659,0.03790152826907221,0.9098033767311612
27774,36774,High,High,0.9153151794665918,0.03874445517312015,0.045940365360288206
36867,45867,Low,Low,0.035238166891821424,0.9251723692600647,0.03958946384811363
39144,48144,Medium,Medium,0.029589209963186786,0.03047733008797128,0.9399334599488419
994,9994,High,High,0.9365966277694455,0.031885267132171886,0.03151810509838251
7305,16305,High,High,0.9252159323609668,0.03997038678746697,0.034813680851566296
17004,26004,Low,High,0.9148991044014393,0.05097121495917386,0.03412968063938687
24404,33404,High,High,0.9356873570426752,0.030594293228743807,0.03371834972858093
39213,48213,Medium,Medium,0.031284801186148826,0.030755177044442698,0.9379600217694084
20146,29146,Medium,Medium,0.029753861914658942,0.03140191759837191,0.9388442204869691
21973,30973,Low,Low,0.03105273256709652,0.9299551838673573,0.038992083565546225
36677,45677,Medium,Medium,0.036611390411072885,0.03716501064187209,0.926223598947055
24059,33059,High,High,0.9322104536132375,0.03222478294889517,0.035564763437867325
36630,45630,Medium,Medium,0.03090023794818617,0.03411133284962157,0.9349884292021923
37927,46927,Medium,Medium,0.03299858482577852,0.03988235065633117,0.9271190645178903
7151,16151,High,Medium,0.03122740443285915,0.03127858175437887,0.937494013812762
9798,18798,Low,Low,0.03126786701559991,0.9352583073564511,0.03347382562794902
23761,32761,Medium,Medium,0.04836725813382578,0.35979767282452463,0.5918350690416495
36985,45985,Medium,Medium,0.03319814511501895,0.03844474766457459,0.9283571072204064
18241,27241,Medium,Medium,0.05471231149022455,0.03346631663052158,0.9118213718792538
34601,43601,Medium,Medium,0.03142187763456303,0.031688643677234084,0.9368894786882028
31229,40229,Medium,Medium,0.03275916498960633,0.03284606464862382,0.9343947703617698
2191,11191,Medium,Medium,0.033979502161601,0.035788235986980624,0.9302322618514184
17064,26064,High,High,0.933338184585243,0.03289695642505556,0.03376485898970153
6308,15308,Low,High,0.9360633656550004,0.029577211241474968,0.034359423103524585
3667,12667,Low,Medium,0.03309200336414719,0.033912438145733685,0.9329955584901191
20092,29092,Medium,High,0.9359449020870537,0.030806057376097245,0.03324904053684904
2265,11265,Low,Low,0.03109822725890681,0.9259243280384301,0.04297744470266309
7198,16198,Medium,Medium,0.03811746374484995,0.03394178260991678,0.9279407536452332
35847,44847,Medium,Medium,0.03116540645764751,0.03244467328890956,0.9363899202534429
26703,35703,High,Medium,0.03489670895596287,0.03138832151563498,0.933714969528402
8366,17366,Medium,Medium,0.048145828604299674,0.050260178904685454,0.9015939924910149
3404,12404,Low,Low,0.032756566793365194,0.8955032134539419,0.0717402197526928
1212,10212,Medium,Medium,0.03577369229316271,0.031240805384911294,0.9329855023219261
18687,27687,Low,Low,0.032440338297850056,0.9228793340081642,0.044680327693985715
15485,24485,Medium,Medium,0.037001280685669276,0.03142676463163109,0.9315719546826996
3473,12473,High,High,0.936808848279339,0.02970462032854691,0.0334865313921141
21855,30855,Medium,Medium,0.03333274834347836,0.032473916456389834,0.9341933352001318
38621,47621,High,Low,0.029939337557488344,0.9365937734500743,0.03346688899243726
26628,35628,Medium,Medium,0.03192108782285878,0.031232157846103465,0.9368467543310377
26040,35040,High,Low,0.03024031219242418,0.9342741882810287,0.03548549952654712
30004,39004,High,High,0.9410419140624318,0.02826373225294283,0.03069435368462538
35355,44355,Low,Low,0.029218285462462534,0.9356768562588851,0.03510485827865235
9825,18825,Low,Low,0.03665428971456452,0.9305314078098936,0.03281430247554191
34172,43172,Medium,Medium,0.03232649952724386,0.030541614719997556,0.9371318857527585
27287,36287,Medium,Medium,0.035927919890963916,0.03646454932980237,0.9276075307792336
33798,42798,Medium,Medium,0.04723966737531674,0.036339560003309325,0.9164207726213739
1793,10793,High,High,0.9372511798621855,0.030112679392321273,0.032636140745493154
4964,13964,Low,Low,0.033805727178658346,0.9327193366311667,0.03347493619017489
27780,36780,Medium,Medium,0.03841537148163806,0.03812547202166849,0.9234591564966935
34568,43568,High,High,0.9134915682245169,0.03727204462624686,0.049236387149236206
1067,10067,Low,Low,0.030190787504326157,0.934250852234217,0.035558360261456944
34737,43737,Medium,Medium,0.033356733019799224,0.029748244510988883,0.936895022469212
1872,10872,Medium,Medium,0.0318832792490169,0.03214365178585055,0.9359730689651325
17195,26195,Low,Low,0.030510272320195205,0.9345879691875063,0.034901758492298415
16874,25874,Medium,Medium,0.04121647146255203,0.1335472519262154,0.8252362766112326
9872,18872,Medium,Medium,0.032731126584552475,0.03691369005496903,0.9303551833604785
1040,10040,High,High,0.9382929855016243,0.029862957332700252,0.03184405716567552
35537,44537,High,High,0.9320187584856243,0.030290931569226357,0.03769030994514932
5052,14052,High,High,0.9363242957333938,0.029502123416176394,0.034173580850429854
29167,38167,Medium,Medium,0.033485247503820655,0.0373635816029161,0.9291511708932632
10656,19656,Medium,Medium,0.03181796262020998,0.02969381283435092,0.9384882245454391
34752,43752,High,High,0.9159825693092537,0.042483081407071376,0.04153434928367484
3208,12208,Low,Low,0.03419929667067562,0.9137349834268124,0.05206571990251188
19490,28490,High,High,0.9333771543702468,0.033655721753012256,0.03296712387674102
37441,46441,High,Medium,0.03380453732195971,0.035133164482628404,0.9310622981954119
25268,34268,Low,Low,0.03346109075759982,0.9326717456498982,0.033867163592502
15742,24742,Medium,Medium,0.030716454282225844,0.033304785999350855,0.9359787597184234
14295,23295,Medium,Medium,0.03270413583115953,0.030538768206974324,0.9367570959618662
22493,31493,Low,Low,0.029914775816741904,0.9374583222776796,0.032626901905578445
1598,10598,Low,Low,0.03059624330137484,0.9250881050172457,0.04431565168137949
15293,24293,Medium,High,0.5448988491167962,0.04904038918172632,0.40606076170147754
5780,14780,Medium,Medium,0.031158130081043674,0.02953294295439204,0.9393089269645644
1722,10722,Medium,Medium,0.03694451873993129,0.03736659822034557,0.9256888830397232
14651,23651,Low,Low,0.03108382224736286,0.9358781823230725,0.03303799542956452
11855,20855,Medium,Medium,0.06858088132559399,0.038219089300789,0.893200029373617
420,9420,High,High,0.9322882331011259,0.030979272867138318,0.03673249403173578
33079,42079,Low,Low,0.042123278514966944,0.9238159752763409,0.034060746208692316
2132,11132,Medium,Medium,0.030425073629819527,0.030893420228161796,0.9386815061420185
22387,31387,Medium,Medium,0.035268444144701115,0.030827158337967925,0.933904397517331
36883,45883,Medium,Medium,0.04024813738010525,0.03381519475711784,0.9259366678627768
6860,15860,Low,Low,0.033698225237089624,0.9296444389782321,0.036657335784678176
10057,19057,Medium,Medium,0.033565735673986775,0.0338510419224707,0.9325832224035425
17707,26707,Low,Low,0.03211095845486377,0.9267194445937544,0.04116959695138178
15010,24010,Medium,High,0.9364254230441492,0.030629606294619627,0.03294497066123123
14636,23636,Medium,Medium,0.03311418521182426,0.03170785095466928,0.9351779638335064
14279,23279,Medium,Medium,0.03550469491504866,0.031612228871957616,0.9328830762129937
24438,33438,Medium,Medium,0.031636699725345885,0.032542319931230086,0.935820980343424
23247,32247,High,High,0.9358107625033355,0.030323528572861264,0.03386570892380322
8351,17351,High,High,0.9341552553538112,0.03145961452739451,0.03438513011879441
18288,27288,Low,Medium,0.03450791085325738,0.033059803827103294,0.9324322853196393
4378,13378,Medium,Medium,0.03357097873300122,0.03148127789804309,0.9349477433689556
25336,34336,Medium,Medium,0.03054532821786621,0.030348334470903987,0.9391063373112299
10177,19177,Medium,Medium,0.05248629926886241,0.0475225290650271,0.8999911716661105
37893,46893,Medium,Medium,0.03413484397241196,0.040195705614568304,0.9256694504130198
14877,23877,Medium,Low,0.04670784204878689,0.9177648536034809,0.03552730434773214
1307,10307,High,High,0.936943688294909,0.029015357432755445,0.0340409542723355
31628,40628,Medium,Medium,0.031131616659857735,0.032165976634403536,0.9367024067057387
18942,27942,Low,High,0.9378664867156424,0.029457463680757436,0.032676049603600134
3629,12629,Medium,Medium,0.03211905374478232,0.03299691697325546,0.9348840292819621
19962,28962,High,High,0.9289037816735225,0.034338208343899446,0.036758009982578055
27027,36027,Medium,Medium,0.03168560728318768,0.03080207694583244,0.9375123157709799
31684,40684,High,High,0.9367046767844812,0.03023505706834199,0.03306026614717695
33244,42244,Low,Low,0.032718170882568474,0.9328830507598651,0.03439877835756646
38174,47174,High,High,0.9336147538912346,0.03387268131939188,0.032512564789373644
19576,28576,Medium,Medium,0.031176299638338106,0.03250466117588449,0.9363190391857774
24976,33976,High,Low,0.032743415587552144,0.9062835736123626,0.06097301080008525
17992,26992,Medium,Medium,0.038755011101006605,0.03265678323682338,0.92858820566217
28757,37757,High,High,0.9322501072148034,0.03244147507519543,0.0353084177100011
33601,42601,Medium,Medium,0.03163963927667449,0.03588253662793736,0.9324778240953883
29781,38781,High,High,0.9393385759457406,0.029310862519957053,0.031350561534302386
35600,44600,Medium,Medium,0.03234687140942862,0.03266718669556604,0.9349859418950053
5224,14224,High,High,0.9330147992805115,0.03174549509507204,0.03523970562441658
1107,10107,Medium,Medium,0.03700200727541407,0.034129683246358275,0.9288683094782276
1478,10478,Low,Low,0.03067753192502441,0.936946718740821,0.032375749334154574
21062,30062,Low,Low,0.030510573784998635,0.9376707233556468,0.03181870285935461
2638,11638,Low,Low,0.04328060224699564,0.9163370729278916,0.04038232482511287
31049,40049,Medium,Medium,0.03382500020625618,0.03149735520935067,0.9346776445843932
39063,48063,High,High,0.9337150282101546,0.033575136203889085,0.03270983558595633
8018,17018,High,High,0.9379722638320245,0.029314937707541542,0.032712798460433866
35230,44230,Medium,Medium,0.032845325096842466,0.03216142965350655,0.9349932452496509
33905,42905,Medium,Medium,0.032016805601360526,0.031083602046407015,0.9368995923522325
23515,32515,Medium,Medium,0.031665991675600524,0.03338361940315588,0.9349503889212435
27132,36132,Low,Medium,0.030680592764014802,0.03263693223856004,0.9366824749974251
33248,42248,High,High,0.9343843429032525,0.030621567409952238,0.03499408968679549
26253,35253,High,High,0.9313892111673626,0.033029111562286495,0.035581677270350776
35525,44525,Medium,Medium,0.03382325531872259,0.033733854509994665,0.9324428901712828
28306,37306,High,High,0.9376860269074202,0.029144814751993268,0.03316915834058646
8645,17645,Medium,Medium,0.030527217233085047,0.032787463693728855,0.936685319073186
6914,15914,Medium,Medium,0.03139515992942093,0.03051409827320405,0.9380907417973751
6826,15826,Medium,Medium,0.030607671989315615,0.02928392956780319,0.9401083984428812
39935,48935,Medium,Medium,0.033713686601849174,0.032906072356045014,0.9333802410421058
8570,17570,Low,Low,0.029733124092545134,0.9306432831187624,0.03962359278869249
11248,20248,High,High,0.9253159103068845,0.036894086057061244,0.037790003636054205
17860,26860,Medium,Medium,0.03135474458268015,0.033971935868942364,0.9346733195483775
38697,47697,Low,Low,0.03326460897200025,0.926673331236387,0.04006205979161281
36713,45713,Low,Low,0.032657354392927364,0.9311184883417036,0.03622415726536907
18699,27699,High,Low,0.030888877815200718,0.9349552224070238,0.034155899777775604
30343,39343,High,High,0.9331177454742529,0.03105519638172011,0.03582705814402701
5617,14617,Low,Low,0.030238818810648164,0.9322199143158567,0.03754126687349497
13884,22884,High,High,0.939169909858056,0.028428064923020257,0.032402025218923804
14267,23267,High,High,0.9388578447566944,0.028589324043672527,0.0325528311996331
36754,45754,High,High,0.936423694051356,0.029466437483715986,0.034109868464928014
448,9448,Medium,Medium,0.031725509395435336,0.03713358947864329,0.9311409011259214
13114,22114,Low,Low,0.030335097835143373,0.9351075969560513,0.03455730520880523
29065,38065,High,High,0.9362778357288207,0.029986273125466898,0.03373589114571233
18080,27080,Medium,Medium,0.04780151550118056,0.03626249725746462,0.9159359872413547
35924,44924,Low,Medium,0.03792625187339182,0.04421834028206945,0.9178554078445386
5339,14339,Medium,Medium,0.033867194825100526,0.03213693236583047,0.933995872809069
13936,22936,Medium,Medium,0.03141528982703182,0.03099188678797099,0.937592823384997
7942,16942,Low,Low,0.03140513419693364,0.9331730488499105,0.035421816953155875
5886,14886,Medium,Medium,0.033442415624452305,0.030205723229017833,0.9363518611465299
12094,21094,Medium,Medium,0.035861577026904956,0.03243412854796061,0.9317042944251345
25235,34235,Low,Low,0.0311641759575889,0.8752097217610743,0.09362610228133683
9203,18203,Low,Low,0.032408795272268025,0.9353831818228819,0.03220802290485003
7674,16674,Medium,Medium,0.03248002895970974,0.03477943502442987,0.9327405360158604
21231,30231,Low,Low,0.03845740261732026,0.9249880167025518,0.03655458068012773
26195,35195,Medium,Medium,0.0348656301524855,0.03341377439521309,0.9317205954523015
39115,48115,Medium,Medium,0.0369115437259175,0.030426816758130994,0.9326616395159514
33123,42123,High,High,0.9400588280107459,0.02871094531585669,0.03123022667339735
1175,10175,Medium,Medium,0.032804552449081176,0.03393267123547667,0.9332627763154422
39909,48909,Medium,Medium,0.0400121937279898,0.04436228610843734,0.9156255201635729
4721,13721,Medium,Medium,0.03207138854283223,0.032003773402876697,0.9359248380542909
4340,13340,Medium,Medium,0.03632858145356753,0.034638658016705126,0.9290327605297274
24667,33667,Medium,Medium,0.036197873340163875,0.03456989239905722,0.9292322342607789
16533,25533,Medium,Medium,0.03580609014456074,0.03197929096901352,0.9322146188864258
5691,14691,Low,Low,0.03001047236106515,0.9366056287692149,0.03338389886971993
9057,18057,Medium,Medium,0.038216140901109065,0.03271276677820251,0.9290710923206884
27788,36788,Medium,Medium,0.035448710470204085,0.034143654735427874,0.930407634794368
18792,27792,High,High,0.9370181545350572,0.030195363671539886,0.032786481793402926
28028,37028,Medium,Medium,0.032676998358309055,0.0330980915667863,0.9342249100749046
37770,46770,Medium,Medium,0.03302194579979264,0.030211329542049192,0.9367667246581582
30464,39464,Medium,Medium,0.03126758697855908,0.0320692617450394,0.9366631512764015
35005,44005,Medium,Medium,0.032359904206074555,0.030979396248084056,0.9366606995458415
35228,44228,High,High,0.928063594003517,0.035380121527440946,0.036556284469042126
15807,24807,Medium,Medium,0.04069666779969828,0.04409148635621687,0.9152118458440849
27597,36597,High,High,0.9242286848660554,0.04056535282265027,0.03520596231129424
10552,19552,Low,Low,0.030291981246855487,0.9345971680565244,0.03511085069662018
33586,42586,Medium,Medium,0.032855826837279424,0.03463851203506851,0.9325056611276521
14586,23586,Medium,Medium,0.03385065273047953,0.0370100312810781,0.9291393159884423
25120,34120,Medium,Medium,0.03779055242372528,0.07988621188530197,0.8823232356909728
2319,11319,Low,Low,0.038939973646980174,0.9296178491583039,0.03144217719471596
1546,10546,Low,Low,0.039747209524823704,0.6723550958168633,0.287897694658313
30784,39784,Medium,Medium,0.03189057704087498,0.03944194185228162,0.9286674811068433
7851,16851,High,High,0.911304770995757,0.04343905488518759,0.045256174119055415
12888,21888,Medium,Medium,0.033399373878567534,0.030673943861573114,0.9359266822598592
15968,24968,High,High,0.9362108924472484,0.030825594284959682,0.03296351326779185
28779,37779,Low,Low,0.03747854062002729,0.7557862926235449,0.2067351667564278
24025,33025,Medium,Medium,0.03887381717202958,0.0390641840867245,0.922061998741246
5591,14591,High,High,0.9324148592078414,0.03378340916087539,0.03380173163128308
34179,43179,High,High,0.937511474131012,0.029248693910084538,0.03323983195890343
8088,17088,High,High,0.9280855245780654,0.03825863290344333,0.033655842518491304
6778,15778,Medium,Medium,0.0311789894775816,0.03177878919206035,0.9370422213303581
10300,19300,Medium,Medium,0.03726373986413353,0.04267169191387021,0.9200645682219962
38773,47773,High,High,0.9288231940721267,0.030618897871475117,0.0405579080563983
399,9399,Medium,Medium,0.03385313129641925,0.06390384985670121,0.9022430188468796
3788,12788,Medium,Medium,0.03159676157104862,0.04209505487895119,0.9263081835500001
33635,42635,Medium,Medium,0.02979280564631297,0.030900677544889888,0.9393065168087972
23494,32494,Medium,Medium,0.03529171982398746,0.03284884783930765,0.9318594323367049
35971,44971,Low,Low,0.03031730486178007,0.9379478679177602,0.031734827220459894
31477,40477,High,High,0.9312706221194725,0.03237989774427503,0.036349480136252256
27736,36736,Medium,Medium,0.03454723609878683,0.031139436954613176,0.9343133269466
7455,16455,Low,Low,0.0377157514909609,0.9290418478311818,0.033242400677857276
34160,43160,Low,Low,0.03070717729355769,0.934093254919882,0.03519956778656016
36382,45382,Medium,Medium,0.03335057110127781,0.03765347731435736,0.9289959515843648
6759,15759,Low,Low,0.04058160572946821,0.9164935602411979,0.042924834029333954
23150,32150,Medium,Medium,0.03159417915582014,0.030516255054765882,0.9378895657894141
26543,35543,Medium,Medium,0.03376397774047612,0.03108826496616068,0.9351477572933632
37668,46668,Medium,Medium,0.034787057868276065,0.030414250910244616,0.9347986912214794
16760,25760,Low,Low,0.03488731188641241,0.9182622617958717,0.0468504263177158
23729,32729,Medium,Medium,0.057796768221054874,0.041768371082095246,0.9004348606968499
3512,12512,Low,Low,0.03249753099614764,0.9312916819206146,0.03621078708323771
38906,47906,Medium,Medium,0.03143865583149382,0.031824517329961145,0.936736826838545
25129,34129,Low,Low,0.03258408942743326,0.9299236592893315,0.037492251283235196
26803,35803,Low,Low,0.033597453829052625,0.9266470932736367,0.03975545289731076
3753,12753,High,High,0.9265709154098577,0.03468082661220341,0.0387482579779388
588,9588,High,High,0.9285181493791473,0.03474491343481733,0.036736937186035205
20150,29150,Medium,Medium,0.030795369775752382,0.03178511215508711,0.9374195180691606
14714,23714,Medium,Medium,0.031884224610392864,0.03154791073581311,0.936567864653794
273,9273,Low,Low,0.029748517264573154,0.9369410442782121,0.033310438457214785
17359,26359,High,High,0.9311115958632615,0.032931390290652625,0.035957013846085836
1169,10169,High,High,0.9261520627469558,0.034296430385413725,0.039551506867630405
22811,31811,Medium,Medium,0.04107464204485022,0.06256349171522121,0.8963618662399285
30619,39619,High,High,0.9395414657680129,0.02891015133533173,0.03154838289665528
5396,14396,Medium,Medium,0.030576307390744722,0.030527697104037216,0.9388959955052182
24786,33786,Low,Low,0.03284925979263257,0.9218671308102984,0.04528360939706911
1964,10964,Medium,Medium,0.039956937219837015,0.0313709638084858,0.9286720989716771
34203,43203,Medium,Medium,0.03466958307807772,0.032055923089364426,0.9332744938325579
8608,17608,Low,Low,0.031294016936655254,0.9174971975012273,0.05120878556211747
22489,31489,Medium,Low,0.0294611928535104,0.938958525825901,0.03158028132058858
21660,30660,Medium,Medium,0.03817528869783143,0.03357648052129297,0.9282482307808756
21447,30447,Medium,Medium,0.03567095479548706,0.03277665386883737,0.9315523913356757
36414,45414,Low,Low,0.029402868814752504,0.9372686174389844,0.03332851374626316
29624,38624,Medium,Medium,0.030566624134925603,0.030305678281530024,0.9391276975835443
5501,14501,Low,Low,0.03178032555290126,0.9349771018057571,0.033242572641341735
24067,33067,High,High,0.9350239443348028,0.03200183911095567,0.03297421655424159
9838,18838,High,High,0.9284839204889872,0.031209182090208138,0.040306897420804684
14878,23878,Medium,Medium,0.042559505693460876,0.04725585235934202,0.9101846419471972
22237,31237,Medium,Medium,0.0422211058160805,0.033449897815861156,0.9243289963680583
19706,28706,Low,Low,0.03181220449191696,0.9356693914518801,0.03251840405620298
35779,44779,Medium,Medium,0.03902891982088999,0.03547118170806464,0.9254998984710454
19200,28200,Low,Low,0.029033008746927932,0.9400286146919035,0.0309383765611686
28769,37769,Low,Low,0.029689505014380436,0.9389277219776938,0.03138277300792562
19160,28160,High,Medium,0.03433264661951369,0.032205869650748085,0.9334614837297383
34070,43070,High,High,0.93707134366738,0.030204442119534127,0.032724214213085814
3954,12954,Low,Low,0.030476202592574112,0.9345835891414751,0.03494020826595065
31136,40136,Medium,Medium,0.03227830000003809,0.030472160090218133,0.9372495399097437
39058,48058,Medium,Medium,0.034300688982282584,0.043313623486547236,0.9223856875311701
11011,20011,Medium,Medium,0.04499085463311612,0.0395509740063549,0.915458171360529
6092,15092,Medium,Medium,0.03075031347822364,0.030481562918360322,0.938768123603416
3515,12515,Medium,Medium,0.033704299520943455,0.030192090735253113,0.9361036097438035
22290,31290,High,High,0.9387251644024474,0.028763004560665575,0.032511831036887005
37760,46760,Medium,Medium,0.03146477926612291,0.0333101437953395,0.9352250769385376
31434,40434,Low,Low,0.039131156691158825,0.5605819256809407,0.40028691762790053
26729,35729,Medium,Medium,0.034827538437494115,0.06837983314622592,0.8967926284162799
7294,16294,Medium,Medium,0.03290972651145498,0.03466026798486047,0.9324300055036846
34081,43081,Medium,Medium,0.030981167927664078,0.031253625086289406,0.9377652069860466
28520,37520,High,High,0.9380344576000509,0.029837616841757602,0.0321279255581915
12746,21746,Medium,Medium,0.03308799222500279,0.030308079327869077,0.936603928447128
35561,44561,Medium,Medium,0.032150174629408106,0.031820686199878316,0.9360291391707136
1877,10877,High,High,0.9343904447115053,0.031876808859154275,0.03373274642934046
6599,15599,Medium,Medium,0.03115737098193821,0.040534520082560914,0.9283081089355009
36498,45498,High,Medium,0.12795871183506521,0.05271854425828345,0.8193227439066514
17087,26087,Medium,Medium,0.04695317711692016,0.03352817129927901,0.9195186515838009
21572,30572,High,High,0.9243735267191897,0.03540787248851224,0.04021860079229814
25272,34272,Low,Low,0.03090943769735836,0.9373577866930504,0.03173277560959115
18018,27018,Low,Low,0.031798111828553056,0.9260266491161354,0.04217523905531136
25859,34859,Low,Low,0.03133339694140675,0.9355957752939535,0.033070827764639786
21551,30551,High,High,0.9144678889127767,0.03889287428235857,0.046639236804864724
29146,38146,Medium,Medium,0.040545334260774994,0.03275373886294404,0.9267009268762809
1134,10134,Medium,Medium,0.03299311395571227,0.03655851962997141,0.9304483664143163
21830,30830,High,High,0.9223738950987109,0.04419070659610908,0.033435398305180074
30361,39361,Low,Low,0.031636225318913434,0.9220356245390676,0.04632815014201897
7264,16264,Low,Low,0.030570915862207313,0.9370865428299435,0.03234254130784919
15897,24897,Low,Low,0.03955218042727971,0.9017758104560407,0.058672009116679545
30229,39229,Low,Low,0.039358202950599434,0.924590318056151,0.03605147899324956
28913,37913,Medium,Medium,0.04203737697172042,0.03605321270319126,0.9219094103250883
33976,42976,Medium,Medium,0.033022708466758054,0.030194061380732367,0.9367832301525096
7120,16120,Medium,Medium,0.033122352859810376,0.03412244965603318,0.9327551974841565
28737,37737,Medium,Medium,0.031032111187950105,0.03200242430031506,0.936965464511735
28646,37646,Medium,Medium,0.03084396973064024,0.032507923378923165,0.9366481068904365
16579,25579,High,High,0.9337119453113338,0.03145951374454382,0.03482854094412225
8772,17772,Low,Low,0.03142288253905193,0.8948790244024355,0.07369809305851267
13021,22021,Low,Low,0.03444424383565748,0.9111074560902145,0.05444830007412809
18497,27497,Low,Low,0.03132347812699391,0.9261963132758987,0.04248020859710739
21419,30419,Medium,Low,0.03111893073645733,0.9336520086149261,0.03522906064861649
27905,36905,Low,Low,0.031004888688562632,0.9361826217337651,0.03281248957767216
10787,19787,Medium,Medium,0.03285541668358782,0.03631565459853555,0.9308289287178767
15762,24762,Medium,Medium,0.03212149570957476,0.031803541310039644,0.9360749629803856
33646,42646,Medium,Medium,0.03202086632030604,0.03165548573153243,0.9363236479481616
20829,29829,Medium,Medium,0.035382490337741906,0.03279727624186717,0.9318202334203908
12150,21150,High,High,0.9206096131690197,0.03637860051965713,0.04301178631132308
12705,21705,High,High,0.9353527642348417,0.03168428448276164,0.032962951282396645
38605,47605,Medium,Medium,0.030660995398648475,0.03372969081887601,0.9356093137824755
39563,48563,High,High,0.9361803447551829,0.03018341373471836,0.03363624151009876
14407,23407,Low,Low,0.039704160074938405,0.9253047476472634,0.03499109227779819
30734,39734,Low,Low,0.04223006639532064,0.6462309088689966,0.31153902473568285
24275,33275,High,High,0.9306894455616938,0.03357472259772887,0.03573583184057742
23858,32858,Low,Low,0.036069815260784135,0.9298002022436874,0.0341299824955283
37001,46001,Medium,Medium,0.03451287495210764,0.033646434317341066,0.9318406907305513
4885,13885,Medium,Medium,0.03609821304699647,0.03612007993762026,0.9277817070153832
11757,20757,Medium,Medium,0.03380091109350272,0.033835619769847274,0.93236346913665
20866,29866,Medium,Medium,0.034055487406117385,0.03201274568278135,0.9339317669111012
13745,22745,Low,Low,0.03270083833928617,0.9345095409841151,0.032789620676598824
18257,27257,High,High,0.7909741465337737,0.04107151493860734,0.16795433852761898
37148,46148,Low,Low,0.031286410423851364,0.9342998022068626,0.034413787369286124
27216,36216,High,High,0.934925992070451,0.030371148333099018,0.03470285959644987
16363,25363,Low,Low,0.02983997994958464,0.9372632513199545,0.03289676873046093
28733,37733,Medium,Medium,0.03855102433025226,0.03484919695517628,0.9265997787145714
16399,25399,High,High,0.8958250680296928,0.038150231048478235,0.06602470092182906
6987,15987,High,High,0.9370437571509949,0.031102013294384622,0.031854229554620535
33584,42584,Medium,Medium,0.03103411976489806,0.030785891425384876,0.938179988809717
30260,39260,High,Low,0.03202982992657125,0.9352904427223483,0.03267972735108054
17162,26162,Medium,Medium,0.0309384776227818,0.03525777044610251,0.9338037519311158
17120,26120,Low,High,0.9355152717804066,0.0320295993794709,0.032455128840122575
14022,23022,Medium,Medium,0.04041096209363504,0.031906397659953394,0.9276826402464117
9417,18417,Low,Low,0.02967599969128946,0.9385764214365189,0.03174757887219184
6116,15116,Medium,Medium,0.03735437737619676,0.042024476345947116,0.9206211462778562
28116,37116,Low,Low,0.031197980088617305,0.9313844182619726,0.037417601649410125
21504,30504,Low,Low,0.029762492796476258,0.927084488179104,0.04315301902441968
13828,22828,Low,Low,0.03026328745532787,0.9327303718872502,0.03700634065742203
19061,28061,Medium,Medium,0.034898499627504555,0.031869255027811495,0.9332322453446841
5582,14582,Low,Low,0.03803304897540887,0.925458349380092,0.03650860164449916
36844,45844,Medium,Medium,0.032483381719482056,0.03097801462369777,0.9365386036568202
25430,34430,Medium,Medium,0.03959813300770232,0.034321844442196124,0.9260800225501016
29757,38757,High,High,0.9363635172278681,0.03094522597700053,0.032691256795131206
21367,30367,Low,Low,0.029936513437117798,0.9377566607731537,0.032306825789728454
33741,42741,Medium,Medium,0.03304843487080692,0.033482190562637536,0.9334693745665555
38566,47566,Low,Medium,0.03593789925231414,0.03250137645760603,0.93156072429008
31978,40978,Medium,Medium,0.034156605541847226,0.10399087756899328,0.8618525168891594
23956,32956,Low,Low,0.02935217524267547,0.9397143654025948,0.030933459354729787
10796,19796,Medium,Medium,0.06112132549852706,0.06920884801333844,0.8696698264881345
31716,40716,Low,Low,0.030185212833728384,0.9343208938669344,0.03549389329933724
19778,28778,Medium,Medium,0.04320151783482054,0.035189258318949986,0.9216092238462293
16152,25152,Medium,Medium,0.033520229473514414,0.03631709169700099,0.9301626788294847
6083,15083,High,High,0.9353960527141917,0.03119352838122479,0.03341041890458338
37466,46466,Medium,Medium,0.03315228434433692,0.0306158328782374,0.9362318827774256
21475,30475,Medium,High,0.929530780699658,0.03302147380469483,0.03744774549564718
37923,46923,Low,Low,0.03798337276673148,0.9234959116970324,0.03852071553623626
35328,44328,High,High,0.9241967964859183,0.03562632829660004,0.04017687521748161
4821,13821,Low,Low,0.03400079537387519,0.9328821039301838,0.033117100695941155
2568,11568,Low,Low,0.030534932354627776,0.9335489829937229,0.03591608465164944
22008,31008,Medium,High,0.9386251273179665,0.02993219380849772,0.03144267887353579
27885,36885,Medium,Medium,0.039847408057638124,0.29145165439495946,0.6687009375474023
28371,37371,Medium,Medium,0.031834757833521576,0.0312797911774733,0.9368854509890051
3145,12145,Medium,Medium,0.036370346920452885,0.033912259047295376,0.9297173940322517
9178,18178,Medium,Medium,0.03632002480749388,0.03194146172308194,0.9317385134694242
39787,48787,Medium,Medium,0.03365571310319395,0.034040039879147645,0.9323042470176585
13693,22693,Medium,Medium,0.039416975669369796,0.03260496511737895,0.9279780592132513
17524,26524,High,High,0.9313079410173094,0.03180669064845416,0.03688536833423636
33526,42526,Low,Low,0.02952147529663793,0.9383664489216668,0.032112075781695365
30284,39284,Low,Low,0.03583328219328855,0.9269541022273291,0.03721261557938218
38777,47777,Low,Low,0.02991425829038159,0.93360322660702,0.0364825151025983
13816,22816,Medium,Medium,0.04668430259682308,0.3343189239232567,0.6189967734799203
40016,49016,Medium,Medium,0.03870249682001758,0.03690163734087182,0.9243958658391106
38292,47292,High,Low,0.030561217094682232,0.9292891759411251,0.04014960696419261
3247,12247,Low,Low,0.029403239124885173,0.9390080866628,0.03158867421231478
28832,37832,High,High,0.9383699282092078,0.02911850130591435,0.03251157048487785
13575,22575,Low,Low,0.032177002680696835,0.9343829344551405,0.03344006286416267
28805,37805,Medium,Medium,0.03580439286275706,0.034760208782889886,0.9294353983543532
12538,21538,Low,Low,0.0344282799777954,0.9336130444739533,0.03195867554825112
27825,36825,Medium,Medium,0.0328993587472948,0.03152336705615504,0.9355772741965502
2344,11344,High,High,0.9280337756600129,0.033458137960664186,0.03850808637932291
37015,46015,Low,Low,0.03255263824013021,0.934869952773711,0.03257740898615871
15895,24895,Medium,Medium,0.0481679222402647,0.32483130642425545,0.6270007713354798
9892,18892,Low,High,0.9347318378073982,0.032167839351240325,0.03310032284136144
33673,42673,Low,Low,0.0314433880089613,0.9356826376664128,0.03287397432462595
5679,14679,Low,Low,0.029412930408250614,0.9394499210993942,0.03113714849235517
2438,11438,High,High,0.926140688896147,0.031007405555114637,0.04285190554873844
4950,13950,Medium,Medium,0.03352284733927791,0.039544240184769895,0.9269329124759523
27330,36330,Medium,Medium,0.032455091385854805,0.030507455313300468,0.9370374533008446
4873,13873,Medium,Medium,0.032684127841169176,0.033557972888894526,0.9337578992699362
13099,22099,High,High,0.9369119687832087,0.030861043613916367,0.03222698760287493
23930,32930,Low,Low,0.03319256082402543,0.9290657176175844,0.0377417215583903
2584,11584,High,High,0.935842632690916,0.030404348028454504,0.03375301928062952
3240,12240,High,High,0.9368120606367801,0.030011124899007938,0.03317681446421209
31296,40296,Medium,Medium,0.03242188273885105,0.03052948102369811,0.9370486362374507
16289,25289,High,High,0.9360964027532052,0.03078005156707317,0.033123545679721624
6696,15696,Medium,Medium,0.03202755042955279,0.03276109702586542,0.9352113525445818
3277,12277,Medium,Medium,0.03270542237978103,0.03164842308608307,0.9356461545341359
27496,36496,Medium,Medium,0.03430322535519086,0.03411574311860199,0.9315810315262071
11071,20071,Medium,Medium,0.03162172065982469,0.03155652117874314,0.9368217581614321
27846,36846,High,High,0.9255198309241184,0.03267403884068086,0.041806130235200634
30820,39820,Medium,Medium,0.029781426128353657,0.02995157437483564,0.9402669994968106
18852,27852,Medium,Medium,0.032339221353043936,0.031448238170511504,0.9362125404764446
2448,11448,Medium,Medium,0.03742018884321576,0.23735199171749977,0.7252278194392844
2725,11725,Medium,Medium,0.03116392090166367,0.032784048170179415,0.936052030928157
34600,43600,Low,Low,0.031562034600106356,0.9127097521891531,0.05572821321074064
30562,39562,High,High,0.9342468032232617,0.03157680072977484,0.03417639604696345
29176,38176,Low,Low,0.03877288002386469,0.6472747170525116,0.31395240292362364
26829,35829,Medium,Medium,0.032527050352696,0.03116889466292706,0.9363040549843769
39224,48224,High,High,0.9362904533013962,0.031010554381827714,0.03269899231677616
6112,15112,Medium,Medium,0.04394195049430242,0.44676983181487423,0.5092882176908234
23492,32492,Medium,Medium,0.04054516534475341,0.28253942652589314,0.6769154081293535
12377,21377,Medium,Medium,0.04837612949196666,0.03570360069230008,0.9159202698157333
10927,19927,Low,Low,0.03723779201242059,0.8852387148013244,0.07752349318625502
36041,45041,Medium,Medium,0.03550912854959925,0.032222273017888214,0.9322685984325126
5439,14439,Medium,Medium,0.03180861592993903,0.03061402524671337,0.9375773588233476
27818,36818,Medium,Medium,0.03201350887453269,0.03133424998701285,0.9366522411384545
36266,45266,Low,Low,0.03269269454968174,0.9178731093194377,0.04943419613088059
28495,37495,Medium,Medium,0.03428578180416839,0.03326252795047641,0.9324516902453551
11964,20964,High,High,0.9087125057262071,0.04942618360569422,0.04186131066809873
631,9631,Medium,Medium,0.03237737398336,0.03112605281024729,0.9364965732063926
17039,26039,High,Low,0.03537815090658577,0.9190859834068125,0.04553586568660184
26874,35874,High,High,0.9291827890898597,0.032348835060015756,0.038468375850124574
36403,45403,High,High,0.9361614930723734,0.030599075479769405,0.03323943144785712
39943,48943,Low,Low,0.030014317869557588,0.9377853434629935,0.032200338667448904
495,9495,Medium,Medium,0.033186472400412004,0.034282884019174106,0.9325306435804138
36088,45088,High,High,0.9346513285755768,0.03187792666572275,0.03347074475870054
33068,42068,Medium,Medium,0.03701378132414334,0.03683337716605642,0.9261528415098003
39338,48338,High,High,0.9362177652482685,0.03079605920707232,0.03298617554465914
37963,46963,High,High,0.9229060553093587,0.033388404611099286,0.04370554007954209
9644,18644,Medium,Medium,0.031873325617947104,0.0351110894038366,0.9330155849782164
202,9202,Medium,Medium,0.06664639828638208,0.039932222882256035,0.8934213788313619
8613,17613,Medium,Medium,0.030556263906293873,0.02901171129677976,0.9404320247969263
4617,13617,Low,Low,0.0352694763853813,0.9231634155809222,0.04156710803369656
13618,22618,Medium,Medium,0.03165463274217908,0.03224143988612408,0.9361039273716969
285,9285,High,Medium,0.03712566152046226,0.03692398360641247,0.9259503548731253
26035,35035,Low,Low,0.03180712181268052,0.936199567394359,0.03199331079296055
8272,17272,Medium,Medium,0.03475135198437079,0.03187678836687446,0.9333718596487547
27058,36058,High,High,0.9304186393151296,0.0334437456285191,0.03613761505635136
4110,13110,Medium,Medium,0.030051841088180268,0.030402868126803994,0.9395452907850158
3391,12391,Medium,Medium,0.03143008460670837,0.03127828279523207,0.9372916325980595
21908,30908,Medium,Medium,0.03433320184825081,0.03166797815804803,0.9339988199937013
1322,10322,Low,Low,0.030617256540205112,0.9344715976055783,0.034911145854216424
29906,38906,Medium,Medium,0.032719836033073095,0.03196459804951813,0.9353155659174087
25918,34918,Medium,Medium,0.03394085232046764,0.03171114767131133,0.9343480000082209
25443,34443,Medium,Medium,0.033660778876530996,0.03256177301686396,0.9337774481066051
32210,41210,Medium,Medium,0.03617691757567757,0.037361134855235185,0.9264619475690873
27285,36285,Low,Low,0.030814051449223973,0.937577590120838,0.03160835842993803
39117,48117,High,Medium,0.03169349309962275,0.033427124803694475,0.9348793820966828
1624,10624,Medium,Low,0.03425726204014184,0.5242695285270993,0.4414732094327589
5535,14535,High,Medium,0.034162831173212824,0.0344878746956424,0.9313492941311449
15196,24196,High,High,0.9295168755799604,0.03195665488556731,0.0385264695344724
21165,30165,Medium,Medium,0.031063961308610336,0.031998687500534556,0.9369373511908551
33596,42596,Medium,Low,0.034506762250676594,0.8445000055350143,0.12099323221430923
13831,22831,Medium,Medium,0.031751963414109664,0.03172250372539014,0.9365255328605002
36919,45919,Medium,Medium,0.03318944490074652,0.035415890551038866,0.9313946645482146
10827,19827,Low,Medium,0.031699103742805566,0.03332663059834196,0.9349742656588526
24096,33096,Medium,Medium,0.030260686185146445,0.03234656124297878,0.9373927525718747
23302,32302,Medium,Medium,0.030553454261851503,0.03225944221466916,0.9371871035234793
33537,42537,Medium,Medium,0.03477169387364292,0.032069860217140804,0.9331584459092163
35517,44517,Medium,Medium,0.03326911560948083,0.0375397144483627,0.9291911699421563
25954,34954,Medium,Low,0.03185823506973645,0.8833145093114348,0.08482725561882877
7853,16853,Medium,Medium,0.03703736800480755,0.03305488810544249,0.92990774388975
10369,19369,Low,Low,0.030266925439785108,0.9376738897104836,0.032059184849731436
39412,48412,High,High,0.8352875245330459,0.03981542880568361,0.12489704666127048
21782,30782,Medium,Medium,0.040224333266848315,0.035418406440926524,0.9243572602922251
30739,39739,Medium,Medium,0.033877302622800004,0.03566623256614206,0.930456464811058
4825,13825,High,High,0.9180275104719765,0.03422590036471613,0.047746589163307436
26015,35015,Medium,Medium,0.03642115954413334,0.0353067474222235,0.9282720930336432
29784,38784,High,High,0.9363048126942722,0.03064653026591968,0.033048657039808076
39649,48649,Medium,Medium,0.033959879480484546,0.045973163629398316,0.9200669568901172
3225,12225,Medium,Medium,0.03187300338483112,0.03183645923864178,0.936290537376527
2043,11043,Medium,Medium,0.031017703974826002,0.02926428991159316,0.9397180061135808
8702,17702,Medium,Medium,0.03340244898714171,0.03185441378995616,0.9347431372229021
13680,22680,Low,Low,0.034739862648050394,0.9335931308658042,0.03166700648614527
20852,29852,Medium,Medium,0.03760361202399149,0.03272600132010025,0.9296703866559083
26704,35704,Low,Low,0.02964476455058092,0.9374451980854109,0.0329100373640081
9045,18045,Low,Low,0.03716000186220442,0.8685702718110843,0.09426972632671131
7539,16539,Low,Low,0.030853670354591092,0.9339714446778475,0.0351748849675613
27606,36606,High,High,0.937472174816732,0.03088794534039661,0.0316398798428713
4814,13814,Medium,Medium,0.0333368897203136,0.03138326506116987,0.9352798452185165
18249,27249,Low,Low,0.030325036504224384,0.9345981457719644,0.03507681772381121
38296,47296,Medium,Medium,0.031730433244048034,0.029988495921650173,0.9382810708343019
29986,38986,High,Medium,0.03867573781216747,0.0345767322817401,0.9267475299060924
1768,10768,Medium,Medium,0.031853694163250526,0.033123498610446646,0.9350228072263027
10156,19156,Medium,Medium,0.03250297847387431,0.0301614960948744,0.9373355254312513
17849,26849,Medium,Medium,0.043971076053891035,0.03648972451151003,0.9195391994345989
7699,16699,Low,Low,0.030878434676962174,0.9355256672767241,0.033595898046313626
29874,38874,High,High,0.9283940443170784,0.031531620149382766,0.04007433553353882
33390,42390,Medium,Medium,0.03400228256041651,0.031088472299790615,0.9349092451397928
9672,18672,Medium,Medium,0.035866218600581146,0.0353410382968564,0.9287927431025625
12743,21743,Medium,Medium,0.03288132149200618,0.03336153049459867,0.9337571480133952
9065,18065,Medium,Medium,0.03569304632746149,0.03420596547208982,0.9301009882004488
11756,20756,Low,Low,0.06381311855561693,0.8892653186526779,0.04692156279170512
36852,45852,Medium,Medium,0.034149138441297515,0.033406911685588216,0.9324439498731142
15465,24465,Low,Low,0.03017924375560702,0.9381922323521383,0.03162852389225465
5135,14135,Medium,Medium,0.03096911787897026,0.029935804306515258,0.9390950778145145
30376,39376,High,Low,0.034702773640665936,0.9254899833641922,0.03980724299514198
6276,15276,Medium,Medium,0.03148663335355085,0.0303410864740682,0.938172280172381
18835,27835,High,High,0.9371353541429114,0.029815146819816785,0.03304949903727176
13315,22315,High,Medium,0.030836321741161483,0.030759358360748865,0.9384043198980896
20889,29889,High,High,0.9280948135863629,0.031482157202732404,0.04042302921090465
12641,21641,High,High,0.931032028445573,0.03425389453535385,0.03471407701907309
19256,28256,Medium,Medium,0.02965405088815247,0.030248776896081686,0.9400971722157658
9751,18751,High,High,0.9286681840442538,0.03285470883971547,0.038477107116030855
34065,43065,Low,Low,0.03232505206345543,0.9356945941341998,0.03198035380234485
26423,35423,High,High,0.9366455338512631,0.03030808304163766,0.03304638310709918
19954,28954,Medium,Medium,0.03272557272716453,0.035504926450591105,0.9317695008222443
4975,13975,Medium,Medium,0.03422114066615986,0.031689090908264494,0.9340897684255757
6107,15107,Medium,Medium,0.04805286196605723,0.046453370667305545,0.9054937673666373
36770,45770,Low,Low,0.031437641444520596,0.9227261547118029,0.04583620384367663
28894,37894,Medium,Medium,0.031746429952398424,0.030280859691824175,0.9379727103557775
14461,23461,High,High,0.9293624447807209,0.033859984571926675,0.03677757064735229
26157,35157,Medium,Medium,0.032585466734531617,0.0351692906385277,0.9322452426269408
2000,11000,High,High,0.9290487401457472,0.032750258683562315,0.038201001170690536
12260,21260,High,High,0.9385218183451941,0.0282898334157002,0.033188348239105644
13218,22218,Low,Low,0.029312549870652665,0.93685229325528,0.033835156874067455
4614,13614,Low,Low,0.04150208953774536,0.9239737236116987,0.03452418685055594
14832,23832,Low,Low,0.03838466332868456,0.9278879769005672,0.033727359770748144
30540,39540,High,High,0.9385522329232113,0.02891252149622989,0.03253524558055884
30136,39136,Medium,Medium,0.03243481253439359,0.03082340238661828,0.9367417850789881
27822,36822,Low,Medium,0.0434718372803371,0.035778450297998685,0.9207497124216641
14215,23215,Medium,Medium,0.034783354823900714,0.038529939763426134,0.9266867054126732
2428,11428,Medium,Medium,0.03092749928764371,0.029413302126768775,0.9396591985855874
12136,21136,High,High,0.9377105416679195,0.030557200518285896,0.031732257813794705
31257,40257,High,High,0.9372568007319472,0.031040369384124772,0.03170282988392806
22367,31367,Low,Low,0.029839725694355976,0.9362190199399922,0.033941254365651756
16173,25173,Medium,Medium,0.03222054494506047,0.030978565300194355,0.9368008897547452
15817,24817,Medium,Low,0.03020971548672109,0.9381273028989306,0.031662981614348155
36244,45244,Medium,High,0.9344253379898401,0.030947071716321103,0.034627590293838884
525,9525,Medium,Medium,0.030660206076824622,0.030637841956881254,0.9387019519662941
39989,48989,Medium,Medium,0.03078323140178436,0.03035335821019471,0.9388634103880209
2951,11951,High,High,0.9306620782722682,0.03234678354382361,0.036991138183908034
176,9176,Low,Low,0.032633808493108644,0.9316929136263511,0.035673277880540206
9609,18609,High,Medium,0.030925825163111435,0.031399333565022176,0.9376748412718663
24132,33132,High,High,0.9378244509884337,0.029790163054977847,0.032385385956588505
4460,13460,Low,Low,0.04176319385238495,0.8338719426343797,0.12436486351323535
38800,47800,Low,Medium,0.03122093335150568,0.03219092407094015,0.9365881425775542
4285,13285,High,High,0.9004906221205871,0.04914266088614683,0.05036671699326615
476,9476,Low,Low,0.031266181270537076,0.9363509602542687,0.03238285847519412
29685,38685,Medium,Medium,0.03134689770940712,0.03229046389806855,0.9363626383925242
8656,17656,Low,Medium,0.03505162536307332,0.03243687780920882,0.9325114968277178
24414,33414,Medium,Medium,0.0307187191574132,0.03234451544210141,0.9369367654004854
12709,21709,Medium,Medium,0.03400631061296066,0.06300249074965283,0.9029911986373865
2822,11822,Medium,High,0.9077182192450506,0.04149140224065493,0.05079037851429458
31245,40245,High,High,0.8875022998937121,0.03687965565849662,0.0756180444477911
31140,40140,High,High,0.9291521624926137,0.0334958499751412,0.03735198753224516
13882,22882,Medium,Medium,0.03258093231676287,0.03455046823945916,0.9328685994437779
10429,19429,Medium,Medium,0.03220714962058544,0.03175222866597115,0.9360406217134435
14038,23038,High,High,0.5789775685400106,0.058243036317858744,0.3627793951421307
20042,29042,Medium,Medium,0.03575383945599441,0.037514546368944794,0.9267316141750608
28655,37655,Medium,Medium,0.034611676246710375,0.032126220618604304,0.9332621031346853
23703,32703,Medium,Medium,0.03133564407549617,0.03085706677221554,0.9378072891522883
17997,26997,Medium,Medium,0.031816327965086794,0.03113340115781474,0.9370502708770984
38205,47205,Low,Low,0.034358181461035565,0.9315359983991325,0.03410582013983198
19026,28026,Medium,Medium,0.03835536718025947,0.30809704591957204,0.6535475869001685
24644,33644,Medium,Medium,0.03222043478306444,0.031149483437090775,0.9366300817798447
19011,28011,Medium,Medium,0.03381368060193446,0.03165274816776213,0.9345335712303035
22232,31232,High,High,0.9402239324247614,0.028993921172912163,0.03078214640232632
23689,32689,Medium,Medium,0.04879624414642921,0.03286519528559078,0.91833856056798
5274,14274,Low,Low,0.029033425381357714,0.9393893210596739,0.03157725355896839
6896,15896,High,High,0.7589269606854585,0.05997855685209171,0.18109448246244986
20671,29671,Medium,Medium,0.03253179785854796,0.033377609797235724,0.9340905923442162
30155,39155,Low,Low,0.029298486843263,0.9376785641119905,0.03302294904474663
11902,20902,Low,Low,0.03553515011243751,0.7975602624580665,0.1669045874294961
39043,48043,Low,Low,0.033820570275234794,0.8778482868295033,0.08833114289526191
2288,11288,Low,Low,0.030502882753304938,0.934191911333423,0.03530520591327211
804,9804,Medium,Medium,0.036417673892219116,0.03234588954151565,0.9312364365662652
39964,48964,Medium,Medium,0.03716922738336064,0.03860178291318938,0.92422898970345
25353,34353,High,High,0.9325344032247496,0.03306781510284019,0.03439778167241033
11456,20456,High,High,0.9371927879611605,0.029632942985518745,0.03317426905332074
34244,43244,Medium,Medium,0.031361408187217193,0.031057767860141496,0.9375808239526413
39196,48196,High,High,0.9304724216642143,0.034880737708939874,0.03464684062684581
13349,22349,Medium,Medium,0.03221553822039745,0.03077256920487738,0.9370118925747253
22130,31130,High,High,0.9254719054122561,0.035840483615034724,0.03868761097270916
31075,40075,Low,Low,0.03033420784357907,0.9305427442769129,0.03912304787950813
8555,17555,High,High,0.9354631880180277,0.032507177916848505,0.03202963406512364
20408,29408,Low,Low,0.030414909746799584,0.9329492156813055,0.03663587457189486
30148,39148,Low,Low,0.029426533631467782,0.9393305916863538,0.031242874682178404
11482,20482,Low,Low,0.03117544073258378,0.9272176591050205,0.0416069001623958
34116,43116,Medium,Medium,0.03327287578940055,0.04186686203377738,0.9248602621768219
27088,36088,High,High,0.9355141873762965,0.031999724707100136,0.032486087916603484
38865,47865,Medium,Medium,0.03259321725820027,0.032298283918398354,0.9351084988234014
9523,18523,Medium,Medium,0.035289294856668575,0.03865854094019997,0.9260521642031314
2703,11703,High,High,0.9253747639180916,0.03453714834293522,0.04008808773897329
30577,39577,Medium,Medium,0.0540008910865545,0.031550996907369455,0.9144481120060761
2126,11126,High,High,0.9307357080298851,0.03333821642643677,0.035926075543678195
23229,32229,Medium,Medium,0.03307055062444748,0.033270031348873116,0.9336594180266794
34858,43858,Low,Low,0.030370375046485806,0.929330436483416,0.04029918847009815
35322,44322,High,High,0.9241308133775004,0.036432261796640615,0.03943692482585911
29992,38992,Medium,Medium,0.037205080096032385,0.03611053622405183,0.9266843836799157
26895,35895,High,High,0.9381119671661872,0.029529496232466892,0.03235853660134597
5786,14786,Medium,Medium,0.03310574593447501,0.03135131978290238,0.9355429342826227
14345,23345,Medium,Medium,0.03354941700926842,0.031210791732844866,0.9352397912578866
28754,37754,Low,Low,0.0324281943557981,0.9331900445316879,0.034381761112514043
27611,36611,High,High,0.9233622365024502,0.03358773356393222,0.04305002993361762
39074,48074,Medium,Medium,0.03389438197724011,0.031767767907706836,0.9343378501150531
16952,25952,Medium,Medium,0.030623249412064183,0.03197753678067793,0.9373992138072579
15580,24580,Medium,Medium,0.030455711201753614,0.031243267615735995,0.9383010211825104
17577,26577,High,Medium,0.03300574740748216,0.03283287702982813,0.9341613755626897
29153,38153,Low,Low,0.030953873858424557,0.9378831232972118,0.031163002844363675
14634,23634,Low,Low,0.032714381493854465,0.9351296711878061,0.0321559473183394
38959,47959,High,High,0.9354562065332285,0.03185434085044445,0.032689452616327094
16775,25775,High,Medium,0.03577120523300419,0.032172173956468854,0.9320566208105269
17345,26345,High,High,0.9333562787608128,0.03209927852438216,0.034544442714805106
12769,21769,Low,Low,0.03221341114908471,0.9270640766167865,0.04072251223412879
20067,29067,Low,Low,0.03327051360215604,0.9249822612442539,0.041747225153590105
29652,38652,Low,Low,0.02925894108289891,0.9383314979960957,0.032409560921005394
25488,34488,Medium,Low,0.047209582672780616,0.5005189910972795,0.4522714262299399
20328,29328,Medium,High,0.9340039952749392,0.032045009474934105,0.03395099525012682
15678,24678,High,High,0.9340075824144147,0.03008691258683144,0.035905504998753925
34840,43840,Medium,Medium,0.03342068622628511,0.039609592940607646,0.9269697208331072
10720,19720,Medium,Medium,0.02888521782549719,0.02852295970354708,0.9425918224709556
11550,20550,High,High,0.9267713799113078,0.036342241808398845,0.036886378280293425
7797,16797,Medium,Medium,0.03368000941068866,0.033733407875068934,0.9325865827142424
15823,24823,Medium,Medium,0.032771178600313415,0.030914417787833024,0.9363144036118536
12765,21765,High,High,0.9322303333634059,0.03050069689031683,0.03726896974627742
39027,48027,High,High,0.9307030394285191,0.03368078791564866,0.035616172655832314
12794,21794,Low,Low,0.029671436322605053,0.9388624626763722,0.03146610100102277
29088,38088,Low,Low,0.031593796998688015,0.9347899306383128,0.03361627236299927
578,9578,Medium,Medium,0.03638645795852119,0.47711133759573615,0.4865022044457426
31884,40884,Medium,Medium,0.033278271298762714,0.03163877154350035,0.935082957157737
27351,36351,Low,Low,0.043890348357719676,0.9228580315074391,0.03325162013484129
18897,27897,Medium,Medium,0.03223373657318596,0.03246819275755249,0.9352980706692615
33253,42253,Low,Low,0.033348697473812694,0.9319611088845923,0.03469019364159504
37085,46085,Medium,Medium,0.03498671471015578,0.03127662047941889,0.9337366648104254
1874,10874,High,High,0.9317811838798863,0.030870197346394502,0.03734861877371923
28286,37286,Medium,Medium,0.03707747754612607,0.09068416986568628,0.8722383525881877
5669,14669,Medium,Medium,0.18278513248500228,0.04251648222745388,0.7746983852875439
36633,45633,High,Medium,0.03331418524518243,0.03125222146414718,0.9354335932906704
17161,26161,High,High,0.9373529067020626,0.029992717896869487,0.03265437540106785
20375,29375,Medium,Medium,0.030981256440284027,0.03223377663731362,0.9367849669224024
31734,40734,Medium,Medium,0.030461705264558197,0.030334337184029492,0.9392039575514124
5049,14049,High,High,0.9325795727816439,0.03340939297264071,0.034011034245715444
37331,46331,High,High,0.9239207508641321,0.041813400776729154,0.034265848359138755
11494,20494,High,High,0.8721598171416393,0.037930256138284726,0.08990992672007592
31527,40527,Medium,Medium,0.032580026368914196,0.03584954154180452,0.9315704320892814
29241,38241,Medium,Medium,0.033826711049050044,0.033270040049631015,0.9329032489013188
1664,10664,Medium,Medium,0.03211134856259036,0.030706145721567855,0.9371825057158416
30964,39964,High,High,0.9378613289527111,0.028895438639451532,0.0332432324078373
38353,47353,Low,Low,0.03986918474402379,0.9222576470978675,0.03787316815810874
12849,21849,Medium,Medium,0.030030487534570317,0.029685704411268415,0.9402838080541613
20973,29973,High,High,0.9275987217583874,0.03475169890488478,0.03764957933672786
13885,22885,Low,Low,0.033438644257570184,0.9274565348020872,0.03910482094034249
16576,25576,Medium,Medium,0.034329754910888875,0.12266152404677237,0.8430087210423388
25661,34661,Medium,Medium,0.03352972417770749,0.030374677593586526,0.9360955982287059
2567,11567,High,Low,0.030695295937987633,0.9335583700241106,0.03574633403790169
10370,19370,High,High,0.9317761266545904,0.034208847716068004,0.034015025629341715
18878,27878,Low,Low,0.03654365930621492,0.9248477445156457,0.03860859617813945
19660,28660,Medium,Medium,0.0506441531845453,0.035211239229667214,0.9141446075857876
4653,13653,Medium,Medium,0.03848540296848669,0.03722274369210498,0.9242918533394082
28905,37905,Medium,Medium,0.03293319086966384,0.037987617969969474,0.9290791911603665
9935,18935,Medium,Medium,0.03408684200986459,0.03187341552800862,0.9340397424621267
11758,20758,Medium,Medium,0.03352340548484969,0.03232094532581634,0.9341556491893339
37537,46537,Medium,Medium,0.03053470191502868,0.029363714213164638,0.9401015838718068
28431,37431,Medium,Medium,0.0344812902959092,0.03758459861767273,0.927934111086418
23602,32602,Medium,Medium,0.030815940199632182,0.031831462766490404,0.9373525970338775
3093,12093,Low,Medium,0.03278028655470434,0.034943250544639086,0.9322764629006567
29552,38552,Medium,Medium,0.03620741495597258,0.03613536074659396,0.9276572242974334
873,9873,Medium,High,0.5126842837491526,0.05197858239384681,0.4353371338570005
33013,42013,Low,Low,0.03513868253402571,0.9270597401608942,0.037801577305079985
28578,37578,Medium,Medium,0.03284312585074634,0.030303326397253392,0.9368535477520004
7466,16466,High,High,0.9368950116563264,0.0300564736009101,0.03304851474276358
19360,28360,Low,Low,0.029981419166664487,0.9347961498046863,0.03522243102864935
3490,12490,Medium,Medium,0.031533054868968194,0.030763635942434215,0.9377033091885977
17287,26287,Medium,Medium,0.035610857050289546,0.03461292434679947,0.9297762186029109
307,9307,Medium,Medium,0.0317603404447192,0.030331804006913193,0.9379078555483676
38392,47392,Low,Low,0.03430660947598462,0.9248526282920158,0.04084076223199958
34623,43623,High,Low,0.0377985795568835,0.9277706382002631,0.03443078224285346
21261,30261,High,High,0.934813195083418,0.03015328849700058,0.035033516419581544
24920,33920,High,Low,0.03045390104793359,0.9371685196387056,0.0323775793133608
6743,15743,Medium,Medium,0.03116639048296972,0.032005380860515985,0.9368282286565143
14103,23103,High,High,0.9211898313751838,0.03795581783486934,0.040854350789946745
25538,34538,High,High,0.9343334233809703,0.03146582475277999,0.03420075186624965
18231,27231,Low,Low,0.03728498084182124,0.923443408913494,0.03927161024468468
18651,27651,High,High,0.9331084666918267,0.03107344314541231,0.03581809016276103
34089,43089,High,High,0.9275370220658802,0.03618067120089912,0.03628230673322092
9489,18489,Medium,Medium,0.034122972794722324,0.030753045521674433,0.9351239816836032
7783,16783,High,High,0.9344199066525878,0.030500618087120488,0.0350794752602917
33536,42536,Medium,Medium,0.031351448374340445,0.03524617913740535,0.9334023724882542
33178,42178,Medium,Medium,0.034862663094764934,0.031560083802366974,0.9335772531028681
4780,13780,Medium,Medium,0.03125432037935224,0.03068306607960672,0.938062613541041
545,9545,High,High,0.9313995943590773,0.0344069383359237,0.03419346730499915
36695,45695,Medium,Medium,0.03083722332831133,0.03104371054975033,0.9381190661219382
26560,35560,Medium,Medium,0.032634221480384744,0.03183767237981101,0.9355281061398042
7160,16160,Medium,Medium,0.034522383419209074,0.03186792080757628,0.9336096957732147
30201,39201,Low,Low,0.04292448332160711,0.4901972207685179,0.4668782959098749
2161,11161,Medium,Medium,0.03380235526022989,0.033625774051234944,0.9325718706885352
25451,34451,Medium,High,0.7497727726335596,0.05733145077427393,0.1928957765921665
16230,25230,Medium,Medium,0.030870937312036228,0.031438597894564484,0.9376904647933993
18219,27219,Low,Low,0.033671902733320186,0.9316353211637763,0.03469277610290343
12006,21006,Low,Low,0.02986053987795381,0.9374107930036271,0.03272866711841919
11628,20628,High,High,0.8787782677269735,0.0488991901267313,0.07232254214629508
36578,45578,Medium,Medium,0.03226340873724239,0.03334874316626638,0.9343878480964912
7067,16067,Medium,Medium,0.037349127006962586,0.03399968611081556,0.9286511868822219
23068,32068,Medium,Medium,0.03459385641243964,0.03780897415145785,0.9275971694361025
25605,34605,Medium,Medium,0.03207343858903893,0.03383703602307705,0.9340895253878839
34080,43080,Low,Low,0.02923585148211524,0.9384148734577459,0.032349275060138925
26647,35647,High,High,0.9342421484645153,0.03272495125771533,0.03303290027776943
31611,40611,Medium,Medium,0.03228806763077277,0.03308528129746586,0.9346266510717615
29958,38958,Medium,Medium,0.04391311069388282,0.04188634791547271,0.9142005413906444
7345,16345,Medium,Medium,0.03279846375482236,0.03377370083670495,0.9334278354084726
19237,28237,Medium,Medium,0.033931280511846046,0.030574699889731532,0.9354940195984224
9801,18801,High,High,0.9331987701808746,0.03140100935193986,0.0354002204671855
8652,17652,Medium,Medium,0.03254746393753665,0.03243334583455877,0.9350191902279046
39064,48064,Medium,Medium,0.030163438638478087,0.02933055605701058,0.9405060053045112
14242,23242,Low,Low,0.0358218043962325,0.9275727047842842,0.03660549081948316
31936,40936,Medium,Medium,0.03398553591760079,0.03239177386293023,0.933622690219469
7247,16247,Low,Low,0.035750036010761065,0.9298597088561419,0.03439025513309696
27136,36136,High,High,0.9240127935376474,0.03798093473743485,0.038006271724917724
30262,39262,Low,Low,0.030144887807779807,0.9366794995824727,0.033175612609747586
13127,22127,Low,Low,0.032539265261754345,0.9209740806209462,0.04648665411729941
6941,15941,Medium,Medium,0.03193121822691948,0.03266856636741556,0.935400215405665
5407,14407,Medium,Medium,0.03338983231388268,0.03107499381195265,0.9355351738741647
32232,41232,Medium,Medium,0.03242524096992595,0.03300735234176594,0.9345674066883082
24193,33193,High,High,0.9330467174320586,0.0312064834813227,0.035746799086618763
25445,34445,High,High,0.9362450514562438,0.030417748880976547,0.033337199662779676
20100,29100,High,High,0.8655425716753973,0.037056320502231475,0.09740110782237123
9725,18725,Low,Low,0.03157585306874714,0.935120965057506,0.03330318187374686
3834,12834,Medium,Medium,0.03337353383529138,0.03345784232873376,0.9331686238359748
8037,17037,Medium,Medium,0.03752184581101438,0.031693725986108784,0.9307844282028769
17919,26919,Medium,Medium,0.03382144696687068,0.03831653721648897,0.9278620158166403
33790,42790,Medium,Medium,0.03119249463269003,0.033505273744844945,0.9353022316224652
39487,48487,Medium,Medium,0.03356644478218595,0.037102455958868734,0.9293310992589453
10633,19633,Low,Low,0.03135765220084511,0.936029187447576,0.032613160351579004
16170,25170,Medium,Medium,0.030954021585762825,0.0321384060230857,0.9369075723911515
36900,45900,Medium,Medium,0.03348530391189843,0.03316793763268248,0.933346758455419
13764,22764,Medium,Medium,0.037219569772134996,0.036165984492663165,0.9266144457352018
23301,32301,Low,Low,0.033080513767479856,0.9327004519290178,0.034219034303502344
20650,29650,Medium,Medium,0.029400623282133508,0.02937844538287333,0.9412209313349932
13022,22022,High,High,0.9361492711629188,0.030574354097596342,0.0332763747394848
4360,13360,High,High,0.9355074726206749,0.03128572480192324,0.03320680257740185
25998,34998,Medium,Medium,0.035383757381198706,0.03239710226408971,0.9322191403547117
33122,42122,Low,Low,0.04623508297170393,0.917170081208495,0.03659483581980104
1373,10373,High,High,0.9300960504859496,0.0331454355615065,0.036758513952544015
22015,31015,High,High,0.9230591663519592,0.033775677980414885,0.04316515566762594
36595,45595,Low,Low,0.02900503039063892,0.9382813273193329,0.03271364229002818
4273,13273,High,High,0.9392573546065027,0.029471071458844266,0.031271573934653026
17078,26078,High,Medium,0.039112091996418845,0.035148710864594306,0.9257391971389869
5127,14127,High,High,0.9386737326798326,0.029368930686866867,0.0319573366333005
38149,47149,Medium,Medium,0.028849434007091918,0.030277187561438403,0.9408733784314697
30999,39999,High,High,0.9329110541088005,0.0318784683987032,0.03521047749249626
3926,12926,High,Medium,0.032032771390831105,0.032028473476077936,0.935938755133091
10115,19115,Medium,Low,0.03283364846110989,0.9328651586129677,0.03430119292592231
1197,10197,Low,Low,0.029056950083641717,0.9375032818553661,0.03343976806099216
2606,11606,Medium,Medium,0.0326439985369457,0.030821147755932046,0.9365348537071222
28240,37240,Medium,Medium,0.039599528213028944,0.045855580037943634,0.9145448917490274
25923,34923,High,High,0.9327033685605949,0.03360847277878524,0.03368815866061984
19450,28450,High,High,0.9306402267256112,0.033401927020516774,0.035957846253871974
3805,12805,Medium,Medium,0.03429717815415367,0.0333393910187775,0.9323634308270687
37407,46407,Low,Low,0.032952909218171476,0.9244374216784518,0.04260966910337675
17810,26810,Low,Low,0.03119884368821722,0.9352233891825161,0.033577767129266654
2307,11307,Medium,Medium,0.030191047013075987,0.030248258076527656,0.9395606949103964
16968,25968,Low,Low,0.044034708918739736,0.9229924074838948,0.032972883597365645
19173,28173,Low,Low,0.030084309647198725,0.9370935490868696,0.03282214126593178
7139,16139,High,High,0.9291254971565089,0.034090093157723156,0.036784409685767926
6043,15043,Medium,Medium,0.0390610209907083,0.037201454666087076,0.9237375243432046
20796,29796,Low,Low,0.03614954735550271,0.9238751851235308,0.03997526752096658
23964,32964,High,High,0.9289782337646196,0.031358005670247706,0.03966376056513258
25748,34748,High,High,0.9372537754394811,0.028928965970753784,0.033817258589765205
21679,30679,Medium,Medium,0.03478912135959874,0.035545081209744644,0.9296657974306567
24485,33485,Medium,Medium,0.04245671066949658,0.03296129387357687,0.9245819954569265
20863,29863,Low,Low,0.0339513167971078,0.9124862047868305,0.05356247841606176
31032,40032,High,High,0.9134824927633028,0.032442682851760225,0.054074824384937
34608,43608,Medium,Medium,0.030729050103566153,0.029071118251220746,0.9401998316452133
12055,21055,Medium,Medium,0.03296877737955682,0.04721638776841711,0.919814834852026
36640,45640,Medium,Medium,0.03466665741383061,0.031612080275354996,0.9337212623108143
8234,17234,High,High,0.9350143117536494,0.031673189623237376,0.03331249862311336
6806,15806,High,High,0.9297758734167664,0.03826438599011219,0.03195974059312149
23001,32001,Low,Low,0.029880932630553688,0.9364610384135176,0.03365802895592886
30915,39915,Medium,Medium,0.03326328798434964,0.030203320982382556,0.9365333910332678
35586,44586,Low,Low,0.0357933298095513,0.9203452177727897,0.043861452417659035
33302,42302,High,High,0.9356135153304251,0.03077983929955162,0.03360664537002323
7618,16618,High,High,0.9344939249772861,0.03199361036784006,0.033512464654873904
20551,29551,Medium,Medium,0.030879350833652643,0.030103352856774138,0.9390172963095732
650,9650,High,High,0.9318875659289424,0.03143263986333547,0.036679794207722105
8615,17615,Low,Low,0.03214495220762387,0.9329078848077503,0.0349471629846257
3591,12591,Low,Low,0.032298437585276764,0.9290353621920614,0.03866620022266172
39913,48913,High,High,0.9393582624226023,0.029270359269687754,0.03137137830770979
7583,16583,High,High,0.936669185515805,0.029113589246967057,0.034217225237227866
27129,36129,Medium,Medium,0.03203601947414065,0.031068851036606,0.9368951294892535
28531,37531,Medium,Medium,0.046236423080137014,0.03318154906814844,0.9205820278517146
35916,44916,Medium,Medium,0.03518227307969089,0.03655611556458804,0.928261611355721
12445,21445,Medium,Medium,0.03493098853864145,0.032007781467808666,0.9330612299935499
21764,30764,Low,Low,0.03484334672694692,0.8169701784520452,0.1481864748210079
19554,28554,High,High,0.9343262231969893,0.03315384482089699,0.0325199319821138
38332,47332,Medium,Medium,0.03237396158153203,0.029471805835454334,0.9381542325830137
8151,17151,High,High,0.9274208682735243,0.032996386587044006,0.03958274513943164
27531,36531,Low,Low,0.0320872476010207,0.933262618496888,0.03465013390209135
12110,21110,Medium,Medium,0.03221442245818162,0.03254569293066001,0.9352398846111584
7594,16594,Low,Low,0.03024928866508732,0.937440856698638,0.03230985463627465
9260,18260,Medium,Medium,0.033590055872333525,0.03278879294709728,0.9336211511805693
8670,17670,Medium,Medium,0.038353442460532065,0.030970174927595878,0.930676382611872
24722,33722,High,High,0.9335268019951507,0.03149474623515255,0.034978451769696745
7377,16377,Medium,Medium,0.03657927269702612,0.03496436479120192,0.928456362511772
31271,40271,Medium,Medium,0.033450868873545696,0.03172724327276095,0.9348218878536932
16649,25649,Medium,Medium,0.032497415000350874,0.03417674972026583,0.9333258352793833
24505,33505,Medium,Medium,0.031708106916324336,0.031435249568971285,0.9368566435147043
25426,34426,Medium,Medium,0.03102205955469814,0.03236514852295689,0.9366127919223449
4792,13792,Medium,Medium,0.031114348774056114,0.03087793441586161,0.9380077168100823
27446,36446,Low,Low,0.03558708180931835,0.9312679836785892,0.0331449345120925
3099,12099,Medium,Medium,0.030434398162586043,0.03044495418460066,0.9391206476528132
12602,21602,Low,Low,0.030786796805696282,0.9359491725649267,0.03326403062937699
4028,13028,Medium,Medium,0.03314451887334174,0.030320878988804676,0.9365346021378537
32418,41418,High,High,0.9291360005710546,0.033912196857400566,0.03695180257154479
25955,34955,Medium,Medium,0.03294984014895356,0.03317286633355543,0.933877293517491
13452,22452,Medium,Medium,0.0320081081848139,0.031127117516463836,0.9368647742987223
13898,22898,Medium,Medium,0.03288910493913135,0.030974652782146683,0.9361362422787219
25874,34874,Low,Low,0.029200476293116052,0.9389657017082107,0.03183382199867329
37216,46216,Medium,Medium,0.03099985897644743,0.031207695429266324,0.9377924455942862
35262,44262,Low,Low,0.03367030684816615,0.9254363928538488,0.040893300297985075
17372,26372,Medium,Medium,0.031303803783771365,0.04007734919493777,0.9286188470212909
2682,11682,Medium,Medium,0.03655457610412874,0.03231178260573749,0.9311336412901339
28111,37111,High,High,0.9298778500449743,0.034207331931119765,0.035914818023906
18242,27242,High,High,0.7950697322189862,0.03595887087035281,0.16897139691066088
22512,31512,Medium,Medium,0.0331467924933762,0.03104842044643624,0.9358047870601874
2255,11255,Medium,Medium,0.031398496597605664,0.029802516830702813,0.9387989865716916
23676,32676,High,High,0.9353001833053503,0.031249616968513288,0.03345019972613644
27735,36735,High,High,0.9232684178204663,0.04100532206600934,0.03572626011352439
25270,34270,Low,Low,0.0342301692508988,0.9320180602003508,0.033751770548750344
9394,18394,Low,Low,0.031738143689446253,0.9241224684923766,0.0441393878181773
11789,20789,Medium,Medium,0.03737606291544229,0.139233337909183,0.8233905991753746
29676,38676,Medium,High,0.9351014160069201,0.03127353680678938,0.0336250471862905
29719,38719,Medium,Medium,0.03450198399992943,0.03345357121277293,0.9320444447872976
29800,38800,High,High,0.9327119034716297,0.03149119956455999,0.03579689696381027
33576,42576,Medium,Medium,0.031872388853915044,0.03137465533089274,0.9367529558151922
29169,38169,Medium,Medium,0.030125220903848653,0.03140797360440917,0.9384668054917422
32105,41105,Low,Low,0.03433955965732877,0.8874963110593556,0.07816412928331566
7256,16256,Low,Medium,0.031597593423139496,0.03300944723715523,0.9353929593397052
10148,19148,High,High,0.9255395177245783,0.03333481377372694,0.04112566850169468
20529,29529,High,High,0.9361428241112418,0.03209887344986676,0.03175830243889139
19569,28569,Medium,Medium,0.03360112584766267,0.03282234846989741,0.9335765256824399
32917,41917,Medium,Medium,0.03505016945097466,0.04490779853013637,0.9200420320188889
30445,39445,Low,Low,0.03911901687205251,0.9065371033050541,0.05434387982289335
36259,45259,Medium,Medium,0.03406840453578249,0.03274015251653724,0.9331914429476803
13175,22175,Medium,Medium,0.03267562934825603,0.03265585273539256,0.9346685179163514
22186,31186,Low,Low,0.031437128314710745,0.9283353166268489,0.040227555058440397
27502,36502,Low,Low,0.03063979192123577,0.9367035983482644,0.032656609730499726
13847,22847,High,High,0.937159594416558,0.030340594430597185,0.03249981115284478
36696,45696,Low,Low,0.03379739697851796,0.9262097221385034,0.03999288088297865
30636,39636,Low,High,0.9315046488684807,0.03240828687328725,0.03608706425823199
25651,34651,Low,Low,0.03236938472879706,0.9342995898330089,0.03333102543819403
27209,36209,Medium,Medium,0.03286285972660949,0.036773408285084484,0.9303637319883059
26867,35867,High,High,0.9354807158475591,0.030279629470013586,0.034239654682427366
25066,34066,Low,Low,0.02990122324041022,0.9385514303617866,0.03154734639780314
4424,13424,Low,Low,0.04328428093136805,0.8239613617055112,0.1327543573631207
10133,19133,Medium,Medium,0.04463395322508337,0.04277714432142198,0.9125889024534946
31137,40137,Low,Low,0.03119524850097681,0.9321339961037074,0.0366707553953157
33555,42555,High,Medium,0.054806849163578246,0.037939752645963006,0.9072533981904588
30938,39938,Low,Low,0.02983715341359042,0.9362037192857388,0.03395912730067085
26039,35039,Medium,High,0.9390212107172177,0.028575814952474504,0.032402974330307886
39134,48134,High,High,0.9289939757999895,0.038118999136573725,0.032887025063436666
17336,26336,High,High,0.9318545202104441,0.03224305483445841,0.035902424955097496
20121,29121,Low,Low,0.031884366326678536,0.933838532738109,0.03427710093521236
8386,17386,Low,Medium,0.03375620080241679,0.07622756804273094,0.8900162311548522
32633,41633,Medium,Medium,0.032324819288364316,0.03020810120961592,0.9374670795020198
30977,39977,Medium,Medium,0.03266755547515602,0.030751950241408185,0.9365804942834357
31013,40013,Medium,Medium,0.03784284496489374,0.04464458421872224,0.9175125708163842
28340,37340,Medium,Medium,0.03217626057300415,0.030772286624158013,0.9370514528028377
11769,20769,Medium,Medium,0.03205790040090086,0.029946664033746226,0.9379954355653529
306,9306,Low,Low,0.03275769854516495,0.9273038694689287,0.03993843198590631
32488,41488,Medium,Medium,0.03606847155847311,0.03198579574495657,0.9319457326965703
30685,39685,Medium,Medium,0.03754371547886232,0.03901994986333054,0.9234363346578071
26226,35226,High,High,0.9296937006996578,0.03334808991796944,0.036958209382372625
10417,19417,Medium,Medium,0.030616480554390483,0.030540852717584565,0.938842666728025
38049,47049,Low,Low,0.03336889375202338,0.9340781382044557,0.03255296804352084
35609,44609,High,Medium,0.02945040353464408,0.029930470601663452,0.9406191258636923
2256,11256,Low,Medium,0.03490616651755172,0.03222871822571255,0.9328651152567358
33753,42753,Medium,Medium,0.03473437325007454,0.030417231024003805,0.9348483957259216
14843,23843,Medium,Low,0.041815490052835635,0.9056375015296508,0.05254700841751354
9726,18726,Low,Low,0.03447394144027952,0.9322700253254744,0.03325603323424614
16096,25096,Medium,Medium,0.03308832488402724,0.03266721835374562,0.9342444567622272
25089,34089,Low,Low,0.03299969465334639,0.92961638801721,0.037383917329443565
28010,37010,Low,Low,0.029778317767664587,0.9338340573297398,0.03638762490259557
31098,40098,Low,Low,0.031085991130868688,0.9370906221977863,0.03182338667134508
12308,21308,Medium,Medium,0.031116673392914435,0.03169403906544662,0.937189287541639
7423,16423,High,High,0.933730022591576,0.03205524303942229,0.03421473436900157
39738,48738,High,High,0.935556241468984,0.03166412508497596,0.03277963344604017
9361,18361,High,High,0.9317723092153063,0.03486443800208519,0.03336325278260859
20477,29477,Low,Low,0.04356102810500697,0.9167080171173523,0.039730954777640805
22177,31177,Low,Low,0.03403325251305587,0.9317124247340285,0.034254322752915574
38612,47612,Medium,Medium,0.031305924660876644,0.036295461621371455,0.9323986137177519
31460,40460,Medium,Medium,0.03271932057528693,0.03696555302978793,0.9303151263949251
434,9434,Medium,Medium,0.03534788593644284,0.030892488625930106,0.9337596254376269
12874,21874,High,High,0.9246076218541054,0.03132394209687735,0.04406843604901722
36044,45044,High,High,0.9224796828259759,0.03386651240971136,0.04365380476431272
22535,31535,Medium,Medium,0.029779742786014723,0.02980661245756076,0.9404136447564245
39774,48774,Medium,Medium,0.03136167142176299,0.030995794662894493,0.9376425339153426
12085,21085,High,High,0.9338376169897441,0.031367195673663674,0.034795187336592204
34546,43546,Low,Low,0.030720776864339914,0.9318410223266161,0.037438200809044066
3445,12445,Medium,Medium,0.04006631883298455,0.03404412919589056,0.925889551971125
25024,34024,High,High,0.9321220097495541,0.034444981820724065,0.03343300842972197
1399,10399,Medium,Medium,0.031134051058739037,0.03363709428940684,0.935228854651854
14497,23497,Low,Low,0.03010850250972753,0.9366668512645454,0.03322464622572699
24534,33534,Medium,Medium,0.03220582659177301,0.03300803914168351,0.9347861342665436
8823,17823,Low,Low,0.029876991210517272,0.9390377540295282,0.03108525475995448
21260,30260,Medium,Medium,0.078517453779743,0.03593554078821082,0.8855470054320461
37338,46338,Low,Low,0.031286734482714997,0.9362368916112969,0.03247637390598806
20618,29618,Medium,Medium,0.037691807195480403,0.042198975210282215,0.9201092175942374
19115,28115,Medium,Medium,0.03363621415978115,0.033482403429592154,0.9328813824106268
20922,29922,Medium,Medium,0.05920362977984908,0.03374275509335328,0.9070536151267975
12513,21513,Medium,Medium,0.03078989672897413,0.03343937608696816,0.9357707271840577
36359,45359,High,High,0.9363319141570757,0.03204271374639311,0.03162537209653123
12164,21164,High,High,0.930241631866259,0.034050278716552695,0.035708089417188386
3094,12094,Medium,Medium,0.046553392973763985,0.23352948658477654,0.7199171204414595
25631,34631,Low,Low,0.036241196023652465,0.9304863067387507,0.033272497237596906
11987,20987,Medium,Medium,0.035002425063093937,0.037968001713965464,0.9270295732229407
10963,19963,Medium,Medium,0.038835430925007644,0.041885609528828686,0.9192789595461637
8161,17161,Low,Low,0.0339245085121159,0.9185930807070596,0.04748241078082444
12489,21489,High,High,0.9264540467813237,0.03155956771984244,0.041986385498833906
6244,15244,Medium,Medium,0.0317309919390397,0.03207976612005161,0.9361892419409087
38195,47195,Medium,Medium,0.031094582307846303,0.029965422785716456,0.9389399949064372
27365,36365,Low,Low,0.03082119559994662,0.9350932526542023,0.03408555174585098
29258,38258,Medium,Medium,0.035407871694985264,0.03457309453047793,0.9300190337745368
17611,26611,Low,Low,0.030189068944162085,0.9367569093443612,0.033054021711476665
22331,31331,Medium,Medium,0.034926683804644976,0.06779080042419332,0.8972825157711618
21607,30607,Medium,Medium,0.032553687222599055,0.029703235761047605,0.9377430770163534
9899,18899,Low,Low,0.029609751479827303,0.9362455818238518,0.03414466669632097
27036,36036,High,High,0.9339649614052651,0.03161632716042972,0.03441871143430522
31887,40887,Medium,Medium,0.033479022983871114,0.12818747975969638,0.8383334972564325
26607,35607,High,High,0.9349637562036142,0.03253492830554276,0.032501315490843195
30224,39224,Medium,Medium,0.031019243740797117,0.031770800986577044,0.937209955272626
7595,16595,Medium,Medium,0.037676031521281024,0.0356538725867897,0.9266700958919293
1280,10280,Medium,Medium,0.03552344062695489,0.0317728747319318,0.9327036846411133
2961,11961,Medium,High,0.9352856644877078,0.031111783743176146,0.033602551769116064
15661,24661,Medium,Medium,0.03098109854838697,0.02998856476694249,0.9390303366846705
4332,13332,Medium,Medium,0.03535310116534603,0.0379632998967125,0.9266835989379415
21740,30740,Low,Low,0.03154198153903243,0.9325747836224009,0.03588323483856664
15736,24736,Low,Low,0.03245937819846504,0.932064430114144,0.035476191687391044
9088,18088,High,High,0.4785208050931173,0.07257880018657455,0.4489003947203081
6788,15788,High,High,0.934926242248133,0.03102243217974755,0.0340513255721194
18081,27081,Low,Low,0.04231081157936915,0.9129885316442734,0.04470065677635737
19986,28986,Low,Low,0.03167305849319927,0.9329622119447912,0.035364729562009575
28322,37322,High,High,0.9351344142445567,0.030489411728334154,0.03437617402710911
36830,45830,Medium,Medium,0.03364693843562908,0.030668034020943803,0.9356850275434271
34057,43057,Low,Low,0.03239358040346942,0.8952247156993692,0.07238170389716153
618,9618,High,High,0.934426649793862,0.029604526793807096,0.0359688234123308
3618,12618,Medium,Medium,0.04968174934985145,0.03562333078119762,0.914694919868951
5167,14167,High,High,0.9295196788247241,0.031698694490975836,0.038781626684300026
25623,34623,Low,Low,0.031861006352639686,0.925592881790814,0.04254611185654638
7841,16841,Low,Low,0.029311146860155363,0.9346349311338479,0.036053922005996636
28290,37290,Medium,Medium,0.03348247065817997,0.03174354553949012,0.9347739838023298
39546,48546,Medium,Medium,0.03201340241365569,0.031712589699127956,0.9362740078872164
15761,24761,Low,Medium,0.031163281268685516,0.035038014176879025,0.9337987045544355
5295,14295,Medium,Medium,0.039758523072368386,0.07731753588928714,0.8829239410383445
25849,34849,High,High,0.9357535621068364,0.03075205817534707,0.03349437971781658
33104,42104,High,High,0.9325270917559262,0.03237368758435789,0.03509922065971605
21468,30468,High,High,0.9295343523071943,0.03246572892310449,0.03799991876970122
32462,41462,Medium,Medium,0.029931937457931376,0.029765965213410784,0.9403020973286579
9539,18539,High,High,0.9285003890751694,0.038142890914954826,0.03335672000987578
3520,12520,High,Medium,0.03184736985691222,0.030112940786991477,0.9380396893560964
16093,25093,High,High,0.9324252529164805,0.03094426718658666,0.03663047989693282
38667,47667,Low,Low,0.03381462840133317,0.9345124870142985,0.031672884584368406
22660,31660,Medium,Medium,0.033866570993642736,0.03161089679016968,0.9345225322161875
32949,41949,Low,Low,0.03173095627813569,0.9303165660191809,0.0379524777026834
1170,10170,High,High,0.9376096491676463,0.02933061981447861,0.03305973101787501
23705,32705,Low,Low,0.03400164286790482,0.9333599770928972,0.032638380039197945
5186,14186,High,High,0.9342241429098119,0.03163751090750709,0.03413834618268089
10906,19906,High,High,0.926200881459624,0.033936132619820564,0.039862985920555496
14079,23079,Medium,Low,0.04166443021404231,0.5831515879342998,0.37518398185165786
20256,29256,High,High,0.9360183762381046,0.03152676830630422,0.03245485545559121
19045,28045,Medium,Medium,0.03308098663897777,0.033308028162644956,0.9336109851983773
35237,44237,Medium,Medium,0.052752839598023356,0.033938043750432245,0.9133091166515444
39404,48404,Medium,Medium,0.030427097933150665,0.02956859142884535,0.9400043106380039
18000,27000,High,High,0.9385567721473994,0.029262284998606575,0.03218094285399403
23824,32824,Low,Medium,0.03513912852913029,0.03228838094383637,0.9325724905270333
38673,47673,High,High,0.9335823115359618,0.03157143206201771,0.03484625640202052
25148,34148,High,High,0.9367474016404657,0.030147067883587536,0.03310553047594685
5064,14064,Medium,Medium,0.03365092950914769,0.03327665013852865,0.9330724203523234
33145,42145,Medium,Medium,0.04614392540524776,0.03936319341661206,0.9144928811781402
14030,23030,Medium,Medium,0.032228475069664315,0.03133354099542563,0.9364379839349102
22284,31284,High,High,0.9280413658732303,0.03489133665372898,0.03706729747304066
37447,46447,Low,Low,0.03500740042845735,0.9255523647127947,0.039440234858748036
15059,24059,Low,High,0.9351346207673924,0.030245553804329525,0.034619825428277996
12031,21031,Low,Low,0.03367085476183509,0.9319172394489305,0.03441190578923437
30281,39281,Medium,Medium,0.06701000017421,0.45185916631982925,0.48113083350596075
466,9466,Medium,Medium,0.03205318832484272,0.039969887319532264,0.9279769243556251
33669,42669,High,High,0.9392003842845803,0.02931143456252071,0.03148818115289898
37456,46456,Low,Low,0.039650311932649306,0.9157963756986022,0.0445533123687486
17631,26631,Medium,Medium,0.03694613461015831,0.035863504698857705,0.927190360690984
29675,38675,Medium,Medium,0.03472433185052483,0.04109599450459675,0.9241796736448785
30570,39570,Medium,Medium,0.033313785494303506,0.034970857955532904,0.9317153565501636
28302,37302,Medium,Medium,0.03586754783593912,0.03165884144850269,0.9324736107155583
17151,26151,Low,Low,0.030113339667146643,0.9367713307663759,0.033115329566477406
23970,32970,Medium,Medium,0.031793104636150794,0.033696460047490266,0.934510435316359
26759,35759,High,High,0.931199536120961,0.03055583782610297,0.038244626052936014
22247,31247,Medium,Medium,0.03489221827998792,0.036749979349414215,0.928357802370598
27876,36876,High,Medium,0.030213210897811066,0.031035734455828454,0.9387510546463605
21038,30038,Medium,Medium,0.05579836795219332,0.2852418411211535,0.658959790926653
15091,24091,High,High,0.9341162600147775,0.0315595192182913,0.03432422076693123
14950,23950,Low,Medium,0.029941769133809446,0.031138524037438272,0.9389197068287523
2671,11671,Medium,Medium,0.029839539955343764,0.032994137551645535,0.9371663224930108
10131,19131,Medium,Medium,0.036573843217289646,0.03728715262062276,0.9261390041620876
31310,40310,Medium,Medium,0.04163056503001339,0.03492604328564172,0.9234433916843451
5601,14601,Medium,Medium,0.02913827633054294,0.028675431374621776,0.9421862922948353
37327,46327,Low,Low,0.0339869045720619,0.9241110297776342,0.041902065650303855
11513,20513,Low,Low,0.02894753406604293,0.9363579372757523,0.03469452865820469
30479,39479,High,High,0.9322344581184591,0.031110547236393473,0.03665499464514742
33686,42686,Medium,Medium,0.03397824924452681,0.03146568475238054,0.9345560660030926
26642,35642,High,Medium,0.030897515850397586,0.03298552434682526,0.9361169598027771
5910,14910,Medium,Medium,0.04626444104021143,0.03905713972481197,0.9146784192349765
23623,32623,Medium,Medium,0.03349884344153092,0.03049947483050097,0.936001681727968
35442,44442,Low,Low,0.0416234161637439,0.9210673860422408,0.03730919779401519
27703,36703,Medium,Medium,0.03253540497219206,0.037590355288866596,0.9298742397389413
30646,39646,Medium,Medium,0.05983589208745068,0.04649937983382912,0.8936647280787202
1903,10903,Medium,Medium,0.034674585238720294,0.02975963767980182,0.9355657770814779
13041,22041,High,High,0.9301449781673391,0.03194753526484976,0.03790748656781114
21756,30756,Medium,Medium,0.02992639119706957,0.029460023073019637,0.9406135857299108
32901,41901,Medium,Medium,0.031044718399648813,0.03181781023902044,0.9371374713613307
25246,34246,Medium,Medium,0.034639199209663435,0.030533029665151284,0.9348277711251853
36449,45449,Low,Medium,0.03350621271905281,0.04691777306250163,0.9195760142184456
7400,16400,Low,Low,0.029056080415444135,0.9392831991556908,0.031660720428864995
34117,43117,Medium,Medium,0.03780066762221991,0.031953915507759785,0.9302454168700204
19804,28804,Medium,Medium,0.03173469515717547,0.03055485708143284,0.9377104477613917
39078,48078,Medium,Medium,0.032012090431612135,0.031236664638480006,0.9367512449299079
27244,36244,Low,Low,0.030782498485690327,0.9368915841957918,0.032325917318517756
19578,28578,High,Medium,0.034832567731659915,0.03148124278596797,0.9336861894823721
25703,34703,Medium,Medium,0.0377691572664545,0.03297077426983945,0.929260068463706
25136,34136,Low,Low,0.03710909794990118,0.8820565136109498,0.08083438843914896
6882,15882,Medium,Medium,0.03395840686073664,0.03441230385877772,0.9316292892804857
18447,27447,High,High,0.9233491186747297,0.03403015519533593,0.04262072612993432
13603,22603,Medium,Low,0.03412871436460932,0.9321096095834759,0.033761676051914706
23276,32276,Low,Low,0.030674723865497133,0.9332628813385963,0.036062394795906665
36561,45561,Low,Medium,0.04322992346255811,0.24324367517505427,0.7135264013623877
13029,22029,Medium,Medium,0.04487577154241925,0.03420881795485489,0.9209154105027259
24153,33153,Low,Low,0.03150184982538352,0.9318747752390126,0.036623374935603914
21968,30968,Medium,Medium,0.033869282310371784,0.032430882704156824,0.9336998349854714
21356,30356,High,High,0.93452559109526,0.03280987977156004,0.03266452913317997
36502,45502,Medium,Medium,0.030460702250734283,0.03324261663329301,0.9362966811159726
24007,33007,Medium,Medium,0.04621634544741857,0.03188542350991862,0.9218982310426628
3688,12688,Medium,Medium,0.02996568337394857,0.03090347926824516,0.9391308373578062
687,9687,Medium,Low,0.03196614404534629,0.9324146987162455,0.035619157238408104
14849,23849,Low,Low,0.029917291218477526,0.9305277762492836,0.03955493253223897
14111,23111,Low,Low,0.03148377399714223,0.9210868772860444,0.047429348716813514
34406,43406,Medium,Medium,0.034298840670185744,0.03353293665350657,0.9321682226763078
6957,15957,High,High,0.9366739168924139,0.029376576075325234,0.03394950703226091
26775,35775,Medium,Medium,0.03155630163827632,0.03111827930153825,0.9373254190601855
18432,27432,High,High,0.9347698912179547,0.02998200029482258,0.035248108487222665
31761,40761,Medium,Medium,0.04172482316728097,0.32638341976139834,0.6318917570713207
26823,35823,Medium,Medium,0.035565909368303915,0.03775510483059775,0.9266789858010984
19616,28616,Medium,Medium,0.031481181215804094,0.03299683284401329,0.9355219859401828
24745,33745,Medium,Medium,0.033748853656786336,0.11873919848384329,0.8475119478593703
18191,27191,Medium,Medium,0.04666607251955581,0.04504745475849096,0.9082864727219532
12179,21179,High,High,0.9324211326675623,0.03200343473467429,0.035575432597763385
3479,12479,Medium,Medium,0.03237008400508793,0.03355552763117787,0.9340743883637342
34164,43164,Low,Low,0.033445680921690035,0.9304486723075195,0.03610564677079037
30048,39048,Medium,Medium,0.03165840533051466,0.037041418569607826,0.9313001760998775
25460,34460,High,High,0.9241708994905903,0.031149568328927808,0.04467953218048182
25213,34213,Medium,Medium,0.03138680617878481,0.032885101968040606,0.9357280918531745
16198,25198,High,High,0.8772905424451571,0.0437138417446142,0.07899561581022871
15215,24215,Low,Low,0.03444102528938097,0.9248040269471,0.04075494776351918
29603,38603,Medium,Medium,0.0322047747097223,0.030261452917743837,0.937533772372534
30338,39338,High,High,0.9321071044126241,0.03613781575463274,0.03175507983274318
32445,41445,High,High,0.9339949712192442,0.03189589019038533,0.034109138590370465
16577,25577,Medium,Medium,0.03290213744407818,0.03511694824722583,0.931980914308696
25705,34705,High,High,0.6362463116761141,0.05546837922802859,0.3082853090958571
17954,26954,Low,Medium,0.03999146089393387,0.03688095029155964,0.9231275888145065
19363,28363,Medium,Low,0.029460645604666647,0.937234724750826,0.03330462964450739
13792,22792,Medium,Medium,0.035678993331730226,0.0324548081320842,0.9318661985361857
28822,37822,Low,Low,0.036354207416326674,0.6569765819941267,0.3066692105895466
3064,12064,Low,Low,0.030041951561195324,0.9363725134885267,0.03358553495027813
37812,46812,Medium,Medium,0.25883445867866234,0.052260341047533604,0.688905200273804
16967,25967,Low,Low,0.029315928446928232,0.9379394736828935,0.03274459787017819
24148,33148,High,High,0.9344483731414032,0.030952123510029263,0.03459950334856753
21222,30222,High,High,0.9366839698736037,0.03051985474754669,0.03279617537884956
8924,17924,Low,Low,0.035483517465108534,0.9283530490107115,0.03616343352418
36709,45709,Medium,Medium,0.04447723988111312,0.03672693068660043,0.9187958294322863
39755,48755,Medium,Medium,0.032715648739692356,0.03498841520126856,0.932295936059039
38541,47541,Medium,Medium,0.032866179299970495,0.02981014750378379,0.9373236731962457
25058,34058,Medium,Medium,0.03300417026832231,0.030782608504710766,0.9362132212269669
36872,45872,Medium,Medium,0.04493777270903745,0.05346079769463682,0.9016014295963258
18858,27858,Low,Low,0.031144906918227466,0.9341385354009097,0.034716557680862764
10967,19967,Low,Low,0.04197573203377741,0.909830524722021,0.0481937432442015
26769,35769,Medium,Medium,0.035402751904681486,0.030486747218411315,0.9341105008769072
14056,23056,Medium,Medium,0.035199773035016,0.042046200207916884,0.9227540267570671
3825,12825,Medium,Medium,0.03205909305854648,0.057022042413264105,0.9109188645281895
16016,25016,Medium,Medium,0.030450745043099258,0.0366647789859301,0.9328844759709706
33064,42064,High,High,0.9320262527141022,0.03182306678243025,0.03615068050346746
22451,31451,Medium,Medium,0.03595154579030163,0.033116463605770946,0.9309319906039274
39274,48274,High,High,0.9320862102774945,0.03416163212155382,0.0337521576009517
30178,39178,Medium,Medium,0.03434427848730642,0.034857452695905615,0.9307982688167878
29825,38825,High,High,0.9341417136505002,0.03161954994931316,0.03423873640018673
17793,26793,High,High,0.9356246940691931,0.03025195315008423,0.034123352780722635
1584,10584,Low,Low,0.03208569375945974,0.9337530858942399,0.034161220346300515
23318,32318,High,High,0.9111429582747516,0.046959504078696014,0.04189753764655243
23206,32206,High,High,0.9264075833848581,0.03206744547282545,0.04152497114231645
1022,10022,Low,Low,0.03420573416254115,0.9279602314139548,0.0378340344235041
27542,36542,High,High,0.9339507430770513,0.030288670741484742,0.03576058618146403
18933,27933,Low,Low,0.03484658744722066,0.9336056258969162,0.03154778665586316
36639,45639,High,High,0.9301923315257259,0.03696780361849077,0.032839864855783274
32728,41728,Medium,Medium,0.03890425218228835,0.031858399332829336,0.9292373484848824
33395,42395,Medium,Medium,0.03257471212160069,0.06295912890131312,0.9044661589770863
3167,12167,Medium,Medium,0.039459936960019475,0.03308800386752634,0.9274520591724541
33491,42491,Low,Low,0.03126728748050759,0.935649978437833,0.03308273408165941
770,9770,Medium,Medium,0.033273596131117696,0.030777597707954074,0.9359488061609283
9015,18015,Low,Low,0.029835595903914696,0.9390868691126709,0.031077534983414302
17246,26246,High,High,0.9392756436285278,0.028595401235966322,0.03212895513550588
15294,24294,Medium,Medium,0.03092909958337814,0.02920505694124968,0.9398658434753723
19006,28006,High,Medium,0.0512559097308942,0.037237213623553374,0.9115068766455524
25842,34842,Medium,Medium,0.03471126422785451,0.03411050430779313,0.9311782314643523
13749,22749,High,High,0.9409120520392819,0.028208034294640336,0.0308799136660779
16290,25290,Medium,Medium,0.061814792588056895,0.039466671820064476,0.8987185355918786
35739,44739,Medium,Medium,0.03232819670776108,0.03036348272098788,0.937308320571251
15882,24882,Low,Low,0.03080513812803907,0.9316741472865027,0.03752071458545827
25848,34848,Low,Low,0.030629607249099727,0.9343450763510702,0.03502531639983012
31070,40070,Low,Low,0.029623636815624105,0.9362861688359824,0.03409019434839352
8238,17238,Medium,Medium,0.03290255907085841,0.045129339261793466,0.9219681016673481
18057,27057,Medium,Medium,0.04020847837569048,0.03493740641467807,0.9248541152096315
7161,16161,Medium,Medium,0.03270415728554851,0.033546522323066506,0.933749320391385
38781,47781,Medium,Medium,0.03181550044713124,0.032114931054800115,0.9360695684980685
28834,37834,Medium,Medium,0.03248029691796211,0.03148767234191384,0.9360320307401241
10521,19521,Medium,Medium,0.03360905770406552,0.032153416792855334,0.9342375255030791
17555,26555,High,High,0.9329255810561548,0.031404207760819015,0.03567021118302616
38463,47463,Medium,Medium,0.03356732061285012,0.03510187485432272,0.9313308045328271
28014,37014,High,High,0.9350459200504044,0.031020571973123457,0.033933507976472044
5308,14308,Medium,Medium,0.032664656745123165,0.03325781680374281,0.9340775264511341
20182,29182,High,High,0.9030419898085618,0.05280027672525347,0.04415773346618478
5900,14900,Low,Low,0.031207640132933506,0.9325517012607053,0.03624065860636108
3190,12190,Low,Low,0.032716342915346946,0.9319698231149114,0.03531383396974156
18195,27195,Medium,Medium,0.03527159947682073,0.10002525310423271,0.8647031474189465
27901,36901,Low,Low,0.03159966695671224,0.9282450337456534,0.04015529929763439
28829,37829,Low,Medium,0.03581405263319826,0.0346697187849064,0.9295162285818953
12548,21548,Medium,Medium,0.032820792691419305,0.035443127175681106,0.9317360801328994
22020,31020,Medium,Medium,0.036564938210652695,0.030371621604360022,0.9330634401849873
31815,40815,Low,Low,0.04087587876380636,0.9243848441617225,0.0347392770744712
5029,14029,Medium,Medium,0.032014987134573375,0.032205308331848426,0.9357797045335783
3200,12200,High,High,0.9239587374262123,0.037906773862318284,0.038134488711469544
24973,33973,Low,Low,0.029897884447960942,0.9368713422436169,0.033230773308422216
16950,25950,Medium,Medium,0.03426917572862204,0.029321564099139993,0.9364092601722381
3533,12533,Medium,Medium,0.035315888077290046,0.03392046871986581,0.9307636432028442
33501,42501,High,High,0.9241065078438337,0.036544154622464804,0.03934933753370148
21391,30391,High,High,0.9344341266142857,0.030143921875379325,0.03542195151033497
5194,14194,High,High,0.923939629229282,0.033656393194145325,0.042403977576572625
24567,33567,High,Medium,0.03909113506236687,0.03190856857586377,0.9290002963617693
24853,33853,High,High,0.9392672589664862,0.029335607993447445,0.03139713304006639
30926,39926,High,High,0.9292340463976659,0.03580511233282019,0.0349608412695138
34472,43472,Medium,Medium,0.03317354171662373,0.03391873109476156,0.9329077271886147
39324,48324,Low,High,0.9319249547575371,0.031846623469395846,0.03622842177306702
19991,28991,High,High,0.937515432453092,0.028420075730028336,0.034064491816879594
21262,30262,Medium,Medium,0.032919172848836116,0.03286524736884885,0.9342155797823151
19820,28820,Medium,Medium,0.045502961995002304,0.030979653400972668,0.9235173846040251
20625,29625,High,High,0.9350259823992065,0.031475823966304294,0.03349819363448915
21173,30173,High,High,0.9387194403829658,0.028900042784874055,0.03238051683216011
20834,29834,Low,Low,0.03572725822400589,0.8988914072638584,0.06538133451213571
36939,45939,Medium,Medium,0.03293031226918853,0.03106512126756895,0.9360045664632426
39957,48957,High,High,0.9390712726952835,0.02910713214260398,0.031821595162112505
16476,25476,Medium,Medium,0.03557558031109486,0.4064812512689861,0.5579431684199191
28294,37294,Low,Low,0.028876525734802514,0.9385150334241859,0.032608440841011714
7337,16337,Low,Low,0.030265626192295142,0.9347159063942482,0.03501846741345662
25673,34673,High,High,0.9331265972898537,0.032800283898409686,0.03407311881173656
39836,48836,High,High,0.9362564505702696,0.030634356715459193,0.03310919271427127
31266,40266,Low,Low,0.033173867131219004,0.9166160344150424,0.050210098453738417
19993,28993,High,Low,0.029376526091608065,0.9387012096122141,0.03192226429617776
21887,30887,Medium,Medium,0.03086803039853905,0.02966184317688401,0.939470126424577
37863,46863,High,High,0.9299349004534525,0.03287769015599861,0.037187409390548765
38884,47884,Low,Low,0.036220807726841574,0.9283924993255046,0.03538669294765383
9157,18157,Medium,High,0.8901454266458569,0.03649462518608434,0.07335994816805867
14186,23186,Low,Low,0.03067773682916164,0.9338228976305146,0.03549936554032367
10396,19396,Low,Low,0.031503873443556756,0.932996794825708,0.03549933173073535
28429,37429,Medium,Medium,0.03531421618360942,0.06778951723409612,0.8968962665822944
10645,19645,Medium,Medium,0.031178284382473793,0.029588344046846623,0.9392333715706798
36084,45084,Medium,Medium,0.03168572687291644,0.030870492165312065,0.9374437809617716
29811,38811,Low,Low,0.029710587695841773,0.9347681130299436,0.03552129927421465
34215,43215,High,High,0.9388956143325675,0.028324048148935837,0.03278033751849669
38346,47346,Low,Low,0.03036219848455197,0.9336632061922718,0.0359745953231762
19682,28682,Medium,Medium,0.03201274724046718,0.031553518217257596,0.9364337345422754
25378,34378,Medium,Medium,0.031543745624597025,0.030631668632096154,0.9378245857433068
36694,45694,High,High,0.9380442980059582,0.02884100824545296,0.03311469374858886
18177,27177,Medium,Medium,0.030830450796643052,0.0318630464726893,0.9373065027306676
17350,26350,High,High,0.9331994732266776,0.030492414553972353,0.036308112219350076
26026,35026,Low,Low,0.03329376003526779,0.9335568684714622,0.03314937149326985
17686,26686,High,High,0.9359105909822882,0.029990804532761012,0.03409860448495081
12647,21647,Low,Low,0.03683418109796083,0.9296532978868863,0.03351252101515296
17988,26988,Low,Low,0.04192916566030741,0.8781252266797458,0.07994560765994681
990,9990,Medium,Medium,0.03443329318401769,0.032089998876212715,0.9334767079397697
38435,47435,Medium,Medium,0.032422596925259,0.033249787614386746,0.9343276154603544
22196,31196,Medium,Low,0.03635089256843827,0.8800613763703663,0.08358773106119555
21773,30773,High,High,0.9369159523016507,0.03197702745615741,0.03110702024219183
13557,22557,High,High,0.9309080136005011,0.031338661770482897,0.03775332462901606
13118,22118,Medium,Medium,0.030388409772782066,0.030674626834096042,0.938936963393122
14812,23812,Medium,Medium,0.031097984417844376,0.03064622722268905,0.9382557883594665
22687,31687,Low,Medium,0.04056860870597232,0.03669969688298484,0.9227316944110427
19262,28262,Medium,Medium,0.036763454111035966,0.264469748263579,0.698766797625385
11311,20311,Medium,Medium,0.032249274210754256,0.03919828691006307,0.9285524388791827
37813,46813,Medium,Medium,0.043618185234271044,0.03794173335430423,0.9184400814114246
17589,26589,Medium,Low,0.03038812968669564,0.9348063091841734,0.034805561129130975
28709,37709,Medium,Medium,0.045061887441529204,0.4322460467089629,0.5226920658495079
39883,48883,Low,Low,0.03866098774454108,0.9132773328231695,0.0480616794322895
6573,15573,Medium,Medium,0.03471862617049034,0.035380368496911827,0.9299010053325979
19037,28037,Low,Low,0.03716847042398708,0.7924706456182861,0.17036088395772694
19721,28721,Low,Low,0.03447558747950858,0.8102289641255013,0.15529544839499007
4514,13514,High,High,0.9295734749975247,0.03447132965005702,0.035955195352418264
6481,15481,Low,Low,0.03198511374523289,0.9341812168371155,0.03383366941765164
25609,34609,Medium,Low,0.02927032243954715,0.9370301762995799,0.03369950126087296
31747,40747,Medium,Medium,0.05375717145333375,0.045587835949851184,0.9006549925968151
27727,36727,Low,Low,0.030302030076282006,0.9280729875658128,0.04162498235790524
10825,19825,Low,Low,0.04026685988959635,0.9239667911503933,0.035766348960010484
30666,39666,High,High,0.9324758532845535,0.03143247587936072,0.03609167083608573
12026,21026,Low,Low,0.029131812076255186,0.9393812544617924,0.03148693346195245
35338,44338,Low,Low,0.03325731952593582,0.9293171319772866,0.03742554849677764
6737,15737,Medium,Medium,0.033849650933853066,0.03323206036178369,0.9329182887043631
35182,44182,Low,Low,0.035541666535603395,0.9310534487284309,0.033404884735965736
5019,14019,Low,Low,0.03272721079497492,0.9349156390608911,0.03235715014413392
13086,22086,Low,Low,0.030548349964810026,0.9307146914671905,0.038736958567999615
20238,29238,Low,Low,0.04251257902755164,0.9250423531644496,0.03244506780799874
2806,11806,High,High,0.930469996740732,0.033371249095178385,0.03615875416408953
39647,48647,Low,Low,0.03552889678670955,0.9269302913316322,0.03754081188165826
13116,22116,Medium,Medium,0.034175745279293464,0.08502927330258903,0.8807949814181174
11061,20061,Medium,Medium,0.03627472970655579,0.05587090029880857,0.9078543699946356
14986,23986,Low,Low,0.031836623038392936,0.9315639639858458,0.03659941297576134
4828,13828,Low,Low,0.03124019934362718,0.9293202949743687,0.03943950568200414
5868,14868,Medium,Medium,0.030912516344719393,0.029912577055011814,0.9391749066002687
22665,31665,High,High,0.9373720769473924,0.030175579453714078,0.03245234359889338
26502,35502,Medium,Medium,0.033103834341328936,0.031288016858912394,0.9356081487997588
516,9516,Medium,Medium,0.03180520097472913,0.029544736190776345,0.9386500628344945
1378,10378,Medium,Low,0.03288155717127083,0.9352130089847224,0.031905433844006924
4117,13117,Medium,Medium,0.03893030955671133,0.04132049850719574,0.9197491919360928
2787,11787,Low,Low,0.04540806835927541,0.9148270262102475,0.03976490543047704
11934,20934,Medium,Medium,0.03524453250062178,0.05824746070929946,0.9065080067900787
23614,32614,Low,Low,0.029155448445815028,0.9401865282095058,0.030658023344678972
23098,32098,Low,Low,0.03588951069595884,0.9272739673401635,0.036836521963877676
39970,48970,Medium,Medium,0.03999175907262703,0.4776135808649809,0.48239466006239207
24053,33053,High,High,0.9348648207946595,0.030241309413755368,0.03489386979158513
9768,18768,Medium,Medium,0.030748572543309094,0.029577856941737396,0.9396735705149535
34149,43149,Medium,Medium,0.03564774676347482,0.032707996839310104,0.931644256397215
16320,25320,High,High,0.9375775155468246,0.029862752389632707,0.032559732063542714
15372,24372,Low,Low,0.03447443517200893,0.9304236335745265,0.03510193125346447
29483,38483,Medium,Medium,0.03104178008354196,0.0349934795102142,0.9339647404062439
20793,29793,High,High,0.932240809261335,0.03164259143374131,0.03611659930492364
22219,31219,Medium,Medium,0.03242210736425768,0.030474573435630814,0.9371033192001116
21251,30251,Medium,High,0.932550549515712,0.032188825392664704,0.03526062509162328
39171,48171,Low,Low,0.030559294015083064,0.9230645764285837,0.04637612955633318
13113,22113,Medium,Medium,0.030627417455675335,0.030418313059865972,0.9389542694844587
12446,21446,Medium,Medium,0.029695203722787996,0.029931533148751212,0.9403732631284608
11561,20561,Medium,Medium,0.03178692828245798,0.032434875851014434,0.9357781958665276
24546,33546,High,High,0.9359528140904295,0.030828114409520584,0.033219071500049956
22985,31985,High,High,0.9332323819748775,0.03291955817001362,0.03384805985510888
22814,31814,Medium,Medium,0.038194396890978526,0.030400221611003312,0.9314053814980182
18930,27930,High,High,0.925882244259926,0.03532908059820083,0.038788675141873154
13720,22720,Low,Low,0.03091726579836565,0.9364473477823605,0.032635386419273806
31500,40500,Medium,Medium,0.04012458421674547,0.03368967365378414,0.9261857421294705
10903,19903,Medium,Medium,0.030120910740362206,0.030145727149870894,0.939733362109767
27723,36723,Medium,Medium,0.22710324121598902,0.04423206385768911,0.7286646949263219
4160,13160,Medium,Medium,0.036026466730183365,0.16470001016754407,0.7992735231022725
20195,29195,Low,Low,0.034152481558125156,0.8608600059785502,0.10498751246332472
25467,34467,Low,Low,0.03734152551261344,0.8888487413820979,0.07380973310528859
12182,21182,Low,Low,0.032951715535624225,0.9282171995977557,0.03883108486662008
6381,15381,Medium,Medium,0.03706023486772785,0.03226192355277789,0.9306778415794943
6609,15609,High,High,0.9393017168465803,0.02989522556115412,0.030803057592265714
38045,47045,Medium,Medium,0.04231289561346676,0.03329899808064369,0.9243881063058895
31570,40570,Medium,Medium,0.050572233933051186,0.03965172686970289,0.9097760391972458
3647,12647,High,High,0.9334647470325733,0.03338913762124195,0.033146115346184786
11784,20784,High,High,0.9298808925487131,0.032136849442456615,0.03798225800883024
12050,21050,Medium,Medium,0.03336658987741693,0.03360802084862597,0.9330253892739572
22205,31205,Medium,Medium,0.03379355281342115,0.034364826657070004,0.9318416205295089
8744,17744,High,High,0.9354649772220051,0.03111840680385071,0.03341661597414431
23166,32166,Low,Low,0.03602391621850159,0.9265230964629413,0.03745298731855715
4999,13999,Medium,Medium,0.03037042960333187,0.02950676814611643,0.9401228022505516
12704,21704,Low,Low,0.03188449838253518,0.9290451676948726,0.03907033392259223
1896,10896,Medium,Medium,0.03249193823830868,0.03245665757142826,0.9350514041902631
34367,43367,Low,Low,0.031506702459993756,0.9366731876819792,0.03182010985802713
8822,17822,Low,Low,0.03357129483234376,0.9230865532070212,0.04334215196063518
9031,18031,Low,Low,0.03110512224099211,0.934461730980447,0.034433146778560846
20441,29441,Medium,Medium,0.032104504594734316,0.036355067768027854,0.9315404276372378
5335,14335,Medium,Medium,0.038810216997714614,0.05188094463410483,0.9093088383681804
945,9945,Medium,Medium,0.03078234066993919,0.029958134081831414,0.9392595252482293
39844,48844,Medium,Medium,0.03208055852507021,0.03231332388383294,0.9356061175910968
5289,14289,High,High,0.9391535846570512,0.028743580979436887,0.032102834363511794
29213,38213,High,High,0.9289451085066799,0.03610602739494683,0.03494886409837323
25441,34441,Medium,Medium,0.04184660972938405,0.33522412158082204,0.6229292686897939
26029,35029,Medium,Medium,0.06608702392072513,0.03589036489257735,0.8980226111866975
15841,24841,Medium,Medium,0.0354379691580861,0.0326022317439069,0.931959799098007
21191,30191,Medium,Medium,0.03427420750622464,0.05161429885091038,0.9141114936428649
34542,43542,Medium,Medium,0.030959835266548497,0.03201068885407559,0.9370294758793759
20960,29960,High,High,0.9273010129013911,0.03212490535734075,0.04057408174126815
4831,13831,Medium,Medium,0.036459290332416294,0.03070035840254118,0.9328403512650425
21704,30704,High,High,0.9321065306302868,0.033573788040415144,0.034319681329297975
26255,35255,Medium,Medium,0.03166138748851697,0.031918007881735835,0.9364206046297472
13104,22104,High,High,0.919051510234734,0.04139744034464011,0.03955104942062597
18120,27120,Medium,Medium,0.031874855430295126,0.03240674131261795,0.9357184032570869
32883,41883,Medium,Medium,0.03716924653296302,0.03163072639612349,0.9312000270709134
31040,40040,Low,Low,0.030024785369595307,0.9339503811344408,0.036024833495963755
13874,22874,Low,Low,0.03384776241131438,0.9315870493281847,0.03456518826050086
37701,46701,Low,Low,0.03091323560762185,0.9353251709059588,0.03376159348641946
35786,44786,Medium,Medium,0.04205171285692099,0.051380170713524,0.9065681164295549
23627,32627,Low,Low,0.030969253575461528,0.9324211214767247,0.03660962494781379
5866,14866,Low,Low,0.030175341996223404,0.9315629243792835,0.03826173362449303
35305,44305,Medium,Medium,0.033428310685194786,0.03181241938492746,0.9347592699298778
12556,21556,Medium,Medium,0.032100546052699526,0.030922463146121574,0.9369769908011789
26194,35194,High,High,0.9347706956691769,0.030710157519007325,0.03451914681181567
31755,40755,Medium,Medium,0.043595928120807814,0.03179670406140304,0.9246073678177892
31199,40199,High,High,0.9310292102843452,0.029900732379508008,0.03907005733614682
25892,34892,Medium,Medium,0.03372038771379799,0.03091245502239402,0.935367157263808
3616,12616,Medium,Medium,0.03531441996359906,0.036815211196666336,0.9278703688397346
4615,13615,Low,Low,0.03706888350580554,0.5507771614123372,0.4121539550818572
13510,22510,High,High,0.9330693944803228,0.03306088134593047,0.033869724173746646
23364,32364,Low,Low,0.03333784988703297,0.9321542012526152,0.03450794886035199
39407,48407,High,Medium,0.03676785176713224,0.03053854644030002,0.9326936017925678
36254,45254,Low,Low,0.03200191620214565,0.8443567950275388,0.12364128877031559
12757,21757,Low,Low,0.036991841473551994,0.9255313318965818,0.037476826629866115
22959,31959,High,High,0.9371009440107058,0.03007160574494669,0.032827450244347516
30401,39401,Medium,Medium,0.029852682006598862,0.029969474679201264,0.9401778433142
7928,16928,Medium,Medium,0.03397845222592673,0.03871536087882694,0.9273061868952462
7637,16637,High,High,0.9372393330957074,0.030258240866906552,0.03250242603738598
3495,12495,Medium,Medium,0.032421506062368134,0.034872362082434744,0.932706131855197
26273,35273,Medium,Medium,0.06376464762825594,0.03366053973617129,0.9025748126355727
26282,35282,High,High,0.9185546126738369,0.03457466999823571,0.04687071732792738
5503,14503,Low,Low,0.03781607695326123,0.924958604747938,0.03722531829880086
29548,38548,Medium,Medium,0.03599252725063128,0.038601378088353976,0.9254060946610148
8671,17671,Medium,Medium,0.033396128472273974,0.03288713533198205,0.9337167361957439
19292,28292,High,High,0.9350618252157487,0.031441133519079185,0.03349704126517214
27995,36995,High,High,0.9362013975183244,0.03123736876898293,0.03256123371269278
2554,11554,Medium,Medium,0.03410358141645706,0.23624794275980435,0.7296484758237386
36724,45724,Medium,Medium,0.04523958906340695,0.03117622853059422,0.9235841824059988
18295,27295,High,High,0.9373741125867067,0.029870768978648248,0.03275511843464508
12818,21818,Medium,Medium,0.03320100213539496,0.03282178169226068,0.9339772161723442
16369,25369,Low,Low,0.04140372067187966,0.922622635837611,0.035973643490509355
13522,22522,Medium,Medium,0.033446272927878114,0.040827597165087624,0.9257261299070342
33184,42184,Low,Low,0.030402030631937523,0.9375785600470797,0.03201940932098251
23153,32153,Low,Low,0.030038258114702922,0.9370849895629898,0.03287675232230736
8475,17475,Low,Low,0.037029991124224206,0.8833801040369668,0.07958990483880914
18569,27569,Low,Medium,0.03286871058781891,0.0350635713324249,0.9320677180797561
9169,18169,Low,Low,0.03229803774629672,0.9338655462029233,0.033836416050780055
12023,21023,Medium,High,0.8164232419056213,0.0393851919401045,0.14419156615427411
21676,30676,High,High,0.9313021230768728,0.03511853185446874,0.03357934506865848
7935,16935,Medium,Medium,0.03788787225072251,0.31899484372670744,0.6431172840225701
16244,25244,High,High,0.9371875787876349,0.030341965010275196,0.03247045620208988
15491,24491,Medium,Medium,0.03062873780597448,0.0340985558895637,0.9352727063044618
35465,44465,Low,Low,0.03373596534068313,0.9284098616673542,0.0378541729919627
38639,47639,High,Medium,0.03731832480725927,0.03716192147978333,0.9255197537129574
22565,31565,Medium,Medium,0.03527450992451763,0.0332599701455298,0.9314655199299526
16225,25225,Low,Low,0.03338793957622583,0.9294298875249355,0.03718217289883875
36916,45916,Low,Low,0.030114682397058532,0.9372814074300547,0.032603910172886635
4111,13111,High,High,0.9265101143624704,0.03416410581700075,0.039325779820528754
31240,40240,Medium,Medium,0.03015783936491129,0.029781957362422885,0.9400602032726658
26022,35022,High,Low,0.032206723209998754,0.9298727890982974,0.03792048769170381
27582,36582,Medium,Medium,0.03337312656406664,0.03396806407274856,0.9326588093631848
33573,42573,Medium,Medium,0.03368966835125004,0.055118256425354756,0.9111920752233952
36662,45662,High,High,0.934112675330101,0.032610847870977976,0.03327647679892096
14189,23189,Low,Low,0.036512964548969344,0.6039006961906191,0.3595863392604115
20697,29697,Medium,Medium,0.0363704110939457,0.03874194473221081,0.9248876441738435
19999,28999,Medium,Medium,0.030878738563259317,0.03213728187608534,0.9369839795606554
5785,14785,Low,Low,0.030380703609976915,0.9371164216873803,0.032502874702642855
20784,29784,High,High,0.9338336402681272,0.03192691639795916,0.03423944333391362
123,9123,Medium,Medium,0.032459192578892786,0.0330105517440714,0.9345302556770357
31161,40161,Medium,Medium,0.031712565794947654,0.033639443414625846,0.9346479907904266
30472,39472,Medium,Medium,0.03820731916873884,0.036769744795394126,0.9250229360358669
34393,43393,Low,Low,0.030514534422510925,0.9364181444433642,0.033067321134124805
2861,11861,Medium,Medium,0.031612532474980394,0.03171012482917034,0.9366773426958493
24761,33761,Low,Low,0.033186515357172514,0.9160676919779399,0.05074579266488755
4489,13489,Low,Low,0.031993449275126595,0.9249295261129191,0.043077024611954284
9321,18321,Medium,Medium,0.030568651584963958,0.03075860976273509,0.9386727386523009
9603,18603,Medium,Medium,0.038138650488430896,0.034327093527269356,0.9275342559842997
21089,30089,Medium,Medium,0.03472424369182483,0.029889182793103722,0.9353865735150716
32565,41565,Medium,Medium,0.07061771147063402,0.033061623291477014,0.896320665237889
23292,32292,High,High,0.9392304304984457,0.029129511959351154,0.03164005754220311
14663,23663,Medium,Medium,0.03485808689214303,0.031678597739204,0.933463315368653
8034,17034,Low,Medium,0.03776604023378544,0.04754446682462349,0.9146894929415911
18205,27205,Medium,Medium,0.0311691501248731,0.03239894077007394,0.9364319091050529
3326,12326,High,High,0.9359583799997941,0.029301751710851236,0.03473986828935458
13397,22397,Low,Low,0.03369337960681224,0.9272724226219032,0.03903419777128447
22759,31759,Medium,Medium,0.032708240981753116,0.03051433086498696,0.93677742815326
34760,43760,Medium,Medium,0.029120908897715014,0.028965458102831104,0.9419136329994539
18451,27451,Medium,Medium,0.039903900407709816,0.03261371558990676,0.9274823840023833
30653,39653,Low,Low,0.030900666132049906,0.9372378188424748,0.03186151502547537
4641,13641,Medium,Medium,0.033299610183109084,0.032593667239206765,0.9341067225776841
6880,15880,Low,Low,0.030997871357722844,0.9357806984429714,0.03322143019930573
29400,38400,High,High,0.9220940848039693,0.03160552887853862,0.04630038631749216
3877,12877,Medium,Medium,0.031214341681400932,0.03351465495941441,0.9352710033591847
18414,27414,High,High,0.9399046793826705,0.02891732186677319,0.031177998750556202
1182,10182,High,High,0.9292296704104492,0.0315247239603172,0.03924560562923347
5892,14892,Medium,Medium,0.031606515355928344,0.03068848863397484,0.9377049960100967
39684,48684,High,High,0.9389204439603803,0.028502967115029098,0.032576588924590505
16659,25659,High,High,0.9300592327894336,0.030721080369681058,0.03921968684088532
17240,26240,Medium,Medium,0.039950886843373085,0.034215901184624635,0.9258332119720022
24234,33234,High,High,0.9304735795116458,0.034111901188205535,0.03541451930014875
10110,19110,High,Low,0.030950075633659545,0.9358756897387819,0.03317423462755864
22826,31826,Medium,Medium,0.0371236161672314,0.03764470503251801,0.9252316788002505
15828,24828,Low,Low,0.032944915491672035,0.9244251228513783,0.04262996165694951
30425,39425,Low,Low,0.03440221392138854,0.9247665681692258,0.040831217909385695
24950,33950,Medium,Medium,0.0356988808185274,0.031362560141199196,0.9329385590402733
39155,48155,Medium,Medium,0.032376689330640744,0.030617332229457717,0.9370059784399016
11263,20263,High,High,0.926715764188419,0.03175325282385812,0.041530982987722835
36654,45654,Medium,Medium,0.036426582625652223,0.06850524752754526,0.8950681698468025
22143,31143,Low,Low,0.033415977093659906,0.9316418104591208,0.03494221244721921
9527,18527,High,High,0.9300172378417536,0.03166159113933371,0.03832117101891273
33937,42937,Medium,Medium,0.03541238368040897,0.034708957310543014,0.9298786590090481
19904,28904,Low,Low,0.03086462090487846,0.9333124281082247,0.03582295098689687
2462,11462,Low,Low,0.03351718350051125,0.8476706808312656,0.11881213566822302
27107,36107,Medium,Medium,0.034639208958436064,0.03327850226609414,0.93208228877547
34202,43202,Medium,Medium,0.04992307272916702,0.033621480523139784,0.9164554467476931
35099,44099,Low,Low,0.029906126536097383,0.9349127441280288,0.0351811293358738
17688,26688,Medium,Medium,0.04910353660175685,0.03515889951469775,0.9157375638835455
44,9044,High,High,0.9344500125566811,0.03182421843064801,0.033725769012670874
18324,27324,Medium,Medium,0.031199565630302555,0.031663051847661994,0.9371373825220354
6523,15523,Low,Low,0.03088902684051913,0.9376378907654015,0.03147308239407937
19824,28824,High,High,0.9368670654249408,0.03118576666997147,0.03194716790508776
25258,34258,High,High,0.8695896422607962,0.0455357836695322,0.08487457406967154
11707,20707,Low,Low,0.03188055406681497,0.9093233471444636,0.058796098788721364
11854,20854,Medium,Medium,0.035583169328336335,0.03283326565536495,0.9315835650162988
3506,12506,Medium,Medium,0.030583368965662914,0.030937971180632434,0.9384786598537046
37014,46014,High,High,0.9138599016980805,0.04471603917110258,0.04142405913081695
31784,40784,Medium,Medium,0.032465430941049596,0.0332760051284044,0.934258563930546
32068,41068,Low,Low,0.030088970284427852,0.9348728972139759,0.03503813250159627
27158,36158,Low,Low,0.030740721918181207,0.9356738780070387,0.03358540007477997
401,9401,Low,Low,0.034061488585419596,0.9340225526765632,0.03191595873801722
5675,14675,Medium,Medium,0.030672066736645645,0.030397342107505804,0.9389305911558486
31023,40023,High,High,0.9354292218152421,0.032000566600781655,0.03257021158397628
3286,12286,Low,Low,0.03041904453704185,0.9362028718643197,0.03337808359863847
23462,32462,Medium,Medium,0.03341134776056979,0.05316460019684376,0.9134240520425864
17172,26172,Medium,Medium,0.03317356217684187,0.03177727192263245,0.9350491659005257
10770,19770,Medium,Medium,0.03201761261171448,0.03178158059462336,0.9362008067936621
37995,46995,High,High,0.935475793673632,0.030603914216219347,0.03392029211014873
22017,31017,Medium,Medium,0.03465913365507871,0.03600945040399454,0.9293314159409268
25616,34616,Medium,High,0.937236966136595,0.029635807295902667,0.03312722656750252
33414,42414,Medium,Medium,0.03318885360361348,0.030114361005643853,0.9366967853907426
12122,21122,Low,Low,0.03705683514154449,0.9206845668086127,0.042258598049842715
23335,32335,Medium,Medium,0.03380272387077879,0.03813692568157898,0.9280603504476422
4209,13209,Medium,Medium,0.05364478273140641,0.03520987180925208,0.9111453454593414
23230,32230,High,High,0.9343882235997188,0.031459126160121,0.03415265024016021
27631,36631,Medium,Medium,0.03375467100313,0.03769163388205161,0.9285536951148184
16623,25623,Low,Low,0.04311405776453589,0.9205162816266256,0.03636966060883844
29923,38923,Medium,Medium,0.030510680382013766,0.030840087058621568,0.9386492325593648
8825,17825,Medium,Medium,0.03399726873595744,0.03673931747786916,0.9292634137861734
37595,46595,Medium,Medium,0.03350241742768666,0.03619319042961653,0.9303043921426969
28775,37775,Medium,Medium,0.030489489774187428,0.029667277776903422,0.9398432324489091
31728,40728,Medium,Medium,0.03994931595924007,0.032575422112569176,0.9274752619281909
22152,31152,Medium,Medium,0.030737413703046928,0.03275572006735019,0.9365068662296029
6594,15594,High,High,0.9379892886397453,0.028643179297520385,0.033367532062734406
2520,11520,High,High,0.9286051633479078,0.03458776607994365,0.036807070572148645
18936,27936,High,High,0.9375703877697541,0.0312052560912813,0.031224356138964637
37270,46270,Low,Low,0.0302244772445109,0.9335009662161836,0.03627455653930533
7889,16889,Medium,Medium,0.031531193741751014,0.031032117999265696,0.9374366882589834
8641,17641,Low,High,0.9284647199609536,0.03556298008686012,0.03597229995218625
20997,29997,Medium,Medium,0.03193109350233368,0.03593487837334142,0.932134028124325
12592,21592,Low,Low,0.04193301930036769,0.9232947396645144,0.034772241035117855
20606,29606,Medium,Medium,0.03405809075277788,0.03368801257324728,0.9322538966739748
23613,32613,Medium,Medium,0.03879433404804632,0.2607693418265086,0.7004363241254451
33440,42440,Low,Low,0.038426093786854305,0.9214860865306752,0.040087819682470556
35910,44910,Medium,Medium,0.03381345868784888,0.05928163709286669,0.9069049042192844
21000,30000,High,Medium,0.03465356704529548,0.03276047608532246,0.9325859568693821
25418,34418,Medium,Medium,0.03266428821553374,0.03367121404055307,0.9336644977439131
26640,35640,High,High,0.9286180665213206,0.034102308205366166,0.03727962527331324
9760,18760,Low,Medium,0.032914551073243536,0.03289002874508593,0.9341954201816706
6648,15648,Low,Low,0.029830503736219868,0.9372781672872249,0.03289132897655533
33117,42117,Medium,High,0.9359348887226503,0.032745229929079744,0.031319881348269955
19148,28148,Medium,Medium,0.03510006197275565,0.03221128118960056,0.9326886568376439
19178,28178,Low,Medium,0.03390480475746333,0.03419552449081042,0.9318996707517263
6428,15428,High,Medium,0.03165257755636521,0.03375648109201046,0.9345909413516242
33346,42346,Low,Low,0.02966753690628467,0.9360861270320745,0.03424633606164084
619,9619,Medium,Medium,0.034238759727050226,0.035050161535378106,0.9307110787375716
37389,46389,Medium,Medium,0.036085737362013766,0.033493347007440555,0.9304209156305457
24554,33554,Medium,Medium,0.03457070311499974,0.03421130704349637,0.931217989841504
20494,29494,Medium,Medium,0.03266906325682516,0.03209062029860568,0.9352403164445692
14648,23648,Low,Low,0.03333657361636528,0.9337316679815841,0.03293175840205058
39576,48576,High,High,0.9342644155944413,0.031245689449876535,0.034489894955682256
20638,29638,High,High,0.9380352157517673,0.030006774334812275,0.031958009913420383
36212,45212,Medium,Medium,0.03302905924547108,0.03175227097492209,0.9352186697796069
16023,25023,Medium,Medium,0.03165079291699962,0.03091349284178674,0.9374357142412136
31087,40087,Medium,Medium,0.03227650605985793,0.03226598854055533,0.9354575053995866
1062,10062,High,Medium,0.030629744168423647,0.03219240512508099,0.9371778507064953
24405,33405,Medium,Medium,0.031755379257001955,0.032033643510607744,0.9362109772323904
18790,27790,Medium,Medium,0.031798928907856266,0.03229790393697665,0.9359031671551671
23152,32152,Medium,Medium,0.03731022453467076,0.03374824052726395,0.9289415349380653
6676,15676,High,High,0.8877591872350852,0.03498628992040941,0.07725452284450542
5006,14006,High,High,0.9230559978940835,0.031403501687838405,0.045540500418078146
24588,33588,Medium,Medium,0.030211115173651396,0.029893316072416225,0.9398955687539324
8348,17348,Medium,Medium,0.033175977336846546,0.0330868391961395,0.933737183467014
10418,19418,Medium,Medium,0.034214155192225204,0.03511619136383439,0.9306696534439404
29373,38373,Low,Low,0.03304081290090489,0.9342896379079192,0.03266954919117585
5253,14253,High,High,0.9346230638064132,0.03122062781817268,0.03415630837541408
8287,17287,High,Low,0.036712091585274276,0.9254691467762561,0.03781876163846953
27632,36632,Medium,Medium,0.10957736381938077,0.04178030464729745,0.8486423315333217
39611,48611,Low,Low,0.03501746618031681,0.9333117429680383,0.031670790851644946
14771,23771,Medium,Medium,0.03225991617841955,0.030123049728413596,0.9376170340931669
24297,33297,Medium,Medium,0.0328059946420999,0.030914553966005037,0.936279451391895
29682,38682,Medium,Medium,0.03149234642818248,0.03230863915869358,0.9361990144131239
8944,17944,Low,Low,0.030967745284462906,0.932424810593998,0.036607444121539
31077,40077,Medium,Medium,0.03260415201728883,0.032399638715188334,0.9349962092675228
1108,10108,Medium,Medium,0.03569628907974203,0.032361613775240695,0.9319420971450173
20924,29924,High,High,0.9360038455435834,0.03126139861361335,0.03273475584280326
10951,19951,Medium,Medium,0.03148870624245681,0.0325477872519345,0.9359635065056087
37906,46906,Low,Low,0.060506598648185084,0.8976745902438165,0.0418188111079984
26770,35770,Low,Low,0.03330787800774484,0.9146530725123565,0.052039049479898826
21049,30049,Low,Low,0.03688068267102273,0.9086876235184755,0.05443169381050164
39930,48930,High,High,0.935906727410123,0.029842715825247248,0.034250556764629646
38543,47543,Low,Low,0.031060650240121265,0.9311407307045875,0.03779861905529124
11896,20896,High,Low,0.03328312103137932,0.9314821315643945,0.03523474740422617
14450,23450,Medium,Medium,0.030640307428794183,0.03172596894369753,0.9376337236275082
38066,47066,Medium,Medium,0.03335326832537047,0.029445963867857833,0.9372007678067718
11908,20908,Low,Low,0.04356897033682414,0.9197511155763202,0.03667991408685584
18840,27840,High,High,0.9373168582657067,0.02957147912135363,0.033111662612939664
39469,48469,High,High,0.9263318486611992,0.035541050365098824,0.038127100973702026
25656,34656,High,High,0.923474585181644,0.03582939293606851,0.040696021882287416
20011,29011,Medium,Medium,0.032251867029458564,0.03184375664418366,0.9359043763263578
19172,28172,High,High,0.9314719660975905,0.03308166343681249,0.03544637046559699
8142,17142,Medium,Medium,0.03324015281124216,0.030087070546301904,0.9366727766424559
32292,41292,High,High,0.9326584996193805,0.03311075645345899,0.03423074392716068
4259,13259,Medium,Medium,0.041178529808581665,0.032089594017226844,0.9267318761741915
9419,18419,High,High,0.9342798252518042,0.031973888830858346,0.03374628591733738
31248,40248,Medium,Medium,0.031491321838488066,0.02967808247899334,0.9388305956825187
3111,12111,Medium,Medium,0.033910100873201086,0.03042783104634272,0.9356620680804562
35662,44662,Low,Low,0.03216120859001949,0.9317601326709393,0.036078658739041224
29577,38577,Medium,Medium,0.03177253786377464,0.04468154050875014,0.9235459216274752
37723,46723,Low,Low,0.03379161081563569,0.932232580615555,0.0339758085688093
28213,37213,Low,Low,0.03234404939211732,0.9305945028385013,0.03706144776938133
16130,25130,Low,Medium,0.03856087733114369,0.368633696921085,0.5928054257477713
38069,47069,Medium,Medium,0.033971376053951376,0.2413188336880666,0.7247097902579821
24913,33913,Low,Low,0.03076896411192422,0.9354610487247905,0.033769987163285144
34077,43077,High,High,0.9242834888107452,0.03433754790943868,0.04137896327981625
28430,37430,Medium,Medium,0.03337398592768544,0.03364257500457294,0.9329834390677417
26651,35651,High,High,0.9276863553071698,0.0334130620125015,0.03890058268032864
1375,10375,Medium,Medium,0.03219466111499431,0.03212505415442822,0.9356802847305775
7437,16437,Medium,Medium,0.03142553317351859,0.030239148282965145,0.9383353185435163
37316,46316,Low,Low,0.03224241747964441,0.9329956616529752,0.03476192086738046
234,9234,Medium,Medium,0.03844958608456924,0.04836622556284086,0.9131841883525899
32536,41536,Medium,Medium,0.029955104185099158,0.030477259978956155,0.9395676358359447
39952,48952,Medium,Medium,0.0350840943361591,0.048340884324815585,0.9165750213390252
20867,29867,Medium,Medium,0.03275578077249421,0.03546690269680042,0.9317773165307054
26112,35112,Medium,Medium,0.055577658060412906,0.03465324368715381,0.9097690982524332
34113,43113,High,High,0.9385910462618644,0.029101065351221117,0.03230788838691439
30613,39613,Medium,Medium,0.03366209142894407,0.03044819642102257,0.9358897121500335
2083,11083,Medium,Medium,0.031657898142351,0.03600257847283642,0.9323395233848126
21581,30581,Medium,Medium,0.04398114446631315,0.033304383885214305,0.9227144716484726
16042,25042,Medium,Medium,0.06703427633486271,0.3394331064134104,0.5935326172517269
661,9661,Medium,Medium,0.03217770207532774,0.032589174560118235,0.935233123364554
4277,13277,Low,Low,0.03639630762835936,0.9264498703847748,0.0371538219868658
28785,37785,High,High,0.9319819955603353,0.03569899266129112,0.03231901177837352
6943,15943,Medium,Medium,0.03324423014365882,0.0326062940292608,0.9341494758270802
37409,46409,Low,Low,0.03226123182671112,0.9318092698410014,0.035929498332287486
25390,34390,Low,Low,0.039333397393120875,0.7271745865272465,0.23349201607963263
30551,39551,High,High,0.9361258031329539,0.031605147925340984,0.03226904894170519
11203,20203,Low,Low,0.029992196523371706,0.9369860208085482,0.03302178266808029
1652,10652,Medium,Medium,0.031127837658398907,0.030894961575254107,0.937977200766347
10361,19361,Low,Low,0.03312961231747507,0.9331648533338016,0.033705534348723164
20787,29787,Medium,Medium,0.029451527004369028,0.029350887269586307,0.9411975857260448
21097,30097,Medium,Medium,0.034020800281357975,0.03228150676932191,0.9336976929493201
17147,26147,Medium,High,0.9367192472764172,0.031073165903274858,0.03220758682030796
11427,20427,Low,Low,0.04237667270897682,0.8890620186841628,0.06856130860686027
37061,46061,Medium,Medium,0.034037648781177376,0.0355399259098074,0.9304224253090152
21698,30698,Medium,Medium,0.030827166131698502,0.03156134952274824,0.9376114843455533
25844,34844,Medium,Medium,0.03587127505303264,0.03104573300384353,0.9330829919431238
15161,24161,Medium,Medium,0.030174384891494224,0.03022617960262188,0.939599435505884
34222,43222,Low,Low,0.03170203671065167,0.9256089894626912,0.042688973826657074
16388,25388,Medium,Medium,0.03172206038940679,0.030811692289106036,0.9374662473214871
7028,16028,High,High,0.9266450702960367,0.03363843073956494,0.03971649896439829
38701,47701,High,High,0.9320610614035104,0.031717639881812434,0.03622129871467705
8241,17241,High,High,0.9352900981097355,0.030609937256453546,0.0340999646338109
19020,28020,Low,Low,0.03673713838569658,0.91358227004471,0.049680591569593334
16550,25550,Low,Low,0.03283179074854314,0.9230048859545427,0.0441633232969142
27838,36838,High,High,0.9346810849564814,0.03093602060220901,0.0343828944413096
39972,48972,Medium,Medium,0.036101136991300777,0.03551051919691092,0.9283883438117884
38740,47740,Low,Low,0.03891551934506539,0.9261719226639219,0.03491255799101264
1104,10104,Low,High,0.9245924942074706,0.03582316119904198,0.03958434459348748
15585,24585,Medium,Medium,0.03231332142275043,0.0325313631899565,0.9351553153872931
1907,10907,High,High,0.9377905805159239,0.03006128440925963,0.03214813507481646
20702,29702,Low,Low,0.031885975912361066,0.9337906376659356,0.03432338642170336
18148,27148,Low,Low,0.03122986579457887,0.9261562126722813,0.042613921533139774
33791,42791,Low,Low,0.032264759860785246,0.9348660757411881,0.032869164398026604
5661,14661,Low,Low,0.032277801253626524,0.9328474473547685,0.03487475139160489
33239,42239,High,High,0.9395016485731399,0.028884884393205888,0.03161346703365423
26158,35158,Low,Low,0.035428874320789526,0.9216169622303315,0.042954163448878944
22647,31647,Medium,Medium,0.03319531974320757,0.03429249225807299,0.9325121879987194
26461,35461,Medium,Medium,0.03419527948553574,0.03529796932916483,0.9305067511852995
17217,26217,Medium,Medium,0.03646205456132792,0.03954340549057977,0.9239945399480923
37283,46283,High,High,0.9331309743652169,0.03071749921741479,0.036151526417368234
4991,13991,Low,Low,0.029948922825010296,0.9124515973692559,0.05759947980573382
27377,36377,Low,Low,0.028927930777457672,0.9375457780693076,0.03352629115323488
15184,24184,Medium,Medium,0.03420161951073025,0.03241323061623004,0.9333851498730397
20026,29026,Medium,Medium,0.038591220094057486,0.03506883027969729,0.9263399496262452
28374,37374,Low,Low,0.034489395733359546,0.9260376566418644,0.03947294762477611
32347,41347,Low,Low,0.030787142772407756,0.9366914770185811,0.03252138020901118
37019,46019,Low,Low,0.03275796561152344,0.9209615093735878,0.04628052501488878
20717,29717,High,High,0.9322287956148493,0.030314959119891263,0.03745624526525951
25360,34360,Medium,Medium,0.031688685372684926,0.030756814076993988,0.9375545005503211
33924,42924,High,High,0.937077642507662,0.03018961855041395,0.03273273894192413
18386,27386,Low,Low,0.033637412878458256,0.9273380981410906,0.03902448898045119
30580,39580,Medium,Medium,0.030049756502241703,0.030441170297053826,0.9395090732007044
10671,19671,High,High,0.9363274741349921,0.02983340185724691,0.033839124007761054
34532,43532,Medium,Medium,0.03240186472121842,0.03297661529909762,0.9346215199796838
17727,26727,Medium,Medium,0.03274079030520323,0.032393394711007197,0.9348658149837895
17839,26839,Medium,Medium,0.03196133908078922,0.03479176283922618,0.9332468980799846
35076,44076,Low,Low,0.029974340483846035,0.937503248215684,0.032522411300469886
15340,24340,Low,Low,0.03198424204065171,0.933646934463258,0.034368823496090294
31634,40634,Medium,Medium,0.03476823766364385,0.0435225330202268,0.9217092293161294
17044,26044,Low,Low,0.030728999783051086,0.9369724240462606,0.03229857617068843
26072,35072,Low,Medium,0.03566032709189734,0.03884648345945547,0.9254931894486472
2089,11089,Medium,Medium,0.03668179020170124,0.03890506864473269,0.924413141153566
27543,36543,High,Medium,0.03310043470564885,0.03431094235404326,0.9325886229403079
9478,18478,Medium,Medium,0.031903408350472694,0.037380338637387704,0.9307162530121396
19908,28908,Medium,Medium,0.05629298417418408,0.03679144009340147,0.9069155757324144
32018,41018,High,High,0.9333803174786377,0.030704496419334412,0.03591518610202792
11005,20005,Medium,Medium,0.0318876067834791,0.031100273149397357,0.9370121200671235
29590,38590,Low,Low,0.03847194183122784,0.8624789158027314,0.09904914236604073
24362,33362,High,High,0.9393395092941991,0.029504512128071037,0.031155978577729893
27262,36262,High,High,0.9170977788984066,0.03579021990675033,0.047112001194843205
4815,13815,Medium,Medium,0.032723824549134,0.0319126299802192,0.9353635454706467
39342,48342,Medium,Medium,0.03622615943777024,0.3183701923291293,0.6454036482331005
6884,15884,Low,Low,0.03274165322819072,0.9325635727314561,0.03469477404035317
16175,25175,High,High,0.9319397729527394,0.03326700756288105,0.034793219484379585
10463,19463,Medium,Medium,0.03130909986554075,0.03360286094121309,0.9350880391932462
7836,16836,High,High,0.9393501164821704,0.028815656614653812,0.03183422690317584
38427,47427,Low,Low,0.03530546360460087,0.931476755471922,0.03321778092347715
23579,32579,Medium,Medium,0.033579084404323695,0.03137668130565635,0.9350442342900199
29964,38964,High,High,0.9371830669756057,0.030944589354639174,0.03187234366975511
19266,28266,Medium,Medium,0.032174679602052024,0.032900167488304904,0.9349251529096431
20958,29958,Low,Low,0.03133561365074534,0.9356677099723338,0.03299667637692092
3162,12162,Low,Low,0.03479972431383183,0.7911777470930387,0.17402252859312953
26145,35145,Low,Low,0.03818153700279645,0.9261118607925924,0.03570660220461105
15530,24530,Medium,Medium,0.0506401572831065,0.09755641222327747,0.8518034304936161
13283,22283,High,High,0.9363125740497624,0.029204195903186746,0.0344832300470509
31215,40215,Low,Low,0.031816047376014164,0.9354104142344299,0.032773538389555955
29887,38887,Low,Low,0.031158461934827814,0.9293889272661789,0.039452610798993225
13901,22901,High,High,0.9315090603017909,0.031952633556495136,0.03653830614171399
32179,41179,Medium,Medium,0.08012742739959802,0.040050057182326716,0.8798225154180753
4158,13158,Low,Low,0.03192025138449859,0.9312072071449622,0.036872541470539255
31326,40326,Low,Medium,0.031280106078292874,0.030867561336074486,0.9378523325856326
15068,24068,Low,Low,0.03128579537344065,0.9338576999796596,0.034856504646899635
27305,36305,Medium,Medium,0.032176557981473196,0.030291462142754175,0.9375319798757725
8444,17444,Low,Low,0.030444768124349365,0.9358983190651027,0.03365691281054794
4954,13954,High,High,0.9229618649978265,0.0330767667753168,0.043961368226856645
36096,45096,Medium,Medium,0.033788441982664334,0.030955743094010797,0.9352558149233249
38636,47636,Medium,Medium,0.03270720545197534,0.03436186173951526,0.9329309328085094
39236,48236,Low,Low,0.030795065714869892,0.9326860474863321,0.03651888679879788
34890,43890,Medium,Medium,0.030837460144249138,0.03724869954894597,0.9319138403068049
2779,11779,Medium,Medium,0.032512731445348934,0.031381542443834086,0.9361057261108169
39280,48280,Low,Low,0.029999392666163766,0.9377049552208566,0.032295652112979745
20597,29597,Medium,Medium,0.050480953992205126,0.03550985084921059,0.9140091951585841
10977,19977,Low,Low,0.03040333475860782,0.9367812784404507,0.03281538680094152
36619,45619,Medium,Medium,0.03337180414096778,0.03533037554419691,0.9312978203148354
25224,34224,Low,Low,0.03127103205349975,0.9292389966256955,0.03948997132080471
12848,21848,High,High,0.8352710291489845,0.03399599533595649,0.13073297551505897
34841,43841,Medium,High,0.9371096388806269,0.029810066941566054,0.03308029417780706
36233,45233,High,High,0.93443742356646,0.030149318385221308,0.03541325804831876
24659,33659,Medium,Low,0.03248403059862446,0.921315208527334,0.04620076087404151
23019,32019,Medium,Medium,0.0348183228543004,0.03225679555064657,0.9329248815950529
8359,17359,High,High,0.9276536613479563,0.03745007946118711,0.03489625919085652
1089,10089,Low,Low,0.03838149939292482,0.7814821567996592,0.18013634380741614
20099,29099,Medium,Medium,0.03024382842591275,0.031652041939950866,0.9381041296341364
14566,23566,Medium,Medium,0.0321580286867053,0.03060629278644468,0.93723567852685
12877,21877,Medium,Medium,0.033375254856887256,0.03404743680310953,0.9325773083400032
7612,16612,Medium,Medium,0.03155143493168267,0.03151201040711116,0.9369365546612061
31848,40848,Medium,Medium,0.04144214837484751,0.0642013949777505,0.8943564566474019
39278,48278,Medium,Medium,0.03057864921673853,0.031136119890684905,0.9382852308925766
23265,32265,Low,Low,0.03095206364279202,0.9358182807959077,0.033229655561300385
4466,13466,High,Medium,0.03324724462572772,0.032415435016597514,0.9343373203576748
1920,10920,Medium,Medium,0.047297905153137,0.04188585288172756,0.9108162419651354
15816,24816,Medium,Medium,0.03187146691098003,0.03247384171293513,0.9356546913760849
20931,29931,Medium,Medium,0.030311315575661357,0.030053280221863512,0.939635404202475
39692,48692,Medium,Low,0.032434052397221726,0.9323141125357316,0.03525183506704684
39372,48372,Low,Low,0.032652247073576335,0.9312802847134701,0.0360674682129536
7246,16246,High,High,0.93185743568984,0.034045822465075655,0.03409674184508438
11693,20693,Medium,High,0.9311761953297157,0.031140868360676564,0.03768293630960767
2398,11398,Medium,Medium,0.03524993566418808,0.03690840897702969,0.9278416553587823
23378,32378,Medium,Medium,0.03561848468270665,0.03358995636821532,0.930791558949078
3436,12436,Medium,Medium,0.031133676955244067,0.031047231400392433,0.9378190916443635
23944,32944,Medium,Medium,0.032495801235172816,0.03132505464400085,0.9361791441208264
29477,38477,Medium,Medium,0.033828721898797764,0.03808336446661978,0.9280879136345824
35201,44201,Low,Low,0.029927280859621454,0.93667324458082,0.03339947455955841
30805,39805,Medium,Medium,0.029874783791418016,0.030395204011947802,0.9397300121966342
32694,41694,Medium,Medium,0.0316998321693767,0.03781004258795259,0.9304901252426707
6128,15128,Low,Low,0.02956596639292629,0.9345653709475238,0.03586866265954994
33930,42930,Medium,Medium,0.03274173272290202,0.03124994884127205,0.9360083184358259
17228,26228,High,High,0.9353007288532424,0.030051294600719872,0.03464797654603768
16030,25030,Medium,Medium,0.03667880538731879,0.06475397558457159,0.8985672190281097
21894,30894,Medium,Medium,0.034115773601115916,0.034944504983757445,0.9309397214151266
23693,32693,High,High,0.9278441811141432,0.03454397694105369,0.037611841944803104
11209,20209,Medium,Medium,0.0339627919073477,0.03101378350490983,0.9350234245877423
11501,20501,Medium,Medium,0.03394377724328295,0.03376898962837153,0.9322872331283456
12156,21156,High,High,0.9322538490120834,0.03303935338244915,0.03470679760546738
20469,29469,High,High,0.9387609641297195,0.029193908645621314,0.03204512722465906
15521,24521,Medium,Medium,0.02981030989839699,0.031057437686121004,0.939132252415482
35402,44402,Low,Low,0.03075287714346189,0.9335447902235577,0.03570233263298033
28253,37253,Medium,Medium,0.03469011001491685,0.03593400626302198,0.9293758837220611
37206,46206,High,High,0.9298496231362621,0.03488280366251747,0.03526757320122045
854,9854,High,Medium,0.03932519595863561,0.033658528941819914,0.9270162750995444
10791,19791,High,High,0.9201272253226968,0.03055279333268991,0.049319981344613274
10961,19961,Medium,Medium,0.032263722657852316,0.031947865909638835,0.9357884114325089
4116,13116,Low,High,0.9322797610094162,0.032212405388431266,0.03550783360215241
21452,30452,Low,Low,0.03687580018693667,0.9199497401046625,0.04317445970840079
29701,38701,Medium,Medium,0.03134829815955784,0.03223650704552545,0.9364151947949167
30152,39152,Medium,Medium,0.03470467101334768,0.03328288821656408,0.9320124407700883
13479,22479,Medium,Medium,0.030192298172818474,0.030132049439610755,0.9396756523875708
15702,24702,Medium,Medium,0.03083944856430093,0.039854808336277116,0.9293057430994219
35186,44186,Medium,Medium,0.032827970677836694,0.030485516272766976,0.9366865130493963
7865,16865,High,High,0.9334484788537791,0.029447021557532014,0.03710449958868875
14301,23301,Medium,Medium,0.031103556596561017,0.032498191460914316,0.9363982519425247
31514,40514,Medium,Medium,0.030685238542940748,0.03060968965948112,0.9387050717975781
14116,23116,Low,Low,0.031957222786197066,0.9303838035172275,0.03765897369657536
30031,39031,Medium,Medium,0.034025790169790016,0.03135198533083089,0.9346222244993792
23091,32091,Medium,Medium,0.03508454953150753,0.06833809042207278,0.8965773600464196
29879,38879,Medium,Medium,0.03768921717961897,0.060409154284108015,0.901901628536273
7858,16858,Medium,Medium,0.03260845528455616,0.030173871342256308,0.9372176733731875
34104,43104,Low,Low,0.03206038274321052,0.925046895552808,0.042892721703981444
2304,11304,Low,Medium,0.03229966036892758,0.03174164567041892,0.9359586939606536
36829,45829,Low,Low,0.03307547272723718,0.91504270299589,0.05188182427687288
3317,12317,Low,Low,0.029946924054247554,0.9292349172583788,0.040818158687373624
18140,27140,Medium,Medium,0.03355535397144938,0.03230130162129787,0.9341433444072527
23451,32451,High,Low,0.033960684113838964,0.9279418876918206,0.03809742819434034
35967,44967,Medium,Low,0.03287774647038359,0.9298008228618638,0.03732143066775259
18049,27049,Medium,Medium,0.03210896371605307,0.03189557214757643,0.9359954641363705
31468,40468,Low,Low,0.03938804886227039,0.9253221748118131,0.035289776325916435
33229,42229,Medium,Medium,0.03914665665491622,0.033733199981545954,0.9271201433635379
8572,17572,High,High,0.9346461929703297,0.031023083485205525,0.03433072354446489
11376,20376,Low,Low,0.030481982147785937,0.9299947854231618,0.03952323242905232
2972,11972,Medium,Medium,0.034911473696067855,0.03548732725626818,0.9296011990476639
3639,12639,Medium,Medium,0.03200588926318784,0.030298481024060155,0.937695629712752
38047,47047,High,High,0.9291072200500241,0.031415941473914716,0.03947683847606106
33156,42156,Medium,Medium,0.03274969458857117,0.033259811135363165,0.9339904942760656
34924,43924,Medium,Medium,0.034815454016610015,0.042972342744290265,0.9222122032390997
34049,43049,High,High,0.9302874296917482,0.03110950839109276,0.03860306191715912
35194,44194,Medium,Medium,0.03122541815326668,0.0400688422304454,0.928705739616288
2866,11866,Low,High,0.9147767260871779,0.048691616082479544,0.03653165783034261
14791,23791,Low,Low,0.033083563657836317,0.9099414073524544,0.05697502898970926
32839,41839,High,High,0.9290936701592839,0.03029033672673589,0.04061599311398018
21865,30865,Low,High,0.9215558230749056,0.031787971509784116,0.04665620541531024
32432,41432,Medium,Medium,0.03403003853195315,0.03354420264830967,0.9324257588197371
27889,36889,High,High,0.8657550462643946,0.036798240629289124,0.09744671310631636
23140,32140,Low,Low,0.030023492946203694,0.9358963083466344,0.03408019870716199
5078,14078,Low,Low,0.03158290736083918,0.9339031816702236,0.0345139109689373
14081,23081,Medium,Medium,0.03370270943442669,0.04398812563378173,0.9223091649317916
30356,39356,Medium,Medium,0.038538606704476085,0.03731692023991012,0.9241444730556138
18544,27544,Medium,Medium,0.031726979182805475,0.031079394756772544,0.9371936260604219
5735,14735,High,Medium,0.02997925774349414,0.03020875419743682,0.939811988059069
5897,14897,Medium,Medium,0.03066494838792246,0.03191525537494581,0.9374197962371319
2124,11124,Medium,Medium,0.033737774898968925,0.031372737057720104,0.9348894880433111
21485,30485,Low,Low,0.03044647952752008,0.9266397982413669,0.04291372223111304
31130,40130,Medium,Medium,0.04632274162561567,0.03205855611012397,0.9216187022642605
7468,16468,Medium,Medium,0.029543679776680588,0.029890902690887292,0.9405654175324321
18346,27346,Medium,Medium,0.03126467677198203,0.03332388496522317,0.9354114382627948
20128,29128,Medium,Medium,0.030959872987721404,0.033564192814925446,0.9354759341973531
2990,11990,Medium,Medium,0.030901108854824385,0.030477156634340783,0.9386217345108347
33775,42775,High,High,0.9285806155368385,0.03728927766911885,0.03413010679404268
3091,12091,High,High,0.918329475763227,0.04349018526026438,0.03818033897650877
2057,11057,High,Low,0.10278135798935777,0.8533217303654254,0.043896911645216974
933,9933,Medium,Medium,0.033454094525512255,0.0341256294041801,0.9324202760703076
39641,48641,Medium,Medium,0.030462671908622733,0.03007171281761675,0.9394656152737605
37643,46643,High,High,0.937316085567554,0.02917763795287726,0.03350627647956877
38111,47111,Low,Low,0.03208243077588019,0.9354371921217778,0.03248037710234213
21599,30599,Medium,Medium,0.033009085009420965,0.030506774630827443,0.9364841403597516
35680,44680,Medium,Medium,0.03150650108287916,0.03253069228846141,0.9359628066286594
34746,43746,Medium,Medium,0.030774309603926592,0.0356950941877236,0.9335305962083499
33096,42096,Medium,Medium,0.03212619158538674,0.03445435480121201,0.9334194536134013
37511,46511,Medium,Medium,0.03189463100943826,0.03147912912065198,0.9366262398699098
615,9615,High,High,0.9295313574061268,0.033598215515743206,0.036870427078129826
28650,37650,Medium,Medium,0.0322691649544671,0.030407131004115264,0.9373237040414176
3637,12637,Medium,Medium,0.032243494734431194,0.031795627185751886,0.935960878079817
35341,44341,High,High,0.9335680748136949,0.03288124343486385,0.033550681751441304
4850,13850,Medium,Medium,0.03421843441507139,0.04052967371326952,0.9252518918716591
9286,18286,Medium,Medium,0.03554096289276787,0.0365942189231608,0.9278648181840713
29882,38882,Low,Low,0.035564335741365964,0.9207047370485032,0.043730927210130784
10992,19992,Medium,Medium,0.030297210808114955,0.030368397608699183,0.9393343915831859
28569,37569,Low,Low,0.03131223075402848,0.9290931068340154,0.03959466241195613
27283,36283,Medium,Medium,0.03641215727275577,0.042453238678966033,0.9211346040482781
35829,44829,Low,Low,0.03209408132779376,0.9339524908302584,0.033953427841947874
4995,13995,High,High,0.9348707730450148,0.032031691069002693,0.03309753588598264
6253,15253,Medium,Medium,0.031823656002684726,0.03189794695774526,0.9362783970395699
34385,43385,High,High,0.9256657077436952,0.0327415489414442,0.041592743314860604
37455,46455,Low,Low,0.03436973168274584,0.930820846537903,0.034809421779351236
5357,14357,Low,Low,0.03621405672652774,0.9264189695725924,0.03736697370087991
32397,41397,Medium,Medium,0.032912318505451045,0.035706174530438915,0.9313815069641102
14799,23799,Low,Low,0.03190944379356533,0.9336762775745777,0.034414278631856955
19141,28141,Low,Low,0.03300412234140323,0.9313906468750958,0.035605230783501016
34135,43135,Medium,Medium,0.04230958201451133,0.03754685437876743,0.9201435636067212
2856,11856,Low,High,0.9309060594417645,0.034956107979934786,0.034137832578300754
21799,30799,Low,Medium,0.2472289273756425,0.07738088705138595,0.6753901855729717
37675,46675,Medium,Medium,0.03194982878925424,0.03257207505079015,0.9354780961599557
8371,17371,Medium,Medium,0.03281219984330915,0.036773928442209065,0.9304138717144818
39084,48084,Medium,Medium,0.03493724358242003,0.03742681591685056,0.9276359405007293
2955,11955,High,High,0.9340601144531705,0.030511543920695026,0.035428341626134514
3799,12799,High,High,0.9361423319566006,0.031332077066591725,0.03252559097680788
2917,11917,High,High,0.9345381780527839,0.032879135202887426,0.03258268674432874
23713,32713,Medium,Medium,0.036845851662375965,0.059748592597424405,0.9034055557401995
23819,32819,Medium,Medium,0.032591748921866746,0.03642858165750006,0.930979669420633
33999,42999,Medium,Medium,0.031791016504935925,0.03833904832465276,0.9298699351704114
11459,20459,Low,Low,0.029729835314366737,0.936138049512063,0.03413211517357018
8908,17908,Low,Low,0.03095236156141612,0.9072501073610392,0.061797531077544716
2603,11603,Medium,Medium,0.03574109231632087,0.03076427294733799,0.9334946347363412
5500,14500,Medium,Medium,0.034741633025176216,0.03873788329541388,0.9265204836794099
16807,25807,Medium,Medium,0.03206881095765091,0.03073096871931703,0.937200220323032
22782,31782,Medium,Medium,0.03585734355071869,0.030506883437321077,0.9336357730119603
6654,15654,Medium,Medium,0.03423163649339034,0.03502518426912694,0.9307431792374827
17857,26857,Medium,Medium,0.0326304202442276,0.029397151520600847,0.9379724282351716
25267,34267,High,Medium,0.03535047230700351,0.030976108435961314,0.9336734192570352
17711,26711,Low,Low,0.03320355930836578,0.9114180956649974,0.055378345026636744
1709,10709,Medium,Medium,0.03558050933087398,0.03184742903591995,0.9325720616332059
15973,24973,Low,Low,0.03302571599146077,0.8887017119874884,0.07827257202105066
13385,22385,Low,Low,0.03164933370360903,0.9355631125020757,0.032787553794315256
9894,18894,Medium,Medium,0.034534738943551066,0.0307374799163261,0.9347277811401229
18250,27250,Medium,Medium,0.03271717413053691,0.030590670800992856,0.9366921550684703
36303,45303,Medium,Medium,0.033222876302925385,0.03144958532024825,0.9353275383768264
28842,37842,Medium,Medium,0.03653497148545722,0.032567676566887444,0.9308973519476553
10950,19950,High,High,0.9389780957248438,0.029105273881845212,0.03191663039331097
37988,46988,High,High,0.938882723689054,0.029230397822172027,0.03188687848877395
11464,20464,Low,Low,0.03090972258450375,0.9356958761268538,0.03339440128864249
32473,41473,Medium,Medium,0.0330684887668915,0.030036661726593583,0.9368948495065149
24086,33086,Medium,Medium,0.0327362827335905,0.03215204272511975,0.9351116745412896
2105,11105,Medium,Medium,0.03377700962423787,0.0335244410156949,0.9326985493600671
21217,30217,Medium,Medium,0.03376417410177127,0.03471393604566639,0.9315218898525623
36638,45638,Low,Low,0.033562862134248306,0.9320933335819431,0.034343804283808545
36388,45388,Low,Low,0.048641911352592014,0.5031999831225799,0.4481581055248282
10221,19221,High,High,0.9354320683340696,0.032498797900578504,0.03206913376535195
28590,37590,Medium,Medium,0.03534809987358619,0.04012880710167494,0.9245230930247389
31279,40279,Low,Low,0.0378031575732271,0.886405968596903,0.07579087382986992
29653,38653,Low,Low,0.029723659495784076,0.9362372502626067,0.034039090241609136
13326,22326,High,High,0.9331942548638507,0.03293563574371597,0.033870109392433366
35420,44420,Medium,Medium,0.031678227329674236,0.03151771765596135,0.9368040550143645
18521,27521,Medium,Medium,0.03472487710794928,0.03311596657765783,0.932159156314393
951,9951,Medium,Medium,0.1273523864190598,0.05851815086051906,0.8141294627204211
33964,42964,High,High,0.9369688713867378,0.030310540203304415,0.032720588409957695
4710,13710,Low,Low,0.03227952490142635,0.9295890581708205,0.038131416927753146
10610,19610,Medium,Medium,0.041793169832656324,0.03658565405174433,0.9216211761155993
5319,14319,High,High,0.9311074259125252,0.03451715023011142,0.03437542385736334
13337,22337,Low,Low,0.033890992352804954,0.934032335906287,0.03207667174090797
18712,27712,High,High,0.9360240555198597,0.03145784716721018,0.03251809731293014
23018,32018,Medium,Medium,0.03432218043057784,0.037871708854694534,0.9278061107147276
6758,15758,Medium,Medium,0.03480898325717529,0.03258272490216969,0.932608291840655
28118,37118,Medium,Medium,0.0336460851785916,0.031976982646519624,0.9343769321748888
1528,10528,Low,Low,0.029178946587108113,0.9356813390388946,0.03513971437399722
5810,14810,Medium,Medium,0.0298315099422204,0.03023327035129486,0.9399352197064847
24110,33110,Medium,Medium,0.033025501793295546,0.03261473226609258,0.9343597659406119
11534,20534,High,High,0.9314742286524496,0.03389850293075828,0.03462726841679208
29159,38159,Medium,Medium,0.03624904013744357,0.032143966484808266,0.9316069933777481
36271,45271,Medium,Medium,0.030456625615671515,0.03134513573960241,0.9381982386447261
31420,40420,Low,Medium,0.03760279389818647,0.2372526981167268,0.7251445079850867
19107,28107,Medium,Medium,0.03149814649900459,0.030435192617841045,0.9380666608831545
20941,29941,High,High,0.9224037219664094,0.03488053797908857,0.042715740054501905
16763,25763,High,High,0.938512559263684,0.02900601768949948,0.03248142304681637
29057,38057,Medium,Medium,0.03356812620757927,0.03557794678276654,0.9308539270096542
24043,33043,Medium,Medium,0.044350824316032524,0.036372579385901514,0.9192765962980659
3508,12508,Medium,Medium,0.03238464434576778,0.02961744388257827,0.9379979117716539
32975,41975,Medium,Medium,0.033091129806832424,0.035958203935714944,0.9309506662574526
4431,13431,Medium,Medium,0.03590920750270082,0.05649391037781587,0.9075968821194834
25046,34046,High,High,0.9340873075555448,0.03207930084174764,0.033833391602707444
888,9888,High,High,0.936744828594447,0.029942435026683718,0.03331273637886931
20064,29064,Low,Low,0.033804474638056324,0.9326467893030616,0.03354873605888214
28189,37189,Medium,Medium,0.032278757064832665,0.02977461408368214,0.9379466288514852
6375,15375,High,High,0.9360328044967717,0.02965814149522721,0.03430905400800106
31869,40869,Medium,Medium,0.032192577056648346,0.0311081183809896,0.9366993045623621
30751,39751,Medium,Medium,0.03130711345560134,0.03063789075557727,0.9380549957888215
17904,26904,High,High,0.9314395913940782,0.03276127882650246,0.03579912977941951
3722,12722,Medium,Medium,0.035351766019397185,0.036059652429170315,0.9285885815514324
12287,21287,Medium,Medium,0.049755536175380956,0.03546615961131764,0.9147783042133014
11241,20241,Medium,Medium,0.031914008553200736,0.03254836745340182,0.9355376239933975
2289,11289,Low,Low,0.03311912271800229,0.9308532255937942,0.036027651688203544
23045,32045,High,High,0.9359813170857461,0.032034337063499035,0.031984345850755
702,9702,Medium,Medium,0.03510600956858214,0.03569014273590714,0.9292038476955108
26581,35581,Low,Low,0.035861179411467575,0.9000971382646444,0.06404168232388797
11190,20190,Medium,Medium,0.03754227048132942,0.04077790781341664,0.9216798217052539
31943,40943,Medium,Medium,0.03183032921220507,0.02927760566120588,0.9388920651265891
18102,27102,Medium,Medium,0.03284391930880364,0.035343724376443224,0.931812356314753
9517,18517,High,High,0.9376146173763767,0.029724030638939178,0.032661351984684
12504,21504,Low,Low,0.029470614170806375,0.936363080928979,0.034166304900214654
39922,48922,Low,Low,0.030213276461779934,0.9321145617407107,0.0376721617975093
7352,16352,Medium,Medium,0.038614933359233994,0.03258824230735723,0.9287968243334088
16875,25875,Low,Low,0.035070824731928574,0.9181618331108021,0.046767342157269215
7392,16392,Low,Low,0.030024796880702653,0.9384024258480704,0.031572777271227044
34714,43714,High,High,0.9352705259101225,0.030469766256762374,0.03425970783311511
27115,36115,High,High,0.9165791654998746,0.04033121098258357,0.043089623517541774
13091,22091,Low,Low,0.033726265817201805,0.9328864276671066,0.033387306515691446
30696,39696,Low,Low,0.03271285545235741,0.9272276172746429,0.04005952727299975
38088,47088,Low,Low,0.029165587114131527,0.9364243617484056,0.034410051137462865
22519,31519,Medium,Medium,0.03434273914697039,0.03300763700725543,0.9326496238457742
16845,25845,High,High,0.9359943781779719,0.029452398779848277,0.03455322304217992
24098,33098,Medium,Medium,0.03386214434648158,0.03303160040574125,0.9331062552477771
12829,21829,Medium,Medium,0.03024198936930765,0.03355147104113702,0.9362065395895552
9763,18763,Medium,Medium,0.030867803254329428,0.030573852823801484,0.9385583439218692
34190,43190,High,High,0.9376018833569976,0.029733393829530348,0.0326647228134721
4745,13745,Low,Medium,0.03698436061586194,0.3642959358489339,0.5987197035352042
12992,21992,Medium,Medium,0.03127924124545351,0.03396296429544568,0.9347577944591009
27336,36336,High,High,0.9345579955896158,0.03264964564021205,0.03279235877017215
23010,32010,Low,Low,0.03135801878827888,0.9173018015055305,0.051340179706190626
1994,10994,Medium,Medium,0.03091477733411797,0.030362939163056463,0.9387222835028256
33773,42773,High,High,0.9333043547433343,0.03189239802963961,0.03480324722702611
5165,14165,Medium,Medium,0.031124226146606,0.03106342950721309,0.937812344346181
1323,10323,Medium,High,0.9389387968467867,0.030084421316066468,0.030976781837146666
30049,39049,Medium,Medium,0.031489131846837895,0.03209394499889359,0.9364169231542685
17038,26038,Low,Low,0.03331705090138591,0.9340653069681171,0.032617642130497
38501,47501,High,High,0.935474072556601,0.03116689738179569,0.03335903006160337
30091,39091,Medium,Medium,0.032580596958416815,0.040733810095873464,0.9266855929457097
27314,36314,Medium,Medium,0.03399088892730953,0.0535183493936959,0.9124907616789946
22601,31601,Medium,Medium,0.0780492060670935,0.03537719493907942,0.8865735989938271
39347,48347,Medium,Medium,0.036852799433532125,0.03527645030333227,0.9278707502631356
32940,41940,Medium,Medium,0.03432680215833157,0.031028541890614773,0.9346446559510536
5956,14956,High,High,0.9277749396410435,0.037523152318212495,0.03470190804074399
17166,26166,Low,Low,0.03021067882660759,0.9335643341997741,0.03622498697361829
3191,12191,Medium,Medium,0.03245109375837455,0.03151058682563953,0.9360383194159859
32117,41117,Low,Low,0.029493524575542444,0.9349952432855306,0.0355112321389269
19128,28128,High,High,0.9286595594106003,0.03522561233319837,0.03611482825620141
5498,14498,Medium,Medium,0.034344228310588504,0.03090590334876896,0.9347498683406426
16690,25690,Medium,Medium,0.03091809813492667,0.029025651773298754,0.9400562500917745
7022,16022,Medium,Medium,0.0988817748605665,0.033697680204411364,0.8674205449350222
15387,24387,Low,Low,0.03891479747047918,0.9256038307034883,0.03548137182603255
15233,24233,Medium,Medium,0.032988126007828154,0.04017154106355758,0.9268403329286142
34955,43955,Medium,Medium,0.042654836121946205,0.0323805361724557,0.924964627705598
986,9986,Low,Low,0.031641153764617964,0.9308887881910156,0.03747005804436648
26614,35614,Medium,Medium,0.03209860935145115,0.03139261770353705,0.9365087729450118
21917,30917,High,Medium,0.031120621009125576,0.030788843266597254,0.9380905357242771
17911,26911,Medium,Medium,0.043984211172659604,0.03444161924463479,0.9215741695827057
20405,29405,Medium,Medium,0.03244904389606863,0.03104578449049919,0.9365051716134323
28274,37274,Low,Low,0.03411927699548165,0.9289210374482763,0.03695968555624222
19620,28620,Medium,Medium,0.03908463297740159,0.031158172925841304,0.9297571940967572
18466,27466,High,High,0.9329005166946601,0.03137268527940996,0.03572679802592984
33374,42374,Medium,Medium,0.0336665802482168,0.033416849833391,0.9329165699183921
32642,41642,Medium,Medium,0.043512715952998625,0.037371620861307,0.9191156631856944
20613,29613,High,High,0.935146344454143,0.03230425058087193,0.03254940496498507
24608,33608,Low,Low,0.033115783572532816,0.9327628564438207,0.0341213599836464
9170,18170,High,High,0.9353886466737986,0.030956273081209736,0.03365508024499162
20900,29900,High,High,0.9337672095460346,0.03205132149587296,0.03418146895809253
39312,48312,Medium,Medium,0.030195592188264883,0.030740658577571484,0.9390637492341636
17174,26174,Medium,Medium,0.03398368836177911,0.03144519898014311,0.9345711126580779
8271,17271,High,High,0.9336060527259556,0.031781057385934945,0.03461288988810946
24636,33636,Medium,Medium,0.032169786083885266,0.03274115351091436,0.9350890604052005
14932,23932,Medium,Medium,0.03807150918658828,0.033136695905812,0.9287917949075997
20631,29631,High,High,0.9329722250056812,0.03136743316455438,0.03566034182976441
18301,27301,High,High,0.9342051879798724,0.0320651332922449,0.03372967872788268
28851,37851,High,Medium,0.06204559923089429,0.03565216236401338,0.9023022384050923
12594,21594,Medium,Medium,0.03667910504121856,0.03570804975345356,0.9276128452053278
31069,40069,Medium,Low,0.048843259709683624,0.5692049555065258,0.3819517847837905
26562,35562,Medium,Medium,0.03140470509351775,0.03479450657875341,0.9338007883277287
8253,17253,Medium,Medium,0.04452847437398893,0.03179612119392746,0.9236754044320836
14981,23981,High,High,0.935353675162775,0.0298189330832813,0.03482739175394369
8332,17332,Medium,Medium,0.03354663729358845,0.030866866368289378,0.9355864963381221
39265,48265,Low,Low,0.03192900679418221,0.9322155211389481,0.03585547206686968
5403,14403,High,High,0.9344196268590482,0.030868990255416066,0.034711382885535776
1029,10029,Low,Low,0.0316127556742059,0.93060646326792,0.037780781057874045
31292,40292,Medium,Medium,0.03459371829263793,0.03492733879982106,0.9304789429075412
18507,27507,High,High,0.9310861066514265,0.03402627235536774,0.034887620993205574
376,9376,High,High,0.9361587490784644,0.030083875907538582,0.03375737501399698
33569,42569,Medium,Medium,0.03160323460656827,0.03037249991674965,0.938024265476682
23459,32459,Medium,Medium,0.030731809940739582,0.03193480447549673,0.9373333855837638
6031,15031,Medium,Medium,0.031605486487888634,0.0310569496393346,0.9373375638727767
20414,29414,Medium,Medium,0.03811471645413551,0.03233262342704124,0.9295526601188233
14378,23378,High,Medium,0.03344930933983908,0.030502492812038245,0.9360481978481227
13789,22789,High,High,0.9385182683203563,0.029265445672071354,0.032216286007572294
2842,11842,High,High,0.9392167637527873,0.028882866894611902,0.0319003693526009
32797,41797,Medium,Medium,0.0363581024642041,0.034504061453079514,0.9291378360827164
39066,48066,High,Low,0.03039542946344648,0.9319919896978588,0.03761258083869457
30147,39147,Low,Low,0.034256010173575574,0.9159814505829157,0.04976253924350871
26093,35093,Medium,Low,0.06985274483779694,0.7458673365345937,0.18427991862760928
25783,34783,Low,Low,0.03457648247744783,0.9151315576645646,0.05029195985798763
37370,46370,High,High,0.9279429387844386,0.03639518154499219,0.035661879670569115
11136,20136,Medium,Medium,0.03182727364690669,0.03749607580513326,0.93067665054796
34411,43411,Medium,Medium,0.030836325785663515,0.03196298360793239,0.9372006906064042
39733,48733,Medium,Medium,0.036945123455136404,0.041450643169253835,0.9216042333756098
23533,32533,High,High,0.9293467672516097,0.035813797484550096,0.0348394352638402
18283,27283,Low,Low,0.029462165910726226,0.934945642472504,0.03559219161676976
39852,48852,Medium,Medium,0.030277115533410854,0.03051143951324452,0.9392114449533446
36994,45994,Medium,Medium,0.03169724875814164,0.030712778530124607,0.9375899727117337
12697,21697,Medium,Medium,0.031311332811500926,0.039102626887165655,0.9295860403013334
17724,26724,Low,Low,0.03093545626707909,0.9362565670601343,0.0328079766727867
464,9464,High,Medium,0.031119206981355157,0.03211871609488224,0.9367620769237627
5823,14823,High,High,0.9231650036010527,0.03177900469672964,0.04505599170221771
31599,40599,Medium,Medium,0.03722199531971274,0.03415870525876926,0.928619299421518
25882,34882,High,High,0.933500766624682,0.030854926179042386,0.0356443071962756
11533,20533,Low,Low,0.03011467402541877,0.9311703703906756,0.03871495558390561
1841,10841,Medium,Medium,0.031544769021885494,0.03156496306459822,0.9368902679135163
10717,19717,High,High,0.9280684774678835,0.031078027647766304,0.04085349488435034
3095,12095,Low,Low,0.03119036910524908,0.9365927656795502,0.032216865215200674
35458,44458,Low,Low,0.029558956354270503,0.9387075713205636,0.03173347232516601
38528,47528,High,High,0.9359709517048183,0.02940077807819728,0.03462827021698431
25861,34861,Medium,Medium,0.038531114203855125,0.031884478380146096,0.9295844074159989
34502,43502,Low,High,0.9109969156652592,0.04690014629690737,0.04210293803783347
33399,42399,Low,Low,0.03159859816494911,0.9364196856303985,0.031981716204652476
16882,25882,Medium,Medium,0.03054422183744242,0.03271578414681466,0.9367399940157429
29348,38348,Medium,Medium,0.03852707136408997,0.03331564931914816,0.9281572793167618
34533,43533,High,High,0.9386825836255214,0.02820421559660967,0.03311320077786893
10406,19406,High,High,0.9103155324968614,0.04004162821214597,0.04964283929099272
16578,25578,Medium,Medium,0.0317745933390071,0.033309887484865956,0.9349155191761268
31277,40277,High,High,0.9305233008738504,0.03544146510722296,0.034035234018926684
36682,45682,Medium,Medium,0.031582571407363945,0.029400345777733455,0.9390170828149027
19459,28459,Low,High,0.9368873773275145,0.029117965950357757,0.03399465672212784
16384,25384,Low,Low,0.03559785566714911,0.9285087875405839,0.03589335679226702
31529,40529,Medium,Medium,0.03494078499094081,0.043408917728159045,0.9216502972809003
13597,22597,Medium,Medium,0.03408903402567326,0.03332827408121961,0.9325826918931072
12839,21839,Medium,Medium,0.031214790867427938,0.03408003359279157,0.9347051755397805
7053,16053,Medium,Medium,0.03283172662396592,0.04535130426223821,0.921816969113796
29255,38255,Low,Low,0.0323297428582758,0.920561630639852,0.047108626501872225
22529,31529,Low,Low,0.030164308462317765,0.9362284354807459,0.033607256056936326
998,9998,Medium,Medium,0.036219801019273475,0.03158998186639076,0.9321902171143358
18184,27184,Low,Medium,0.03119414812430993,0.039056860867788035,0.9297489910079021
22830,31830,High,High,0.9348157855661198,0.0319969035944487,0.033187310839431515
20836,29836,High,High,0.9252300083772061,0.03885182400350346,0.03591816761929037
2306,11306,Medium,Medium,0.04118306776069505,0.040443346929975095,0.9183735853093298
34094,43094,Medium,Medium,0.03514620935428699,0.035378073145872914,0.92947571749984
11569,20569,Medium,Medium,0.035736108754747635,0.04023452476998852,0.9240293664752639
8117,17117,Medium,Medium,0.03176755014556578,0.029995943165945737,0.9382365066884885
30323,39323,Low,Medium,0.033628672301059724,0.0391093698376273,0.927261957861313
22003,31003,Medium,Medium,0.030674247744504196,0.030357252766301298,0.9389684994891945
17502,26502,Low,Low,0.03393769528257159,0.9208721456503715,0.04519015906705696
845,9845,Medium,Medium,0.029449443885532195,0.030023160587989494,0.9405273955264785
12817,21817,Medium,Medium,0.03290185368958356,0.03581078672114216,0.9312873595892744
1646,10646,Medium,Medium,0.03141824218011315,0.032705241372513315,0.9358765164473736
27972,36972,High,Low,0.032166117861567416,0.9348481096292699,0.032985772509162674
27323,36323,High,High,0.9272967354277618,0.03412649325867407,0.03857677131356425
11656,20656,Medium,Medium,0.033026940324177086,0.03708315022476485,0.9298899094510581
11791,20791,Medium,Medium,0.029910731043913567,0.029301782794276185,0.9407874861618103
38432,47432,Medium,Medium,0.03048411994707334,0.03131516156514121,0.9382007184877855
37477,46477,Medium,Medium,0.031482332462323966,0.03351480825577304,0.935002859281903
37848,46848,High,High,0.9182896199836531,0.03457247392157611,0.04713790609477072
36937,45937,Low,Low,0.029812946552944742,0.9315324010638931,0.038654652383162146
7147,16147,Low,Low,0.03251324050340355,0.9262946193240484,0.04119214017254815
3154,12154,Medium,Medium,0.03635608545937083,0.03137061823051459,0.9322732963101146
13269,22269,Low,Low,0.03048534688078843,0.9342421576552343,0.035272495463977344
32170,41170,Medium,Medium,0.032947806283435764,0.031243114681197198,0.935809079035367
22820,31820,High,High,0.9342159326512082,0.030634335170190204,0.03514973217860167
32686,41686,Medium,Medium,0.03317459907863873,0.03351616009332858,0.9333092408280327
22609,31609,Low,Low,0.04332584606661958,0.9162594909141101,0.0404146630192702
7367,16367,Medium,Medium,0.03145238993000335,0.029593316105122443,0.9389542939648742
6021,15021,Low,Low,0.034828424541935826,0.9326594642578048,0.032512111200259326
15859,24859,Medium,Medium,0.03376539773274026,0.03480127638655627,0.9314333258807035
26190,35190,Medium,Medium,0.03246570089182334,0.03192287898228131,0.9356114201258953
39316,48316,High,Medium,0.03987062368877404,0.07300734913797764,0.8871220271732483
19739,28739,High,High,0.9348707014397606,0.03285891711402558,0.03227038144621371
33110,42110,Low,Low,0.034406736154374784,0.9275265936009406,0.038066670244684624
27690,36690,High,High,0.9291398825897202,0.03245002989661013,0.03841008751366974
6715,15715,Low,Low,0.03103172330315007,0.9295777011514638,0.039390575545386136
5155,14155,High,High,0.9372752153371354,0.029919549308157645,0.03280523535470691
7601,16601,Medium,Low,0.045307238077188665,0.8069240656665979,0.1477686962562134
22743,31743,Medium,Medium,0.03583648219606428,0.032414074516883266,0.9317494432870524
38036,47036,Medium,Medium,0.03088195587090844,0.03225263339971569,0.9368654107293759
33922,42922,Medium,Medium,0.03268917032751762,0.03348977610277276,0.9338210535697096
24276,33276,Medium,Low,0.0314804974213102,0.9367149312056741,0.03180457137301584
30239,39239,High,High,0.9365456211334283,0.030644182848799533,0.0328101960177723
27913,36913,High,High,0.9301287928352973,0.03213574488287419,0.037735462281828454
2472,11472,Medium,Medium,0.031416837244107244,0.032439008361325225,0.9361441543945676
21826,30826,High,High,0.9322068137967022,0.03281248295617343,0.03498070324712442
36229,45229,High,High,0.9326760723590047,0.0349578338607471,0.03236609378024823
31657,40657,Medium,Medium,0.03205165362547837,0.033431980478864816,0.9345163658956568
4017,13017,High,High,0.9305587217628194,0.03003023455548016,0.03941104368170046
18441,27441,Medium,Medium,0.031803073905413,0.07135471510898737,0.8968422109855996
13039,22039,Medium,Medium,0.03699821165388468,0.031249085155808962,0.9317527031903063
189,9189,Medium,Medium,0.03491031404371005,0.035130909952121085,0.9299587760041689
32492,41492,Medium,Medium,0.03144083988454387,0.03131821205067944,0.9372409480647766
20362,29362,Medium,Medium,0.032810281482222266,0.03064334198524206,0.9365463765325357
12622,21622,High,High,0.9240130021979258,0.03584727419061107,0.040139723611463014
11385,20385,High,Medium,0.04855907923282999,0.0446631092139373,0.9067778115532327
6738,15738,Medium,Medium,0.031169723840330694,0.036240581750708094,0.9325896944089612
6068,15068,Medium,Low,0.03525706379771251,0.9313342724568875,0.033408663745400094
2232,11232,High,High,0.9301923858162947,0.03469604515341981,0.0351115690302855
34483,43483,Medium,Medium,0.04018349190693824,0.05113036531715118,0.9086861427759105
16833,25833,Medium,Medium,0.0421973744307274,0.03569672682192686,0.9221058987473457
2053,11053,High,High,0.9397468978825905,0.02928116347613054,0.030971938641278906
24,9024,High,High,0.9248369491569067,0.03165979644292043,0.043503254400172914
2749,11749,Low,Medium,0.03268945578400152,0.03127284995910887,0.9360376942568897
12275,21275,Low,Low,0.03065141571965938,0.9316719105138621,0.03767667376647854
185,9185,High,High,0.9192603603170527,0.034821416677971666,0.04591822300497556
12041,21041,Medium,Medium,0.0356967613006033,0.0346247226472012,0.9296785160521955
13735,22735,High,High,0.9382044916552066,0.02970207805146816,0.03209343029332532
4832,13832,High,High,0.9205040334065712,0.031795956944645536,0.04770000964878332
193,9193,Medium,Medium,0.03476260204569211,0.03912315160991477,0.9261142463443931
23208,32208,Medium,Medium,0.03409562828595926,0.033037177425086516,0.9328671942889543
31270,40270,Medium,Medium,0.033724135461373324,0.058677918587162405,0.9075979459514643
36187,45187,Low,Low,0.04137803991911199,0.9163248249669561,0.042297135113931746
33535,42535,High,High,0.936518978844198,0.029367336158911957,0.03411368499689017
5017,14017,High,High,0.9341792438106054,0.03275156546323121,0.03306919072616348
20077,29077,Medium,Medium,0.031973947801819586,0.03135299284986703,0.9366730593483134
17205,26205,Low,Low,0.03715227855201199,0.7631367816384299,0.1997109398095582
36395,45395,High,High,0.9258594166221249,0.03339044610193898,0.04075013727593612
5888,14888,Medium,Low,0.03188854455364447,0.9339377094869638,0.034173745959391835
3894,12894,High,High,0.9293339672106571,0.03238561060173346,0.038280422187609464
18269,27269,Medium,Medium,0.03297835753453069,0.03723233523932116,0.9297893072261482
13701,22701,Medium,Medium,0.035406631703320694,0.03313456793284702,0.9314588003638323
51,9051,High,Medium,0.03209409727450231,0.03642225505598265,0.9314836476695151
33951,42951,Low,Low,0.03341733882013908,0.9314600374168522,0.035122623763008655
8573,17573,High,High,0.9292035947163231,0.03579746265868577,0.03499894262499126
2883,11883,High,High,0.9366215803610897,0.029582392156590153,0.03379602748232007
22837,31837,High,High,0.9339241033380037,0.030481858901480332,0.035594037760516006
2134,11134,Low,Low,0.032352003647734676,0.9350327837107478,0.03261521264151757
20220,29220,High,High,0.9245877398725737,0.035064503356889314,0.040347756770536966
3262,12262,Medium,Medium,0.030767929195409906,0.03191361979480931,0.9373184510097806
36601,45601,Medium,Medium,0.0315320587880068,0.03328825127106244,0.9351796899409307
15404,24404,High,High,0.9343987764916868,0.029230435460565408,0.036370788047747744
14529,23529,High,High,0.9325122794825577,0.033074249591773984,0.03441347092566823
2562,11562,High,Low,0.03132276494100361,0.9292850449646902,0.03939219009430631
29444,38444,Medium,Medium,0.25557150371197357,0.049159735901193054,0.6952687603868334
23779,32779,Medium,Medium,0.0311244570306432,0.03126189266618398,0.9376136503031729
17869,26869,High,High,0.9304448779590603,0.034256325530895554,0.035298796510044216
3904,12904,Medium,Medium,0.031825900859588564,0.033093593995559535,0.9350805051448519
29706,38706,Low,Low,0.03606881332040176,0.9241869434678786,0.03974424321171981
18745,27745,High,High,0.9343316279307072,0.03094436134920001,0.034724010720092784
15861,24861,High,High,0.9357282225113405,0.029907841075581337,0.03436393641307816
29512,38512,Medium,Medium,0.031855650336482966,0.030574456327231037,0.937569893336286
18513,27513,High,High,0.9264247115750853,0.031822028094021494,0.041753260330893216
8480,17480,Medium,Medium,0.030712230493676367,0.030863984251540282,0.9384237852547833
2298,11298,High,High,0.9347796471311223,0.03156314065986205,0.03365721220901576
34995,43995,Low,Low,0.031260898084992335,0.9331664738955867,0.03557262801942098
13247,22247,Medium,Medium,0.033506177014161316,0.05945225325128536,0.9070415697345533
28603,37603,Medium,Medium,0.03481031483778526,0.03516810896044347,0.9300215762017713
36431,45431,High,High,0.920527457664,0.03378563973694032,0.04568690259905961
3818,12818,Medium,Medium,0.02940214540166454,0.029137016577677508,0.9414608380206579
24758,33758,Low,Low,0.034056873539310806,0.9291406594294055,0.036802467031283724
18800,27800,Low,Low,0.03173716810041216,0.9163152494982979,0.05194758240128991
16641,25641,Low,Low,0.031427663161864426,0.9339472598978981,0.034625076940237455
6639,15639,Medium,Medium,0.040489170205076426,0.03316013804770799,0.9263506917472156
37903,46903,Medium,Medium,0.030122287964565245,0.031125819193878662,0.938751892841556
26741,35741,Medium,Medium,0.034647419446518536,0.031189748432317217,0.9341628321211642
9070,18070,Low,Low,0.03232533121205957,0.931902811096886,0.03577185769105445
10885,19885,Medium,Medium,0.03544704901961051,0.030824409279052317,0.9337285417013371
18261,27261,High,High,0.9379869377256819,0.028415842777165367,0.03359721949715291
25373,34373,Medium,Medium,0.0321315795828895,0.03640383821377823,0.9314645822033323
31588,40588,Medium,Medium,0.030374515647044856,0.03167285269208646,0.9379526316608686
519,9519,Low,Low,0.031200006589793938,0.9347120783895453,0.03408791502066085
5462,14462,Medium,Medium,0.03178468400188813,0.029656627193182683,0.9385586888049292
25544,34544,Medium,Medium,0.03855643457713973,0.031031816135300413,0.9304117492875599
18220,27220,Low,Medium,0.03771105928369957,0.030879859108734465,0.931409081607566
23561,32561,Medium,Medium,0.04670553535087296,0.044746876486891525,0.9085475881622355
1858,10858,Low,Medium,0.032666067274229056,0.03834128446211001,0.9289926482636609
29091,38091,Medium,Medium,0.03323049173369549,0.034674285127596606,0.932095223138708
18478,27478,Medium,Medium,0.03197881695742188,0.036633801771871845,0.9313873812707062
3879,12879,High,High,0.9358391660117659,0.029784194608205028,0.03437663938002902
17150,26150,Medium,Medium,0.03394074075106837,0.032125606243363504,0.9339336530055681
9939,18939,Medium,Medium,0.03715341174883778,0.07528938240115045,0.8875572058500119
30043,39043,Medium,Medium,0.03315751630292392,0.03171798579964868,0.9351244978974274
26293,35293,High,High,0.9368938993096799,0.029423904537342702,0.03368219615297743
35022,44022,Medium,Medium,0.031711055634021844,0.031027933060389184,0.9372610113055889
36305,45305,High,Medium,0.03105546580561661,0.038319101403163115,0.9306254327912203
25363,34363,High,High,0.9063817988822627,0.03141175732846983,0.06220644378926745
23506,32506,Medium,Medium,0.03811211251841621,0.04808302175070515,0.9138048657308787
38365,47365,Low,Low,0.02926191873458639,0.9349300072006738,0.03580807406473994
14844,23844,High,High,0.9349894396551045,0.031888019324325834,0.03312254102056971
22234,31234,High,High,0.9357035030973028,0.03239060355196648,0.03190589335073075
32200,41200,Medium,Medium,0.1873247927852828,0.038258373273308395,0.7744168339414088
36909,45909,Medium,High,0.9332299982354532,0.032921147539733686,0.033848854224813346
28532,37532,Medium,Medium,0.03727324855543443,0.03638455030918914,0.9263422011353765
21389,30389,High,High,0.9315882035961206,0.03268750020761414,0.03572429619626533
24064,33064,Low,Low,0.029213623058786987,0.9352165070836552,0.03556986985755776
32751,41751,High,High,0.9278488964056587,0.03706270922977126,0.03508839436456996
39896,48896,Medium,Medium,0.03287769168270115,0.0364097453882042,0.9307125629290947
38841,47841,Medium,Medium,0.03598509056749575,0.03565282882070783,0.9283620806117964
7780,16780,Medium,Low,0.035696050287453866,0.8942972533414723,0.07000669637107389
21372,30372,Medium,Medium,0.030115930437397003,0.03181564624928996,0.9380684233133131
3598,12598,Medium,Medium,0.03274442287194304,0.032478610930230634,0.9347769661978264
15225,24225,Medium,Medium,0.031676771745845836,0.03073430036001631,0.9375889278941378
7711,16711,Low,Low,0.03170008741769099,0.9349014234783434,0.033398489103965624
19189,28189,Low,Low,0.0411277695037773,0.9217145794665091,0.03715765102971356
25893,34893,Low,Low,0.03013362024522399,0.9345034148844187,0.03536296487035739
19334,28334,Low,Low,0.03335437657504826,0.933060316945913,0.033585306479038714
11332,20332,Medium,Medium,0.029807808198637913,0.03144334865924888,0.9387488431421133
30030,39030,High,High,0.9303828838247356,0.03281469292973032,0.03680242324553407
24775,33775,Medium,Medium,0.03929329636618517,0.06463939253338684,0.8960673111004279
18226,27226,Medium,Medium,0.03250307008053163,0.03172490533817424,0.935772024581294
29290,38290,High,High,0.9339487930246474,0.032948411959532804,0.033102795015819815
3314,12314,Medium,Medium,0.031238045083648497,0.03282164531581074,0.9359403096005408
14632,23632,Low,Low,0.03251899994457779,0.935328516516492,0.03215248353893035
20989,29989,Medium,Medium,0.036786437296598924,0.048767542896603296,0.9144460198067977
38619,47619,High,High,0.9377705663172214,0.030041849865311054,0.03218758381746766
20114,29114,Medium,Medium,0.03828367130452331,0.032338225098589295,0.9293781035968873
39086,48086,Medium,Medium,0.032497902046550085,0.032767209232165105,0.9347348887212847
24773,33773,Low,Low,0.03367800896677665,0.9300958518424363,0.03622613919078712
24126,33126,High,High,0.9356978873253728,0.030748218812248828,0.03355389386237842
11270,20270,High,High,0.9317780891797683,0.0317582105407175,0.03646370027951426
12020,21020,High,High,0.9359592344512255,0.0309958762546336,0.0330448892941408
22274,31274,Medium,Medium,0.037786675096961785,0.036015996866477405,0.9261973280365607
2837,11837,Medium,Medium,0.033872265687680696,0.03221476156829591,0.9339129727440234
32843,41843,Medium,Medium,0.035301063182733856,0.039181876346622735,0.9255170604706434
20246,29246,Medium,Medium,0.03624237903978892,0.043747881302631776,0.9200097396575794
22025,31025,Low,Low,0.03136341493037716,0.932981459168882,0.035655125900740915
35014,44014,Medium,Medium,0.03027284871647722,0.031102123048328368,0.9386250282351943
3907,12907,High,High,0.9371021765947839,0.030186878472275882,0.03271094493294024
6921,15921,High,Low,0.02989262028658755,0.9329365306177269,0.037170849095685625
9812,18812,Medium,Medium,0.033677051910791976,0.03194325997657976,0.9343796881126284
26333,35333,High,High,0.9344353636767228,0.0314985310272858,0.03406610529599127
26920,35920,Medium,Medium,0.03587908585511641,0.033766068522224586,0.930354845622659
30838,39838,Low,Low,0.030570707236024407,0.936462729051101,0.03296656371287471
31383,40383,High,High,0.9285327237012081,0.03699641525591904,0.03447086104287283
1614,10614,Medium,Medium,0.03517082460462576,0.03285623865812536,0.931972936737249
34076,43076,High,High,0.9206668063293076,0.03097731296021784,0.048355880710474454
8239,17239,Medium,Medium,0.03769310043666918,0.031045698534902647,0.9312612010284282
38866,47866,Medium,Medium,0.031065646965300463,0.029994367823573943,0.9389399852111255
39925,48925,Medium,Medium,0.035253124685401295,0.04323425203070733,0.9215126232838914
22448,31448,Medium,Medium,0.030004378740673687,0.02910583214402006,0.9408897891153063
18553,27553,High,High,0.9347684062778097,0.03060345619173252,0.0346281375304577
37352,46352,High,High,0.9356763505607563,0.03030133104308624,0.03402231839615766
17364,26364,High,High,0.8419087830590999,0.035731943967562664,0.12235927297333749
37328,46328,Medium,Medium,0.034596204269073526,0.03602833642990929,0.9293754593010174
21620,30620,Medium,Medium,0.030584872677439128,0.03273905943887415,0.9366760678836866
32164,41164,Medium,Medium,0.031052797162986246,0.031134405563625938,0.9378127972733878
20394,29394,Low,Low,0.030819527160760984,0.9268456587673811,0.04233481407185802
7756,16756,High,High,0.9379639619354361,0.02938145028212477,0.03265458778243921
12361,21361,Medium,Medium,0.03615586961104509,0.03203654205474101,0.931807588334214
11897,20897,Medium,Medium,0.033515106703367985,0.038266722281831256,0.9282181710148008
26743,35743,Medium,Medium,0.03495758530429171,0.03800173684175328,0.927040677853955
38476,47476,Medium,Medium,0.04351299129777566,0.03380164714531305,0.9226853615569114
1902,10902,Medium,Medium,0.031069768509963968,0.03880675497568964,0.9301234765143466
5728,14728,Medium,Medium,0.03470429907069905,0.0362765606900516,0.9290191402392494
9234,18234,Medium,Medium,0.03177518275952939,0.03251127411427157,0.935713543126199
36126,45126,Medium,Medium,0.031485765316557994,0.036637842687632365,0.9318763919958096
23834,32834,Low,Low,0.03521444062780354,0.9270600296705779,0.03772552970161863
8281,17281,Medium,Medium,0.03702752520265455,0.0352604598596368,0.9277120149377086
33541,42541,Medium,Medium,0.03336482230751354,0.03140805320751028,0.9352271244849762
26033,35033,Medium,Medium,0.03611598280283356,0.06919428828324464,0.8946897289139217
32285,41285,High,High,0.9376512089660856,0.029705782048922453,0.03264300898499204
18410,27410,Low,Low,0.029661125787242077,0.9282688338347667,0.042070040377991336
23543,32543,Low,Low,0.03489697148564193,0.9243144601746364,0.040788568339721824
19890,28890,Medium,Medium,0.03210914968035337,0.03334159161659327,0.9345492587030533
21520,30520,High,High,0.934942085214772,0.032219335753570603,0.03283857903165741
11504,20504,High,High,0.927530864161219,0.033470650685433666,0.03899848515334731
17449,26449,High,Medium,0.03105938647003072,0.029552904988243752,0.9393877085417256
23523,32523,Low,Low,0.029759302211140135,0.9375757583175317,0.03266493947132811
39711,48711,Low,Low,0.039365326665817144,0.8261796550438771,0.1344550182903057
28078,37078,Medium,Medium,0.03929589903216197,0.03356890373015848,0.9271351972376797
37151,46151,Medium,Medium,0.032031130931201614,0.032003132299658406,0.93596573676914
12961,21961,Medium,Medium,0.03300873860542667,0.03444774301340766,0.9325435183811658
16505,25505,High,High,0.921393761105976,0.03299732906594372,0.045608909828080225
3002,12002,Medium,Medium,0.03746497466687029,0.0533029541157537,0.9092320712173759
14421,23421,Low,Low,0.030661436001680392,0.9338072438229013,0.03553132017541838
10249,19249,Low,Low,0.030793727018909412,0.9340558772440689,0.03515039573702151
35282,44282,Low,Low,0.029377050824160738,0.9390308280869778,0.03159212108886154
10910,19910,High,High,0.9331015774299057,0.03232062926483916,0.034577793305255164
29424,38424,High,High,0.9360602012466032,0.031061166119348217,0.03287863263404853
16188,25188,High,High,0.9368374956076556,0.030579561443710702,0.03258294294863368
39418,48418,High,High,0.9377046027506237,0.030519784208301634,0.03177561304107457
34810,43810,Low,Low,0.032860099184260486,0.9269877785124426,0.040152122303296844
17627,26627,Medium,Medium,0.031079247280952207,0.03358668535476803,0.9353340673642797
10079,19079,Medium,Medium,0.0354648277394659,0.03260742450273218,0.931927747757802
28235,37235,Medium,Medium,0.031786481138243415,0.03186438365076624,0.9363491352109904
16715,25715,High,High,0.93890919787176,0.028785700041846985,0.03230510208639318
29679,38679,High,High,0.8266084140391324,0.036118809337424757,0.1372727766234428
29425,38425,High,High,0.9358337083539792,0.029117153864245463,0.03504913778177534
18314,27314,High,High,0.9360384820405688,0.031968149555798735,0.03199336840363233
12296,21296,Medium,Medium,0.04060722445765209,0.0328315419284111,0.9265612336139367
6209,15209,Medium,Medium,0.04232159280178507,0.052398419721627655,0.9052799874765872
31097,40097,Low,Low,0.03688275180238318,0.9285049463915591,0.03461230180605764
4234,13234,Medium,Medium,0.03061521837502937,0.032903825262232844,0.9364809563627379
27342,36342,Low,Medium,0.03565412688775838,0.28459787717378693,0.6797479959384547
12,9012,High,Low,0.032232434944411914,0.9260663552910321,0.041701209764555956
20447,29447,High,High,0.935654064845759,0.03212091438177999,0.03222502077246104
29980,38980,Medium,Medium,0.0322740640833492,0.03295365489415148,0.9347722810224993
2581,11581,Medium,Medium,0.0350999710252875,0.052131467585987495,0.912768561388725
27704,36704,High,High,0.9323178102527173,0.030270032068137307,0.03741215767914541
37319,46319,Medium,Medium,0.033954874875054226,0.036547167966638344,0.9294979571583074
28485,37485,Medium,Medium,0.030438708810527706,0.029482719440314598,0.9400785717491577
10491,19491,Medium,Medium,0.03413853985099212,0.0392348728579884,0.9266265872910194
16350,25350,Low,Low,0.029253121520843948,0.938102904782212,0.03264397369694396
1900,10900,Low,Low,0.03433715870297949,0.9152399100404215,0.05042293125659897
22004,31004,Medium,Medium,0.030806911795885728,0.04241505968680805,0.9267780285173063
32050,41050,Low,Low,0.035282118298530236,0.9310537506098172,0.033664131091652616
14910,23910,Low,Low,0.0307097391948923,0.9272214220859593,0.042068838719148495
14835,23835,Medium,Medium,0.04400184364312729,0.13945866676910323,0.8165394895877695
35504,44504,Low,Low,0.03182678718910278,0.9292586289676068,0.038914583843290336
6942,15942,Medium,Medium,0.032037720308763916,0.0291858178098305,0.9387764618814055
22724,31724,High,High,0.9329956200989492,0.03162492679212791,0.035379453108922855
34122,43122,High,High,0.9131743151725159,0.0403494275730415,0.04647625725444252
9995,18995,High,High,0.9373275613687534,0.03039616377497169,0.032276274856274906
8165,17165,Medium,Medium,0.0338246688054219,0.033453141869788795,0.9327221893247893
18733,27733,Low,Low,0.035939351654936676,0.9276008896751383,0.036459758669924985
32556,41556,Medium,Medium,0.03441835752617012,0.03210832392623198,0.9334733185475979
25238,34238,Medium,Medium,0.03148703161719613,0.030769023082524747,0.937743945300279
18515,27515,Medium,Medium,0.03429766638996829,0.03257844539533533,0.9331238882146963
39727,48727,Medium,Medium,0.04761892016814403,0.03620705899045321,0.9161740208414028
22365,31365,High,Medium,0.03502303926481282,0.03343161633371638,0.9315453444014707
7520,16520,Low,Low,0.03488094960216907,0.7717086211607848,0.19341042923704613
12712,21712,High,High,0.9351364061493168,0.03028361165881575,0.034579982191867455
27545,36545,Low,Low,0.03096924713002902,0.9341435879384451,0.034887164931526
5860,14860,Low,Low,0.04232430158365256,0.9042853328220849,0.053390365594262384
25679,34679,Medium,Medium,0.03035901179234826,0.030229189609235995,0.9394117985984157
27928,36928,Medium,Medium,0.03079100102824911,0.030190658833692884,0.939018340138058
29602,38602,Medium,Medium,0.03216317482592384,0.030214886929717494,0.9376219382443587
6512,15512,Medium,Medium,0.03424294059090539,0.04762712521125928,0.9181299341978352
6494,15494,Low,Low,0.033957616540493986,0.9331391275324088,0.03290325592709718
31950,40950,High,High,0.9331638058019506,0.031394506770903885,0.03544168742714544
38721,47721,Low,Low,0.03461213616830741,0.8836091704396124,0.0817786933920802
33831,42831,Medium,Medium,0.042932358518360685,0.05352522733771419,0.9035424141439251
38484,47484,Medium,Medium,0.03235987774876802,0.03219033570661305,0.935449786544619
23941,32941,Medium,Medium,0.03149034611207633,0.029631961173975072,0.9388776927139486
10062,19062,Medium,Medium,0.033691547872999224,0.03297257278341373,0.933335879343587
14564,23564,High,High,0.9301028435023327,0.033376952337364076,0.0365202041603031
8481,17481,Medium,Medium,0.04640968278119162,0.03144558855175433,0.9221447286670541
20489,29489,Medium,Medium,0.033494826209357446,0.032449710549557975,0.9340554632410846
17731,26731,Medium,Medium,0.03823572952247009,0.03431985064639838,0.9274444198311316
23839,32839,Medium,Medium,0.03446381722696749,0.033890939699659596,0.9316452430733729
8132,17132,High,High,0.9326411480922164,0.033333555328076324,0.034025296579707216
36911,45911,High,High,0.9323487164651246,0.03055959110873116,0.03709169242614416
927,9927,Medium,Medium,0.03071871549068111,0.03187770438081297,0.9374035801285059
1773,10773,Medium,Medium,0.03600942696395057,0.037687303858015664,0.9263032691780339
7813,16813,Medium,Medium,0.03729861291717366,0.1866399284451691,0.7760614586376571
14057,23057,High,High,0.9291354139198728,0.035927089445835454,0.03493749663429171
28634,37634,Low,Low,0.030310111961290343,0.9364814170678132,0.03320847097089662
28068,37068,Low,Medium,0.03307208139376825,0.03652970477474154,0.9303982138314901
38223,47223,Medium,Medium,0.03324278185234222,0.03198856961741169,0.934768648530246
20582,29582,High,High,0.9380839449718342,0.02898886289421813,0.03292719213394766
35684,44684,High,Medium,0.04084047163932309,0.03396369692319589,0.925195831437481
17508,26508,Medium,Medium,0.03358124973514574,0.03640306260425702,0.9300156876605973
17392,26392,Medium,Medium,0.03180960232171303,0.03897779282671458,0.9292126048515724
11898,20898,Medium,Medium,0.0330206594081155,0.03209910011568036,0.9348802404762041
34325,43325,High,High,0.937565628348768,0.029459085069865592,0.03297528658136643
31190,40190,Medium,Medium,0.031972527439504364,0.033737380241809854,0.9342900923186858
10830,19830,Medium,Medium,0.03577355406739465,0.03424891919850024,0.9299775267341052
7315,16315,High,High,0.9371159853737375,0.031072153209024355,0.03181186141723816
37304,46304,Medium,High,0.6188475481432825,0.046390397511237275,0.3347620543454803
4577,13577,Medium,Medium,0.03093251108020374,0.030818000624588227,0.938249488295208
1095,10095,Medium,Medium,0.03196672655478206,0.03392778630070125,0.9341054871445168
33973,42973,Low,Low,0.03277062899530649,0.9147204444928615,0.05250892651183206
6775,15775,Medium,Medium,0.037057854463509655,0.04884224725789706,0.9140998982785932
30876,39876,Low,Low,0.03008982735901646,0.9370549047077757,0.032855267933207755
39979,48979,Medium,Medium,0.034612452010682894,0.03703913050813749,0.9283484174811796
23851,32851,Low,Low,0.036382837349165774,0.9291022790789731,0.034514883571861193
23512,32512,High,High,0.9370327215433409,0.029999854494164008,0.032967423962495024
3372,12372,High,Medium,0.03242358566243264,0.03697282267422388,0.9306035916633434
34759,43759,Medium,Medium,0.03702273124644143,0.03788577038238466,0.9250914983711739
15189,24189,Low,Low,0.03321905880593686,0.926540168672387,0.04024077252167612
15693,24693,Medium,Medium,0.038708691105259894,0.03142111327940658,0.9298701956153335
27164,36164,Medium,Medium,0.039271346623959535,0.03376189076443651,0.9269667626116039
2085,11085,Medium,Medium,0.03518644907785796,0.07049957261869569,0.8943139783034463
10376,19376,High,High,0.9336641345694551,0.032495116975067594,0.03384074845547726
26213,35213,Medium,Medium,0.029617350420116696,0.03055025939536712,0.9398323901845163
2734,11734,Medium,Medium,0.031233290090655758,0.032969230532463735,0.9357974793768805
19953,28953,Medium,Medium,0.036592926637599554,0.033605038686645806,0.9298020346757546
1665,10665,High,Medium,0.029956940170203533,0.02944218482664122,0.9406008750031553
8914,17914,Low,Low,0.037074580160169894,0.9290059186921122,0.033919501147717905
14971,23971,High,High,0.9358276719775716,0.030250954334002128,0.03392137368842638
10304,19304,Low,Low,0.032830967300865224,0.932643096165645,0.03452593653348972
26873,35873,Medium,Medium,0.03369767309143514,0.036057289547580335,0.9302450373609844
29008,38008,Medium,Medium,0.03301320926753718,0.030282047665611406,0.9367047430668514
17231,26231,Medium,Medium,0.036233199197881934,0.031931517341946374,0.9318352834601716
17275,26275,Medium,Medium,0.03061248887518109,0.030050833137687655,0.9393366779871313
18194,27194,Medium,Medium,0.03461469646798158,0.03124804752091637,0.9341372560111022
27992,36992,Low,Low,0.030182132689708957,0.9361141045784885,0.03370376273180248
21034,30034,Medium,Medium,0.03139057899735535,0.032701683414033365,0.9359077375886112
33029,42029,Medium,Medium,0.04002452483864918,0.046884699982016276,0.9130907751793345
33327,42327,Low,Low,0.032243488868759405,0.9302478629679869,0.03750864816325369
37351,46351,High,High,0.9299007759344075,0.033853292716723805,0.036245931348868644
21991,30991,Medium,Medium,0.03236916121030962,0.0314520402225414,0.9361787985671489
221,9221,High,High,0.9293431549000234,0.030304985505575418,0.040351859594401046
16768,25768,Medium,Medium,0.0445850053685597,0.04061732705969375,0.9147976675717465
25788,34788,Medium,Medium,0.031536462596764604,0.03862074440885895,0.9298427929943763
29628,38628,Medium,Medium,0.040548367134969114,0.03801266265956016,0.9214389702054707
8530,17530,High,High,0.9309841499607364,0.0296807486541618,0.03933510138510171
13064,22064,Low,Low,0.030813735194290263,0.9380832735537297,0.031102991251980145
7445,16445,Low,Medium,0.035429913456724436,0.037029439578343114,0.9275406469649324
17556,26556,High,High,0.936108080043803,0.030583805979089506,0.033308113977107506
4776,13776,High,High,0.9155824008582959,0.045321602673625,0.03909599646807918
29137,38137,Medium,Medium,0.04720643375995953,0.03248298140707479,0.9203105848329658
36357,45357,High,High,0.8558789933568051,0.03723645677391043,0.10688454986928438
14700,23700,High,High,0.9267510286910635,0.03338826312407737,0.03986070818485928
3427,12427,Medium,Medium,0.029766703784238,0.029964595793509446,0.9402687004222526
20078,29078,Low,Low,0.029864404338914078,0.9378762135514259,0.03225938210966011
25627,34627,Low,Low,0.0321327023315841,0.9315605213946426,0.036306776273773385
25717,34717,High,High,0.9367825313014689,0.0311218876484793,0.03209558105005169
39111,48111,Medium,Medium,0.0312896333547834,0.030001690824814506,0.9387086758204021
33099,42099,Medium,Medium,0.03746100549950976,0.03153230968448243,0.9310066848160078
23311,32311,Medium,Medium,0.030621064840425833,0.03167336593927452,0.9377055692202996
24618,33618,Medium,Medium,0.03255920724005689,0.034855055903870995,0.932585736856072
21051,30051,Medium,Medium,0.032475397442280944,0.03151495216030384,0.9360096503974152
35002,44002,Medium,Medium,0.07422882262894084,0.04619675035890736,0.8795744270121518
8184,17184,Medium,Medium,0.032274299479738665,0.03419896214542783,0.9335267383748335
8178,17178,Medium,Medium,0.03317044965712525,0.05588654574634089,0.9109430045965339
9384,18384,High,High,0.9388022510181445,0.028936984036277414,0.03226076494557805
7152,16152,Medium,Medium,0.03973833782839554,0.031236645938725913,0.9290250162328785
541,9541,Medium,High,0.9381369544778226,0.03043974342849891,0.031423302093678385
372,9372,Low,Low,0.03256851301170142,0.9264287760885113,0.0410027108997873
6991,15991,High,High,0.9360283870159302,0.030111328683191205,0.03386028430087875
22414,31414,High,High,0.9150537147571716,0.03577504917538478,0.049171236067443676
18910,27910,Low,Low,0.03276777336459508,0.9345948639794232,0.03263736265598189
18125,27125,Low,Low,0.03157002399915315,0.9295371277067327,0.03889284829411408
27224,36224,Medium,Medium,0.030430389537563152,0.029422862113089282,0.9401467483493474
35614,44614,Low,Low,0.029334569317500583,0.9396297706026734,0.03103566007982605
24511,33511,Medium,Medium,0.035797530225113915,0.037494234851932776,0.9267082349229533
20504,29504,High,High,0.9352509105576204,0.0315918462373151,0.03315724320506447
30444,39444,High,High,0.9356463895877924,0.03077022046272639,0.03358338994948106
5352,14352,High,High,0.920729298115201,0.03555668244470482,0.043714019440094336
11468,20468,Medium,Medium,0.03259311848572436,0.03250184213561888,0.9349050393786568
36189,45189,Medium,Medium,0.038806857379100536,0.2545839122844072,0.7066092303364923
26430,35430,Medium,Medium,0.0313410220510671,0.02962596786275626,0.9390330100861766
5489,14489,Low,Low,0.032417778831861845,0.9314278137531673,0.0361544074149709
20769,29769,High,High,0.93639434493493,0.03028706457035862,0.0333185904947113
5091,14091,Low,Low,0.030324264625265034,0.9378917870681128,0.03178394830662217
31711,40711,Low,Low,0.03609239143420401,0.7783397190856474,0.1855678894801486
39203,48203,Low,Low,0.02981567315210228,0.937970886034838,0.0322134408130596
16977,25977,Medium,Medium,0.031019876396468304,0.030828075127041166,0.9381520484764906
37781,46781,High,High,0.9273410793351825,0.03752964225936941,0.03512927840544814
31683,40683,High,High,0.9344636893309494,0.03103565086345747,0.03450065980559303
27123,36123,High,Low,0.030637449739721958,0.9305045604377927,0.038857989822485284
19120,28120,High,High,0.9342329326871367,0.03315294273390391,0.03261412457895942
17825,26825,Low,Low,0.032487197015847465,0.9242335244611027,0.04327927852304983
8445,17445,Medium,Medium,0.17245605793585303,0.046271461837698,0.7812724802264489
24206,33206,High,High,0.9297328326477287,0.03159013290035989,0.03867703445191137
38316,47316,Medium,Medium,0.03484171518664817,0.03432215283606674,0.930836131977285
1762,10762,Low,Low,0.029702401944904117,0.9396983682570053,0.03059922979809054
16147,25147,High,High,0.9306645880934553,0.032146689381876904,0.03718872252466789
34286,43286,High,High,0.9318912252342559,0.03413637644614379,0.03397239831960024
8246,17246,Low,Low,0.031121328744477966,0.935101342971499,0.033777328284023134
35233,44233,High,High,0.9331331934270602,0.03427399461825965,0.032592811954680084
6931,15931,Medium,Medium,0.03786556114384856,0.037062907518426065,0.9250715313377254
24550,33550,Medium,Medium,0.03075214824454901,0.029956028925517856,0.9392918228299331
19636,28636,High,High,0.9249400278061803,0.035179660294081615,0.039880311899738036
15793,24793,Medium,Medium,0.03395414615746325,0.03308058546710747,0.9329652683754294
14453,23453,High,High,0.9299177342344872,0.03427484834953514,0.03580741741597758
32991,41991,High,High,0.933873200866492,0.03251173167774409,0.033615067455764175
16327,25327,Medium,Medium,0.033109598318118,0.03277694092523162,0.9341134607566505
28720,37720,Medium,Medium,0.030299846519961437,0.03002506130485919,0.9396750921751793
25724,34724,Medium,Medium,0.03413426468632336,0.03204687063614004,0.9338188646775366
20034,29034,Medium,Medium,0.03349742222753642,0.03099673095554074,0.935505846816923
4813,13813,Low,Low,0.03871115837617913,0.9186714675170782,0.04261737410674258
12350,21350,Medium,Medium,0.03209038421759477,0.029532976027626917,0.9383766397547783
36580,45580,Low,Low,0.03683546680183828,0.924352756061245,0.03881177713691684
652,9652,Medium,Medium,0.03057142531579517,0.031055314350432354,0.9383732603337723
20147,29147,Low,Low,0.03700472745209626,0.8886145003156312,0.07438077223227268
24934,33934,Medium,Medium,0.03155048032978108,0.0350197167072722,0.9334298029629466
35434,44434,Medium,Medium,0.03519753163617312,0.04134030229656332,0.9234621660672636
32614,41614,Medium,Medium,0.034647313449594326,0.03483856217369108,0.9305141243767147
24458,33458,High,High,0.9321366757261224,0.030985399372681247,0.03687792490119642
24752,33752,Low,Low,0.04549747829149966,0.779238304923677,0.1752642167848234
27408,36408,Medium,Medium,0.04132102563145071,0.03270053022926039,0.925978444139289
28141,37141,Low,Low,0.03267759451214164,0.9236260499030803,0.043696355584778086
34724,43724,High,High,0.9359259132223757,0.030037518018430142,0.03403656875919417
18704,27704,Low,Low,0.03207152782299122,0.9315450421551286,0.036383430021880235
26506,35506,Low,Low,0.02955258482089362,0.9389021734471816,0.031545241731924765
24235,33235,High,High,0.9250565536370638,0.03576280020325399,0.03918064615968201
36422,45422,Medium,Medium,0.034357832233884875,0.03155667757817227,0.9340854901879428
4165,13165,Medium,Medium,0.03239360306174341,0.031591504638654316,0.9360148922996023
35884,44884,Medium,Medium,0.03633552673673623,0.04174876795957802,0.9219157053036858
21484,30484,High,High,0.9274459509979206,0.03739653776726778,0.03515751123481161
3680,12680,Medium,Medium,0.03472200351882274,0.0330809141036529,0.9321970823775244
36890,45890,Low,Low,0.04173657678150646,0.9186156388138591,0.039647784404634435
20315,29315,Low,Low,0.03188822899839624,0.9335698686094226,0.03454190239218106
6346,15346,Low,Low,0.03428063059852101,0.9338786193522881,0.031840750049190764
5514,14514,High,High,0.8978433380434986,0.04694260589976742,0.05521405605673402
26369,35369,Low,Low,0.03071778699355771,0.9317958149629199,0.037486398043522516
7901,16901,Medium,Medium,0.03215699721440484,0.031129476321011696,0.9367135264645835
22571,31571,High,High,0.9260985209568746,0.033413617170099774,0.04048786187302562
21507,30507,High,Low,0.032642785915815986,0.930500648445256,0.036856565638927995
16888,25888,High,High,0.9358144762996113,0.028512056681187208,0.03567346701920138
4678,13678,Medium,Medium,0.03124260518933159,0.03167245245454079,0.9370849423561275
21078,30078,Low,Low,0.030448257124684807,0.9311846643895217,0.03836707848579352
27540,36540,Low,Low,0.030936432831895927,0.9355863867197538,0.033477180448350206
11936,20936,Medium,Medium,0.035134003373289126,0.034923460158806686,0.929942536467904
6784,15784,Medium,Medium,0.03250681170677469,0.03404747991999909,0.9334457083732263
34493,43493,Low,High,0.9313546570692554,0.03143155187269906,0.037213791058045585
22763,31763,Low,Low,0.03350324910679396,0.9317214643481728,0.03477528654503313
26185,35185,High,High,0.9329950679919202,0.033130754129662675,0.03387417787841698
32474,41474,High,High,0.9187339938620837,0.033442457359519645,0.047823548778396695
21689,30689,Medium,Medium,0.03211218126529397,0.03070775073304199,0.937180068001664
7182,16182,Medium,Medium,0.0332197832570656,0.03151616528878434,0.9352640514541499
16727,25727,High,High,0.9321782723508997,0.03363773458357758,0.03418399306552267
12160,21160,Medium,Medium,0.07153197893768062,0.26273864334425034,0.6657293777180691
16473,25473,Low,Low,0.02976514517541233,0.9368381027857263,0.03339675203886142
30801,39801,Low,Low,0.03148072908691304,0.936882882085103,0.03163638882798394
16919,25919,Low,Low,0.034545356542229656,0.929011771887687,0.03644287157008336
5412,14412,Medium,Medium,0.03627713063486234,0.036073312699404475,0.9276495566657331
17890,26890,High,High,0.9352223069058487,0.031649588909325115,0.03312810418482618
4602,13602,Medium,Medium,0.032323153966208606,0.03439700350438895,0.9332798425294024
4192,13192,High,High,0.9359585419135147,0.030383043057304573,0.03365841502918071
7485,16485,Low,Low,0.0309986691787217,0.9286152444952901,0.04038608632598827
22087,31087,Low,Low,0.02996224901963386,0.9387546414339911,0.031283109546375004
614,9614,Medium,Medium,0.035214887004461695,0.0342270228630177,0.9305580901325206
36245,45245,High,High,0.9369306613721653,0.030529082628249975,0.032540255999584766
22712,31712,Medium,Medium,0.03055486344172538,0.029498401080039146,0.9399467354782355
19960,28960,Medium,Medium,0.031818203066407515,0.03097983240020713,0.9372019645333854
29723,38723,High,High,0.9323722903094632,0.03339135704795915,0.03423635264257772
