row_index,PlayerID,true_label,predicted_label,prob_High,prob_Low,prob_Medium
33212,42212,High,Medium,0.045187083690567474,0.03518639592232734,0.9196265203871051
32450,41450,High,Low,0.03384727413302528,0.9283286092498484,0.037824116617126397
25718,34718,High,High,0.9331661661329277,0.025618832776373158,0.041215001090699144
25647,34647,Medium,Medium,0.03529145979898988,0.032637532535329444,0.9320710076656806
6697,15697,Medium,Medium,0.02770904106797128,0.1264516095303517,0.845839349401677
9578,18578,Low,Low,0.030231474600273273,0.9291119254095946,0.040656599990132096
22418,31418,Low,Low,0.030422483416201893,0.8853951910215093,0.08418232556228873
13852,22852,High,High,0.936732592276737,0.025313637379025422,0.03795377034423764
35559,44559,Medium,Medium,0.030586665928097417,0.03437229695974175,0.9350410371121608
37904,46904,Low,Low,0.028685833295072505,0.9305828099458712,0.04073135675905631
336,9336,Medium,Medium,0.029542074272654567,0.028287151184927858,0.9421707745424176
22261,31261,Medium,Medium,0.030430226417062115,0.0372152220620223,0.9323545515209156
13433,22433,High,Low,0.026835622600595636,0.9364687819259805,0.03669559547342383
6518,15518,Low,Low,0.039013670746432944,0.9169024082708997,0.044083920982667286
33043,42043,Medium,Medium,0.030185874255787334,0.03730183592233893,0.9325122898218737
10916,19916,Medium,Medium,0.035008311054875944,0.03778676688533527,0.9272049220597888
38118,47118,Medium,Medium,0.0416585615716292,0.049913887273121293,0.9084275511552495
14589,23589,Medium,Medium,0.054873245022559684,0.03572434288278746,0.9094024120946528
14029,23029,High,High,0.9314415633646537,0.02856878760059516,0.03998964903475103
11815,20815,High,Medium,0.03170232392535455,0.03416349071443551,0.93413418536021
24102,33102,Medium,Low,0.02687422074147847,0.9030296525307125,0.07009612672780913
37284,46284,Medium,Medium,0.039005861040831744,0.0321377054681011,0.9288564334910672
37439,46439,Low,Low,0.0266693142991978,0.9363011432426154,0.037029542458186876
4840,13840,Medium,Medium,0.034366943429501425,0.040192998373075946,0.9254400581974226
30694,39694,High,High,0.9321579042825534,0.029313409513307954,0.03852868620413859
27993,36993,Medium,Medium,0.03231162125802269,0.03140251015211795,0.9362858685898594
22606,31606,Medium,Medium,0.030509496718909346,0.028053866248728812,0.9414366370323619
22737,31737,Medium,Medium,0.031168856363097838,0.034609994044731356,0.9342211495921707
36934,45934,High,High,0.9228390198431026,0.02716907863778198,0.049991901519115395
33527,42527,Medium,Medium,0.03188932434810594,0.03077038396112618,0.9373402916907678
21911,30911,Medium,High,0.9250316988201387,0.03067644250896286,0.044291858670898486
3413,12413,Low,Low,0.026244392923911408,0.9376602847265342,0.03609532234955428
31047,40047,Medium,Medium,0.03030145560852908,0.03489455735524044,0.9348039870362305
8262,17262,Medium,Medium,0.03138207725870068,0.027973957969400314,0.9406439647718989
22731,31731,Low,Low,0.043778689943469985,0.7312544623008131,0.22496684775571688
31333,40333,High,High,0.9382500668335148,0.025772260337188362,0.03597767282929673
5141,14141,Medium,Medium,0.0283845256503349,0.02821559849020293,0.9433998758594622
17425,26425,Medium,Medium,0.03510744142716755,0.04407490914192374,0.9208176494309086
32600,41600,Medium,Medium,0.03338112442952274,0.034933631479320854,0.9316852440911564
28493,37493,High,High,0.9342630071055434,0.0273014279756764,0.03843556491878014
5848,14848,Low,Low,0.028807631513738524,0.9299917476978102,0.041200620788451166
36108,45108,Low,Low,0.0338773626377981,0.7754805691505808,0.19064206821162108
35044,44044,Low,Low,0.03043187348415724,0.9307163785806694,0.038851747935173354
38564,47564,High,High,0.9378155102704321,0.025572879572625468,0.03661161015694247
32873,41873,High,Medium,0.029161166638542655,0.02867089035495879,0.9421679430064985
23508,32508,Low,Low,0.03126777170567685,0.9308957254814486,0.037836502812874595
11440,20440,Low,Low,0.03464322369028331,0.9271237921559538,0.03823298415376291
33801,42801,Medium,Medium,0.03372894878973961,0.03107413127259076,0.9351969199376696
194,9194,Medium,Medium,0.03879982085921086,0.033544515320696223,0.9276556638200928
33709,42709,High,High,0.9355976073016175,0.026064066291239956,0.03833832640714271
24753,33753,Medium,Medium,0.03557082869691836,0.035843807821016836,0.9285853634820648
3652,12652,High,High,0.9314303844394421,0.03130159433056754,0.037268021229990365
24245,33245,Medium,High,0.9211331524972856,0.027029387493352364,0.0518374600093621
4900,13900,Medium,Medium,0.061871674269522114,0.030435189211716732,0.9076931365187612
39248,48248,Low,Medium,0.03658136713324436,0.02821936970255953,0.9351992631641961
37207,46207,Medium,Medium,0.0396535472882719,0.02886980505901729,0.9314766476527107
4,9004,Medium,Medium,0.04179786204957533,0.06573321103554289,0.8924689269148818
29799,38799,Medium,Medium,0.0336988844185469,0.03136591368335908,0.9349352018980941
13620,22620,High,High,0.9311652093756564,0.027571259394207088,0.04126353123013664
877,9877,Low,Low,0.02671197753034443,0.8789663259486336,0.09432169652102208
22784,31784,Medium,Medium,0.03545634503290649,0.0332501557162268,0.9312934992508667
31713,40713,High,High,0.9326085038143214,0.028884126482672075,0.038507369703006715
5018,14018,Low,Low,0.027927737482356205,0.9036183739072198,0.06845388861042402
39432,48432,High,High,0.9047180321179615,0.031789630552880165,0.06349233732915834
37268,46268,Medium,Medium,0.03221740014047842,0.028330705607818082,0.9394518942517035
24481,33481,Low,Medium,0.037297695656265596,0.029898020898052713,0.9328042834456816
26361,35361,Low,Low,0.027042683530574707,0.8916849611099522,0.08127235535947298
16948,25948,Low,Low,0.032686857952768454,0.9274623944227053,0.0398507476245264
23116,32116,Low,Low,0.0286472140018936,0.9339848178119164,0.037367968186189954
9856,18856,High,Medium,0.4018895811901411,0.036716368965241115,0.5613940498446178
21634,30634,Medium,Medium,0.03013042892695163,0.028006437375171177,0.9418631336978773
27799,36799,Medium,Medium,0.027536898486789873,0.030088922306766894,0.9423741792064432
16445,25445,High,High,0.9371604563386686,0.02586108664222821,0.03697845701910322
31904,40904,Low,Medium,0.03674516149628982,0.2580858066439015,0.7051690318598086
31763,40763,Medium,Medium,0.03250793249859279,0.08324329463416902,0.8842487728672381
6945,15945,Medium,Medium,0.029106633641473312,0.029242826043012576,0.9416505403155142
7350,16350,High,High,0.9362901317012344,0.026010702122684335,0.03769916617608122
6060,15060,Medium,Medium,0.036157817554379884,0.027993556193820684,0.9358486262517993
4186,13186,Medium,Medium,0.043637079155793936,0.05255748761042467,0.9038054332337814
4354,13354,Medium,Medium,0.43857340962316266,0.04125824603680759,0.5201683443400297
14818,23818,Medium,Medium,0.040094734825020704,0.030642653939278067,0.9292626112357013
34621,43621,Medium,Medium,0.03211148341618527,0.028341541484584554,0.9395469750992302
20920,29920,Low,Low,0.03218779564205961,0.9214841238135522,0.04632808054438823
21495,30495,Medium,Medium,0.03471014451623349,0.041037392934547945,0.9242524625492186
35775,44775,High,Low,0.032177238940155346,0.9215554077780851,0.04626735328175948
1059,10059,Medium,Medium,0.03271869569980764,0.3099863906002769,0.6572949136999156
14512,23512,High,High,0.935677619812933,0.02816407569370703,0.03615830449335992
32464,41464,Medium,High,0.9371833788121435,0.02613002083136236,0.03668660035649415
30934,39934,Medium,Medium,0.03524695874144592,0.02870157214409509,0.9360514691144589
4963,13963,Medium,Medium,0.03491949227047902,0.05268800749361652,0.9123925002359045
10603,19603,Medium,Medium,0.03086132588573968,0.030416836711438956,0.9387218374028214
34010,43010,Medium,Medium,0.030104846786962434,0.03607087212006981,0.9338242810929677
20018,29018,Medium,Medium,0.0310021565899231,0.1247144039215111,0.8442834394885659
25753,34753,High,High,0.9336585457568769,0.027779174730914024,0.03856227951220915
27532,36532,High,High,0.9288348737992305,0.030667079575068996,0.04049804662570048
1807,10807,High,High,0.9349632806889997,0.026699548290813658,0.03833717102018666
28432,37432,Medium,Medium,0.03743698704388626,0.030185314325276057,0.9323776986308377
38988,47988,Medium,Medium,0.033480903487923375,0.041953765599703145,0.9245653309123735
15857,24857,High,High,0.9297346685566751,0.02896367093051877,0.04130166051280618
33246,42246,Low,Low,0.02750458429344794,0.8659665259262791,0.10652888978027301
33970,42970,Low,Low,0.03076299203442928,0.7441554166775136,0.22508159128805705
19239,28239,Medium,Medium,0.03726398051699444,0.03176663560272128,0.9309693838802843
5827,14827,Low,Low,0.027959106524944353,0.9168362052380526,0.05520468823700312
23983,32983,Medium,High,0.9357515553440346,0.027607179437019996,0.036641265218945375
17317,26317,Medium,Medium,0.03032755192867338,0.028128065598636707,0.94154438247269
10748,19748,High,High,0.934373899860366,0.02732928877853286,0.03829681136110121
9104,18104,Low,Low,0.04087832423983006,0.8906160476392272,0.06850562812094284
28186,37186,Low,High,0.9240273239802613,0.030028359257347176,0.04594431676239163
11073,20073,High,High,0.9379384792185137,0.024868208057136184,0.037193312724350135
9883,18883,Low,Low,0.03652215419742381,0.9158192495383645,0.04765859626421178
14348,23348,Medium,Medium,0.029660914013464105,0.026362016012285477,0.9439770699742503
39537,48537,Medium,Medium,0.03178204583372613,0.03053796784165432,0.9376799863246196
28513,37513,Medium,Medium,0.030850007524707224,0.02992406531928005,0.9392259271560127
12690,21690,Medium,Medium,0.033464423096797084,0.05379564819482415,0.9127399287083788
16869,25869,Low,Low,0.0312517939449165,0.9321498733132438,0.03659833274183961
26421,35421,Low,Low,0.026483075582212575,0.9378095865469334,0.0357073378708539
7990,16990,Medium,Medium,0.03864012771794354,0.03078630229353599,0.9305735699885204
33393,42393,High,High,0.9295674878235061,0.02800314450116412,0.04242936767532975
10477,19477,Low,Low,0.02878672807601912,0.9335021367182891,0.037711135205691824
7175,16175,Medium,Medium,0.040021263910991124,0.057477733160580885,0.902501002928428
25567,34567,High,High,0.9251065094219334,0.03036471321304211,0.0445287773650244
21885,30885,Medium,Medium,0.03452940038239556,0.03374338774073995,0.9317272118768645
36573,45573,High,Low,0.026356017673427382,0.9335832522423856,0.04006073008418714
13632,22632,Medium,Medium,0.03152658929669445,0.052034315838112084,0.9164390948651935
21111,30111,Medium,Medium,0.03142222712473556,0.03150895652965664,0.9370688163456077
11974,20974,Low,Low,0.029008987174900722,0.9237069906542176,0.04728402217088168
11924,20924,Medium,Medium,0.03265789328551468,0.030131505696336394,0.9372106010181489
13363,22363,Medium,Medium,0.028334917124456804,0.0398301368381985,0.9318349460373447
25126,34126,Low,Low,0.04506364549717854,0.8647021885378546,0.0902341659649667
16482,25482,High,High,0.9311836672805143,0.030487492862135607,0.038328839857350076
20646,29646,Medium,Medium,0.03826973373088222,0.03370762943287758,0.9280226368362402
9564,18564,Medium,Medium,0.03205173429496035,0.033589253280090846,0.9343590124249488
38590,47590,Low,Low,0.028037814194266392,0.9327836313929674,0.03917855441276614
18348,27348,Medium,Medium,0.03594160751371186,0.03205092656436987,0.9320074659219183
19052,28052,High,High,0.9319145263426444,0.02797743309010994,0.0401080405672459
8009,17009,High,High,0.9348955744439502,0.028029622193835788,0.037074803362214144
16040,25040,High,High,0.9285110101621087,0.02643853923965073,0.04505045059824062
21445,30445,Medium,Medium,0.03279277877982023,0.03761027554449792,0.9295969456756819
1449,10449,Medium,Medium,0.03685513478098895,0.03456182827457222,0.9285830369444388
19740,28740,Medium,Medium,0.0385875091103752,0.029651007894746905,0.9317614829948778
35327,44327,High,High,0.9286071718918866,0.03212456565477241,0.03926826245334093
16108,25108,Medium,Medium,0.04042595829776747,0.03354975958683309,0.9260242821153994
18926,27926,High,Medium,0.035360866889978894,0.03656491593913447,0.9280742171708867
27191,36191,High,High,0.9270309398924615,0.032630260091673,0.040338800015865386
10353,19353,High,High,0.9351373812127731,0.02751185116333904,0.03735076762388789
34015,43015,Medium,Medium,0.042599059715571784,0.03573713861580267,0.9216638016686255
27621,36621,High,High,0.9286240227163397,0.02904503423835711,0.04233094304530294
30660,39660,Low,Low,0.0350814123885472,0.9240949672644229,0.04082362034703002
5923,14923,Medium,Medium,0.03270373618450775,0.029508530257737902,0.9377877335577544
4699,13699,Low,Low,0.037843351427163364,0.911818166903101,0.050338481669735514
4115,13115,High,High,0.8245232216851418,0.05677840530105802,0.1186983730138001
34833,43833,Medium,Medium,0.04747809774663777,0.27203590596868416,0.680485996284678
27823,36823,Medium,Medium,0.031446470193071785,0.02854698030468711,0.940006549502241
38428,47428,Medium,Medium,0.02830710064082541,0.028788524130806476,0.942904375228368
33360,42360,High,Low,0.03398732463096258,0.8616414662827075,0.10437120908632995
2439,11439,Medium,Medium,0.0381683695818602,0.03043816647779669,0.9313934639403431
19205,28205,Medium,Medium,0.03805654263382637,0.2839848497473723,0.6779586076188013
11881,20881,Low,Low,0.030099876439627377,0.9252197768897833,0.04468034667058932
16929,25929,High,High,0.9400848842012813,0.024180908850185256,0.035734206948533416
4091,13091,Medium,Medium,0.03679116307763634,0.03215545128504552,0.9310533856373181
33435,42435,Medium,Medium,0.03162646330981878,0.031249289416266205,0.937124247273915
12507,21507,Medium,Medium,0.03336059880757096,0.030241289899418447,0.9363981112930105
39003,48003,Medium,Medium,0.03528050262113785,0.030046679433083825,0.9346728179457783
296,9296,Medium,Medium,0.029756087196862055,0.028608674256360878,0.9416352385467771
27168,36168,Medium,Medium,0.05322672445408133,0.03745641097487755,0.9093168645710411
11289,20289,Low,Low,0.05799603090430203,0.8747667057274654,0.06723726336823266
11643,20643,Low,Low,0.030040990417172803,0.934213218520764,0.035745791062063215
6898,15898,Medium,Medium,0.058622767168736135,0.039454111519827535,0.9019231213114364
24346,33346,High,High,0.931294847957976,0.02917878178628584,0.03952637025573821
4916,13916,High,High,0.9375133576746731,0.024788753741435268,0.0376978885838915
21317,30317,Medium,Medium,0.03774631731302456,0.031565765507639086,0.9306879171793363
253,9253,Medium,Medium,0.03052307553598961,0.02777414952888803,0.9417027749351224
4084,13084,High,High,0.9282966093449274,0.027112651228818258,0.04459073942625431
3028,12028,Low,Medium,0.03306155191345106,0.03722310725942583,0.9297153408271231
9624,18624,High,High,0.9284503978166393,0.030718158009706,0.040831444173654835
26340,35340,High,High,0.9325252795270584,0.027878474676122627,0.039596245796818835
13198,22198,Low,Low,0.03190207744948969,0.9251934001347962,0.04290452241571415
1393,10393,Medium,Medium,0.10999365775582343,0.036922082544375075,0.8530842596998015
34398,43398,Medium,Medium,0.028655976193527572,0.027396192461574282,0.943947831344898
38242,47242,High,High,0.9324622197945929,0.02835506386822087,0.03918271633718622
36488,45488,Medium,Low,0.028779554168540295,0.927842949101726,0.04337749672973371
13318,22318,High,High,0.9369314574014345,0.02755915201478414,0.03550939058378126
33742,42742,Low,Low,0.031586851341913934,0.7039067387102232,0.26450640994786273
11246,20246,Medium,Medium,0.033879232282179456,0.039164122851734755,0.9269566448660859
31364,40364,Medium,Medium,0.031482277225152296,0.03524427990371228,0.9332734428711355
2541,11541,Medium,Medium,0.029974662022119996,0.03354481038162279,0.9364805275962572
23205,32205,Medium,Medium,0.03365196914202739,0.032214117553422676,0.93413391330455
32051,41051,Medium,Medium,0.04548199075148102,0.029287231684590187,0.9252307775639288
35753,44753,Medium,Medium,0.031199804537065057,0.02866288655749616,0.9401373089054387
25190,34190,High,Medium,0.03170414169186286,0.02799003665729956,0.9403058216508375
22586,31586,Medium,Medium,0.02990933822245141,0.028457077494647848,0.9416335842829008
6125,15125,High,High,0.9304762289899814,0.026934724217160116,0.042589046792858465
9821,18821,Medium,Medium,0.03149585079309982,0.027569888665452864,0.9409342605414474
33700,42700,Medium,Medium,0.04363741757710188,0.028981861159343137,0.927380721263555
13910,22910,High,High,0.9078414744642705,0.044482181126345194,0.04767634440938424
14923,23923,Medium,Medium,0.03705239524105713,0.032401991131971807,0.9305456136269711
34470,43470,Low,Low,0.0318324597869063,0.918520298450827,0.04964724176226665
8229,17229,Medium,Medium,0.029902389495891607,0.034448146476927934,0.9356494640271805
33523,42523,Low,Low,0.02725465190548476,0.9156437293369999,0.057101618757515404
30071,39071,Medium,Medium,0.03750824703015978,0.03254548602797153,0.9299462669418688
14546,23546,Medium,Medium,0.2869068115206852,0.03390538463750808,0.6791878038418067
39062,48062,High,High,0.7941280363757758,0.046881845254052895,0.1589901183701714
32266,41266,Low,Low,0.039005983280249436,0.8936963376900916,0.06729767902965902
19320,28320,High,High,0.9308578791851128,0.03210704529827519,0.037035075516612025
12796,21796,Medium,Medium,0.04015632128463958,0.03287200427763207,0.9269716744377284
24038,33038,High,Medium,0.0288057124038379,0.029752230460602793,0.9414420571355593
9120,18120,Medium,Low,0.03362082286258439,0.5306552432461041,0.43572393389131153
32515,41515,Medium,Medium,0.027552942761829697,0.10275068503199351,0.8696963722061769
3851,12851,Medium,Medium,0.025258887985362508,0.046207631667685524,0.9285334803469519
2909,11909,Low,Low,0.029984905487481003,0.9149948036429277,0.055020290869591426
5952,14952,Medium,Medium,0.03644369161771229,0.051853365675868394,0.9117029427064193
5086,14086,High,High,0.9383047571839326,0.02438796168480728,0.03730728113126019
35583,44583,High,High,0.934326498619833,0.026874112949028583,0.038799388431138455
32154,41154,Low,Low,0.03427195760395074,0.9157559955011895,0.04997204689485984
36610,45610,Low,Low,0.028335278058205488,0.8599523441333413,0.11171237780845311
2908,11908,Medium,Medium,0.02960087910843788,0.03056442260527158,0.9398346982862904
177,9177,Medium,Medium,0.030457086163461305,0.033568155711827384,0.9359747581247112
14168,23168,Medium,Low,0.03300832659376426,0.7150526611705951,0.25193901223564075
20487,29487,High,High,0.9374423297277251,0.025555836926349232,0.037001833345925585
16269,25269,Low,Low,0.02723470213047333,0.9253232391007108,0.047442058768815944
26666,35666,Medium,Medium,0.09650877832615495,0.05022240598742716,0.8532688156864179
4548,13548,Low,Medium,0.0345943155840036,0.06792327446209469,0.8974824099539016
11056,20056,Low,Medium,0.051573003790119414,0.31855756979888045,0.6298694264110002
1326,10326,Medium,Medium,0.028670292682222764,0.02830103270869112,0.9430286746090862
1626,10626,High,Medium,0.02861457823866538,0.027337906013668926,0.9440475157476657
19987,28987,Low,Low,0.028425136000430187,0.9250547282447155,0.04652013575485441
10481,19481,Low,Low,0.03142804995162538,0.9316166190770616,0.03695533097131291
19322,28322,Medium,Medium,0.03264205079663816,0.029619894692576598,0.9377380545107853
7265,16265,Medium,Medium,0.04154481676438276,0.02761696067815782,0.9308382225574595
36022,45022,High,High,0.9352869568731488,0.024711372641149382,0.04000167048570178
24292,33292,Medium,Low,0.02856756326222169,0.9263456502879562,0.04508678644982206
20641,29641,Medium,Medium,0.0365180610458721,0.030268202864598904,0.9332137360895291
32455,41455,Medium,Medium,0.02979162768212724,0.02737601767300576,0.942832354644867
11365,20365,High,High,0.938778325240997,0.02506206321040595,0.03615961154859711
2559,11559,Medium,Medium,0.036151799415668935,0.0352802069798595,0.9285679936044716
32998,41998,Medium,Medium,0.032090229661594714,0.030026167479228327,0.937883602859177
3298,12298,Medium,Medium,0.03247463123140532,0.029405319591188927,0.9381200491774058
28860,37860,Low,Low,0.035677176352321566,0.9041680114262185,0.06015481222145989
5883,14883,Medium,Medium,0.028892219617002207,0.030015396150450995,0.9410923842325468
30990,39990,Low,Medium,0.0372086856875856,0.030313689066859804,0.9324776252455548
7845,16845,Medium,Medium,0.03059349840357542,0.02717327053218203,0.9422332310642426
31171,40171,Medium,Medium,0.042571873537677433,0.04575600010128314,0.9116721263610393
9666,18666,Medium,Medium,0.03237537869993528,0.02853657792555701,0.9390880433745078
18958,27958,Low,Low,0.03163516903407854,0.930076402113791,0.03828842885213047
6529,15529,Medium,Medium,0.03257706670235278,0.043997416411081125,0.923425516886566
27520,36520,Medium,Medium,0.03593054779893993,0.03123062978627379,0.9328388224147863
31900,40900,Low,Medium,0.05028945903688926,0.035703747485693084,0.9140067934774176
17450,26450,Medium,Medium,0.06807835506879135,0.04295894496785877,0.8889626999633498
22788,31788,High,High,0.9298902598134974,0.02989289060076304,0.04021684958573954
15904,24904,High,High,0.9369486784537179,0.026715202178059772,0.036336119368222286
37197,46197,High,High,0.9308668020868405,0.03018431952250308,0.03894887839065655
7469,16469,Medium,Medium,0.0343086241655163,0.032548188247901906,0.9331431875865818
18844,27844,Low,High,0.938169572770556,0.025248520804472655,0.03658190642497145
18586,27586,Medium,Medium,0.03577982599920541,0.03178813557715342,0.9324320384236412
12573,21573,Medium,Medium,0.053656015127439095,0.03318023484808912,0.9131637500244718
6575,15575,Low,Low,0.0318794142021963,0.9235911599389429,0.044529425858860834
38096,47096,Medium,Low,0.03938472082778674,0.7228991917005132,0.23771608747170014
13065,22065,Medium,Medium,0.03183009273148293,0.03508442141424811,0.933085485854269
6709,15709,Medium,Medium,0.047903886710712294,0.038333774427471386,0.9137623388618165
36301,45301,Medium,Medium,0.04482064533326799,0.039217411914729224,0.9159619427520028
3785,12785,Medium,Medium,0.028893793086393425,0.026910379459178718,0.9441958274544279
999,9999,High,High,0.9347579460731911,0.025931821398585183,0.03931023252822379
24823,33823,Low,Low,0.031695150180995134,0.8808514580364908,0.08745339178251404
10386,19386,Medium,Medium,0.03323443921457412,0.030452113221972426,0.9363134475634535
26160,35160,Medium,Medium,0.04756188907449177,0.15355184785202014,0.798886263073488
17651,26651,Medium,Medium,0.029081976553402427,0.02726143140543989,0.9436565920411577
31555,40555,Medium,Medium,0.06321176667343233,0.04308886474672774,0.8936993685798399
815,9815,High,High,0.9344656257254859,0.027096814428953633,0.03843755984556055
6280,15280,Medium,Medium,0.030563949417315092,0.026709705141575887,0.942726345441109
761,9761,High,High,0.9250157194257259,0.030765380634109576,0.044218899940164445
39264,48264,Medium,Medium,0.04203024995856778,0.028484072903689053,0.929485677137743
5594,14594,Low,Low,0.03496102085849779,0.9174648248656525,0.04757415427584965
20266,29266,High,High,0.9355577530034834,0.027506083321130734,0.03693616367538586
5386,14386,Medium,Medium,0.04108118130823815,0.04786602716925223,0.9110527915225096
9404,18404,Medium,High,0.7594256187687871,0.05522818018652532,0.18534620104468758
14011,23011,Medium,Medium,0.028133730608717444,0.051344262538381986,0.9205220068529005
6544,15544,Low,Low,0.02875379410521353,0.9329275176353814,0.03831868825940519
19650,28650,Medium,Medium,0.030155873376937023,0.03777284379414201,0.9320712828289209
2248,11248,Low,Low,0.02704111901680992,0.9096349403015731,0.0633239406816169
24402,33402,Low,Low,0.024419443330636018,0.9405726622661895,0.03500789440317439
16962,25962,Medium,Medium,0.039843476669869045,0.026762027248041498,0.9333944960820895
22708,31708,High,High,0.9329640068217157,0.02480484718187753,0.04223114599640689
14674,23674,Medium,Medium,0.3704399776547312,0.03873045855901297,0.5908295637862558
35842,44842,Medium,Medium,0.03191335687729921,0.033486924144977344,0.9345997189777235
22955,31955,Medium,Medium,0.03849447801196659,0.03219175904063656,0.9293137629473969
7767,16767,Medium,Medium,0.03573267237404082,0.030162171446068763,0.9341051561798904
18013,27013,Low,Low,0.028940681198764955,0.922462326942158,0.04859699185907701
642,9642,High,High,0.9337999439456562,0.02786371515760007,0.038336340896743704
27,9027,High,High,0.9373076132513739,0.025997027004440915,0.03669535974418519
21324,30324,Medium,Medium,0.035263904916853196,0.030619580706054136,0.9341165143770928
38559,47559,Medium,Medium,0.03458937258708405,0.030567974785734097,0.9348426526271819
3593,12593,Low,Low,0.026254727609062337,0.9371739464306224,0.03657132596031531
10643,19643,Low,Low,0.02681579251159756,0.933731609033047,0.03945259845535548
14355,23355,Low,Low,0.032456556880005566,0.7402872757683019,0.22725616735169252
28582,37582,Medium,Medium,0.040133509246059205,0.031545479757581395,0.9283210109963594
35318,44318,Medium,Medium,0.028559384817452235,0.02891205018810036,0.9425285649944474
17922,26922,Medium,Medium,0.03343162455510593,0.02977576815289246,0.9367926072920016
14785,23785,Medium,Medium,0.02949352412970418,0.027200643982541656,0.9433058318877542
32736,41736,Low,Medium,0.04050848101219418,0.3595472452521722,0.5999442737356336
6641,15641,High,High,0.6890362424253481,0.04726365530739529,0.26370010226725654
16242,25242,Medium,Low,0.02852112766730702,0.7613355126146035,0.21014335971808948
22065,31065,Low,Low,0.026593908565734885,0.929151498515616,0.04425459291864919
38783,47783,Medium,Medium,0.02613490312308114,0.06208228484704254,0.9117828120298764
25889,34889,Medium,High,0.9335465247373307,0.02673467684744533,0.03971879841522418
17726,26726,Medium,Medium,0.037633441344273454,0.030019331537208028,0.9323472271185186
11068,20068,Medium,Medium,0.0653270053968081,0.04641155542255252,0.8882614391806394
34547,43547,High,High,0.9186793029451804,0.03761101183100874,0.043709685223810794
9736,18736,Medium,Medium,0.029402928028390854,0.03033321914608787,0.9402638528255212
34960,43960,Medium,Medium,0.028984928229874182,0.03006326290575857,0.9409518088643672
37933,46933,Low,Medium,0.03822515693010108,0.02826572366352627,0.9335091194063726
31618,40618,High,High,0.9380674861553103,0.024860900940290708,0.03707161290439909
14908,23908,Medium,Medium,0.039185345951151314,0.049583038501945266,0.9112316155469035
16766,25766,Medium,Medium,0.1301112374755768,0.03205034235304998,0.8378384201713732
12974,21974,Medium,Medium,0.02949727311213395,0.029147922724236452,0.9413548041636296
26665,35665,Low,Low,0.04736590864146043,0.843336777553802,0.10929731380473769
20462,29462,Low,Low,0.02818972897306467,0.9244595303402888,0.04735074068664644
29040,38040,Medium,Medium,0.039617651794005886,0.03728185300362078,0.9231004952023733
28316,37316,High,High,0.8705964120674791,0.02932298193240808,0.1000806060001128
38554,47554,Medium,Medium,0.03354955714463836,0.0326062014865242,0.9338442413688375
13083,22083,High,High,0.9328770267605452,0.02871367861818956,0.038409294621265286
20655,29655,Low,Low,0.029632247149052302,0.9280769110167609,0.042290841834186875
34299,43299,Medium,Medium,0.0323376459905467,0.0323039367728004,0.935358417236653
14555,23555,Medium,Medium,0.03716029033565024,0.031660462356079465,0.9311792473082704
15955,24955,Low,Low,0.04071305369746237,0.8389926568213778,0.12029428948115976
19758,28758,High,High,0.9384942812295868,0.025640886514787537,0.035864832255625735
390,9390,Low,Low,0.02855160501898286,0.9314793599895822,0.03996903499143492
3938,12938,Medium,Medium,0.05308926644186909,0.04480926168586205,0.9021014718722689
30918,39918,Low,Low,0.029105341555559123,0.9331552507288204,0.03773940771562049
25965,34965,High,High,0.9356123059955838,0.02641197298747938,0.037975721016936956
22987,31987,Medium,Medium,0.05131751825562411,0.0335837720348851,0.9150987097094908
7691,16691,Medium,Medium,0.02990639526871658,0.028967158302653822,0.9411264464286296
27425,36425,Low,Low,0.02652971403423772,0.9363533495504385,0.03711693641532392
39257,48257,Low,Low,0.03036852370264119,0.9275956413616985,0.04203583493566049
14935,23935,High,High,0.9294542629197416,0.03248471912910689,0.0380610179511514
31371,40371,Medium,Medium,0.029622842210653127,0.02947724444896453,0.9408999133403823
34359,43359,Medium,Medium,0.030786138340437103,0.03200149652298427,0.9372123651365786
30873,39873,High,High,0.9347299178952087,0.027284189263184058,0.03798589284160731
17454,26454,Medium,Medium,0.028473122178338067,0.029191675601534992,0.9423352022201269
12330,21330,Medium,Medium,0.02817616481728651,0.21773927876114554,0.7540845564215678
37413,46413,High,High,0.9242982725507097,0.03357226747854403,0.04212945997074636
26992,35992,High,High,0.9384718126050972,0.024015962077252734,0.03751222531765015
19983,28983,Medium,Medium,0.03536520122953865,0.03115673453358281,0.9334780642368785
35973,44973,Low,Low,0.029395040818440767,0.9029471304469195,0.06765782873463973
13533,22533,Medium,Medium,0.03068844794867616,0.027546263923947777,0.941765288127376
29936,38936,Medium,Low,0.02812838482262207,0.9061659533531911,0.06570566182418695
22264,31264,Medium,Medium,0.03299399887541569,0.04028609759615187,0.9267199035284324
2944,11944,Low,Medium,0.02892021319991706,0.028118679148415354,0.9429611076516676
66,9066,Medium,Medium,0.024920465478770554,0.04227534866038527,0.9328041858608441
30070,39070,Low,Low,0.025929537359017707,0.9380559129568576,0.0360145496841246
5246,14246,Low,Low,0.03430373510598678,0.9288960772676939,0.036800187626319376
31426,40426,Low,Low,0.02846050116588658,0.9195674642110969,0.05197203462301652
24603,33603,Medium,High,0.9102782120652311,0.042272141865109324,0.0474496460696596
14594,23594,Medium,Medium,0.03167422751276914,0.028113778636687837,0.9402119938505429
20446,29446,Medium,Medium,0.04590469618405815,0.033693147007318146,0.9204021568086237
5315,14315,High,Low,0.02660093987862266,0.9020538419446744,0.07134521817670304
3715,12715,Low,Low,0.02557847464402652,0.9397357084612766,0.034685816894696825
9815,18815,Medium,Medium,0.03232384479693875,0.04181400685590453,0.9258621483471567
36381,45381,High,Medium,0.04465828101863922,0.031741165696147676,0.9236005532852132
33799,42799,Low,Low,0.030001607840353713,0.9307596962713457,0.03923869588830054
5761,14761,Low,Medium,0.04477602980518211,0.26389167524348367,0.6913322949513342
4003,13003,Medium,Medium,0.029375464442576254,0.029576318435563808,0.9410482171218599
8399,17399,Medium,Medium,0.02826704305046242,0.02643162035137726,0.9453013365981603
7966,16966,Medium,Medium,0.041536990334308195,0.03023748186317644,0.9282255278025154
29961,38961,Low,Medium,0.029745150799261554,0.029418706968980014,0.9408361422317584
295,9295,High,High,0.8993058098292436,0.025357852716069624,0.07533633745468687
24857,33857,Medium,Medium,0.07276483522997547,0.045087684878685384,0.8821474798913392
33266,42266,High,High,0.9078932933471435,0.04586346294628104,0.04624324370657546
164,9164,Low,Low,0.031139169840137152,0.931728525193301,0.03713230496656191
20780,29780,Medium,Medium,0.046604490314104664,0.036376503644828674,0.9170190060410667
9378,18378,Low,Low,0.03599067203693857,0.9260104295292518,0.03799889843380978
29753,38753,Medium,Medium,0.06504564779867993,0.03344423623914405,0.901510115962176
11047,20047,Medium,Medium,0.03400010003870756,0.034061270203629694,0.9319386297576627
38298,47298,Low,Low,0.026949973599607283,0.8139010329927063,0.15914899340768632
12914,21914,High,High,0.9297791044005533,0.027972509058697775,0.04224838654074892
25564,34564,High,High,0.9175927997449067,0.030305930276625887,0.05210126997846747
10941,19941,Low,Medium,0.04940064386382111,0.04144996262537063,0.9091493935108085
32603,41603,Low,Low,0.026847724638555864,0.9345165970583862,0.038635678303057926
28645,37645,Medium,Medium,0.03660019780809692,0.031966383635388514,0.9314334185565146
13347,22347,Low,Low,0.02654937397754524,0.933446915288532,0.0400037107339228
597,9597,High,High,0.9312871805420944,0.030976283659690657,0.03773653579821502
3726,12726,Low,Low,0.036171293657641775,0.9238281449175605,0.04000056142479771
4206,13206,Low,Low,0.02873049743713478,0.93328765170574,0.037981850857125264
21349,30349,High,High,0.9325950187188479,0.02667314316900854,0.04073183811214362
21257,30257,Medium,Medium,0.03245454778566305,0.027740824724772437,0.9398046274895645
40026,49026,High,High,0.9369029449496015,0.02536363457925447,0.037733420471143954
20388,29388,Medium,Medium,0.0375990986797212,0.02929492851338542,0.9331059728068934
3786,12786,High,High,0.9353872216366182,0.026887618505018723,0.037725159858362924
39612,48612,High,High,0.9365503989535995,0.025710545744528145,0.037739055301872444
4909,13909,Medium,Medium,0.0423604479247631,0.06370605560880059,0.8939334964664362
12054,21054,High,High,0.9195720995601707,0.03962659320537013,0.040801307234459114
4005,13005,Low,Low,0.02563205457114323,0.9266277108778151,0.04774023455104157
27225,36225,Low,Low,0.028256985687104285,0.9345462684098563,0.03719674590303932
38718,47718,High,High,0.9346783353418173,0.02593918322525148,0.0393824814329311
16493,25493,Low,Low,0.06412515579643453,0.8282467395340917,0.10762810466947391
35512,44512,High,High,0.93426211012758,0.02778561005851643,0.03795227981390359
38937,47937,Medium,Medium,0.031085248365765886,0.029021246511248145,0.9398935051229861
34812,43812,Low,Low,0.03440575776090712,0.9229045280719745,0.042689714167118496
37884,46884,Low,Low,0.032443384915195474,0.9212081662258096,0.04634844885899498
14231,23231,Low,Low,0.0328981505264553,0.9283236939858647,0.038778155487680044
3088,12088,Low,Low,0.028063956161560422,0.9330371741219271,0.038898869716512526
34293,43293,Medium,Medium,0.029371740369939937,0.02771970474891115,0.942908554881149
17847,26847,Medium,Medium,0.03264441469402352,0.031208182589874556,0.936147402716102
22108,31108,Low,Low,0.03810685005306178,0.6397723243930032,0.32212082555393495
37162,46162,High,High,0.9329760021502208,0.026786913060867012,0.0402370847889122
31653,40653,Low,Low,0.02589180310496907,0.9353668700276483,0.03874132686738258
2691,11691,High,High,0.9298692575566975,0.02853321801081718,0.04159752443248535
32149,41149,Medium,Medium,0.028726579778644665,0.02892873923642837,0.9423446809849271
32237,41237,Medium,Medium,0.038310845522938945,0.029552100586743967,0.9321370538903171
25698,34698,Medium,Medium,0.02903596600676149,0.029153933771784546,0.9418101002214541
11333,20333,Medium,Medium,0.029550493862894326,0.300216245650384,0.6702332604867216
22775,31775,Medium,Medium,0.03142097857773238,0.030067152074651927,0.9385118693476158
1706,10706,Low,Low,0.03340540333474664,0.929039073278692,0.03755552338656138
25325,34325,High,High,0.9176779531232352,0.03320512184725063,0.04911692502951422
319,9319,Low,Low,0.040648655522811515,0.9174989484903842,0.04185239598680427
36249,45249,Medium,Medium,0.03344905798918635,0.03480642718710985,0.9317445148237038
23616,32616,Medium,Medium,0.025991788529942928,0.05780969166118891,0.9161985198088681
38926,47926,High,Medium,0.30329392324593774,0.04924188244610043,0.6474641943079619
16676,25676,Low,Low,0.025742849162327802,0.9363205288980853,0.03793662193958695
39349,48349,Low,Low,0.027314986371838268,0.9369382183629812,0.035746795265180493
1338,10338,Medium,Medium,0.05228111341651854,0.19810929220606188,0.7496095943774197
5082,14082,Low,Low,0.03965957489488709,0.9220374392038098,0.0383029859013032
515,9515,Medium,Medium,0.03627095186266847,0.03866590020457597,0.9250631479327556
29557,38557,Medium,Medium,0.03173222073147419,0.03310439087769534,0.9351633883908304
7334,16334,Medium,Medium,0.040588181184149,0.07628892953435151,0.8831228892814994
28654,37654,Medium,Medium,0.03214770684148372,0.03028995164619745,0.9375623415123188
12667,21667,Medium,Medium,0.04070121352521326,0.028085544214259284,0.9312132422605274
6749,15749,Low,Low,0.02914908900764403,0.9258200227771787,0.04503088821517721
9504,18504,Low,Low,0.027785397923571,0.9339565753870342,0.03825802668939468
6344,15344,Medium,Medium,0.03964159001167932,0.03268613330821308,0.9276722766801075
27546,36546,Medium,Medium,0.03300906288332688,0.027236564142449987,0.9397543729742232
39146,48146,Medium,Medium,0.0329438397607441,0.029752133259036046,0.9373040269802199
27714,36714,High,High,0.9370693167508323,0.025855139768651933,0.037075543480515886
39212,48212,Low,Low,0.026083648984580276,0.9381815799255264,0.0357347710898932
15656,24656,Medium,Medium,0.03624429254495409,0.03297650405162029,0.9307792034034256
13520,22520,Low,Low,0.0508468923838599,0.7126066115963731,0.2365464960197671
24938,33938,Low,Medium,0.032063859128895526,0.027156197715534153,0.9407799431555702
16492,25492,Low,Low,0.02772062821513585,0.8914916937341953,0.08078767805066883
21422,30422,High,High,0.9307320228860765,0.026684867962304726,0.042583109151618864
12841,21841,Medium,Medium,0.029558977527291457,0.029598784644234256,0.9408422378284742
33358,42358,Medium,Medium,0.03162026590933197,0.034675177754757716,0.9337045563359103
33550,42550,High,High,0.927348003167285,0.02982659124046111,0.042825405592253896
2699,11699,Medium,Medium,0.036278037843134124,0.0324590889921423,0.9312628731647236
14287,23287,High,High,0.939043709792228,0.02514112709212467,0.03581516311564736
29334,38334,High,High,0.9300094599336091,0.03134369290973971,0.038646847156651266
35623,44623,Medium,Medium,0.0321075160305796,0.030363526362901284,0.937528957606519
6968,15968,Low,Low,0.028627350834549356,0.9210015916691175,0.05037105749633312
28522,37522,High,High,0.9235642813317518,0.03944600869361385,0.03698970997463441
20419,29419,Medium,Medium,0.03000474067336213,0.02755551034282346,0.9424397489838144
8581,17581,Medium,Medium,0.032844673892248745,0.02985246729375264,0.9373028588139986
33803,42803,High,High,0.8932660468516788,0.039988034185070846,0.06674591896325034
34872,43872,High,High,0.9376364540794059,0.0259946950046429,0.03636885091595123
21020,30020,Medium,Medium,0.031069361199603112,0.029064551782503712,0.9398660870178931
9752,18752,High,High,0.9311947790103529,0.028650626779450124,0.04015459421019699
21011,30011,Medium,Medium,0.05156407631392704,0.15752116406459027,0.7909147596214826
16010,25010,Low,Low,0.02961352199355735,0.9266826862950884,0.043703791711354294
35836,44836,Medium,Medium,0.05664793417854766,0.12708381441889718,0.8162682514025552
30744,39744,High,High,0.936117239967436,0.02715819087836399,0.03672456915420003
14621,23621,High,High,0.9358033881097064,0.025718767090029376,0.03847784480026419
38966,47966,Low,Low,0.027509732795484312,0.9352392933770655,0.03725097382745024
30567,39567,High,High,0.9397253742347264,0.024330862066194735,0.03594376369907903
30118,39118,Low,Low,0.02594978466116646,0.9389270677653451,0.0351231475734885
30432,39432,High,High,0.9317204709227691,0.025852786394829574,0.04242674268240134
20475,29475,High,High,0.9378526520215192,0.02656167456356574,0.035585673414914955
28243,37243,Medium,Medium,0.14523557123797876,0.03211585591544667,0.8226485728465746
38653,47653,Medium,Medium,0.03168189467554933,0.0299170531528286,0.9384010521716221
24446,33446,Medium,Medium,0.029456343454122087,0.02799296441121024,0.9425506921346676
19241,28241,Medium,High,0.9304910465497224,0.027154225627777275,0.04235472782250029
14712,23712,Medium,Medium,0.03902398513899682,0.0303552708673754,0.9306207439936277
34998,43998,Medium,Medium,0.03148242561044333,0.029055931263651403,0.9394616431259054
22576,31576,Low,Low,0.028191618663381195,0.919743564336974,0.05206481699964472
4481,13481,Low,Medium,0.03607748268337054,0.029014470676983328,0.9349080466396463
12673,21673,Medium,Medium,0.036725986090104,0.02862066319097889,0.9346533507189171
906,9906,Medium,Medium,0.03477023348836199,0.02683979078891317,0.9383899757227248
26257,35257,Medium,Medium,0.027984849617087856,0.02680024972632511,0.945214900656587
11505,20505,Low,Medium,0.031184303306527522,0.029503055117035267,0.9393126415764371
34799,43799,Medium,Low,0.029475947634186418,0.8939461808693138,0.0765778714964998
8108,17108,Medium,Medium,0.03441981346184012,0.03177817478858219,0.9338020117495778
11175,20175,High,High,0.9356266686324975,0.028686263634114473,0.03568706773338802
32326,41326,High,High,0.9384190045285257,0.023782876775931796,0.0377981186955424
23342,32342,Medium,Medium,0.03955773418817992,0.05725801927329252,0.9031842465385275
6470,15470,High,High,0.9362112199792897,0.02649918922339346,0.03728959079731686
7365,16365,Low,Low,0.03015446644233022,0.9296171423547496,0.04022839120292021
19337,28337,Low,Low,0.025230374608825473,0.9393223515818793,0.03544727380929532
8544,17544,Low,Low,0.03810971257833145,0.834630864082257,0.12725942333941168
14332,23332,Medium,Medium,0.03338821682810715,0.03109209322315053,0.9355196899487424
4078,13078,Medium,Medium,0.05163575343972748,0.03225798543043079,0.9161062611298417
11152,20152,Low,Low,0.03228990186073427,0.9213040950361219,0.04640600310314371
8109,17109,Medium,Medium,0.03371610709696154,0.032058492565975816,0.9342254003370627
10781,19781,High,High,0.9246359366240373,0.026751153156854928,0.04861291021910776
37976,46976,Low,Medium,0.040567933995376754,0.036169208306033686,0.9232628576985896
10516,19516,Medium,Medium,0.028987816220000604,0.15086144026325202,0.8201507435167473
14033,23033,High,High,0.9301788534746073,0.028544881502033725,0.04127626502335897
30717,39717,Medium,Medium,0.03138487507334473,0.032456624532269905,0.9361585003943853
34495,43495,Medium,Medium,0.03586467185290728,0.034094960469876735,0.9300403676772159
33285,42285,High,High,0.9358523929404151,0.026865103054954775,0.037282504004630006
7822,16822,Medium,Medium,0.029006681232692247,0.14104753454182062,0.8299457842254871
7007,16007,Low,Low,0.028534748260904963,0.9354185524493704,0.036046699289724565
34238,43238,Medium,Medium,0.03046167146391578,0.028994929383455204,0.9405433991526291
21059,30059,Low,Low,0.03077188863007545,0.9243030725881355,0.044925038781789016
16698,25698,Medium,Medium,0.032305509102752754,0.029015253378703133,0.9386792375185441
29381,38381,High,Medium,0.4801635124079126,0.033897753036726534,0.4859387345553608
21375,30375,High,High,0.9265573254573859,0.035040476117020436,0.03840219842559353
32076,41076,Medium,Medium,0.029387613901656503,0.031249986122869455,0.9393623999754741
21877,30877,Low,Low,0.025696426695494615,0.9376268389170277,0.036676734387477684
8767,17767,Low,Low,0.028251367437644347,0.9172865747031601,0.05446205785919548
31244,40244,Low,Low,0.026383553052574536,0.937005877157393,0.036610569790032264
9675,18675,Low,Low,0.02569155738926998,0.8769745374214377,0.09733390518929226
37945,46945,High,High,0.9344301722779821,0.027714997864593614,0.03785482985742431
12456,21456,Medium,Medium,0.03562108496698276,0.2165675285190193,0.7478113865139978
20857,29857,Low,Low,0.028885922145371622,0.9355102495010831,0.03560382835354531
21171,30171,Medium,Medium,0.02980776115479856,0.46699641612167203,0.5031958227235293
39735,48735,Medium,Medium,0.030964179679060344,0.029125895962004923,0.9399099243589347
18666,27666,Low,Low,0.029393243509767464,0.9333243506710094,0.0372824058192231
5552,14552,Medium,Medium,0.03105937286526099,0.0333046477250234,0.9356359794097155
33909,42909,Medium,Medium,0.04202636620719313,0.031216059117960465,0.9267575746748465
3292,12292,High,Low,0.037308330980544986,0.925346080374967,0.03734558864448793
20168,29168,Medium,Medium,0.035100632014388136,0.028028324116736707,0.9368710438688751
15003,24003,Medium,Medium,0.029800808382333187,0.03149345299535012,0.9387057386223168
32203,41203,Medium,Medium,0.039145524902374634,0.03087914388501167,0.9299753312126137
332,9332,Medium,Medium,0.034537194591392144,0.027578176136019303,0.9378846292725885
3656,12656,Low,Low,0.032311139032916214,0.9283378745595284,0.039350986407555306
12964,21964,Medium,Medium,0.032794276019922027,0.03684434781486056,0.9303613761652173
4924,13924,Medium,Medium,0.03623611082285308,0.042556959492971225,0.9212069296841757
32315,41315,Medium,Medium,0.03815310201236519,0.06870681453114834,0.8931400834564864
32304,41304,Medium,Medium,0.04049336918709708,0.0317325856369166,0.9277740451759864
17706,26706,Medium,Medium,0.047255283469961884,0.03607581430875151,0.9166689022212866
10853,19853,Low,Low,0.03237154741250683,0.9254934124113342,0.04213504017615909
25358,34358,Low,Low,0.038670853701785086,0.9200884789308225,0.04124066736739224
4773,13773,Low,Low,0.027378430963642397,0.9347936619061431,0.03782790713021459
29847,38847,Medium,Medium,0.03738138550730178,0.03344212719154762,0.9291764873011505
967,9967,High,Medium,0.041975261660741316,0.029875747158995908,0.9281489911802628
19599,28599,Low,Low,0.03138834422216135,0.9016862553770877,0.06692540040075094
8664,17664,Low,Low,0.02521994996843595,0.93494328129414,0.03983676873742409
9140,18140,High,High,0.9317326335748429,0.031501268681123455,0.03676609774403361
113,9113,Low,Low,0.03095904027039492,0.8129218139782489,0.1561191457513563
274,9274,Medium,Medium,0.03146552911698398,0.03066632966325855,0.9378681412197576
28640,37640,Medium,Medium,0.03252471770448525,0.029374919149314536,0.9381003631462002
30074,39074,Low,Low,0.02785350194492762,0.9299244980451778,0.04222200000989462
2576,11576,Medium,Medium,0.03183394477049434,0.030299987674518494,0.937866067554987
27990,36990,Low,Low,0.02643110463874253,0.9343672485088925,0.039201646852364894
29838,38838,Low,Low,0.03675370412844898,0.864712345996641,0.09853394987490997
38475,47475,Medium,Medium,0.04936708582292638,0.3899637545755587,0.560669159601515
24895,33895,Medium,Medium,0.03318990756267778,0.03656638153358053,0.9302437109037417
4247,13247,Medium,Medium,0.03902708510019281,0.04181109980854936,0.9191618150912578
25104,34104,High,High,0.9329375667685978,0.027828364389469184,0.03923406884193298
26042,35042,Medium,Medium,0.030818762530203877,0.03186419953992737,0.9373170379298688
6618,15618,Medium,Medium,0.02905854055859053,0.030661969551839762,0.9402794898895698
36838,45838,Medium,Medium,0.03662037790606663,0.1414895286101914,0.8218900934837419
35857,44857,Medium,Medium,0.04354320735994301,0.03104918403941609,0.9254076086006409
21608,30608,Medium,Medium,0.034237133647058327,0.028088296902418347,0.9376745694505232
30145,39145,Medium,Medium,0.0322122667299612,0.02576447628867755,0.9420232569813612
10470,19470,High,High,0.9203191347697147,0.03223382358203168,0.04744704164825366
37822,46822,High,High,0.9322447990236266,0.02788188237879896,0.039873318597574474
11962,20962,Medium,Medium,0.03062751823658404,0.027840315538796345,0.9415321662246195
19382,28382,Medium,Medium,0.028923643988365343,0.027301097633648925,0.9437752583779857
1518,10518,High,High,0.9254533087495914,0.03334027266147329,0.04120641858893518
8879,17879,Low,Low,0.02728443957387708,0.9354800101513558,0.0372355502747672
19070,28070,Medium,Medium,0.04614297932496542,0.02981171295898775,0.9240453077160469
18126,27126,Medium,Medium,0.02825033474257194,0.028970472076802135,0.942779193180626
17183,26183,Medium,Medium,0.06747222364461415,0.04402504432505969,0.8885027320303261
22119,31119,High,High,0.9387228608422916,0.025691114103028684,0.03558602505467969
35496,44496,Medium,Medium,0.042939360649690284,0.034374912422331184,0.9226857269279786
18648,27648,Medium,Medium,0.050891683784041,0.03246808076985571,0.9166402354461033
22574,31574,High,High,0.9400523586060148,0.02397149477240147,0.03597614662158365
36073,45073,Medium,Medium,0.0340735673041432,0.028715535804740122,0.9372108968911167
30093,39093,Low,Low,0.026777683328699464,0.9383293588429785,0.03489295782832201
28103,37103,Medium,Medium,0.027621033204514117,0.02708052892316205,0.9452984378723238
9207,18207,Low,Low,0.035621519254669665,0.9165605574213312,0.047817923323999034
4966,13966,High,High,0.9382163045917135,0.02545038832410769,0.03633330708417872
33644,42644,Medium,Medium,0.04144810318585635,0.34520232710519844,0.6133495697089452
29669,38669,High,High,0.9220057074125582,0.0372016034545584,0.04079268913288353
14018,23018,High,High,0.9282960711252359,0.028139276824890386,0.04356465204987369
26180,35180,Medium,Medium,0.04538011779811915,0.03225649242416948,0.9223633897777114
25675,34675,Medium,Medium,0.030106212760145135,0.0326660758499328,0.9372277113899221
4587,13587,Medium,Medium,0.0365296025034808,0.032302036214008685,0.9311683612825105
8801,17801,Medium,Medium,0.02886045246086862,0.028964341771101187,0.9421752057680303
37178,46178,Low,Low,0.030508545016619176,0.9137368420599522,0.05575461292342848
39436,48436,Medium,Medium,0.033653680254690614,0.02833798547441709,0.9380083342708923
3295,12295,High,High,0.8314132718527949,0.04219775664939576,0.12638897149780925
4713,13713,High,High,0.9347403862056255,0.02634049026316319,0.03891912353121125
8841,17841,Low,Low,0.032235939699537634,0.9279711438616203,0.03979291643884217
37548,46548,High,High,0.925480889100454,0.030338658062081428,0.04418045283746455
9212,18212,Medium,Medium,0.032133218363060885,0.02982095376021333,0.938045827876726
6551,15551,Low,Low,0.026800771452172554,0.9132534644488629,0.059945764098964543
8026,17026,Low,Low,0.026338264830829173,0.9381903475840302,0.03547138758514055
2046,11046,Medium,Medium,0.029101463177827594,0.06584722807706893,0.9050513087451035
5320,14320,High,High,0.9286874938444187,0.03046536028840194,0.04084714586717921
17356,26356,High,High,0.9352756387828114,0.027471138665479348,0.037253222551709396
344,9344,Medium,Medium,0.032759383534317545,0.029293029684645377,0.9379475867810371
4746,13746,High,High,0.8997570934719982,0.04189759344403656,0.05834531308396527
26822,35822,Medium,Medium,0.031315237245931424,0.03263475207989248,0.936050010674176
8267,17267,Medium,Medium,0.03330852287154381,0.029336821387613954,0.9373546557408421
24766,33766,Medium,Medium,0.0316361491459445,0.031187195670457853,0.9371766551835977
26089,35089,Medium,Medium,0.029027882231305233,0.02771864537998912,0.9432534723887057
36960,45960,Medium,Medium,0.03212516222444261,0.027641284538424734,0.9402335532371326
14471,23471,Low,Low,0.02645895237451014,0.9390291697759846,0.03451187784950526
9220,18220,High,High,0.9357928473553234,0.026366731859632314,0.03784042078504427
23863,32863,Medium,Medium,0.03494989020876335,0.03228904703758406,0.9327610627536526
647,9647,Medium,High,0.93553606799696,0.026352997343903506,0.0381109346591364
30764,39764,Medium,Medium,0.05394998086715049,0.03093858835399843,0.9151114307788509
20533,29533,High,High,0.9247080213142627,0.03621470881590636,0.03907726986983103
23079,32079,High,Medium,0.035518376362083014,0.03324136717113509,0.9312402564667819
7472,16472,Low,Low,0.03697403693918586,0.9046809841543239,0.058344978906490264
28248,37248,Low,Low,0.026630838422570986,0.931746769966758,0.04162239161067096
13212,22212,High,High,0.9325642808416567,0.02767697190536346,0.03975874725297991
4043,13043,Medium,Medium,0.09091485371747461,0.03310774568298316,0.8759774005995422
39582,48582,Medium,Medium,0.0513975916144758,0.029693876675632697,0.9189085317098914
1502,10502,Medium,Medium,0.03951984976471724,0.06403520500236297,0.8964449452329198
14329,23329,Low,Medium,0.0312154391557654,0.03195218519707985,0.9368323756471547
1993,10993,High,High,0.9365780156931153,0.026092512237746706,0.03732947206913794
18535,27535,High,High,0.9367499333380481,0.025894162940215706,0.037355903721736146
1389,10389,Medium,Medium,0.030349130487323184,0.027341274919870564,0.9423095945928063
19627,28627,Low,Low,0.029243759761513527,0.9289173529489047,0.041838887289581704
36667,45667,High,High,0.9336347714384603,0.027823049890491478,0.03854217867104815
22858,31858,Low,Low,0.029128005527763665,0.9300328615632986,0.04083913290893779
32564,41564,Medium,Medium,0.03262107275199357,0.032747896271411135,0.9346310309765954
33780,42780,Medium,Medium,0.03137591099519117,0.03988241326381752,0.9287416757409913
33097,42097,High,High,0.9346460903993911,0.02629595485730117,0.03905795474330768
8185,17185,Low,Low,0.028395569932463633,0.9008570744054752,0.07074735566206124
3830,12830,Low,Low,0.03927587456401733,0.9189992623533896,0.04172486308259304
6711,15711,Medium,Medium,0.029798136664040766,0.0313432369665649,0.9388586263693943
26881,35881,Medium,Medium,0.027894051785960685,0.044165438410754675,0.9279405098032848
37234,46234,Medium,Medium,0.04863424132930847,0.037074636648115604,0.9142911220225759
30511,39511,Low,Low,0.026661281286573888,0.931271200833527,0.042067517879899284
30861,39861,Medium,Medium,0.04213998813849242,0.03201353799048615,0.9258464738710215
23740,32740,High,High,0.9320750691227068,0.027787942367920763,0.04013698850937253
25093,34093,Low,Low,0.026745339264941565,0.9336694715630586,0.03958518917199983
21555,30555,Medium,Medium,0.041444417466357956,0.029189236672057254,0.9293663458615847
14299,23299,Low,Low,0.034324252577287946,0.8742571061072316,0.09141864131548043
39927,48927,Medium,Medium,0.029114297602944584,0.028501625624906716,0.9423840767721486
23154,32154,Low,Low,0.03152636154282775,0.9216950598877123,0.04677857856945996
8535,17535,High,High,0.9146167018559317,0.04016148584528934,0.04522181229877901
2680,11680,Medium,Medium,0.0443551735126988,0.03781216623348952,0.9178326602538117
6608,15608,Medium,Medium,0.026417595164640543,0.058846828420351084,0.9147355764150085
10078,19078,Low,Low,0.029821427932143707,0.9295810247933568,0.040597547274499664
6046,15046,Medium,Medium,0.0800922458045978,0.037702158496232964,0.8822055956991693
30780,39780,Low,Medium,0.03395832569332948,0.029184856178155555,0.936856818128515
32892,41892,High,High,0.9337151613135211,0.029162637241252776,0.037122201445226245
14833,23833,Medium,Medium,0.030919378012657622,0.03434545856328646,0.9347351634240559
13989,22989,Low,Low,0.06274159848526098,0.8905871670886323,0.04667123442610677
28735,37735,High,High,0.9361867940873362,0.027550823201048128,0.036262382711615616
13209,22209,High,High,0.9269833510336064,0.03441103086505989,0.038605618101333755
13186,22186,Medium,Medium,0.03662332550551279,0.03204389810828189,0.9313327763862054
28952,37952,High,High,0.9281485485574062,0.029089872669916864,0.04276157877267694
5110,14110,Low,Low,0.03355742868746569,0.9125253731821505,0.053917198130383814
18496,27496,Medium,High,0.9238866581589881,0.03003373494090134,0.04607960690011065
30483,39483,Low,Low,0.025740819050258257,0.8908261497854003,0.08343303116434146
5287,14287,Medium,Medium,0.031914849481598756,0.11337098981373478,0.8547141607046664
1521,10521,Medium,Medium,0.03261544912493894,0.030444051170659375,0.9369404997044016
8562,17562,High,High,0.9315070483402911,0.02921862140463236,0.03927433025507666
23570,32570,Medium,Medium,0.032624871869647736,0.03120726073109222,0.9361678673992601
36679,45679,Low,Low,0.03350635047249426,0.9185176691612796,0.04797598036622619
380,9380,Medium,Medium,0.03063077314566696,0.02910920130701285,0.9402600255473201
634,9634,Medium,Medium,0.03540674089641762,0.033044732975546186,0.9315485261280362
26708,35708,High,High,0.934217462414451,0.02655755372024721,0.03922498386530175
15553,24553,Medium,Medium,0.03650028673699751,0.03310136155082493,0.9303983517121776
7234,16234,Medium,Medium,0.028627181772325677,0.1788853587200865,0.7924874595075878
20014,29014,High,High,0.9350964113147335,0.028340869715870975,0.03656271896939561
27307,36307,Low,Low,0.026590202792876865,0.9374057501642389,0.03600404704288423
24746,33746,Low,High,0.9298995482975116,0.030933255419127326,0.03916719628336109
3140,12140,High,High,0.9366752651384046,0.026188236736478743,0.037136498125116685
25819,34819,Medium,Medium,0.03943235155384903,0.03209423717939222,0.9284734112667588
6297,15297,Low,Low,0.028869646120978105,0.9334511772765343,0.03767917660248773
29919,38919,High,High,0.9349173402565373,0.026504723801145425,0.03857793594231729
21617,30617,Medium,Medium,0.03315122401009172,0.030199826760005117,0.936648949229903
19303,28303,High,High,0.9269450685071715,0.031489876828000425,0.04156505466482801
2889,11889,Medium,Medium,0.03805889419675763,0.03474909494423714,0.9271920108590054
38352,47352,Low,Low,0.03366869724578814,0.9299898826232912,0.03634142013092084
18626,27626,High,High,0.9311206389897397,0.029961098751627613,0.0389182622586326
27019,36019,Low,Low,0.03617704970536512,0.9224528886559269,0.041370061638707954
2844,11844,Medium,Medium,0.03413685347093425,0.036376140386663446,0.9294870061424024
28441,37441,High,High,0.9323439783684618,0.029907675076200856,0.03774834655533718
8242,17242,Medium,Medium,0.028360354551420813,0.030466686768621697,0.9411729586799575
17304,26304,High,High,0.9341027389691815,0.026562670147165377,0.039334590883653195
14501,23501,Low,Low,0.029471252877500975,0.9051522248939549,0.06537652222854409
20231,29231,High,High,0.9362521865689791,0.025600523417273268,0.03814729001374762
31038,40038,Low,Low,0.03360115368898494,0.9269404605347297,0.0394583857762854
35545,44545,High,High,0.9360267181698907,0.026811424027011338,0.03716185780309783
12713,21713,Medium,Low,0.04097338314618995,0.7521262911528535,0.2069003257009567
31086,40086,High,High,0.9257570552341808,0.0322274152512654,0.04201552951455368
11321,20321,Medium,Medium,0.03524104846258184,0.02842672132214923,0.9363322302152689
1132,10132,Medium,Medium,0.03168137445209399,0.0280164779824779,0.940302147565428
33816,42816,Low,Low,0.025499552452368856,0.9375126103156464,0.03698783723198473
11563,20563,Medium,Medium,0.031623509387222394,0.033267541388702485,0.9351089492240751
31306,40306,Low,Low,0.030113297250162884,0.9223906694602481,0.04749603328958902
26533,35533,High,High,0.9327540447458665,0.029452210527031775,0.037793744727101834
27488,36488,Low,Medium,0.03296958883286479,0.03631429544544787,0.9307161157216873
11434,20434,Medium,Medium,0.09158287620576315,0.038922938167613746,0.8694941856266231
19907,28907,Medium,Medium,0.03820118539383044,0.08060441426627298,0.8811944003398965
30478,39478,High,High,0.931894105409909,0.030281549912664418,0.037824344677426534
24100,33100,Medium,Medium,0.030930409459549283,0.027798979471857038,0.9412706110685937
14556,23556,Medium,Medium,0.03254526442669209,0.032650142436193276,0.9348045931371146
14755,23755,Medium,Medium,0.032614521905857057,0.028618288006612463,0.9387671900875305
36466,45466,High,High,0.9379406943292669,0.02569416209873648,0.03636514357199672
16422,25422,Medium,Medium,0.03605295507932909,0.03945061510688453,0.9244964298137864
37363,46363,High,High,0.8988137446699307,0.041078125805896114,0.060108129524173236
887,9887,High,Low,0.031500517846431465,0.8858310512480795,0.08266843090548906
1814,10814,Low,Low,0.037840562879475285,0.8112206339074001,0.15093880321312456
4957,13957,High,High,0.9274772820930749,0.03170449564892184,0.04081822225800322
31048,40048,Medium,Medium,0.03712590206083761,0.03045526874797833,0.932418829191184
11879,20879,Medium,Medium,0.03255969466426522,0.028129836801114628,0.9393104685346202
22400,31400,Medium,Medium,0.030412848037321954,0.02894991119093601,0.9406372407717422
12965,21965,Low,Low,0.052437152865930835,0.9077484438604725,0.03981440327359677
18631,27631,Medium,Medium,0.03197381035450791,0.04039516269522955,0.9276310269502627
14490,23490,Medium,Medium,0.03191340385667065,0.031257980228295394,0.936828615915034
23872,32872,Medium,Medium,0.031251766862756915,0.029285641512676566,0.9394625916245665
11508,20508,Medium,Medium,0.03006766087329167,0.030743523979957974,0.9391888151467503
39314,48314,Low,Low,0.028795121466578935,0.9299759718361097,0.04122890669731147
7986,16986,High,High,0.9343051232206209,0.02665999024587856,0.03903488653350056
31566,40566,High,High,0.9298410274612968,0.02671340328173288,0.04344556925697026
5190,14190,Medium,Medium,0.031666193760167445,0.03357011798536277,0.9347636882544696
28031,37031,Medium,Medium,0.0387200360964334,0.034888572209285006,0.9263913916942818
31975,40975,High,High,0.9292422176106685,0.03125135422477856,0.03950642816455302
32896,41896,High,High,0.9384842004800565,0.024370547408244726,0.03714525211169872
32718,41718,Medium,Medium,0.029489392040345817,0.02745616166181936,0.9430544462978349
12248,21248,Medium,Medium,0.031668733720260606,0.032476429763618565,0.9358548365161209
30953,39953,High,High,0.9356497338423737,0.026791010163106543,0.03755925599451971
36933,45933,High,High,0.9367758870301345,0.02619821843066586,0.03702589453919972
36427,45427,High,High,0.9362945841194185,0.02582833025031635,0.03787708563026524
13689,22689,Medium,Medium,0.028607227878124575,0.0320096943887228,0.9393830777331527
28215,37215,Low,Low,0.03252865518470794,0.9292079952668586,0.038263349548433565
9357,18357,Low,Low,0.025977903328597955,0.9370745843471276,0.036947512324274345
10501,19501,High,Medium,0.03379207376295747,0.028159386871306907,0.9380485393657357
8124,17124,Medium,Medium,0.03251963642299457,0.03463515576192353,0.9328452078150818
9929,18929,Medium,Medium,0.02700583495060217,0.02733175664956423,0.9456624083998335
37182,46182,Low,Low,0.025389296177555577,0.9380791036840606,0.03653160013838391
35809,44809,Medium,Medium,0.035188314008379344,0.03154950133712595,0.9332621846544947
39994,48994,Low,High,0.9322057551536848,0.027829124056673486,0.039965120789641644
34713,43713,Medium,Medium,0.14509616504799513,0.0454569472223556,0.8094468877296492
21204,30204,Low,Low,0.027637855227361344,0.9338458074417626,0.03851633733087608
18234,27234,High,High,0.9000207461853226,0.03715190129442326,0.0628273525202543
20583,29583,Low,Low,0.03999519972048751,0.8199216202598704,0.14008318001964218
5928,14928,Medium,Medium,0.03443232974788249,0.14134203065428327,0.8242256395978343
26629,35629,Medium,Medium,0.030024489800904542,0.027327560126706046,0.9426479500723893
36846,45846,Medium,High,0.9356101872741612,0.027873042014753716,0.03651677071108512
29495,38495,Medium,Medium,0.029738677791929142,0.026961357795139324,0.9432999644129315
5420,14420,Low,Low,0.04148753043055826,0.9101789929584646,0.04833347661097701
19429,28429,High,High,0.9356299980573898,0.02709112329592936,0.03727887864668097
36346,45346,High,High,0.9195461020764659,0.031515031919948505,0.048938866003585525
12545,21545,Medium,Low,0.03223376383878663,0.8499537624373906,0.1178124737238228
4887,13887,Medium,Low,0.04345267560032736,0.7246916544672465,0.2318556699324262
36690,45690,Medium,Medium,0.03115595023796679,0.030241876422078387,0.9386021733399549
11942,20942,High,High,0.9369907257525473,0.026201229219641794,0.03680804502781088
26714,35714,Low,Low,0.02948197594100642,0.9261332200772706,0.04438480398172299
3377,12377,High,High,0.9351480153464585,0.02810175470509944,0.036750229948442126
24946,33946,Low,Low,0.03763226473996448,0.8662001936524364,0.0961675416075992
21624,30624,High,High,0.9270329490996813,0.034112928082214104,0.03885412281810452
10039,19039,Medium,Medium,0.029556284965234738,0.02669643785523931,0.943747277179526
14197,23197,High,High,0.9389180470776619,0.024921677534768313,0.036160275387569885
25571,34571,High,High,0.9397464825757923,0.024126753499561098,0.03612676392464658
23612,32612,Low,Low,0.02811128969284002,0.9260625949204986,0.04582611538666142
12306,21306,Medium,Medium,0.032394134103710365,0.030482569237818308,0.9371232966584713
5938,14938,Medium,Medium,0.042763951986653614,0.08245949606151848,0.874776551951828
21580,30580,Medium,Medium,0.030031398042426993,0.02865465670095002,0.9413139452566229
35746,44746,High,Medium,0.29792014976758296,0.06700831334907918,0.6350715368833378
18542,27542,Medium,Medium,0.03617056547451932,0.03579930779915432,0.9280301267263263
16574,25574,High,Medium,0.039964651696990115,0.25026054542053616,0.7097748028824736
36048,45048,High,High,0.9372205875882872,0.02579365915135211,0.036985753260360715
7722,16722,Medium,Medium,0.03322776367263146,0.03403583704626172,0.9327363992811067
25265,34265,High,Medium,0.03888161855911604,0.04667616457220363,0.9144422168686802
439,9439,Medium,Medium,0.03855244055961456,0.034980877208515115,0.9264666822318702
18801,27801,Medium,Medium,0.03523463182316645,0.029966922691776494,0.934798445485057
35077,44077,High,High,0.9344955450176466,0.02924921301620188,0.03625524196615148
30375,39375,Low,Low,0.028841153301832914,0.9346381130415532,0.03652073365661375
23933,32933,Medium,Medium,0.030901751949239716,0.031956204523065974,0.9371420435276944
3496,12496,High,High,0.9330062009344321,0.02905472941700764,0.037939069648560204
8870,17870,Medium,Medium,0.03692562171669774,0.05486367722561347,0.9082107010576888
24135,33135,Low,Low,0.027494391708924204,0.926716678687234,0.04578892960384178
28629,37629,High,Medium,0.0292844573556775,0.03184024694433183,0.9388752956999907
241,9241,Medium,Medium,0.03883759341452088,0.04374275420121417,0.9174196523842649
509,9509,Medium,Medium,0.033151524484430754,0.03361542375707808,0.9332330517584912
27438,36438,Low,Low,0.030432123946883414,0.9168953885853609,0.052672487467755554
10653,19653,High,High,0.924132748791056,0.035306827355914866,0.040560423853029194
12216,21216,Medium,Low,0.03049727292178066,0.9293758070797439,0.04012691999847542
19298,28298,Medium,Medium,0.03319006246690659,0.03155917341704973,0.9352507641160438
33058,42058,High,High,0.936501499075208,0.025393612210369763,0.03810488871442233
14285,23285,Medium,Medium,0.03234584708021351,0.03269876435088868,0.9349553885688978
26865,35865,Low,Low,0.028363272294007476,0.9340233708877937,0.037613356818198884
17893,26893,Low,Low,0.031070480751582436,0.9292475443627638,0.03968197488565379
6506,15506,Medium,Medium,0.035487635976451645,0.03243697478740581,0.9320753892361426
27707,36707,Low,Low,0.027227415853159825,0.910934739034117,0.06183784511272314
38256,47256,Medium,Medium,0.03537650768819278,0.037331243105896104,0.9272922492059111
10401,19401,High,Medium,0.03377252518894187,0.030157160460198344,0.9360703143508599
7094,16094,Medium,Medium,0.03766992903493396,0.03713418988778465,0.9251958810772813
31489,40489,Medium,Low,0.026157197921561546,0.9355288319121162,0.0383139701663223
24140,33140,Medium,Medium,0.03112769513624183,0.04353954798307392,0.9253327568806843
36027,45027,High,High,0.9349165117090396,0.027445724402730368,0.03763776388823012
23220,32220,Low,Low,0.03524846474593951,0.9291118021951444,0.03563973305891594
25953,34953,Medium,Medium,0.029573895420711382,0.04268932878142173,0.9277367757978668
23261,32261,Medium,Medium,0.03472738842837237,0.03344999397729991,0.9318226175943277
22961,31961,High,Medium,0.04440687941141114,0.02834976967977663,0.9272433509088122
13273,22273,High,High,0.9366117449362439,0.025311216462932457,0.03807703860082375
23917,32917,High,High,0.8784101198400608,0.05293339282116788,0.06865648733877126
36603,45603,Low,Low,0.03025209263730898,0.7938518443150765,0.1758960630476146
28891,37891,High,High,0.9356653580136247,0.027309462503842623,0.0370251794825326
26662,35662,High,High,0.9264563033606737,0.03246032111686082,0.0410833755224654
39277,48277,Medium,Medium,0.026903771493795952,0.024972511269244668,0.9481237172369594
29172,38172,Medium,Medium,0.04259719299910681,0.032328579398798414,0.9250742276020948
9663,18663,Low,Low,0.029742545288985678,0.9320502530101177,0.03820720170089656
23279,32279,Medium,Medium,0.031852007689913454,0.028904006950935635,0.9392439853591509
2898,11898,Medium,Medium,0.03186635959585211,0.028534265542167564,0.9395993748619803
10807,19807,Low,Low,0.026547065304144662,0.929671454463293,0.04378148023256232
34537,43537,Low,Low,0.030909893568983743,0.7414744806750356,0.2276156257559806
10797,19797,Medium,Medium,0.06618164614541307,0.07170539573238316,0.8621129581222039
20775,29775,Medium,Medium,0.034428124629569894,0.03131919182348932,0.9342526835469408
35091,44091,Low,Low,0.029815845435079636,0.9290152159547816,0.04116893861013878
15989,24989,Low,Low,0.028782076101999118,0.9280374011549956,0.043180522743005344
31079,40079,Medium,Medium,0.03987212930323476,0.03634984240270763,0.9237780282940576
34693,43693,Low,Low,0.02616911302953463,0.9387031760051538,0.035127710965311504
24732,33732,Medium,Medium,0.03936603600255831,0.03404491850947707,0.9265890454879647
8384,17384,Medium,Low,0.0283328196334609,0.6562175983464958,0.3154495820200432
13521,22521,Medium,Medium,0.04550912125712021,0.24399092754673238,0.7104999511961475
26088,35088,Medium,Medium,0.029990281742105124,0.02759125186290029,0.9424184663949946
2275,11275,High,High,0.9304237199827657,0.029715636025439408,0.03986064399179474
28278,37278,Medium,Medium,0.03332679363213297,0.034060396000383804,0.9326128103674831
6876,15876,Medium,Medium,0.036902025735247555,0.03473656247563303,0.9283614117891194
38220,47220,Medium,Medium,0.03227810808300013,0.03067655440036615,0.9370453375166338
33683,42683,Medium,Medium,0.02964793980246742,0.0300427529405327,0.9403093072569999
16433,25433,Low,Low,0.028067072231672523,0.934234949268146,0.03769797850018151
33397,42397,Medium,Medium,0.03573779470905846,0.031444121084897296,0.9328180842060444
30493,39493,Low,Medium,0.03318012153955783,0.24774587382653937,0.7190740046339027
27645,36645,Low,Low,0.035410539887922386,0.9272884656286949,0.03730099448338285
34351,43351,Medium,Medium,0.03971906438822148,0.03311638514514873,0.9271645504666298
39724,48724,Medium,Medium,0.03274974203927458,0.032149099942748956,0.9351011580179764
18738,27738,Medium,Medium,0.029212760605694537,0.03298112986183794,0.9378061095324676
27563,36563,Medium,Medium,0.03906097906412396,0.03621037805402481,0.9247286428818512
3524,12524,Medium,Medium,0.031217675459732308,0.029689817368268964,0.9390925071719988
19460,28460,High,High,0.9364591319322845,0.026287004572649413,0.03725386349506592
38051,47051,Medium,Medium,0.4414613757396422,0.058527588416350744,0.5000110358440071
6496,15496,High,High,0.9353295453148552,0.028795201321269146,0.03587525336387558
24328,33328,Medium,Medium,0.03420618916726693,0.03697888199831314,0.92881492883442
14781,23781,Medium,Medium,0.033186898535023074,0.02770771103818423,0.9391053904267928
20864,29864,Low,Low,0.02986533636604198,0.9290497646683712,0.041084898965586904
10778,19778,Medium,Medium,0.028154727619022924,0.02732419446044618,0.9445210779205309
20059,29059,Medium,Medium,0.03864035349406544,0.02893171370435892,0.9324279328015757
18322,27322,Medium,Medium,0.0416092420935102,0.035875717933011024,0.9225150399734788
37563,46563,High,High,0.9309087212446238,0.02965377189768355,0.03943750685769273
6432,15432,High,High,0.936028209667199,0.024353582215824305,0.03961820811697679
34280,43280,Medium,Medium,0.03144529197004008,0.03036327529619363,0.9381914327337663
18134,27134,Medium,Medium,0.033291197110876636,0.03617816946358507,0.9305306334255382
36931,45931,Medium,Medium,0.03555110176014425,0.03128380234938131,0.9331650958904745
6557,15557,Low,Low,0.028798985912968922,0.8965627466623602,0.07463826742467083
25800,34800,Low,Low,0.028729344263333328,0.9238063513893605,0.04746430434730615
26946,35946,Low,Low,0.026921689403079607,0.9368617866219435,0.036216523974976746
9509,18509,Low,Low,0.03008893381441159,0.9295807602550253,0.04033030593056298
33776,42776,Medium,Medium,0.02976346923803347,0.026424515139158444,0.9438120156228081
11577,20577,Medium,Low,0.03248338875038339,0.8285221036412315,0.13899450760838528
9144,18144,Low,Low,0.03439659801686051,0.6506097805336631,0.31499362144947646
1618,10618,Medium,Medium,0.08197226131794404,0.03802325572570959,0.8800044829563465
7693,16693,Medium,Medium,0.03115556942283283,0.028542601995041748,0.9403018285821254
28847,37847,High,High,0.9238036629562574,0.03592982574621973,0.04026651129752282
38880,47880,High,High,0.9379136644587774,0.02523654330762973,0.036849792233592686
24734,33734,Low,Low,0.027514222346551976,0.9352655101169712,0.037220267536476746
14002,23002,Medium,Medium,0.035819087552307234,0.032944986223390975,0.9312359262243017
27529,36529,High,High,0.9330013003049275,0.02702460725191334,0.03997409244315931
7584,16584,Medium,Medium,0.03186859623078117,0.03061503233455887,0.9375163714346599
4301,13301,High,High,0.9029960857607712,0.04933342639372007,0.0476704878455087
19130,28130,Medium,Medium,0.029355736607787324,0.02899422225766429,0.9416500411345483
13605,22605,Low,Low,0.04185659304877717,0.9191879485720786,0.03895545837914426
22785,31785,Low,Medium,0.04107760280074498,0.03503678456695788,0.9238856126322972
34587,43587,High,High,0.9242768181441937,0.03323668917711304,0.042486492678693116
6796,15796,Medium,Medium,0.034911039174042174,0.033044878662295274,0.9320440821636625
18005,27005,High,High,0.9347804045699534,0.02715301291576444,0.03806658251428211
35394,44394,High,High,0.9273374758894848,0.030797419893452697,0.04186510421706244
25736,34736,Medium,Medium,0.03228954538519268,0.12289917573645552,0.8448112788783518
19639,28639,Low,Low,0.036080099271654016,0.5432432989507093,0.4206766017776367
36150,45150,Medium,Medium,0.03006139423560639,0.02876202634210899,0.9411765794222845
3962,12962,Medium,Medium,0.036422097043285855,0.4100160197055956,0.5535618832511185
24637,33637,Medium,Medium,0.03144762417303795,0.029061906097917995,0.9394904697290439
5531,14531,High,High,0.9376452665994481,0.025275844413093395,0.03707888898745849
29643,38643,High,Low,0.032060186142849965,0.9299861584148511,0.037953655442298916
37030,46030,Medium,Medium,0.03800438555632094,0.032428833179253574,0.9295667812644255
35534,44534,Low,Low,0.036654325012317496,0.5626351085780629,0.4007105664096196
11616,20616,Low,Low,0.033750919227144065,0.9193367715486002,0.046912309224255655
11579,20579,Medium,Medium,0.03238527482161482,0.37414834221622684,0.5934663829621584
28599,37599,High,High,0.9387084641710638,0.025128246094821116,0.036163289734115166
4505,13505,Medium,Medium,0.032183803384467836,0.267719744654665,0.7000964519608672
12747,21747,High,Medium,0.3663760751373169,0.04507545724120373,0.5885484676214793
39666,48666,Low,Low,0.026517187211346337,0.9304139731635139,0.043068839625139854
876,9876,Medium,Medium,0.0318064044718941,0.029617605282702787,0.9385759902454032
38248,47248,Medium,Medium,0.040334391339743154,0.0361776981627366,0.9234879104975203
36484,45484,Low,Low,0.02876610626940003,0.9344503591600516,0.03678353457054832
12195,21195,Medium,Medium,0.03539359394243425,0.02713714110234133,0.9374692649552244
12521,21521,Medium,Medium,0.029580396960095623,0.028698807256245323,0.941720795783659
30355,39355,Low,Low,0.05026096534656684,0.9100234788685141,0.03971555578491905
23085,32085,Medium,Medium,0.05105557632970661,0.04092757076451348,0.9080168529057798
4106,13106,Medium,Medium,0.0449678298290991,0.02908016733878427,0.9259520028321165
22722,31722,Low,Low,0.03149687964808882,0.9251267733712444,0.04337634698066697
38001,47001,Medium,High,0.9385831298987869,0.024318090015951,0.03709878008526207
2578,11578,Medium,Medium,0.027146950465146064,0.02755166118204098,0.9453013883528131
24036,33036,Medium,Medium,0.03128156132485015,0.027475957635545722,0.9412424810396041
32334,41334,Medium,Medium,0.030057350009225704,0.029623128776789232,0.940319521213985
13586,22586,Medium,Medium,0.0313658544003059,0.03393631617511319,0.9346978294245809
34412,43412,Medium,Medium,0.029847128423255615,0.03200666791083032,0.9381462036659141
453,9453,Medium,Medium,0.039060421145569145,0.03548059297233858,0.9254589858820923
34513,43513,Medium,Medium,0.04607012548667395,0.03420852423525992,0.9197213502780661
36559,45559,Low,High,0.9369110307165925,0.025910764628947314,0.03717820465446015
96,9096,Low,Low,0.027501073889477454,0.9306280173491265,0.041870908761396076
21783,30783,Medium,Medium,0.03871535436007212,0.030536764632215524,0.9307478810077123
19465,28465,Low,Low,0.03446461247153535,0.9239812185288073,0.04155416899965741
37311,46311,Low,Medium,0.036708429784860656,0.030382030701642748,0.9329095395134965
9696,18696,Medium,Medium,0.029472955339313354,0.02628878619309991,0.9442382584675868
23678,32678,Medium,Medium,0.026685936116543952,0.05237226104030512,0.920941802843151
18073,27073,Medium,Medium,0.0346684294465163,0.027576104964317033,0.9377554655891668
10629,19629,Medium,Medium,0.03218810493547731,0.02976442383873973,0.938047471225783
17826,26826,High,High,0.9292669672801575,0.02991450371634577,0.0408185290034967
5076,14076,Medium,Medium,0.03479385584012961,0.028822917657999075,0.9363832265018713
4129,13129,High,High,0.935847882986608,0.02856581394075843,0.03558630307263352
1384,10384,High,High,0.9208225719179368,0.0259003295645327,0.05327709851753052
20106,29106,High,High,0.9352667906998309,0.026323917335810482,0.03840929196435872
23441,32441,Medium,Medium,0.03536192379668603,0.0305279678862297,0.9341101083170843
449,9449,Low,Medium,0.03011366011785867,0.02823636746811799,0.9416499724140234
3090,12090,Low,Low,0.02841274820510024,0.9245740762507811,0.047013175544118574
12742,21742,Low,Low,0.028663168736096437,0.932449411915743,0.03888741934816054
32968,41968,Low,Low,0.038855215290878244,0.8811974551404438,0.07994732956867806
27449,36449,High,High,0.9370727162792196,0.026364708293412798,0.03656257542736754
36256,45256,Medium,Medium,0.04354654919757206,0.04521285910098983,0.9112405917014382
32055,41055,High,High,0.9334687746574922,0.02502925271347195,0.0415019726290358
13120,22120,High,High,0.9381600820863655,0.0249769619327815,0.036862955980853145
13861,22861,Medium,Medium,0.03539006953664924,0.036450987174217075,0.9281589432891337
7017,16017,Medium,Medium,0.05627482459659464,0.02922612206390576,0.9144990533394997
39244,48244,Medium,Low,0.03459261230449977,0.5844026620494467,0.3810047256460536
9147,18147,High,High,0.9396760445416777,0.024292816602126104,0.03603113885619617
22296,31296,Low,Low,0.02946869663676277,0.9234049137850137,0.04712638957822348
13163,22163,Low,Low,0.02802956781579001,0.923530129547276,0.048440302636933975
21961,30961,Low,Low,0.02691931435512705,0.9324658368195421,0.04061484882533078
10032,19032,Medium,Medium,0.02618905446484941,0.026006867222629293,0.9478040783125214
8545,17545,Low,Low,0.03606246346102226,0.9261185796065061,0.03781895693247156
30755,39755,Medium,Medium,0.03011663779828912,0.02930887587895425,0.9405744863227565
9895,18895,Medium,Medium,0.030619439599666256,0.030404393870795837,0.938976166529538
15214,24214,High,High,0.9331856730415798,0.02636435691835363,0.04044997004006643
33214,42214,High,High,0.9342482543347425,0.028582210101005184,0.03716953556425238
13154,22154,Medium,Medium,0.03862546583235929,0.039398305180980774,0.9219762289866599
7980,16980,High,High,0.9295056868034824,0.026765911333520336,0.04372840186299711
9255,18255,Medium,Medium,0.031801775283678044,0.031262477178857224,0.9369357475374648
31247,40247,Medium,Medium,0.031200268622192894,0.21414458704117686,0.7546551443366303
4943,13943,Low,Low,0.03043367960505271,0.9166382820204578,0.05292803837448948
20444,29444,High,High,0.9344328948671569,0.027291005093293425,0.038276100039549905
37827,46827,Low,High,0.9229842324779852,0.03004040422977967,0.04697536329223503
18613,27613,High,High,0.9327227132021066,0.028153087290677586,0.03912419950721588
39455,48455,High,High,0.9336095097288757,0.02794109440257218,0.038449395868552165
14003,23003,Medium,Medium,0.03126267906164834,0.027515910033735432,0.9412214109046163
3263,12263,Medium,Medium,0.02805087840287614,0.02605592168774677,0.945893199909377
30852,39852,Low,Low,0.028350986355988022,0.9341910276470647,0.03745798599694727
34303,43303,High,High,0.9340910052162436,0.028039326708506233,0.03786966807525022
18557,27557,Low,Low,0.0314798903522018,0.9076192440212992,0.060900865626498844
6137,15137,High,High,0.9373536069828354,0.025307406598914537,0.03733898641824996
35890,44890,High,Low,0.026132020936872835,0.9388989685072019,0.03496901055592534
9755,18755,Medium,Medium,0.02905984152215688,0.02796630796939471,0.9429738505084485
215,9215,Medium,Medium,0.029714121010197336,0.031168538798559308,0.9391173401912435
2146,11146,Low,Low,0.04033405825009679,0.9188233874399746,0.040842554309928523
21669,30669,High,High,0.935371046003011,0.026089943787577004,0.03853901020941198
35433,44433,Medium,Medium,0.02890167754506959,0.04394770052910215,0.9271506219258283
10714,19714,Medium,Medium,0.036785476754796334,0.03769932009054041,0.9255152031546632
8874,17874,Low,Low,0.031096667785860094,0.9319947813821132,0.036908550832026675
37070,46070,Medium,Medium,0.03273141915478673,0.03538760347830588,0.9318809773669073
22827,31827,Medium,Medium,0.03255281261865305,0.03379430082867494,0.9336528865526721
34428,43428,High,High,0.9394607386574112,0.02480272214982293,0.03573653919276582
18427,27427,Medium,Medium,0.03261340449222667,0.03132436692563114,0.9360622285821422
6510,15510,Medium,High,0.9366287107497385,0.026317326942150828,0.037053962308110734
35833,44833,Low,Low,0.027243132262294023,0.9339175131498831,0.038839354587822734
15628,24628,Low,Low,0.02695636580364294,0.9347161824026576,0.038327451793699334
2200,11200,High,High,0.9377262124381155,0.02552983815455458,0.036743949407329925
4565,13565,Low,Low,0.026238786690837273,0.9343120331866057,0.039449180122556986
22733,31733,Low,Low,0.058573691422291026,0.8570713674666548,0.08435494111105406
4119,13119,Medium,Medium,0.028881222288336908,0.028093453617485595,0.9430253240941776
26222,35222,Medium,Medium,0.03324982666072728,0.029220392027274444,0.9375297813119983
24693,33693,High,High,0.9372798119900886,0.025374545391783108,0.037345642618128276
5596,14596,Medium,Medium,0.03874657778865954,0.02852297657620294,0.9327304456351375
27756,36756,High,High,0.9361287253571264,0.025373648846946383,0.03849762579592731
17333,26333,Medium,Medium,0.05165021311715101,0.042382493785459156,0.9059672930973899
13362,22362,Low,Low,0.027097992749099704,0.93629689957652,0.03660510767438035
22666,31666,High,High,0.9302390729363387,0.026998474326491686,0.0427624527371695
28975,37975,Low,Low,0.02818330241878313,0.9211106788050398,0.050706018776177066
18165,27165,Low,Low,0.03425266111918716,0.9170657990683018,0.048681539812511165
16017,25017,High,High,0.9172254150143844,0.03912576775507955,0.04364881723053615
29994,38994,Medium,Medium,0.03206849049938247,0.0545231285559899,0.9134083809446275
8110,17110,Medium,Medium,0.033501571312328796,0.03033232326258767,0.9361661054250834
21596,30596,Low,Low,0.027543478366322094,0.9364128574946283,0.03604366413904963
27372,36372,Low,Low,0.025921276421415132,0.936884787979534,0.037193935599050876
15156,24156,Medium,Medium,0.04835621250582573,0.033479983135209966,0.9181638043589643
31377,40377,Medium,Medium,0.030088917041249576,0.0341786363633046,0.9357324465954457
37203,46203,High,High,0.9309275686583081,0.028739571737295105,0.04033285960439681
17717,26717,High,High,0.9368973499700909,0.024666708351873623,0.03843594167803543
33945,42945,Low,Low,0.026715705659746944,0.9330308981435279,0.04025339619672522
12183,21183,Low,Low,0.026680761940659412,0.9381750134215653,0.035144224637775286
2495,11495,Medium,Medium,0.05825683524473146,0.035011765915510286,0.9067313988397583
30659,39659,High,High,0.9289328358902598,0.03182058064644199,0.03924658346329834
27049,36049,Medium,Medium,0.031879208883680434,0.039631720852461194,0.9284890702638583
12473,21473,High,Medium,0.036468226895906564,0.029902499762203827,0.9336292733418897
38416,47416,High,High,0.9298215878758139,0.031170417257330676,0.03900799486685529
39616,48616,Low,Low,0.030307524739248328,0.9313749539803756,0.03831752128037594
13447,22447,Medium,Medium,0.040145315348184385,0.03122437884283528,0.9286303058089803
695,9695,Low,Low,0.025254572656054835,0.9355925890025393,0.03915283834140587
27180,36180,Medium,Medium,0.03256445135544553,0.03672160394542385,0.9307139446991305
3794,12794,Medium,Medium,0.0300004428788119,0.028661948291450717,0.9413376088297373
38062,47062,High,High,0.9380494936565332,0.025041667992271626,0.03690883835119527
746,9746,Low,Low,0.02591313083105488,0.9379235666399524,0.03616330252899282
4052,13052,High,High,0.9327608482736292,0.027866018309696167,0.03937313341667461
35557,44557,High,High,0.9329643731409468,0.027608263680083275,0.03942736317896984
4118,13118,High,High,0.9358841691874978,0.02578900530627286,0.038326825506229366
793,9793,Low,Low,0.03528179000749573,0.9215655874525458,0.04315262253995842
17872,26872,Low,Low,0.0397410617928143,0.922130355248917,0.038128582958268785
767,9767,Medium,Medium,0.03074149899923519,0.0339988743366072,0.9352596266641576
29382,38382,Medium,Medium,0.035392530544197644,0.042660601719298176,0.9219468677365042
1649,10649,Low,Low,0.02689497951754699,0.9318396345364417,0.041265385946011375
4829,13829,Medium,Medium,0.037714001358341846,0.04571442978309087,0.9165715688585673
8774,17774,High,High,0.9305723506973861,0.03247864632862601,0.03694900297398779
14418,23418,High,High,0.9352127325842136,0.027226575030052477,0.03756069238573411
14584,23584,Low,Low,0.02857044889424636,0.9240719276636805,0.047357623442073206
2827,11827,Medium,Medium,0.029957614585278593,0.028618775029355437,0.941423610385366
984,9984,Low,Low,0.030555311139434226,0.9264145161047556,0.043030172755810274
9508,18508,Low,Low,0.03246747682892322,0.9262791473433584,0.04125337582771844
9526,18526,Medium,Medium,0.16736964228246995,0.0956502772608515,0.7369800804566786
13798,22798,High,High,0.9350891918161709,0.027185204259350244,0.037725603924478913
571,9571,High,High,0.9318455928644619,0.027692180496327407,0.04046222663921065
20276,29276,High,High,0.9334342875513091,0.027309245316049016,0.03925646713264183
21557,30557,High,High,0.9369656703243754,0.02559443321487652,0.0374398964607481
36560,45560,Medium,Medium,0.032320681208040686,0.04077757041393228,0.9269017483780271
36634,45634,Medium,Medium,0.03958812442375446,0.029026507383790395,0.9313853681924552
9240,18240,High,High,0.9317557652579648,0.028656077116855767,0.03958815762517959
37645,46645,High,High,0.892506414189472,0.03336139602106366,0.07413218978946438
32973,41973,High,High,0.9374523926989978,0.025830631992935126,0.03671697530806692
5963,14963,Medium,Medium,0.028586345316892286,0.03244762256713365,0.9389660321159741
29090,38090,Medium,Medium,0.0268401951298651,0.0285202247550805,0.9446395801150543
35277,44277,Medium,Medium,0.025634522094667402,0.025623965526102577,0.9487415123792301
28751,37751,Medium,Medium,0.030959404140602883,0.02987566095090576,0.9391649349084913
11389,20389,Medium,Medium,0.043619439780722254,0.04031141192878971,0.916069148290488
10333,19333,High,High,0.9351556611401675,0.027941310384570022,0.036903028475262445
29299,38299,Low,Low,0.025034892434509837,0.9381784115346833,0.036786696030806976
32658,41658,Medium,Medium,0.0314385027007902,0.03123359562215476,0.937327901677055
4680,13680,Medium,High,0.9339986481618038,0.02654708289721885,0.03945426894097726
9360,18360,High,High,0.9343895152186735,0.02713908044236762,0.038471404338958785
35146,44146,Medium,Medium,0.04532230878621949,0.03449907478902451,0.920178616424756
24965,33965,Medium,Medium,0.03779063779111194,0.03732994548718926,0.9248794167216988
12540,21540,Medium,Medium,0.045909573246076564,0.02836515517578601,0.9257252715781373
12028,21028,Low,Low,0.028675861950336886,0.9337319931200798,0.037592144929583377
19655,28655,High,High,0.934708730477629,0.025596515565253705,0.039694753957117246
2120,11120,Medium,Medium,0.02944384526443844,0.029079663560694618,0.9414764911748669
6087,15087,Low,Medium,0.02965659496696367,0.029943680268092094,0.9403997247649443
29140,38140,Low,Low,0.031105626734724428,0.9260666835132235,0.042827689752052096
26269,35269,Low,Low,0.028584967977913614,0.9298186119268506,0.041596420095235655
35754,44754,Medium,Medium,0.030785665184397865,0.03037787197377667,0.9388364628418254
2572,11572,High,High,0.9245675878415508,0.035117597032981514,0.04031481512546759
10584,19584,Medium,Medium,0.15135139537848033,0.03161386801709895,0.8170347366044207
22498,31498,Medium,Medium,0.03790178388667425,0.04375556838985648,0.9183426477234692
24431,33431,Low,Low,0.02733329601803976,0.9368700628601436,0.03579664112181654
16375,25375,Medium,Medium,0.20911822458245297,0.029247197468411798,0.7616345779491352
36632,45632,Medium,Medium,0.02869049112682628,0.028833995046528463,0.9424755138266452
26366,35366,Medium,Medium,0.032734635102130816,0.032221077776844055,0.9350442871210252
5257,14257,Low,Low,0.025825871356143292,0.938322952742605,0.03585117590125165
19105,28105,Medium,Medium,0.04396275091295926,0.030663347453824413,0.9253739016332162
11965,20965,Low,Low,0.027798654619759198,0.9216894218741297,0.050511923506111035
33428,42428,Medium,Low,0.0324012114371161,0.6970615541725396,0.2705372343903442
32657,41657,Medium,Medium,0.03755449907492429,0.07716531044526194,0.8852801904798137
27804,36804,High,High,0.8403922875126529,0.038899513531033776,0.1207081989563132
30952,39952,Low,Low,0.026305664827199243,0.9227225900661326,0.05097174510666833
20898,29898,Medium,Medium,0.038000739416077116,0.030530188619899926,0.931469071964023
35760,44760,High,High,0.9335717061543719,0.02734457853692851,0.03908371530869954
31202,40202,Medium,Medium,0.030625980578606393,0.031845191387484845,0.9375288280339088
26051,35051,Low,Low,0.04094487371181018,0.707913372393928,0.2511417538942618
27906,36906,High,High,0.9139766377935551,0.03578237760689201,0.050240984599552896
34755,43755,Medium,Medium,0.04173252021839962,0.03275491544242886,0.9255125643391716
2178,11178,Medium,Medium,0.3228799148928911,0.03980875781541441,0.6373113272916946
2213,11213,Medium,Medium,0.029461153509215594,0.02908545995369745,0.9414533865370869
2399,11399,Low,Low,0.04144362322029069,0.920454952695824,0.03810142408388536
32135,41135,Low,Low,0.040776503584899586,0.9173613446557232,0.041862151759377186
23437,32437,Medium,Medium,0.03082419901393496,0.04554398897356754,0.9236318120124976
5887,14887,Medium,Medium,0.18942957870904564,0.036448369440728476,0.774122051850226
3531,12531,Low,Low,0.029757287128904974,0.931256845211935,0.038985867659160095
9202,18202,Low,Low,0.027364203117660107,0.9288958607149347,0.04373993616740523
37356,46356,Low,Medium,0.0401665379892864,0.03831539544039859,0.921518066570315
4868,13868,High,High,0.9302546688985069,0.031524219811681624,0.03822111128981151
23790,32790,Medium,Medium,0.03186963330705184,0.028802140024132904,0.9393282266688153
21400,30400,Medium,Medium,0.03277596421846409,0.027458340484429272,0.9397656952971066
24072,33072,High,High,0.9356731040615966,0.027016763310873246,0.037310132627530156
33802,42802,High,High,0.9350860131619602,0.026492845049920166,0.03842114178811967
13700,22700,Low,Medium,0.030154279193420234,0.028705839234847402,0.9411398815717323
24125,33125,Low,Low,0.028676929259852102,0.924666106747125,0.046656963993022965
27734,36734,Medium,Medium,0.04396048671157737,0.029308280466305417,0.9267312328221172
32982,41982,Medium,Medium,0.03967657830200425,0.028026533940534826,0.932296887757461
5441,14441,Low,Low,0.03737902556049736,0.9236361394527743,0.03898483498672835
3137,12137,Medium,Medium,0.05094751655349108,0.039101408482716475,0.9099510749637925
32373,41373,High,High,0.9299357459790434,0.026908494098874285,0.04315575992208238
5540,14540,Low,Medium,0.03227372383972049,0.03584099371038751,0.9318852824498919
22761,31761,Medium,Medium,0.03929702743606586,0.03899334227375281,0.9217096302901814
5398,14398,Medium,Medium,0.031230813266819462,0.027848079459601476,0.9409211072735791
1583,10583,Medium,Medium,0.028525079781570453,0.027812642999810278,0.9436622772186193
34026,43026,Medium,Medium,0.032939504602524455,0.0290379542450472,0.9380225411524283
22611,31611,High,High,0.9273114671464323,0.02849112533130573,0.044197407522262026
13889,22889,Medium,Medium,0.03422253506275843,0.03401367034733281,0.9317637945899087
12919,21919,High,High,0.9337240112599373,0.029258603431305874,0.03701738530875671
32911,41911,Medium,Medium,0.03478980460212278,0.028302479066578765,0.9369077163312983
13457,22457,Medium,Medium,0.030521816938141863,0.029628008597515253,0.9398501744643428
4009,13009,Low,Low,0.03364430913687391,0.927780065510378,0.03857562535274801
9135,18135,Low,Low,0.03222260424323956,0.9190716112709895,0.04870578448577093
7825,16825,Medium,Medium,0.03306813090323874,0.030035546892247623,0.9368963222045137
19042,28042,High,High,0.9366970805978413,0.028084564733199785,0.03521835466895893
36806,45806,High,Medium,0.16520235430000416,0.029706084078062776,0.805091561621933
11489,20489,High,High,0.9354768503483921,0.025974482765775492,0.03854866688583241
4705,13705,High,High,0.9319644199551297,0.030083717129622375,0.03795186291524796
12891,21891,Medium,Medium,0.03948502888378762,0.19438176262523502,0.7661332084909773
17298,26298,Medium,Medium,0.03788484775302486,0.035844138261613645,0.9262710139853615
26407,35407,Medium,Medium,0.031426184176483435,0.04420936723752376,0.9243644485859926
3482,12482,Medium,Medium,0.0386578982524042,0.03436381513255915,0.9269782866150367
33050,42050,Low,Low,0.026257924065419283,0.9328797885759855,0.040862287358595234
31793,40793,Medium,Medium,0.03245448300254594,0.03046838608930978,0.9370771309081443
28400,37400,Medium,Medium,0.034976899571559264,0.04013899498092702,0.9248841054475138
13817,22817,High,Medium,0.029716892633391775,0.027418509555285745,0.9428645978113224
6771,15771,High,High,0.9384391960627129,0.02540889989589502,0.03615190404139217
19590,28590,High,High,0.9317614666471047,0.030049983354619347,0.03818854999827613
26403,35403,Medium,Medium,0.029267392186532553,0.030046977495882587,0.9406856303175849
9180,18180,High,High,0.9372760944380101,0.025870232716264808,0.03685367284572525
5765,14765,Low,Low,0.02776138259118834,0.9367570363337215,0.03548158107509012
29618,38618,High,High,0.7551446078965074,0.06051143309286966,0.18434395901062284
32769,41769,Low,Low,0.03420334181810558,0.90508330536708,0.06071335281481421
18873,27873,Medium,Medium,0.03174705586815824,0.03695217682811652,0.9313007673037252
18889,27889,Medium,Medium,0.029476328861539464,0.030996701979210766,0.9395269691592497
9710,18710,Low,Low,0.03273311193364158,0.8467632193594934,0.12050366870686498
24869,33869,Low,Low,0.027412838184288718,0.9359525195504511,0.03663464226526018
37090,46090,High,High,0.9343779587373809,0.025511679955522126,0.04011036130709711
7567,16567,High,Medium,0.032739768305634236,0.026771918709685875,0.94048831298468
12527,21527,High,Low,0.02944626538619872,0.9315721388790731,0.038981595734728154
12191,21191,High,High,0.926077556720163,0.03164519163846704,0.04227725164137009
9274,18274,Medium,Medium,0.02869188935221405,0.027375628408899427,0.9439324822388865
31613,40613,High,High,0.7564603977813267,0.029398026456131977,0.2141415757625413
31150,40150,Medium,Medium,0.03186095480015517,0.029017655563085276,0.9391213896367595
16547,25547,Low,Low,0.027698592790001895,0.93035266179841,0.04194874541158796
37109,46109,High,High,0.9369201005617415,0.025770776789882734,0.03730912264837577
25131,34131,High,Medium,0.031713552164327384,0.3444875992788045,0.6237988485568682
2058,11058,Low,Low,0.0429540061824496,0.8258602815923171,0.13118571222523331
16848,25848,Low,Low,0.0388164709748173,0.6440975889461942,0.3170859400789885
37229,46229,High,High,0.9318384742963485,0.029499855271628007,0.03866167043202353
13583,22583,Low,High,0.9293608181976015,0.03153226024282007,0.03910692155957828
36620,45620,Medium,Medium,0.028533376821410442,0.02814559431064312,0.9433210288679464
25677,34677,Medium,Low,0.028493400617610076,0.9316167706682924,0.03988982871409735
39808,48808,Low,Low,0.03946440120468391,0.8731720893037306,0.08736350949158557
5430,14430,Medium,Medium,0.03553838255450173,0.037405820854585686,0.9270557965909125
26570,35570,Low,Low,0.04230596751535879,0.835722202703823,0.12197182978081818
34617,43617,Low,Low,0.02482492848227347,0.9366580077701926,0.03851706374753383
3330,12330,Medium,High,0.9375838142948109,0.025516158445585666,0.03690002725960334
32756,41756,Low,Low,0.028719583631188858,0.9035804416114406,0.06769997475737059
8064,17064,High,High,0.94020087992944,0.02385972176411744,0.03593939830644252
26907,35907,High,High,0.9337790449692052,0.02748575768357973,0.03873519734721508
23596,32596,Low,Low,0.038090522363136696,0.9211415358608471,0.040767941776016094
4632,13632,Low,Low,0.02794488957389384,0.9345176618123991,0.037537448613706975
28281,37281,Medium,Medium,0.03152208449505944,0.029127112401423946,0.9393508031035167
21630,30630,Medium,Medium,0.02912779110128158,0.02759985726327745,0.943272351635441
16494,25494,Low,Low,0.04797114018348095,0.9140699132419843,0.037958946574534656
24330,33330,Medium,Medium,0.03375807791024609,0.03880282153350237,0.9274391005562515
18477,27477,High,Medium,0.03015245582365844,0.028161645629285085,0.9416858985470565
9560,18560,Low,Low,0.025936853345174257,0.9328196455242069,0.04124350113061876
27227,36227,Medium,Medium,0.03356152791433515,0.031534824777389454,0.9349036473082754
29194,38194,Medium,Medium,0.040841832156902465,0.037207404501188444,0.9219507633419091
17236,26236,High,High,0.9335321114327648,0.028364970988567873,0.038102917578667184
10313,19313,Medium,Low,0.04378267912413619,0.5291957607056124,0.4270215601702514
16094,25094,Medium,Medium,0.03119331692094468,0.028370858194522553,0.9404358248845327
22303,31303,Low,Low,0.040687771343138605,0.9216983432052345,0.03761388545162698
22713,31713,Medium,Medium,0.03709169210590599,0.03183951676766004,0.931068791126434
9193,18193,High,High,0.9371384046732006,0.02587505603110889,0.03698653929569053
12934,21934,Low,Low,0.02924041631913062,0.9337634531382975,0.036996130542571955
1222,10222,Medium,Medium,0.05791119358934563,0.03106542952927412,0.9110233768813804
39382,48382,Low,Low,0.028862866784724727,0.8730120499960362,0.09812508321923907
32013,41013,Medium,Medium,0.03383430185447147,0.39763589080714645,0.5685298073383821
20112,29112,High,High,0.9333947161248267,0.028235681319225367,0.03836960255594785
9820,18820,Medium,Medium,0.03378100411442054,0.03526176516599344,0.930957230719586
18202,27202,Medium,Medium,0.03152388563607105,0.02750186038482659,0.9409742539791023
32362,41362,High,High,0.9361665252550323,0.024449476064593762,0.03938399868037401
21994,30994,Low,Low,0.027042552517860603,0.9347589034132137,0.038198544068925644
9715,18715,High,High,0.9362134049438708,0.026572939063834095,0.03721365599229501
3660,12660,Medium,Medium,0.04154581201186471,0.03759842761047827,0.9208557603776569
38771,47771,Medium,Medium,0.030722675006894223,0.19205905360519018,0.7772182713879157
17259,26259,High,Low,0.028795652887783612,0.9306723258031688,0.04053202130904748
16859,25859,Medium,Medium,0.03958633885675646,0.03349495774658442,0.9269187033966592
812,9812,Low,Low,0.02874295413913941,0.9226666594235077,0.04859038643735305
35374,44374,High,High,0.9363645349585408,0.0268262692810996,0.03680919576035963
3289,12289,Low,Low,0.025660882986437806,0.930244152791416,0.044094964222146205
24736,33736,Low,Low,0.030824747727440493,0.6262080741953374,0.3429671780772221
38024,47024,Medium,Medium,0.030982237424902543,0.029436921567414776,0.9395808410076828
16898,25898,Low,Low,0.03290283441991976,0.9288940652964329,0.03820310028364723
24658,33658,Medium,Medium,0.033613476656345204,0.032409846767141204,0.9339766765765135
13770,22770,Low,Low,0.026711608739232975,0.93671093728267,0.03657745397809708
18947,27947,Low,Low,0.04378574500215073,0.9174371761603791,0.03877707883747016
21087,30087,Medium,Medium,0.036893418353965264,0.032567339833224566,0.9305392418128102
7366,16366,Medium,Medium,0.031949687686183476,0.030569343498147005,0.9374809688156697
18758,27758,Medium,Medium,0.03409125967009588,0.03662597765644134,0.9292827626734628
31563,40563,Low,Low,0.029483795504613903,0.8895080822117007,0.08100812228368529
2601,11601,Medium,Medium,0.03823754055201195,0.027683357190489682,0.9340791022574982
38730,47730,Medium,Medium,0.02990715877812714,0.0335891849701464,0.9365036562517265
26987,35987,Medium,Medium,0.02961257677169932,0.02984398025750946,0.9405434429707912
6881,15881,Low,Low,0.029093802924122624,0.9201643504757674,0.05074184660010991
23182,32182,High,Low,0.028105375451832015,0.9304190544895254,0.041475570058642504
28421,37421,Medium,Low,0.034923261993455884,0.5232663480763193,0.44181038993022465
34982,43982,Low,Low,0.04305074080704748,0.9097960189955557,0.04715324019739692
37883,46883,Low,Low,0.0399080838404155,0.9010426337037304,0.05904928245585414
22633,31633,Low,Low,0.026705460273938875,0.9327633786951517,0.04053116103090939
12078,21078,Medium,Medium,0.033937983554737775,0.028006806062615575,0.9380552103826467
21105,30105,Low,Low,0.027237756477240596,0.9333091623495545,0.039453081173204854
23405,32405,Low,Low,0.029571513339770854,0.9304899366370529,0.03993855002317614
33172,42172,Medium,Medium,0.02930174361855321,0.02912550240137449,0.9415727539800723
21741,30741,Medium,Medium,0.02617647163968709,0.028087268929565628,0.9457362594307472
29284,38284,Medium,High,0.9259034300957681,0.029648113130464337,0.04444845677376765
28247,37247,High,High,0.7604266716856544,0.037378458791233936,0.20219486952311175
7870,16870,Low,Low,0.035871764064507254,0.5881018917539947,0.376026344181498
2427,11427,Medium,Medium,0.033938436165284074,0.032955064515888824,0.933106499318827
29534,38534,Medium,Medium,0.03106268271907205,0.031660867471593836,0.9372764498093341
19860,28860,Low,Low,0.02887023426100603,0.932255738705709,0.03887402703328497
3401,12401,Low,Medium,0.037963656254896117,0.03547428069106419,0.9265620630540398
29079,38079,Medium,Medium,0.258091260731046,0.03911804290885106,0.7027906963601028
14316,23316,Low,Low,0.0313511226957642,0.9310696705394816,0.03757920676475421
24474,33474,Medium,Medium,0.030691169725159544,0.18912979032195235,0.7801790399528882
32262,41262,High,High,0.9316171319749053,0.031698646943666274,0.03668422108142857
28024,37024,Medium,Medium,0.03425889351773396,0.04236870997149438,0.9233723965107717
3682,12682,Medium,Medium,0.030039388375400867,0.028761412141414325,0.9411991994831848
24858,33858,High,High,0.911414592049145,0.046050005651928426,0.042535402298926515
21423,30423,Medium,Medium,0.03151171379833737,0.029139892775975628,0.939348393425687
2160,11160,High,High,0.935396606298902,0.027591518660884672,0.03701187504021342
28752,37752,High,High,0.9314964350796785,0.031667938802294744,0.03683562611802676
3787,12787,Medium,Medium,0.05010685708313963,0.03108480069993469,0.9188083422169256
31354,40354,Medium,Medium,0.0351595998501252,0.03096735839219578,0.9338730417576792
20377,29377,High,High,0.9355650262206415,0.026155615392948344,0.03827935838641018
22730,31730,Medium,Medium,0.031448635366891166,0.030334371173369474,0.9382169934597394
31368,40368,Medium,Medium,0.0409203296507934,0.03720229672361158,0.9218773736255951
33959,42959,High,High,0.9370961749890369,0.02608643168062838,0.03681739333033481
38103,47103,High,High,0.9378731921334745,0.025997472876433975,0.036129334990091654
28433,37433,High,High,0.9139298200882826,0.03291786497092866,0.0531523149407886
10882,19882,High,High,0.8776304327326195,0.036402455649149464,0.08596711161823097
4266,13266,Low,Low,0.027832018389368992,0.9339986586052538,0.03816932300537728
27747,36747,Medium,Medium,0.033257262371416844,0.03245502150900989,0.9342877161195732
14130,23130,Medium,Medium,0.033811960067373144,0.03178508672569693,0.9344029532069299
1692,10692,Low,Low,0.0342421087966931,0.8495207986304535,0.11623709257285335
4806,13806,Medium,Medium,0.04148630324855934,0.038309245330220815,0.9202044514212199
7481,16481,High,High,0.9369532205371431,0.026868963421140025,0.03617781604171693
20688,29688,Medium,Medium,0.03056322775767105,0.027978686448265237,0.9414580857940638
8717,17717,Medium,Medium,0.029360198821899847,0.030472541356142985,0.9401672598219571
12435,21435,High,High,0.925404317290147,0.030382159142283555,0.04421352356756949
10913,19913,Medium,Medium,0.029080669195030634,0.02718414951331881,0.9437351812916505
8139,17139,Medium,Medium,0.035465237384944205,0.03271527851613929,0.9318194840989165
3033,12033,Medium,Medium,0.03585317233380945,0.027703222913130366,0.9364436047530602
12912,21912,Medium,Medium,0.028163229527632904,0.027321324460548472,0.9445154460118186
23413,32413,Medium,Low,0.026672324046145862,0.9262451688934967,0.04708250706035739
33863,42863,Medium,Medium,0.029162639524419515,0.03219955226246306,0.9386378082131174
26551,35551,Medium,Medium,0.0394573763098711,0.19567103165264432,0.7648715920374847
1152,10152,Low,Low,0.026622269514727456,0.9368116240804465,0.03656610640482608
3223,12223,Medium,Medium,0.029847713718384936,0.02876547986247392,0.9413868064191412
22903,31903,Medium,Medium,0.03378373407927701,0.033094192602369316,0.9331220733183536
13307,22307,Medium,Medium,0.032024383450851575,0.029419875697085512,0.938555740852063
24209,33209,Low,Low,0.03476918988122161,0.9262119046665198,0.03901890545225864
15967,24967,Medium,Medium,0.03795120578338184,0.040870851081682244,0.921177943134936
20428,29428,High,High,0.9379192860678298,0.02592559750491326,0.03615511642725681
35674,44674,High,High,0.9378265614914149,0.026428582482775066,0.035744856025810234
13616,22616,Medium,Medium,0.032920446055511844,0.027076455440441127,0.9400030985040471
37960,46960,Low,Low,0.027037289343563725,0.9325967642980189,0.0403659463584175
21525,30525,Medium,Medium,0.03500754985330737,0.034828578668318844,0.9301638714783739
32569,41569,Medium,Medium,0.03228721255627936,0.02970518603141241,0.9380076014123082
19137,28137,Medium,Medium,0.03166927177579352,0.0275437411343207,0.9407869870898856
25054,34054,High,High,0.9296763921958083,0.033970208154162636,0.03635339965002908
17467,26467,Low,Low,0.030066898306199154,0.9293270049203016,0.04060609677349936
20722,29722,Medium,Medium,0.029807035408476568,0.02800482014869153,0.9421881444428318
34661,43661,Low,Low,0.025328214217026444,0.9397836452189123,0.03488814056406117
15488,24488,High,High,0.6448346912692916,0.02788514774846379,0.3272801609822446
17787,26787,Medium,Medium,0.03401300262123721,0.027557950880143584,0.9384290464986192
12580,21580,Medium,Medium,0.04178258831052251,0.029802788108438828,0.9284146235810388
9109,18109,Medium,Medium,0.03058140653264684,0.029099783005705256,0.9403188104616479
20880,29880,Medium,Medium,0.028649354710671916,0.02641186747722934,0.9449387778120988
8814,17814,High,High,0.9253666102466976,0.03332721954426624,0.041306170209036215
8505,17505,High,High,0.9323000811947749,0.02836470930169689,0.03933520950352822
18280,27280,Medium,Medium,0.0543991544778715,0.03842006538017881,0.9071807801419496
15947,24947,Medium,Medium,0.04903514099936373,0.034384848597027784,0.9165800104036084
16064,25064,Medium,Medium,0.03833128010646442,0.030552454317549316,0.9311162655759863
6894,15894,High,High,0.9383671180049014,0.024299148524292703,0.03733373347080596
4566,13566,Medium,Medium,0.028734436784081926,0.028014941844667875,0.9432506213712503
9908,18908,Low,Low,0.02778398721536796,0.9217864227547042,0.05042959002992772
28041,37041,Medium,Medium,0.03264596182964293,0.03789115604280422,0.9294628821275528
1253,10253,Low,Low,0.03275890483225524,0.9294606882267429,0.03778040694100182
2250,11250,Low,Low,0.02744608041356222,0.9326759655338694,0.03987795405256834
19623,28623,Medium,Medium,0.03210738895203909,0.030393846847631984,0.937498764200329
1381,10381,Low,Low,0.02924611114278557,0.9219919614830555,0.04876192737415894
17257,26257,Medium,Medium,0.033380388951044504,0.03245634937497262,0.9341632616739829
14474,23474,Medium,Medium,0.046626613696117446,0.03384166482423331,0.9195317214796491
23385,32385,Medium,Medium,0.033062402945695714,0.028608168192545493,0.9383294288617589
35057,44057,Medium,Medium,0.036175841217269224,0.031203260907069555,0.9326208978756613
15085,24085,Low,Low,0.03005983340477801,0.9313056715942779,0.038634495000944076
14745,23745,Medium,Medium,0.029911896759765254,0.028698238876419535,0.9413898643638152
32431,41431,Medium,Low,0.033126585651360875,0.8339205711787868,0.13295284316985237
32199,41199,Low,High,0.9308957302681636,0.02888487831333844,0.040219391418497875
3862,12862,Low,Low,0.04693832371727235,0.8424410094145235,0.11062066686820414
18609,27609,Low,Low,0.032574346497750366,0.8174863912044762,0.1499392622977734
30245,39245,High,High,0.9389033938844965,0.025192560697056183,0.03590404541844732
14561,23561,Medium,Low,0.031221901950882387,0.5772835819970061,0.39149451605211144
22628,31628,Low,Low,0.029899779840888277,0.9335487474969706,0.036551472662141204
11423,20423,Medium,Medium,0.0356984756059447,0.036381172119559296,0.9279203522744961
2123,11123,Low,Low,0.03443065745266915,0.91630579566183,0.0492635468855008
14964,23964,Low,Low,0.036807991694007725,0.9241903832020034,0.039001625103988836
7044,16044,Medium,Medium,0.031477173868184195,0.032183201869527604,0.9363396242622882
28321,37321,Medium,Medium,0.03366074233067342,0.030423730249547875,0.9359155274197787
30944,39944,Low,Low,0.03893706095265384,0.9171288904395212,0.043934048607824995
37114,46114,Medium,Medium,0.030414542834558484,0.027472149658499742,0.9421133075069417
24755,33755,Medium,Medium,0.12508039851514194,0.028945512383445195,0.8459740891014129
11811,20811,Medium,Medium,0.03508831630531886,0.04706926827252497,0.9178424154221562
29824,38824,Medium,Medium,0.05403372976321508,0.05079526497092703,0.8951710052658578
4317,13317,Medium,Medium,0.029778528610085942,0.033306633682992644,0.9369148377069214
10476,19476,Medium,Medium,0.05547155149957237,0.04965573753892252,0.8948727109615051
15623,24623,Medium,Medium,0.03940047786648978,0.029803569212332754,0.9307959529211774
7216,16216,Medium,Medium,0.03394935075777844,0.03325854562091516,0.9327921036213064
16782,25782,Low,Low,0.026309758528685973,0.92668675040908,0.04700349106223401
11909,20909,Low,Low,0.034764807373846886,0.9237139493358776,0.041521243290275595
6240,15240,Medium,Medium,0.050281376615979645,0.030436631632041928,0.9192819917519784
27131,36131,High,High,0.9332304683682296,0.026015916879409576,0.04075361475236077
36928,45928,High,High,0.934901786145684,0.02653150801297065,0.03856670584134541
21330,30330,Low,Low,0.025856647938404836,0.9364217311137892,0.037721620947805894
37714,46714,High,High,0.8920242795885001,0.03294294894916975,0.0750327714623302
3567,12567,Medium,Medium,0.030284555319637113,0.029591502149232854,0.94012394253113
2445,11445,Low,Low,0.029490071880471105,0.8823032774050908,0.088206650714438
4743,13743,High,Medium,0.1979357546722491,0.04251873563045549,0.7595455096972953
31782,40782,Medium,Medium,0.04775260180996637,0.030188781908703544,0.9220586162813301
9311,18311,Low,Low,0.027558997141257712,0.935217135924153,0.03722386693458923
28996,37996,Medium,Medium,0.030913094399141593,0.026857857714552985,0.9422290478863053
27210,36210,High,High,0.9292866277533881,0.03105119575978545,0.0396621764868264
4010,13010,Medium,Medium,0.03845143056620166,0.03160827503764938,0.9299402943961489
37917,46917,Low,Low,0.029109733616536435,0.9340505963945968,0.03683966998886693
27534,36534,Medium,Medium,0.03241329707438969,0.03162971573476675,0.9359569871908434
18993,27993,High,High,0.9289109700050107,0.027181256594169884,0.04390777340081959
36550,45550,Medium,Medium,0.08921293045450328,0.029152484332057232,0.8816345852134395
16282,25282,Medium,Medium,0.036386470183581744,0.046492662856187916,0.9171208669602304
15329,24329,High,High,0.9301925283881961,0.03158207490462666,0.03822539670717722
2040,11040,Medium,Medium,0.030443345830779938,0.028219417963471476,0.9413372362057486
29898,38898,Medium,Medium,0.0310313096433196,0.033011451957133155,0.9359572383995473
20406,29406,Medium,Medium,0.03502022177671656,0.02974217568409997,0.9352376025391834
5957,14957,Low,Low,0.028272462800244518,0.9311243346239627,0.04060320257579273
36504,45504,Low,Low,0.02872390336231571,0.9285151191472859,0.04276097749039831
4970,13970,Low,Low,0.03075583945543975,0.9246756334373728,0.04456852710718754
4229,13229,Medium,Medium,0.03982534843372973,0.04124067815563009,0.9189339734106402
12453,21453,Low,Low,0.04354725027124745,0.8806980419565692,0.07575470777218328
27820,36820,Low,Low,0.029344321476692598,0.9170862042052287,0.05356947431807857
24200,33200,Medium,Medium,0.030151789983024885,0.028873196873123782,0.9409750131438513
29910,38910,Low,Low,0.034830885583340514,0.9256148186836786,0.039554295732981054
18029,27029,Low,Low,0.033840742620434454,0.9068044531923949,0.0593548041871707
36376,45376,Medium,Medium,0.03337106594561864,0.027799379752278208,0.9388295543021031
3965,12965,High,High,0.9379447904990768,0.025650571429922202,0.03640463807100101
29107,38107,High,High,0.9379017140607527,0.026111169421333846,0.03598711651791347
37032,46032,High,High,0.9379740738336814,0.025379656645973612,0.03664626952034502
23744,32744,Medium,High,0.9347215007361581,0.027125874050359253,0.038152625213482505
12267,21267,High,High,0.837216353200327,0.027891429109480493,0.1348922176901926
5745,14745,High,High,0.9378815015597345,0.025734661611111626,0.03638383682915384
31313,40313,Medium,Medium,0.05524794759701745,0.027584435105043933,0.9171676172979386
35800,44800,Medium,Medium,0.03134259702164508,0.026465260890653253,0.9421921420877016
29024,38024,Medium,Medium,0.04032930625382749,0.040450116975165006,0.9192205767710074
16627,25627,Low,Low,0.03044770705742106,0.9206098703740703,0.048942422568508726
26968,35968,Medium,Medium,0.03395097081320316,0.02877050730845614,0.9372785218783407
22798,31798,Medium,Medium,0.03598497584477405,0.04497137433558034,0.9190436498196456
25743,34743,Medium,Medium,0.03205660262887882,0.02809956600523623,0.9398438313658849
37273,46273,Medium,Medium,0.0360247987720163,0.03087734859759832,0.9330978526303854
39596,48596,Low,Low,0.027708649526478613,0.9360355385138565,0.03625581195966502
5905,14905,Medium,Medium,0.035195573667358176,0.03167297662822824,0.9331314497044135
9153,18153,High,High,0.9225094203627422,0.036137665372844845,0.04135291426441306
32791,41791,Medium,Medium,0.037906398351216265,0.030064741484528573,0.9320288601642551
21508,30508,Medium,Medium,0.038429225064083965,0.03381744121960581,0.9277533337163102
8046,17046,Low,Low,0.026670225913767855,0.936216828649747,0.03711294543648533
26716,35716,Medium,Medium,0.22908109142802072,0.07957027597011475,0.6913486326018644
24208,33208,Low,Low,0.03025681695360061,0.9240260576433131,0.04571712540308639
35239,44239,Medium,Low,0.027940811507171853,0.9351956738266427,0.036863514666185544
34466,43466,High,High,0.909471211929172,0.03087283145650613,0.05965595661432178
9163,18163,Medium,Medium,0.033016029828349384,0.030171966319817223,0.9368120038518334
32414,41414,Medium,Medium,0.030334647651861075,0.027774629914237,0.9418907224339019
15089,24089,Low,Low,0.034331040594931604,0.9205101293744197,0.045158830030648724
26958,35958,High,High,0.928579386685184,0.03364202490356576,0.037778588411250154
26658,35658,Medium,Medium,0.03023485290686889,0.2642869689755479,0.7054781781175832
28071,37071,Medium,Medium,0.03128093569627208,0.02906039159960568,0.9396586727041223
25912,34912,Low,Low,0.025489589168259108,0.9386604658668984,0.0358499449648425
32704,41704,Medium,Medium,0.030736736785078326,0.02862003411570403,0.9406432290992176
32167,41167,Medium,Medium,0.039718373809586545,0.03350159402491156,0.9267800321655019
29815,38815,Medium,Medium,0.029065376325597306,0.026838870392080827,0.9440957532823218
6730,15730,Medium,Medium,0.03745158851586972,0.05495803518903717,0.9075903762950931
13297,22297,High,High,0.9377747628789974,0.026736488034662404,0.035488749086340234
37612,46612,Medium,High,0.9385919808835234,0.02521347089932704,0.03619454821714966
10769,19769,Low,Low,0.029150253622075756,0.8687802192318034,0.10206952714612101
12383,21383,Low,Low,0.033248528154113666,0.921116346870693,0.04563512497519346
5464,14464,High,High,0.9373068846881362,0.02491494944303917,0.03777816586882458
16019,25019,Low,Low,0.028874747150188094,0.9305533374309732,0.04057191541883873
18689,27689,Medium,Medium,0.031961923633124445,0.04008489335747368,0.9279531830094019
28086,37086,High,Low,0.029315545963154124,0.93005401660905,0.04063043742779592
30538,39538,Low,Low,0.026402305471831537,0.9284644767300586,0.04513321779810991
23952,32952,Medium,High,0.92756759084227,0.027332843078104224,0.04509956607962573
8036,17036,Medium,Medium,0.031459835512714494,0.032786576627456404,0.935753587859829
36045,45045,Medium,Medium,0.03523832587590687,0.029097735905440653,0.9356639382186525
308,9308,Medium,Medium,0.03254172520911196,0.02671077982575965,0.9407474949651283
7635,16635,High,High,0.9306959473781711,0.02908912855570907,0.04021492406611991
4915,13915,Low,Low,0.028281387837779604,0.918935568981427,0.05278304318079338
32656,41656,Medium,Medium,0.03096853976243454,0.03577957314315668,0.9332518870944089
3873,12873,Medium,Medium,0.03276293449801141,0.03197664612358933,0.9352604193783992
10143,19143,Medium,Medium,0.04119761244517219,0.027423302013024325,0.9313790855418035
28548,37548,Low,Low,0.029530812886753844,0.9009076821836338,0.06956150492961237
5818,14818,Low,Low,0.0345927494791443,0.9136213096690154,0.05178594085184024
28084,37084,Low,Low,0.044893962990767755,0.8676065628595064,0.08749947414972582
20453,29453,Medium,Medium,0.12871474285369913,0.030345015904747835,0.8409402412415531
30834,39834,Medium,Medium,0.037365619887162506,0.04028659232005338,0.9223477877927841
1060,10060,Medium,Medium,0.030584783754435796,0.027828083172552514,0.9415871330730116
6975,15975,High,High,0.9168352310223211,0.037942996325373644,0.0452217726523052
14730,23730,Medium,Medium,0.09373695831582379,0.0437994809525675,0.8624635607316088
37542,46542,High,High,0.9368300993663504,0.026332163581423488,0.036837737052226004
24037,33037,Medium,Medium,0.03240192703196355,0.030125898363796793,0.9374721746042396
26317,35317,High,Medium,0.033198894794327694,0.03137182932944788,0.9354292758762243
7537,16537,Medium,Medium,0.03990023725617292,0.027884823702016812,0.9322149390418102
26079,35079,Low,Low,0.029318340652382046,0.6659200752348489,0.30476158411276894
19333,28333,Low,Low,0.029576926045683127,0.9343678342019235,0.0360552397523934
22878,31878,Medium,Medium,0.03083822708186713,0.032649146269494084,0.9365126266486388
34205,43205,Medium,Medium,0.04151285652498687,0.032505898894954754,0.9259812445800583
18217,27217,Low,High,0.9325791835014754,0.027113306295507483,0.04030751020301714
6169,15169,Medium,Medium,0.0289695024087669,0.025604134772680216,0.9454263628185529
37275,46275,Low,Low,0.026070604203988167,0.9347740128163876,0.039155382979624086
24265,33265,High,High,0.9355277096465754,0.02486764656867842,0.03960464378474617
4049,13049,Medium,Low,0.030293270773841405,0.9271640917083045,0.042542637517854164
6196,15196,Medium,Medium,0.033042858632443405,0.03519124043171105,0.9317659009358454
39942,48942,Low,Low,0.029238756380797787,0.9193497208606711,0.05141152275853126
24408,33408,Medium,Medium,0.051207356265386916,0.03263219985847687,0.9161604438761364
30802,39802,Medium,Medium,0.03208429374462709,0.028748147910267304,0.9391675583451056
23644,32644,Low,Low,0.03373208046673014,0.8217349526782504,0.1445329668550195
2338,11338,High,High,0.9364972558848463,0.025662960553563447,0.03783978356159018
20505,29505,Medium,Medium,0.032565370310330834,0.028985206920156954,0.9384494227695123
31736,40736,Medium,Medium,0.030750318380961626,0.037940842294751885,0.9313088393242864
5080,14080,Medium,Medium,0.04024170911573945,0.26445127128235296,0.6953070196019077
7208,16208,High,High,0.938256167702896,0.024315455186617194,0.037428377110486695
32299,41299,High,High,0.9339149130042713,0.026552990599904385,0.039532096395824314
35530,44530,Medium,Medium,0.03406870131191513,0.041460932703104414,0.9244703659849804
30315,39315,Medium,Medium,0.03288806628307222,0.029521111528297467,0.9375908221886302
5974,14974,High,High,0.92702631326854,0.028247204732169965,0.044726481999290156
1097,10097,Low,High,0.9256580124461053,0.03439838994656045,0.0399435976073343
19886,28886,Medium,Medium,0.03406517594030171,0.029445450433634307,0.9364893736260639
7193,16193,High,High,0.9300140516716165,0.031172160405802552,0.038813787922581056
17955,26955,High,Low,0.043696397242783354,0.9154982150986073,0.04080538765860923
2241,11241,Medium,Medium,0.03261227309307057,0.03601275149171931,0.93137497541521
37579,46579,Low,Low,0.03044201650749795,0.9338662710326928,0.03569171245980924
3586,12586,High,High,0.9359944613357799,0.02677197688417221,0.037233561780047865
16463,25463,High,High,0.9319611432653918,0.029802440844297767,0.038236415890310446
1966,10966,Medium,Medium,0.07731075651134904,0.03403731918173569,0.8886519243069153
33468,42468,Low,Low,0.027192322697491365,0.7318342882094363,0.2409733890930723
8118,17118,Low,Low,0.029512224907199385,0.9264065051083749,0.044081269984425714
35506,44506,Medium,Medium,0.044494020496284,0.031222471403236886,0.9242835081004791
357,9357,Medium,Medium,0.030235843610822228,0.03256512183004261,0.9371990345591352
23295,32295,Low,Medium,0.030766077497427425,0.028620404632431568,0.940613517870141
27765,36765,Low,Low,0.037256698577392104,0.9233289972254028,0.03941430419720506
1744,10744,Medium,High,0.9259689251295001,0.031456118547992885,0.042574956322506984
34008,43008,Low,Low,0.03557180159447019,0.9180302251563498,0.04639797324918007
5622,14622,Low,Low,0.02980145009720934,0.49592212862402135,0.47427642127876934
32915,41915,Medium,Medium,0.03760479426848274,0.03303843217227174,0.9293567735592455
20435,29435,Low,Low,0.027501125720885356,0.9305348780552011,0.04196399622391364
16496,25496,Medium,High,0.9284643925261266,0.03238826662082368,0.039147340853049745
14383,23383,High,Medium,0.037687856270400485,0.028893180725375084,0.9334189630042244
2509,11509,Medium,High,0.9291742172052407,0.03076454967938778,0.040061233115371526
8916,17916,Low,High,0.9327056599463835,0.02652101798606037,0.04077332206755619
10242,19242,Low,Medium,0.031391191077582974,0.03078021279066619,0.9378285961317508
1052,10052,Medium,Medium,0.05996334302257824,0.06664016871882308,0.8733964882585986
16934,25934,Medium,Medium,0.030724819054889024,0.03384517961957872,0.9354300013255323
8368,17368,High,High,0.9257758143185423,0.026606746835827973,0.04761743884562969
31624,40624,Medium,Medium,0.030212802804739317,0.03479922764810258,0.9349879695471581
28789,37789,Low,Low,0.029546919036608582,0.9082865179911487,0.0621665629722426
26130,35130,Low,Low,0.034670239482018604,0.9265445332775951,0.03878522724038643
25977,34977,Medium,Medium,0.02951795398748418,0.028340666090130095,0.9421413799223858
15186,24186,Low,Low,0.032267790916217155,0.9275876199779418,0.04014458910584106
29086,38086,High,High,0.9369083335587631,0.02488501067781949,0.03820665576341747
5307,14307,Medium,Medium,0.03146040508625264,0.030221487186430553,0.9383181077273167
25533,34533,High,High,0.9318941901792103,0.029861967201131902,0.03824384261965782
8335,17335,Medium,Medium,0.04697415981682876,0.039740321763884874,0.9132855184192863
31956,40956,High,High,0.932563894312254,0.028654023762796323,0.03878208192494972
27802,36802,Medium,Medium,0.03501037479086807,0.034221360277371875,0.9307682649317601
37939,46939,Medium,Medium,0.03337481773417986,0.03274587578195357,0.9338793064838665
21366,30366,High,Medium,0.03168288381353356,0.028939685930153673,0.9393774302563127
18562,27562,Medium,Medium,0.029139223920166796,0.03507431147047966,0.9357864646093536
34126,43126,High,Low,0.027248620362556375,0.906629574164551,0.06612180547289269
32784,41784,Medium,Medium,0.03219507162117832,0.02943518384495516,0.9383697445338665
39458,48458,Medium,Medium,0.02920292722463946,0.027860889834643448,0.9429361829407172
26286,35286,Low,Low,0.03371405366422983,0.9153028503509484,0.05098309598482178
5759,14759,Medium,Medium,0.03055526901918934,0.029122830460222616,0.940321900520588
35083,44083,Low,Low,0.0337862603964541,0.9212608281912583,0.04495291141228757
15371,24371,Medium,Medium,0.033423481772452183,0.02961031323879866,0.9369662049887492
25110,34110,Medium,Medium,0.02888163030639311,0.05310923772711174,0.9180091319664951
2852,11852,Medium,Medium,0.03163427474959924,0.028969657323867897,0.9393960679265329
9051,18051,High,High,0.9376424051087676,0.02523015378005727,0.037127441111175045
10260,19260,High,High,0.9336555226624309,0.025095694725365023,0.04124878261220416
21974,30974,High,High,0.9109445888335622,0.04142534540021458,0.04763006576622326
33417,42417,Low,Low,0.029050093054646092,0.8825666253373733,0.08838328160798058
13293,22293,High,High,0.9371328471451893,0.026879461575819164,0.035987691278991395
1131,10131,Medium,Medium,0.041664404314005594,0.02651984304571778,0.9318157526402766
8320,17320,Medium,Medium,0.02888545431230612,0.02793582025806784,0.9431787254296261
279,9279,Low,Low,0.03010114838165393,0.9191730582234617,0.05072579339488453
14966,23966,Low,Low,0.027669478715069695,0.9303055175831528,0.042025003701777496
24296,33296,Low,Medium,0.08400486397996548,0.21560976431379383,0.7003853717062407
32207,41207,Medium,Medium,0.029474543809819734,0.03526446543888856,0.9352609907512917
20138,29138,Medium,Medium,0.028417662669831395,0.028389399441918508,0.9431929378882501
4166,13166,Medium,Medium,0.0284093588015991,0.03514185099289715,0.9364487902055038
14330,23330,High,High,0.9283038786183475,0.026832380281716927,0.04486374109993571
38250,47250,Medium,Medium,0.028418085033989515,0.031028219857487382,0.9405536951085232
5206,14206,Low,Low,0.02791324759653767,0.9281839246746659,0.04390282772879641
31796,40796,Medium,Medium,0.0334682383076586,0.030326089034614385,0.936205672657727
13803,22803,Low,Low,0.037237332443802104,0.9218020685573483,0.04096059899884959
10444,19444,Medium,Medium,0.031232027265418322,0.047371908849278145,0.9213960638853035
9426,18426,Medium,Medium,0.0355986207805721,0.029105388980096864,0.935295990239331
21284,30284,Medium,Medium,0.031965122405606956,0.11436794368816287,0.8536669339062302
13726,22726,Medium,Medium,0.034347646000331536,0.03703828673583434,0.9286140672638341
22256,31256,Low,Low,0.03247182356819285,0.9241153512749216,0.04341282515688552
28470,37470,High,High,0.6625986287529546,0.03733515066175471,0.3000662205852908
17340,26340,Medium,High,0.939124386819346,0.024885818421342982,0.035989794759311015
2919,11919,High,High,0.9364960350824565,0.024906075622257592,0.03859788929528599
40024,49024,Medium,Medium,0.02621640490164259,0.08721684472534126,0.8865667503730162
21772,30772,High,High,0.9330484402594156,0.025235969984336134,0.04171558975624826
23286,32286,High,High,0.9403691346212589,0.02359750484479327,0.03603336053394796
13148,22148,Medium,Medium,0.03914475144178992,0.030268755575093537,0.9305864929831165
35978,44978,High,High,0.9335282956358074,0.028151919474773596,0.038319784889419034
5471,14471,Medium,Medium,0.03258902649229606,0.03473462379242261,0.9326763497152813
33198,42198,Low,Low,0.03443149648524194,0.9278425917810903,0.03772591173366782
23925,32925,Medium,Medium,0.032062170963964326,0.03182936264002321,0.9361084663960124
3846,12846,Medium,Medium,0.03271267940133137,0.029333922118099598,0.9379533984805691
9350,18350,High,High,0.9351952737411384,0.02745321699388405,0.03735150926497746
26800,35800,Low,Low,0.02669251451520809,0.9360194749562583,0.03728801052853367
23097,32097,Low,Low,0.04272822215380546,0.9160052515916114,0.04126652625458307
15996,24996,High,High,0.9381225852313936,0.024350869297659283,0.03752654547094699
8107,17107,Low,Low,0.030621432590062,0.9256150537770975,0.04376351363284037
38006,47006,High,High,0.9311810029921297,0.02821855675383785,0.040600440254032345
15772,24772,Low,Low,0.037631813213847176,0.9243418360735549,0.038026350712597856
1525,10525,Medium,Medium,0.029668202881920666,0.02828435552885909,0.9420474415892203
15867,24867,Low,Low,0.03447989707845827,0.9270666424160326,0.03845346050550915
34389,43389,Medium,Medium,0.03067530020201371,0.028870029924248652,0.9404546698737377
26262,35262,Low,Low,0.03097620330427973,0.9299915241186373,0.039032272577083034
12472,21472,Medium,Medium,0.07897891090098735,0.03643922510439152,0.8845818639946211
24748,33748,Low,Low,0.03107848655404198,0.9321450628141278,0.036776450631830264
35541,44541,Medium,Medium,0.07787261333205285,0.09322823429340459,0.8288991523745425
2871,11871,Medium,Medium,0.03271607998959252,0.02778344186112137,0.9395004781492862
3249,12249,High,High,0.9381916628934523,0.025678853333306145,0.03612948377324147
1694,10694,Low,Low,0.030766547655189547,0.7774468876580359,0.19178656468677444
9776,18776,Medium,Low,0.028415773748447892,0.8084093419613828,0.16317488429016933
35568,44568,Low,Low,0.035568041061421814,0.6851170272120269,0.2793149317265512
32342,41342,Medium,Medium,0.03070802351638897,0.028357407435808557,0.9409345690478025
10631,19631,High,High,0.9094313664258523,0.03229750893356681,0.058271124640580874
22061,31061,Medium,Medium,0.0410630084923963,0.028956633470698854,0.9299803580369049
16885,25885,High,High,0.8495753875586279,0.033677025972421414,0.11674758646895074
11913,20913,Medium,Medium,0.033680368217570734,0.028913707178614075,0.9374059246038152
6208,15208,High,High,0.9343869833753485,0.02846703785306312,0.03714597877158844
33240,42240,Medium,Medium,0.03415651740032662,0.03354675623236047,0.9322967263673129
16090,25090,High,High,0.9331598364199643,0.026911463628373797,0.03992869995166187
36645,45645,High,High,0.933919972911209,0.027198026987784115,0.03888200010100686
24388,33388,Medium,Medium,0.032708801872867975,0.02956777441804867,0.9377234237090833
29168,38168,High,Medium,0.033080859745904904,0.031778757842221,0.9351403824118739
39592,48592,Medium,Medium,0.030095388738985204,0.02770237727601109,0.9422022339850038
39558,48558,High,High,0.9311841572771803,0.02623173978719169,0.042584102935627956
35931,44931,Medium,Medium,0.04234876758535248,0.03310154828236897,0.9245496841322786
27277,36277,Low,Medium,0.16465723049108344,0.045766183046918346,0.7895765864619982
9556,18556,High,High,0.9368902364209902,0.026027811564872157,0.03708195201413762
26797,35797,High,High,0.9312442474626547,0.027623291640120035,0.04113246089722541
9599,18599,High,Medium,0.08861346902181662,0.03642378680019645,0.8749627441779869
6972,15972,Low,Low,0.03216402598444259,0.7908619203568813,0.17697405365867613
34949,43949,Medium,Medium,0.031714571610118834,0.028749317065189312,0.9395361113246917
4709,13709,Medium,Medium,0.03329988632177985,0.0410655875522519,0.9256345261259682
28123,37123,Medium,Medium,0.0526162227364308,0.03853627718410566,0.9088475000794635
17896,26896,High,Medium,0.034011546909403834,0.028273709213772053,0.9377147438768242
33160,42160,Medium,Medium,0.051123628959862076,0.029255603217667316,0.9196207678224706
1265,10265,Low,Low,0.0278785270535786,0.9290843130108759,0.04303715993554557
33612,42612,High,High,0.9322322621171982,0.03171710243331963,0.036050635449482095
33813,42813,High,Low,0.05031770396536406,0.7684801755822455,0.18120212045239056
14794,23794,Low,Low,0.02755624825399527,0.9238611443808212,0.048582607365183474
33534,42534,Low,Low,0.03388470296475169,0.9251186241810284,0.04099667285422002
39805,48805,Medium,Medium,0.04132732866011395,0.03431294267328713,0.924359728666599
3893,12893,High,High,0.9317498922033326,0.027263267234545526,0.04098684056212186
6086,15086,Low,Low,0.024566575823067833,0.9403678827770033,0.035065541399928825
38061,47061,Medium,Medium,0.029993614625924564,0.02640391747908186,0.9436024678949936
4224,13224,High,High,0.9315795638352521,0.027132784783521446,0.041287651381226316
11940,20940,Medium,Medium,0.03234647080737882,0.33886165441443933,0.6287918747781819
39741,48741,High,High,0.9391694099881907,0.02404054881730694,0.03679004119450237
14284,23284,Low,Low,0.03011122717580041,0.927764218020115,0.04212455480408467
4801,13801,Low,Medium,0.035203626063331606,0.03844985132873204,0.9263465226079365
29965,38965,High,High,0.9234715468284019,0.032483905483266316,0.04404454768833164
17597,26597,Medium,Medium,0.030406732457412333,0.03025230665570967,0.939340960886878
29556,38556,Medium,Medium,0.03423530558611408,0.03194515662898629,0.9338195377848996
17924,26924,Medium,Medium,0.03141501095476904,0.02948975431316665,0.9390952347320644
760,9760,Low,Low,0.026107949700883967,0.9357043441538132,0.03818770614530287
39819,48819,High,High,0.936690021016619,0.026091409324668014,0.03721856965871298
28138,37138,Medium,Medium,0.028762358053478734,0.3987265438390269,0.5725110981074945
3998,12998,Medium,Medium,0.03169116685098793,0.027368319632794253,0.9409405135162179
12649,21649,Medium,Low,0.029227194598082488,0.9315886516147655,0.03918415378715207
30494,39494,High,Low,0.03865386853599175,0.9176768664074405,0.043669265056567826
10040,19040,High,High,0.9372767724954492,0.025589646449360084,0.03713358105519072
8190,17190,Medium,Medium,0.03253653718445845,0.03388994230795323,0.9335735205075882
15970,24970,High,Medium,0.03378923845831879,0.0334035124683966,0.9328072490732847
39764,48764,Low,High,0.9303570828238158,0.02746226240900694,0.042180654767177146
28314,37314,Medium,Medium,0.04191569028757,0.030750695032953246,0.9273336146794767
4452,13452,High,High,0.9345921474065159,0.02621415181430464,0.03919370077917957
19366,28366,Low,High,0.910115132963099,0.04339204011068338,0.046492826926217624
31544,40544,Medium,Medium,0.02931543940675914,0.03222881970132788,0.938455740891913
13506,22506,Low,Low,0.033767504977716,0.928006198708387,0.038226296313897144
11065,20065,High,High,0.9173742322852946,0.03951119720329908,0.043114570511406415
36712,45712,Low,Low,0.029688976395397176,0.9318095259854369,0.03850149761916604
12417,21417,Medium,Medium,0.07325129196980734,0.03730562067424046,0.8894430873559522
23867,32867,Medium,Medium,0.04335190642699299,0.03402703807489712,0.9226210554981099
38415,47415,Low,Low,0.03437274726587815,0.907368433876694,0.05825881885742803
24274,33274,High,High,0.9362410175404202,0.026756186285478583,0.03700279617410115
14478,23478,Medium,Medium,0.03886126584502914,0.03894634393251479,0.922192390222456
26911,35911,Medium,Medium,0.02809792619905693,0.03754270773905116,0.934359366061892
24055,33055,Low,Low,0.02868152786501915,0.9222611230012787,0.04905734913370222
27634,36634,Medium,Medium,0.035886275093138,0.0304124064142945,0.9337013184925675
30869,39869,Medium,Medium,0.042017674987443056,0.03576798550696145,0.9222143395055955
2086,11086,High,High,0.9338125768832385,0.028576167123040095,0.037611255993721344
22517,31517,Medium,Medium,0.035781805523806,0.0286811785820342,0.9355370158941598
36385,45385,High,High,0.935346386585833,0.027322961084432846,0.037330652329734135
33083,42083,Low,Low,0.047045792667310675,0.9051961449914437,0.047758062341245744
2394,11394,Medium,Medium,0.03408708192965619,0.02984214638840439,0.9360707716819393
16500,25500,Medium,Medium,0.02990361891849383,0.0486907866350443,0.9214055944464619
1835,10835,Medium,Medium,0.02983136264484181,0.02904265402332647,0.9411259833318318
7576,16576,Medium,Medium,0.03761745887246002,0.03375031497396926,0.9286322261535708
38074,47074,Medium,Medium,0.033732949814427045,0.030452776438544844,0.935814273747028
21682,30682,High,High,0.9358351337784586,0.026540154642346672,0.03762471157919456
32000,41000,High,High,0.9365074257703352,0.026555294138158495,0.036937280091506375
29833,38833,High,High,0.9304655446195215,0.0283549890209889,0.041179466359489665
19681,28681,Low,Low,0.025521749006402767,0.9359500375578067,0.03852821343579053
25271,34271,High,Low,0.028856558395860748,0.8760183013729869,0.09512514023115239
21587,30587,High,High,0.938226396257584,0.024828894657915056,0.036944709084500864
27743,36743,Medium,Medium,0.040947534929094274,0.041272378600973735,0.917780086469932
18688,27688,Medium,Medium,0.029976707351245965,0.028675571644901227,0.9413477210038529
16136,25136,Medium,Medium,0.03505985553621938,0.02994583621852501,0.9349943082452556
18918,27918,Medium,Medium,0.03310207951148545,0.04095979863557576,0.9259381218529388
31783,40783,Medium,Medium,0.03256308248605067,0.02909936968577544,0.9383375478281738
38676,47676,High,High,0.9378277046472255,0.024901128118580515,0.03727116723419388
37616,46616,High,High,0.9302982018853004,0.030183028307077225,0.0395187698076224
31817,40817,Medium,Medium,0.028331380236884418,0.026549203054830783,0.9451194167082848
33782,42782,High,High,0.935724472860144,0.02590786752574556,0.03836765961411031
22173,31173,High,High,0.9224495858219545,0.029370029481039697,0.0481803846970059
23940,32940,Low,Low,0.03995910470483619,0.8969748064139718,0.063066088881192
3563,12563,Low,Low,0.029632837298254087,0.9318950397226556,0.038472122979090334
34832,43832,Medium,Medium,0.0348821802276175,0.03259859294925053,0.9325192268231319
18847,27847,Low,Medium,0.048901584116826914,0.3690599439925184,0.5820384718906547
27911,36911,Medium,Medium,0.03207467265965253,0.03204836505043568,0.9358769622899118
18182,27182,Medium,Medium,0.02932963006278988,0.030616819301101644,0.9400535506361085
7891,16891,Medium,Medium,0.04148578589030354,0.029856202026278065,0.9286580120834182
38276,47276,High,Medium,0.032208342707836346,0.030421230538547995,0.9373704267536156
28155,37155,Medium,Medium,0.058973354937682264,0.05116886844008486,0.889857776622233
18698,27698,High,High,0.9336449239349965,0.02694849583574198,0.03940658022926139
29313,38313,Medium,Medium,0.02957795432665393,0.04037997295230091,0.9300420727210451
34885,43885,Medium,Medium,0.2371530949551255,0.03170492206620398,0.7311419829786706
27218,36218,Medium,Medium,0.030876017528929753,0.029144151229425767,0.9399798312416445
6365,15365,Medium,Medium,0.032020639989626655,0.027890419211112922,0.9400889407992604
12392,21392,Low,Low,0.07060453780371677,0.8740753638153396,0.05532009838094367
31109,40109,Medium,Medium,0.03248701116309988,0.29988907702712964,0.6676239118097705
23580,32580,Low,Low,0.034321223988101314,0.9287209667460266,0.03695780926587217
19117,28117,Medium,Medium,0.030992094419527303,0.034128726602834315,0.9348791789776384
7685,16685,High,High,0.9354780359087722,0.028789489907958987,0.035732474183268824
26429,35429,Medium,Medium,0.030069841443403123,0.027215052292649655,0.9427151062639473
26140,35140,Medium,Medium,0.03228946416129127,0.03269038970362853,0.9350201461350802
28538,37538,Low,Low,0.029337468514604486,0.9240245450198942,0.04663798646550132
24498,33498,Medium,Medium,0.046078154069807704,0.04630040403812972,0.9076214418920626
18591,27591,Medium,Medium,0.035024512833536275,0.031155237190472543,0.9338202499759912
37894,46894,Medium,Medium,0.030025920688695935,0.03580791879646221,0.9341661605148417
18109,27109,Medium,High,0.5735894042937891,0.04291976610568016,0.3834908296005306
29551,38551,Medium,Medium,0.05277124559088477,0.04106806718220334,0.9061606872269118
24684,33684,Medium,Medium,0.03197751591593087,0.031793393558310575,0.9362290905257585
15718,24718,High,High,0.9382269201304071,0.025137541111382094,0.03663553875821087
24882,33882,Medium,Medium,0.06142106836658928,0.040364458602775564,0.8982144730306351
30110,39110,Medium,Medium,0.030843967140177526,0.03619681819132927,0.9329592146684932
11110,20110,Medium,Medium,0.03579774757012554,0.03727351727634184,0.9269287351535326
30036,39036,Medium,Medium,0.034024317335841825,0.03686915621059498,0.9291065264535631
30897,39897,Medium,Medium,0.03339193324467571,0.039601816768564814,0.9270062499867594
23871,32871,Low,Low,0.03174939858100967,0.9051966254284604,0.06305397599052992
11615,20615,High,High,0.9262489992350417,0.03072101387189839,0.04302998689305979
17177,26177,Medium,Medium,0.03283199832935882,0.030452679090194997,0.9367153225804462
9756,18756,Medium,Medium,0.032922226009346016,0.03393123590739228,0.9331465380832616
39208,48208,Medium,Medium,0.0351400414483063,0.03086347959699441,0.9339964789546994
7967,16967,High,High,0.8228786725783631,0.04530949065352013,0.1318118367681167
5684,14684,Medium,Medium,0.026888016033596574,0.028960044235693375,0.9441519397307102
15453,24453,Low,Medium,0.04377155252119124,0.04141472140930942,0.9148137260694993
26081,35081,Medium,Medium,0.027470317006927633,0.07382303905135669,0.8987066439417157
4512,13512,High,High,0.937627123344543,0.025545618941083537,0.03682725771437353
8373,17373,High,High,0.9326478825729292,0.02872831342149516,0.03862380400557564
37654,46654,Medium,Medium,0.02960983676909545,0.032336836930309525,0.938053326300595
17757,26757,Low,Low,0.026782084930074033,0.9378452414580134,0.03537267361191246
34721,43721,Low,Low,0.030547450679057397,0.9297200609299318,0.039732488391010935
15289,24289,Medium,Medium,0.0330475169283446,0.03261510616142005,0.9343373769102353
19273,28273,Medium,Medium,0.032717053442854936,0.027306328358454368,0.9399766181986906
10164,19164,Medium,Medium,0.03226800491477777,0.030666795226944637,0.9370651998582776
18452,27452,High,High,0.885831372320662,0.03425401201214235,0.07991461566719558
28648,37648,Low,Low,0.02847167859913528,0.8895053393405181,0.08202298206034657
38535,47535,Medium,Medium,0.02962132570754976,0.031219425117896285,0.939159249174554
10870,19870,Medium,Medium,0.029083919419983173,0.02799726492421656,0.9429188156558003
15929,24929,Low,Low,0.038388719727343375,0.8458436578826944,0.11576762238996208
38696,47696,Medium,Medium,0.04066817973940947,0.035664789202270675,0.9236670310583198
2117,11117,Low,Low,0.028474269611661135,0.9344159179522543,0.037109812436084536
29438,38438,Medium,Medium,0.034122971870935694,0.03243043959763605,0.9334465885314281
21100,30100,Medium,Medium,0.029081179394939066,0.03057558461161598,0.9403432359934448
8571,17571,High,High,0.5631355647447394,0.03359718612137656,0.4032672491338842
22335,31335,Low,Low,0.03202669914367217,0.930245519353729,0.03772778150259878
1950,10950,High,High,0.9375222330050886,0.02533368221929792,0.037144084775613435
34474,43474,Medium,Low,0.03773535090681221,0.8867680825535601,0.07549656653962768
2650,11650,Low,Low,0.03817835789893659,0.8730210082252517,0.08880063387581161
30092,39092,Medium,Medium,0.03513349864287101,0.04460238626477156,0.9202641150923574
3600,12600,Low,Low,0.029289592342701797,0.8834714470076239,0.08723896064967425
14862,23862,Medium,Medium,0.030436306585677354,0.031410658086878374,0.9381530353274443
13456,22456,High,High,0.9392966348116167,0.024496142273467275,0.03620722291491595
31220,40220,Medium,Medium,0.034196572211621784,0.02911389541606452,0.9366895323723137
9214,18214,Low,Low,0.03130221031914603,0.7854029976764988,0.1832947920043552
31967,40967,Medium,Medium,0.03140307150199633,0.032097817286177395,0.9364991112118263
22769,31769,Medium,Medium,0.03772522333096497,0.041915711740063755,0.9203590649289711
35319,44319,Low,Low,0.034841277548090584,0.8689219509353872,0.09623677151652227
1945,10945,Low,High,0.9344755028930991,0.0279552860955823,0.03756921101131852
186,9186,High,High,0.9346409758044764,0.02769207798809813,0.03766694620742547
27328,36328,High,Medium,0.03331400256256078,0.03241354242941757,0.9342724550080216
7406,16406,High,High,0.9326982156473801,0.029229649067971705,0.03807213528464829
24495,33495,High,High,0.7440109248758091,0.03839843096986227,0.21759064415432847
28276,37276,Medium,Medium,0.06250972397606165,0.03933033862303127,0.8981599374009072
13640,22640,Medium,Medium,0.03316761856223043,0.03368499287985111,0.9331473885579183
15379,24379,High,High,0.9285149531354063,0.03108712713222427,0.04039791973236948
1391,10391,Medium,Medium,0.030428258098707955,0.02914443463491075,0.9404273072663812
23250,32250,Low,Low,0.02818633793920135,0.8902886259981452,0.08152503606265345
12075,21075,Medium,Medium,0.03406088097741764,0.03089547521930593,0.9350436438032763
30530,39530,Medium,Medium,0.032329386905934475,0.03030976061053761,0.9373608524835279
37583,46583,Low,High,0.9345326494774507,0.02521386928273674,0.0402534812398126
31913,40913,Low,Low,0.030209140707367767,0.8416923458927671,0.1280985133998652
12745,21745,Medium,Medium,0.1064659987861762,0.05212586757936299,0.8414081336344608
24375,33375,Medium,Medium,0.03373472815853559,0.02801912839158624,0.9382461434498781
27267,36267,Medium,Medium,0.045523279649732566,0.2609643606684676,0.6935123596817997
15657,24657,Medium,Medium,0.047617978216952184,0.035880265646955414,0.9165017561360923
28673,37673,High,High,0.9371015723493198,0.025672752602462184,0.03722567504821805
6389,15389,Low,Low,0.032258773737264254,0.9243586664781024,0.043382559784633346
2496,11496,Medium,Medium,0.07332522652107751,0.02697524520294318,0.8996995282759793
27622,36622,Medium,Medium,0.034734934613324324,0.3891972257294963,0.5760678396571793
28026,37026,Low,Medium,0.03294555024925142,0.40549329843160914,0.5615611513191394
32024,41024,Low,Low,0.03578814737585031,0.9040328768274147,0.06017897579673487
5149,14149,Medium,Medium,0.03203147442218728,0.03231976748531904,0.9356487580924936
22381,31381,Low,Low,0.03196612947089408,0.6422998005938165,0.32573406993528947
21871,30871,Medium,Medium,0.02933534785384849,0.0298415924378857,0.9408230597082659
32777,41777,Medium,Medium,0.040171611484585305,0.241065981981619,0.7187624065337958
37451,46451,Medium,Low,0.029299408831550883,0.9320498925397424,0.03865069862870674
10757,19757,Medium,Medium,0.03143124922943904,0.03251526008819532,0.9360534906823657
3101,12101,Medium,Medium,0.038967415256120456,0.1102076141654587,0.8508249705784209
29353,38353,Medium,Medium,0.03186107315998451,0.029708367810925212,0.9384305590290903
29741,38741,Medium,Medium,0.05680579090788187,0.27536400253461774,0.6678302065575004
16061,25061,High,High,0.8382467732839548,0.040346140328314815,0.12140708638773041
23802,32802,Low,High,0.9375621129661521,0.025888900562384933,0.03654898647146291
1079,10079,High,High,0.9381629274204123,0.025329456893202536,0.036507615686385046
27628,36628,High,High,0.9379389594574851,0.02564087364780841,0.03642016689470647
25262,34262,High,High,0.9366407419113193,0.026548478111933477,0.036810779976747234
35963,44963,Medium,Medium,0.038651302030633335,0.03259217306902692,0.9287565249003397
32932,41932,Medium,Medium,0.031738270929377026,0.030574885274961033,0.9376868437956619
30180,39180,High,High,0.5168640213347159,0.061652557400640635,0.42148342126464344
37706,46706,High,High,0.9330861777009939,0.029407323208343522,0.0375064990906625
35058,44058,Low,Low,0.034376617701384345,0.6581829087417865,0.3074404735568291
5400,14400,High,High,0.9326697565751294,0.02832989260288375,0.039000350821986836
38373,47373,Medium,Medium,0.10221096526756192,0.03425281988619106,0.863536214846247
1278,10278,Medium,High,0.9343491459431275,0.027769927450642076,0.03788092660623044
19365,28365,Low,Medium,0.03784784071155687,0.032458288263384996,0.9296938710250582
19088,28088,Low,Low,0.03791701706585685,0.923002935288009,0.03908004764613412
35229,44229,Medium,Medium,0.3480201686141237,0.031199236568253765,0.6207805948176225
18691,27691,High,High,0.9318484054426044,0.029194343232725777,0.03895725132466981
16365,25365,Low,Low,0.02724021142053956,0.9350364206741552,0.03772336790530534
205,9205,High,High,0.9364171873737007,0.026528350438990236,0.037054462187309005
21390,30390,High,High,0.9381873175659526,0.0262597447412287,0.035552937692818545
25846,34846,Low,Low,0.04240587692672881,0.9102289830807688,0.04736513999250236
10471,19471,Medium,Medium,0.030659591194958563,0.030933322262920546,0.9384070865421209
34129,43129,High,High,0.9278237535881705,0.029938320198571552,0.042237926213257976
4216,13216,High,Low,0.028335353049416794,0.934136342715401,0.03752830423518216
10216,19216,High,High,0.9298956508407016,0.03136170289130732,0.03874264626799102
19537,28537,Medium,Medium,0.02955744005274159,0.02823791420525267,0.9422046457420058
38483,47483,Low,Low,0.026619643742574445,0.937403191396753,0.03597716486067249
5226,14226,Medium,Medium,0.02882525945458128,0.026849303904740874,0.9443254366406778
10107,19107,Low,Low,0.030257668839538704,0.9201875955963311,0.04955473556413018
32859,41859,Medium,Medium,0.030751542137317466,0.030913765501952406,0.9383346923607302
3368,12368,High,High,0.9328141304138101,0.025563520268355774,0.041622349317834074
11601,20601,Low,Low,0.02674607330042758,0.9324917870466093,0.04076213965296319
17358,26358,Medium,Medium,0.027572724907565137,0.08935979108495072,0.883067484007484
39189,48189,Medium,Medium,0.03217288778173616,0.037531336696977446,0.9302957755212864
25471,34471,Medium,Medium,0.03673096001142084,0.02673635559396255,0.9365326843946166
6947,15947,Medium,Medium,0.03603458950841621,0.08751696516934455,0.8764484453222391
20570,29570,Medium,Medium,0.03610133791643728,0.033586700085173234,0.9303119619983896
28424,37424,Medium,Medium,0.029207327873223568,0.02710599980318265,0.9436866723235937
11159,20159,Low,Low,0.030871912877987674,0.9224650342490862,0.046663052872926075
24581,33581,High,High,0.918112287035299,0.036979842349629644,0.044907870615071344
37968,46968,Low,Low,0.029641030590107236,0.9313846836361179,0.03897428577377487
11991,20991,Medium,Medium,0.03605403846810889,0.03195950453896917,0.9319864569929219
7248,16248,High,High,0.9344479714997177,0.028577605739466872,0.03697442276081536
12327,21327,High,High,0.9323322453720063,0.026149860829607397,0.041517893798386434
31007,40007,High,High,0.9235755490602431,0.030538160472563206,0.04588629046719369
26757,35757,Low,Low,0.031683106219492635,0.9298904925636933,0.03842640121681404
2708,11708,High,High,0.8934237723355549,0.03583411395618052,0.07074211370826468
1429,10429,Medium,Medium,0.03451579294749283,0.04905706018140457,0.9164271468711026
18156,27156,Medium,Medium,0.03232661721270127,0.032765817935705474,0.9349075648515933
8119,17119,High,High,0.9372654627304521,0.026438306621179852,0.03629623064836809
32376,41376,Medium,High,0.7463111936358201,0.032243530458245434,0.22144527590593435
15100,24100,Low,Low,0.026572791690160562,0.9292864578850425,0.04414075042479693
10670,19670,Low,Low,0.04172023023173153,0.9142783140254461,0.04400145574282227
1863,10863,Medium,Medium,0.03135275114719351,0.03195377921413756,0.936693469638669
29630,38630,Low,Low,0.032272332186495216,0.9265778526829789,0.0411498151305259
20039,29039,Low,Low,0.025633526405983542,0.930707868193026,0.043658605400990334
29084,38084,High,High,0.9349361131309956,0.02542379619815117,0.03964009067085336
29034,38034,Medium,Medium,0.031007524637182784,0.032370036114715194,0.9366224392481021
18756,27756,Medium,Medium,0.02871460355706815,0.0276288811749149,0.9436565152680169
35888,44888,Medium,Medium,0.03943193617418634,0.131020574744281,0.8295474890815325
19934,28934,Low,Low,0.038353014073742316,0.9207570794772777,0.04088990644897996
37072,46072,High,High,0.9301962497098236,0.02806903199383091,0.04173471829634542
36627,45627,Low,Low,0.031008381853374928,0.9257224341784221,0.04326918396820298
6564,15564,Medium,Medium,0.03194364907202422,0.028598344997597225,0.9394580059303785
33708,42708,Low,Medium,0.029468984017080938,0.08807927138371609,0.882451744599203
24300,33300,Low,Low,0.027006063722020256,0.9369120924163109,0.03608184386166884
35290,44290,Low,Low,0.0283239715278762,0.8152265852200008,0.1564494432521229
14221,23221,High,High,0.9343532130558833,0.0252663720301628,0.04038041491395392
2920,11920,Low,Low,0.0275139211161393,0.9317121728378774,0.040773906045983334
16027,25027,Medium,Medium,0.0389378202215387,0.04185333115581701,0.9192088486226444
3957,12957,High,High,0.9329927724222236,0.027776767679034534,0.039230459898741944
38536,47536,Low,Low,0.03507183813433092,0.9212532371516549,0.043674924714014095
6956,15956,Medium,High,0.9175370153906641,0.0359615675695125,0.04650141703982347
11078,20078,Medium,Medium,0.08347980802263487,0.04325702416244028,0.8732631678149249
16667,25667,Medium,Medium,0.03574952626221358,0.032075101319949846,0.9321753724178365
35345,44345,High,High,0.9116321216012819,0.030701068283068345,0.0576668101156498
8946,17946,Low,Low,0.031075285343017595,0.8382809044538201,0.13064381020316232
9804,18804,High,High,0.9388509439546592,0.024917023246169318,0.03623203279917147
30860,39860,Low,Low,0.02791584514729664,0.9298448889355936,0.042239265917109824
11781,20781,Medium,Medium,0.030795161713384544,0.031216911207322857,0.9379879270792926
11374,20374,Low,Low,0.031843501259584704,0.9282251701559628,0.03993132858445251
7260,16260,Medium,Medium,0.033856120441706744,0.03198483749934668,0.9341590420589467
7524,16524,High,High,0.9376215366961675,0.026158178976660503,0.03622028432717187
24219,33219,High,High,0.7764290183096728,0.02851942780203452,0.19505155388829268
25191,34191,Medium,Medium,0.4612944895151441,0.034247353408998586,0.5044581570758572
4393,13393,Medium,High,0.9329300878326624,0.02877332807904574,0.03829658408829172
39932,48932,Low,High,0.9358433390797929,0.026773203956934027,0.037383456963273186
17750,26750,High,High,0.9314181390321344,0.025547789511695698,0.04303407145616994
32427,41427,Medium,Medium,0.03885713668969059,0.04129640163691751,0.919846461673392
36879,45879,Medium,Medium,0.036424233037101794,0.03360844069857535,0.929967326264323
28605,37605,Medium,Medium,0.03297598221413169,0.028709214426323033,0.9383148033595453
16477,25477,Low,Low,0.02684625559752446,0.937533730480489,0.035620013921986556
27870,36870,High,Low,0.026966587071994536,0.9379377666250335,0.03509564630297203
6537,15537,Medium,Medium,0.04637446751414314,0.08939498612800138,0.8642305463578555
31252,40252,Low,Low,0.02985447402894927,0.9318019705033466,0.0383435554677043
29037,38037,High,High,0.8940560888458678,0.04193561456825274,0.0640082965858794
15126,24126,High,High,0.9361631523291317,0.02626939460808005,0.0375674530627881
33202,42202,High,High,0.9139591719176181,0.043787194582055385,0.04225363350032658
31133,40133,Medium,Medium,0.030018603103702062,0.02939493338072029,0.9405864635155776
39588,48588,Low,Low,0.033118399673082145,0.8933831076457942,0.07349849268112361
28904,37904,Medium,Medium,0.030178820597183523,0.030219269696703428,0.9396019097061131
18789,27789,Medium,Medium,0.029966608195481664,0.027673832797826137,0.9423595590066922
14093,23093,Medium,Medium,0.030318489743668117,0.029178704799474625,0.9405028054568573
1642,10642,Low,Low,0.0323055966860687,0.927792110126802,0.03990229318712939
30524,39524,High,High,0.9369891318435265,0.026661613658587394,0.03634925449788611
38724,47724,Low,High,0.9383925135183445,0.02563389136998877,0.0359735951116667
19880,28880,High,High,0.9163975511193553,0.03975702959169366,0.0438454192889511
21761,30761,Low,Low,0.05169457700182791,0.908745579314845,0.03955984368332725
28220,37220,Medium,Medium,0.03564130511547981,0.029344543017573277,0.9350141518669469
14363,23363,High,High,0.9395414120681269,0.02427584066346483,0.036182747268408304
629,9629,High,High,0.9356743014471943,0.026209341300370153,0.03811635725243559
34052,43052,Medium,Medium,0.031800230968790096,0.027844613749715263,0.9403551552814946
16253,25253,High,High,0.9380194517130941,0.024646870584863857,0.03733367770204221
35198,44198,Low,Low,0.029249426752774105,0.9261634416989043,0.04458713154832159
4517,13517,Medium,Medium,0.03222172404942827,0.03505572774463193,0.9327225482059398
9997,18997,Medium,Medium,0.032733884269370656,0.03947539939982947,0.9277907163307999
28976,37976,Medium,Medium,0.03217959321556765,0.035758757711128374,0.932061649073304
4689,13689,Medium,Medium,0.03136093044046725,0.3419474624174539,0.6266916071420788
26458,35458,Medium,Medium,0.02807368655553968,0.02982353528811832,0.9421027781563419
21765,30765,Medium,Medium,0.02938841100488354,0.028403919916792853,0.9422076690783235
38755,47755,High,High,0.9326198824100379,0.027834122226305893,0.03954599536365607
36261,45261,Medium,Medium,0.04455316210269056,0.03667742256313901,0.9187694153341703
25038,34038,Medium,Medium,0.03419434640554513,0.03531817557008692,0.9304874780243679
3981,12981,Medium,Medium,0.031730777162081024,0.030112931773163487,0.9381562910647555
21166,30166,Medium,Medium,0.03340047161399005,0.031907349386881535,0.9346921789991285
27477,36477,Medium,Medium,0.05457193751121093,0.03737098633058216,0.9080570761582069
13840,22840,Medium,Medium,0.03039481482535249,0.028750258899339173,0.9408549262753083
4391,13391,Medium,Medium,0.02969296116733945,0.028289318432012295,0.9420177204006482
9574,18574,High,High,0.932258795772518,0.028391871644581457,0.039349332582900604
8097,17097,High,High,0.93623751807197,0.026915824890776707,0.03684665703725335
2129,11129,Low,Low,0.051055201002268284,0.5252857213021594,0.4236590776955722
29989,38989,Medium,Medium,0.03369832715235815,0.03282907811644046,0.9334725947312013
30753,39753,Medium,High,0.9392665841962332,0.024315538316021984,0.036417877487744686
23781,32781,Low,Low,0.028269234084808078,0.9295468142122859,0.04218395170290595
19265,28265,Medium,Medium,0.0406712869190754,0.028325818477361275,0.9310028946035634
37784,46784,Medium,Medium,0.030700930255199432,0.028715066537677355,0.9405840032071232
17440,26440,Medium,Medium,0.031087279612826507,0.031124132638996087,0.9377885877481774
37742,46742,Low,Low,0.029254759656861352,0.928307928984195,0.04243731135894366
2840,11840,Low,Medium,0.03616035141927159,0.029767933540725253,0.9340717150400031
31478,40478,Medium,Medium,0.036258050618551536,0.03364700033876771,0.9300949490426808
12619,21619,High,Medium,0.034345922457327795,0.029202702514179696,0.9364513750284925
17028,26028,High,High,0.9135439800621524,0.03088735654221142,0.05556866339563612
17243,26243,Medium,Medium,0.03873744826097841,0.03434064113728436,0.9269219106017371
353,9353,Medium,Medium,0.030778105755701432,0.0295195429909844,0.9397023512533141
37046,46046,High,High,0.9365011856513855,0.025526479810986935,0.037972334537627675
28702,37702,Low,Low,0.036364510972143396,0.9176626717735807,0.04597281725427593
19715,28715,Low,Medium,0.036166471679913596,0.13147820228194715,0.8323553260381393
5687,14687,Medium,Medium,0.032707244800543996,0.03141022857185607,0.9358825266276
777,9777,High,High,0.9366496420480654,0.026467012561598908,0.036883345390335394
32535,41535,Medium,Medium,0.03303890781311138,0.0290964514261494,0.937864640760739
3045,12045,Medium,Medium,0.03587317599342022,0.029679715263480417,0.9344471087430994
25397,34397,Medium,Medium,0.031264901723145055,0.02801525005040197,0.940719848226453
15096,24096,Medium,Medium,0.035038039801232844,0.03651814849691501,0.9284438117018521
12354,21354,High,High,0.9392979857110331,0.024753488960892526,0.0359485253280744
25170,34170,Medium,Medium,0.0316558817281598,0.029316997058280548,0.9390271212135598
12208,21208,Medium,Medium,0.03482515832161803,0.02981159760715718,0.9353632440712247
39606,48606,Medium,Medium,0.042858638877079976,0.030045019419248597,0.9270963417036714
10768,19768,Medium,Medium,0.03295731327537917,0.035860048845176705,0.9311826378794441
15751,24751,Medium,Medium,0.03628233917936105,0.042414849156759506,0.9213028116638795
9,9009,High,Medium,0.11150071716627041,0.054706190393656595,0.8337930924400729
20433,29433,Medium,Medium,0.045778497892700214,0.02944209692804725,0.9247794051792525
11954,20954,Medium,Medium,0.03180999344256955,0.03350250130749058,0.9346875052499399
25184,34184,Medium,Medium,0.02961297611040731,0.030420705125871018,0.9399663187637216
19851,28851,High,Low,0.029736525894776027,0.9311212418674503,0.039142232237773605
8669,17669,Low,Low,0.028753832963407694,0.9344332352664783,0.03681293177011403
28719,37719,Medium,Medium,0.04407635348238507,0.04853548013186937,0.9073881663857456
20855,29855,Medium,Medium,0.038496100546920695,0.03162728705807665,0.9298766123950027
17665,26665,High,High,0.9279528368717144,0.027220205836060773,0.04482695729222491
6776,15776,Medium,Medium,0.030508292294597995,0.02850164602265649,0.9409900616827457
39050,48050,High,High,0.7552052544738787,0.03841932742339847,0.20637541810272286
2035,11035,High,High,0.9335274279906051,0.0290588359332771,0.037413736076117775
37852,46852,Medium,Medium,0.039604141361992806,0.39270713851413325,0.567688720123874
13849,22849,Medium,Medium,0.028226521705739863,0.030672348331726485,0.9411011299625338
26224,35224,High,High,0.9377397518345788,0.024844441688081375,0.03741580647733982
28687,37687,Low,Low,0.02511562651638302,0.9353304712285883,0.039553902255028674
37646,46646,High,High,0.9359073543576915,0.025664558115730308,0.038428087526578225
33958,42958,Low,Low,0.02622028331762445,0.9340665596712641,0.039713157011111416
14190,23190,Medium,Medium,0.030760750701766437,0.031169321650502933,0.9380699276477307
18876,27876,Low,Low,0.028090841096468894,0.9317395176961273,0.04016964120740376
22375,31375,High,High,0.9304998523636766,0.0256897411075305,0.04381040652879294
2282,11282,Low,Low,0.029770248309852452,0.9277466184439654,0.04248313324618205
23338,32338,Low,Low,0.02976386480386849,0.9303004112901608,0.0399357239059707
7638,16638,Medium,Medium,0.03584836159915535,0.02841244699887005,0.9357391914019746
19614,28614,Low,Low,0.027141391559302827,0.9300257215366498,0.04283288690404733
18377,27377,Medium,Medium,0.03172682796109913,0.02905457719476433,0.9392185948441365
18628,27628,Medium,Medium,0.0305971153330204,0.0280994703978507,0.9413034142691291
5581,14581,Medium,Medium,0.029250807289366826,0.048232822910191764,0.9225163698004414
10919,19919,Medium,Medium,0.028516212985262825,0.02757978316945307,0.9439040038452841
1530,10530,Medium,Medium,0.03330733475332625,0.03742369781844034,0.9292689674282334
16110,25110,High,High,0.9320581792048245,0.030699670876804346,0.03724214991837115
34629,43629,High,High,0.9236895389262575,0.03526111809002371,0.04104934298371879
39420,48420,Medium,Medium,0.0444436662015665,0.034127020148527525,0.921429313649906
25096,34096,Low,Medium,0.028594919311653918,0.3622198387589682,0.6091852419293778
20307,29307,Medium,Medium,0.03847762294471085,0.028077048624680457,0.9334453284306088
14909,23909,Low,Low,0.029668175880174702,0.9257146645655503,0.044617159554275004
7299,16299,High,High,0.9334687737641053,0.028600072440754336,0.03793115379514031
24542,33542,High,High,0.9357201991487135,0.027672012369442663,0.036607788481843796
24584,33584,Low,Low,0.029322165516796738,0.9325588154773338,0.038119019005869496
32343,41343,Low,Low,0.030385313238104127,0.9283728367151584,0.04124185004673759
28095,37095,High,High,0.9362825095923153,0.026060488172407446,0.037657002235277286
1299,10299,High,High,0.9354588268631151,0.02590032709715678,0.03864084603972807
14691,23691,Medium,Medium,0.029923958302983906,0.02796358681419643,0.9421124548828197
6458,15458,Medium,Medium,0.02987889082421989,0.027846435251979565,0.9422746739238006
23467,32467,Medium,Medium,0.029465926297810942,0.03123249567306065,0.9393015780291284
6231,15231,Medium,Medium,0.040322432066817133,0.0442785857247369,0.915398982208446
8298,17298,High,Medium,0.029404149608418226,0.02873703396922998,0.9418588164223518
4474,13474,Low,Low,0.030508485498390883,0.9305798199265127,0.038911694575096446
18983,27983,Low,Low,0.036675835579838105,0.911242352663741,0.0520818117564208
26059,35059,Medium,Medium,0.06867422540257326,0.03750218043671442,0.8938235941607123
39747,48747,Medium,Medium,0.04583903003852432,0.05260177077839901,0.9015591991830768
14343,23343,High,High,0.9361646153151498,0.026295851848891844,0.03753953283595824
17850,26850,Medium,Medium,0.03152733566079088,0.02987394518270239,0.9385987191565066
29626,38626,Medium,High,0.9376786954811888,0.023998617588503596,0.03832268693030757
6466,15466,High,High,0.9333427553145194,0.02874746421180153,0.03790978047367916
25526,34526,Medium,Medium,0.0325496444577317,0.029713796101012695,0.9377365594412556
17291,26291,Medium,Medium,0.041372004687783674,0.3921636741072554,0.5664643212049608
33330,42330,Low,Low,0.03208997481516474,0.662695995843269,0.3052140293415662
15873,24873,Medium,Medium,0.034831733644761116,0.03581417696265766,0.9293540893925812
17800,26800,High,High,0.9234519788916794,0.03557656788673285,0.04097145322158779
27050,36050,Medium,Medium,0.03310197452167143,0.03228091637284558,0.934617109105483
15613,24613,Medium,Medium,0.033424293007888954,0.028615135085523446,0.9379605719065877
30060,39060,High,High,0.9300268019664166,0.029013869140372045,0.04095932889321139
37915,46915,Medium,Medium,0.04464958946983891,0.031891127092243,0.9234592834379182
5541,14541,Medium,Medium,0.07521573462062965,0.028923351114754626,0.8958609142646158
31051,40051,High,High,0.9309722548747364,0.030791980030816707,0.038235765094446754
30243,39243,Medium,Medium,0.034587530467187676,0.030019761737299176,0.9353927077955131
25771,34771,High,High,0.9263528363217984,0.03652212491641884,0.037125038761782886
25940,34940,Medium,Medium,0.03948188647687795,0.0353268230610661,0.925191290462056
33211,42211,Medium,Medium,0.05212378470521894,0.03282178169333184,0.9150544336014491
3844,12844,Low,Low,0.037582097266122,0.9197696322764433,0.042648270457434696
1548,10548,High,High,0.9303546137307425,0.0307564868883274,0.03888889938093012
25387,34387,Medium,Medium,0.03317004244613559,0.35338876303258515,0.6134411945212793
19909,28909,Medium,Medium,0.04904734017027601,0.04104265938638766,0.9099100004433364
7958,16958,High,High,0.914576415415843,0.031550719556416904,0.05387286502774005
17615,26615,Low,Medium,0.02756303240793732,0.026145499375613123,0.9462914682164496
38240,47240,Low,Low,0.026013026155815855,0.9109340219824485,0.06305295186173558
9657,18657,High,High,0.9371451131673494,0.026480174406933496,0.036374712425717125
27002,36002,High,High,0.9212231796139664,0.029268590836713553,0.04950822954932011
22734,31734,High,High,0.8670960766148773,0.037717937454092666,0.09518598593103002
23538,32538,Low,Low,0.028164415699101806,0.9315693413784313,0.04026624292246691
31756,40756,High,High,0.9331914631801487,0.028300307743839667,0.038508229076011806
17187,26187,Medium,Low,0.03664769008281174,0.6186902371193715,0.3446620727978167
22081,31081,Medium,Medium,0.030378986609959403,0.03068477797447312,0.9389362354155675
31091,40091,Medium,Medium,0.030520587568480306,0.04669133100600237,0.9227880814255172
34633,43633,Low,Low,0.026700139270627036,0.9326276603288557,0.04067220040051732
6329,15329,High,Low,0.027973663817605885,0.9322902661964512,0.03973606998594297
17158,26158,Medium,Medium,0.039953065646853546,0.03807529281663747,0.9219716415365089
36173,45173,Medium,Medium,0.03987338418378333,0.03889064080049886,0.9212359750157179
15280,24280,Medium,Medium,0.47365432257968326,0.03372121460154317,0.49262446281877353
9209,18209,Medium,Medium,0.09448606139795356,0.038169487211813645,0.8673444513902329
33587,42587,High,High,0.9338267443771096,0.026062807585417996,0.04011044803747233
32209,41209,Low,Medium,0.07902418948089912,0.03762035289102443,0.8833554576280763
23417,32417,Medium,Medium,0.032233781660477266,0.031501748013644124,0.9362644703258787
9735,18735,Medium,Medium,0.03583962709186423,0.029519632710660926,0.9346407401974749
20804,29804,Medium,Medium,0.032248741124749035,0.029089887577223517,0.9386613712980273
36963,45963,Medium,Medium,0.03433298943213739,0.03359627504825377,0.9320707355196088
1181,10181,Medium,Medium,0.04284726721153987,0.049435299929819355,0.9077174328586407
10928,19928,Low,Low,0.032327438060795494,0.927195363448861,0.040477198490343515
15515,24515,Low,Low,0.027414616006229898,0.9371794043208769,0.03540597967289322
35764,44764,High,High,0.9317802172855112,0.028390410274155193,0.0398293724403336
18997,27997,Low,Medium,0.036322079091221086,0.031115586783813015,0.9325623341249658
23214,32214,Low,Low,0.02620680788354446,0.931383746834615,0.042409445281840576
21101,30101,Medium,Medium,0.0322149520559273,0.030550049103157007,0.9372349988409158
36383,45383,Low,Low,0.03817639184178149,0.922674808198864,0.039148799959354524
13742,22742,Medium,Medium,0.039291940846070274,0.03226639294594919,0.9284416662079805
32674,41674,Medium,Medium,0.04355177517029903,0.03571679516321836,0.9207314296664827
15877,24877,High,High,0.9346970647533738,0.02760496092755456,0.03769797431907159
19543,28543,Medium,Medium,0.03170497039300163,0.03481079760403372,0.9334842320029647
2517,11517,Low,Low,0.04584085636520849,0.9029752319471118,0.051183911687679655
27501,36501,Low,Low,0.03169761219570741,0.9269663183790672,0.041336069425225504
26972,35972,Low,Low,0.031172094222708214,0.9323147800678816,0.03651312570941013
23947,32947,Medium,Medium,0.03606925545464095,0.03313230060035499,0.9307984439450041
3701,12701,Low,Low,0.026030818533039273,0.9363952455425063,0.03757393592445441
4334,13334,Low,Low,0.02736174082228408,0.924383575054515,0.04825468412320094
16646,25646,Medium,Medium,0.030578965660571795,0.029578996102439248,0.9398420382369889
9676,18676,Medium,Medium,0.030121934419928456,0.03061293344437489,0.9392651321356965
11973,20973,Low,Low,0.03721505777762812,0.8423036076016701,0.12048133462070183
1346,10346,Medium,Medium,0.03558674956420095,0.027496688669577666,0.9369165617662213
34838,43838,Medium,Medium,0.031730974189068575,0.027515586307847822,0.9407534395030837
30517,39517,Low,Low,0.025879538361445062,0.9168774596498386,0.05724300198871631
18674,27674,Low,Low,0.029000005126910793,0.8903260509615204,0.08067394391156879
10103,19103,High,High,0.939696093338256,0.02415444176034319,0.0361494649014009
30457,39457,Medium,Medium,0.03081121476279816,0.0313473903117387,0.9378413949254631
26785,35785,High,High,0.9273670225240863,0.033485985465206126,0.039146992010707586
20727,29727,Low,Low,0.02866761269711689,0.9330500168016789,0.03828237050120432
27294,36294,Medium,Medium,0.04019678882037159,0.03859356034990543,0.9212096508297231
23537,32537,Low,Low,0.026442542206183025,0.9368836371919729,0.03667382060184413
10550,19550,Medium,Medium,0.031215632813931457,0.030818946373829505,0.937965420812239
9235,18235,Low,Low,0.024462744324984145,0.9376208655261796,0.03791639014883617
47,9047,Low,Low,0.04030327514889698,0.8415065206059339,0.11819020424516911
36354,45354,High,High,0.9383093143268774,0.02529674936047717,0.03639393631264538
7155,16155,Medium,Medium,0.033493858235443756,0.030582028431630392,0.9359241133329258
22029,31029,Medium,Medium,0.029561312612731455,0.028348102679438564,0.94209058470783
30794,39794,Low,Low,0.03377095815959244,0.9300403932371061,0.03618864860330135
29296,38296,Low,Medium,0.03273276606351475,0.45687642401534284,0.5103908099211424
30941,39941,Low,Low,0.027049184396242393,0.9165445025523277,0.05640631305143003
16421,25421,Medium,Medium,0.03374658969612616,0.04214517049663721,0.9241082398072367
16622,25622,Medium,Medium,0.04149410480699369,0.03084912886573186,0.9276567663272743
17102,26102,Medium,Medium,0.029366917892705336,0.028223851949897825,0.9424092301573967
256,9256,Medium,Medium,0.02921010836954883,0.028294528132345242,0.942495363498106
13414,22414,Medium,Medium,0.46092872955945285,0.0361610367365516,0.5029102337039956
34534,43534,Medium,Medium,0.03203099059028707,0.031091951261504668,0.9368770581482083
24060,33060,Low,Low,0.030398326488194228,0.929458213257489,0.04014346025431679
2845,11845,Low,Low,0.039761674509103624,0.9098836239756927,0.05035470151520369
28464,37464,High,High,0.9371837054991191,0.02580961243791902,0.037006682062962
29896,38896,Medium,Medium,0.028126583405931205,0.0297795258440037,0.9420938907500652
32628,41628,Medium,Medium,0.03034117891397457,0.029884269926769385,0.939774551159256
1041,10041,Low,Low,0.03227962979168685,0.9266932091914586,0.04102716101685458
22437,31437,Medium,Medium,0.033814598261636845,0.02821520989296611,0.937970191845397
22197,31197,High,High,0.9365355014985282,0.025861492560454672,0.037603005941017224
31854,40854,Medium,Medium,0.03635394294138084,0.028515550093336922,0.9351305069652823
18681,27681,High,High,0.93684105557237,0.02619337241533505,0.03696557201229501
22151,31151,Low,Low,0.0414465968283971,0.9189365598328779,0.03961684333872498
35159,44159,Medium,Medium,0.053692067249763165,0.030741757862016394,0.9155661748882205
27982,36982,High,High,0.9351886250672811,0.02668175533007097,0.038129619602647935
9068,18068,Low,Medium,0.031020907886362966,0.03195510031186816,0.937023991801769
26952,35952,Medium,Medium,0.03313674387451636,0.029731238322831838,0.9371320178026519
33655,42655,High,High,0.9343698270635995,0.028622725908800165,0.03700744702760032
511,9511,Medium,Medium,0.028899787724525127,0.047084770319056966,0.9240154419564179
26428,35428,Medium,Medium,0.028768396120448497,0.02631532338535368,0.9449162804941977
20674,29674,Low,Low,0.028191486538112657,0.9313457670903702,0.04046274637151709
10288,19288,Medium,Medium,0.03192213390270029,0.03271183458492447,0.9353660315123752
38518,47518,Medium,Medium,0.028797044756619844,0.0277452278676034,0.9434577273757768
33418,42418,Medium,Medium,0.029428817518039527,0.03466513308337203,0.9359060493985885
1206,10206,Low,Low,0.028431885375426038,0.9283195934191376,0.04324852120543634
9129,18129,High,High,0.8828939221500057,0.02775516863920884,0.08935090921078544
8999,17999,Low,Low,0.03196472798147611,0.8816563747111502,0.08637889730737369
29791,38791,Medium,Medium,0.02957142053398998,0.028093233484483098,0.9423353459815269
25807,34807,Medium,Medium,0.03126510511322251,0.030188278127784032,0.9385466167589934
21565,30565,Medium,Medium,0.04797690606632359,0.03311247413677381,0.9189106197969027
16340,25340,High,High,0.9386307756030107,0.024984522975577256,0.03638470142141209
11086,20086,High,High,0.9380839593750734,0.02523917455035384,0.03667686607457272
36717,45717,Low,Low,0.02979778432916345,0.9290332724775734,0.04116894319326312
26237,35237,Medium,Medium,0.030415893613445433,0.032575151807040924,0.9370089545795137
16647,25647,Low,Low,0.02713192392463981,0.9293484027450427,0.043519673330317525
6583,15583,Low,Low,0.03076782235388291,0.8570329610265705,0.11219921661954664
25394,34394,Medium,Medium,0.047010755547135075,0.03194797799921,0.9210412664536549
14359,23359,Medium,Medium,0.030889345429975706,0.02838775387679605,0.9407229006932282
18144,27144,Medium,Medium,0.033028582790240006,0.031161065357646484,0.9358103518521136
1955,10955,High,High,0.9364666956769113,0.025667471860012198,0.037865832463076586
8987,17987,Medium,Medium,0.03163215600672321,0.03067395206613402,0.9376938919271427
22777,31777,Medium,Medium,0.0471800990899173,0.03211504578268856,0.9207048551273941
22050,31050,High,High,0.9280335588136656,0.032855853525904345,0.03911058766043015
31698,40698,Medium,Low,0.029947942217158564,0.9045999295402792,0.06545212824256218
28896,37896,Medium,Medium,0.07499342700970192,0.03243007669119472,0.8925764962991035
31297,40297,Medium,Medium,0.029315334648798128,0.038308712854064654,0.9323759524971372
6069,15069,High,High,0.9368574307361133,0.026236537728641735,0.036906031535245014
16972,25972,Medium,Medium,0.036617949851863306,0.027746900184118673,0.935635149964018
333,9333,Medium,Medium,0.042698967739785466,0.03731720243663538,0.9199838298235791
20547,29547,Medium,Medium,0.048711737918623516,0.0396887676917336,0.9115994943896428
23641,32641,Medium,Medium,0.034071209926969576,0.047317311132858,0.9186114789401724
39434,48434,Medium,Medium,0.03428851973610184,0.03311446157277129,0.9325970186911268
22904,31904,Medium,Medium,0.0317625029112599,0.0334133858511503,0.9348241112375898
8053,17053,High,High,0.9369132666326668,0.02710734556669353,0.03597938780063948
17424,26424,High,High,0.9282388248055179,0.03230970219664954,0.03945147299783263
37185,46185,Medium,Medium,0.032365974934510974,0.054630612022384145,0.9130034130431048
39518,48518,Medium,Medium,0.029095872081651153,0.027936387765317188,0.9429677401530316
23371,32371,Low,Low,0.025345663033251132,0.9205806688181788,0.05407366814857007
6421,15421,High,High,0.9358195444235973,0.028352974768061426,0.03582748080834139
38853,47853,Medium,Medium,0.029004751792930814,0.028236451063051848,0.9427587971440173
2149,11149,Medium,Medium,0.030300957550527464,0.03038066269018048,0.9393183797592921
13818,22818,Medium,Medium,0.035508445893315796,0.029894190589271744,0.9345973635174124
17385,26385,Low,Low,0.02699223398649386,0.9368857333486584,0.03612203266484775
32443,41443,Medium,Medium,0.029382776286933605,0.03037074715620791,0.9402464765568584
5527,14527,High,High,0.9175732016711503,0.041072723631354564,0.041354074697495184
23798,32798,High,High,0.9373435656870689,0.025542885896421622,0.037113548416509594
11177,20177,High,High,0.9320840565056411,0.031349946258815445,0.03656599723554349
8032,17032,High,High,0.9276325747965565,0.027338136671741717,0.04502928853170173
33473,42473,Low,Low,0.03142234670779016,0.921503982125906,0.0470736711663039
2147,11147,High,High,0.9304830487124537,0.03136110186898617,0.0381558494185602
9870,18870,Medium,Medium,0.034994566128772525,0.032094663730704666,0.9329107701405229
37362,46362,Low,Low,0.04547757218242907,0.7382521282972521,0.21627029952031876
14593,23593,Low,Medium,0.03551212794654828,0.03094667175710265,0.9335412002963492
18959,27959,Medium,Low,0.03114214649200131,0.5243971926872035,0.4444606608207951
9747,18747,Low,Low,0.02673870364982983,0.9375061229544149,0.035755173395755374
11054,20054,High,High,0.9352974902975776,0.026147687567673866,0.03855482213474857
24249,33249,High,High,0.9327154485948573,0.029103025929336238,0.03818152547580633
19735,28735,Medium,Medium,0.03549658591835849,0.03877892360737912,0.9257244904742624
11882,20882,High,High,0.9322411801336079,0.026020482783201525,0.04173833708319041
30104,39104,Medium,Medium,0.030626257015163513,0.027549155765909532,0.9418245872189269
29039,38039,Medium,Medium,0.03171660761688636,0.03788671834849208,0.9303966740346216
33886,42886,Low,Low,0.027312575239043468,0.8968762109420325,0.07581121381892399
25730,34730,Medium,Medium,0.031048318976548733,0.02964274560852731,0.9393089354149241
8039,17039,High,High,0.9346104472206233,0.026978049958319855,0.03841150282105687
9690,18690,Medium,Medium,0.032212749559730795,0.031307586950259536,0.9364796634900098
856,9856,High,High,0.9321174976329769,0.027710873517061963,0.04017162884996115
36272,45272,High,High,0.9293903021986871,0.02842218394923279,0.04218751385208009
30711,39711,Medium,Medium,0.041048536948422254,0.03294948105782284,0.9260019819937549
15328,24328,Medium,Medium,0.02791600561254912,0.3221176299426579,0.6499663644447929
5807,14807,Low,Low,0.028245524947535797,0.928168411106153,0.043586063946311114
39885,48885,High,High,0.9330411789955622,0.025407820822788852,0.041551000181649
7232,16232,Medium,Medium,0.02927717263748045,0.02841759991156556,0.9423052274509539
35738,44738,Medium,Medium,0.029159989300116623,0.03126918514205643,0.9395708255578269
4203,13203,High,High,0.9356349270059835,0.026974532460408606,0.037390540533607956
29121,38121,Medium,Medium,0.03551927410371739,0.0373687953509057,0.9271119305453769
27181,36181,Medium,Medium,0.03170940292997055,0.034853061143576135,0.9334375359264534
24996,33996,Medium,Medium,0.08511883017443143,0.030750543315643714,0.8841306265099248
2218,11218,High,High,0.9391323228938667,0.02525906904984851,0.035608608056284824
17434,26434,Medium,Medium,0.18410198770376582,0.03992607516268398,0.7759719371335502
38616,47616,Medium,Low,0.03922826193457461,0.8870381225519951,0.07373361551343043
10804,19804,High,High,0.9367068458940402,0.026215320256829728,0.03707783384912999
21955,30955,Medium,Medium,0.039513412157991305,0.031994916413544454,0.9284916714284642
20189,29189,Medium,Medium,0.036368375788328786,0.028576003295533958,0.9350556209161373
32142,41142,Medium,Medium,0.03374757331055936,0.03478505000197605,0.9314673766874645
37673,46673,High,High,0.9220704317618543,0.03181998668852393,0.04610958154962177
5248,14248,Low,Low,0.036065298867980565,0.9222660897510888,0.0416686113809307
25549,34549,Medium,Medium,0.03722060618397718,0.03132598629330685,0.9314534075227159
32091,41091,Medium,Medium,0.03394295251230774,0.029781982464229046,0.9362750650234632
34227,43227,High,High,0.9354941315195564,0.027699382933428482,0.03680648554701504
28053,37053,Low,Low,0.030353039171298946,0.9273301221126812,0.04231683871601991
22546,31546,Medium,Medium,0.04560964106215324,0.03200315958068782,0.922387199357159
21012,30012,Low,Low,0.03259414373256835,0.7844862200288784,0.18291963623855345
6300,15300,High,High,0.8554080045714967,0.03439716349541622,0.110194831933087
19967,28967,Low,Low,0.027109582703710788,0.9376954691290411,0.03519494816724821
24202,33202,Medium,Medium,0.036236797964577384,0.0370434358942895,0.9267197661411332
34937,43937,High,High,0.9373070320662557,0.025843681948986476,0.036849285984757806
27337,36337,Medium,Medium,0.03134371638995851,0.0344905603300615,0.93416572327998
14118,23118,Low,Low,0.029985642834040108,0.9305979589501572,0.03941639821580272
16344,25344,Medium,Medium,0.03162261834634233,0.03152148932397972,0.9368558923296778
37875,46875,High,High,0.9365757946718825,0.025895992499759598,0.03752821282835809
33952,42952,Medium,Medium,0.03283978640308679,0.030185356433897876,0.9369748571630154
8910,17910,Low,Low,0.02594241315270172,0.9343758682602461,0.039681718587052224
36339,45339,High,High,0.9318126113314534,0.02906953420158519,0.039117854466961276
39806,48806,Medium,Medium,0.027953424641855684,0.028243435724548724,0.9438031396335956
33740,42740,Low,Low,0.029488012617902154,0.9282778285747503,0.04223415880734752
9116,18116,Medium,Medium,0.030202001669963313,0.027328912609299077,0.9424690857207376
13721,22721,High,High,0.8804316781481548,0.030317700036219152,0.08925062181562593
30972,39972,Medium,Medium,0.039743376644129004,0.03762510072142743,0.9226315226344436
3624,12624,Low,Low,0.026132839173351425,0.9389212295515007,0.03494593127514777
20687,29687,Low,Low,0.027374529674287693,0.8923829932095749,0.08024247711613734
13379,22379,Medium,Medium,0.030056936955498798,0.039575876731993385,0.9303671863125077
29651,38651,Medium,Medium,0.03398096882873735,0.0298506243402278,0.9361684068310349
18816,27816,High,High,0.9304762617116307,0.030412290543141346,0.03911144774522801
8448,17448,High,High,0.9274723128934707,0.03418762260700007,0.03834006449952929
30745,39745,Medium,High,0.9287186088006765,0.03230792382251155,0.03897346737681195
37474,46474,High,High,0.5481507371907898,0.03844065645912279,0.41340860635008747
39809,48809,Low,Low,0.029256128652108956,0.9323639930574097,0.03837987829048129
23020,32020,Low,Low,0.036498700480520764,0.9199312448272957,0.043570054692183634
3374,12374,High,High,0.9323985549874024,0.02688275264269262,0.04071869236990503
605,9605,Low,Medium,0.03178433271545351,0.032381185000110675,0.9358344822844359
34358,43358,Medium,Medium,0.02979938947134714,0.032787800736796206,0.9374128097918567
39822,48822,High,High,0.9190862180523065,0.03458111187485733,0.04633267007283609
23440,32440,Medium,Medium,0.026272729039317332,0.10211914491091878,0.871608126049764
36007,45007,High,High,0.9359360968765195,0.02698619765298509,0.03707770547049557
4948,13948,Low,Low,0.08763962715031182,0.8647161184243736,0.04764425442531454
11891,20891,Medium,Low,0.036336203333863594,0.501581595580331,0.46208220108580544
11094,20094,Medium,Medium,0.039837029251940916,0.04630674452903191,0.9138562262190272
32888,41888,Medium,Medium,0.043742828045357764,0.03253448742642271,0.9237226845282196
17622,26622,High,High,0.9351151380041314,0.02727721091644553,0.037607651079423134
27692,36692,Medium,Medium,0.031422611127323107,0.02649920393399693,0.9420781849386799
20010,29010,Low,Medium,0.0317387293450403,0.03306203703433284,0.9351992336206268
37732,46732,Medium,Medium,0.036487277337073104,0.04730624311474788,0.9162064795481789
30735,39735,Medium,High,0.9361195256401643,0.0258559530714839,0.03802452128835184
29,9029,Low,Low,0.02989635605046867,0.9073117564569196,0.06279188749261172
13636,22636,Medium,Medium,0.039668632501576186,0.02930057481533285,0.931030792683091
29762,38762,High,Medium,0.03165996186873682,0.03293659774065335,0.9354034403906099
22740,31740,Medium,Medium,0.03955061008038104,0.027259341902804046,0.9331900480168148
34611,43611,Medium,Medium,0.030820301171050928,0.03065360996145046,0.9385260888674986
7200,16200,Low,Low,0.02947391449177041,0.9288532664718074,0.04167281903642205
34740,43740,Medium,Medium,0.03290775566085916,0.032080281957493344,0.9350119623816474
2609,11609,High,High,0.9369238302641305,0.026073936708347966,0.037002233027521585
6489,15489,Low,Low,0.030332681381209602,0.9047614078638522,0.06490591075493819
19807,28807,Medium,Medium,0.03355909025999101,0.030034687839575025,0.936406221900434
28743,37743,High,High,0.9262183441376468,0.030112686010438487,0.04366896985191474
12385,21385,Low,Low,0.03441537917757008,0.6714561269246481,0.29412849389778184
21860,30860,Low,Low,0.027244139098326726,0.9231897684671694,0.04956609243450383
25653,34653,Medium,Medium,0.03803066361773539,0.03384294877633784,0.9281263876059268
24780,33780,High,High,0.9355451143818941,0.027730935069641766,0.036723950548464064
29405,38405,Low,Low,0.02625858810962518,0.937556251416605,0.03618516047376987
13805,22805,Medium,Medium,0.032365418146381296,0.026882402377861808,0.9407521794757568
8871,17871,Medium,High,0.9313003291798282,0.027465336471018852,0.041234334349152864
26921,35921,Medium,Medium,0.032846784592550984,0.03109562178410211,0.9360575936233468
36895,45895,Medium,Medium,0.036518660078405145,0.03481193581969997,0.9286694041018948
3636,12636,Low,Low,0.03804346866969958,0.9179493857766969,0.044007145553603445
1219,10219,High,Medium,0.03185426908033325,0.044031113789117365,0.9241146171305493
18390,27390,Medium,Medium,0.03162288185089263,0.02958139903962308,0.9387957191094843
19814,28814,Low,Low,0.027250083343710884,0.918629312277472,0.05412060437881707
11218,20218,Medium,Medium,0.02767434237143107,0.038129004757866077,0.9341966528707027
39303,48303,High,High,0.9298683032366656,0.028502005162000132,0.041629691601334236
23550,32550,High,High,0.939497582121447,0.023990595122706723,0.03651182275584621
32660,41660,Low,Low,0.02606835507544882,0.930193608474283,0.04373803645026814
13159,22159,Low,Low,0.028098333086607103,0.9299142919943232,0.04198737491906976
21939,30939,Low,Low,0.02871946713113285,0.932649543785729,0.03863098908313817
27122,36122,Low,Low,0.026857375313580085,0.9277524529053033,0.045390171781116546
32383,41383,Medium,Medium,0.029351927369125924,0.02782870201979792,0.9428193706110761
22494,31494,Low,Medium,0.033336097787859204,0.029201574513857423,0.9374623276982833
4479,13479,Medium,Medium,0.03183001232740404,0.04301040270877108,0.9251595849638249
33904,42904,High,High,0.9371326438722333,0.02572165710481843,0.03714569902294834
2237,11237,Low,Low,0.030660452147500544,0.9334743873435826,0.03586516050891683
26187,35187,High,Low,0.03048823739849858,0.9324875235569174,0.03702423904458396
39376,48376,High,High,0.6948198019660721,0.030139248518697367,0.27504094951523067
32643,41643,Low,Low,0.029002402709261285,0.8660956083824343,0.10490198890830445
31758,40758,High,High,0.9343382901965483,0.02735088467118509,0.03831082513226663
16679,25679,Medium,Medium,0.03515477486574484,0.030826519309909383,0.9340187058243458
7511,16511,High,High,0.9348563387292382,0.027185992174001056,0.03795766909676077
26884,35884,Medium,Low,0.031276709855682726,0.6082042649293998,0.3605190252149173
36823,45823,Medium,Medium,0.0760910236133728,0.030050747802744054,0.8938582285838832
28162,37162,High,High,0.9372638179795233,0.025362407088000666,0.03737377493247594
11610,20610,Medium,Medium,0.31302386815858224,0.032146654961988375,0.6548294768794295
38608,47608,Medium,Medium,0.04000477731873383,0.31746736955416366,0.6425278531271025
3976,12976,High,High,0.8975135518917242,0.045230162043209926,0.05725628606506581
27101,36101,High,High,0.9338537754771606,0.027221967494038088,0.038924257028801285
27917,36917,Medium,Medium,0.034066495554908705,0.0334461437787194,0.9324873606663718
23810,32810,Medium,Low,0.025436874411187065,0.8899752905434828,0.08458783504533024
24222,33222,Low,Low,0.05566746139733005,0.8969755918526402,0.047356946750029716
35985,44985,Medium,Medium,0.0341122817376406,0.03116446163958489,0.9347232566227746
16462,25462,High,High,0.9376037205797821,0.025760090901212448,0.036636188519005526
15920,24920,Low,Medium,0.035009458287204503,0.03089779931561165,0.9340927423971838
26860,35860,High,Medium,0.034197450060863784,0.03685304479396828,0.928949505145168
19297,28297,Medium,Medium,0.04702648363172535,0.036199225613518966,0.9167742907547556
980,9980,Medium,Medium,0.037457282330706027,0.03446182884277741,0.9280808888265165
12463,21463,High,High,0.9374767606826766,0.025664646281827724,0.036858593035495574
15381,24381,Medium,Medium,0.02966317118067553,0.02948151309195571,0.9408553157273687
24984,33984,High,High,0.9342681185934986,0.02796408854115319,0.03776779286534832
24500,33500,Medium,Medium,0.02970481850702954,0.039504594312793406,0.930790587180177
2048,11048,Medium,Medium,0.028541543454202598,0.026542680805025327,0.944915775740772
9794,18794,Medium,Medium,0.028847848575261167,0.025804365028738136,0.9453477863960007
18212,27212,Low,Low,0.036294572083304465,0.9256500978803258,0.038055330036369656
39677,48677,High,High,0.938954783692067,0.02410416153960211,0.03694105476833092
31089,40089,High,Low,0.02552056372518602,0.9331350333563094,0.04134440291850453
27678,36678,Medium,Medium,0.03528892647242638,0.03277916189902468,0.931931911628549
19153,28153,Medium,Medium,0.030534843992808175,0.030250542438836504,0.9392146135683553
14830,23830,Medium,Medium,0.032448050384969805,0.11236932448136927,0.8551826251336608
13060,22060,Medium,Medium,0.03283267724613514,0.04070911955433603,0.9264582031995289
28748,37748,Low,High,0.929017764527997,0.032717578750137234,0.03826465672186578
7860,16860,High,High,0.9362512303289053,0.026290035940942078,0.03745873373015265
34860,43860,Low,Low,0.028306473184176256,0.8874169661742802,0.08427656064154358
22012,31012,Medium,Medium,0.04046494638361196,0.028460963584434215,0.9310740900319537
15260,24260,Low,Low,0.038501386561012756,0.920584970019859,0.040913643419128363
1448,10448,Low,Low,0.03139021530937526,0.93201645995931,0.036593324731314755
14058,23058,Medium,Medium,0.03995697141278814,0.037226148155756325,0.9228168804314555
2798,11798,Low,Low,0.029815884670916726,0.9294981903556132,0.0406859249734701
25091,34091,Medium,Medium,0.032141365641231025,0.13117361972006858,0.8366850146387005
38637,47637,High,High,0.9329475095433444,0.02961388740809078,0.03743860304856484
6976,15976,Medium,Medium,0.029039088625150953,0.028591310639923217,0.9423696007349257
35861,44861,High,High,0.940473949648646,0.023384687988238534,0.036141362363115506
26419,35419,Medium,Medium,0.029215029954169257,0.03116850605472868,0.9396164639911021
37496,46496,Low,Low,0.03242751185462064,0.9191393788687616,0.04843310927661774
28836,37836,Medium,Medium,0.02781921952933684,0.028293280824849096,0.9438874996458141
19984,28984,Medium,Medium,0.04320851929771984,0.03588050894411746,0.9209109717581628
28918,37918,High,High,0.7292691384182611,0.04385881437255784,0.2268720472091811
19827,28827,Medium,Medium,0.031662314589393906,0.02802150794661894,0.9403161774639872
27859,36859,Medium,Medium,0.03627311952894056,0.031865362186167964,0.9318615182848914
23263,32263,High,High,0.9340510407559369,0.027703190038591157,0.0382457692054719
31001,40001,Low,Low,0.02604964488374284,0.9294079128838902,0.04454244223236694
11484,20484,Low,Low,0.02875202575931905,0.9175271780252324,0.053720796215448584
32081,41081,Medium,Medium,0.03083311221990498,0.029277764320399347,0.9398891234596957
8551,17551,High,Low,0.05269938825044332,0.6233317139264694,0.32396889782308724
21900,30900,Low,Low,0.038821103001211825,0.9200349345510039,0.04114396244778414
3304,12304,Low,Low,0.05710947685971007,0.7365065462598167,0.2063839768804733
38487,47487,High,High,0.9377375549112911,0.025196597660336047,0.03706584742837283
38888,47888,High,High,0.9356742427260203,0.026235868756563863,0.03808988851741595
5811,14811,Low,Low,0.029348712219020898,0.8873939903009025,0.08325729748007661
37177,46177,Low,Low,0.027994950785989497,0.9318115106667652,0.04019353854724532
33071,42071,High,High,0.9349381113077069,0.02702703809875054,0.038034850593542634
21688,30688,Low,Low,0.02687000514159478,0.9298228561887218,0.04330713866968341
29582,38582,High,High,0.9271005415101121,0.027171088787942953,0.045728369701944875
9692,18692,Low,Low,0.026586798935359566,0.9355320319777674,0.037881169086873036
23031,32031,Low,Low,0.029776319925178433,0.9273721375613939,0.04285154251342769
17616,26616,Medium,Medium,0.028824456509162304,0.02860927844106501,0.9425662650497727
18634,27634,Medium,Medium,0.034304930705594934,0.031540538745659076,0.9341545305487461
5260,14260,Medium,Medium,0.035057592787768065,0.03076213973780681,0.934180267474425
32116,41116,Medium,Medium,0.03025379225453677,0.028073168093212822,0.9416730396522505
31374,40374,High,High,0.9347605429536759,0.025421123190957972,0.03981833385536607
17347,26347,High,High,0.9319478514299195,0.02952159277443166,0.03853055579564874
6095,15095,High,High,0.9364254145706002,0.02627111837668945,0.03730346705271037
26126,35126,Low,Low,0.03472747666629644,0.9199725487659557,0.04529997456774799
31787,40787,Low,Low,0.027375278187478095,0.8265244603433269,0.146100261469195
1083,10083,Low,Medium,0.030418498920235848,0.03200025367830333,0.9375812474014608
20947,29947,Medium,Medium,0.03161683802935188,0.02847509006828156,0.9399080719023666
38785,47785,Medium,Medium,0.03609849493676285,0.03109006537369098,0.9328114396895462
35235,44235,Medium,Medium,0.03152993098021739,0.03203134753842855,0.9364387214813541
9545,18545,Low,Low,0.02532703637566239,0.9349153197105556,0.039757643913781865
23826,32826,Low,Low,0.029302667897544783,0.9328437370071955,0.03785359509525971
7011,16011,Medium,Medium,0.03242668951117201,0.037363711239983076,0.9302095992488448
32109,41109,Medium,Medium,0.04016806336288147,0.031231573103816437,0.928600363533302
18030,27030,Medium,Medium,0.032243089272763405,0.04135420751669248,0.9264027032105441
19628,28628,Low,Low,0.04504339447571585,0.9108063475530478,0.04415025797123635
18529,27529,Medium,Low,0.034401211106578636,0.8370692423972552,0.12852954649616613
13655,22655,Low,Low,0.029550631872150023,0.9323049890319189,0.038144379095930915
34783,43783,Medium,High,0.9384570278255863,0.024530016953457513,0.03701295522095623
14484,23484,Low,Low,0.031194610769000732,0.9204359661347713,0.048369423096227944
26355,35355,High,High,0.9388280439002198,0.025134541083612152,0.036037415016168146
34834,43834,Medium,Medium,0.03633489153614608,0.08246255361890104,0.8812025548449528
13149,22149,Medium,Medium,0.02962252483141718,0.029221396641057776,0.9411560785275251
27737,36737,Low,Low,0.02554859225467017,0.9365468853170519,0.0379045224282781
28840,37840,High,High,0.9293007640671155,0.02802622689944721,0.04267300903343724
22802,31802,Low,Low,0.028268470477774185,0.9263913099781732,0.04534021954405252
14842,23842,Low,Medium,0.032979554090916685,0.03227176892702566,0.9347486769820575
28739,37739,Medium,Medium,0.034723871040473676,0.0410791084837153,0.9241970204758111
37437,46437,Medium,Medium,0.03314443281255343,0.03807433695691482,0.9287812302305317
30317,39317,Low,Low,0.027177197749418902,0.9373612634861129,0.03546153876446823
36738,45738,High,High,0.9350915442675886,0.027265352373109883,0.037643103359301676
18394,27394,Low,Low,0.030507808740336814,0.9317036068451365,0.037788584414526614
34284,43284,Medium,Medium,0.03394007699510304,0.03296151974332474,0.9330984032615722
34156,43156,Low,Low,0.05863963880521016,0.8988721036291,0.042488257565689684
24197,33197,Medium,Medium,0.039614343445512575,0.3047832512874257,0.6556024052670617
38280,47280,Medium,Medium,0.03528570887537826,0.03381096981689616,0.9309033213077256
29829,38829,High,High,0.9286524731858835,0.027480097201765193,0.04386742961235127
19421,28421,Medium,Medium,0.03513099531953062,0.029962697286454277,0.934906307394015
33606,42606,Medium,Medium,0.02896246634816113,0.026265722121712604,0.9447718115301263
27953,36953,High,High,0.939468229790335,0.02515254766069293,0.035379222548971974
30287,39287,Medium,Medium,0.0331235682073998,0.05325828352081966,0.9136181482717806
5090,14090,Low,Low,0.037220906017537435,0.8981178912856435,0.06466120269681912
36780,45780,Low,Low,0.028533810359464756,0.9245288366419092,0.04693735299862608
32909,41909,Medium,Medium,0.03192294854948286,0.03104698206367258,0.9370300693868444
4663,13663,High,High,0.9344396626646295,0.025253635297136603,0.04030670203823401
11764,20764,High,High,0.9371019742286375,0.025860313219190495,0.03703771255217205
38671,47671,High,High,0.9354930998107477,0.027491743257518315,0.03701515693173402
17094,26094,Medium,Medium,0.03075397417006293,0.03155950759813611,0.9376865182318009
11171,20171,Medium,Medium,0.031724611826944075,0.033169837700093574,0.9351055504729623
34848,43848,High,High,0.8822609216675658,0.02973951490157935,0.08799956343085487
32250,41250,High,High,0.933385805717822,0.025030934566567766,0.041583259715610166
31594,40594,Medium,Low,0.030853477822910536,0.9326200205919261,0.03652650158516349
18510,27510,High,High,0.9378163224111042,0.025215138029862753,0.03696853955903307
27840,36840,Medium,Medium,0.02840093408340662,0.027075226920911466,0.9445238389956819
23195,32195,High,Medium,0.03401847033594601,0.027746144931976326,0.9382353847320776
33787,42787,Medium,Medium,0.035767157980841215,0.027227561091446417,0.9370052809277123
9957,18957,Medium,Medium,0.030406247576085316,0.028600159455726762,0.940993592968188
33853,42853,Low,Low,0.025812104528941907,0.9063525085291705,0.06783538694188766
36594,45594,Medium,Medium,0.035101235530957876,0.19598280394850867,0.7689159605205335
39723,48723,Low,Medium,0.02964333625824184,0.027133753267610184,0.943222910474148
5519,14519,Medium,Medium,0.035785702535005466,0.045853402540829376,0.9183608949241652
17344,26344,High,High,0.9351002632589794,0.02648845437951222,0.038411282361508266
10674,19674,Medium,Medium,0.03275143413189793,0.03552977688664304,0.931718788981459
1243,10243,Medium,Medium,0.03145742535005723,0.028901151594925855,0.9396414230550169
9319,18319,Low,Low,0.028669327025728386,0.9203537652146178,0.0509769077596538
37487,46487,Medium,Medium,0.04595762520810082,0.0387842304321499,0.9152581443597492
10500,19500,High,High,0.9242751825398479,0.03642508921825265,0.039299728241899444
19468,28468,Medium,Medium,0.046681250880256264,0.30707995789099846,0.6462387912287453
35208,44208,Medium,Medium,0.036425485841234014,0.031863581855340974,0.931710932303425
20158,29158,Medium,Medium,0.05444273074694927,0.030247417145558318,0.9153098521074924
23021,32021,Low,Low,0.02805852922477459,0.9331702969684571,0.03877117380676836
32692,41692,High,High,0.9335662790642161,0.027936653044467546,0.03849706789131637
19269,28269,Low,Low,0.025627007427034932,0.9271791645350177,0.04719382803794736
19005,28005,Medium,Medium,0.03436989936387524,0.051728612427079636,0.9139014882090452
20549,29549,Low,Low,0.025032223285366695,0.9344303827728752,0.0405373939417581
14933,23933,Low,Low,0.03103342261891509,0.9301133145430054,0.03885326283807942
31597,40597,Medium,Medium,0.02877669251123828,0.037424020623210714,0.933799286865551
1477,10477,High,High,0.9363570003359908,0.025689039051385847,0.037953960612623454
19877,28877,Medium,Medium,0.030159305274152486,0.04515782451651227,0.9246828702093352
13786,22786,Medium,Medium,0.03209576272723617,0.03443548401516713,0.9334687532575967
17258,26258,Low,Low,0.032678350598346645,0.8950301772744066,0.07229147212724668
33718,42718,Medium,Medium,0.032068584455327266,0.030751955664536673,0.9371794598801361
22813,31813,Low,Low,0.03369301603647627,0.8969036281723765,0.06940335579114727
30339,39339,High,High,0.9355800758684197,0.026270358999055336,0.03814956513252488
12226,21226,Low,Medium,0.024518138481713487,0.032875199005529966,0.9426066625127566
14311,23311,Low,Low,0.026627725961200926,0.9373817198591992,0.03599055417959992
28279,37279,Medium,Low,0.030993166322545878,0.8523232130914361,0.116683620586018
14386,23386,Medium,Medium,0.052342337720772424,0.03141244457522243,0.916245217704005
37293,46293,Medium,High,0.9360239204525955,0.02725120323157,0.036724876315834355
19542,28542,High,Medium,0.03810384683351354,0.043881197969212964,0.9180149551972735
39330,48330,Medium,Medium,0.03160637347230254,0.029248006528618847,0.9391456199990786
8993,17993,Low,Low,0.029354447184662624,0.9255647701306534,0.04508078268468393
17059,26059,Low,Low,0.030916307114238453,0.9313534118541185,0.03773028103164308
36849,45849,Low,Low,0.026411629389120613,0.9372262659876713,0.0363621046232081
36508,45508,Low,Low,0.025619939249694922,0.9088962141607846,0.0654838465895205
32344,41344,Medium,Medium,0.03182253146194726,0.03639029649914505,0.9317871720389078
27086,36086,Medium,Medium,0.03032123846626758,0.05790896131309808,0.9117698002206344
9315,18315,High,High,0.932098244504649,0.028063090448739142,0.039838665046611835
35785,44785,Low,Low,0.03306324930770442,0.8553287887710163,0.11160796192127927
39890,48890,Medium,Medium,0.030532736951023015,0.02886275684533236,0.9406045062036447
36089,45089,Low,Low,0.02713399277653906,0.9332693751690281,0.03959663205443281
1155,10155,Low,Low,0.028370443510978078,0.9371649104052476,0.03446464608377439
16752,25752,Medium,Medium,0.04017660216950417,0.031189731630782785,0.9286336661997131
14735,23735,Medium,Medium,0.028778468563602527,0.029104547607640505,0.942116983828757
25007,34007,Low,Low,0.0345748998009716,0.919367725838863,0.046057374360165486
13048,22048,Medium,Medium,0.03127038613071575,0.03557359683465833,0.9331560170346259
4328,13328,High,High,0.8270926792561237,0.06308440865814131,0.10982291208573493
10485,19485,High,High,0.9330630919361492,0.02714913545648782,0.03978777260736291
13314,22314,Medium,Medium,0.03892018782168718,0.036408397014763026,0.9246714151635498
13203,22203,High,High,0.9351412087575879,0.02742348141179085,0.037435309830621245
26036,35036,High,High,0.9331740282169031,0.028050579083826552,0.03877539269927049
6684,15684,Low,Low,0.036161343384501325,0.9201252027860081,0.043713453829490545
18104,27104,Low,Low,0.02894585221067139,0.8367399457694153,0.13431420201991326
38695,47695,High,High,0.9257504169902461,0.02619704449003445,0.04805253851971932
8030,17030,High,High,0.8865372638166343,0.03042084628152364,0.08304188990184214
25504,34504,High,High,0.9300610324693043,0.030799186059598613,0.03913978147109726
34023,43023,Medium,Medium,0.03968941695411399,0.030574124100882196,0.9297364589450038
7309,16309,Medium,Medium,0.034890386623508,0.031847535851273055,0.9332620775252188
23593,32593,Medium,Medium,0.03173204697520607,0.027562054806222324,0.9407058982185718
3444,12444,Medium,Medium,0.046562142991358774,0.03706628045813618,0.916371576550505
12802,21802,Low,Low,0.027798125743628475,0.935243725185933,0.0369581490704385
5122,14122,High,High,0.9359884386267533,0.026586009814748828,0.037425551558497895
18656,27656,Low,Low,0.02984206315191087,0.9218648170427916,0.04829311980529751
1445,10445,Medium,Medium,0.07874135356661152,0.034128079539291374,0.8871305668940971
38757,47757,High,High,0.9349452133726849,0.024159856923676306,0.04089492970363872
15431,24431,Medium,Medium,0.03024814739999382,0.10132347571038514,0.868428376889621
291,9291,Low,Low,0.025636685711506364,0.9374930188236302,0.03687029546486335
20921,29921,Low,High,0.9346163818723291,0.028248584243295637,0.03713503388437515
30273,39273,High,High,0.9306862437150335,0.02699517790765862,0.04231857837730788
33250,42250,Medium,Medium,0.034344350112785395,0.09981435369110385,0.8658412961961108
1622,10622,Medium,High,0.8756633027653011,0.04275439484321814,0.08158230239148088
20818,29818,Medium,Medium,0.03807669639175986,0.030890955309547292,0.9310323482986927
34761,43761,High,Medium,0.2930036079612834,0.048171759179433615,0.658824632859283
14669,23669,Medium,Medium,0.03173322874439862,0.0329347362125628,0.9353320350430385
18343,27343,Medium,Medium,0.02935806574280586,0.028769223376303832,0.9418727108808902
8230,17230,Medium,Medium,0.0413152758397827,0.04345132414038214,0.9152334000198351
11330,20330,Low,Low,0.03246425546415829,0.9303106724344891,0.03722507210135264
33712,42712,High,Medium,0.05892412956347293,0.027272784620351636,0.9138030858161755
14114,23114,Medium,Medium,0.03097670758793365,0.02941967856533238,0.939603613846734
17159,26159,Low,Low,0.03201942405097261,0.9269365955325063,0.0410439804165211
2179,11179,Medium,Medium,0.03586212188892509,0.028924518982198666,0.9352133591288764
20963,29963,Medium,Medium,0.030577744783661553,0.02731373699387718,0.9421085182224612
8461,17461,Medium,Medium,0.03570329448574645,0.03625440372212926,0.9280423017921242
1440,10440,Medium,Medium,0.03558994959375598,0.03009679407276261,0.9343132563334815
14687,23687,Medium,Medium,0.03831050194195038,0.03844545589993203,0.9232440421581175
22684,31684,Low,Low,0.03936769722293185,0.6173879750606618,0.3432443277164062
27946,36946,Medium,Medium,0.029820394344476572,0.03580528106920983,0.9343743245863135
1080,10080,Medium,Medium,0.03589548245483725,0.03294614323263254,0.9311583743125302
4399,13399,High,Medium,0.042327946424295194,0.04622018369040695,0.9114518698852979
10879,19879,Low,Low,0.027315497051243916,0.9371212852579452,0.035563217690810826
5235,14235,Medium,Medium,0.033218344984182246,0.03229549372275063,0.934486161293067
33565,42565,Medium,Medium,0.03714900781211187,0.19936079446461774,0.7634901977232703
2956,11956,Low,Low,0.02649568272389637,0.9343354153008471,0.03916890197525657
39899,48899,Medium,Medium,0.029189766208445173,0.035692813541516086,0.9351174202500387
22564,31564,Medium,Low,0.029592787012066062,0.9346999055328492,0.03570730745508485
24785,33785,Medium,Medium,0.03990423611482379,0.031067256829083203,0.929028507056093
29327,38327,High,High,0.8403230207541479,0.03107365539088996,0.12860332385496212
27487,36487,Low,Low,0.025902470298968444,0.9365785857437746,0.03751894395725696
29049,38049,Low,Low,0.02718261336399974,0.9312452544921909,0.04157213214380945
11593,20593,Medium,Medium,0.037455352832594005,0.03310580003735294,0.9294388471300531
14368,23368,Medium,Medium,0.034142281949698094,0.0343996418450854,0.9314580762052166
32198,41198,Medium,Medium,0.03168825170733199,0.029035986109642236,0.9392757621830259
36396,45396,Medium,Medium,0.03164339691749455,0.13156592829968541,0.83679067478282
9434,18434,Low,Low,0.031175180647008586,0.776909362767323,0.1919154565856683
29177,38177,High,High,0.9391006894012054,0.02437250392937174,0.03652680666942287
36658,45658,Low,Low,0.026116653237578388,0.9354034170084468,0.03847992975397493
4250,13250,Low,Low,0.026905846352971146,0.9212968988440778,0.05179725480295097
23112,32112,High,High,0.9360074379871168,0.02623886186601919,0.03775370014686405
22480,31480,High,High,0.9152529402510607,0.036834211503087015,0.04791284824585234
1836,10836,High,High,0.90683130849416,0.04493131252492766,0.04823737898091216
12204,21204,Medium,Medium,0.0451958350979863,0.03116222423872771,0.923641940663286
6782,15782,Medium,Medium,0.03434254016743255,0.0521513829157547,0.9135060769168127
17790,26790,Medium,Medium,0.09885038121278052,0.03817324228924931,0.8629763764979702
38997,47997,High,High,0.9343658884179254,0.02840994588842059,0.03722416569365393
23253,32253,Medium,Medium,0.03329966353130585,0.14692089349020873,0.8197794429784855
10172,19172,Low,Low,0.02866318012263985,0.793416663125551,0.17792015675180908
7543,16543,Medium,Medium,0.04060749273040211,0.3266511393353544,0.6327413679342434
6328,15328,Low,Medium,0.03682304471278517,0.043864108751082605,0.9193128465361321
19008,28008,Medium,Medium,0.08953463595549986,0.034418889717088154,0.876046474327412
33770,42770,High,High,0.9326134932843528,0.028489973737268758,0.03889653297837847
33303,42303,Low,Low,0.025112385629656047,0.9386055677784487,0.03628204659189522
29704,38704,Low,Low,0.03441211982506421,0.9271363225492025,0.03845155762573324
6029,15029,Low,Low,0.02952031490110515,0.9318494277547228,0.03863025734417206
26655,35655,Medium,Medium,0.10123126662758397,0.035589150126742124,0.863179583245674
10120,19120,Low,Low,0.02626019584718621,0.9328487305758945,0.04089107357691926
21109,30109,High,Low,0.028011539223270366,0.9304991114435289,0.04148934933320076
30709,39709,High,High,0.9302065518419459,0.03230020710659056,0.03749324105146358
28615,37615,Low,High,0.9295666160280787,0.029731989043880958,0.040701394928040396
4056,13056,Low,Medium,0.034499044854932874,0.2719470336008775,0.6935539215441896
29920,38920,Medium,Low,0.026488408151230717,0.9385099243177185,0.03500166753105071
20510,29510,Low,Low,0.027361276197837802,0.8197923652171193,0.152846358585043
26892,35892,High,High,0.8946648928795531,0.05419787664062387,0.05113723047982296
27324,36324,High,High,0.904853715609906,0.03620624313470235,0.058940041255391595
31063,40063,Low,Medium,0.0308213536561949,0.2568792902161332,0.7122993561276719
32223,41223,Medium,Medium,0.036166052068455155,0.33059336017657137,0.6332405877549735
13622,22622,Medium,Medium,0.0320824359814765,0.02768383233104441,0.9402337316874791
19772,28772,High,High,0.936187466683814,0.026330949944868492,0.03748158337131746
33515,42515,Medium,Medium,0.03062868310461422,0.028265001233209852,0.941106315662176
6940,15940,Low,Low,0.027460735538497195,0.9317801979531697,0.040759066508333185
35069,44069,Low,Low,0.02753664374139998,0.8967821722134085,0.07568118404519153
39763,48763,Medium,Medium,0.030256239579881578,0.1241798233557937,0.8455639370643248
1647,10647,High,High,0.9323288235313699,0.02663101333059188,0.04104016313803815
17915,26915,Medium,Medium,0.03266212208882762,0.038056584860123484,0.9292812930510489
14577,23577,Medium,Medium,0.06822105542086962,0.21988181347357308,0.7118971311055574
9117,18117,High,High,0.9343678356805697,0.026039051278294544,0.0395931130411357
38479,47479,Low,Low,0.02894399289121588,0.9301316440995291,0.04092436300925507
26017,35017,Medium,Medium,0.028025347172107123,0.02829946605215472,0.9436751867757383
27208,36208,Low,Low,0.030160522482797575,0.8990781224690328,0.07076135504816962
17613,26613,High,High,0.9314382201235031,0.02755735324026024,0.041004426636236734
33429,42429,Low,Low,0.032018205666606986,0.8540152370603655,0.11396655727302746
27966,36966,Medium,Medium,0.03449597937920765,0.0335401306335823,0.9319638899872099
27312,36312,High,High,0.9281656577178085,0.03209688735736267,0.03973745492482883
4985,13985,Medium,Medium,0.033976622302020136,0.03903809554554596,0.9269852821524339
23481,32481,Low,Low,0.027347093634010982,0.9283019410241583,0.04435096534183084
36038,45038,Low,Low,0.03212795379272914,0.9256433506167916,0.04222869559047926
12638,21638,Medium,Medium,0.044458828077892226,0.040180312395377726,0.91536085952673
23162,32162,Medium,Medium,0.031085258250992176,0.03152777938508767,0.9373869623639202
1005,10005,Medium,High,0.9360032319079954,0.02666654935037788,0.03733021874162671
4268,13268,Low,Medium,0.03420134999489826,0.034914270708331425,0.9308843792967703
22083,31083,High,High,0.935781877611768,0.025845335066448216,0.038372787321783806
25427,34427,Medium,Medium,0.033053724145779804,0.032010211807393156,0.9349360640468269
30526,39526,Medium,Medium,0.03747362860370354,0.036206614067429914,0.9263197573288666
3990,12990,Medium,Medium,0.03674943500842915,0.03901509617882476,0.924235468812746
5250,14250,Medium,Medium,0.034469424818581174,0.03049760632368288,0.9350329688577359
35558,44558,Low,Low,0.03566874423638755,0.8591479058730075,0.10518334989060489
13359,22359,Low,Low,0.027516230086571777,0.9326967907631843,0.03978697915024374
28043,37043,Medium,Medium,0.03467609047605566,0.028960568965782505,0.9363633405581618
9303,18303,Medium,Medium,0.034099048353652774,0.03184152118285969,0.9340594304634875
11704,20704,Medium,Medium,0.03982193947947945,0.031215281187873867,0.9289627793326467
14176,23176,High,High,0.9367385754841728,0.02668392704772603,0.03657749746810115
21429,30429,Low,Low,0.03049084572608493,0.8732901688163833,0.09621898545753177
26404,35404,Low,Low,0.034141649574184064,0.9285051739760081,0.03735317644980777
21606,30606,High,High,0.9347791889716343,0.026952730869839514,0.038268080158526244
23351,32351,Medium,Medium,0.03461326894207516,0.04586810212674444,0.9195186289311804
27600,36600,High,High,0.938914651510563,0.025461092650923087,0.03562425583851392
9174,18174,Medium,Medium,0.029915485899420096,0.03702838330736489,0.933056130793215
31974,40974,Low,Low,0.02778607003669716,0.9330231980310241,0.039190731932278726
11052,20052,Medium,Medium,0.032325993363658385,0.028558504167596737,0.9391155024687449
36487,45487,High,High,0.9356858633761614,0.026392265988887584,0.03792187063495096
34163,43163,Medium,Low,0.0279830483738374,0.9218343674468391,0.050182584179323454
22333,31333,High,High,0.9384250812176059,0.025785799480467025,0.035789119301927
38472,47472,Medium,Medium,0.030885396295556963,0.03730481722635561,0.9318097864780874
10924,19924,Low,Low,0.0298123406889728,0.9282461603934175,0.04194149891760978
37269,46269,Low,Low,0.031380958709211405,0.9275572129222267,0.041061828368561926
37707,46707,Low,Low,0.031862577131748844,0.9307769035257037,0.03736051934254739
38939,47939,Medium,Medium,0.028025919575276975,0.029440744306070132,0.9425333361186529
9549,18549,Medium,Medium,0.03458088581253115,0.029021252865326752,0.9363978613221421
22350,31350,Medium,Medium,0.03918219605980794,0.03159197068005318,0.9292258332601389
20781,29781,Medium,Medium,0.03457710606272607,0.03214133439960005,0.9332815595376739
11293,20293,High,High,0.9299937539594919,0.03243086634823328,0.037575379692274764
28388,37388,Low,Low,0.02782947365983415,0.931704297176167,0.04046622916399884
10944,19944,Medium,Medium,0.03407495052373446,0.03077432269920402,0.9351507267770615
15782,24782,High,High,0.9320671240396422,0.028203351826226766,0.03972952413413107
32836,41836,Medium,Medium,0.26640392540651425,0.031429598249484,0.7021664763440016
18573,27573,Medium,Medium,0.029197686051775446,0.028092860341445144,0.9427094536067795
14183,23183,Medium,Medium,0.036550412701324635,0.029480584836712436,0.933969002461963
15844,24844,Medium,Medium,0.030503654197773077,0.029445509666893525,0.9400508361353334
13837,22837,High,High,0.9356485127360011,0.026866405661254828,0.03748508160274395
27114,36114,Medium,Medium,0.04453850897897183,0.03424859142864569,0.9212128995923825
5561,14561,Medium,Medium,0.0313816319238212,0.027946738880732142,0.9406716291954468
6057,15057,High,High,0.9348128719306191,0.025741342233804327,0.0394457858355766
1701,10701,Medium,Medium,0.034403691837068026,0.02711179470181598,0.9384845134611158
34511,43511,Low,Low,0.02917796543013097,0.9339599194574165,0.03686211511245261
27226,36226,Low,Low,0.03198372478346966,0.9162410120799306,0.05177526313659978
16091,25091,High,High,0.9205004309845082,0.040257960121898036,0.03924160889359384
5070,14070,Low,Low,0.02711378390082796,0.9373080587562427,0.03557815734292941
24320,33320,Medium,Medium,0.03794920542366001,0.03346696887584758,0.9285838257004925
1113,10113,Low,Low,0.045957440871484644,0.911594446806378,0.0424481123221373
18276,27276,Medium,Medium,0.03419741558463322,0.03458438954150998,0.9312181948738568
13265,22265,High,High,0.9343714207249704,0.02738134900330565,0.03824723027172409
10232,19232,High,High,0.9284868077911598,0.030002955524988755,0.041510236683851454
26982,35982,Medium,Medium,0.03343309860043269,0.029469711155610884,0.9370971902439565
19919,28919,Low,Low,0.039955807755518116,0.8960425922691552,0.06400159997532667
34440,43440,Low,Low,0.026535026955845437,0.9354794496481627,0.03798552339599195
810,9810,Low,Low,0.037887374533163064,0.9193965611753819,0.04271606429145496
9018,18018,Medium,Medium,0.034626715533278625,0.08538163489267257,0.8799916495740487
16319,25319,High,High,0.9397147582713451,0.024944582920276553,0.03534065880837848
37524,46524,Medium,Medium,0.03944601616694784,0.04273161444876795,0.9178223693842842
37842,46842,Low,Low,0.034395415276517384,0.8908979831822492,0.07470660154123353
31018,40018,High,High,0.8994237404053292,0.05141755605667725,0.0491587035379934
5512,14512,High,High,0.9358619664247154,0.02624031580628525,0.037897717768999285
11307,20307,Medium,Medium,0.03192746295910049,0.029759286482628215,0.9383132505582713
1360,10360,Medium,Medium,0.0316509724824447,0.036000106644458546,0.9323489208730967
22671,31671,High,High,0.9381164516725509,0.024852680372889836,0.0370308679545592
36296,45296,Medium,Low,0.035989364712807226,0.5219019523517362,0.44210868293545663
29620,38620,Medium,Medium,0.03273933778636197,0.036791138239190356,0.9304695239744477
39586,48586,Medium,Medium,0.03624128573738391,0.03825257970299827,0.9255061345596177
22901,31901,Medium,Medium,0.027410148109035182,0.20250069134410986,0.770089160546855
33407,42407,High,Medium,0.033511455070783035,0.03178922004357487,0.9346993248856421
27202,36202,Low,Low,0.03068420430912262,0.9286377162061443,0.04067807948473304
31301,40301,Medium,Medium,0.03287170119359762,0.03035571502936941,0.936772583777033
14784,23784,Medium,High,0.9362536579687636,0.026896690675780544,0.036849651355455884
22992,31992,Medium,Medium,0.026632381488269657,0.02889121009574416,0.9444764084159861
6636,15636,High,Medium,0.031260243545571366,0.030584069269007984,0.9381556871854206
35616,44616,Medium,Medium,0.08511616951752488,0.03661910826345547,0.8782647222190197
29002,38002,Medium,Medium,0.033635554797642915,0.029852292688697237,0.9365121525136599
9423,18423,Low,Low,0.03422079005972838,0.9214244301435284,0.04435477979674322
16742,25742,Medium,Medium,0.038068828341294526,0.029111325839644746,0.9328198458190607
5589,14589,Medium,Medium,0.04246503591984502,0.028016623491749975,0.929518340588405
31535,40535,Low,Low,0.03404931695305261,0.915802643608993,0.050148039437954504
26008,35008,Low,Low,0.02769083429448505,0.865956949479505,0.10635221622601
8363,17363,High,High,0.9366688097654469,0.027300902285623253,0.03603028794892991
29181,38181,Medium,Medium,0.04087396214040471,0.03389675196287383,0.9252292858967216
11105,20105,Medium,Medium,0.052720231975364885,0.03556889245387051,0.9117108755707646
37483,46483,Medium,Medium,0.03363867938094969,0.03098781666436154,0.9353735039546888
5925,14925,Low,Low,0.027975652027411094,0.9321018675840101,0.039922480388578756
19509,28509,Medium,Medium,0.03873822814135767,0.02767423750778906,0.9335875343508532
12277,21277,High,High,0.9377793687125715,0.02552907063321498,0.03669156065421358
13917,22917,Medium,Medium,0.0328133318029795,0.033682335509123536,0.9335043326878969
38575,47575,High,High,0.9342244277523251,0.027495430758807126,0.03828014148886786
32850,41850,High,High,0.936845330123664,0.027127646177100218,0.036027023699235695
38364,47364,High,Low,0.030750472356899317,0.9305386896522622,0.03871083799083851
15511,24511,Low,Low,0.03505937791115996,0.9053854748861644,0.059555147202675636
25638,34638,Medium,Medium,0.03391890249271026,0.03151506778905221,0.9345660297182375
32014,41014,Low,Low,0.026615842831854714,0.935918107113148,0.03746605005499725
484,9484,High,Medium,0.031158330788320306,0.032034705430832554,0.9368069637808473
16060,25060,Medium,Medium,0.030833771452589614,0.02888749261413238,0.940278735933278
10985,19985,Medium,Medium,0.03122753040030847,0.029194294384430813,0.9395781752152607
27130,36130,Medium,Medium,0.032224061927059997,0.03031642420575295,0.9374595138671871
32547,41547,Medium,Medium,0.045142660907749814,0.16820726741866984,0.7866500716735804
39341,48341,High,High,0.9310347838466914,0.02630646631873339,0.04265874983457534
4491,13491,Medium,Medium,0.0306130783926595,0.029808839469622567,0.939578082137718
31996,40996,High,High,0.9370397547342609,0.02651910078839641,0.0364411444773427
10368,19368,High,High,0.9318320120071036,0.02884065871149473,0.039327329281401646
2348,11348,Medium,Medium,0.035915103680214146,0.03421619683377312,0.9298686994860127
22449,31449,Medium,Medium,0.029849570655619714,0.027626780907209745,0.9425236484371705
37332,46332,High,Medium,0.0313467499726453,0.02701921815374478,0.94163403187361
25164,34164,Medium,High,0.9360354330353541,0.025696091239212567,0.038268475725433494
13279,22279,Low,Low,0.029393478845255144,0.9327329602525536,0.037873560902191274
27040,36040,High,High,0.9248352013827201,0.03815633507133975,0.037008463545940264
18480,27480,High,Medium,0.034454348328936485,0.03620539493185467,0.929340256739209
35885,44885,Medium,Medium,0.029151691171509706,0.029895564202315986,0.9409527446261743
14523,23523,High,Medium,0.034426019326565215,0.030467464757296597,0.9351065159161384
5081,14081,High,High,0.9139709249554627,0.04070873720135124,0.04532033784318614
5655,14655,Low,Low,0.05767165902876035,0.9017411975434918,0.04058714342774774
13489,22489,High,High,0.9328523881359275,0.030111100769812323,0.03703651109426008
18068,27068,Low,Low,0.03495618248204744,0.9259226267499433,0.03912119076800916
35854,44854,Low,Low,0.025056833777363258,0.934927851293191,0.04001531492944575
25245,34245,High,Low,0.03678004858317691,0.9206054602095942,0.04261449120722879
11235,20235,High,High,0.9185445576655402,0.04221491064777642,0.03924053168668336
36950,45950,High,High,0.935973496656028,0.026251529647700608,0.03777497369627128
38741,47741,High,High,0.9365375408589394,0.025872944286466703,0.0375895148545941
36979,45979,Medium,Medium,0.032741018325477565,0.029597883830353857,0.9376610978441686
38491,47491,Medium,Medium,0.031646670992739066,0.028412477090827042,0.939940851916434
18265,27265,Medium,Medium,0.03474875539199862,0.03238218292582382,0.9328690616821776
14701,23701,Low,Low,0.039208683753904364,0.7462264895446246,0.214564826701471
11400,20400,Medium,Medium,0.030528784358582375,0.026184481438098955,0.9432867342033187
32253,41253,High,High,0.9348972472392737,0.0252867087164846,0.039816044044241765
26238,35238,High,High,0.919226537574291,0.028383427702220156,0.05239003472348903
12744,21744,Low,Low,0.02510807483585431,0.9351535742597914,0.03973835090435425
39160,48160,Medium,Medium,0.033080308223008364,0.02977801600405387,0.9371416757729377
21417,30417,Low,Low,0.031283839345747036,0.9300373769456103,0.03867878370864262
11066,20066,Medium,Medium,0.029567684492700506,0.02703593912242726,0.9433963763848722
39636,48636,Low,Low,0.02871569391733661,0.8869674912322925,0.0843168148503708
36169,45169,Medium,Medium,0.032098777939631944,0.03052269897725957,0.9373785230831085
4861,13861,Medium,Medium,0.03107304471050346,0.20008670641830253,0.768840248871194
15986,24986,High,High,0.9326595029862205,0.028271476936720556,0.039069020077058925
25825,34825,Low,Low,0.04274651246692793,0.913293912992709,0.04395957454036295
11223,20223,Low,Low,0.027532095730193232,0.9357050900318384,0.03676281423796828
27712,36712,Medium,Medium,0.03311134779838732,0.031077656906906382,0.9358109952947063
1198,10198,Medium,Medium,0.03537801986912828,0.04135493245132047,0.9232670476795511
35751,44751,Medium,Medium,0.035567554005355446,0.03157318123202798,0.9328592647626165
771,9771,Medium,Low,0.04718543859721103,0.5622966914572679,0.390517869945521
6781,15781,Medium,Medium,0.03539495116022603,0.028521899137481512,0.9360831497022927
19593,28593,Medium,Medium,0.061009566716957515,0.03371983617128251,0.90527059711176
33826,42826,Low,Low,0.03256039623139345,0.9209997171232573,0.04643988664534924
13487,22487,High,High,0.9347038090234685,0.026510236179708473,0.03878595479682308
26801,35801,Medium,Medium,0.03267654759146246,0.15102119892132157,0.816302253487216
35757,44757,Medium,Medium,0.037416767536654856,0.04183290003562191,0.9207503324277232
27562,36562,Low,Low,0.026173927202228348,0.9289239345845629,0.04490213821320871
10390,19390,High,High,0.9222323433862941,0.02941542398348033,0.04835223263022572
32868,41868,Medium,Medium,0.03441190856087598,0.030254662508577026,0.935333428930547
35851,44851,Medium,Medium,0.03619318091409957,0.02855107732818625,0.9352557417577141
2321,11321,Low,Low,0.02620613418094184,0.9309096582788904,0.04288420754016776
20400,29400,Medium,Medium,0.04812791591636121,0.029855833935547763,0.922016250148091
28575,37575,Medium,Medium,0.03224967448165624,0.03010099295561779,0.9376493325627259
12493,21493,High,High,0.9345684700627196,0.029226909449974258,0.03620462048730602
35877,44877,High,High,0.9350385069908985,0.02654701781980073,0.03841447518930081
38262,47262,Medium,Medium,0.034758951545087076,0.028550359355892313,0.9366906890990206
32594,41594,Low,Low,0.0298012277131094,0.9312894536388634,0.03890931864802722
24457,33457,Medium,Medium,0.03025095154826739,0.02909301628213176,0.9406560321696009
23991,32991,Low,Low,0.03473100958426368,0.9284311320873053,0.03683785832843106
39973,48973,Low,Medium,0.04104271039577187,0.043665604146123,0.9152916854581051
2599,11599,Medium,Medium,0.03783353033334627,0.04124965525335616,0.9209168144132978
13778,22778,Medium,Medium,0.03115701790089023,0.027539426736475036,0.9413035553626347
436,9436,Low,Low,0.024660697682679266,0.9391218422894569,0.03621746002786377
31439,40439,High,High,0.9293121978707707,0.03038647274929378,0.04030132937993561
3419,12419,High,Low,0.029045053324701264,0.9322376536963385,0.03871729297896038
27121,36121,High,High,0.933210804832116,0.028059326547324473,0.03872986862055949
16971,25971,Low,Low,0.02884293113399067,0.9237283167537167,0.0474287521122927
36029,45029,Low,Low,0.029207982751804556,0.9334044614015303,0.03738755584666505
5213,14213,High,High,0.9357996316428586,0.027525915340106757,0.03667445301703467
29278,38278,Medium,Medium,0.03326572841141754,0.034977617563926644,0.9317566540246558
22189,31189,High,High,0.9230733594854598,0.032370511328334184,0.044556129186205995
26721,35721,Low,Low,0.02992984083542165,0.8721855867261604,0.09788457243841797
37611,46611,High,High,0.9358934489172843,0.02575150547862859,0.03835504560408718
36543,45543,Medium,Medium,0.03007964238773951,0.052827524233193014,0.9170928333790674
30480,39480,Medium,Medium,0.029826103240039942,0.027277841164452737,0.9428960555955074
34781,43781,Medium,Medium,0.03565899421007634,0.028847684582578154,0.9354933212073454
27363,36363,Low,Low,0.03031477241695882,0.9005295859287156,0.06915564165432553
30500,39500,Medium,High,0.8211094507110742,0.031548772550685604,0.14734177673824014
37329,46329,High,High,0.9259597156280508,0.03639587924401925,0.03764440512792991
29998,38998,High,High,0.9312083136757466,0.028626978770586675,0.0401647075536666
36085,45085,Low,Low,0.02883154834970597,0.9309890484103356,0.040179403239958424
34797,43797,Medium,Medium,0.028361398213702354,0.029374704937382385,0.9422638968489153
3752,12752,High,High,0.9356673579416829,0.026867094092493087,0.03746554796582401
11100,20100,Medium,Medium,0.0355281096159874,0.03288029091181208,0.9315915994722005
31216,40216,Medium,Medium,0.03293608956649877,0.1929473674454983,0.7741165429880029
4060,13060,High,High,0.9328517247455071,0.0279620564118529,0.0391862188426399
19464,28464,Low,Low,0.0252773715812402,0.9382393761170116,0.03648325230174829
37025,46025,Low,Low,0.0310982245691603,0.9244915011732163,0.04441027425762347
23560,32560,Low,Low,0.029910140879849084,0.9144964903530269,0.055593368767123896
15587,24587,Medium,Medium,0.4021691718716635,0.032448682175561634,0.5653821459527748
25793,34793,Low,Low,0.04615455504656792,0.8690922982219798,0.0847531467314523
24931,33931,Low,Low,0.025891339423411278,0.9371519905978952,0.03695666997869355
29655,38655,High,High,0.9373680144166946,0.025953777804491776,0.03667820777881376
9600,18600,Low,Low,0.02672491086776779,0.9341583036154374,0.03911678551679488
14825,23825,Low,Low,0.026309246756693383,0.9352963053684155,0.038394447874891165
38580,47580,Medium,Medium,0.029867295504571543,0.027853028676480054,0.9422796758189484
31712,40712,Medium,Medium,0.03523111147240012,0.03034634524066923,0.9344225432869306
31681,40681,High,High,0.8949240886956932,0.04455915715374884,0.06051675415055787
35080,44080,High,Medium,0.1222709509490371,0.02894995757636387,0.848779091474599
29566,38566,High,High,0.9369736662206245,0.025521447863333935,0.03750488591604136
15940,24940,High,High,0.8954468921502202,0.044198289650720785,0.06035481819905894
36482,45482,Low,Low,0.03445485690418266,0.9295211091553012,0.0360240339405161
31399,40399,Low,Low,0.025903641332295405,0.895462410197481,0.07863394847022374
32578,41578,Medium,Medium,0.030142260805152015,0.12412992691797146,0.8457278122768765
15409,24409,Medium,Medium,0.039573249416900824,0.030746050192254144,0.929680700390845
1689,10689,Medium,Medium,0.030836584745511108,0.04437438988373744,0.9247890253707515
31988,40988,High,High,0.9194988464075338,0.029292963247417703,0.05120819034504855
39549,48549,High,High,0.9361018013174617,0.02497949044820177,0.038918708234336435
33063,42063,High,High,0.9257145234692832,0.03296971946605742,0.04131575706465945
5458,14458,Medium,Low,0.03055441123234462,0.6952973605563488,0.27414822821130663
1985,10985,Medium,Medium,0.03249748436242034,0.02858080270450528,0.9389217129330745
7723,16723,Low,High,0.90723733913905,0.03211864364339234,0.06064401721755763
9989,18989,Low,Low,0.030022727867924735,0.7344312862902825,0.23554598584179265
13249,22249,Medium,Medium,0.04844546700067759,0.048837153232165455,0.9027173797671569
4749,13749,Low,Low,0.03134083020246836,0.9157292339671458,0.052929935830385966
35422,44422,Medium,Medium,0.03085134573511993,0.031919764820124964,0.937228889444755
6982,15982,High,High,0.9408213587909894,0.02377024526852409,0.03540839594048651
5748,14748,Medium,Medium,0.030702497944701323,0.027428466241093602,0.941869035814205
38229,47229,High,High,0.9361660004767618,0.02547319263102889,0.03836080689220933
16670,25670,Medium,Medium,0.05964796764113204,0.027370897702527635,0.9129811346563405
12960,21960,High,High,0.5146745187607821,0.03038264992451097,0.454942831314707
31338,40338,High,High,0.9209145788170251,0.02915081017338927,0.049934611009585655
24040,33040,High,High,0.9284938170574905,0.03138301625304121,0.04012316668946838
30408,39408,Medium,Medium,0.13351191244386515,0.040431862885928906,0.826056224670206
24115,33115,Low,Low,0.028622577255409485,0.935596798848997,0.03578062389559339
21652,30652,Medium,Medium,0.03813285164584857,0.02976588039340011,0.9321012679607513
28395,37395,Medium,Low,0.02792158008377271,0.8996025897147096,0.07247583020151775
29956,38956,Medium,Medium,0.03213573729338643,0.036725800980065414,0.9311384617265482
8251,17251,Medium,Medium,0.030544509566999434,0.16758964169811796,0.8018658487348825
14976,23976,Low,Low,0.03175101573592265,0.8802472421337888,0.08800174213028855
32598,41598,High,High,0.9306449624138367,0.030298324836080446,0.039056712750082885
12007,21007,High,Medium,0.029457768312633453,0.030586311779072783,0.9399559199082939
38142,47142,Medium,Medium,0.03377822906830644,0.12491391311307537,0.8413078578186183
21978,30978,High,Low,0.027136635433773332,0.9317258629345235,0.041137501631703155
20311,29311,Medium,Medium,0.03497658893878857,0.029402048513239937,0.9356213625479715
4800,13800,High,High,0.9336145293463565,0.028497656945782133,0.03788781370786137
7140,16140,Medium,Medium,0.029644851501785006,0.02961652740145543,0.9407386210967595
15479,24479,Medium,Medium,0.030726785648094584,0.02783683537554645,0.941436378976359
2002,11002,Medium,Medium,0.03567799565999691,0.03605606825273691,0.9282659360872662
4997,13997,High,High,0.9342109245293315,0.02883532838873244,0.03695374708193608
17068,26068,High,High,0.9377040958207461,0.025316666113615906,0.03697923806563789
32876,41876,Low,Low,0.02747149860492178,0.9211346170759155,0.05139388431916262
24170,33170,Low,Low,0.04541687169579948,0.9147255073896274,0.039857620914573205
29973,38973,Medium,Medium,0.031235197438157253,0.028014083978824197,0.9407507185830187
2047,11047,Low,Low,0.040043703280072285,0.8550506865050506,0.10490561021487717
17181,26181,Low,Medium,0.030554173710758015,0.4101415217659486,0.5593043045232933
11670,20670,Low,Low,0.03480867717286559,0.9231457408999533,0.042045581927181164
28228,37228,High,High,0.9351348432942338,0.027003007665189677,0.03786214904057634
24960,33960,Medium,Medium,0.03253610978144368,0.03453499582040398,0.9329288943981523
12352,21352,Low,Low,0.027479452911386232,0.9327972483059458,0.039723298782668004
12458,21458,High,High,0.9307851389230835,0.03148922625970682,0.03772563481720969
17318,26318,Low,Low,0.028316608043444432,0.9284122770270882,0.043271114929467426
25543,34543,High,High,0.9374368928458305,0.02573704610673006,0.03682606104743943
9379,18379,Low,Low,0.03664815936966237,0.893572160441802,0.06977968018853566
16633,25633,Medium,Medium,0.03323386089190806,0.029162230641517548,0.9376039084665745
31780,40780,Low,Low,0.026895022896450026,0.937659231047096,0.03544574605645394
32744,41744,Medium,Medium,0.03690540348898604,0.03618954691671843,0.9269050495942954
3439,12439,Medium,Medium,0.04690472414863173,0.19032501087164336,0.762770264979725
22698,31698,High,High,0.9132296320389517,0.04797274813730129,0.038797619823746986
7304,16304,Low,Low,0.026720713605741825,0.9223482157393409,0.05093107065491734
4457,13457,Low,Low,0.026714933211939167,0.9382381944835724,0.035046872304488344
23194,32194,High,Medium,0.0744039474994399,0.040528971579116536,0.8850670809214436
12792,21792,High,High,0.9334701271713183,0.025994060119973256,0.040535812708708555
24220,33220,Medium,Medium,0.0351875138320551,0.02905322163924559,0.9357592645286994
1094,10094,Medium,Low,0.025917865580753235,0.9297393712782789,0.04434276314096792
23349,32349,Medium,Medium,0.034172965041747584,0.041797277580749005,0.9240297573775035
27065,36065,High,High,0.9369748126631015,0.02512477232905581,0.03790041500784283
37383,46383,Medium,Medium,0.03747021562636411,0.03356009266866872,0.9289696917049673
5466,14466,Medium,Medium,0.04326011304134824,0.0708784026277416,0.8858614843309102
4322,13322,Medium,Medium,0.03928608205240589,0.03996211186936258,0.9207518060782315
25778,34778,Low,Medium,0.028717242856373393,0.028045638753722495,0.9432371183899041
35436,44436,High,High,0.9346050365524228,0.02719075812900579,0.03820420531857153
33294,42294,Medium,Medium,0.03554258508234004,0.03186432601734313,0.9325930889003168
38827,47827,Medium,Medium,0.03117604425786674,0.026935075677921878,0.9418888800642113
8486,17486,Medium,Medium,0.03434141574286174,0.030853507794288037,0.9348050764628503
22703,31703,Low,Low,0.031490725518416106,0.8032640440092619,0.16524523047232195
35958,44958,Medium,Low,0.027093164140200965,0.8507772335783809,0.12212960228141827
20043,29043,High,High,0.9387028781827741,0.02484976731317789,0.036447354504048075
1799,10799,Low,Low,0.03274132840569127,0.9304033462237552,0.03685532537055347
9278,18278,Medium,Medium,0.039309623667695894,0.04056007803646888,0.9201302982958351
34028,43028,Medium,Medium,0.028095274389258646,0.029208743554535965,0.9426959820562054
10411,19411,Medium,Medium,0.03447200159842725,0.030441088849542556,0.9350869095520301
3217,12217,Low,Low,0.030265712719124344,0.9327936007778179,0.036940686503057825
27651,36651,Low,Low,0.048954373745645104,0.9100094129638326,0.0410362132905222
26203,35203,Medium,Medium,0.0371324508225526,0.030511208187301696,0.9323563409901457
6211,15211,Low,Low,0.032472540102892467,0.929099994945792,0.0384274649513154
21823,30823,High,High,0.9365980306071724,0.02582612067541534,0.03757584871741221
5890,14890,Medium,Medium,0.03687588168387682,0.03483240409681293,0.9282917142193101
26086,35086,High,High,0.9238004266226697,0.03347161927884872,0.04272795409848163
24894,33894,Medium,Medium,0.03263931104133765,0.02964554940344721,0.9377151395552151
1208,10208,Medium,Medium,0.042379132810594626,0.04127839657858492,0.9163424706108204
37490,46490,Medium,Medium,0.039424496539727086,0.038438560340195445,0.9221369431200775
27211,36211,High,High,0.9322982828786547,0.02949674883356122,0.03820496828778401
9271,18271,Low,Low,0.03396624853785473,0.9302191207663634,0.035814630695781745
6794,15794,High,High,0.9363372341255417,0.025680243447434914,0.03798252242702338
25754,34754,Medium,Medium,0.041076483635649454,0.04617467644578125,0.9127488399185694
34901,43901,Medium,High,0.9312788468998185,0.02565751535466898,0.0430636377455125
2375,11375,Low,Low,0.029253858808049756,0.8794470841782588,0.09129905701369147
4760,13760,Low,Low,0.032623276178611715,0.925650265703771,0.04172645811761743
27005,36005,Medium,Medium,0.04174060866902197,0.029741835632824298,0.9285175556981536
11291,20291,Low,Low,0.03348831741889072,0.9241621396623372,0.0423495429187721
1120,10120,Medium,Medium,0.028491390548509934,0.032476702627821326,0.9390319068236687
22465,31465,Low,Low,0.037391777640376885,0.9231749851471424,0.03943323721248068
6037,15037,Medium,Medium,0.03185898678460682,0.029924089568872075,0.9382169236465212
32088,41088,High,High,0.9355149795912467,0.028055328217461043,0.03642969219129212
35209,44209,Low,Low,0.02962186051076804,0.9313360068391988,0.03904213265003325
11792,20792,Low,Low,0.02741993149198531,0.8942811511640918,0.07829891734392282
28937,37937,High,High,0.7739546712819969,0.03366551231295856,0.19237981640504456
6356,15356,Medium,Medium,0.030715434102100345,0.02999187514171701,0.9392926907561826
35289,44289,Medium,Medium,0.032484643515724325,0.03020216680039246,0.9373131896838832
19705,28705,High,High,0.9372346212619251,0.026241579650875688,0.036523799087199195
2068,11068,Medium,Medium,0.03260651422199707,0.03290593153174375,0.9344875542462593
28459,37459,Medium,High,0.6919448767993032,0.029234084668065898,0.2788210385326309
35051,44051,Medium,Medium,0.02959292533074896,0.033100411727408845,0.9373066629418422
39562,48562,Medium,Medium,0.02987411946338829,0.029629254626017554,0.9404966259105941
9023,18023,High,High,0.9353008764181897,0.025200526854470055,0.039498596727340275
21046,30046,Medium,Medium,0.03211385346243963,0.029083232195952057,0.9388029143416082
12245,21245,Medium,Medium,0.033979858713184236,0.03061013111667106,0.9354100101701447
654,9654,Low,Low,0.02619210981247211,0.923289574842222,0.05051831534530581
1382,10382,Low,Low,0.026507210029646455,0.9097301270229384,0.06376266294741519
10968,19968,Medium,Medium,0.030670468980335288,0.03990607197801352,0.9294234590416511
13119,22119,Medium,Medium,0.033762187675176025,0.03575214147940558,0.9304856708454183
29736,38736,Low,Low,0.030072891921617773,0.9326381209264546,0.03728898715192764
33286,42286,Medium,Medium,0.3269637082736774,0.0483161409435853,0.6247201507827373
19394,28394,Low,Low,0.03688765225872545,0.9161665252683987,0.04694582247287585
2967,11967,Medium,Medium,0.032508329579199025,0.18458018793949263,0.7829114824813083
37967,46967,Low,Low,0.03521197339463262,0.9264359438744036,0.038352082730963695
31482,40482,Low,High,0.9237786202030843,0.035119334677130444,0.04110204511978525
34744,43744,Medium,Medium,0.03137313364919451,0.03485394815553342,0.9337729181952721
82,9082,Medium,Medium,0.033554963028970264,0.02815482792655477,0.938290209044475
16085,25085,Low,Low,0.03158184266186515,0.9231839981566402,0.045234159181494794
18437,27437,Medium,Medium,0.034264123145797624,0.03585034899156328,0.9298855278626391
29095,38095,Low,Low,0.02689026429107257,0.9341743355110935,0.03893540019783387
15572,24572,High,High,0.9365495382963666,0.026689346738668088,0.03676111496496543
26220,35220,Medium,Medium,0.028730995404010723,0.027985352778062855,0.9432836518179264
28508,37508,Low,Low,0.028802960291375242,0.9162805419746488,0.054916497733975854
39661,48661,Medium,Medium,0.025635032375933193,0.028329896962159956,0.9460350706619068
15277,24277,Medium,Medium,0.05446867321328696,0.03384353260673494,0.911687794179978
7869,16869,High,High,0.9265365541007679,0.034633065264699295,0.03883038063453285
37296,46296,Medium,Medium,0.03670979991204488,0.04204281237020032,0.9212473877177548
38668,47668,High,High,0.9254339604061862,0.03749813910564802,0.0370679004881657
8282,17282,Medium,Medium,0.041178317552441134,0.033283825196350404,0.9255378572512085
31981,40981,Low,Low,0.03797795534891783,0.9010561393101191,0.060965905340963106
4006,13006,High,High,0.9354261469550952,0.02749329082975643,0.03708056221514836
11497,20497,Medium,Medium,0.09380837737369291,0.043437577081402064,0.8627540455449051
12116,21116,Low,Low,0.025392539708511425,0.929891012536205,0.044716447755283516
27133,36133,Low,Low,0.03703123483563994,0.9059108891272915,0.05705787603706861
35565,44565,Low,Low,0.029225397331228933,0.9315965074132876,0.03917809525548352
25612,34612,Medium,Medium,0.032682992695689236,0.03378490564661314,0.9335321016576975
18483,27483,Medium,Medium,0.04051988023771574,0.029713370448785813,0.9297667493134986
13425,22425,Medium,Medium,0.02962408952052259,0.026947972427382907,0.9434279380520945
34001,43001,Medium,Low,0.030841180958723013,0.8920819628816082,0.07707685615966879
7452,16452,Medium,Medium,0.03290179866050538,0.029917769452876105,0.9371804318866186
13505,22505,Low,Low,0.03285138326243709,0.8554320153620671,0.11171660137549577
24251,33251,High,High,0.9354015646304162,0.02625511940185631,0.038343315967727394
28669,37669,Medium,Medium,0.1401803313803467,0.04371481382927908,0.8161048547903742
24927,33927,Low,Low,0.02636013529724124,0.9371325653766318,0.036507299326126834
4394,13394,Medium,Low,0.037969145107568325,0.7801967745099666,0.18183408038246507
24475,33475,Medium,Medium,0.04368749772996386,0.03099080730440189,0.9253216949656342
21755,30755,Low,Low,0.027194417407497066,0.9316622720099558,0.04114331058254727
7786,16786,Medium,Medium,0.03227286731332297,0.02852642765344887,0.9392007050332282
16772,25772,Medium,Medium,0.15420278450018146,0.03513881004938205,0.8106584054504365
29664,38664,Low,Low,0.02738392046289741,0.9300965951529063,0.042519484384196275
24189,33189,Low,Low,0.030968743194426513,0.9289511020311448,0.04008015477442862
18913,27913,Medium,Medium,0.02952645661892526,0.03102440244155855,0.9394491409395161
16795,25795,Low,Low,0.02730836482636882,0.9360035165037003,0.03668811866993088
20598,29598,Medium,Medium,0.04233958097589594,0.030099582883457713,0.9275608361406462
35177,44177,High,High,0.8898534682897682,0.038230742438724936,0.071915789271507
14006,23006,High,High,0.9344199715110912,0.02634262752165041,0.039237400967258314
27316,36316,Medium,Medium,0.034272489982411655,0.05806665304290117,0.9076608569746871
5516,14516,Low,Low,0.03770109491559118,0.9236219044350511,0.03867700064935783
4722,13722,Medium,Medium,0.02986408555398019,0.029838632103917184,0.9402972823421026
21116,30116,High,High,0.9160295363343205,0.03910401071400172,0.04486645295167779
26353,35353,Medium,Medium,0.03249622561766169,0.03245162735345331,0.9350521470288852
25506,34506,High,High,0.9022519550190381,0.05286395137171185,0.04488409360925021
38100,47100,Low,Low,0.034577220808709265,0.9291471803288717,0.036275598862419045
20258,29258,Low,Medium,0.03500848269143779,0.02996033955342826,0.935031177755134
19281,28281,Medium,Low,0.026729390678593187,0.9355054834570197,0.03776512586438708
32303,41303,Medium,Medium,0.03182574894309839,0.02840601907761796,0.9397682319792837
11614,20614,High,High,0.936048484185252,0.026212351785282247,0.03773916402946572
24828,33828,High,High,0.923972311284987,0.028684446559270826,0.0473432421557421
21531,30531,High,High,0.9285051394136793,0.0262960514152482,0.04519880917107247
34492,43492,Medium,Medium,0.03399874269733353,0.03442162101965859,0.9315796362830079
10046,19046,Medium,Medium,0.03171643445189077,0.029024890903795328,0.9392586746443139
1961,10961,Medium,Low,0.026378804204994496,0.9343229202471958,0.03929827554780969
22468,31468,Medium,Medium,0.06836738949878327,0.03482175024896627,0.8968108602522505
19644,28644,Medium,Medium,0.04977765994798052,0.03271409550357356,0.9175082445484458
12266,21266,High,High,0.937351980577513,0.02579973676951519,0.03684828265297189
22639,31639,Medium,Medium,0.05390719390035853,0.04060827153128419,0.9054845345683574
15834,24834,Medium,Medium,0.029289364425616,0.02847966601028611,0.9422309695640979
27547,36547,Medium,Medium,0.04377629141971421,0.028057388051370074,0.9281663205289158
9493,18493,Medium,Medium,0.032055835100071366,0.02985964446311053,0.9380845204368181
14088,23088,Medium,High,0.9273276016763932,0.023928007507080212,0.04874439081652676
8146,17146,High,High,0.9368348357600299,0.025641249643446985,0.03752391459652305
21067,30067,Medium,Medium,0.03017386249059295,0.030363162264729793,0.9394629752446773
29680,38680,High,High,0.9301797907019026,0.030035922631195616,0.03978428666690167
1217,10217,Medium,Medium,0.043358346007818786,0.032524360456781164,0.9241172935354
872,9872,High,High,0.9280203349755646,0.03486623026401853,0.03711343476041695
7343,16343,Medium,Medium,0.030153414988496347,0.03306966875481699,0.9367769162566866
1377,10377,Low,Low,0.02591414299870287,0.9137564717011516,0.060329385300145456
30094,39094,Low,Low,0.029816769809165478,0.9294751099245349,0.04070812026629964
17693,26693,Low,Low,0.03128900689985439,0.9222421524799,0.046468840620245554
2590,11590,Low,Low,0.027009076824470523,0.9196573293950171,0.05333359378051239
37132,46132,Medium,Medium,0.034204058561403766,0.034935852992315296,0.930860088446281
6679,15679,High,High,0.9358436007143429,0.026347890271774126,0.037808509013882885
21496,30496,High,High,0.9363781492886915,0.027059198028951695,0.03656265268235683
15476,24476,High,Low,0.026189106116361032,0.936941365824489,0.036869528059149996
4979,13979,Medium,Medium,0.03206406761999114,0.032391865896151235,0.9355440664838577
1981,10981,Medium,Medium,0.21777756803919676,0.044074150812688916,0.7381482811481144
26184,35184,Medium,Medium,0.028115790819678358,0.03141448374705228,0.9404697254332696
33090,42090,Low,Low,0.029959716880231357,0.9053513086092556,0.06468897451051302
2617,11617,Low,Low,0.026425679184208444,0.9273168950696656,0.04625742574612606
21342,30342,Medium,Medium,0.03306296900221619,0.033616841098626754,0.933320189899157
5624,14624,Medium,Medium,0.03683071325559751,0.03538244877922786,0.9277868379651747
1400,10400,Medium,Medium,0.03109023842932304,0.033988257932801365,0.9349215036378755
32828,41828,Medium,Medium,0.03170193094901941,0.028846060113125137,0.9394520089378554
39130,48130,Low,Low,0.03199068922566156,0.9261925466860988,0.04181676408823961
22469,31469,Low,Low,0.032554234324155135,0.9261809493666857,0.041264816309159104
27397,36397,Low,Low,0.031032115162931046,0.9194371822955949,0.04953070254147409
11148,20148,High,Medium,0.04586413927719407,0.027799431146720316,0.9263364295760855
25851,34851,Medium,Medium,0.03133526289433638,0.041034735907249355,0.9276300011984143
2925,11925,Low,Low,0.027012515304955523,0.9357182082671737,0.03726927642787083
17368,26368,Medium,Medium,0.03232188803171401,0.03220744112431589,0.9354706708439701
24933,33933,Low,Low,0.029285084622905022,0.932069913837188,0.03864500153990715
4543,13543,High,High,0.887507477622874,0.0395864451735717,0.0729060772035544
31372,40372,Medium,Medium,0.04141952499212431,0.042314767034328564,0.9162657079735471
2713,11713,Medium,Medium,0.03011923026303658,0.03145089445349474,0.9384298752834687
9525,18525,Medium,Medium,0.02968871669895966,0.03413106349488491,0.9361802198061554
25034,34034,Medium,Medium,0.03007696360510646,0.029756629605688492,0.940166406789205
26266,35266,Low,Low,0.02494305130646873,0.9278424283505577,0.047214520342973444
35873,44873,Medium,Medium,0.03727877945662487,0.031929743294201805,0.9307914772491733
9138,18138,High,High,0.9293395614492185,0.034492963794563423,0.03616747475621804
32466,41466,Medium,Medium,0.039288227845327324,0.02617897894130426,0.9345327932133684
3402,12402,Medium,Medium,0.03680510173503996,0.030264048900980084,0.93293084936398
30628,39628,Medium,Medium,0.041787234138478756,0.027960216081787854,0.9302525497797335
3527,12527,Low,Low,0.06761898232889611,0.8812784718437853,0.05110254582731863
27367,36367,Medium,Medium,0.05695785439716131,0.0788434381107247,0.8641987074921139
30923,39923,Low,Low,0.030036990748120152,0.9332030211070711,0.03675998814480876
9261,18261,High,High,0.9280931233311384,0.03307809916825231,0.038828777500609264
28651,37651,Medium,Medium,0.039333918439521144,0.0524459471145034,0.9082201344459754
38513,47513,Medium,Medium,0.031490707304106545,0.030523464410609002,0.9379858282852845
10005,19005,High,High,0.9343484350073964,0.028437524336489477,0.037214040656114146
15532,24532,Medium,Medium,0.03483086468627994,0.028512010128735304,0.9366571251849848
31991,40991,Medium,Medium,0.034928454185458854,0.026953513127861446,0.9381180326866798
9627,18627,High,High,0.884746411666096,0.04222767219318089,0.0730259161407232
7401,16401,High,High,0.932876968430616,0.02841322923020433,0.03870980233917964
23316,32316,Medium,Medium,0.029648195462624632,0.02697861092109745,0.9433731936162779
29462,38462,Medium,Medium,0.04049868150630271,0.395323692259059,0.5641776262346384
19064,28064,Medium,Medium,0.0435672751660288,0.03332233129210748,0.9231103935418637
34593,43593,Medium,Medium,0.032085499788958305,0.031202479695897834,0.9367120205151439
4984,13984,High,High,0.6263316301646135,0.027942043566013444,0.345726326269373
32047,41047,Medium,Medium,0.029657920514170998,0.026765433004603465,0.9435766464812255
11666,20666,High,High,0.7869402872304377,0.07512771150601424,0.1379320012635479
38031,47031,Low,Low,0.03297795880121828,0.6794759725995179,0.2875460685992639
37527,46527,High,High,0.9348928702130802,0.027103337654329304,0.03800379213259056
34702,43702,High,High,0.9097329684230178,0.03835916022357154,0.05190787135341076
3646,12646,High,Medium,0.026723390207770596,0.10559885486994908,0.8676777549222803
3242,12242,Medium,Medium,0.02975428892761824,0.029579282939852996,0.9406664281325288
36417,45417,High,High,0.8100143030461414,0.03573568116540735,0.15425001578845124
17682,26682,Medium,Medium,0.03090069944600728,0.029444292941177813,0.939655007612815
24307,33307,High,High,0.9324325219139493,0.02860704615701463,0.03896043192903606
7547,16547,High,High,0.9304506679661251,0.030637877876248058,0.03891145415762683
23852,32852,High,High,0.9324756199396437,0.025395550008218373,0.04212883005213793
35664,44664,Low,Low,0.027849918464325874,0.9281814229682898,0.04396865856738425
14852,23852,High,High,0.9319197311320738,0.03184785346809157,0.03623241539983458
8066,17066,Low,Low,0.028033600654134887,0.9358715816515133,0.036094817694351834
23454,32454,Medium,Medium,0.031709700786930924,0.03048009575159309,0.937810203461476
24158,33158,Low,Low,0.027164875649913902,0.934907065061752,0.0379280592883341
22893,31893,Medium,Medium,0.032558878680148645,0.029871994421048136,0.9375691268988033
24181,33181,High,High,0.9377868172879871,0.02607587509290732,0.036137307619105594
2233,11233,High,Medium,0.37232815395485114,0.04551525742758695,0.582156588617562
13296,22296,Medium,Medium,0.05144341817886856,0.030683618574431294,0.9178729632467002
21866,30866,Low,Medium,0.041208689063822634,0.2997852714381534,0.6590060394980239
17031,26031,Low,Low,0.02619678880736899,0.9354765917557067,0.0383266194369243
34086,43086,Low,Low,0.03194368016686957,0.9296758620675475,0.03838045776558301
20399,29399,Medium,Medium,0.030996675256599018,0.030124926879350294,0.9388783978640506
24215,33215,Low,Low,0.03088694058116027,0.9243501577426616,0.044762901676178135
4619,13619,Medium,Medium,0.03354900805911561,0.2090126274346433,0.7574383645062411
16558,25558,Low,Low,0.026308060990300603,0.9333075840513597,0.040384354958339586
12087,21087,Low,Low,0.03239184354203365,0.9322971575182581,0.03531099893970824
16528,25528,Medium,Medium,0.05478421809661806,0.029512409510758054,0.9157033723926239
20309,29309,Medium,Medium,0.046290966433416264,0.0336395121333364,0.9200695214332474
5507,14507,Medium,Medium,0.03336389181400868,0.02901065729345736,0.937625450892534
26244,35244,Medium,Medium,0.03486872487341552,0.030626576746107265,0.9345046983804771
21242,30242,Medium,Medium,0.03458792745871148,0.029797473966065153,0.9356145985752233
3147,12147,High,High,0.9375301465360287,0.025101687874420863,0.037368165589550466
29025,38025,High,High,0.9322435633292744,0.029245536512112064,0.0385109001586136
31395,40395,Low,Low,0.025959944451018235,0.9165017716225518,0.0575382839264301
21616,30616,Low,Low,0.02794947603440161,0.9026721505175491,0.06937837344804922
33371,42371,Medium,Medium,0.03290275011393552,0.02949733762549322,0.9375999122605713
24104,33104,Low,Low,0.02541010757690858,0.9400125925253272,0.03457729989776429
14547,23547,High,High,0.932453743911568,0.027107335336407013,0.040438920752025015
39329,48329,High,High,0.9052727320333648,0.03872923022682934,0.055998037739805856
35271,44271,Medium,Medium,0.034207903155834045,0.04054477086790479,0.9252473259762611
10499,19499,Low,Low,0.027986105478490012,0.9338705740504459,0.038143320471064085
2240,11240,Medium,Medium,0.03177452025129723,0.027486857032376983,0.9407386227163258
34375,43375,High,High,0.9384821442309518,0.024069148849965638,0.037448706919082524
28218,37218,Medium,Medium,0.04390226073423898,0.06351295523205165,0.8925847840337093
5350,14350,Medium,Medium,0.039541573237600484,0.04601791498782218,0.9144405117745773
36018,45018,Low,Low,0.03087260942109664,0.9296918046821121,0.039435585896791255
3592,12592,High,High,0.9349307379466015,0.025617951658360946,0.03945131039503764
2270,11270,High,High,0.9280864029938211,0.03520700903827223,0.03670658796790676
17817,26817,Medium,Medium,0.029392917208986912,0.029250598620363676,0.9413564841706493
3453,12453,Medium,Medium,0.02569435044278906,0.0263261467042107,0.9479795028530003
18228,27228,Medium,Medium,0.031639000956918385,0.027819677619522986,0.9405413214235586
33237,42237,Medium,Medium,0.03191312989842764,0.03675945501759373,0.9313274150839786
19176,28176,Medium,Medium,0.03210723979407793,0.029656035307174932,0.9382367248987471
38747,47747,Medium,Medium,0.05865337833154479,0.05367826312883637,0.8876683585396189
13225,22225,Low,Low,0.03353820887118894,0.9229283640807237,0.043533427048087346
26578,35578,Medium,Medium,0.028560232180444216,0.026783307846822067,0.9446564599727338
20234,29234,Low,Low,0.03189075759158481,0.9231184426187292,0.044990799789686085
13316,22316,Medium,Medium,0.030140840885113974,0.028691794984943852,0.9411673641299423
8114,17114,Medium,Medium,0.030360071565589744,0.030354368513374985,0.9392855599210352
6892,15892,High,High,0.9302232083958342,0.02590553598801373,0.04387125561615201
16780,25780,High,High,0.9371459068671298,0.026100759397159248,0.036753333735710964
31511,40511,Medium,Medium,0.03231184107068333,0.030647245726434628,0.937040913202882
34563,43563,Medium,Medium,0.032339414553363595,0.04304823293658771,0.9246123525100488
6554,15554,Low,Low,0.02597376925708257,0.9387877210716558,0.035238509671261624
13319,22319,Medium,Medium,0.030407727594021175,0.031592161252270275,0.9380001111537086
7925,16925,Medium,Medium,0.03286936813090365,0.029328317465024692,0.9378023144040717
22824,31824,High,High,0.9383717049240573,0.024860758347930608,0.03676753672801213
4174,13174,Low,High,0.9310129702301255,0.029091393063701718,0.03989563670617274
6245,15245,Medium,Medium,0.03736971206131628,0.030345300189945832,0.9322849877487379
881,9881,Low,Low,0.027241515074278088,0.9371453553974484,0.03561312952827362
2957,11957,Medium,Medium,0.03180399558892474,0.03396015185814696,0.9342358525529283
34915,43915,Medium,Medium,0.03278404834214135,0.032274434555696084,0.9349415171021626
22749,31749,Medium,Medium,0.03445283829715742,0.029625974287928864,0.9359211874149137
19369,28369,Low,Medium,0.04488554798660882,0.03247202543626626,0.9226424265771249
17740,26740,Medium,Medium,0.037336988977070835,0.03174104809137155,0.9309219629315576
462,9462,High,High,0.9383950898122951,0.02451426829409684,0.03709064189360819
11373,20373,Low,Low,0.03126801499572845,0.6274075422523885,0.3413244427518831
14806,23806,Medium,Medium,0.032417524131052596,0.0290556965525679,0.9385267793163795
20166,29166,Medium,Medium,0.03256820272599765,0.02856617075229807,0.9388656265217042
39704,48704,Medium,Medium,0.03230754368476176,0.02834964017305421,0.9393428161421841
4021,13021,High,High,0.9378337094788561,0.02553534107021135,0.036630949450932475
36882,45882,Medium,Low,0.044696477578272414,0.7014183625526353,0.2538851598690923
21301,30301,Medium,Medium,0.029799595422728215,0.02774231497235675,0.942458089604915
8084,17084,Medium,Medium,0.028732968718222413,0.029940987198048566,0.9413260440837291
35059,44059,High,High,0.9343334118251043,0.02568172758166321,0.03998486059323245
29012,38012,High,High,0.9361541405075634,0.02663088910763956,0.03721497038479711
23638,32638,Medium,Medium,0.036869276497430166,0.046116841698585716,0.917013881803984
6592,15592,Medium,Medium,0.03705965176471465,0.03516013022288298,0.9277802180124023
34705,43705,Medium,Medium,0.02984307734461446,0.02752963623811898,0.9426272864172667
31339,40339,Medium,Medium,0.03233281288114784,0.027059393573939373,0.9406077935449128
33736,42736,Low,Low,0.03181156252092154,0.9283058003825607,0.039882637096517765
23215,32215,Low,Low,0.034628617840271575,0.925103573589169,0.04026780857055948
20061,29061,Low,Low,0.026429406209712156,0.9351450217296509,0.038425572060636966
7077,16077,Low,Low,0.027449472508636524,0.9341402918575779,0.03841023563378566
13224,22224,Medium,Medium,0.0420644824651925,0.047656929543040405,0.9102785879917672
13312,22312,High,High,0.9346735123958138,0.027974554548670382,0.03735193305551593
7500,16500,Low,Low,0.03294315755726788,0.9208896654004596,0.04616717704227252
2532,11532,Low,Low,0.03234752761169737,0.9292632226458576,0.03838924974244502
10905,19905,Low,Low,0.03127057118690329,0.9049826295911553,0.06374679922194128
26013,35013,Medium,Medium,0.03486229581871925,0.05072566996287018,0.9144120342184107
24848,33848,Medium,Medium,0.03390348183919038,0.031824912021905294,0.9342716061389044
24622,33622,Medium,Medium,0.030737429878564787,0.02789582736580691,0.9413667427556281
10602,19602,Medium,Medium,0.031238142974183408,0.02882974204159627,0.9399321149842202
16454,25454,Medium,Medium,0.0285885937764605,0.026993487664424148,0.9444179185591154
98,9098,Medium,Medium,0.030984664812451698,0.03010001108064937,0.9389153241068989
24977,33977,Medium,Medium,0.031498231749094836,0.028530181585575756,0.9399715866653294
22675,31675,Medium,Medium,0.046991711715163385,0.10067767932832487,0.8523306089565117
31349,40349,Medium,Medium,0.03434885343298719,0.08751432839270297,0.8781368181743098
26055,35055,Low,Low,0.028269123244093104,0.9360481412999425,0.035682735455964336
8055,17055,Low,Low,0.02680077927636165,0.9347467961934125,0.03845242453022594
10013,19013,Low,Low,0.03016942132411274,0.9182050843281542,0.051625494347733177
10753,19753,Medium,Medium,0.03364738468547837,0.031383853568658734,0.9349687617458629
20571,29571,High,High,0.9392510752228972,0.02455554080526043,0.036193383971842547
10266,19266,High,High,0.9207297289073075,0.03938572555048042,0.03988454554221205
33977,42977,Medium,Medium,0.03805647700758244,0.20276675405233568,0.7591767689400818
7554,16554,Low,Low,0.02709470122530296,0.8932823502789046,0.07962294849579253
31499,40499,Low,Low,0.027506695029215128,0.9337074635693382,0.03878584140144652
34950,43950,Low,Low,0.02781434092821056,0.9328600785434408,0.039325580528348725
39674,48674,Medium,Medium,0.038904757400459435,0.03775048105563556,0.923344761543905
1988,10988,Medium,Medium,0.05920722283481831,0.03704471668322017,0.9037480604819614
7358,16358,Low,Low,0.02774350511900862,0.9286213390247674,0.04363515585622412
5361,14361,Medium,Medium,0.02936387989102597,0.02875268608100058,0.9418834340279734
39863,48863,Medium,Medium,0.04572665861593273,0.03192970297136163,0.9223436384127056
31833,40833,High,High,0.9359708729368516,0.027288024457991916,0.036741102605156555
34866,43866,High,High,0.9165888062860711,0.03516552150484942,0.04824567220907957
5791,14791,Low,Low,0.0334149420873747,0.9274781703917553,0.03910688752087004
1939,10939,Low,Low,0.02467449606334139,0.9279050490326152,0.04742045490404347
23212,32212,Medium,Medium,0.033104322065543985,0.17220984863106717,0.7946858293033888
26923,35923,Medium,Medium,0.03127797756062392,0.03237922547052292,0.936342796968853
405,9405,High,High,0.6384829075159357,0.03653455973728084,0.3249825327467835
22122,31122,Low,Low,0.027555992317617586,0.9360274700590333,0.03641653762334911
8873,17873,High,High,0.8983675946040955,0.04455145381967829,0.05708095157622615
28837,37837,Medium,Medium,0.046438790487489966,0.03855359612781322,0.9150076133846969
24871,33871,Medium,Medium,0.030209359824553122,0.02817407800761929,0.9416165621678276
10572,19572,Low,Low,0.027327984246553583,0.9186093377570468,0.05406267799639967
11826,20826,High,High,0.93309774178755,0.027919286245630667,0.03898297196681951
20241,29241,Medium,Medium,0.030616103620091522,0.02868817121850492,0.9406957251614037
18434,27434,Medium,Medium,0.02994700082197523,0.02930323200716477,0.94074976717086
10295,19295,High,High,0.7077017999969808,0.043688698361961785,0.24860950164105736
8513,17513,Medium,Medium,0.030083889197423903,0.032014059246069045,0.937902051556507
37368,46368,High,High,0.933059007822727,0.027904663065992732,0.03903632911128035
11379,20379,Medium,Medium,0.030756206763055596,0.028942533949910434,0.940301259287034
28790,37790,Low,Low,0.028736439485229793,0.9242466968131153,0.04701686370165487
31605,40605,High,High,0.9243369828064187,0.03251905780798647,0.043143959385594795
14208,23208,Low,Low,0.029196643048682788,0.9303283567412081,0.04047500021010917
24247,33247,Low,Low,0.034435072483788916,0.9011686919937724,0.06439623552243877
17037,26037,Medium,Medium,0.028899873314506858,0.02735109362894581,0.9437490330565472
24185,33185,Medium,Medium,0.03530651384201483,0.037035567265830675,0.9276579188921547
37985,46985,Low,Low,0.03469902717301294,0.9109585369968684,0.05434243583011861
29519,38519,Medium,High,0.923554281849943,0.03171313151323423,0.044732586636822835
29041,38041,Low,Low,0.037099884925747555,0.8348089952241042,0.1280911198501483
4561,13561,Medium,Medium,0.0404866023153273,0.04060548758635716,0.9189079100983154
19139,28139,High,High,0.9366800880271672,0.02668110246352316,0.036638809509309644
30417,39417,High,High,0.9372418659069646,0.027018270560961528,0.03573986353207386
24501,33501,High,High,0.9356538260148132,0.027438574468059262,0.03690759951712771
13069,22069,High,High,0.9377637537167113,0.024960308182119615,0.03727593810116897
21339,30339,Medium,Medium,0.031896114238905024,0.03403192239783726,0.9340719633632578
31995,40995,Medium,Low,0.02897127419195431,0.5176575641952007,0.4533711616128451
1282,10282,Medium,Medium,0.034348604900704675,0.032907449988638406,0.9327439451106567
17118,26118,High,Medium,0.03256976909233558,0.029690761140165625,0.9377394697674988
6990,15990,Low,Low,0.028970232674034025,0.891372948379761,0.07965681894620505
7518,16518,Medium,Medium,0.036671912177379175,0.029900909936111855,0.9334271778865091
26832,35832,Medium,Medium,0.03232747467423421,0.030616482067185535,0.9370560432585803
12644,21644,Medium,Medium,0.035971397342867195,0.03026421832044725,0.9337643843366855
15032,24032,High,High,0.9379088784153442,0.026185805643815337,0.03590531594084042
12700,21700,High,Medium,0.033384895556051675,0.030839594165672866,0.9357755102782755
21972,30972,High,High,0.933759355981017,0.029465287696603778,0.03677535632237919
4937,13937,Low,Low,0.02737517142848746,0.8469690475057677,0.12565578106574485
15951,24951,Medium,Medium,0.030946152109245558,0.030628357599390827,0.9384254902913636
29357,38357,High,High,0.9343720321230343,0.029037519442092236,0.03659044843487339
18121,27121,Medium,Medium,0.0307225371234759,0.02673120428541552,0.9425462585911086
21890,30890,High,High,0.9346243116148626,0.026052048989861434,0.039323639395276166
3869,12869,Medium,Medium,0.031155409788013202,0.029239374272710228,0.9396052159392766
329,9329,Medium,Medium,0.03686955508372731,0.030175487151678514,0.932954957764594
9764,18764,Medium,Medium,0.032596845552466586,0.02746771761796185,0.9399354368295715
14837,23837,Low,Low,0.027911180370863774,0.9279329150180162,0.04415590461111988
21120,30120,Medium,Medium,0.02950295412390241,0.028379668582275797,0.9421173772938217
23806,32806,Medium,Medium,0.034959977694431675,0.03394118616274929,0.9310988361428191
5525,14525,Medium,Low,0.03191722198314701,0.73135642093425,0.23672635708260303
23039,32039,High,High,0.9255232466643674,0.031828989462331925,0.042647763873300625
16360,25360,Medium,Medium,0.4290157375595917,0.03446530138509767,0.5365189610553106
18439,27439,Low,Low,0.028165941234628778,0.9236903302539529,0.0481437285114182
16112,25112,High,High,0.937041799627682,0.025177355358559573,0.03778084501375847
25030,34030,Medium,Medium,0.03588599589788379,0.04097321653647654,0.9231407875656398
25894,34894,Medium,Medium,0.031490202691222734,0.02872512837716612,0.9397846689316111
25040,34040,High,Medium,0.40773509932604174,0.04125037303591661,0.5510145276380417
19866,28866,Medium,Medium,0.03689834843939565,0.03526319699107061,0.9278384545695338
25581,34581,Medium,Medium,0.036425069778769144,0.07137617308746268,0.8921987571337683
29760,38760,Medium,Medium,0.02844276373801649,0.029054948714309442,0.9425022875476742
19752,28752,Medium,Medium,0.02999982096674783,0.02894787615360256,0.9410523028796495
32542,41542,High,High,0.9344393695726794,0.02740200653297091,0.03815862389434979
37817,46817,High,High,0.9248381941252326,0.029721289262584622,0.04544051661218274
17861,26861,High,High,0.9353286740727834,0.026959934772147934,0.0377113911550687
23949,32949,Medium,Medium,0.030626509738198887,0.05069262248195778,0.9186808677798434
18762,27762,High,High,0.9346623804241299,0.028687714128515535,0.036649905447354685
27929,36929,Medium,Medium,0.03255955534318155,0.028210814183339764,0.9392296304734787
29872,38872,High,High,0.9334353423223986,0.026668117688102344,0.03989653998949917
38241,47241,Low,High,0.9186874229540215,0.036837948199187905,0.044474628846790515
29681,38681,Low,Medium,0.027953709324664917,0.02941500018090674,0.9426312904944284
9783,18783,Low,Low,0.027920214147123142,0.9256722906994354,0.04640749515344156
23712,32712,Medium,Medium,0.03305808499748265,0.02873130181636307,0.9382106131861542
25256,34256,High,High,0.9364829108082752,0.02576511365905393,0.03775197553267098
27484,36484,Low,Medium,0.03225327690449987,0.38070749316484315,0.5870392299306569
18593,27593,Low,Low,0.03112967180385928,0.9248215227142671,0.04404880548187343
38226,47226,Low,Low,0.025930406841858433,0.9352276127046221,0.03884198045351945
4252,13252,Low,Low,0.03437009727614042,0.8909159185721202,0.07471398415173947
7148,16148,Low,Low,0.027624618508883734,0.9326732907753309,0.03970209071578521
33659,42659,Low,Low,0.029802157806597406,0.9347916532291087,0.035406188964293754
10335,19335,Low,Low,0.03229087192491483,0.9215839558758824,0.04612517219920276
9287,18287,Medium,Medium,0.03620448689368214,0.035392767627571535,0.9284027454787465
20710,29710,High,High,0.937235468736025,0.025713936625482364,0.03705059463849265
23757,32757,Medium,Medium,0.03410880641295106,0.047158989127275876,0.918732204459773
19198,28198,Low,Low,0.02770296841856863,0.9370996064580174,0.03519742512341409
21200,30200,Medium,Medium,0.029466615251660472,0.034294662988786806,0.9362387217595528
14148,23148,Medium,Medium,0.03486627745180865,0.03114598770785733,0.933987734840334
33185,42185,Medium,Medium,0.03086111597859474,0.031072024780605733,0.9380668592407995
31777,40777,Low,Low,0.025930414585544296,0.9370635312405707,0.03700605417388502
29344,38344,Medium,Medium,0.04129359002154035,0.031540480521607635,0.9271659294568521
30363,39363,Medium,Medium,0.028288482359569364,0.028287976276554452,0.9434235413638762
20723,29723,Medium,Medium,0.030061372581299983,0.030353124668490883,0.9395855027502091
5990,14990,Low,Low,0.039618173623509306,0.9202782627146663,0.040103563661824417
23754,32754,High,Medium,0.03181693957452097,0.029065280778728955,0.9391177796467501
31840,40840,High,High,0.9255062581552688,0.0371212652067005,0.03737247663803058
16701,25701,Low,Low,0.050657970293502656,0.8990461982878367,0.05029583141866061
2557,11557,Low,Low,0.028453102286633235,0.8554046741302984,0.11614222358306821
31914,40914,Low,Low,0.03438726425803866,0.9112342785324911,0.0543784572094703
2882,11882,Low,Low,0.04519618057595931,0.9078877835030532,0.046916035920987496
16469,25469,Medium,Medium,0.030665449630796534,0.4271014818793213,0.5422330684898822
35574,44574,Medium,Medium,0.033089610086265216,0.029436265090557717,0.937474124823177
27595,36595,Medium,Medium,0.04140323673796009,0.028789490893696066,0.9298072723683438
227,9227,Low,Low,0.027934710354558565,0.9297786320752328,0.0422866575702087
7795,16795,High,Low,0.027723598597461412,0.9284892190609284,0.043787182341610144
39753,48753,High,High,0.9316091521923434,0.02649698152516024,0.041893866282496424
10269,19269,Medium,Medium,0.02888592766312338,0.027809762507487817,0.9433043098293887
39951,48951,Medium,Medium,0.031248583743790876,0.02710171495839027,0.9416497012978189
25143,34143,Medium,Medium,0.031603477895264846,0.031256239900474846,0.9371402822042604
1594,10594,High,High,0.9355757047345749,0.025904481008264212,0.03851981425716086
14798,23798,Low,Low,0.028047872732603323,0.9253224258635063,0.04662970140389042
5809,14809,High,High,0.9209122874333423,0.04076864160967147,0.038319070956986306
14264,23264,High,High,0.9293585515616324,0.02983757279717215,0.040803875641195565
13891,22891,High,High,0.9384123480637742,0.024135818852350405,0.03745183308387545
36676,45676,Medium,Medium,0.038060568192900275,0.031576577814240496,0.9303628539928593
26805,35805,Medium,High,0.9303023364469089,0.02759925101366971,0.042098412539421294
12529,21529,Medium,High,0.9353827237615824,0.026570657436245888,0.03804661880217165
35381,44381,Medium,Medium,0.03223124464308638,0.03403313866483316,0.9337356166920805
15490,24490,Medium,Medium,0.03422880300029526,0.03756952197508079,0.9282016750246239
11002,20002,Medium,Low,0.029913387378967222,0.9186834881493929,0.05140312447163994
19815,28815,High,High,0.9287291428632177,0.03036642837484846,0.040904428761933787
21775,30775,Medium,Medium,0.031501649968700175,0.03454718827744927,0.9339511617538504
19995,28995,High,Low,0.033192667495211374,0.7462949968681327,0.22051233563665595
6370,15370,Medium,Medium,0.031012261169802813,0.03157811749361965,0.9374096213365775
19926,28926,Medium,Medium,0.029061837327696034,0.028221987770927992,0.9427161749013759
3801,12801,Low,Low,0.04355616476831948,0.7605913485430444,0.19585248668863606
27939,36939,Low,Low,0.03994638558988383,0.8906191856468965,0.06943442876321976
37902,46902,Low,Low,0.03242130171620954,0.9189082295006475,0.048670468783142816
22340,31340,Low,Low,0.048985421425773945,0.5070689088180949,0.4439456697561311
6474,15474,Medium,Medium,0.03127248648846174,0.030092183788716424,0.9386353297228219
32792,41792,Low,Low,0.025295765834171535,0.9306105281461008,0.04409370601972762
11051,20051,Medium,Low,0.03303914711846632,0.9254804340832394,0.04148041879829419
34362,43362,Medium,Medium,0.03431197114767845,0.038977408858632025,0.9267106199936895
20490,29490,Medium,Medium,0.030654449092196518,0.05725436889677296,0.9120911820110305
24410,33410,Medium,Medium,0.0364380985508369,0.04204947139017968,0.9215124300589835
31770,40770,High,High,0.9381434805513428,0.02536529836364242,0.036491221085014854
11740,20740,Medium,Medium,0.031204851290041094,0.031467221219202264,0.9373279274907566
3992,12992,High,High,0.9364703599236543,0.026733005158124643,0.03679663491822102
14728,23728,High,High,0.935155729217397,0.025460436096923944,0.03938383468567908
16291,25291,Medium,Medium,0.03453172993020646,0.031203881536597505,0.934264388533196
32662,41662,Medium,Medium,0.03117677626403752,0.03110307032087321,0.9377201534150892
7898,16898,Medium,Medium,0.03005835875579153,0.030166028072371853,0.9397756131718366
20393,29393,High,High,0.9363636332948939,0.02626913869686885,0.03736722800823728
40,9040,Medium,Medium,0.03177799882139953,0.02888329370528786,0.9393387074733126
11736,20736,High,High,0.9362903564854066,0.027090575674671172,0.03661906783992222
35669,44669,Low,Low,0.026012508705884643,0.9256506187263436,0.04833687256777177
24259,33259,Medium,Medium,0.046921018242218226,0.04581799649337509,0.9072609852644066
4312,13312,Low,Low,0.02785042740521308,0.91215882210303,0.05999075049175695
11580,20580,Low,High,0.918448869865526,0.027724600120071677,0.05382653001440235
19833,28833,Medium,Medium,0.032651547572142677,0.03991138003281692,0.9274370723950405
16519,25519,High,High,0.9115821556844003,0.04807496851809726,0.04034287579750243
27297,36297,Medium,Medium,0.03025575563525998,0.029349573764898423,0.9403946705998417
27264,36264,High,High,0.9357785092093458,0.027162800541672444,0.037058690248981785
6568,15568,Medium,Medium,0.03192098799049073,0.02938005543469153,0.9386989565748177
31593,40593,Medium,Medium,0.029675254168638022,0.026668978281285973,0.943655767550076
25646,34646,Medium,Medium,0.0347610461413631,0.06842220665075084,0.8968167472078861
461,9461,Medium,Medium,0.03169419264765495,0.033642470779515696,0.9346633365728292
25328,34328,High,High,0.9337048126525193,0.02832587687995845,0.03796931046752223
6817,15817,Low,Medium,0.03308458458117311,0.035133374115786396,0.9317820413030405
3866,12866,Low,Low,0.028030578547780193,0.888229746386877,0.08373967506534286
36132,45132,Low,Low,0.029656946501475795,0.9288858724338911,0.04145718106463313
36566,45566,High,High,0.9378142459162943,0.025224687364126325,0.03696106671957931
21181,30181,Low,Low,0.02965967127578714,0.9320623863895555,0.038277942334657346
6176,15176,Medium,Medium,0.03590387888194221,0.039886562476146255,0.9242095586419116
875,9875,Medium,Medium,0.03135420335295663,0.03195148004456453,0.9366943166024789
459,9459,Medium,Medium,0.035169218107115596,0.0295207514070783,0.9353100304858062
15157,24157,Medium,Medium,0.14718904797675164,0.0312292373631385,0.8215817146601099
29485,38485,Medium,Medium,0.033457076340762955,0.03377669387287483,0.9327662297863623
28260,37260,High,Medium,0.030242863891398714,0.0319917476012607,0.9377653885073406
37614,46614,Medium,Medium,0.03063550649603018,0.031976602588042545,0.9373878909159273
39813,48813,High,High,0.9351054439559557,0.026998382589229358,0.03789617345481486
12981,21981,Medium,Medium,0.035694746904370106,0.03799019337872386,0.926315059716906
38084,47084,High,High,0.9350150512355686,0.028658969715921884,0.03632597904850939
5673,14673,Medium,Medium,0.03101919681837616,0.029550170068382713,0.9394306331132412
25542,34542,Low,Low,0.034360142582095306,0.9160425408353813,0.04959731658252351
16154,25154,Low,Low,0.028067583952246806,0.9102375327370661,0.06169488331068703
3784,12784,Medium,Medium,0.07888034018366448,0.03643267087358191,0.8846869889427537
6855,15855,Medium,Medium,0.03356449367530328,0.03427471284964495,0.9321607934750517
22315,31315,Medium,Medium,0.03145421265513821,0.034976880438609956,0.9335689069062519
29860,38860,Medium,Medium,0.028332738598698264,0.02673986364749926,0.9449273977538025
15422,24422,Medium,Medium,0.05305837048155281,0.03574698462819162,0.9111946448902556
22295,31295,Low,Low,0.03439835435389644,0.926834505128244,0.03876714051785978
32375,41375,Medium,Medium,0.02848302645901184,0.04757232535546593,0.9239446481855222
17119,26119,Low,Low,0.026917221235250966,0.9261952411595288,0.04688753760522022
14346,23346,Low,Low,0.03658413588734304,0.9137004523666286,0.04971541174602837
30864,39864,High,High,0.9358165767097574,0.02684478868921578,0.037338634601026745
12621,21621,Low,Low,0.0330414550445987,0.9195879263274421,0.04737061862795914
8647,17647,Low,Low,0.025692629778175335,0.9342230177730123,0.040084352448812394
29787,38787,Low,Low,0.025724845122553974,0.9317874269702426,0.042487727907203364
11081,20081,High,High,0.9391235520311089,0.024204514189567986,0.03667193377932313
3997,12997,Medium,Medium,0.03448073674418959,0.03499214931961133,0.9305271139361991
29379,38379,Medium,Medium,0.0321825114208864,0.031252306789013674,0.9365651817900998
14089,23089,Medium,Medium,0.031347326110833705,0.27389253500746336,0.694760138881703
13107,22107,Medium,Medium,0.045182481229108645,0.035924662334129935,0.9188928564367616
21201,30201,Low,Low,0.029425021462097533,0.9263704967063738,0.04420448183152854
21084,30084,High,High,0.9331651663493078,0.02654246725251935,0.04029236639817287
23530,32530,High,High,0.9263105030756966,0.025378492957032015,0.048311003967271414
18655,27655,Medium,Medium,0.043892957871239556,0.05347499705150724,0.9026320450772531
22747,31747,Medium,Medium,0.025775008041635804,0.04927987029379811,0.924945121664566
38542,47542,Low,Low,0.02545611587705812,0.9363880504505732,0.03815583367236874
33625,42625,Medium,Medium,0.08717926765455397,0.06265497487573125,0.8501657574697147
13767,22767,Low,Low,0.02980800518883674,0.9316193453011047,0.038572649510058454
13933,22933,Medium,Medium,0.028841793055779847,0.02901495238723356,0.9421432545569864
39965,48965,High,High,0.9311810762710885,0.02528119322253995,0.04353773050637164
8913,17913,Medium,Medium,0.03843240321288625,0.04025037728911516,0.9213172194979986
23535,32535,Medium,Medium,0.03778206229017989,0.03256373165151434,0.9296542060583057
36311,45311,Medium,Medium,0.03388279344825929,0.055743164940491974,0.9103740416112487
13629,22629,High,High,0.9355556844641333,0.027163964982293374,0.037280350553573254
29932,38932,Medium,Medium,0.03615739172127316,0.03470969013194831,0.9291329181467786
10159,19159,Medium,Low,0.08230019839811714,0.5705350683130949,0.3471647332887881
22932,31932,High,High,0.9326447949672435,0.026460925798556346,0.040894279234200054
9750,18750,Medium,Medium,0.026982123077396215,0.026317298151686517,0.9467005787709173
30847,39847,Medium,Medium,0.030436578809625723,0.028205393702190332,0.941358027488184
6889,15889,Low,Low,0.026215019134058454,0.9358824937182583,0.03790248714768316
19539,28539,Medium,Medium,0.05200412227893539,0.02716672722167514,0.9208291504993894
2646,11646,Low,Low,0.029965875124187757,0.9328080773800981,0.03722604749571403
14486,23486,High,High,0.880275443602828,0.029201727127740707,0.09052282926943143
15784,24784,Medium,Medium,0.032379982413159356,0.030394872499722957,0.9372251450871176
9842,18842,Medium,Medium,0.032070766637215344,0.03303795025836154,0.934891283104423
33124,42124,Medium,Medium,0.03535618446827566,0.03225267245890958,0.9323911430728148
29423,38423,High,High,0.936276399424424,0.0260805531463533,0.03764304742922284
929,9929,Medium,Medium,0.03198965220979766,0.029912472261651887,0.9380978755285504
8078,17078,High,High,0.9289323517749456,0.03154221826992613,0.03952542995512817
2665,11665,Low,Low,0.03332505692962754,0.8956460108023009,0.07102893226807165
19053,28053,Low,Low,0.024865226262200262,0.9354261204441388,0.03970865329366104
21971,30971,Medium,Medium,0.02858978399539251,0.02859474373196154,0.942815472272646
35923,44923,Medium,Medium,0.05312174734803634,0.0286587805858849,0.9182194720660788
6228,15228,Medium,Medium,0.03502934936776252,0.03185566634547832,0.9331149842867591
26576,35576,Medium,Medium,0.03324866754710673,0.027767573513466762,0.9389837589394264
33498,42498,Medium,Medium,0.3302759852065922,0.032279072571687474,0.6374449422217204
11777,20777,Medium,Medium,0.028239437921766097,0.02700465410587222,0.9447559079723616
29426,38426,High,High,0.936634470770687,0.02479833702799908,0.038567192201314
5605,14605,Medium,Medium,0.03306482532505748,0.032872371693624634,0.9340628029813178
10014,19014,Low,Low,0.025057536224354412,0.9378530542088263,0.037089409566819435
28798,37798,High,High,0.9191952812172773,0.03360380531658446,0.047200913466138195
17551,26551,Medium,Medium,0.034905789803079755,0.027775075525768328,0.9373191346711519
22916,31916,Medium,Medium,0.03670384699153106,0.03442032406404147,0.9288758289444274
1070,10070,High,High,0.931225371552674,0.03141657010499691,0.03735805834232892
31973,40973,High,High,0.9305333039204696,0.028456082284977133,0.041010613794553306
14219,23219,Medium,Medium,0.03404143391134834,0.0353358317797206,0.9306227343089312
18399,27399,Medium,Medium,0.2563988117118164,0.03136669929376183,0.7122344889944218
20270,29270,Medium,Medium,0.028225214356678022,0.025531292629941554,0.9462434930133804
22990,31990,High,High,0.9340532121372571,0.026326428380805247,0.039620359481937685
22156,31156,Medium,Medium,0.03630872494074803,0.032994825777813624,0.9306964492814384
35078,44078,Medium,Medium,0.038497844318285325,0.034651497912776684,0.9268506577689379
5739,14739,Medium,Medium,0.03178903754296712,0.03616960465406352,0.9320413578029693
508,9508,Medium,Medium,0.02897670975262143,0.02825633353223282,0.9427669567151459
35321,44321,Low,Low,0.03113687050181323,0.8345734612183374,0.13428966827984948
943,9943,High,High,0.9318882158837232,0.029381154869277695,0.03873062924699913
25839,34839,Low,Low,0.029222932528979246,0.9344201790376773,0.03635688843334366
13947,22947,High,High,0.9132902222316925,0.04860462555568135,0.03810515221262614
15333,24333,High,High,0.9361928049054281,0.027309713930065867,0.03649748116450607
16794,25794,Low,Low,0.03256534506916907,0.925196802026183,0.0422378529046478
31825,40825,High,High,0.9339035895806607,0.025717470034657366,0.04037894038468202
2888,11888,Low,Low,0.028416368673788443,0.9202591170686731,0.051324514257538485
38003,47003,Medium,Medium,0.03512152711135754,0.030006377011393234,0.9348720958772492
32010,41010,Medium,Medium,0.03255482530230371,0.028872157422338066,0.9385730172753582
15937,24937,Low,Low,0.02503981726718015,0.93407919150458,0.040880991228239814
23955,32955,Medium,Low,0.036393642848883544,0.6350699780026136,0.328536379148503
18361,27361,Low,Low,0.035602981357423076,0.926528689449524,0.03786832919305288
28246,37246,Low,Low,0.031102043015445762,0.9182225517363873,0.05067540524816693
25618,34618,Medium,Medium,0.03266349596429511,0.044007427443164555,0.9233290765925403
6188,15188,High,High,0.9221639631364386,0.0330147144193935,0.0448213224441679
15358,24358,High,High,0.5091123359103759,0.06604066380989711,0.42484700027972694
30664,39664,Medium,Medium,0.03216501281183432,0.02901558801143324,0.9388193991767325
10461,19461,Low,Low,0.028098038968011763,0.9347345212369977,0.037167439794990466
29195,38195,Medium,Medium,0.03532956587342231,0.032751258144147116,0.9319191759824306
28333,37333,Medium,Medium,0.03165127001373117,0.028580321261537422,0.9397684087247313
19803,28803,Medium,Medium,0.034804952667811424,0.03558235921824101,0.9296126881139476
37174,46174,High,High,0.9376464300282414,0.023934901172334072,0.03841866879942441
29378,38378,Medium,Medium,0.029275614680184362,0.03024730291087875,0.940477082408937
9772,18772,Low,High,0.9324250646177757,0.025832069179424436,0.04174286620279988
24619,33619,Low,Low,0.038999563163574516,0.5356470328163647,0.42535340402006083
35865,44865,Low,Low,0.02638725957931154,0.9326900395234966,0.04092270089719191
3080,12080,Low,Low,0.028347794609186665,0.9348533674234908,0.036798837967322647
27319,36319,Low,Low,0.029401270197652915,0.7417571534015344,0.2288415764008127
20612,29612,High,High,0.9329853398100681,0.028060712931499854,0.03895394725843204
6983,15983,Medium,Medium,0.030198602007779546,0.028653787747828285,0.9411476102443922
33383,42383,Low,Low,0.025798440815672136,0.9260303691627612,0.04817119002156672
2308,11308,High,High,0.9371021077507651,0.027097626134340868,0.03580026611489407
17886,26886,Medium,Medium,0.03089758843954084,0.03146090854274237,0.9376415030177169
37755,46755,Medium,Medium,0.03102327816916735,0.2124852920849772,0.7564914297458554
21553,30553,Medium,Medium,0.035339828347125686,0.032684990154679544,0.9319751814981947
35427,44427,High,High,0.9181134402743508,0.03809684878365708,0.04378971094199204
24291,33291,Medium,Medium,0.03243630030965655,0.034990719688378046,0.9325729800019653
6677,15677,High,High,0.9350815362891686,0.028272579525708903,0.03664588418512249
30220,39220,Medium,Medium,0.032274523015943184,0.03301131946849955,0.9347141575155572
5797,14797,Low,Low,0.02512568253572789,0.9367833699195104,0.03809094754476163
19323,28323,Medium,Medium,0.04006665915606755,0.0327423245484259,0.9271910162955065
39918,48918,Medium,Medium,0.03646282163212267,0.040437810474865554,0.9230993678930117
1726,10726,Medium,Medium,0.029441418144113097,0.03249955330506788,0.938059028550819
17703,26703,Medium,Medium,0.04773957785826046,0.0531529014266918,0.8991075207150477
15884,24884,High,Medium,0.07912404292444157,0.030188568072452876,0.8906873890031056
2774,11774,Medium,Medium,0.028692114093385564,0.0284331706741162,0.9428747152324983
4949,13949,Medium,Medium,0.029880574524652478,0.02971801584902957,0.9404014096263179
3816,12816,High,High,0.9278544189755644,0.0318312160331845,0.04031436499125119
6999,15999,High,High,0.9351966250470701,0.026031866790864874,0.038771508162064976
325,9325,High,Medium,0.31793332617342246,0.04345245263519254,0.6386142211913851
22804,31804,Medium,Medium,0.036810572033898224,0.036546621725254864,0.926642806240847
26913,35913,Medium,Medium,0.03245522747318144,0.031031966754669783,0.9365128057721487
10459,19459,Low,Low,0.02924856709132648,0.8581172194016536,0.11263421350701996
28678,37678,Medium,Medium,0.030878804543569782,0.03405776697619538,0.9350634284802348
32296,41296,Medium,Medium,0.03138647631663216,0.02833630945754988,0.940277214225818
39984,48984,Medium,Medium,0.0339998723025562,0.03200255162795198,0.9339975760694919
8304,17304,Medium,Medium,0.032276917146542294,0.031552161889110315,0.9361709209643473
35589,44589,Medium,Medium,0.035240306188334146,0.04141385746219727,0.9233458363494687
3827,12827,Low,Low,0.037714254402809184,0.9229762220912313,0.03930952350595942
28362,37362,Medium,Medium,0.029935202398572974,0.029091810570451904,0.9409729870309752
23884,32884,High,High,0.937141462479742,0.026769871025200145,0.036088666495057986
1142,10142,High,High,0.9352164116545222,0.0272667905574165,0.037516797788061274
10801,19801,Medium,Medium,0.03443200658468862,0.0322536534523201,0.9333143399629913
15198,24198,High,High,0.9359771835747358,0.024809655748821203,0.03921316067644301
7460,16460,Medium,Medium,0.031865745012745854,0.027646709623368165,0.940487545363886
36579,45579,Medium,Medium,0.032715993068578496,0.028279735215340735,0.9390042717160808
23017,32017,High,High,0.9111505829397019,0.034519308473475625,0.05433010858682245
6307,15307,High,High,0.9362744673851671,0.026190490264287037,0.03753504235054594
20974,29974,Medium,Medium,0.033903419231233606,0.031209861653918602,0.9348867191148478
22621,31621,Low,Low,0.031741804211160345,0.8017389030766569,0.16651929271218274
23971,32971,Medium,Medium,0.03694098588985117,0.03003873288810514,0.9330202812220437
12780,21780,Low,Low,0.03421292190763206,0.9240611054903244,0.04172597260204372
37905,46905,High,High,0.9295622212743329,0.029889065282386454,0.040548713443280655
10852,19852,Medium,Medium,0.03327666003089433,0.029822926732488958,0.9369004132366167
12147,21147,Medium,Medium,0.34852833099461383,0.03212687499517791,0.6193447940102083
23484,32484,Medium,Medium,0.028946040594834868,0.03749829482240761,0.9335556645827575
31260,40260,Medium,Low,0.03826071824362586,0.6825466560210446,0.27919262573532944
37418,46418,Low,Low,0.03199235643660595,0.9238236705948983,0.04418397296849566
5549,14549,Medium,Medium,0.028863399578670665,0.06224727319010833,0.9088893272312211
19171,28171,Medium,Medium,0.034446067293344984,0.04882066749147814,0.9167332652151768
38126,47126,High,High,0.9217168914129722,0.03425872565142022,0.044024382935607655
31497,40497,Medium,Medium,0.030269547973613153,0.0351667100321481,0.9345637419942388
39620,48620,Medium,Medium,0.02968753474646525,0.02822775349233676,0.9420847117611979
18077,27077,Medium,Medium,0.0305638410236705,0.03581560033268486,0.9336205586436446
31121,40121,High,High,0.9361550307911998,0.02651879405391276,0.03732617515488735
13380,22380,High,High,0.9286064136562674,0.027997125253671692,0.043396461090060755
29494,38494,Medium,Medium,0.031268722159348165,0.02941314285734004,0.9393181349833118
31971,40971,High,High,0.625284340572393,0.04494994535783475,0.3297657140697723
24846,33846,Medium,Medium,0.030179251626406476,0.16122291940982247,0.8085978289637711
37715,46715,Low,Medium,0.034780697673669245,0.03440967833182972,0.930809623994501
36140,45140,Medium,Medium,0.041699194950029723,0.11962687269909049,0.8386739323508797
4151,13151,Medium,Medium,0.031298296177559,0.0423587434292303,0.9263429603932107
36207,45207,Low,Low,0.033636867049517204,0.9282402811805289,0.03812285176995379
14815,23815,Medium,Medium,0.03446256624870645,0.02780696681209383,0.9377304669391998
31843,40843,Medium,Medium,0.03782623474379483,0.03208782993509931,0.930085935321106
6596,15596,Medium,Medium,0.03305464456504931,0.03008997613483942,0.9368553793001112
21731,30731,Medium,Medium,0.03400866348895353,0.029531463109947597,0.9364598734010988
20068,29068,Medium,Medium,0.029821030234472592,0.029481055889781897,0.9406979138757455
3373,12373,Medium,Medium,0.03421661569631417,0.03108517917535931,0.9346982051283265
6692,15692,High,High,0.9000953805178898,0.029897429635242667,0.07000718984686748
23835,32835,Low,Medium,0.03480452488761792,0.03608003146776565,0.9291154436446165
5169,14169,Medium,Medium,0.031217831756042105,0.02703464907816235,0.9417475191657956
39581,48581,Medium,Medium,0.03385912103398503,0.0277477253525267,0.9383931536134883
39284,48284,Medium,High,0.9296429083936045,0.032759204822319136,0.03759788678407643
5568,14568,Medium,Medium,0.030830822537139885,0.027737339465792463,0.9414318379970675
6084,15084,Medium,Medium,0.036365444655606684,0.029212051909303666,0.9344225034350896
28200,37200,Medium,Medium,0.030060714751132506,0.029577020914050026,0.9403622643348175
16133,25133,Low,Low,0.028004887096956074,0.9355340112714284,0.03646110163161554
37970,46970,Medium,Medium,0.03930672893270357,0.026455494721558438,0.9342377763457379
12703,21703,Medium,Medium,0.03351225319209887,0.03595165601305119,0.93053609079485
236,9236,Low,Low,0.02589369511544412,0.9370037227776148,0.03710258210694126
29654,38654,Low,Low,0.031454335668435356,0.930692825183224,0.03785283914834065
24741,33741,Medium,Medium,0.03161958493657357,0.0359265004700797,0.9324539145933466
6528,15528,Medium,Medium,0.09592529757440915,0.0389628606671688,0.8651118417584222
11932,20932,High,High,0.9291269481676928,0.02713634795751237,0.0437367038747949
14911,23911,High,Medium,0.037644320674885566,0.030247680705950093,0.9321079986191644
14298,23298,Medium,Medium,0.029180899525844687,0.027424529546291654,0.9433945709278637
28966,37966,Medium,Medium,0.03213135780166621,0.029943921862215644,0.9379247203361181
17155,26155,Medium,Medium,0.0283385024573449,0.02727613601756233,0.9443853615250927
35405,44405,Low,Low,0.02594639511573325,0.9382205304735077,0.03583307441075898
7721,16721,High,High,0.9356197511374081,0.02744915437795778,0.03693109448463405
30486,39486,Medium,Medium,0.35988777189213855,0.031056172115037178,0.6090560559928243
35932,44932,Medium,Medium,0.032823974630700636,0.03220467811602385,0.9349713472532755
34625,43625,High,High,0.9325465972583387,0.02890505768953105,0.03854834505213031
26602,35602,Medium,Medium,0.02786923415215729,0.030762477458577058,0.9413682883892656
34648,43648,Low,Low,0.029531024507445745,0.7406610523759394,0.22980792311661488
35385,44385,High,High,0.9327027299980927,0.027090252865169747,0.040207017136737515
31254,40254,Medium,Medium,0.03150363422905338,0.03078511133403014,0.9377112544369165
11180,20180,Medium,Medium,0.028146328903219508,0.02949663420541233,0.9423570368913682
1034,10034,High,High,0.8543614230495388,0.040078324553594905,0.10556025239686635
34037,43037,Low,Low,0.04194483206502172,0.9181485198109005,0.039906648124077744
23787,32787,High,High,0.8722136575846381,0.0743119732732815,0.05347436914208046
36787,45787,High,High,0.9380127972323399,0.0242878404514885,0.03769936231617155
35124,44124,Low,Medium,0.030069267441430732,0.030034766627169533,0.9398959659313997
4211,13211,Low,Low,0.03636625019038919,0.8153562512678505,0.14827749854176023
1753,10753,Low,Low,0.029143329193251594,0.8943459360453487,0.07651073476139961
24047,33047,Low,Low,0.02914303414584009,0.932875519932994,0.03798144592116596
22225,31225,Low,Low,0.029148667131233468,0.8925789044913284,0.07827242837743818
35936,44936,High,High,0.9196101404147302,0.03295733681068628,0.04743252277458338
34034,43034,Medium,Medium,0.0298654761561269,0.02774566202780727,0.9423888618160658
27271,36271,Low,Low,0.027222943056220167,0.9359960044194411,0.036781052524338734
12016,21016,Medium,Medium,0.030005114475241706,0.028948540329268486,0.9410463451954899
14052,23052,Low,Low,0.026428009229481825,0.9298229926774022,0.04374899809311591
37758,46758,Medium,Medium,0.03526787834075076,0.4512521187460908,0.5134800029131585
27358,36358,Low,Low,0.029650749449510117,0.8488720112434699,0.12147723930701985
9551,18551,High,High,0.9367072536044295,0.02633799459001555,0.036954751805555026
9414,18414,Medium,Medium,0.03925349147012854,0.02981030773855949,0.930936200791312
19726,28726,Low,Low,0.028917222801890703,0.889818985642535,0.08126379155557435
15114,24114,Low,Low,0.02957040181654427,0.9285568864303825,0.041872711753073166
10969,19969,High,High,0.9359926120796996,0.02492417129508261,0.03908321662521779
18520,27520,High,High,0.9353923390835287,0.02834363132910578,0.03626402958736547
27971,36971,High,High,0.9375716283870267,0.025895540023898166,0.03653283158907511
20069,29069,Medium,Medium,0.03544679970671686,0.030615396993116984,0.9339378033001662
19711,28711,Medium,Medium,0.03124509180668916,0.028969226325652905,0.939785681867658
31882,40882,Low,Low,0.027551343500186596,0.9300466750090797,0.04240198149073368
22464,31464,Medium,Medium,0.031140573074921907,0.0270215194656698,0.9418379074594082
9250,18250,Low,Medium,0.030316203987472506,0.027176640827696153,0.9425071551848315
16285,25285,Medium,Medium,0.03135367422096761,0.033904363170811615,0.9347419626082208
7593,16593,Low,Low,0.031006357060839485,0.9313827840982204,0.03761085884094014
17968,26968,High,Medium,0.04937499957695015,0.028712733652776195,0.9219122667702736
34022,43022,Medium,Medium,0.03277406309726505,0.03419004738129909,0.9330358895214358
30467,39467,Low,Low,0.03757638106925847,0.783346220071503,0.17907739885923848
3255,12255,Medium,Medium,0.03987244547197399,0.033320162849395735,0.9268073916786302
24593,33593,Medium,Medium,0.036836257521290834,0.16766473991411993,0.7954990025645893
1301,10301,High,High,0.9356145850309355,0.02718991657166005,0.03719549839740447
25897,34897,Low,Low,0.03586627357118867,0.8824330131133108,0.08170071331550051
21752,30752,Low,Low,0.041108262057136934,0.9039783188098092,0.05491341913305392
5633,14633,Low,Low,0.03538278571126464,0.89303574977578,0.07158146451295526
19773,28773,Low,Low,0.027155118212243243,0.9375457618659931,0.03529911992176346
31677,40677,High,High,0.9374511290576323,0.025735537786154183,0.036813333156213573
12452,21452,Medium,High,0.6725665923796926,0.031710107639222426,0.2957232999810851
12892,21892,High,High,0.9362933545523319,0.02687901100812817,0.03682763443953998
39907,48907,Low,Low,0.030454022756339988,0.926557515047309,0.04298846219635111
15597,24597,Low,Low,0.034674993687242306,0.9257528386224246,0.03957216769033294
9346,18346,High,Medium,0.03100492826478483,0.028461448404430212,0.940533623330785
38153,47153,Medium,Low,0.040944521878873284,0.8042009269395841,0.15485455118154268
3770,12770,Medium,Medium,0.03389222623811428,0.03754262489386428,0.9285651488680214
12603,21603,Medium,Medium,0.05540335885454045,0.03426014426008273,0.9103364968853769
23341,32341,Low,Low,0.02695294052718739,0.9323156160339111,0.04073144343890153
3666,12666,High,High,0.9337105150876527,0.028899781172686934,0.03738970373966044
7382,16382,Low,Low,0.032885848886334605,0.8231876442254528,0.1439265068882126
39444,48444,High,High,0.9332060031316872,0.025197833843900747,0.041596163024412026
19977,28977,High,High,0.9332481217347466,0.028313871749501045,0.03843800651575235
37480,46480,Medium,Medium,0.02975456350756336,0.02942642272585902,0.9408190137665776
1661,10661,Medium,Medium,0.0381815838536182,0.11019121588755859,0.8516272002588231
39388,48388,Medium,Medium,0.03062166312680793,0.029004566830930115,0.940373770042262
23854,32854,High,High,0.9391598160826721,0.02515717683265961,0.0356830070846684
12073,21073,Low,Medium,0.05591490933243646,0.2637190522398594,0.6803660384277043
17987,26987,High,High,0.9321473997648267,0.029920232667073516,0.03793236756809971
34638,43638,Medium,Medium,0.0642933860941398,0.13791478834635604,0.7977918255595043
35404,44404,Low,Low,0.026111008361060395,0.9370686443100976,0.036820347328841985
7257,16257,High,High,0.9340093579507505,0.02742838055314133,0.038562261496108134
36903,45903,Medium,Medium,0.030402161027084405,0.03129120794814764,0.938306631024768
5050,14050,Low,Low,0.03188824202030966,0.9085559511141086,0.0595558068655818
37094,46094,High,High,0.9368378063524435,0.026792295375258752,0.036369898272297856
34381,43381,Medium,Medium,0.03038919136251624,0.029527786691016692,0.940083021946467
16372,25372,High,High,0.9300364097510357,0.03089120750058777,0.03907238274837659
5915,14915,Low,Low,0.033426612434717756,0.9306373263715036,0.03593606119377857
12457,21457,High,High,0.935017923490357,0.0275372060132667,0.037444870496376285
1957,10957,Medium,Medium,0.029141703962463433,0.028030921886139194,0.9428273741513973
30292,39292,High,High,0.9311119243746551,0.026837204940764765,0.04205087068458016
4525,13525,Medium,Medium,0.12615869248346873,0.03242809909801495,0.8414132084185163
4352,13352,Low,Low,0.032818461841805174,0.9282350719738547,0.038946466184340146
39036,48036,High,High,0.9348073674339764,0.026047229470683348,0.039145403095340085
27364,36364,Medium,Medium,0.045506407434247644,0.05763369941694957,0.8968598931488027
11030,20030,High,Medium,0.03254047204906634,0.028861067073903127,0.9385984608770306
29436,38436,Medium,Medium,0.03498947798423563,0.031594342261409065,0.9334161797543553
27985,36985,Low,Low,0.03340594700388965,0.9227665322957984,0.04382752070031206
20955,29955,Low,Low,0.025306360161231018,0.9403467946721906,0.034346845166578314
1817,10817,Medium,Medium,0.030266366895809606,0.030666882669405673,0.9390667504347846
17747,26747,Low,Low,0.02896770871449696,0.9268373469604837,0.044194944325019414
27085,36085,Low,Low,0.03111300485694124,0.8178285051969435,0.15105848994611518
11598,20598,Medium,Low,0.031751189797111314,0.5843279920790737,0.383920818123815
3356,12356,Medium,Medium,0.03193100937915206,0.032274429693749246,0.9357945609270987
17868,26868,High,High,0.9344250952148118,0.027797403558521717,0.037777501226666475
7884,16884,Medium,Medium,0.03387779460362252,0.033210321939880494,0.932911883456497
5801,14801,Low,Low,0.03180903237264585,0.930707876081985,0.03748309154536928
30548,39548,Medium,Medium,0.029264252850571725,0.027432141480758874,0.9433036056686693
22587,31587,Medium,Medium,0.04761574081670536,0.032922422912984105,0.9194618362703105
7702,16702,Medium,Medium,0.0366724954217737,0.05740209715872494,0.9059254074195012
12560,21560,Medium,Medium,0.03339894908219389,0.043500007728474226,0.923101043189332
6495,15495,High,High,0.9225339849262634,0.030594864399505765,0.04687115067423081
34669,43669,Medium,Medium,0.0323045616344431,0.027297068377703262,0.9403983699878538
12305,21305,Medium,Medium,0.03634704111371753,0.04097769767898421,0.9226752612072983
21127,30127,Medium,Medium,0.03433298510345437,0.029367547649587888,0.9362994672469577
32570,41570,Medium,Medium,0.02916774912023101,0.030380378147629034,0.9404518727321399
8905,17905,High,High,0.9359138124849121,0.026412046381138143,0.037674141133949686
23460,32460,High,High,0.932027887929202,0.02800445806938143,0.03996765400141639
1463,10463,Low,Low,0.029262137536606374,0.9351482110392727,0.03558965142412087
30174,39174,Medium,Medium,0.03126400895110555,0.028464548568120095,0.9402714424807744
2473,11473,Medium,Medium,0.032934337633370586,0.02860756389709899,0.9384580984695304
25750,34750,Low,Low,0.02573765233782671,0.93641200360226,0.0378503440599133
7564,16564,Medium,Medium,0.03340277190792709,0.03461578896391022,0.9319814391281627
34185,43185,High,High,0.9278430964143785,0.027470222099766947,0.04468668148585464
26134,35134,Medium,Medium,0.027988142657764434,0.02786204487018117,0.9441498124720544
1473,10473,Medium,Medium,0.029976675464615205,0.029031975631417194,0.9409913489039675
31207,40207,High,High,0.9310781002611731,0.028456092674906813,0.04046580706392014
30441,39441,High,High,0.9364114298374973,0.026314241691680965,0.03727432847082177
11570,20570,Low,Low,0.04079146010463522,0.9141698976935161,0.04503864220184875
16989,25989,Low,Low,0.028026047872192105,0.8418850674255536,0.13008888470225427
19581,28581,High,High,0.9356574838220076,0.024541017751029213,0.03980149842696325
25913,34913,Medium,Medium,0.03385596881049389,0.03770886041765814,0.928435170771848
12825,21825,Medium,Medium,0.12122398092860488,0.029145097026935723,0.8496309220444593
29541,38541,Low,Low,0.031268511646471105,0.9156164832430393,0.05311500511048962
27207,36207,Low,Low,0.03229346473977059,0.8936828611162285,0.07402367414400092
29361,38361,Low,Low,0.0318048185446096,0.9182018187505246,0.0499933627048658
27480,36480,Low,Low,0.029494172035255607,0.8478906774003927,0.12261515056435172
27000,36000,High,High,0.9335437481523413,0.026291765958571998,0.04016448588908663
18320,27320,Medium,Medium,0.031072456869532836,0.031389463801301476,0.9375380793291658
31832,40832,Low,Low,0.03767693756100998,0.8873218734802165,0.07500118895877349
35075,44075,Medium,Medium,0.06618733015567645,0.050120876795958634,0.883691793048365
22637,31637,High,Medium,0.037342927726568005,0.035122007344223806,0.9275350649292083
23883,32883,Medium,Medium,0.032597799394903294,0.02773893136938578,0.9396632692357109
7149,16149,Low,Low,0.0296709582858459,0.9313116829426873,0.039017358771466774
30172,39172,Medium,Medium,0.029021642462947184,0.0283828354503117,0.9425955220867411
1423,10423,Low,Low,0.03303235588505677,0.9223709164733416,0.044596727641601754
27517,36517,Low,Low,0.0271414310046396,0.9330567308489989,0.03980183814636147
1671,10671,Medium,Medium,0.03250274591936336,0.0330348057964584,0.9344624482841782
222,9222,Medium,Medium,0.11433998540267198,0.05556120018973119,0.8300988144075969
39006,48006,High,Medium,0.03313776781980865,0.02886616966592964,0.9379960625142617
10441,19441,Medium,Medium,0.03734903359160991,0.028252491410791707,0.9343984749975984
27576,36576,Medium,Low,0.038684049037947164,0.9202321399250523,0.04108381103700059
38818,47818,Low,Low,0.03249713584899296,0.722829779450851,0.24467308470015592
37054,46054,Medium,Medium,0.03783891233732133,0.03489141677955967,0.9272696708831191
30067,39067,Low,Low,0.02815806522103753,0.931358621768803,0.040483313010159526
24411,33411,Medium,Medium,0.0334305333588427,0.04095290393382393,0.9256165627073333
33648,42648,Low,Low,0.028286250092516545,0.8941187933486668,0.07759495655881662
27104,36104,Medium,Medium,0.03062524954861343,0.033004836450544174,0.9363699140008425
18264,27264,Medium,Medium,0.030026817639508704,0.030252068751568623,0.9397211136089227
34896,43896,Medium,Low,0.03518245631425992,0.7282949868533125,0.23652255683242754
13257,22257,High,High,0.9301940557470466,0.030149868442919545,0.03965607581003384
7789,16789,Low,Low,0.04496660553970877,0.5003252352669014,0.45470815919338986
7656,16656,Low,Low,0.03252726012484108,0.9064478291897015,0.06102491068545741
19850,28850,Medium,Medium,0.032263702172860474,0.0310846570294348,0.9366516407977047
39500,48500,Medium,Medium,0.05959781857941975,0.029906986354396908,0.9104951950661834
16985,25985,High,High,0.9334732267856637,0.026992314486848416,0.039534458727487926
32083,41083,Medium,Medium,0.03131310466932091,0.029645547372230362,0.9390413479584487
36795,45795,Medium,Medium,0.02936841147696852,0.027692908071819806,0.9429386804512117
20803,29803,High,High,0.9328966111161717,0.030023366982311405,0.037080021901516914
28617,37617,Medium,Medium,0.033194434601498596,0.029997654822500133,0.9368079105760012
1328,10328,High,High,0.9344906417633186,0.02717146599196986,0.03833789224471147
31053,40053,Medium,Medium,0.030082232386982252,0.43808632933336095,0.5318314382796568
24919,33919,High,High,0.9121601462401862,0.025505440389517037,0.06233441337029685
10573,19573,Medium,Medium,0.04006263137645754,0.03661166729268898,0.9233257013308535
15238,24238,High,High,0.9224190098465948,0.03464125951358108,0.0429397306398242
15418,24418,High,High,0.891846891977308,0.03590090824086987,0.07225219978182211
2331,11331,Medium,High,0.9355942992776631,0.027117699773821707,0.03728800094851521
27238,36238,High,High,0.9328402736849774,0.02535989786185808,0.04179982845316458
32339,41339,Low,Low,0.027585911211189505,0.9280591288222116,0.04435495996659882
6751,15751,Medium,Medium,0.02721985984618749,0.04162156364325065,0.9311585765105619
23424,32424,Medium,Medium,0.030609043604741093,0.0288140359875946,0.9405769204076643
2418,11418,Low,Low,0.027370108530128667,0.9357135761489158,0.03691631532095554
35246,44246,High,High,0.9362820034169413,0.02734592079304976,0.036372075790008875
20219,29219,High,High,0.938137870051483,0.02530172605561526,0.03656040389290179
5353,14353,Low,Low,0.033427730529930894,0.9271575150176797,0.039414754452389525
33866,42866,Medium,Medium,0.030290762078758905,0.027494953422245463,0.9422142844989957
28560,37560,Medium,Medium,0.029115486520006697,0.031773564957590275,0.9391109485224031
19526,28526,Low,Low,0.026739269355791375,0.9362952021658617,0.03696552847834697
36901,45901,Medium,Medium,0.03139470704441579,0.033585469531962626,0.9350198234236217
15694,24694,Low,Low,0.026801417951815416,0.931534809323244,0.04166377272494063
15082,24082,Medium,Medium,0.02979910481627629,0.03243653494633183,0.937764360237392
34442,43442,Medium,Medium,0.26575021571001956,0.03539377202450846,0.698856012265472
36178,45178,Low,Low,0.029839300058192044,0.9267741832652167,0.04338651667659132
24152,33152,Medium,Medium,0.03237144869770372,0.028041059301154952,0.9395874920011412
28156,37156,Medium,Medium,0.03560815604027348,0.0359728090040238,0.9284190349557028
26684,35684,Medium,Medium,0.030344680948233504,0.02742324762434664,0.9422320714274198
11899,20899,High,High,0.937325971057921,0.02683980782563139,0.035834221116447525
21808,30808,Medium,Medium,0.036028920900404944,0.040321153286606376,0.9236499258129885
1810,10810,Medium,Medium,0.03210197971590125,0.028260343785281045,0.9396376764988178
15573,24573,High,Medium,0.03355473886013353,0.029028598550142296,0.9374166625897242
35693,44693,High,High,0.9122802054914646,0.036716062108778036,0.051003732399757355
15496,24496,Medium,Medium,0.04702297839157361,0.02838080470194707,0.9245962169064793
9125,18125,Low,Low,0.02868396626999241,0.9322177884606949,0.039098245269312756
15307,24307,Low,Low,0.02753723757070467,0.9046005457640071,0.06786221666528831
18404,27404,High,High,0.9201923923803736,0.036893557541482526,0.04291405007814377
3113,12113,Low,Medium,0.06444601748533896,0.044742860316204704,0.8908111221984564
10923,19923,Medium,Medium,0.07008685288843795,0.030213730792114233,0.8996994163194478
20977,29977,High,High,0.9287897967063339,0.03181782480329747,0.039392378490368724
11368,20368,Medium,Medium,0.04022308533560311,0.03241762800045838,0.9273592866639385
33012,42012,Medium,Medium,0.038735388863938736,0.026731790820905512,0.9345328203151557
21162,30162,Low,Low,0.0328042953368235,0.8487079221874536,0.11848778247572282
34658,43658,Medium,Low,0.034451548463364796,0.5249252488726119,0.4406232026640233
23948,32948,Medium,Medium,0.02991029444224889,0.03672527022818937,0.9333644353295617
33966,42966,Medium,Medium,0.031003753861266987,0.25994918819387053,0.7090470579448626
36181,45181,Low,High,0.9360676569630915,0.02627790333980568,0.03765443969710295
26363,35363,Low,Low,0.02675097214437543,0.9054832109128986,0.0677658169427259
27777,36777,Medium,Medium,0.02888445395172787,0.031005144988078492,0.9401104010601937
1813,10813,Low,Low,0.02589053826270975,0.9313597420405659,0.04274971969672431
38009,47009,Low,Low,0.02821816706466149,0.9305642407313686,0.04121759220396989
5678,14678,Medium,Medium,0.041290649356358185,0.2539711090730314,0.7047382415706104
25745,34745,High,High,0.9352962379545865,0.027520168593815477,0.03718359345159802
37807,46807,Low,Medium,0.02888021575760359,0.03139181590418865,0.9397279683382078
36452,45452,Medium,Medium,0.031712074470067624,0.04862542395045932,0.9196625015794732
2432,11432,Medium,Medium,0.0322721706334984,0.03060774134930559,0.937120088017196
6226,15226,Medium,Medium,0.02952362039458808,0.028260756810845136,0.9422156227945667
26889,35889,High,High,0.9285947942264529,0.025986454873265313,0.04541875090028178
37840,46840,Medium,Medium,0.030666291680297747,0.036754525571518516,0.9325791827481837
13240,22240,High,High,0.9364567428240175,0.026587051691080554,0.03695620548490199
15608,24608,Medium,Medium,0.04824746841468817,0.0468402350285299,0.9049122965567818
22090,31090,High,High,0.9374328073534878,0.02617118313851503,0.036396009507997214
1575,10575,Medium,Medium,0.04164304006357622,0.028021691098086842,0.930335268838337
38760,47760,Medium,Medium,0.3604660171551981,0.03909511707587326,0.6004388657689287
7657,16657,High,High,0.9329145845433285,0.028397063998559097,0.03868835145811237
20982,29982,Medium,Medium,0.03145213668297173,0.02996201090881787,0.9385858524082104
18159,27159,Medium,Medium,0.03398726208759577,0.028983710195123028,0.9370290277172811
33713,42713,Low,Low,0.03274048331073212,0.9167222525285023,0.050537264160765476
33960,42960,High,Medium,0.3597626348402296,0.04570872007078783,0.5945286450889825
9786,18786,High,High,0.9342273153599004,0.0269981060222375,0.03877457861786187
23848,32848,Medium,Medium,0.040825444934153216,0.4336527313393361,0.5255218237265107
39081,48081,Low,Low,0.025692664401611734,0.9381944506592278,0.03611288493916048
29333,38333,Medium,Medium,0.03149959523551831,0.02874095074740728,0.9397594540170745
37398,46398,Low,Low,0.03968286010314542,0.9116934508169031,0.048623689079951495
33449,42449,High,High,0.9354181123748888,0.028923836001723352,0.03565805162338787
12403,21403,Medium,Medium,0.04131345325175705,0.039410916299117915,0.9192756304491251
37674,46674,High,High,0.9369235573704412,0.027446301677117656,0.03563014095244098
38002,47002,Medium,Medium,0.030233948634293382,0.03403517880866136,0.9357308725570452
15348,24348,Medium,Medium,0.03556093241353203,0.043370102526800396,0.9210689650596676
553,9553,High,High,0.9301048826061927,0.029641156316155316,0.04025396107765194
37881,46881,Medium,Medium,0.21806098638651447,0.044287694625689565,0.7376513189877961
39768,48768,Medium,Medium,0.0341169578593394,0.038509905365145924,0.9273731367755147
20282,29282,Low,High,0.9364193510348869,0.027235212377688906,0.03634543658742413
18505,27505,Medium,Medium,0.10871736861947257,0.02893108986935543,0.8623515415111719
2678,11678,Medium,Medium,0.03623824422810355,0.028618511216724405,0.9351432445551721
38278,47278,High,High,0.9359090550645726,0.026436313477551546,0.03765463145787592
21928,30928,Low,Low,0.02869469224043701,0.9324539467979056,0.03885136096165732
10015,19015,Low,Low,0.02992795549603761,0.9329383245031737,0.03713372000078869
34433,43433,Medium,Medium,0.02933346811903398,0.028144311246157603,0.9425222206348085
37600,46600,Medium,Medium,0.033489415418100306,0.033108886694552475,0.9334016978873473
2497,11497,High,High,0.9342935221686828,0.028757194475622593,0.036949283355694536
35729,44729,Low,Low,0.03143629915169776,0.9297872592716097,0.03877644157669272
39080,48080,Medium,Medium,0.032400835027538606,0.02969648668588769,0.9379026782865738
13982,22982,Medium,Medium,0.030586421335064617,0.02994253810459002,0.9394710405603455
16635,25635,High,High,0.9292994652798011,0.02509890003890838,0.04560163468129059
33817,42817,High,High,0.9366101528877673,0.025516989414703577,0.0378728576975293
37479,46479,Low,Low,0.03239614248889334,0.7627325831578222,0.20487127435328448
21680,30680,Low,Low,0.03701118760882713,0.9040189568209644,0.05896985557020842
29826,38826,Low,Low,0.027148514584573513,0.9313306346913612,0.04152085072406524
16051,25051,High,Medium,0.04734740417998203,0.03638686008453384,0.9162657357354842
25153,34153,Low,High,0.9221804554958878,0.038368606433655576,0.03945093807045663
23752,32752,Low,Low,0.026478407232544455,0.9366322750408248,0.03688931772663071
21054,30054,Medium,Medium,0.06376584358279756,0.31492108451001183,0.6213130719071905
31327,40327,Medium,Medium,0.02986267652648522,0.02905617546988744,0.9410811480036273
21920,30920,Medium,Medium,0.03310139585634957,0.044996063030832735,0.9219025411128176
13919,22919,Medium,Medium,0.03685856930429265,0.029092937779237275,0.9340484929164701
37138,46138,Medium,Medium,0.030558724159479245,0.47244411216907173,0.49699716367144914
12084,21084,Medium,Medium,0.030598455215829823,0.028725688646669936,0.9406758561375002
33891,42891,Low,Low,0.02880787047407839,0.9308781323044061,0.04031399722151555
26848,35848,Low,Low,0.03360425887300222,0.8312981179525231,0.13509762317447482
39827,48827,Low,Medium,0.036961920559706256,0.02842566590010084,0.9346124135401929
35425,44425,Medium,Medium,0.03016261147531539,0.028572880697048404,0.9412645078276363
39262,48262,Medium,Medium,0.041045697112971104,0.030297659706887494,0.9286566431801414
3155,12155,Low,Medium,0.03066627241563111,0.03036849533141045,0.9389652322529584
2006,11006,Low,Low,0.025601130730634317,0.9313640352282623,0.04303483404110341
5192,14192,High,High,0.9359319080080796,0.02446310670286687,0.039604985289053575
17646,26646,Medium,Medium,0.031219117834834206,0.027586280997281037,0.9411946011678848
2949,11949,Low,Low,0.025970921403107902,0.9356840709955674,0.038345007601324706
19668,28668,Low,Low,0.029675469224687893,0.9001209083725777,0.07020362240273444
35060,44060,Low,Low,0.03191208057660283,0.9293642719873612,0.03872364743603605
4275,13275,High,Medium,0.041703783887816676,0.03532297797994263,0.9229732381322407
16517,25517,Low,Low,0.028851802544343816,0.9253335083834938,0.0458146890721623
23080,32080,High,High,0.9370316652001284,0.025704453278910414,0.03726388152096117
26342,35342,High,High,0.9248959333180192,0.033426489911448,0.04167757677053285
4026,13026,High,High,0.9364726845782526,0.025174340707709575,0.03835297471403778
25200,34200,High,High,0.939271664952135,0.024287429384462877,0.03644090566340218
3878,12878,High,High,0.9061259646855265,0.030764944925610355,0.06310909038886306
26313,35313,High,High,0.9355477255512733,0.026285577091599944,0.038166697357126876
15140,24140,High,High,0.7308427558787695,0.04132630405244897,0.22783094006878155
3944,12944,Medium,High,0.6998356611895313,0.04546689254655841,0.25469744626391017
19927,28927,High,High,0.9348965330261741,0.02635836002206794,0.038745106951757764
16083,25083,High,High,0.936633975883803,0.027878301757908952,0.0354877223582881
4260,13260,Medium,Medium,0.03419784739891793,0.03374715370427897,0.9320549988968031
28367,37367,High,High,0.9369764970481748,0.026254082689098884,0.036769420262726234
18805,27805,Medium,Medium,0.02812249424543149,0.02777737127337519,0.9441001344811933
31487,40487,Medium,Medium,0.035255975078287344,0.028258231621923705,0.9364857932997889
18172,27172,Medium,Medium,0.03576347640224776,0.03500895346026314,0.9292275701374889
38715,47715,Medium,Medium,0.02913733126867875,0.02613940461659466,0.9447232641147266
26522,35522,Medium,Low,0.03584857035369234,0.524795852650385,0.43935557699592276
37914,46914,Low,Low,0.0269364598256922,0.9330140063137898,0.04004953386051804
11832,20832,Low,Low,0.026505634155130863,0.9006487097332494,0.0728456561116197
1259,10259,High,Low,0.02704208532251461,0.9362861239259065,0.03667179075157901
6501,15501,Low,Low,0.02676682489390855,0.9360091516240958,0.03722402348199563
26073,35073,Low,Low,0.03466831087506147,0.9254084255699899,0.039923263554948525
30495,39495,High,High,0.9361603798348034,0.026502532825367367,0.03733708733982913
25398,34398,Low,Low,0.0304188274186044,0.8996066144676135,0.06997455811378205
10276,19276,Medium,Medium,0.03457645170912826,0.028545641292687402,0.9368779069981844
20676,29676,Medium,Medium,0.02986797768665073,0.031553034908505084,0.9385789874048441
33681,42681,Medium,Medium,0.04306094830572319,0.03197576138509304,0.9249632903091838
11787,20787,Low,Low,0.03204226432300246,0.9269962570583745,0.0409614786186229
39192,48192,Medium,Medium,0.04517927221703736,0.03952060304037445,0.9153001247425884
700,9700,Medium,Medium,0.028962303247321502,0.027125129987018357,0.9439125667656603
15939,24939,Medium,Medium,0.03245891001022369,0.028811494370394642,0.9387295956193817
13876,22876,High,High,0.9345716144849501,0.028646188402868797,0.03678219711218122
4377,13377,High,High,0.9348160668692272,0.026344342648858644,0.03883959048191412
8182,17182,Medium,Medium,0.030412781502255782,0.026802313365653353,0.942784905132091
35795,44795,Medium,Medium,0.031853776503397505,0.030688776286235425,0.9374574472103671
37860,46860,High,High,0.9207448440775331,0.03548172396206648,0.04377343196040051
39154,48154,High,High,0.9394035630653499,0.023776473021724878,0.03681996391292514
10730,19730,Medium,Medium,0.03325380145315063,0.04321256069683301,0.9235336378500163
12137,21137,Medium,Medium,0.04110600620126458,0.031437292412554864,0.9274567013861805
1919,10919,Medium,Medium,0.031475337808379765,0.027501959898841955,0.9410227022927783
29262,38262,Medium,Medium,0.04549486448497112,0.03128799376885168,0.9232171417461771
5305,14305,Low,Low,0.029295593697260647,0.8183689726155667,0.1523354336871726
27376,36376,Medium,Medium,0.03037023754529737,0.029127417283253798,0.9405023451714488
37053,46053,Medium,Medium,0.04735516061117936,0.10010709519764834,0.8525377441911722
19219,28219,Low,Low,0.030876063395418235,0.8592415925134641,0.10988234409111768
25529,34529,Medium,Medium,0.033906625614001124,0.03666291212712294,0.9294304622588759
8907,17907,Medium,Medium,0.03497314293664113,0.03905905080923822,0.9259678062541207
31830,40830,Medium,Medium,0.07811405370772764,0.04597211815373947,0.8759138281385329
13239,22239,Medium,Medium,0.03671376222670754,0.030257149840418454,0.9330290879328741
14012,23012,High,High,0.9396017819475185,0.024170716332049078,0.03622750172043238
33935,42935,Medium,Medium,0.034315561896537984,0.04139974771415214,0.9242846903893098
13986,22986,Medium,Medium,0.03458522008777072,0.032117405950018045,0.9332973739622114
8983,17983,Medium,Medium,0.03522209837476284,0.0364633864518219,0.9283145151734153
1238,10238,Medium,Medium,0.10109271729156331,0.034572139770777485,0.8643351429376591
3078,12078,Low,Low,0.02576538207918742,0.9338306244475344,0.04040399347327831
21614,30614,High,High,0.934520286317101,0.026923033945144042,0.03855667973775497
38961,47961,High,High,0.9349402187495328,0.026643784703321502,0.03841599654714573
7064,16064,Low,Low,0.026203541518752576,0.9299874611066672,0.043808997374580404
31463,40463,Medium,Medium,0.045245369239459036,0.03400051304848845,0.9207541177120525
6258,15258,Medium,Medium,0.03147545548875821,0.032816655936628414,0.9357078885746134
17015,26015,Low,Low,0.0299181207170906,0.926508317324045,0.04357356195886436
16467,25467,Medium,Medium,0.0320860491549892,0.03234413160095545,0.9355698192440554
7032,16032,Medium,Medium,0.03349165333192431,0.03132381443481587,0.9351845322332597
34229,43229,Low,Low,0.02559608665178002,0.9359171627452748,0.03848675060294513
7435,16435,Low,Low,0.0293235292384378,0.583759084189123,0.3869173865724392
10275,19275,Medium,Medium,0.029495617828006804,0.0274653317225249,0.9430390504494683
10284,19284,Medium,Medium,0.032060077292094875,0.030111564292955955,0.9378283584149493
3057,12057,Medium,Medium,0.0388086897100731,0.03250824083893295,0.9286830694509941
19224,28224,Medium,Medium,0.031468726053446784,0.04032408481077196,0.9282071891357813
16437,25437,High,High,0.9389111111456941,0.024287392076692477,0.036801496777613296
1755,10755,Medium,Medium,0.04956155054390305,0.040201788803439276,0.9102366606526577
28660,37660,Low,Low,0.026443720532584564,0.9348641876997251,0.03869209176769036
1915,10915,Medium,High,0.9365733790758469,0.025918942144454626,0.0375076787796984
2632,11632,Medium,Medium,0.04104964618423986,0.03880646113050406,0.9201438926852562
5835,14835,Low,Low,0.02624973238761773,0.9345902193467039,0.039160048265678406
22317,31317,Medium,Medium,0.03789407500590342,0.02990586514005485,0.9322000598540416
9713,18713,Medium,Medium,0.03614113734223331,0.035505833160227124,0.9283530294975395
5903,14903,High,High,0.9354972623741683,0.02698503782161749,0.037517699804214245
24224,33224,Low,Low,0.03448900958199901,0.9143804019921203,0.05113058842588081
21797,30797,Medium,Medium,0.035154110138744914,0.032916042163455526,0.9319298476977996
28636,37636,Medium,Medium,0.03427975108494796,0.031146111658305792,0.9345741372567463
11429,20429,Medium,Medium,0.03500798954767889,0.0354420446693033,0.9295499657830177
17640,26640,Low,Low,0.029463559271855694,0.8801754195123185,0.09036102121582584
31765,40765,Medium,Medium,0.0302217024187644,0.027965526849665523,0.9418127707315701
12202,21202,High,High,0.9360056569704941,0.02742675638171002,0.036567586647795865
35227,44227,Low,Low,0.028334297349613596,0.9310697717667015,0.04059593088368501
21039,30039,Medium,Medium,0.035146711750942805,0.032817815171174394,0.9320354730778829
5842,14842,Medium,Medium,0.04402276386592289,0.07079854125521587,0.8851786948788612
28205,37205,High,High,0.6660310280436582,0.032792470682046757,0.301176501274295
20413,29413,Medium,Medium,0.07430751144669555,0.03631189752548215,0.8893805910278223
29297,38297,Low,Low,0.02675498837566048,0.9341856758052488,0.03905933581909074
196,9196,Low,Low,0.027216263955520476,0.9332204589987159,0.0395632770457636
10530,19530,High,High,0.9389868059344632,0.02452905623645285,0.036484137829083906
6588,15588,High,High,0.9391493005541394,0.02387802852544275,0.036972670920417866
19016,28016,Medium,Medium,0.032487632035617144,0.03060930839637956,0.9369030595680033
32049,41049,Medium,Medium,0.030592952616958376,0.033634053232569065,0.9357729941504725
5475,14475,High,High,0.9346856626302605,0.028229058251694927,0.03708527911804448
23142,32142,Medium,Medium,0.028891770883458665,0.029418422505066585,0.9416898066114747
2483,11483,Medium,Medium,0.02914980209727384,0.028578495229220388,0.9422717026735058
24309,33309,High,High,0.9363314787239877,0.02667150968190692,0.03699701159410531
24884,33884,Medium,Medium,0.04203111841884518,0.02837764484155984,0.929591236739595
28109,37109,Medium,Medium,0.030814881774609656,0.033174312788900005,0.9360108054364904
2785,11785,Low,Low,0.025461589139346565,0.9284170441402982,0.04612136672035522
5917,14917,Medium,Medium,0.03699314460479777,0.028892539295804976,0.9341143160993971
5112,14112,Low,Low,0.02657275103051658,0.9330708077969149,0.04035644117256859
24664,33664,Medium,Medium,0.031091975276923995,0.029440461329488285,0.9394675633935877
34776,43776,Medium,Medium,0.03360904326195943,0.03712113069348031,0.9292698260445603
27960,36960,Medium,Medium,0.03059435010493922,0.027930245917065513,0.9414754039779952
15090,24090,Low,Low,0.02627965661181425,0.933946763196939,0.03977358019124687
27579,36579,Medium,Medium,0.04890446687616165,0.029395731792963165,0.9216998013308751
22036,31036,Medium,Medium,0.029115862250271147,0.02777432936948035,0.9431098083802484
18076,27076,Medium,Medium,0.026430177522187764,0.02558961620304634,0.9479802062747659
23486,32486,Medium,Medium,0.031803059186412914,0.029064387239742317,0.9391325535738447
31071,40071,Medium,Medium,0.03697200764347897,0.032020865787253994,0.9310071265692672
15324,24324,Medium,Medium,0.03120183559027519,0.030052053417761262,0.9387461109919636
8558,17558,High,High,0.9355257684583265,0.02646075565221435,0.03801347588945909
13018,22018,Low,Low,0.026503361109026857,0.9365420466846314,0.036954592206341834
12380,21380,Medium,Medium,0.0330831988507365,0.028231407341144755,0.9386853938081187
6070,15070,High,High,0.8563712634836772,0.030799375062753497,0.11282936145356937
23907,32907,Medium,Medium,0.025405014361152185,0.027354921743268302,0.9472400638955795
4549,13549,Low,Low,0.029872152658161042,0.9333571545734526,0.036770692768386536
3832,12832,High,High,0.9308667910823303,0.027852143211558402,0.04128106570611128
19453,28453,High,High,0.9354176507806883,0.026269068072086066,0.03831328114722565
25962,34962,High,High,0.9061311167874143,0.04486633248940811,0.04900255072317744
1809,10809,Medium,Medium,0.09120483058658124,0.033615414472785855,0.8751797549406329
23199,32199,Low,Low,0.025269195051134175,0.9303620748620994,0.04436873008676637
10809,19809,Low,Low,0.030353385146071818,0.9124341095847938,0.057212505269134406
4983,13983,Medium,Medium,0.0316793860537687,0.03472939901335112,0.9335912149328802
34895,43895,Low,Medium,0.05779443965756175,0.07642958843100238,0.8657759719114358
17069,26069,High,High,0.9330197445298373,0.026573973089776437,0.0404062823803864
18713,27713,High,High,0.9331739242974861,0.027621653023244017,0.03920442267926983
34988,43988,Low,Low,0.037338842438884606,0.8062835241109555,0.1563776334501599
10613,19613,High,High,0.9268726065773617,0.03263683492669312,0.040490558495945024
5492,14492,Medium,High,0.49354052987681757,0.048588069269237734,0.4578714008539447
11029,20029,Medium,Medium,0.03656800266862696,0.03715333462487797,0.926278662706495
30943,39943,Medium,Medium,0.04128525280427448,0.03451773301048557,0.92419701418524
37031,46031,Medium,Medium,0.03681947236762884,0.03195337786628239,0.9312271497660887
31155,40155,Low,Low,0.025417911195319845,0.9377484072945711,0.03683368151010899
21323,30323,Medium,Medium,0.036001276177765947,0.036204958654413165,0.927793765167821
6505,15505,High,High,0.935170815009025,0.026323775391312008,0.03850540959966304
3945,12945,High,High,0.9270805176730228,0.03249456946759706,0.04042491285938012
301,9301,Medium,Medium,0.03429396458597916,0.032787468373659374,0.9329185670403616
16609,25609,Low,Low,0.039484428377307985,0.918856507121666,0.04165906450102599
26957,35957,Medium,Medium,0.04121559102756196,0.04173450794130393,0.9170499010311342
32731,41731,Low,Low,0.027327737885415326,0.8463067325090581,0.1263655296055267
12292,21292,Low,Low,0.0345203756752688,0.8905294010217073,0.07495022330302385
31737,40737,Medium,Medium,0.03416672896824385,0.02888513791715625,0.9369481331145998
21667,30667,Low,Low,0.03460361713487781,0.9269191777388549,0.03847720512626734
8314,17314,High,High,0.9144901096237582,0.04379090352082656,0.04171898685541529
25990,34990,Medium,Medium,0.03222020105764294,0.040722219450872836,0.9270575794914843
29479,38479,High,High,0.9186589349773745,0.030064050907297284,0.051277014115328055
32809,41809,Low,Low,0.028453832689151484,0.8918774622409108,0.0796687050699378
11765,20765,Low,Low,0.025597190715648033,0.9195755471682473,0.05482726211610456
28853,37853,Medium,Medium,0.039195164934124026,0.038589449650972274,0.9222153854149037
24050,33050,High,Medium,0.3216459009517246,0.03423609799249882,0.6441180010557767
6850,15850,Low,Medium,0.03752828710396456,0.04530298903482391,0.9171687238612115
30704,39704,High,Medium,0.028988677094026662,0.026362074632691936,0.9446492482732814
20719,29719,Medium,Medium,0.0324868131036912,0.03318063992049994,0.9343325469758089
38227,47227,Low,Low,0.031973784801632606,0.927679953949181,0.04034626124918631
25813,34813,Medium,Medium,0.025460930261552116,0.042873619635026027,0.9316654501034218
30911,39911,High,High,0.9371163526431986,0.025853154641962372,0.03703049271483907
15734,24734,Medium,Medium,0.03137212411296113,0.03215962517734507,0.9364682507096939
26931,35931,Low,Low,0.02704090697904409,0.936743845132831,0.03621524788812491
30300,39300,Low,Low,0.02609662714679523,0.9359950414977045,0.03790833135550035
11244,20244,Medium,Medium,0.029347299069796034,0.02773539118411515,0.9429173097460888
23658,32658,Low,Low,0.03624216481089113,0.9084064381574758,0.055351397031633144
26715,35715,High,High,0.9330749284638392,0.028011910267083145,0.03891316126907749
19982,28982,Medium,Medium,0.037775188789068846,0.03160695166691444,0.9306178595440168
12568,21568,Medium,Medium,0.03042353685893733,0.02828702442714709,0.9412894387139157
31648,40648,Medium,Medium,0.03417883173649882,0.029225101218797195,0.9365960670447041
15994,24994,Medium,High,0.9353179179111795,0.02673793424357945,0.03794414784524122
26747,35747,Medium,Medium,0.041105297521625866,0.04789777640495319,0.910996926073421
12633,21633,High,High,0.9357371393819474,0.025522097257109952,0.03874076336094278
9206,18206,Low,Low,0.02880765857807668,0.9319860152843331,0.039206326137590154
11362,20362,Medium,Medium,0.03437828205329197,0.03113755161191088,0.9344841663347973
12913,21913,High,High,0.9354904939334697,0.026534346031868706,0.03797516003466158
18502,27502,Medium,Medium,0.03868552803348469,0.036869959208361565,0.9244445127581539
4210,13210,Medium,Medium,0.03026399075287911,0.02793895519269869,0.9417970540544222
26186,35186,Medium,Medium,0.03152174946600028,0.028076463372718796,0.940401787161281
12596,21596,Medium,Medium,0.05468294560104401,0.035026106130300036,0.910290948268656
32717,41717,High,High,0.9388809046911879,0.025685630935938387,0.03543346437287357
38765,47765,Medium,Medium,0.030343068827745654,0.03257135591506912,0.9370855752571852
9577,18577,Medium,Medium,0.03741151967846199,0.03418435661669694,0.928404123704841
28598,37598,Low,Low,0.030236506518438785,0.9341164643984238,0.035647029083137494
16377,25377,High,High,0.9248933260495712,0.030841899044319665,0.044264774906109194
10752,19752,Medium,Medium,0.03673164275939481,0.030545110454757954,0.9327232467858472
38108,47108,Low,Low,0.02587843372834665,0.9388222860505739,0.03529928022107944
24464,33464,Medium,Medium,0.0302228419303541,0.028837555957149753,0.940939602112496
12760,21760,High,High,0.9384089404533817,0.0251400287989397,0.036451030747678526
14091,23091,Low,Low,0.027867683309980865,0.9305327151606363,0.04159960152938289
6580,15580,Low,Low,0.03378699098238215,0.9266220132589297,0.03959099575868802
977,9977,Low,Low,0.026785735740795184,0.9141702121110576,0.05904405214814699
33619,42619,Medium,Medium,0.025324921197547423,0.042624067632971475,0.9320510111694812
20810,29810,High,High,0.9328464266954818,0.028145292088569595,0.039008281215948466
12469,21469,Low,Low,0.02590814174823075,0.9354527968588929,0.03863906139287632
37049,46049,Medium,Medium,0.11049619612983974,0.030150120527958513,0.8593536833422016
22844,31844,Medium,Medium,0.03129724339006121,0.031036298654087583,0.9376664579558511
1541,10541,Low,Low,0.032706608059434934,0.927666990504915,0.039626401435650084
16955,25955,High,High,0.9383153962115003,0.025167432862937416,0.036517170925562205
15035,24035,Medium,Medium,0.03286604029738975,0.032830088193114816,0.9343038715094955
314,9314,Low,Low,0.026268393275733635,0.9345673630956391,0.039164243628627186
31416,40416,Medium,Medium,0.03113117891344655,0.028119471289517407,0.9407493497970361
21269,30269,Medium,High,0.9409055982652609,0.02395455754529745,0.035139844189441584
12021,21021,Medium,Medium,0.030398210336188003,0.03260938080001665,0.9369924088637953
34624,43624,Medium,Medium,0.037171727817334986,0.03238395216108044,0.9304443200215845
10932,19932,High,High,0.9080992762853639,0.028017634063499466,0.06388308965113663
39948,48948,High,High,0.9164650594676319,0.0332092824564734,0.05032565807589472
13201,22201,Medium,Medium,0.03350754281691578,0.033631999756840086,0.9328604574262441
6099,15099,Low,Low,0.025614012841544697,0.9311461260794172,0.04323986107903822
2721,11721,Medium,Medium,0.040677903518021585,0.03765366497773022,0.9216684315042483
63,9063,High,High,0.9375498901001015,0.024919689941562576,0.03753041995833589
16137,25137,Medium,Medium,0.03790409128269632,0.031878089256282986,0.9302178194610207
14353,23353,High,High,0.9317503878889832,0.02879960071226317,0.03945001139875362
34969,43969,Low,Low,0.030016061659984026,0.721157043397416,0.24882689494259988
27432,36432,High,High,0.938643895169359,0.025425485245406883,0.0359306195852341
37446,46446,High,High,0.9291909421419567,0.033134952113702175,0.03767410574434097
33404,42404,Medium,Medium,0.031344936770203106,0.02887342081084715,0.9397816424189497
2382,11382,Low,Low,0.028968551397774513,0.92734089403614,0.04369055456608548
17362,26362,High,High,0.9395026514645126,0.024226859740506545,0.036270488794980967
14150,23150,High,High,0.9354434011964385,0.027142124848583554,0.037414473954977844
28411,37411,Medium,Medium,0.045592190622553375,0.04173502219351988,0.9126727871839267
35949,44949,High,High,0.719056640861044,0.03405939607647219,0.24688396306248372
14721,23721,Medium,Medium,0.03560912467785868,0.032908726341747845,0.9314821489803936
37315,46315,Medium,Medium,0.02994595298366387,0.03131263598315571,0.9387414110331805
24156,33156,High,High,0.9261983354857338,0.02915572874515844,0.04464593576910773
7609,16609,High,High,0.9368571331314198,0.026871255515830906,0.03627161135274939
30002,39002,Medium,Medium,0.02864000205303753,0.027944435139850784,0.9434155628071116
19378,28378,Medium,Medium,0.08840631555666419,0.04400009485033804,0.8675935895929977
26552,35552,High,Medium,0.030933719463092108,0.02957782040722352,0.9394884601296843
26052,35052,Medium,Medium,0.0326378678609034,0.027733596070990046,0.9396285360681066
7461,16461,Medium,Low,0.03343473522120544,0.8641146276082651,0.10245063717052959
2719,11719,Medium,Medium,0.03199447296634178,0.03507170930264413,0.9329338177310141
2273,11273,Low,Low,0.028796225475021548,0.9282237332552771,0.042980041269701265
28597,37597,Medium,Medium,0.036723558417371946,0.03516426898871696,0.9281121725939112
38071,47071,High,High,0.9328981136131006,0.028435777453724956,0.03866610893317444
2709,11709,Low,Low,0.031826194730552794,0.8830251793959031,0.08514862587354415
21153,30153,Medium,High,0.936530887574969,0.02552406853876914,0.03794504388626171
32533,41533,Medium,Medium,0.041087152617865934,0.02780809631858845,0.9311047510635456
5359,14359,Low,Low,0.0272740682352281,0.9377448386754531,0.034981093089318724
16385,25385,High,High,0.9310369121201223,0.030602427805115257,0.03836066007476247
35389,44389,Medium,Medium,0.03203905327246899,0.028996161561548595,0.9389647851659824
19392,28392,Medium,Medium,0.02807715961754928,0.030046743664280468,0.9418760967181701
39215,48215,Medium,Medium,0.03332167123666013,0.03222609128446434,0.9344522374788756
5539,14539,Medium,Medium,0.031665871373290515,0.027753501619510252,0.9405806270071992
28446,37446,Medium,Medium,0.03870875284128503,0.02797416826132502,0.93331707889739
38393,47393,High,High,0.9375055778102137,0.026169702550138185,0.036324719639648194
35313,44313,Medium,Medium,0.03301929160972019,0.03431716847996982,0.9326635399103099
10424,19424,Medium,Medium,0.027999285821099205,0.029267275943421055,0.9427334382354798
8893,17893,Medium,Medium,0.05998880260316634,0.03976204062371312,0.9002491567731207
7592,16592,Medium,Medium,0.03451097527998876,0.041888012134215696,0.9236010125857955
5106,14106,High,High,0.9352370314237056,0.027898745208568155,0.0368642233677264
33892,42892,Medium,Medium,0.0422119476108845,0.03964470185302689,0.9181433505360886
26719,35719,Low,Low,0.02748194534229725,0.9289233244143222,0.04359473024338053
13985,22985,Medium,Medium,0.03561218802483294,0.029223091979073596,0.9351647199960934
34112,43112,Medium,Medium,0.2959469619634281,0.060048490312211156,0.6440045477243608
22794,31794,Low,Low,0.028291774720293174,0.9341453857004326,0.03756283957927422
2360,11360,Low,Low,0.025530492395814314,0.8947475284204969,0.07972197918368874
1535,10535,Medium,Medium,0.03281791747363315,0.03184926814479069,0.9353328143815761
20174,29174,Low,Low,0.027242284563414338,0.9247076518952998,0.04805006354128575
2388,11388,Low,Low,0.04024874347711296,0.8790842536362907,0.08066700288659627
39990,48990,High,High,0.9299312326687278,0.029703074820809753,0.04036569251046244
28504,37504,Medium,Medium,0.03155050364214088,0.037898505835858076,0.930550990522001
24523,33523,Low,Low,0.027838171400163574,0.931960884715033,0.040200943884803365
35301,44301,Medium,Medium,0.029256161744693827,0.03143723086363753,0.9393066073916686
5513,14513,Low,Low,0.03041645593170743,0.716639410323157,0.25294413374513564
3718,12718,Medium,Medium,0.03554193337628359,0.045051495343740165,0.9194065712799763
4597,13597,High,High,0.9367791696161323,0.025426416632679583,0.03779441375118816
23975,32975,Medium,Medium,0.03214632537306375,0.034912504590458394,0.9329411700364778
22401,31401,Medium,Medium,0.03820021998688707,0.03178823007686302,0.9300115499362499
3854,12854,High,High,0.9340993459575082,0.027578966763317853,0.038321687279173934
17070,26070,Medium,Medium,0.03494040507626705,0.03358749270600997,0.9314721022177229
39187,48187,Medium,Low,0.03439793075974451,0.6625277426551993,0.30307432658505623
16149,25149,Medium,Medium,0.06436773639962835,0.035254716471325755,0.9003775471290458
32366,41366,Low,Low,0.02575649755141247,0.9319609271815571,0.04228257526703041
34274,43274,High,High,0.9348571801987721,0.027457591750383262,0.03768522805084459
38439,47439,Medium,Medium,0.03099735298923448,0.029529832671479166,0.9394728143392864
28688,37688,High,High,0.9095579255192687,0.024902778597809924,0.0655392958829213
35020,44020,High,High,0.9283111798308358,0.03396835947604353,0.037720460693120725
30998,39998,High,High,0.9305258470404976,0.03007172751791688,0.039402425441585544
36701,45701,Low,Low,0.03934957152165445,0.9043548739394128,0.056295554538932736
28435,37435,High,High,0.9399235104521387,0.023972085905048807,0.03610440364281237
26782,35782,Low,Low,0.025161132030859356,0.9360777636315541,0.03876110433758646
17714,26714,Medium,Medium,0.03168597921233216,0.029961792631092166,0.9383522281565756
4276,13276,High,High,0.934139566036344,0.02546915869470523,0.04039127526895078
23670,32670,Low,Medium,0.05374192382462383,0.03519930164015187,0.9110587745352242
7030,16030,Low,Low,0.03882859380574308,0.7683137439469739,0.19285766224728287
13040,22040,High,High,0.9324337207588541,0.02636522629546999,0.04120105294567588
36720,45720,Medium,Medium,0.03042499597708743,0.029857838155096555,0.939717165867816
26616,35616,Low,Low,0.04378830435786587,0.9090305813699443,0.04718111427218972
13410,22410,Medium,Medium,0.02908210002774499,0.025545065018735963,0.9453728349535191
32360,41360,Medium,Medium,0.03190864323431489,0.028383421780447907,0.9397079349852372
14802,23802,Medium,Medium,0.03046491687177419,0.028172098004395175,0.9413629851238307
21647,30647,Low,High,0.9356161591712345,0.026210419085068604,0.038173421743696756
28984,37984,Medium,Medium,0.041675625812554434,0.031768250765607055,0.9265561234218386
26778,35778,Medium,Medium,0.04231684419780321,0.20141635243840114,0.7562668033637956
22999,31999,High,High,0.9338831270696909,0.027134592886454912,0.03898228004385424
32779,41779,Medium,Medium,0.062295366408705664,0.07142788090241653,0.8662767526888778
11260,20260,Medium,Medium,0.034449893132639985,0.028394859085087806,0.9371552477822722
20387,29387,Medium,Medium,0.03344717062803553,0.03257222745593552,0.933980601916029
19528,28528,Medium,Medium,0.17341826877900454,0.0393777869408442,0.7872039442801513
669,9669,Low,Low,0.03500190219114096,0.9017517579065295,0.06324633990232957
37547,46547,Medium,Medium,0.0337529501968947,0.03023945042296326,0.936007599380142
9121,18121,Low,Medium,0.032764277927521186,0.030329398849939782,0.936906323222539
35072,44072,Low,Low,0.029624509885722503,0.92917358690953,0.04120190320474751
34124,43124,Low,Low,0.031495473177710696,0.878503135918685,0.09000139090360432
38210,47210,High,Medium,0.029747439959921948,0.03091369901957031,0.9393388610205077
23876,32876,Medium,Medium,0.031104164936709717,0.0330332712440404,0.9358625638192497
16823,25823,Medium,Medium,0.03181179793887467,0.028402937292131638,0.9397852647689936
29623,38623,Low,Low,0.029723027170991307,0.9332071094883215,0.03706986334068704
25654,34654,Low,Low,0.030960446279214533,0.9308088168203024,0.038230736900483064
16793,25793,High,High,0.9220366468697421,0.02995093481265774,0.04801241831760015
28601,37601,Low,Low,0.03523681118778177,0.9216271657455376,0.04313602306668069
33170,42170,Medium,Medium,0.02939578383715044,0.027126374414691595,0.943477841748158
12239,21239,Low,Low,0.025936770387105648,0.9357026142703346,0.03836061534255974
12297,21297,Medium,Medium,0.03464840226393686,0.027670192689325707,0.9376814050467374
7129,16129,High,High,0.9363630616753768,0.026058377706155836,0.037578560618467476
7073,16073,Low,Low,0.032771082367097006,0.9228831110020588,0.04434580663084426
4363,13363,Medium,Medium,0.03127204226426437,0.028399057475813547,0.9403289002599221
24925,33925,Medium,Medium,0.03139069521847971,0.03252691786356823,0.9360823869179521
28875,37875,Low,Low,0.026984094105077138,0.9241539165968771,0.048861989298045756
17353,26353,Medium,Medium,0.18193619286825125,0.033785160993662716,0.7842786461380861
34147,43147,Low,Low,0.027276694623938853,0.9313245440438158,0.041398761332245404
39141,48141,Medium,Medium,0.029156897360874495,0.027704742546435197,0.9431383600926901
13376,22376,Medium,Medium,0.03926689733665323,0.029629909411166878,0.9311031932521798
23003,32003,Medium,Medium,0.030390511370044043,0.03172187369479928,0.9378876149351566
31034,40034,High,High,0.9161784652911668,0.040059583832597466,0.04376195087623591
9239,18239,High,High,0.935149914072286,0.027075815750067067,0.037774270177646826
23141,32141,High,High,0.9330469621419031,0.026643124019147355,0.04030991383894958
12856,21856,High,High,0.9348848349142701,0.02569377134899531,0.039421393736734665
35673,44673,Medium,Medium,0.034880672670545176,0.028899655123921262,0.9362196722055335
14143,23143,Medium,Medium,0.031653827283370316,0.026583142044433083,0.9417630306721966
31524,40524,Low,Low,0.029482474587930223,0.9352926040240431,0.035224921388026624
2757,11757,Medium,Medium,0.027175820199245544,0.048199015085394877,0.9246251647153595
10358,19358,Low,Low,0.03591586343384381,0.4905620111040349,0.4735221254621213
33306,42306,Medium,Medium,0.08925885660337511,0.03449359113949611,0.8762475522571288
8100,17100,High,High,0.936561223713257,0.02572923826862847,0.03770953801811454
36156,45156,Low,Medium,0.03792674585720604,0.19969559891716368,0.7623776552256304
39814,48814,High,High,0.9211379336647534,0.036178851216226264,0.042683215119020325
25464,34464,Low,Low,0.025902352027683956,0.9362719449425526,0.037825703029763624
15138,24138,Low,Medium,0.07074037387075112,0.39683365224494443,0.5324259738843046
1196,10196,Medium,Medium,0.032703991688151295,0.029693381559212317,0.9376026267526364
28989,37989,Low,Low,0.03223455772153502,0.930060022118984,0.03770542015948102
24488,33488,High,High,0.5797282777494204,0.03421460017674725,0.3860571220738324
6098,15098,Low,Low,0.033359663115949664,0.6943891537160821,0.2722511831679682
15952,24952,Medium,Medium,0.0681652632788078,0.030785369029847336,0.9010493676913449
20620,29620,Medium,Low,0.03308819525862914,0.6876216303318125,0.27929017440955844
11146,20146,Low,Low,0.028705497685092705,0.9288670392463647,0.04242746306854262
28854,37854,Medium,Medium,0.038973630783846046,0.030661800988514273,0.9303645682276397
24004,33004,Medium,Medium,0.031532951926207455,0.025487641660405184,0.9429794064133873
24034,33034,High,High,0.9316872054363244,0.030378747708933857,0.037934046854741714
32715,41715,High,High,0.9278656776458459,0.030141750345937832,0.04199257200821618
21144,30144,Medium,Medium,0.02994699220429789,0.03225161407267394,0.9378013937230282
39780,48780,Medium,Medium,0.036396794989490285,0.028841245796600926,0.9347619592139088
3499,12499,High,High,0.9335029141235628,0.02548395227309301,0.04101313360334438
22270,31270,Low,Low,0.04837906788131937,0.8968926839955347,0.05472824812314598
15914,24914,Medium,Medium,0.03233652219573615,0.037014146527019766,0.9306493312772441
37993,46993,High,High,0.9366821458469058,0.026397298024455618,0.036920556128638725
33242,42242,Medium,Medium,0.03373495866103208,0.029750069224682697,0.9365149721142852
20998,29998,High,High,0.9374384296971141,0.025117799494235846,0.03744377080864997
35391,44391,Medium,Medium,0.035357289380580414,0.029669364584949898,0.9349733460344698
4544,13544,Medium,Medium,0.0412867316553334,0.02856123602701691,0.9301520323176499
36252,45252,Low,Low,0.033610710602909245,0.9223592422156882,0.04403004718140253
39294,48294,Low,Low,0.03760714841913495,0.9212858138184967,0.041107037762368265
30168,39168,High,High,0.9370908206027182,0.025572346763085285,0.03733683263419645
4686,13686,Medium,Medium,0.03228923226928182,0.028399211424759662,0.9393115563059585
38703,47703,Medium,Medium,0.03697981627513577,0.033812271177363,0.9292079125475011
8665,17665,Medium,Medium,0.0312058153563118,0.028993188458092883,0.9398009961855953
24560,33560,Medium,Medium,0.03347444088544673,0.05322658742993031,0.913298971684623
16420,25420,Medium,Medium,0.036012282382733754,0.033382148657163734,0.9306055689601026
799,9799,High,High,0.9359367444361659,0.02708049969126532,0.03698275587256878
2596,11596,High,High,0.9242484457827898,0.0298861527243888,0.04586540149282146
12707,21707,Medium,Medium,0.038430418194016054,0.03141733666532686,0.9301522451406571
24035,33035,Low,Low,0.02852700322573835,0.8436331075846716,0.12783988918959008
11448,20448,High,High,0.9043713333116141,0.04802555956640708,0.047603107121978815
29468,38468,Medium,Medium,0.03063403941860675,0.027528668956317698,0.9418372916250756
37037,46037,High,High,0.9296013561852389,0.02923187651174831,0.04116676730301286
27711,36711,High,High,0.9355206448558024,0.027878801600024917,0.03660055354417261
24183,33183,Low,Low,0.030011877108421504,0.9324745968069031,0.03751352608467525
25888,34888,Medium,Medium,0.03583973404153943,0.030279299878115853,0.9338809660803448
21234,30234,Low,Low,0.029673741405938054,0.9304182193240536,0.03990803927000829
16233,25233,Low,Medium,0.1086810684766839,0.05902380462686285,0.8322951268964532
28263,37263,Medium,Medium,0.03176781278248566,0.03861244430845504,0.9296197429090594
32514,41514,Low,Low,0.027202388151085274,0.9296159199769978,0.04318169187191704
35533,44533,Medium,Medium,0.031131762362811715,0.05287900082351299,0.9159892368136754
14987,23987,Low,Low,0.02655401716095046,0.9230031321350566,0.05044285070399294
8420,17420,High,Medium,0.036022717070548764,0.035578619384719574,0.9283986635447317
13748,22748,Medium,Medium,0.02947215477731625,0.027811805666328914,0.9427160395563549
31278,40278,Medium,Medium,0.0321061884680505,0.02738927878757851,0.940504532744371
34078,43078,Low,Low,0.029257400610076433,0.9287236043294546,0.04201899506046905
19306,28306,Low,Low,0.028838531582696836,0.9209958823995748,0.05016558601772841
34127,43127,Low,Low,0.0278380242794745,0.9318399151341832,0.04032206058634236
2021,11021,Low,Low,0.028633462549500156,0.9307116233054757,0.04065491414502421
36446,45446,Medium,Medium,0.03820161490033989,0.03708052943268059,0.9247178556669796
14240,23240,High,High,0.9341160085790069,0.02507998813974897,0.04080400328124418
38339,47339,High,High,0.8763009319217647,0.0444835229018189,0.07921554517641631
22585,31585,Low,Low,0.029098563678842625,0.9318496616049189,0.03905177471623857
39700,48700,Medium,Medium,0.03574818718139277,0.04297921809229183,0.9212725947263154
7826,16826,High,High,0.9373516140802712,0.025594055511754605,0.037054330407974144
10503,19503,Medium,Medium,0.033033394185439095,0.031044485598685157,0.9359221202158757
22103,31103,Low,Low,0.029729919922077186,0.9288526030331031,0.041417477044819635
15384,24384,Medium,Low,0.031408392488600737,0.8964134595679791,0.07217814794342013
12348,21348,Medium,Medium,0.036629782639919624,0.07033069569653629,0.893039521663544
38411,47411,Medium,Medium,0.04699779432231336,0.0408154728165754,0.9121867328611112
23586,32586,Medium,Medium,0.029700894437079305,0.026191081654845582,0.9441080239080751
28349,37349,Medium,Medium,0.03117646040378449,0.028488815350182144,0.9403347242460333
5609,14609,Medium,Medium,0.03915403056005734,0.030183526732349752,0.9306624427075928
26490,35490,Medium,Medium,0.06027125193579739,0.03913279224136598,0.9005959558228366
6472,15472,High,High,0.935827992546721,0.02707591050275714,0.037096096950521996
2092,11092,Medium,Medium,0.03472068392156452,0.031416533542422555,0.9338627825360128
12019,21019,Low,Low,0.02636111977034036,0.9253270492254636,0.04831183100419605
10525,19525,High,High,0.9365888181287914,0.02747869586960955,0.035932486001599186
707,9707,Medium,Medium,0.042689329294855645,0.06763945563862839,0.8896712150665159
6769,15769,Low,Low,0.051566921345999994,0.7675457588107718,0.18088731984322817
27619,36619,Low,Low,0.03129955906256646,0.8946830989740389,0.07401734196339471
16489,25489,Medium,Medium,0.03196657894892968,0.029793070783482978,0.9382403502675873
29576,38576,Medium,High,0.5059300061123735,0.03300438201504013,0.4610656118725864
38967,47967,High,High,0.9322954340470129,0.027152017024411612,0.04055254892857563
22252,31252,Low,Low,0.029924461610752084,0.9270938970519588,0.042981641337289045
1654,10654,Medium,Medium,0.031654826139745525,0.02966366753955275,0.9386815063207017
11778,20778,Medium,Medium,0.03595479157814518,0.03020369479256153,0.9338415136292934
31924,40924,Medium,Medium,0.0358927060965115,0.0342945790801174,0.9298127148233711
6460,15460,Medium,High,0.5448127413281595,0.036068999057674356,0.4191182596141661
22940,31940,Medium,Medium,0.02981746912272446,0.03222900919171768,0.9379535216855578
18955,27955,High,High,0.9339606601493493,0.028646533186250836,0.03739280666439985
34414,43414,Low,Low,0.02990934709420757,0.9283988765676159,0.04169177633817661
21717,30717,High,Low,0.03276814947734089,0.7957419811454421,0.17148986937721702
506,9506,High,High,0.6350777442079126,0.030042902365636004,0.3348793534264513
33001,42001,Medium,Medium,0.03066270509493288,0.03328742613489786,0.9360498687701693
25530,34530,Low,Low,0.03779769817557111,0.9060547982453114,0.0561475035791173
25105,34105,Medium,Medium,0.03539254267935927,0.037945404647434,0.9266620526732067
36697,45697,Medium,Medium,0.04089776963390362,0.3287853197814255,0.6303169105846709
23258,32258,Medium,Medium,0.033955650009139804,0.04980140587824716,0.916242944112613
4156,13156,High,Medium,0.20813922800276138,0.03590614655375304,0.7559546254434855
32180,41180,High,High,0.9370191435188069,0.026441074642161316,0.03653978183903175
4289,13289,Medium,Medium,0.03117723314400624,0.03141096341103975,0.9374118034449541
7412,16412,Low,Low,0.03383737711344236,0.9122617536143197,0.053900869272238056
25316,34316,Medium,Medium,0.031551772114044134,0.030221720228499848,0.9382265076574562
2514,11514,Low,Low,0.08857359603137914,0.8534946626036705,0.05793174136495039
9570,18570,Medium,Medium,0.035106835956250276,0.040418359830656336,0.9244748042130935
3438,12438,Medium,Medium,0.03687537323088113,0.030127891007662725,0.932996735761456
29648,38648,High,High,0.9351647650596777,0.027944288307684532,0.03689094663263769
15376,24376,Medium,Medium,0.03575756632644998,0.0315340885562838,0.9327083451172662
18834,27834,High,High,0.937697137146737,0.025234225819106688,0.03706863703415648
16190,25190,Medium,Medium,0.03340116205557208,0.028811539806701886,0.9377872981377261
39421,48421,Low,Low,0.03191252603876635,0.9242525858580347,0.043834888103198875
32287,41287,Low,Low,0.027748870739404508,0.93413969083725,0.038111438423345516
13971,22971,Low,Low,0.03194487915349568,0.5343849166395621,0.4336702042069423
3408,12408,High,High,0.934294660182793,0.028906380136619742,0.03679895968058725
7785,16785,Medium,Medium,0.03155512480872053,0.028099257067660338,0.9403456181236193
20129,29129,Medium,Low,0.036340840953013244,0.5636088959098221,0.40005026313716474
1918,10918,Medium,Medium,0.031086498505371762,0.033833722800645276,0.9350797786939831
22646,31646,Low,Medium,0.029188169725570826,0.0558665924274085,0.9149452378470206
27024,36024,Medium,Medium,0.029004376186120742,0.04228479563251597,0.9287108281813633
32758,41758,Medium,Low,0.038772954989623576,0.5094119721527145,0.4518150728576619
37445,46445,Low,Medium,0.03823114912580967,0.0660796655903005,0.8956891852838899
29709,38709,Medium,Medium,0.0276445916891592,0.08028325204467174,0.8920721562661691
27414,36414,Medium,Medium,0.033539205570890594,0.03352221248444858,0.9329385819446608
29138,38138,High,High,0.9349170524310854,0.027177156349774592,0.03790579121913996
13825,22825,Medium,Medium,0.03189881754104045,0.035757667367832716,0.9323435150911269
25966,34966,Low,Low,0.02983496904907407,0.9214437043511471,0.048721326599778896
34614,43614,Medium,Medium,0.030756294052503807,0.029012524815909425,0.9402311811315868
12351,21351,High,High,0.9267590415272436,0.037637820082694916,0.03560313839006144
37131,46131,High,High,0.9324652380057706,0.02937274623911096,0.038162015755118454
3110,12110,Low,Low,0.030351060537457508,0.9321692881817257,0.0374796512808166
10689,19689,High,High,0.9326516517332166,0.030128834108880485,0.03721951415790297
14754,23754,Medium,Medium,0.07836890413878252,0.03223787545109443,0.889393220410123
28157,37157,Low,Low,0.031360610183715894,0.8853469715952816,0.08329241822100257
1332,10332,Low,Low,0.032662077732493966,0.9301806251064124,0.03715729716109353
31789,40789,Medium,Medium,0.03312765547147239,0.02772599399834963,0.9391463505301779
6259,15259,High,High,0.7958751553246919,0.03846266161879626,0.16566218305651184
29156,38156,Low,Low,0.033171047012538965,0.929515155042235,0.037313797945226
28786,37786,Medium,Medium,0.0307732170475645,0.03215637149540924,0.9370704114570262
32617,41617,Medium,Medium,0.028554383678099798,0.02923644690229644,0.9422091694196038
27705,36705,Low,Low,0.0247982479132913,0.9375450417658567,0.037656710320851966
11074,20074,High,High,0.9349768256148917,0.02615210691352222,0.03887106747158612
24645,33645,Low,Low,0.025768397712610386,0.9370586875955285,0.037172914691861174
13918,22918,Medium,Medium,0.029462994160107017,0.029045963543267776,0.9414910422966251
35440,44440,High,High,0.9035186702002708,0.03898792042241967,0.05749340937730968
10669,19669,High,High,0.9311774525374652,0.0305157114192536,0.03830683604328126
32732,41732,Low,Low,0.029164958916374734,0.9310026041341395,0.03983243694948568
6157,15157,High,High,0.9343087093633646,0.026702767610678625,0.038988523025956685
27215,36215,Medium,Medium,0.02914987029011114,0.02673950613276123,0.9441106235771276
1600,10600,High,High,0.9353434753418117,0.026835658696331952,0.0378208659618564
30176,39176,Medium,Medium,0.030879893492858856,0.035870102416104555,0.9332500040910365
14358,23358,High,High,0.9322407899423412,0.030835277533585972,0.03692393252407288
23073,32073,High,Medium,0.03130122375611059,0.029632092455734938,0.9390666837881545
7177,16177,High,High,0.9351317192443336,0.025230279925076562,0.03963800083058985
1348,10348,High,Low,0.03388218077429852,0.9134825900939344,0.05263522913176707
20037,29037,High,High,0.93209885405129,0.028815715711461826,0.03908543023724825
20294,29294,High,High,0.9341109460600944,0.028635252755397342,0.03725380118450823
29672,38672,Low,Low,0.031830032485611996,0.9305403370447904,0.037629630469597566
38247,47247,High,High,0.7147362306500545,0.038482745924114437,0.24678102342583094
4842,13842,High,High,0.9366602448504562,0.02478595468465822,0.03855380046488568
16748,25748,Medium,High,0.9372968592981454,0.025777673401429876,0.036925467300424814
4080,13080,Medium,Medium,0.02864239265812681,0.026785385040720266,0.9445722223011529
30448,39448,Low,Medium,0.03468751401897105,0.030781577774987547,0.9345309082060416
33208,42208,High,High,0.9350829073564677,0.02431801436546016,0.04059907827807215
6041,15041,Medium,Medium,0.03308590987192373,0.03260871219582159,0.9343053779322547
5074,14074,High,High,0.9375547963849796,0.02514245741501807,0.03730274620000228
4655,13655,High,Medium,0.0263832373099773,0.04989955457706852,0.9237172081129543
25197,34197,High,High,0.9352759816395001,0.02695999857108004,0.037764019789419935
964,9964,Low,Low,0.026806484556741245,0.9320062962006376,0.04118721924262122
27143,36143,High,High,0.8845308759414306,0.05589671064801166,0.059572413410557634
22500,31500,Medium,Medium,0.03163016246361294,0.0308893318705379,0.9374805056658492
12824,21824,Medium,Medium,0.35355995488028746,0.038806960946218466,0.6076330841734942
16867,25867,Medium,Medium,0.034646886889464094,0.04704116727438242,0.9183119458361535
18954,27954,Medium,Medium,0.029812392811980632,0.028087936862392134,0.9420996703256274
8957,17957,Low,Low,0.028805732414250204,0.9261736045354793,0.045020663050270464
38775,47775,Medium,Medium,0.05103903636416754,0.028961464943481587,0.9199994986923509
29358,38358,High,High,0.9141792312179214,0.0284245104415564,0.05739625834052225
4359,13359,Medium,Medium,0.03287172309804945,0.39737805580912716,0.5697502210928233
18545,27545,High,Medium,0.028440379014203408,0.027176089723992294,0.9443835312618042
12272,21272,High,High,0.9388492304966634,0.025036226441384774,0.03611454306195188
12271,21271,Medium,Medium,0.031936355437320804,0.033332711203526925,0.9347309333591522
26723,35723,Medium,Medium,0.030713479207259354,0.029516520083726194,0.9397700007090144
31495,40495,Medium,Medium,0.029991682769324863,0.029402739434056146,0.940605577796619
16783,25783,High,High,0.936109490650329,0.02511418310828377,0.03877632624138717
3196,12196,High,High,0.9150865522799815,0.03462933347644084,0.0502841142435776
19566,28566,Low,Low,0.03266931727275669,0.7381732523786418,0.2291574303486015
36285,45285,Medium,Medium,0.03582592643376889,0.036352772249162536,0.9278213013170685
19586,28586,High,High,0.9362650001983758,0.026677760378102267,0.03705723942352198
35025,44025,Low,Low,0.028137498404316008,0.9335656798619972,0.03829682173368676
5712,14712,Medium,Medium,0.031462128593105584,0.02910584240532001,0.9394320290015744
14423,23423,High,High,0.932866212019436,0.031108410782816176,0.03602537719774789
34271,43271,Medium,Medium,0.029019088714401942,0.03114586855717984,0.9398350427284182
10911,19911,Medium,Medium,0.03152384025892046,0.03274122282937081,0.9357349369117087
9035,18035,Low,Low,0.029188375989109876,0.9314491451972874,0.03936247881360276
10063,19063,Low,Low,0.03402224532408154,0.9221184977956356,0.043859256880282825
5556,14556,Low,Low,0.028702300421320368,0.895711328383503,0.07558637119517662
10526,19526,Medium,Medium,0.030997120720772115,0.026777387463266286,0.9422254918159615
30840,39840,Medium,Medium,0.06354886385810761,0.039277017648379674,0.8971741184935128
34517,43517,Medium,Medium,0.03101286554186657,0.0290442986826774,0.9399428357754561
14218,23218,Medium,Medium,0.03435981981346583,0.02825217657399104,0.937388003612543
24005,33005,Low,Low,0.03996083353221549,0.9186980544390163,0.041341112028768355
9312,18312,Low,Low,0.04363555420856535,0.9190361672295123,0.037328278561922223
31690,40690,Medium,Medium,0.03341181211502153,0.0290591490202995,0.937529038864679
26329,35329,Low,Low,0.026676312372858533,0.9209569725851273,0.0523667150420141
34421,43421,High,High,0.9385234581597586,0.025405372903329625,0.036071168936911764
36533,45533,High,Medium,0.028419954469282107,0.027542278323174105,0.9440377672075438
6477,15477,High,Low,0.025142437355333915,0.9104439082344662,0.06441365441019997
2656,11656,Low,Low,0.02783297099734769,0.9298358758155016,0.042331153187150555
23934,32934,Medium,Medium,0.034749590305995275,0.030966706270021942,0.9342837034239828
25583,34583,Medium,Medium,0.037004471695662455,0.03768668136074413,0.9253088469435934
24380,33380,Low,Low,0.03151006685475941,0.9310290333469928,0.03746089979824769
35268,44268,Medium,Medium,0.03722736445236978,0.053561805828068354,0.9092108297195619
2267,11267,Medium,Medium,0.029392944561403497,0.027851434022437786,0.9427556214161587
37851,46851,Medium,Medium,0.034651090825410936,0.0449964140717155,0.9203524951028735
2782,11782,High,Medium,0.40285968844764536,0.030625141385899435,0.5665151701664551
18415,27415,Medium,Medium,0.03042141715813686,0.025910975568207168,0.943667607273656
7359,16359,Medium,Medium,0.027539962820882762,0.02575470584071036,0.946705331338407
2230,11230,Medium,Medium,0.0305758532445862,0.0341714231834748,0.935252723571939
39178,48178,Medium,Medium,0.030968591828395082,0.033261256928667236,0.9357701512429376
27867,36867,Medium,Medium,0.03386753898280221,0.039245708815046354,0.9268867522021514
30954,39954,Medium,Low,0.026620235852726038,0.9143325631987632,0.05904720094851068
39009,48009,Medium,Medium,0.02926450089170297,0.03016795779235452,0.9405675413159424
16981,25981,Medium,Medium,0.02650733564930229,0.027101026365167286,0.9463916379855304
3133,12133,High,High,0.9387593665577708,0.025861285343084323,0.035379348099144996
10612,19612,Medium,Medium,0.04912682084488323,0.09230965023036852,0.8585635289247483
16362,25362,Low,Low,0.025968610950066456,0.9247231199872118,0.04930826906272184
30253,39253,Medium,Medium,0.031113151661341116,0.041948222687772145,0.9269386256508868
39939,48939,High,High,0.9351056191232666,0.027479280424804232,0.03741510045192905
26857,35857,Medium,Medium,0.029285540688631016,0.02737217437392879,0.9433422849374402
20371,29371,Medium,Medium,0.08236432510277275,0.04598367051589521,0.8716520043813322
11621,20621,Medium,Medium,0.03538893325255676,0.034016493707126755,0.9305945730403166
26349,35349,Low,Low,0.027205710971055605,0.9317367477637557,0.04105754126518863
37794,46794,Medium,Medium,0.03255409068432734,0.0292579349318418,0.9381879743838307
9175,18175,Low,Low,0.028556713229031916,0.934171004367817,0.03727228240315116
7759,16759,High,High,0.9264160975941009,0.030815092011637985,0.04276881039426108
16217,25217,High,High,0.932511469704916,0.02547114780910026,0.04201738248598381
32499,41499,Low,Low,0.02849949858706167,0.9333042075607922,0.038196293852145964
31718,40718,Low,Low,0.03651312932981692,0.8448266091325983,0.11866026153758469
27629,36629,High,High,0.9355680778972754,0.028439495442399973,0.0359924266603246
8630,17630,Medium,Medium,0.03195313681784016,0.030503444514931744,0.9375434186672281
17912,26912,Medium,Medium,0.07874371790664765,0.034125854240850545,0.8871304278525017
12625,21625,Medium,Medium,0.0352904357419058,0.02667297635805697,0.9380365879000373
7701,16701,Medium,Medium,0.028805970321586955,0.026700729061992806,0.9444933006164202
36043,45043,Medium,Medium,0.041316184989070394,0.041926613192995114,0.9167572018179344
3947,12947,Low,Low,0.027079209496682785,0.9189214067700869,0.05399938373323022
27155,36155,Medium,Medium,0.031164306050493407,0.033403213499832385,0.9354324804496743
34801,43801,High,High,0.9321929152924535,0.025963008515915608,0.04184407619163083
36203,45203,Medium,Medium,0.031044917524127757,0.03100269377636719,0.937952388699505
24971,33971,High,High,0.903232200971844,0.034167588836670364,0.06260021019148565
27302,36302,Medium,Medium,0.031587484915494166,0.029387556338879187,0.9390249587456267
38310,47310,Medium,Medium,0.03231108234865548,0.04333078524381903,0.9243581324075255
29421,38421,Medium,Medium,0.030375817808475047,0.030335343769257186,0.9392888384222678
18795,27795,Medium,Medium,0.05780278197985803,0.03600155979406146,0.9061956582260805
15290,24290,Medium,Medium,0.040304885469823484,0.03353296831964739,0.9261621462105292
27422,36422,High,High,0.936431087856858,0.02622826420744148,0.03734064793570047
14765,23765,Medium,Medium,0.027167083729999108,0.06308334297586714,0.9097495732941336
20161,29161,Medium,Medium,0.03692113258897677,0.028923792738931975,0.9341550746720912
36450,45450,Low,Medium,0.031291842269991356,0.43900119687566036,0.5297069608543482
38162,47162,Medium,Medium,0.03226673035705021,0.32950425156619917,0.6382290180767507
13440,22440,High,High,0.9387966679425231,0.023862085491974366,0.03734124656550244
18248,27248,Medium,Medium,0.0626313802728251,0.0367779552506519,0.9005906644765229
2098,11098,Low,Low,0.030154679627870298,0.927722859258493,0.04212246111363665
9601,18601,High,High,0.9140293430480982,0.02690954423399064,0.059061112717911125
10563,19563,Medium,Medium,0.03187185939847078,0.032895420498767834,0.9352327201027614
10228,19228,Low,Low,0.027604875903946603,0.9309143084344496,0.04148081566160379
23726,32726,Medium,Medium,0.034043802855713866,0.03391662627464304,0.9320395708696431
725,9725,High,High,0.9391638192461947,0.024674236735925368,0.03616194401787983
25004,34004,High,High,0.9374508336698426,0.02591416159287974,0.03663500473727769
26474,35474,Medium,Medium,0.03131431283992932,0.03762754548920679,0.931058141670864
9290,18290,High,High,0.9314761806022916,0.027654584127950493,0.04086923526975786
5916,14916,High,High,0.8627236659219344,0.03562028351513863,0.101656050562927
18122,27122,Low,Low,0.03181301193795888,0.8459093094658696,0.1222776785961715
9042,18042,Low,Low,0.031447839996889194,0.7007467784442304,0.2678053815588805
31003,40003,Medium,Medium,0.028378032865537306,0.027618607262207957,0.9440033598722547
29569,38569,Medium,Medium,0.03062842700258332,0.02789600257881579,0.9414755704186009
5720,14720,High,High,0.9377574080027893,0.025713207425306483,0.03652938457190416
40005,49005,Medium,Medium,0.05910515213213366,0.20305689991509204,0.7378379479527742
25596,34596,Medium,Medium,0.03151498124663534,0.027779676548713605,0.9407053422046511
39801,48801,High,High,0.9291970568805211,0.030125959832063468,0.040676983287415376
15112,24112,Medium,Medium,0.0322195484336647,0.03179325192130945,0.9359871996450257
33754,42754,Low,High,0.9369834899790043,0.02516328798890445,0.037853222032091106
23069,32069,High,High,0.9387104579639193,0.02418046234286378,0.03710907969321683
11977,20977,Low,Low,0.0518786073372014,0.9040969068908922,0.04402448577190648
37907,46907,High,High,0.9346323578231502,0.027193658242188754,0.038173983934661114
24512,33512,Medium,Medium,0.03586524335746743,0.03740829532652151,0.9267264613160111
39657,48657,High,Medium,0.07587943382872245,0.053137993047798864,0.8709825731234787
17066,26066,High,High,0.9373556182730983,0.02544627529807003,0.03719810642883161
5119,14119,Medium,Medium,0.03963045175840637,0.03727432131096588,0.9230952269306277
16683,25683,Medium,Medium,0.02841754234497276,0.02807609656217792,0.9435063610928495
14572,23572,Medium,Medium,0.03338532910785875,0.0406815310536582,0.925933139838483
11015,20015,Medium,Medium,0.05513360165031689,0.0299930411165764,0.9148733572331067
11976,20976,High,Medium,0.05651962005091687,0.05839594137584422,0.885084438573239
24216,33216,Low,Low,0.030515607866335403,0.8674200157129386,0.10206437642072615
31036,40036,High,High,0.9378676648286975,0.024874053046956935,0.03725828212434556
3186,12186,High,High,0.9311079906716931,0.027724370967848615,0.04116763836045815
36636,45636,Medium,Medium,0.02915995927344057,0.03163019541934752,0.9392098453072121
21750,30750,Medium,Medium,0.03378772884566486,0.04614276406457446,0.9200695070897607
17489,26489,High,High,0.9367678069115725,0.028151433300493994,0.03508075978793352
17171,26171,High,High,0.9239283390641092,0.030154453508423024,0.045917207427467806
2666,11666,Medium,Medium,0.11112803223269181,0.2748967643879587,0.6139752033793494
7415,16415,Medium,Medium,0.02988804623895089,0.029912385380503188,0.940199568380546
23271,32271,Medium,Medium,0.04434052336813058,0.07502366187396776,0.8806358147579015
11353,20353,Medium,Medium,0.03167700135576566,0.02875004712624828,0.9395729515179861
14447,23447,Medium,Medium,0.03130307290017146,0.0364472099529137,0.9322497171469148
6720,15720,Medium,Medium,0.05012998556211585,0.09098787837005173,0.8588821360678324
35018,44018,High,High,0.9055459430883942,0.028203810823976858,0.06625024608762892
3475,12475,High,High,0.9323265136632929,0.030277834550013163,0.03739565178669399
3176,12176,Medium,High,0.9357027418322742,0.026945505211404635,0.0373517529563212
31217,40217,High,High,0.9380929645477963,0.024837929941411874,0.037069105510791824
5902,14902,Medium,Medium,0.030297096653401395,0.025797441700793077,0.9439054616458055
30278,39278,Medium,Medium,0.03291281198121626,0.030121682817400543,0.9369655052013832
15995,24995,Low,Low,0.0315874695485386,0.927117457917169,0.04129507253429235
387,9387,Low,High,0.9291878849921115,0.0294207020613482,0.04139141294654034
38057,47057,Medium,Medium,0.03006552342489981,0.036829479098990904,0.9331049974761093
10662,19662,High,Medium,0.029315906762474978,0.02982512415998563,0.9408589690775394
15007,24007,Medium,Medium,0.03690634762680283,0.02959063226027889,0.9335030201129183
21196,30196,High,High,0.9326991017619625,0.02793050551566792,0.039370392722369495
14432,23432,High,High,0.9360672952514474,0.02562014138145875,0.03831256336709373
2510,11510,Medium,Medium,0.048556271679968836,0.02705448194083013,0.9243892463792011
29714,38714,Low,Low,0.028338223368462336,0.9295230763986776,0.04213870023286012
11325,20325,Low,Low,0.02561521734680489,0.9088003580171239,0.06558442463607123
24077,33077,Low,Low,0.025318147024962174,0.9388188308748754,0.03586302210016237
14891,23891,High,High,0.9252666152030878,0.03492085645175354,0.03981252834515856
31839,40839,High,High,0.9381999123276126,0.025662460667304158,0.03613762700508338
26571,35571,High,Medium,0.03738092723997411,0.04495324966817679,0.9176658230918492
30258,39258,Medium,Medium,0.047764561962301194,0.04647109879804959,0.9057643392396493
3955,12955,Low,Low,0.03153203392487686,0.9260905520473992,0.04237741402772391
28909,37909,Medium,Medium,0.03760273285010116,0.027942665692540617,0.9344546014573583
37111,46111,Medium,Medium,0.04606867390277943,0.030424964371266586,0.9235063617259541
29759,38759,Medium,Medium,0.03504302503941589,0.028346834129099285,0.9366101408314847
4283,13283,High,High,0.9345057841709342,0.026468536279827124,0.03902567954923857
13508,22508,Low,Low,0.05408851601590325,0.8964963793989217,0.04941510458517495
33423,42423,Medium,Medium,0.040784168316970904,0.02893570385974627,0.9302801278232828
16153,25153,High,High,0.9384319892549025,0.025680438335656978,0.035887572409440426
21480,30480,Low,Low,0.027432848804261625,0.9366671858018489,0.03589996539388937
2744,11744,Medium,Medium,0.030092953855574877,0.029331132634561496,0.9405759135098637
14191,23191,High,High,0.9336346743562292,0.02692405030623291,0.03944127533753792
32311,41311,High,High,0.9370822351633615,0.025792200321863315,0.03712556451477513
33139,42139,High,High,0.8970060826903823,0.062419413755319515,0.04057450355429822
22956,31956,High,High,0.9352459066250466,0.02663665465666254,0.0381174387182909
14297,23297,Low,Medium,0.0302362643907077,0.3562225951216551,0.6135411404876372
36097,45097,Low,Low,0.026745162000294073,0.9352649524353535,0.03798988556435253
3769,12769,High,High,0.9399477655957371,0.023720698423144476,0.036331535981118414
22223,31223,High,High,0.9326792406510117,0.028949173074609782,0.03837158627437857
20837,29837,Medium,Medium,0.03190552211237642,0.027496647611237424,0.9405978302763862
36606,45606,Medium,Medium,0.03418589233597109,0.04207441840731802,0.923739689256711
33228,42228,High,High,0.8069819107001321,0.046721095449267884,0.1462969938506
26469,35469,Low,Low,0.027363840574677056,0.9321746311829101,0.04046152824241279
30969,39969,High,Medium,0.4058644087235233,0.03992236334613242,0.5542132279303443
3993,12993,Medium,Medium,0.03180641043935645,0.03406875829997821,0.9341248312606654
39967,48967,High,High,0.926497078902976,0.029596615305988772,0.043906305791035306
27459,36459,Low,Low,0.03859851688048002,0.9215265809514982,0.03987490216802165
21936,30936,Low,Low,0.02785399899339491,0.9357467656467314,0.03639923535987364
6606,15606,High,High,0.9220668357229568,0.02917496116382959,0.04875820311321354
5391,14391,Low,Low,0.03499050066719397,0.9247864451895295,0.040223054143276565
32477,41477,Medium,Low,0.03104497902793443,0.7283387669075676,0.24061625406449802
18729,27729,Low,Medium,0.03276237189662515,0.07672045267626715,0.8905171754271078
12285,21285,High,High,0.7081720541810971,0.029277572468630813,0.2625503733502721
13877,22877,Medium,Medium,0.03215237815368039,0.03037607402093964,0.93747154782538
29021,38021,Medium,Medium,0.04196753376296488,0.04228591867364164,0.9157465475633934
2042,11042,Low,Low,0.03594084955452138,0.9243270153866071,0.03973213505887143
6652,15652,Low,Low,0.030187567222629625,0.9315514415482459,0.038260991229124464
35637,44637,Medium,Medium,0.032676219115073964,0.03161387733235662,0.9357099035525694
10588,19588,Medium,Medium,0.028807476616869648,0.027179772507300092,0.9440127508758303
9376,18376,Low,Low,0.031666116826617484,0.8665771040092989,0.10175677916408367
7173,16173,High,High,0.9214487847277111,0.030067000474018737,0.04848421479827016
660,9660,Medium,Medium,0.0380835979259874,0.21056824050751563,0.7513481615664969
33309,42309,Medium,Medium,0.037146921823999625,0.03962005931178001,0.9232330188642203
1061,10061,Medium,Medium,0.03102562123560028,0.02917869358268758,0.9397956851817121
26351,35351,Medium,Medium,0.0407600673470089,0.23143375303595082,0.7278061796170402
5178,14178,Medium,Medium,0.02922183058341357,0.027850320494795373,0.942927848921791
5553,14553,High,High,0.9378725794596915,0.02660251127581229,0.03552490926449626
6312,15312,Medium,Medium,0.03755405954391964,0.20973727867697878,0.7527086617791016
18570,27570,Low,Low,0.02634208880360629,0.9341504672045158,0.039507443991877916
20521,29521,High,High,0.9313052616044302,0.032937914177943374,0.0357568242176265
29572,38572,Medium,Low,0.02930154759848794,0.927934623283139,0.04276382911837289
23700,32700,High,High,0.9355529054519455,0.026189500089609418,0.03825759445844505
30509,39509,Low,Low,0.026439328256198463,0.9372574815531011,0.03630319019070042
38453,47453,Medium,Medium,0.0327101739178756,0.028106839346007866,0.9391829867361166
23345,32345,Medium,Medium,0.033676776598564724,0.03410677816104175,0.9322164452403935
20455,29455,Low,Medium,0.034258752592485,0.027112607381596734,0.9386286400259182
8437,17437,Medium,Medium,0.032344953158956684,0.05464405588049958,0.9130109909605437
3114,12114,Low,Low,0.027807506594993734,0.7569234583232608,0.21526903508174552
2392,11392,Medium,High,0.47048358113577976,0.059462319493805406,0.4700540993704148
4634,13634,Medium,Medium,0.04965333798242209,0.03621883427754847,0.9141278277400294
7775,16775,Low,Low,0.03161158355604648,0.9143443542341171,0.054044062209836465
21921,30921,Low,Low,0.03143932099825053,0.9314989153165417,0.037061763685207784
33438,42438,High,High,0.9374561922845549,0.02474604815423388,0.037797759561211335
27473,36473,Medium,Medium,0.043257747834641265,0.03665887419330163,0.9200833779720571
27849,36849,High,Medium,0.03290785143156114,0.0331026768347775,0.9339894717336614
15985,24985,Medium,Medium,0.029399891057324722,0.02852652659685692,0.9420735823458184
26991,35991,Low,Low,0.02924814917896697,0.9337665279862305,0.03698532283480253
6016,15016,Medium,Medium,0.03312570032325679,0.028063282578058613,0.9388110170986845
36978,45978,High,High,0.9382340272462873,0.025820785522682164,0.03594518723103057
32788,41788,Low,Low,0.026751347861075362,0.9354431592356622,0.03780549290326241
38538,47538,Medium,Medium,0.03407289521448471,0.031205362908882678,0.9347217418766326
26964,35964,Low,Low,0.02945753197063945,0.9325480361112989,0.03799443191806176
7964,16964,Medium,Medium,0.09026653734121377,0.037032779110452906,0.8727006835483334
16297,25297,Medium,Medium,0.035557080765339616,0.03522508451173986,0.9292178347229205
16115,25115,Low,Low,0.02804340510101436,0.9225864588207573,0.049370136078228356
15713,24713,Low,Low,0.026280010528906352,0.9275171972017358,0.04620279226935789
19515,28515,Low,Low,0.030822423722996123,0.9258594139401636,0.04331816233684022
33402,42402,Medium,Low,0.02877478432057261,0.895370891333979,0.07585432434544838
31050,40050,Medium,Medium,0.03218713229317292,0.029484104310046274,0.9383287633967808
36827,45827,High,Low,0.04061074634944293,0.784687676979693,0.17470157667086417
14841,23841,High,High,0.9228143444939976,0.03646199362811914,0.040723661877883365
25160,34160,Medium,Medium,0.03089217973063674,0.02927412017698995,0.9398337000923732
6559,15559,Medium,Medium,0.03317888593224889,0.06621423984579211,0.900606874221959
34009,43009,High,High,0.9347284467809449,0.02810549695145167,0.03716605626760335
17131,26131,High,High,0.9336536313450571,0.02718386681957514,0.03916250183536787
7560,16560,Medium,Medium,0.02761237565387346,0.052096314095883854,0.9202913102502427
24489,33489,Low,Low,0.02683722799949013,0.9285101626107789,0.04465260938973092
23067,32067,Medium,Medium,0.03712774291934324,0.2129021765708703,0.7499700805097863
13394,22394,High,High,0.9386396928417843,0.023704749587409108,0.03765555757080661
32653,41653,High,High,0.9337326578219174,0.026448850155296553,0.03981849202278611
12304,21304,Medium,Medium,0.038590310892491514,0.03250127242129669,0.9289084166862117
24374,33374,Low,Low,0.041483549619070546,0.5317689342034474,0.4267475161774821
39288,48288,Low,Low,0.06739364779373386,0.8791555308029692,0.05345082140329682
2162,11162,Low,Low,0.02935729270538151,0.916802216095979,0.0538404911986394
14508,23508,High,High,0.9388698199146607,0.02396091010330238,0.03716926998203702
9372,18372,High,High,0.9328262140970952,0.026611086179408463,0.040562699723496416
13177,22177,Medium,Medium,0.039853087623926774,0.030788265789919046,0.9293586465861542
33507,42507,High,High,0.7940401668413166,0.055507033014211,0.15045280014447246
33658,42658,Low,Low,0.042379989023569285,0.9103327620042742,0.04728724897215656
24948,33948,Low,Low,0.033472473631658346,0.9290005567971527,0.03752696957118891
5668,14668,Medium,Medium,0.03518339674795239,0.02854657832841771,0.9362700249236299
20806,29806,Medium,Medium,0.031150790262914757,0.030650002486374162,0.9381992072507112
39622,48622,Medium,Medium,0.030568438137589266,0.15810587916950317,0.8113256826929076
28144,37144,Low,Low,0.04908415090319738,0.8942573167423297,0.05665853235447299
7467,16467,Low,Low,0.029414748852000138,0.9319917031830508,0.03859354796494913
4435,13435,Low,High,0.9352304342314811,0.027266761722407957,0.037502804046110984
26875,35875,Low,Low,0.029478070696561998,0.9323404440986781,0.03818148520475985
19043,28043,Medium,Medium,0.028271618145331145,0.029621708254068402,0.9421066736006005
6369,15369,High,High,0.9334908008773426,0.0269615495600307,0.039547649562626776
14498,23498,Medium,Medium,0.03169979982676791,0.02967348335444865,0.9386267168187835
10101,19101,Medium,Medium,0.044866675996166026,0.03874141917554796,0.916391904828286
26144,35144,Medium,Medium,0.02791548183578212,0.026605834321358643,0.9454786838428593
34678,43678,Medium,Medium,0.029984734320252126,0.03036291910365596,0.939652346576092
30962,39962,Medium,Medium,0.028165048918411886,0.028216656256098416,0.9436182948254898
15064,24064,High,High,0.9315840340374448,0.0283914035121038,0.04002456245045131
3232,12232,Medium,Medium,0.031392257678617926,0.03660399766334881,0.9320037446580333
20016,29016,Medium,Medium,0.025998455977917206,0.031125134050487353,0.9428764099715955
2066,11066,Medium,Medium,0.04055301305176374,0.1081946766202927,0.8512523103279436
27660,36660,Low,Low,0.03945679850776848,0.9196721473024089,0.04087105418982259
19142,28142,Medium,Medium,0.03268905373877413,0.029470433190431133,0.9378405130707947
27204,36204,Medium,Medium,0.029309262932519783,0.03653086348028351,0.9341598735871967
14642,23642,High,High,0.83568571610247,0.04722989051841122,0.11708439337911887
19618,28618,Medium,Medium,0.04070337442796365,0.05568831927288873,0.9036083062991476
19208,28208,Medium,Medium,0.04323905300710273,0.034724028715483045,0.9220369182774143
10454,19454,High,High,0.9323673198593841,0.030115363423580427,0.03751731671703549
2593,11593,Medium,Medium,0.03184005578103738,0.13421041272973447,0.8339495314892281
35903,44903,Low,Low,0.04445037000687274,0.9135933229783179,0.04195630701480948
36061,45061,High,High,0.9356100147793903,0.026533101945404564,0.03785688327520511
31877,40877,High,High,0.9401908588281453,0.023910372182588124,0.03589876898926661
31464,40464,High,High,0.917898562868622,0.037667017915018704,0.04443441921635929
28672,37672,Low,Low,0.026862431746341314,0.933233860799041,0.03990370745461757
5175,14175,Low,Low,0.030465643820844684,0.9299225828481066,0.03961177333104864
15271,24271,High,High,0.925953065566481,0.037023122737855234,0.037023811695663676
13657,22657,Medium,Medium,0.0304791488210381,0.03378657997091882,0.9357342712080431
38868,47868,Medium,Medium,0.03069015781145759,0.02960907176627021,0.9397007704222723
33162,42162,Medium,Medium,0.030425640622851854,0.02830616411414702,0.9412681952630012
27963,36963,Medium,Medium,0.042203606434747215,0.05041799093651023,0.9073784026287425
20993,29993,Medium,Medium,0.03673951919164189,0.03411950732926172,0.9291409734790964
29963,38963,Medium,Medium,0.031867794452974905,0.03198600563186289,0.9361461999151622
24792,33792,Medium,Medium,0.030634113296944977,0.03415596485553979,0.9352099218475152
32369,41369,High,High,0.9191789049524504,0.035004196960292736,0.04581689808725697
15474,24474,Medium,Medium,0.034646087690820226,0.029655365367187228,0.9356985469419925
30687,39687,High,High,0.9314047664229466,0.029276524586500634,0.039318708990552766
32735,41735,Low,Low,0.028781094946072384,0.8969359471791928,0.07428295787473493
33008,42008,Low,Low,0.02547923088014704,0.9358240813417948,0.038696687778058216
5517,14517,Medium,Medium,0.03166824838414541,0.027433561610726766,0.9408981900051279
3517,12517,Medium,Medium,0.029590757297129667,0.028090623910933397,0.942318618791937
4557,13557,Low,Low,0.02949089549914148,0.9307113546542132,0.03979774984664527
9712,18712,High,High,0.9359889338989106,0.025794261772500073,0.038216804328589545
22351,31351,High,High,0.8621073771371529,0.05583381687780522,0.08205880598504196
5158,14158,Medium,Medium,0.06574452181698039,0.038586626012761166,0.8956688521702585
17459,26459,Medium,Medium,0.030799759400056814,0.03362480810763112,0.9355754324923121
23036,32036,Medium,Medium,0.03178115513993971,0.02900155210917708,0.9392172927508833
32579,41579,High,High,0.9220597787343691,0.03365826247493917,0.04428195879069183
8394,17394,Medium,Medium,0.030252614183092105,0.02871463290114326,0.9410327529157647
20422,29422,Medium,Medium,0.030109634893730256,0.029505183460024568,0.9403851816462453
3898,12898,Medium,Medium,0.03223950866199004,0.03152170827268471,0.9362387830653253
328,9328,High,High,0.9372478644833344,0.02567418203158592,0.03707795348507961
25249,34249,Medium,Medium,0.03689307925241866,0.02955800952132054,0.9335489112262607
32620,41620,High,High,0.9371331699096711,0.026223988849142333,0.036642841241186545
11776,20776,Medium,Medium,0.031016219029745575,0.0343827236811145,0.93460105728914
10472,19472,Medium,Medium,0.030986080110844565,0.02793386178792713,0.9410800581012283
3361,12361,Low,Low,0.029237947600519818,0.9286007541492108,0.042161298250269395
25115,34115,Medium,Medium,0.03019977495955886,0.14605627925239467,0.8237439457880464
38315,47315,Low,Low,0.02946348700627513,0.8915913126342114,0.07894520035951345
26899,35899,Medium,Medium,0.046267088587699345,0.03182774749676822,0.9219051639155325
28589,37589,Low,Low,0.03738487598701928,0.9083138779035695,0.054301246109411165
35761,44761,Low,Low,0.02691147746573799,0.9370064901585976,0.036082032375664375
33020,42020,High,High,0.9349748187481007,0.027406722371045644,0.037618458880853724
6753,15753,Medium,Medium,0.03856008015257742,0.04110932718111954,0.9203305926663031
17008,26008,Medium,Low,0.02649784377848607,0.806331081470763,0.16717107475075096
12428,21428,Medium,Medium,0.033892662286693444,0.031673185766183054,0.9344341519471234
32972,41972,High,High,0.9323738393068141,0.02739832289816572,0.04022783779502027
19444,28444,Medium,Medium,0.03783174733485198,0.04323694330128366,0.9189313093638644
18486,27486,Low,Low,0.027198190049265367,0.9117547777124434,0.06104703223829131
7427,16427,Medium,Medium,0.03364173349261595,0.037254150484387065,0.9291041160229971
24750,33750,High,Low,0.029635451155776954,0.849932186169642,0.12043236267458106
33375,42375,Medium,Medium,0.03464279857020903,0.03920527034146743,0.9261519310883234
33622,42622,Low,Low,0.0325429979282485,0.9264989400168329,0.040958062054918615
13006,22006,Medium,Medium,0.14582849513088245,0.03620214490771103,0.8179693599614065
38375,47375,Medium,Medium,0.03017655775147175,0.027812937091422327,0.9420105051571058
39807,48807,Low,Low,0.03184056780886369,0.804840361717833,0.16331907047330332
37218,46218,High,High,0.9389086057730682,0.024451631870393262,0.03663976235653844
1426,10426,High,High,0.93204930272944,0.02519090870299379,0.04275978856756627
26172,35172,Low,Low,0.04098041798888704,0.884526670655585,0.07449291135552803
34161,43161,Medium,Medium,0.0340994671016508,0.03987221630995725,0.9260283165883919
37938,46938,Medium,Medium,0.03072132670896519,0.02807646748788049,0.9412022058031543
13235,22235,Medium,Medium,0.03069739876587436,0.044401588865544926,0.9249010123685807
1523,10523,Medium,Medium,0.03475558519280245,0.029847393014481652,0.9353970217927158
15881,24881,Medium,Medium,0.033422371135148614,0.030498290054869478,0.9360793388099818
26054,35054,Medium,Medium,0.03907124043255933,0.032906538355872365,0.9280222212115684
36854,45854,Medium,Medium,0.02972805318009818,0.02736811651778595,0.9429038303021158
1215,10215,Low,Low,0.035780602961664534,0.9132716238788138,0.05094777315952165
21371,30371,High,High,0.920546889878782,0.027748625749716354,0.05170448437150164
4590,13590,Low,Medium,0.0341193061354614,0.03963282103439105,0.9262478728301476
1651,10651,Medium,Medium,0.031835309771892216,0.035608866107324715,0.932555824120783
12958,21958,High,High,0.9349818340255506,0.02535439554657158,0.03966377042787778
36334,45334,Medium,Medium,0.03743469209088526,0.03093942161791781,0.9316258862911969
25563,34563,Low,Low,0.027862906682842054,0.9349096070684816,0.03722748624867637
39210,48210,Medium,Medium,0.04112526498867538,0.045279245953731596,0.913595489057593
24331,33331,Medium,Medium,0.032087932520125484,0.04952194794568957,0.9183901195341849
13445,22445,High,High,0.9325524826299251,0.026663812503427715,0.04078370486664711
4308,13308,High,High,0.9338065563394601,0.026912055176323654,0.039281388484216195
32267,41267,Low,Low,0.02636285114900641,0.9314920517319933,0.042145097119000274
38828,47828,Low,Low,0.03853211272720205,0.9237621856786696,0.037705701594128345
26540,35540,Medium,Low,0.03528222221050261,0.5305347934945034,0.43418298429499386
30532,39532,High,High,0.9325305315701277,0.0275834034166685,0.039886065013203915
38441,47441,Medium,Medium,0.3983416026154047,0.04032283897849881,0.5613355584060964
39505,48505,Medium,Low,0.040388115949994606,0.923235833420255,0.03637605062975041
13695,22695,Medium,Medium,0.044165827228532184,0.028493802548590588,0.9273403702228773
35217,44217,Low,Low,0.02667275146317576,0.9337785865675682,0.03954866196925602
38321,47321,Medium,Medium,0.0309695356223047,0.029691580336390643,0.9393388840413047
20312,29312,Low,Low,0.02934561749973036,0.9323926454445379,0.03826173705573155
15549,24549,Low,Low,0.030376033772223254,0.9309233953430289,0.0387005708847478
21771,30771,Low,Low,0.03385302890681965,0.8900820461403364,0.07606492495284399
6688,15688,Medium,Medium,0.08920732628880501,0.04028591348098783,0.8705067602302071
9754,18754,High,High,0.8286337525533064,0.07658755919773276,0.09477868824896081
36480,45480,Low,Low,0.03053651969179462,0.9322022479714871,0.0372612323367184
34964,43964,Low,Medium,0.039195311395900406,0.13503661445917658,0.825768074144923
39828,48828,Medium,Medium,0.03007534120620729,0.02661638236026144,0.9433082764335313
32820,41820,Medium,Medium,0.029965407205843706,0.03178461933493738,0.9382499734592189
21923,30923,Medium,Medium,0.03208100242683432,0.030463777984153034,0.9374552195890127
1956,10956,Medium,Medium,0.029691803623676117,0.02820160626776595,0.9421065901085579
26263,35263,High,High,0.9256417049510194,0.03605678826711026,0.038301506781870415
30139,39139,Low,Low,0.031703255722425744,0.9303507109690113,0.037946033308562936
24982,33982,Medium,Medium,0.04338633945725889,0.03034999833306801,0.926263662209673
32456,41456,Medium,Medium,0.03275165188905232,0.030260610131051652,0.936987737979896
28351,37351,Medium,Medium,0.028952251463428724,0.03530748954847381,0.9357402589880973
30383,39383,Low,Low,0.08604082541479963,0.8618717410535798,0.0520874335316206
17618,26618,Low,Low,0.028220476333059366,0.9281711181188759,0.0436084055480648
9976,18976,Medium,Medium,0.03515152607779941,0.03196156796428163,0.9328869059579189
13997,22997,High,High,0.9360972314567215,0.027488184275011786,0.036414584268266735
29242,38242,High,High,0.9352526458817878,0.02565465327978092,0.0390927008384313
24643,33643,Medium,Medium,0.03090421929808136,0.02794395568341278,0.9411518250185059
27383,36383,Medium,Medium,0.034588720369528585,0.030345947621476868,0.9350653320089944
25047,34047,Medium,Medium,0.027019801733437585,0.03199529702306569,0.9409849012434967
32498,41498,Medium,Medium,0.033220572114172314,0.030718171721231268,0.9360612561645963
2560,11560,High,High,0.928126269148995,0.03364303382657206,0.03823069702443293
11700,20700,Medium,Medium,0.031983086245772424,0.030149873131985066,0.9378670406222426
39698,48698,Medium,Medium,0.027939622253623047,0.02863340340300814,0.9434269743433689
28390,37390,Medium,Medium,0.030462152579982454,0.029442439272554823,0.9400954081474628
23811,32811,High,High,0.540273189900331,0.031027306382128115,0.4286995037175409
35964,44964,Low,Low,0.02948418826644239,0.9316490393906998,0.038866772342857986
34615,43615,Medium,Medium,0.048352181515858496,0.3078778498924203,0.6437699685917212
6840,15840,Low,Low,0.03278438397548964,0.9027565075671357,0.06445910845737464
26531,35531,Medium,Medium,0.03409907858803535,0.028527470444191242,0.9373734509677735
7222,16222,Medium,Medium,0.02620717433059235,0.02588245432951421,0.9479103713398934
25781,34781,High,Low,0.02691082542374999,0.9365371390486912,0.03655203552755882
14866,23866,High,High,0.9340143844958622,0.029978422384976847,0.03600719311916104
18142,27142,Low,Low,0.03411995245274133,0.9124932869248524,0.053386760622406264
37771,46771,High,High,0.9377765882847493,0.025583384751821703,0.03664002696342896
16784,25784,Medium,Medium,0.02999177798833362,0.028468945392206655,0.9415392766194596
2859,11859,High,High,0.9338006245232826,0.027947570116577943,0.03825180536013944
12480,21480,Medium,Medium,0.07640984644897537,0.04549994550288174,0.8780902080481429
2181,11181,Medium,Medium,0.03353976690799374,0.031452245793390114,0.9350079872986162
33522,42522,Medium,Medium,0.03753909161195042,0.06999094891188189,0.8924699594761677
7821,16821,Medium,Low,0.040691507579404124,0.5281244596796851,0.4311840327409108
20366,29366,Low,Low,0.02638481419264485,0.9242107648478814,0.04940442095947378
6010,15010,Medium,Medium,0.030434949328482713,0.027738461681729883,0.9418265889897874
28015,37015,Medium,Medium,0.03288462659292539,0.033876769862862414,0.9332386035442123
38947,47947,Medium,Medium,0.033681434221585864,0.02649578636434004,0.9398227794140741
10893,19893,Medium,Medium,0.026826884874031735,0.042687987173581854,0.9304851279523865
15017,24017,Low,Low,0.0456647308269361,0.8760082924876816,0.0783269766853823
32599,41599,Medium,Medium,0.03305210843064687,0.030142500806448178,0.9368053907629049
39483,48483,Medium,Medium,0.03303283430961163,0.029486914485813222,0.9374802512045751
10475,19475,High,High,0.9382383597449927,0.02486376878934737,0.0368978714656599
10237,19237,High,High,0.936746253452983,0.0269131156049477,0.03634063094206935
32483,41483,Low,Low,0.03154352573563976,0.9309272736477219,0.037529200616638364
14135,23135,Medium,Medium,0.04629380186359653,0.03103394782258039,0.922672250313823
11727,20727,High,High,0.936623303160938,0.026903729821439886,0.03647296701762221
29081,38081,Low,Low,0.05273918447472085,0.9019214235433975,0.045339391981881604
21984,30984,Medium,Medium,0.02999743225924051,0.04260377534662485,0.9273987923941346
9964,18964,Medium,Medium,0.03073389277279412,0.028243858583522352,0.9410222486436837
31160,40160,Medium,Medium,0.030152007744022796,0.030330971958981337,0.9395170202969959
30528,39528,Low,Medium,0.05041548372499082,0.09012468312122107,0.859459833153788
2789,11789,High,High,0.9209074125417399,0.033067148742785574,0.04602543871547452
19134,28134,High,High,0.9369057943657593,0.02662552418749449,0.036468681446746296
30537,39537,Medium,Medium,0.03935875202437422,0.044788512992033236,0.9158527349835927
10729,19729,Medium,Medium,0.031054614734620883,0.026336371970484013,0.942609013294895
15484,24484,Low,Low,0.02858966836042973,0.9341740701519642,0.0372362614876061
35064,44064,Low,Low,0.039252180263517115,0.9074707702810049,0.05327704945547793
21628,30628,Medium,Medium,0.042238904137197435,0.03474828503355997,0.9230128108292425
20407,29407,Medium,Medium,0.0326794907294061,0.02895542654649742,0.9383650827240965
19547,28547,Medium,High,0.9379220465475074,0.025669413887069743,0.036408539565422865
39490,48490,Medium,Medium,0.0365611247505249,0.027116704421938077,0.9363221708275371
34805,43805,Low,Low,0.0281325017654027,0.8883296482537758,0.08353784998082144
6283,15283,Medium,Medium,0.04006994310528991,0.037239229756553166,0.9226908271381569
23329,32329,High,High,0.9190899021465045,0.03357922859080831,0.04733086926268715
37056,46056,High,High,0.9321847920076342,0.02711032930984668,0.04070487868251912
32113,41113,High,High,0.9269065134884557,0.026325150583905554,0.0467683359276387
19057,28057,High,High,0.9374632473053331,0.02613190434855596,0.036404848346110914
11831,20831,High,High,0.9335926473533728,0.02772738592477757,0.03867996672184969
12993,21993,Low,Low,0.03935711180757142,0.9167925570348744,0.04385033115755416
1344,10344,Low,Low,0.02720009752589525,0.9351068327514426,0.03769306972266218
7360,16360,High,Medium,0.03372332944666484,0.034537203214917905,0.9317394673384173
24192,33192,Medium,High,0.4969263742062118,0.047334842993812916,0.45573878279997526
22362,31362,High,High,0.9338437789844125,0.02922501491654587,0.03693120609904171
40014,49014,Medium,Medium,0.061735010584274407,0.0346420132284025,0.903622976187323
19356,28356,Medium,Medium,0.030738096917699076,0.032559475262186714,0.9367024278201143
9843,18843,Low,Low,0.025362120517067533,0.9353855357251906,0.03925234375774183
14707,23707,High,High,0.9377566540429495,0.026669300482546125,0.03557404547450435
10494,19494,High,High,0.9368240007837368,0.0267038100299023,0.03647218918636085
29180,38180,High,High,0.9282808276933228,0.02717958872403124,0.04453958358264587
22545,31545,Low,Low,0.027791900593788627,0.9299919139616059,0.042216185444605446
7361,16361,Low,Low,0.030657305776043833,0.9260948202906137,0.04324787393334243
26630,35630,Medium,Medium,0.04118607404647725,0.04590653432921349,0.9129073916243092
3537,12537,High,High,0.9306118839579963,0.028327847985648816,0.04106026805635485
7873,16873,Low,Low,0.02518993582772845,0.935572476354265,0.03923758781800656
21796,30796,Medium,Medium,0.03649373655401879,0.041062104672184796,0.9224441587737964
17074,26074,High,High,0.9172818289294246,0.035496669955570485,0.047221501115004984
17653,26653,Low,Low,0.03093214184094314,0.591350854081274,0.3777170040777829
10030,19030,Medium,Medium,0.02985260469658861,0.032118636766956546,0.938028758536455
9272,18272,High,High,0.9081723829479844,0.04326860979803523,0.04855900725398032
24021,33021,Medium,Low,0.03202454329662452,0.89295664304748,0.07501881365589547
25937,34937,Medium,Medium,0.03291120376262535,0.0524427654491651,0.9146460307882095
18630,27630,Medium,Medium,0.02712488982290269,0.026881227520811207,0.945993882656286
9242,18242,High,High,0.9310709906424958,0.025702504998436265,0.043226504359068024
26742,35742,Low,Low,0.03902710439006717,0.7851479879793022,0.1758249076306306
22166,31166,High,High,0.9171344146651247,0.035091568967616595,0.04777401636725879
23837,32837,Medium,Medium,0.037187777462616894,0.03613014494130257,0.9266820775960806
13752,22752,Low,Low,0.02554867816698643,0.9367043615182932,0.03774696031472032
10518,19518,High,High,0.9236167135398516,0.028334554913076054,0.048048731547072315
8504,17504,Medium,Low,0.050193440866546174,0.8240493875709829,0.12575717156247104
33446,42446,High,High,0.9329584861698397,0.029715652152567936,0.03732586167759248
14901,23901,Medium,Medium,0.032027195152173386,0.028926250506534957,0.9390465543412917
36338,45338,Medium,Medium,0.02827868182761448,0.02751983954566765,0.9442014786267179
19785,28785,Medium,Medium,0.4744894061468492,0.03623378411374225,0.48927680973940846
2390,11390,Medium,Medium,0.03206036489388617,0.031394951598662596,0.9365446835074511
29314,38314,Medium,Medium,0.03192672103289327,0.03083285927384336,0.9372404196932633
32856,41856,Low,Low,0.026149902096707752,0.9370447750098756,0.03680532289341662
5275,14275,High,High,0.8019575342485611,0.027797030588648696,0.17024543516279042
36179,45179,Low,Low,0.032576563763672024,0.9255255735562132,0.04189786268011459
3772,12772,Medium,Medium,0.039875500928943035,0.036040199545665126,0.9240842995253917
8786,17786,Medium,Medium,0.03914751634514478,0.029956775200581192,0.930895708454274
31393,40393,Medium,Medium,0.03189734717687709,0.03166186692126666,0.9364407859018562
35460,44460,Medium,Medium,0.03360365245402729,0.0429745548285892,0.9234217927173836
8911,17911,Medium,High,0.6457485576945816,0.06016394614090343,0.29408749616451496
10392,19392,Low,Low,0.031481913722307485,0.9303715194089404,0.03814656686875226
11426,20426,High,High,0.9348099537361728,0.027197962204897116,0.037992084058930044
38322,47322,Medium,Medium,0.03561668647851773,0.031171331417460885,0.9332119821040212
8789,17789,Low,Low,0.025827734731298152,0.9385542769961654,0.03561798827253628
14895,23895,Medium,Medium,0.03004764658890444,0.028542001306365212,0.9414103521047302
1483,10483,Low,Low,0.027823198970909097,0.9197315970067664,0.05244520402232449
36878,45878,High,High,0.937838766209549,0.026137924027717974,0.036023309762733026
35127,44127,Medium,Medium,0.031184060701497072,0.0327358548410071,0.936080084457496
14233,23233,Low,Low,0.02737795052465428,0.9224163510206407,0.05020569845470511
4344,13344,Medium,Medium,0.04500434304180922,0.0306677573899618,0.924327899568229
25194,34194,Low,Low,0.026721407450715644,0.9323369357482036,0.0409416568010807
26019,35019,High,High,0.9357607712899281,0.027047030981538555,0.03719219772853325
28549,37549,High,High,0.9307462740608851,0.02825679108576466,0.04099693485335037
13411,22411,Low,Low,0.0275128355877686,0.9201667613484087,0.052320403063822664
11822,20822,Low,Low,0.045749199483619364,0.8051808841361879,0.14906991638019265
5199,14199,Medium,Medium,0.028574159163941043,0.026484414162479573,0.9449414266735793
14372,23372,Low,Low,0.03194595038986742,0.9233254139047192,0.04472863570541333
3449,12449,Medium,Medium,0.02971006395665018,0.027421155502809155,0.9428687805405408
21005,30005,High,High,0.9348884008649473,0.026739835761883324,0.038371763373169464
31081,40081,Medium,Medium,0.04303495342342772,0.033750946255084256,0.9232141003214881
17206,26206,Medium,Medium,0.032706084757769385,0.030578426194370584,0.9367154890478601
17778,26778,Medium,Medium,0.030960869710303623,0.028471152126514312,0.940567978163182
35354,44354,Medium,Low,0.049964830411056003,0.5231051749776152,0.42692999461132874
34131,43131,Medium,Medium,0.031243077620533095,0.027576386659952823,0.9411805357195141
18253,27253,High,High,0.9398858445173236,0.02370199301435408,0.036412162468322365
10880,19880,Medium,Medium,0.0386723470684446,0.02912833761468311,0.9321993153168723
19411,28411,Low,Low,0.027667453982945,0.9353183341053576,0.03701421191169755
39531,48531,Medium,Medium,0.028579306862995577,0.029857506600161832,0.9415631865368427
5806,14806,Medium,Medium,0.030767740723500327,0.028938628679550406,0.9402936305969493
11003,20003,Medium,Medium,0.03933540814581957,0.035939524698948545,0.924725067155232
7623,16623,Medium,Medium,0.03066929380450757,0.45765301776182404,0.5116776884336683
28624,37624,Medium,Medium,0.047215570337646284,0.03239342874548872,0.9203910009168649
6094,15094,Medium,Medium,0.03228019903030654,0.03136451521534306,0.9363552857543503
22613,31613,Low,Low,0.027178678640963138,0.9349319994871149,0.037889321871922066
4001,13001,Low,Low,0.027328666365790923,0.8821334031609354,0.09053793047327367
27978,36978,Low,Low,0.03419851849090885,0.9246561027084201,0.04114537880067099
16359,25359,High,Medium,0.031208637214521676,0.02853419134347851,0.9402571714419997
19484,28484,Medium,Medium,0.03844599219266682,0.03529699750611937,0.9262570103012138
18769,27769,High,High,0.9278641896755692,0.03319624913035521,0.038939561194075566
3587,12587,Medium,Medium,0.0350387027196687,0.034631860508216206,0.930329436772115
21957,30957,Medium,Medium,0.03202549650226011,0.03189607633653001,0.93607842716121
18484,27484,Medium,Medium,0.04392283389574439,0.28780622177807585,0.6682709443261797
7084,16084,Low,Low,0.0320068334031676,0.9268146925820936,0.041178474014738925
34965,43965,High,High,0.9355956673667438,0.02701720252195215,0.03738713011130416
13364,22364,High,High,0.9324587324442631,0.02855779880945665,0.03898346874628015
36104,45104,Low,Low,0.034620635451441784,0.9269070460426104,0.03847231850594785
23728,32728,Low,Low,0.041805672407036,0.9167195680755675,0.04147475951739651
32890,41890,Low,Low,0.03200027234005113,0.9173019006254077,0.05069782703454118
11780,20780,High,High,0.9297916422992573,0.027655543360212673,0.04255281434052997
10261,19261,Medium,Medium,0.032597169272567575,0.03472315667788692,0.9326796740495454
6546,15546,Medium,Medium,0.05056417847517083,0.031722157374235345,0.9177136641505937
16700,25700,Medium,Medium,0.04078531794539184,0.04111748989946488,0.9180971921551433
3489,12489,High,High,0.8954504080351257,0.058979414865166745,0.04557017709970759
29082,38082,High,High,0.9321992940823174,0.02697634189961814,0.04082436401806457
7798,16798,Low,Low,0.025033369751529377,0.9327352425424031,0.042231387706067415
33822,42822,Low,Low,0.028395178229827078,0.9356505548350252,0.03595426693514782
3218,12218,Medium,Medium,0.036854444719290974,0.030144166917132027,0.9330013883635772
8293,17293,Medium,Medium,0.03252882705465356,0.030688877202105776,0.9367822957432406
6812,15812,Medium,Medium,0.03668698767809384,0.03259075687114402,0.9307222554507621
23621,32621,High,High,0.9364398149554335,0.025899103596587997,0.03766108144797859
32887,41887,Medium,Medium,0.03738016703545184,0.03937220262633446,0.9232476303382137
3705,12705,Medium,Medium,0.030147498354580377,0.03136614519178827,0.9384863564536313
38307,47307,Medium,Medium,0.037983261974682124,0.034313951148782156,0.9277027868765356
6241,15241,Medium,Medium,0.03103534583915023,0.03576415152507988,0.9332005026357697
9782,18782,Medium,Medium,0.02677361219799218,0.02666331470106584,0.946563073100942
23356,32356,High,High,0.9168735286419519,0.03978368431630643,0.04334278704174152
8044,17044,High,High,0.9140042959429845,0.031684866223680885,0.0543108378333346
35778,44778,High,High,0.9304487693347375,0.02804084142330988,0.04151038924195257
35578,44578,Medium,Medium,0.030452016970641902,0.027926395410946065,0.9416215876184122
15462,24462,Low,Low,0.031962281346094364,0.8724601115273738,0.09557760712653189
29897,38897,Low,High,0.9249119359290839,0.026455484063988483,0.04863258000692755
26726,35726,Low,Low,0.026181848825731952,0.9349191960227193,0.03889895515154868
2406,11406,High,Medium,0.09330392218328831,0.08732087218862843,0.8193752056280833
27748,36748,High,High,0.93380415070307,0.028962635883959264,0.03723321341297078
27580,36580,High,Medium,0.04514076074465029,0.03561806367848185,0.9192411755768678
609,9609,Low,Low,0.031544674333227586,0.9324429269924995,0.03601239867427299
28694,37694,Medium,Medium,0.033415558993046574,0.03826036030426485,0.9283240807026886
38622,47622,Medium,Medium,0.030841082285425665,0.1549781226728093,0.8141807950417651
14460,23460,High,High,0.931844537989027,0.031207431890181325,0.03694803012079178
35929,44929,Medium,Medium,0.03917834126227461,0.04168900618488371,0.9191326525528417
23686,32686,Low,Low,0.03648945906730182,0.8232073798208348,0.14030316111186328
16361,25361,Low,Low,0.03130183654453051,0.9097204708043388,0.05897769265113071
34664,43664,High,High,0.926594592302652,0.03371090032917103,0.03969450736817693
31293,40293,Medium,Medium,0.03864740528127999,0.029610502054181236,0.9317420926645389
18566,27566,Low,Low,0.03259250672538038,0.9321916386664287,0.035215854608190884
4751,13751,Medium,Medium,0.03414179374220969,0.02938137714102773,0.9364768291167627
7281,16281,Low,Low,0.04075000851907044,0.9132740684167119,0.04597592306421768
28034,37034,High,High,0.9177676064046456,0.04318754957725752,0.0390448440180969
19716,28716,Medium,Medium,0.040652959131014334,0.031330754575397336,0.9280162862935883
11470,20470,High,High,0.938817090850066,0.023970743736948085,0.03721216541298586
14772,23772,High,Low,0.027695134580474432,0.9237927873221761,0.048512078097349476
27373,36373,High,High,0.9349805700738231,0.02520795015677905,0.039811479769397994
19924,28924,Medium,Medium,0.02824175010820966,0.03091231429672207,0.9408459355950681
16182,25182,High,High,0.9362099891628531,0.026117362601566507,0.03767264823558037
39426,48426,High,High,0.9253444514285522,0.03268689311940709,0.04196865545204092
19719,28719,Low,Low,0.02606503969621839,0.9357640721783186,0.03817088812546309
19409,28409,High,High,0.9131246250600036,0.03230816618165533,0.05456720875834106
8639,17639,Medium,Medium,0.03259655661498983,0.031094040505685375,0.9363094028793247
37635,46635,Medium,Medium,0.03900691165504983,0.03305269081383469,0.9279403975311155
27652,36652,Low,Low,0.027540995838128034,0.9355300178460175,0.03692898631585442
23855,32855,Medium,High,0.9284522673312398,0.028273867406703818,0.04327386526205649
12637,21637,Low,Low,0.03382822266087401,0.9240160026289318,0.04215577471019418
15671,24671,Medium,Medium,0.029063182523166836,0.11884498976386389,0.8520918277129693
11072,20072,Medium,Medium,0.033257443532543604,0.03077346094624916,0.9359690955212073
36437,45437,High,High,0.931268522163012,0.02858117078749836,0.04015030704948955
31753,40753,Medium,Medium,0.02730254970670121,0.044306200611280426,0.9283912496820182
37254,46254,High,High,0.9262885158540466,0.026951527370347395,0.04675995677560599
1688,10688,Low,Low,0.049853342650168476,0.7360737482389789,0.21407290911085278
20985,29985,High,High,0.9361021181684036,0.02702244918634739,0.03687543264524903
31929,40929,High,High,0.9282053306879104,0.03420832115719153,0.037586348154898135
22620,31620,Medium,Medium,0.032722119983369595,0.032479823138031154,0.9347980568785993
18614,27614,Medium,Medium,0.039430056938850655,0.035979193825218865,0.9245907492359304
32984,41984,High,High,0.9336372099938431,0.027143117591045776,0.039219672415111075
32967,41967,Medium,Medium,0.03723005523969512,0.4580154505276681,0.5047544942326366
2136,11136,High,High,0.9289180353664199,0.02676723418126868,0.0443147304523114
37866,46866,Medium,Medium,0.03233677366910678,0.0273417120641164,0.9403215142667767
39833,48833,Low,Low,0.02533576118402867,0.93786388725459,0.03680035156138131
22390,31390,Medium,Medium,0.03279335743679917,0.12893919914702237,0.8382674434161785
27944,36944,High,Medium,0.03374987047563282,0.045319829570632485,0.9209302999537347
31897,40897,High,High,0.9140887732224919,0.03876584687049615,0.04714537990701186
13777,22777,Low,Low,0.03310631344646054,0.5688203314077294,0.39807335514581005
23046,32046,High,High,0.9303489634988215,0.029384694377477424,0.040266342123701115
26044,35044,High,High,0.9327503055223106,0.026398055220509826,0.04085163925717938
3424,12424,Medium,Medium,0.02575955201424118,0.026187073500530848,0.948053374485228
21045,30045,Medium,Medium,0.030734483114500454,0.034252429329285135,0.9350130875562144
35556,44556,High,High,0.8806942398860474,0.0344268239794763,0.08487893613447615
5054,14054,High,High,0.932946108147946,0.026676169960014953,0.04037772189203909
39694,48694,Medium,Medium,0.032066643503572016,0.03462464931085263,0.9333087071855753
16573,25573,Low,Low,0.03307969198763694,0.9175781932492928,0.049342114763070356
26734,35734,Low,Medium,0.03142965023864449,0.03248882000634354,0.936081529755012
26174,35174,High,High,0.9321224513029422,0.026067722810726567,0.041809825886331316
37991,46991,High,High,0.9291360736252982,0.027843174175994745,0.043020752198707025
1114,10114,Medium,Medium,0.03138549716838281,0.027674763499410476,0.9409397393322068
39478,48478,Medium,Medium,0.03441568063574852,0.030126992499386007,0.9354573268648655
11265,20265,Low,Low,0.035414974663519866,0.9255858856360097,0.03899913970047037
2658,11658,Medium,Medium,0.03737611588806621,0.028766153200857635,0.9338577309110762
6443,15443,Medium,Medium,0.07382671654350971,0.03554278183049889,0.8906305016259913
2696,11696,High,Medium,0.029832112430987517,0.028798880265302144,0.9413690073037104
8299,17299,Medium,Medium,0.03238581158807849,0.030434969365576253,0.9371792190463454
7483,16483,Medium,Medium,0.3803988429436074,0.030077421212559574,0.5895237358438331
36687,45687,Medium,Medium,0.03349845235147051,0.030846029305308664,0.9356555183432208
17266,26266,Medium,Low,0.031896842304596,0.917839118583197,0.05026403911220692
1334,10334,Medium,Medium,0.0350839781915362,0.02861553381378996,0.9363004879946738
32802,41802,Medium,Medium,0.03205678070389654,0.03316579235984879,0.9347774269362548
23856,32856,Medium,Medium,0.03312479075530308,0.030055488785200035,0.9368197204594969
24808,33808,Medium,Medium,0.043972250695392505,0.05007980913292202,0.9059479401716853
17876,26876,Low,Low,0.028867510018476678,0.8866406225452858,0.0844918674362376
38944,47944,High,High,0.9357195035261312,0.028380147491268073,0.03590034898260086
1943,10943,Low,Low,0.02678430697558762,0.9329175947102328,0.040298098314179485
1787,10787,Low,Low,0.027495212479950404,0.9251498174391871,0.04735497008086261
36977,45977,Medium,Medium,0.0353456920689408,0.04091478890303774,0.9237395190280214
38813,47813,Medium,High,0.9351748978774195,0.02727721527781286,0.03754788684476765
22033,31033,Low,Low,0.028764367730079034,0.9315999745534119,0.03963565771650906
10675,19675,Low,Low,0.0277997473639308,0.8908172925674851,0.08138296006858399
36917,45917,Medium,Medium,0.03414871432951719,0.030950931561023794,0.9349003541094589
5509,14509,Low,Low,0.035368362879050125,0.925085161778075,0.03954647534287497
12017,21017,Medium,Medium,0.03506612688965315,0.0308013146886032,0.9341325584217436
34881,43881,Medium,Medium,0.036023435491193516,0.03479518512396474,0.9291813793848419
16704,25704,Low,Low,0.03274314885689317,0.9265588105983505,0.040698040544756404
28082,37082,Low,Low,0.028834966345679138,0.9319428269617415,0.03922220669257954
11782,20782,High,High,0.8990485405736494,0.03689833521442079,0.0640531242119299
36063,45063,Medium,Medium,0.04384396808641385,0.03793518236539176,0.9182208495481944
18391,27391,Low,High,0.9329488667443359,0.02571648999565009,0.041334643260014174
10490,19490,Medium,Medium,0.04311303905983405,0.03109004341310641,0.9257969175270596
36163,45163,Medium,Medium,0.029166105701331047,0.028573140764395627,0.9422607535342733
37242,46242,Medium,Medium,0.04116900928259141,0.032346787471794265,0.9264842032456144
37729,46729,High,High,0.937441866681636,0.025706033588039922,0.03685209973032414
30586,39586,Low,Low,0.030715994503116847,0.9279072092602817,0.04137679623660157
19661,28661,High,High,0.934949149831623,0.024614298946015443,0.040436551222361554
34666,43666,Low,Low,0.036148184733822274,0.9259895932158694,0.037862222050308245
39593,48593,Medium,Medium,0.03201763086450397,0.029816836004701253,0.9381655331307948
18181,27181,High,High,0.9247264675364071,0.030405067700352204,0.04486846476324072
8947,17947,Medium,Medium,0.03429449389749251,0.028851701388279957,0.9368538047142275
25949,34949,Low,Low,0.029320437836794676,0.9348487408354025,0.03583082132780277
36672,45672,High,High,0.9355629821214153,0.025820492014540633,0.038616525864044106
4696,13696,Medium,Medium,0.03561222917781665,0.08343788829160599,0.8809498825305773
16281,25281,High,High,0.9362585633826038,0.025391135284633225,0.03835030133276301
23197,32197,Medium,Medium,0.03389699106136187,0.04014710175583295,0.9259559071828051
19225,28225,Medium,Medium,0.02776887884144022,0.053079857685896244,0.9191512634726635
4886,13886,High,High,0.935534644937326,0.025753193378952367,0.03871216168372148
23321,32321,Medium,Medium,0.04217196303424305,0.07248056016451795,0.8853474768012392
18669,27669,High,High,0.9380305303982452,0.024872690167932653,0.03709677943382213
10844,19844,High,High,0.9378942540575053,0.024410409101867148,0.037695336840627564
8926,17926,High,High,0.9389874694009781,0.025154382870157102,0.03585814772886483
2735,11735,High,High,0.9350848767262697,0.027354304105737953,0.03756081916799225
34209,43209,Medium,Medium,0.03250019058031276,0.03194857306989187,0.9355512363497954
25084,34084,Medium,Medium,0.029123032112793167,0.028194345863241158,0.9426826220239657
3226,12226,High,High,0.9325632410931516,0.028560884256441835,0.038875874650406574
5491,14491,Medium,Medium,0.03955362408447719,0.030253126050715142,0.9301932498648077
18724,27724,Low,Low,0.03354498009780793,0.929313083158136,0.037141936744056143
24610,33610,Medium,Medium,0.026561765967217228,0.09856510977759632,0.8748731242551865
13766,22766,High,High,0.9195788618389402,0.03356448637622735,0.04685665178483242
37175,46175,Medium,Medium,0.03701109932944279,0.026461866159298898,0.9365270345112583
24873,33873,High,High,0.9347428992672726,0.027927694559571458,0.037329406173155916
7019,16019,Low,Low,0.030132634622079223,0.9277474249101209,0.04211994046779991
24294,33294,Medium,Medium,0.029928842993164256,0.2620430242410186,0.7080281327658172
38303,47303,Medium,Medium,0.03262482969010257,0.0265468731122164,0.940828297197681
3383,12383,High,Medium,0.03589305576935883,0.03504877117271156,0.9290581730579296
17049,26049,High,High,0.9362747940714241,0.027626761100731045,0.03609844482784494
18653,27653,Low,Low,0.030394188455558885,0.9205133998979452,0.0490924116464957
15467,24467,Low,Low,0.024269700938629762,0.9407771443233998,0.03495315473797056
21998,30998,High,High,0.9276313569633601,0.033127211649036196,0.03924143138760373
22768,31768,High,High,0.9368373011690468,0.026115073415975975,0.03704762541497717
35718,44718,High,Low,0.025994805858725444,0.9373529588074289,0.0366522353338457
23635,32635,Low,Low,0.027096954956320512,0.934731793652713,0.038171251390966575
9807,18807,High,High,0.9116387204719785,0.039332276891757334,0.04902900263626417
36965,45965,Medium,Medium,0.03261798909114245,0.03417582730022748,0.9332061836086302
31719,40719,High,High,0.9178013125687992,0.04242684448613218,0.039771842945068636
14795,23795,Medium,Medium,0.03161350628384208,0.028498237398620997,0.9398882563175368
6484,15484,Medium,Medium,0.032184865016877555,0.030987638651523538,0.9368274963315989
31406,40406,Medium,Medium,0.03122864526810691,0.02983717933653891,0.9389341753953541
23398,32398,Medium,Medium,0.038395673552209415,0.035986179029927255,0.9256181474178633
32698,41698,High,High,0.9256871876510298,0.028473885436070656,0.045838926912899515
30568,39568,High,High,0.9321135445209179,0.026816740741224542,0.04106971473785758
7220,16220,Medium,Medium,0.03115493567179946,0.03717956098914014,0.9316655033390604
28076,37076,High,High,0.9361465664065015,0.025518866426605436,0.038334567166893097
13826,22826,Low,Low,0.027729018802398874,0.8941916860308963,0.07807929516670496
27042,36042,High,Medium,0.39105189610377394,0.0341711570854558,0.5747769468107702
10917,19917,Low,Low,0.027705373654812144,0.8805185359412219,0.0917760904039661
3136,12136,High,High,0.934561252863434,0.02693794605843956,0.038500801078126444
18114,27114,High,High,0.9314218833630075,0.027179733971132557,0.04139838266586005
24164,33164,Low,Low,0.028276389109039263,0.9321651879887306,0.03955842290223014
12572,21572,Medium,Medium,0.04245475182021658,0.0785269690367608,0.8790182791430227
6463,15463,Medium,Medium,0.0386655269594722,0.037099609932570145,0.9242348631079577
20438,29438,High,High,0.9313146499127479,0.03073622674488921,0.03794912334236287
21190,30190,Medium,Medium,0.03821557373648809,0.03606743803955667,0.9257169882239552
25174,34174,Medium,Medium,0.029041596166518097,0.029765124503649865,0.941193279329832
385,9385,High,High,0.9379285735803219,0.024404768762953027,0.03766665765672512
19916,28916,Medium,Medium,0.037483900258868955,0.02971778418722767,0.9327983155539034
25527,34527,Medium,Low,0.03250434450676847,0.6778126523617046,0.2896830031315268
17564,26564,Low,Low,0.027297264963718575,0.9353509509278881,0.03735178410839329
32654,41654,Medium,Low,0.03508102990382083,0.8655247035119319,0.09939426658424737
33735,42735,Low,Low,0.02781223733574358,0.9183482407480597,0.05383952191619671
18830,27830,Low,Low,0.02691410483753826,0.9356813026596315,0.03740459250283021
25365,34365,Low,Low,0.03253193026583664,0.9282925990342049,0.03917547069995842
492,9492,High,High,0.9390083118907427,0.02436989678860253,0.03662179132065478
39164,48164,Low,Low,0.029494060970189192,0.9307254774425208,0.03978046158729013
18995,27995,Medium,Medium,0.03012733909559002,0.031410246062332926,0.938462414842077
4522,13522,Low,Low,0.02634367279229299,0.9371705373637919,0.03648578984391515
8868,17868,High,High,0.9346427967543783,0.026165692112390903,0.03919151113323085
26885,35885,Medium,Medium,0.03442352608455453,0.03233498458706524,0.9332414893283802
27437,36437,Medium,Medium,0.05233731268760331,0.038187155982681346,0.9094755313297154
8797,17797,Medium,Medium,0.02752863854165317,0.03031614168169135,0.9421552197766555
26818,35818,Low,Low,0.025611385770071785,0.9382041456322732,0.0361844685976552
3171,12171,Low,Low,0.02813356848720956,0.9341243630094801,0.03774206850331041
27222,36222,Medium,Medium,0.03210754542666061,0.032327731142536294,0.9355647234308031
21239,30239,Low,Low,0.03228221678986038,0.9135648310362097,0.05415295217392988
9386,18386,Medium,Medium,0.04245942716915144,0.050644478894493396,0.9068960939363552
28081,37081,Low,Low,0.030716002442836534,0.9265437752606331,0.04274022229653038
32584,41584,High,High,0.9330991015244904,0.024707414514397414,0.04219348396111213
15076,24076,Medium,Medium,0.030128885424675178,0.029603152039736336,0.9402679625355884
35733,44733,Low,Low,0.027371404959804252,0.9338193673664819,0.038809227673713975
9974,18974,High,High,0.9327914482014176,0.03101163444274106,0.03619691735584146
15364,24364,Medium,Medium,0.03100613995460685,0.029318325449332296,0.9396755345960609
34162,43162,High,High,0.9289282257869362,0.02609609031553113,0.04497568389753271
2685,11685,Low,Low,0.02486650372171072,0.9380639405575012,0.03706955572078815
38901,47901,Medium,High,0.9315814793957348,0.026741420982363675,0.04167709962190136
28766,37766,High,High,0.933328451315122,0.026341737268827405,0.04032981141605078
39237,48237,Medium,Medium,0.03176181214090045,0.034106817489240854,0.9341313703698587
32566,41566,High,High,0.9183274172346029,0.032199597925422464,0.04947298483997468
8631,17631,Low,Low,0.04075504221474707,0.9204242136698252,0.0388207441154278
3673,12673,Medium,Medium,0.03750929507420479,0.028638031714450545,0.9338526732113447
39065,48065,High,High,0.9222762313461735,0.032424122893448544,0.04529964576037795
22391,31391,Medium,Medium,0.030837351462060236,0.027171589548396116,0.9419910589895437
35339,44339,Medium,Medium,0.044828084590624366,0.11353067329927435,0.8416412421101013
36141,45141,High,High,0.9321642617198452,0.02756475070804378,0.040270987572111
22674,31674,Medium,Medium,0.032107601132795226,0.029866359210078724,0.9380260396571259
36337,45337,Medium,Medium,0.03210309108056173,0.030807421414861192,0.937089487504577
12451,21451,High,High,0.9348525201289503,0.02688519458042225,0.03826228529062751
17650,26650,Medium,Medium,0.03106930144844555,0.03564311453122098,0.9332875840203334
2363,11363,Medium,Medium,0.030882399075571675,0.03040878667965762,0.9387088142447707
24729,33729,High,High,0.9374770860260807,0.026160752988582437,0.03636216098533689
29678,38678,Medium,Medium,0.029446786835966413,0.02836603748138884,0.9421871756826447
33595,42595,Low,Low,0.0343768507799922,0.7638344378177288,0.20178871140227908
27668,36668,Medium,Medium,0.04055713304724031,0.035369961287353036,0.9240729056654068
38,9038,Medium,Medium,0.047157717444505746,0.04255415918000871,0.9102881233754855
8730,17730,High,High,0.9360814802931491,0.02625882646104727,0.037659693245803635
15677,24677,Medium,Medium,0.03500695956612687,0.0318177927868813,0.9331752476469918
33734,42734,Medium,Medium,0.030029192809062185,0.029035138573040728,0.9409356686178971
39001,48001,Low,Low,0.02771002817969247,0.9355823973833051,0.03670757443700246
25577,34577,Medium,High,0.9397613852296008,0.024666957712936487,0.03557165705746273
1396,10396,Medium,Medium,0.02956521311164551,0.030010581668258696,0.9404242052200958
10776,19776,High,High,0.9380283759028297,0.024742259835290412,0.03722936426187996
27258,36258,High,Medium,0.028366883575660713,0.02811895135896908,0.9435141650653702
28368,37368,High,High,0.9367552462442378,0.026460240903910554,0.036784512851851636
33183,42183,Medium,Medium,0.03660296015480503,0.03622848197554029,0.9271685578696546
26649,35649,High,High,0.9335132780392082,0.027522913270031365,0.038963808690760486
14160,23160,Medium,Medium,0.029712734067484998,0.02876204906978026,0.9415252168627347
23103,32103,Medium,Medium,0.03319649918911129,0.038030512186318845,0.9287729886245698
21706,30706,High,High,0.9384964709776668,0.023985628236929856,0.037517900785403464
33271,42271,Medium,Medium,0.03009798091977951,0.03404448739414906,0.9358575316860714
11411,20411,High,High,0.928179888354611,0.030172344849629096,0.041647766795759926
24499,33499,Medium,Medium,0.04255277981215147,0.09793044644011602,0.8595167737477324
22636,31636,Low,Low,0.03967943760972094,0.8985744070580343,0.06174615533224493
13519,22519,High,High,0.9367272000085012,0.02590677113639038,0.0373660288551084
31549,40549,Medium,Medium,0.03178917864014002,0.029307672658732534,0.9389031487011276
979,9979,Medium,Medium,0.03618665960114277,0.02959567021605228,0.9342176701828048
6248,15248,Low,Low,0.037435514759571666,0.9101606960318008,0.05240378920862757
21610,30610,Medium,Medium,0.03447394996137435,0.03100630423126033,0.9345197458073654
2444,11444,Medium,Medium,0.03128498143749256,0.03318141327178694,0.9355336052907205
497,9497,Low,Low,0.03415481031883489,0.9025479680945622,0.06329722158660289
33963,42963,High,High,0.9325187396450098,0.024295325926451894,0.04318593442853833
7060,16060,Medium,Medium,0.028557298786033507,0.02969331890484588,0.9417493823091205
14680,23680,Medium,Medium,0.04079584179465758,0.04441338461805961,0.9147907735872828
11393,20393,Medium,Medium,0.033357167598206554,0.0315586985125023,0.9350841338892911
11354,20354,Medium,Medium,0.03268317657645558,0.03261511269680636,0.934701710726738
23160,32160,High,High,0.9362219014729884,0.027242885084432483,0.03653521344257892
19497,28497,Medium,Medium,0.029116419855801337,0.029685936621831093,0.9411976435223676
17416,26416,Medium,Medium,0.0315068350988246,0.03015681963502388,0.9383363452661516
20028,29028,High,High,0.9312367047936227,0.029912429131838364,0.038850866074539
18271,27271,Medium,Medium,0.029457441335781962,0.03096749406640599,0.939575064597812
25370,34370,Medium,Medium,0.0342527959530565,0.03238233776622405,0.9333648662807196
10582,19582,Medium,Medium,0.030312792111719066,0.03048865882947031,0.9391985490588106
31575,40575,Medium,Medium,0.029171570642106435,0.030432578902772584,0.940395850455121
35518,44518,High,High,0.9362038839357475,0.024677798877438897,0.03911831718681375
35954,44954,Medium,Medium,0.03361864726462511,0.3470661095035507,0.6193152432318242
31004,40004,High,High,0.9308920959372232,0.025612196579591625,0.04349570748318509
4407,13407,Low,Low,0.0320052147747391,0.5885238056199195,0.37947097960534154
33730,42730,Medium,Medium,0.03356351129398067,0.032510666918677454,0.933925821787342
32665,41665,Medium,Medium,0.051481774600116624,0.04299172134485796,0.9055265040550253
29831,38831,Medium,Medium,0.02907230311840085,0.02707869502515421,0.9438490018564449
10229,19229,Low,Low,0.028656120860844198,0.9266694026856713,0.044674476453484664
19653,28653,Medium,Medium,0.030127419884255376,0.02761096172775332,0.9422616183879913
15323,24323,Low,Medium,0.03874894187400977,0.12571585000908547,0.8355352081169047
16902,25902,Low,Low,0.028296107936689796,0.9048479616304648,0.06685593043284545
3046,12046,Medium,Medium,0.02810169751241852,0.026934284808971143,0.9449640176786104
2177,11177,Low,Low,0.024864845930475877,0.9311945520674595,0.04394060200206457
9211,18211,Low,Low,0.027743260589175294,0.9363605438703999,0.03589619554042483
9351,18351,Low,Medium,0.0451452720733582,0.34398885627883674,0.610865871647805
34861,43861,High,Medium,0.02970834403378572,0.02831729722763392,0.9419743587385803
27380,36380,Low,Low,0.031763788491214695,0.9279647134029023,0.04027149810588293
19327,28327,Medium,Medium,0.03354747284461565,0.03226439022711985,0.9341881369282645
31586,40586,Medium,Medium,0.03795848573923457,0.029893202050159145,0.9321483122106063
28292,37292,High,High,0.936544379342104,0.025850279117243167,0.03760534154065271
162,9162,Medium,Medium,0.030274972078813453,0.031925631467640915,0.9377993964535456
6337,15337,Medium,Medium,0.03077851345768065,0.03077406869622068,0.9384474178460985
23987,32987,Medium,Medium,0.03252251006455637,0.13366719485120135,0.8338102950842424
25446,34446,Low,Low,0.02803839823901207,0.9310818697207465,0.04087973204024145
5173,14173,High,Medium,0.0334333207278206,0.031213118436974396,0.935353560835205
36019,45019,Medium,Medium,0.03424174540106494,0.03970062028562491,0.9260576343133101
13010,22010,Medium,Low,0.026032661026969574,0.8407100761105842,0.13325726286244613
3928,12928,Low,Low,0.02681857021383403,0.9141742194363749,0.05900721034979106
18892,27892,Medium,Medium,0.032864514791194295,0.02897030327960747,0.9381651819291982
12496,21496,High,High,0.9345411507147577,0.026826026512502,0.03863282277274014
120,9120,High,High,0.9343334369932146,0.027843439508153423,0.03782312349863198
20744,29744,Medium,Medium,0.025611425171028424,0.03101488273540418,0.9433736920935673
33368,42368,Low,Low,0.0340569359625818,0.9229980666628856,0.04294499737453242
8245,17245,Medium,Medium,0.04333830671665001,0.03429369086224024,0.9223680024211097
15554,24554,High,High,0.9367544904052362,0.02614996256584619,0.037095547028917514
11584,20584,Medium,Medium,0.029820992864489776,0.03149202485692478,0.9386869822785854
12771,21771,Medium,Medium,0.03104199400941174,0.02940291135333768,0.9395550946372505
34682,43682,Medium,Medium,0.03182798385829103,0.033635864146564276,0.9345361519951446
6965,15965,Medium,Medium,0.031628760318607556,0.029264159162294776,0.9391070805190976
26218,35218,Medium,Medium,0.03447896528809411,0.037069862946518116,0.9284511717653877
36166,45166,Low,Low,0.027032806263575394,0.9288877955138558,0.04407939822256874
27298,36298,Low,Low,0.0365735044514322,0.9265430656784971,0.03688342987007073
30011,39011,Medium,Medium,0.041679620846936334,0.039259979608434546,0.919060399544629
1527,10527,High,High,0.934242396686435,0.025243809962078503,0.04051379335148647
21408,30408,Medium,Medium,0.03341849186002175,0.029135101827076033,0.9374464063129023
34454,43454,Low,Low,0.03179078903226195,0.7245811475686673,0.24362806339907062
26505,35505,High,High,0.9380276875409065,0.024897345911135158,0.03707496654795837
1071,10071,Medium,Medium,0.031214984682598774,0.030313569418171375,0.9384714458992299
23769,32769,Medium,Medium,0.029638930400596387,0.03137397168335389,0.9389870979160496
1605,10605,Medium,Medium,0.03504921235695179,0.033078128242092324,0.9318726594009559
15440,24440,Medium,Medium,0.03247708816304851,0.032487189387811,0.9350357224491406
25352,34352,Medium,Medium,0.02824595416333282,0.026776738006522898,0.9449773078301442
15240,24240,Medium,Medium,0.0465809879879096,0.05518092482722092,0.8982380871848695
28478,37478,Medium,Medium,0.030330228323925332,0.026367876183772888,0.9433018954923017
14647,23647,Medium,Medium,0.03171313758594229,0.03395086605928351,0.9343359963547742
13532,22532,Medium,Medium,0.02858489444360618,0.026795386655312618,0.9446197189010812
12069,21069,Medium,Medium,0.03188383539346238,0.03176451130269499,0.9363516533038426
29305,38305,Low,Low,0.02914659712433354,0.930389146622129,0.0404642562535375
29453,38453,High,High,0.9348580800512041,0.027585337034735244,0.0375565829140607
33616,42616,Medium,Medium,0.03130045296077762,0.14183005942153726,0.8268694876176852
23111,32111,Medium,Medium,0.030313925891641374,0.029433136883990425,0.9402529372243683
7642,16642,High,High,0.9255315539824682,0.03602014375403006,0.0384483022635017
33151,42151,Medium,Medium,0.031145699278126354,0.029446466727271664,0.9394078339946019
28818,37818,Medium,Medium,0.03207661412892657,0.033960159365302466,0.9339632265057709
2065,11065,Low,Low,0.030640604921838333,0.9271785922653922,0.04218080281276948
29300,38300,Low,Low,0.029452880596844682,0.9330484890392389,0.03749863036391645
29282,38282,Medium,Medium,0.037693270358093584,0.030052371372384413,0.932254358269522
31187,40187,High,High,0.9357674194243013,0.025403504807845756,0.03882907576785292
30573,39573,Medium,Medium,0.03331009287737071,0.04038316097651209,0.9263067461461173
19518,28518,Medium,Medium,0.033148255344565475,0.0333067627409978,0.9335449819144368
6384,15384,Low,Low,0.02525529240050133,0.9384053567543509,0.03633935084514795
16164,25164,High,Low,0.027820393657316946,0.9253683679847189,0.04681123835796405
21884,30884,Medium,Medium,0.033539067576589345,0.03672743403456879,0.9297334983888418
39759,48759,Medium,Medium,0.04024970961666888,0.0339958552078654,0.9257544351754657
22311,31311,High,High,0.9335595732436014,0.02725469907064824,0.03918572768575038
39503,48503,High,Medium,0.09526556485618314,0.03140176222881099,0.8733326729150059
12276,21276,Medium,Medium,0.03576133626958002,0.03012301052088626,0.9341156532095338
125,9125,Medium,Medium,0.03485076851234096,0.04391440641594612,0.921234825071713
24742,33742,Low,Low,0.02706548915923331,0.9356257957750094,0.03730871506575736
34806,43806,Low,High,0.9337473519397975,0.028552990663841316,0.037699657396361254
24334,33334,High,Medium,0.031129618578133452,0.029994735427221128,0.9388756459946453
37172,46172,Medium,Medium,0.03295045200507371,0.03192143736608751,0.9351281106288388
38026,47026,Low,Low,0.026188116925967897,0.9103423730660037,0.0634695100080284
23585,32585,Low,Low,0.027166740629921155,0.9381019499625366,0.03473130940754233
23445,32445,Low,Low,0.040445104634980675,0.8948892210565113,0.06466567430850802
31108,40108,High,High,0.9375779880637607,0.026403991112197257,0.036018020824041985
5584,14584,Low,Low,0.054646201151175244,0.8799014027898894,0.06545239605893535
35593,44593,High,High,0.9302964641400052,0.0287182530276594,0.04098528283233538
27609,36609,High,High,0.7647621786159352,0.030708057299739022,0.20452976408432585
20870,29870,High,Medium,0.031396509006729995,0.0287271182245024,0.9398763727687675
6733,15733,Low,Low,0.025952254278507603,0.9385974555427344,0.035450290178757754
31267,40267,High,High,0.9381673221888781,0.024286020352366225,0.03754665745875566
11043,20043,Low,Low,0.02722409137882341,0.9300527564595299,0.04272315216164674
6377,15377,High,High,0.9341820012875287,0.025757788138515966,0.040060210573955334
35409,44409,Medium,Medium,0.03083568119383,0.03180727249651295,0.9373570463096571
3001,12001,Low,Low,0.030013337374323292,0.9266983483818397,0.043288314243836994
20314,29314,High,High,0.9241628349231581,0.03164855738361468,0.044188607693227196
22672,31672,Medium,Medium,0.051065919494554544,0.07933829239690217,0.8695957881085433
16992,25992,Low,Low,0.030790823719077046,0.5788901639967542,0.3903190122841687
22293,31293,High,High,0.9373926904287461,0.024515766371420486,0.03809154319983348
20303,29303,High,High,0.9195603441972057,0.044841754772337684,0.03559790103045669
1345,10345,Low,Low,0.025080501921507754,0.9243776470715129,0.05054185100697939
26510,35510,Medium,Medium,0.049057786800239755,0.15893920095043695,0.7920030122493232
30543,39543,Low,Low,0.026521674482214205,0.9388545756437946,0.03462374987399116
21197,30197,Medium,Medium,0.044249955912607296,0.037403744500901503,0.9183462995864913
18891,27891,High,High,0.9323508602296066,0.030279378126329887,0.037369761644063554
1129,10129,Low,Low,0.030064871484796692,0.9305331856224527,0.039401942892750674
35579,44579,Medium,Medium,0.03733222552352355,0.02898487644517882,0.9336828980312976
34859,43859,Medium,Medium,0.02992210426373283,0.028144901035787345,0.9419329947004799
10026,19026,Low,Low,0.034693488203954466,0.8152112687225442,0.1500952430735013
8891,17891,Low,Low,0.02550337684976557,0.9383881987830108,0.036108424367223495
2705,11705,Medium,Medium,0.04603211779469212,0.03385875821260074,0.9201091239927072
10554,19554,High,High,0.9286197408519018,0.03290737313000792,0.03847288601809041
2464,11464,High,High,0.9331948073247207,0.027230443403999754,0.03957474927127958
25802,34802,Medium,Medium,0.03138336210530296,0.03049728256596144,0.9381193553287357
25125,34125,Medium,Medium,0.031774586764269544,0.030809138249140722,0.9374162749865897
1380,10380,High,High,0.9363211380305421,0.026638552833924477,0.037040309135533474
19615,28615,Low,Low,0.028530504623511994,0.9251203088283497,0.04634918654813833
14347,23347,High,High,0.9344967294330889,0.026776404824345953,0.03872686574256518
1112,10112,Medium,Medium,0.039888588475682156,0.03524578933834492,0.924865622185973
30158,39158,Medium,Medium,0.03145668451240893,0.2350931146951145,0.7334502007924767
6798,15798,Low,High,0.9343483187585145,0.029515325081069337,0.0361363561604162
30341,39341,Medium,Medium,0.03234110037666013,0.03091268740532539,0.9367462122180145
33942,42942,Low,Low,0.027206035487045633,0.9133211860943063,0.059472778418648
26299,35299,High,High,0.9397758168516922,0.02431300787934577,0.035911175268961947
6454,15454,High,High,0.9329514976109895,0.028347546533607382,0.03870095585540296
21753,30753,Medium,Medium,0.05510641361269563,0.03811611675785597,0.9067774696294485
29708,38708,Low,Low,0.026649044824770637,0.9337508120392618,0.03960014313596758
2524,11524,Low,Medium,0.03262667630875745,0.03586711075615124,0.9315062129350914
22297,31297,High,High,0.9367528882153873,0.02594089863106311,0.03730621315354966
11292,20292,Low,Low,0.027660276504758302,0.9343561046667531,0.03798361882848874
28136,37136,Low,Medium,0.036715846596270925,0.03509483033938767,0.9281893230643413
9474,18474,Medium,Medium,0.04361502030767372,0.0369467628700184,0.9194382168223078
1496,10496,Medium,Medium,0.033829412237189764,0.028508325022487697,0.9376622627403225
20065,29065,Low,Low,0.03650791176591002,0.9177017794007393,0.04579030883335067
20600,29600,Low,Low,0.0262931125009262,0.9372137273111711,0.03649316018790266
31102,40102,High,High,0.9294782183764041,0.032361597783519463,0.03816018384007641
14369,23369,Medium,Medium,0.029468982553118677,0.028549516066417313,0.941981501380464
732,9732,High,High,0.9359062912475392,0.028309310738687716,0.03578439801377303
16491,25491,High,High,0.9384278187854035,0.024882396519150824,0.03668978469544556
26612,35612,High,High,0.8806044223650829,0.04966759758551884,0.06972798004939833
28394,37394,Medium,Medium,0.028406669092851194,0.026722712170385576,0.9448706187367631
12371,21371,Medium,Medium,0.02976766496200664,0.028601321697688475,0.9416310133403049
13047,22047,High,Medium,0.030257575665448098,0.031613405181402154,0.9381290191531497
38133,47133,Low,Low,0.043654176436058935,0.8881316083409975,0.06821421522294353
33355,42355,Medium,Medium,0.04089395236729798,0.028967005933292298,0.9301390416994098
11990,20990,High,High,0.9368794818682753,0.026276866420597678,0.03684365171112708
35421,44421,Medium,Medium,0.03631035838311725,0.02774615043639018,0.9359434911804926
2698,11698,High,High,0.9375378380968257,0.025900352675239994,0.0365618092279343
17792,26792,High,High,0.9324096457710155,0.03013865629584722,0.037451697933137275
5612,14612,High,High,0.9334248486573471,0.028807555413878253,0.03776759592877471
16213,25213,Medium,Medium,0.032849685760365385,0.030343393877266117,0.9368069203623685
3703,12703,Medium,Medium,0.03158060850769811,0.029478509317147534,0.9389408821751544
20239,29239,Medium,Medium,0.03565418734895955,0.057478295411751895,0.9068675172392885
37599,46599,High,High,0.9365864168240322,0.02559490627623212,0.03781867689973578
15,9015,High,High,0.9364265975228507,0.0257293999073327,0.03784400256981654
10622,19622,Medium,Medium,0.03256272419281559,0.03144689225746971,0.9359903835497146
13772,22772,Medium,Medium,0.032190861868434666,0.030460480689431163,0.9373486574421341
24390,33390,High,High,0.8122493132339647,0.07305762195869424,0.11469306480734105
36216,45216,Medium,Medium,0.03066118609770975,0.031858885328974185,0.9374799285733161
23513,32513,High,High,0.9318134737056077,0.03020056518316902,0.03798596111122316
27920,36920,Medium,Medium,0.41588296709789657,0.03605574970524372,0.5480612831968598
35234,44234,Low,Low,0.0249514227410173,0.9382634216808676,0.03678515557811501
19677,28677,High,Medium,0.034620956813862534,0.03264179612978854,0.932737247056349
6161,15161,Low,Low,0.024885812186803347,0.9397583772786634,0.035355810534533065
25769,34769,High,High,0.9131981311734073,0.0430744593303873,0.043727409496205294
26281,35281,Medium,Low,0.03006939722206237,0.7654557970367705,0.20447480574116716
22213,31213,Medium,Medium,0.0350403473259746,0.02707333147821359,0.9378863211958116
17093,26093,High,High,0.9287756133732782,0.03315335487759908,0.03807103174912285
30033,39033,Low,Low,0.038629352199734374,0.9035881728284654,0.05778247497180025
30916,39916,Low,Low,0.028245549387499652,0.9293897718393006,0.04236467877319978
17250,26250,Medium,Medium,0.038845320897705225,0.03204257141571309,0.9291121076865817
23290,32290,High,High,0.9341770235862458,0.027774604028868066,0.038048372384886175
14690,23690,High,High,0.9338632894112383,0.02712613336849505,0.039010577220266664
31559,40559,Low,Low,0.03059650719979563,0.889919356762095,0.07948413603810932
35342,44342,Low,Low,0.027447283254137134,0.9368019913870925,0.03575072535877025
33488,42488,Medium,Medium,0.03695878534921108,0.032651617164518774,0.9303895974862703
798,9798,High,High,0.9328316715520303,0.025898719801658473,0.041269608646311275
30506,39506,Medium,Medium,0.030432839525000036,0.030115546222356904,0.939451614252643
22307,31307,Low,Low,0.03045306067155314,0.9007206830306509,0.068826256297796
714,9714,Medium,High,0.9384174053264412,0.024482124936848898,0.03710046973670983
527,9527,High,High,0.932575090636778,0.031117798043793648,0.0363071113194284
34718,43718,Low,Low,0.030570882433289953,0.56082085669795,0.40860826086876006
11509,20509,Medium,Medium,0.04199425987933938,0.029077853451376357,0.9289278866692842
32760,41760,High,High,0.9362036938865539,0.026609717093796503,0.03718658901964964
16197,25197,High,Low,0.026349228447196487,0.9370302460169846,0.03662052553581895
14121,23121,Low,Medium,0.031063231659417444,0.029357973361931772,0.9395787949786508
35759,44759,Medium,Medium,0.026576619601821616,0.02570598865398675,0.9477173917441917
9635,18635,Medium,Medium,0.034073870448765524,0.028009747470771968,0.9379163820804625
15750,24750,High,High,0.9280070693831574,0.03144358716923024,0.04054934344761247
119,9119,Medium,Medium,0.028328660076889597,0.027813748044835954,0.9438575918782744
23262,32262,Medium,Medium,0.02834326703111206,0.030197474972278707,0.9414592579966091
27288,36288,Medium,Medium,0.030892352325659345,0.029335129991239783,0.9397725176831009
24239,33239,Low,Low,0.026467511736441757,0.9368124487826304,0.036720039480927946
28375,37375,High,Low,0.03152658196607252,0.9285593481258898,0.03991406990803765
7754,16754,Medium,Medium,0.06366853566697316,0.17134376925810912,0.7649876950749177
23817,32817,Medium,Low,0.04865404409250684,0.5633314458320382,0.388014510075455
32471,41471,Medium,Medium,0.06503508658620176,0.05346847611343412,0.8814964373003642
19487,28487,Low,Low,0.03846592765359661,0.8729313971585473,0.08860267518785614
18123,27123,Low,Medium,0.02986262083118328,0.03088105914737042,0.9392563200214462
37887,46887,High,High,0.9225604079656632,0.03149994508851795,0.04593964694581901
12018,21018,Medium,Medium,0.033832871749954176,0.02995849587301148,0.9362086323770343
7443,16443,Medium,Medium,0.06829230445888403,0.0329170092731566,0.8987906862679594
9452,18452,High,High,0.8641165730420678,0.09092299485643728,0.044960432101494995
16991,25991,Medium,Medium,0.030466078654686906,0.060096618904888814,0.9094373024404243
2062,11062,Medium,Medium,0.03439655953933856,0.02980565289510297,0.9357977875655585
11552,20552,Medium,Low,0.024827917484908327,0.9402647540390604,0.034907328476031334
16402,25402,Low,Low,0.028170177263145885,0.9218862043083792,0.049943618428475035
7573,16573,Low,Low,0.03596963383649067,0.8992892352047851,0.06474113095872414
14395,23395,Medium,Medium,0.0333659184399513,0.0338665324015997,0.932767549158449
6802,15802,Medium,Medium,0.02969524315992787,0.03002464979034274,0.9402801070497294
15351,24351,Medium,Medium,0.03125626739425484,0.03065878949682273,0.9380849431089224
21152,30152,Low,Low,0.03634928011365265,0.923262976011043,0.0403877438753043
15134,24134,Medium,Medium,0.030086386272890713,0.028069264468417763,0.9418443492586915
4645,13645,High,High,0.934024537888473,0.026071495518467647,0.039903966593059205
28178,37178,Low,High,0.9137158547232427,0.02963163111687932,0.05665251415987806
28675,37675,Medium,Medium,0.03154668240898859,0.030341370311218512,0.9381119472797929
3331,12331,Low,Low,0.028677909527900017,0.934341981039815,0.036980109432285045
30731,39731,Medium,Medium,0.04058402328935681,0.029257948438343128,0.9301580282723001
30854,39854,High,High,0.8779743531351895,0.032230342796754186,0.08979530406805636
9481,18481,Medium,Medium,0.029919046787801287,0.03219970231981276,0.9378812508923859
28924,37924,High,High,0.9371293100224761,0.02728953312074524,0.03558115685677873
29158,38158,Medium,Medium,0.03408355888188054,0.02897845035940196,0.9369379907587175
33774,42774,High,High,0.9369383027250754,0.02631510678684067,0.03674659048808393
28833,37833,High,High,0.9337667708520586,0.026342576834152854,0.03989065231378852
9658,18658,Low,High,0.9244846705061015,0.029675726048476233,0.04583960344542221
7241,16241,High,High,0.9237745611989393,0.029645460006300518,0.046579978794760175
5203,14203,Medium,Medium,0.02845276816144923,0.032155529227112234,0.9393917026114385
23055,32055,Medium,Medium,0.03170088617101854,0.031952344685037735,0.9363467691439437
23423,32423,Medium,Medium,0.03283376287136699,0.03000215426116533,0.9371640828674677
20752,29752,Medium,Medium,0.028537790192049745,0.04197731769963219,0.929484892108318
5762,14762,Medium,Medium,0.04556242953022408,0.029664890071919078,0.9247726803978568
4567,13567,Low,High,0.9333710669318612,0.02588143732378929,0.040747495744349486
21069,30069,High,High,0.9359624949300894,0.027704313494386627,0.036333191575523845
16556,25556,Low,Low,0.034276065943795585,0.8436732987047066,0.12205063535149775
7362,16362,Medium,Low,0.028382330037887243,0.742334265693697,0.22928340426841573
27781,36781,Medium,Medium,0.03229305991585178,0.039999480957574114,0.927707459126574
38809,47809,Medium,Medium,0.0373674409154392,0.033524407862729415,0.9291081512218314
22204,31204,Medium,High,0.6340739717823369,0.05266897201958982,0.31325705619807326
16044,25044,Medium,Medium,0.05497953963367671,0.03142063533173007,0.9135998250345931
14515,23515,High,High,0.930700513458452,0.027936625686609772,0.04136286085493827
21146,30146,Medium,Medium,0.028456003765213317,0.02732930992621825,0.9442146863085684
36275,45275,Low,Low,0.028812535480922965,0.925441882772771,0.04574558174630616
36764,45764,Medium,Medium,0.039222181314572134,0.03275979006382226,0.9280180286216057
25551,34551,High,High,0.9320959987140557,0.03061059129317319,0.03729340999277119
4847,13847,Medium,Medium,0.034851271865451096,0.02966385340765368,0.9354848747268952
31927,40927,High,High,0.9374792034582654,0.025191912864483842,0.037328883677250894
29505,38505,Medium,Medium,0.05194704387950899,0.02949350492755909,0.9185594511929319
15717,24717,Medium,Medium,0.03493304082844601,0.032805276611697964,0.9322616825598561
36021,45021,Medium,Medium,0.030296101938450615,0.02684979345770631,0.942854104603843
2260,11260,Low,Low,0.0274246832873508,0.9334381659435788,0.039137150769070476
6992,15992,Low,Low,0.024830634687063424,0.9275114982693772,0.04765786704355929
8862,17862,Low,Low,0.03423401027984721,0.9245228925819302,0.041243097138222544
11717,20717,Medium,Medium,0.03096175025071281,0.13228560851771745,0.8367526412315698
25201,34201,Medium,Medium,0.05558086927938364,0.03455355807400393,0.9098655726466124
3073,12073,Low,Low,0.03704216313352677,0.9275627417983632,0.03539509506811005
11245,20245,Medium,Medium,0.03634464751214023,0.030548619431052693,0.9331067330568071
30348,39348,Low,Low,0.027909580965818952,0.9350686600236134,0.037021759010567694
9881,18881,Medium,Medium,0.03282945735566489,0.029134711341879217,0.9380358313024559
18196,27196,Medium,Medium,0.03565886778048813,0.030460447255159857,0.9338806849643521
28613,37613,Medium,Medium,0.031091202025239587,0.05000464297482229,0.918904154999938
39915,48915,High,High,0.9209070415875164,0.027607769270045854,0.05148518914243777
25341,34341,Medium,Medium,0.0346258968686148,0.02843917373837264,0.9369349293930126
25999,34999,Medium,Medium,0.0552911725211269,0.043250560493478835,0.9014582669853942
18785,27785,Medium,Low,0.03348452913237232,0.8260689883038884,0.14044648256373915
33575,42575,Medium,Low,0.02970194252987304,0.8881859245381407,0.08211213293198615
10692,19692,Medium,Medium,0.04385429470934704,0.041912023685255706,0.9142336816053973
36127,45127,Low,Low,0.0334893413676255,0.92745537103613,0.039055287596244596
20227,29227,Medium,Medium,0.031687464275900155,0.03106202428316671,0.9372505114409332
7556,16556,High,High,0.9236449292669988,0.032499735227356906,0.04385533550564416
38038,47038,Low,Low,0.030866610178059934,0.9261815078229976,0.042951881998942544
24681,33681,Low,Low,0.03373068136637638,0.9236108560815154,0.04265846255210828
11231,20231,Low,Low,0.029219359159144875,0.9301140498966634,0.04066659094419182
32261,41261,Low,Low,0.03233299714411653,0.9106820285192355,0.05698497433664795
10255,19255,Medium,Medium,0.030631458492676383,0.02994704255690031,0.9394214989504234
19704,28704,High,Medium,0.028537666860336448,0.03009873707194619,0.9413635960677174
17905,26905,Low,Low,0.026941874353855144,0.8964010495008177,0.07665707614532723
39177,48177,Low,Low,0.02898710553440918,0.9355519732883835,0.03546092117720739
3562,12562,Medium,Medium,0.06571857447635371,0.04678259097316786,0.8874988345504784
28761,37761,Medium,Medium,0.030288120962913473,0.028124732386288074,0.9415871466507983
12519,21519,Medium,Medium,0.0340495023723646,0.030631228042201974,0.9353192695854334
4421,13421,Medium,Medium,0.03492828311490027,0.03165744555165853,0.9334142713334411
89,9089,Medium,Medium,0.03287654955298606,0.03253421198871224,0.9345892384583018
15974,24974,Low,Low,0.03207356945650256,0.9201132344773666,0.047813196066130804
33219,42219,Medium,Medium,0.03511715203761451,0.038048623350381304,0.9268342246120042
30088,39088,Medium,Medium,0.03430093796764296,0.030227379762795797,0.9354716822695613
36200,45200,Medium,Medium,0.035850628171452494,0.03497822880004369,0.9291711430285038
19731,28731,Medium,Medium,0.041467896837266094,0.03782841414558692,0.9207036890171469
9500,18500,High,High,0.9215964943358035,0.026794905319328263,0.051608600344868194
15468,24468,Low,Low,0.024816106287056505,0.9401930944942141,0.034990799218729426
34975,43975,High,High,0.9288052789545862,0.030484482122328238,0.040710238923085555
19373,28373,High,High,0.9384051154214003,0.02522822698194399,0.0363666575966558
25171,34171,Low,Low,0.029448358398697496,0.9301642361688419,0.040387405432460576
37078,46078,Low,High,0.9365293965888681,0.02805875910298615,0.03541184430814562
17525,26525,High,High,0.934065193039071,0.028560229869465843,0.0373745770914632
7544,16544,Low,Low,0.028655087102244153,0.9317680924551152,0.03957682044264064
3566,12566,Low,Low,0.02564614030007782,0.9361944521615939,0.038159407538328215
5844,14844,Medium,Medium,0.03235654270549885,0.029295476127860428,0.9383479811666408
16903,25903,Low,Low,0.02832870203889054,0.9345414979295236,0.03712980003158597
16800,25800,Low,Low,0.02667641492210496,0.9355620939007121,0.03776149117718299
1474,10474,Low,Low,0.04286231935924645,0.6224251232548016,0.3347125573859521
3675,12675,Low,Low,0.04915778861458136,0.9111807931296377,0.03966141825578101
10065,19065,Medium,Medium,0.03250601986569463,0.029546362294101864,0.9379476178402036
3672,12672,Medium,Low,0.037738432268459667,0.7499505781158075,0.21231098961573294
29731,38731,Medium,Medium,0.029738594794670576,0.02958476188930327,0.9406766433160261
25659,34659,High,Medium,0.032726154750632154,0.03273240440652709,0.9345414408428407
14149,23149,Medium,Medium,0.029344813497383604,0.03142371531905756,0.9392314711835588
35243,44243,Medium,Medium,0.027087956916284694,0.05901336826070421,0.913898674823011
20926,29926,Medium,Medium,0.031363921429021994,0.028727628685240734,0.9399084498857372
23850,32850,High,High,0.931204820076159,0.029325244057999248,0.039469935865841764
38056,47056,Medium,Medium,0.03579167495960009,0.032080256003523856,0.932128069036876
22969,31969,High,High,0.9359325589655866,0.02644423915811747,0.03762320187629583
28287,37287,Medium,High,0.9387653334963071,0.02378291365169263,0.03745175285200041
33988,42988,Medium,Medium,0.026998990749796375,0.03403835233966455,0.938962656910539
19376,28376,High,High,0.9402174629440906,0.024092772628348025,0.035689764427561534
22263,31263,High,High,0.9368119347961216,0.02466412529184735,0.03852393991203105
27278,36278,Medium,Medium,0.05447858693555069,0.031602527655002884,0.9139188854094464
36310,45310,Medium,Medium,0.03408014485889344,0.034490057735403236,0.9314297974057033
17691,26691,Low,Low,0.039286395045192386,0.9209892372619167,0.039724367692890894
37578,46578,Low,Low,0.026210583955817133,0.9384751343255124,0.03531428171867038
4559,13559,Low,Low,0.04728175380689833,0.8861618962524623,0.06655634994063941
32487,41487,Medium,Medium,0.03533994080182514,0.029667166363131298,0.9349928928350436
20911,29911,Medium,Medium,0.030364032502096794,0.029971822525520688,0.9396641449723825
25478,34478,Medium,Medium,0.04360710195774506,0.04832073746035853,0.9080721605818963
25738,34738,Medium,Medium,0.03448878194280062,0.0332059884263006,0.9323052296308988
39362,48362,Medium,Medium,0.03333314449383774,0.03381395378665401,0.9328529017195083
10307,19307,High,High,0.9370848462847358,0.02591054732302464,0.037004606392239646
35671,44671,Medium,Medium,0.03151767102535297,0.034882765945895504,0.9335995630287516
30672,39672,Medium,Medium,0.028033846110170693,0.027397326849153174,0.9445688270406761
14939,23939,Medium,Medium,0.03371248796796028,0.04106349903324261,0.9252240129987971
4244,13244,Medium,Medium,0.03193682542418059,0.029592269247280426,0.9384709053285389
21272,30272,Medium,Medium,0.031644002635290484,0.027684849351853724,0.9406711480128558
29096,38096,Medium,Medium,0.027271908497323447,0.02772904634772649,0.9449990451549501
1320,10320,Low,Medium,0.030919971801533146,0.17894322367390933,0.7901368045245576
5607,14607,Medium,Medium,0.038006100805523045,0.03827976274342008,0.9237141364510569
13344,22344,High,High,0.9319428780425542,0.029624945001682623,0.03843217695576313
23314,32314,Medium,Medium,0.03285377606875061,0.03220535896025042,0.9349408649709989
22445,31445,Low,Low,0.028269733469201253,0.9336515625465962,0.03807870398420246
24171,33171,Low,Low,0.03407604869187711,0.9238661916741601,0.04205775963396269
16251,25251,High,High,0.9341440980902131,0.02776710377121462,0.03808879813857222
36241,45241,Low,Low,0.03559220470647082,0.8988196946456073,0.06558810064792174
18186,27186,Medium,Medium,0.04640777564237334,0.03895975198169504,0.9146324723759317
5511,14511,Medium,Medium,0.43838918991930614,0.03677774291371161,0.5248330671669823
25187,34187,High,High,0.9376944255724536,0.025479981693000267,0.036825592734546074
20677,29677,Medium,Medium,0.029101852005764792,0.03192564958133354,0.9389724984129018
32616,41616,Medium,Low,0.04147569935398338,0.6051442429957133,0.35338005765030317
25028,34028,Medium,Medium,0.0277907372055332,0.02619439165501505,0.9460148711394517
32948,41948,Medium,High,0.9352981241230459,0.027003783190546013,0.03769809268640805
8863,17863,Medium,Medium,0.04339826828229617,0.03186975692416966,0.9247319747935342
37516,46516,High,High,0.9370653045905867,0.025725720853140673,0.037208974556272624
28643,37643,Low,Medium,0.031399205241277206,0.02722762576851069,0.9413731689902121
18837,27837,Medium,Medium,0.03574425140071082,0.03040762468732483,0.9338481239119645
17490,26490,High,High,0.9375893565463448,0.025006992735398442,0.0374036507182567
5757,14757,Medium,High,0.937087946706937,0.025967574841083182,0.036944478451979776
19063,28063,Low,Low,0.025269528825692278,0.9383236149457129,0.03640685622859471
13128,22128,Medium,Medium,0.03702666787169837,0.037898066990239586,0.9250752651380622
30932,39932,Medium,High,0.9378803347296443,0.02541548648704269,0.036704178783313
31547,40547,High,High,0.9382093651459366,0.025550221591613676,0.03624041326244981
29230,38230,Medium,Medium,0.03116576141473652,0.056708032781699676,0.9121262058035638
9592,18592,High,High,0.9315453668987418,0.03130404348529379,0.03715058961596457
36010,45010,Medium,Medium,0.28137842993976286,0.029268683024731495,0.6893528870355056
25981,34981,Low,Low,0.06915597523612095,0.8067514174118185,0.12409260735206044
37642,46642,High,High,0.9319221994030468,0.027582684807685647,0.04049511578926756
33359,42359,Low,Low,0.0331862657463488,0.9297129738914025,0.0371007603622488
32217,41217,Low,Low,0.04573466225241421,0.9010681749652161,0.05319716278236966
23801,32801,High,Medium,0.029930685117943362,0.07408488218715474,0.8959844326949019
14967,23967,Medium,Medium,0.029060908559508037,0.028060322498198984,0.9428787689422929
20291,29291,High,High,0.9320942512189161,0.0293140256643441,0.03859172311673981
38443,47443,High,High,0.932908011708503,0.029956549891729883,0.03713543839976702
33980,42980,Medium,Medium,0.03153173575522012,0.02802196770832147,0.9404462965364583
36419,45419,Medium,Medium,0.10411036828418989,0.14988585686559408,0.746003774850216
19572,28572,Medium,Medium,0.04578175205438597,0.03626073744431077,0.9179575105013034
34021,43021,Medium,Medium,0.03512805385746611,0.032232190242651185,0.9326397558998827
16226,25226,Medium,Medium,0.03582486898828154,0.03591778366700826,0.9282573473447102
11117,20117,Medium,Medium,0.03506278434695093,0.03723441145946748,0.9277028041935816
18381,27381,Low,Low,0.03297666063676622,0.9242587270158671,0.042764612347366726
31581,40581,High,High,0.924297877044399,0.03205981751377222,0.04364230544182879
36714,45714,Low,Low,0.027961008721223535,0.8095267559695204,0.1625122353092561
36945,45945,Low,Low,0.059395147444153085,0.8977010395742068,0.04290381298164008
25860,34860,Low,Low,0.032129132045984866,0.929726145981507,0.03814472197250802
12048,21048,Medium,Medium,0.030597082654758596,0.03199074833638965,0.9374121690088518
19458,28458,Low,Low,0.028127226304186407,0.8927132001705299,0.07915957352528365
27627,36627,High,High,0.9353937926470817,0.026924857285183595,0.03768135006773481
35882,44882,Medium,Medium,0.029568441561808507,0.028157443903975204,0.9422741145342163
18268,27268,Medium,Medium,0.042477654443430546,0.03104663052254834,0.9264757150340212
31014,40014,Low,Low,0.026260835329418877,0.9342393118694173,0.03949985280116373
38643,47643,Medium,Medium,0.03654154198118917,0.030137476241762707,0.9333209817770483
9449,18449,Medium,Medium,0.03144692083315719,0.02966959976658605,0.938883479400257
6310,15310,Low,Low,0.026746894168420465,0.93304787420937,0.0402052316222096
25554,34554,Medium,Medium,0.036386071341112186,0.027763592637845735,0.9358503360210421
23306,32306,High,High,0.9226962844989215,0.029993723104518782,0.04730999239655976
7717,16717,High,High,0.9354429849612855,0.027272747485846943,0.03728426755286746
8775,17775,Medium,Medium,0.039291681018322276,0.09034674800340009,0.8703615709782776
15662,24662,Low,Low,0.02890872533502316,0.9321247551143848,0.03896651955059207
6705,15705,High,Low,0.031203812148758836,0.931474869957265,0.03732131789397618
35608,44608,Medium,Medium,0.035246319748168026,0.05246107830668922,0.9122926019451428
24175,33175,Medium,Medium,0.035115106116285315,0.042074025923661905,0.9228108679600528
16355,25355,Low,Low,0.024895330910164135,0.9370934690756908,0.038011200014144896
6407,15407,Medium,Medium,0.033571505617830566,0.04780799575507044,0.918620498627099
2051,11051,Medium,Medium,0.028223129541704566,0.028439795976868257,0.9433370744814272
36237,45237,High,Medium,0.03684735990558358,0.04036832080526976,0.9227843192891467
9966,18966,High,High,0.8463939105514112,0.02544916567812845,0.1281569237704602
24449,33449,Medium,Medium,0.03150522778978226,0.028540488310858637,0.9399542838993592
30474,39474,Low,Low,0.02641169227806015,0.9281904307085211,0.04539787701341876
4402,13402,Low,Low,0.03015729048340839,0.9295537497570151,0.04028895975957644
24793,33793,Medium,Medium,0.04312068164505809,0.041032936285530903,0.9158463820694109
37125,46125,Medium,Medium,0.09350495342771285,0.03954391713097614,0.8669511294413109
81,9081,Medium,Medium,0.030239912765700202,0.03031391131075593,0.939446175923544
7118,16118,Medium,Medium,0.028678143796242686,0.04344351611366615,0.9278783400900911
23615,32615,Medium,Medium,0.029418840373649318,0.030722274605206257,0.9398588850211445
19963,28963,Low,Low,0.0290309624878566,0.9275046877903067,0.04346434972183679
23573,32573,Medium,Medium,0.029479650126835653,0.030386211378905664,0.9401341384942588
15337,24337,Medium,Medium,0.031756704678514845,0.031206086984601162,0.9370372083368839
15388,24388,Medium,Medium,0.02977383426509639,0.027989800544511865,0.9422363651903917
33745,42745,Medium,Medium,0.03182203904645207,0.027289578777637227,0.9408883821759106
20308,29308,Medium,High,0.89977698394876,0.04955014756907488,0.050672868482165116
27056,36056,Medium,Medium,0.03416003665374183,0.02912666390279243,0.9367132994434657
2668,11668,Low,Low,0.02538787193824471,0.9249788911354807,0.04963323692627459
19520,28520,High,High,0.9289043970649763,0.02752950753646066,0.0435660953985631
32031,41031,Medium,Medium,0.03249924801722506,0.028354389299804297,0.9391463626829707
25094,34094,Medium,Medium,0.033312087112111546,0.03036246277406061,0.9363254501138277
268,9268,Low,Low,0.0314944568653344,0.9322513576476791,0.03625418548698628
12549,21549,Low,Low,0.02858532563630727,0.8947664234282812,0.07664825093541161
30365,39365,Low,Low,0.032730547991137005,0.8707067123330474,0.09656273967581552
8208,17208,Low,Low,0.02828251174714395,0.7420450929385168,0.22967239531433928
15170,24170,Medium,Medium,0.030441787777978235,0.029171737929480895,0.940386474292541
28962,37962,Low,Low,0.038179934638251666,0.9178145966751053,0.044005468686642936
3209,12209,Low,Low,0.026012832935807726,0.9347910226935001,0.03919614437069219
17091,26091,Medium,Medium,0.04284435966680713,0.04115233642048984,0.916003303912703
17548,26548,Medium,Medium,0.03276685958651702,0.02851190071267685,0.9387212397008061
11150,20150,Medium,Medium,0.03199820125019031,0.027836848983150794,0.9401649497666589
12847,21847,Medium,Medium,0.03259961407105557,0.029060776319927983,0.9383396096090165
9402,18402,Low,Low,0.028137670618782657,0.9313296614544518,0.0405326679267656
11352,20352,Medium,Medium,0.03412640955871702,0.043117972951659894,0.9227556174896231
22918,31918,Low,Medium,0.06071459851321365,0.0635371555427968,0.8757482459439895
17320,26320,Medium,Medium,0.03194878566944532,0.02937329197895086,0.9386779223516039
35160,44160,Medium,Medium,0.034747099778128905,0.033224726396009936,0.9320281738258611
35909,44909,Medium,Medium,0.037654265229815936,0.03144231247468457,0.9309034222954996
21561,30561,Medium,Medium,0.04251701812638179,0.03578155327303472,0.9217014286005835
29673,38673,Low,Low,0.02878174716914622,0.9362364934255346,0.03498175940531916
18554,27554,Medium,Medium,0.032347504512110374,0.46959587557482657,0.498056619913063
38971,47971,Medium,High,0.6911133883719103,0.03828247052000394,0.27060414110808567
24537,33537,Medium,Medium,0.03244259239627616,0.0297370071610942,0.9378204004426297
22669,31669,Medium,Medium,0.033851839590717255,0.02926786326049528,0.9368802971487874
37950,46950,Medium,Medium,0.03431327786604477,0.08230717137790446,0.8833795507560508
29207,38207,Medium,Medium,0.032764949955381706,0.07688230576668738,0.8903527442779309
17936,26936,Medium,Medium,0.02881829755837531,0.02693220157115743,0.9442495008704673
25295,34295,Medium,Medium,0.03371361068190754,0.030249750951526422,0.936036638366566
15500,24500,High,High,0.9334028272782877,0.030177529604552014,0.03641964311716028
33207,42207,Low,Low,0.031098242672250465,0.9276115778089332,0.04129017951881627
8625,17625,High,High,0.9257331656564073,0.034627240452401314,0.039639593891191406
16045,25045,Medium,Medium,0.032450047650479354,0.027024125957220434,0.9405258263923003
36465,45465,Medium,Medium,0.03192611496812848,0.03278530766833396,0.9352885773635374
39920,48920,Medium,Medium,0.04800912279098372,0.03076877115707935,0.9212221060519369
39919,48919,Low,Low,0.026113451980243146,0.9363054040999268,0.037581143919829994
4919,13919,Low,Low,0.02633324200332592,0.9270226314685003,0.046644126528173784
38603,47603,High,High,0.9111942799299544,0.03363626722008554,0.055169452849960034
16671,25671,Low,Low,0.0261128155818256,0.9379898372900715,0.03589734712810294
3535,12535,Medium,Medium,0.040947614667989955,0.033515039744766245,0.9255373455872439
25674,34674,High,High,0.9363917975090441,0.026353549814839977,0.03725465267611611
3779,12779,High,High,0.9264292148314496,0.026132516616634734,0.0474382685519156
38555,47555,Medium,Medium,0.029327900192006397,0.027203782166665563,0.9434683176413281
6388,15388,Medium,Medium,0.03284722448582076,0.027577785232891117,0.9395749902812883
29306,38306,High,High,0.9350724596179716,0.02807515859728681,0.03685238178474157
38856,47856,Medium,Medium,0.032143817428885044,0.030254231379948916,0.9376019511911661
13565,22565,Medium,Medium,0.030758241280026632,0.0312587207830236,0.9379830379369497
32714,41714,High,High,0.9371939091782613,0.026189115591000147,0.03661697523073878
12120,21120,Medium,Medium,0.03385947188279936,0.03452974200096993,0.9316107861162307
3883,12883,Low,Low,0.03041265916942619,0.6524203286333914,0.3171670121971825
6653,15653,High,Low,0.030327675525398168,0.9314220278821385,0.03825029659246317
30169,39169,Medium,Medium,0.02736759076731099,0.026703877313867946,0.9459285319188212
25643,34643,High,High,0.9285730585806163,0.030220678589388247,0.04120626282999542
11930,20930,High,High,0.937546749408707,0.026841704202791878,0.035611546388501135
15663,24663,Low,High,0.5556654217498315,0.05498606422126242,0.38934851402890613
36592,45592,Medium,Medium,0.034264971572585255,0.044865520483486354,0.9208695079439284
22396,31396,Low,Low,0.025197014059310935,0.9389488401461877,0.0358541457945013
2839,11839,High,High,0.7509801734212941,0.03625849369130008,0.2127613328874058
24119,33119,Low,Low,0.029402168704287048,0.9318099288254041,0.03878790247030885
33333,42333,High,High,0.9316373134712989,0.026003560352272064,0.04235912617642895
17607,26607,Medium,Medium,0.03553373742955084,0.04116888370730942,0.9232973788631398
18339,27339,High,High,0.9368994799374564,0.02654007729473168,0.03656044276781184
13757,22757,Medium,Medium,0.03741706941143448,0.030334084385139928,0.9322488462034255
25456,34456,Medium,Medium,0.03039276627501071,0.028992123824460442,0.9406151099005289
19067,28067,Medium,Medium,0.02965971814352031,0.028862269264761122,0.9414780125917185
28796,37796,High,Medium,0.03209926910136452,0.027633660847583036,0.9402670700510524
17379,26379,Low,Medium,0.4770053307922993,0.03718794903834138,0.4858067201693593
7357,16357,High,High,0.9343398148971694,0.028758713629073635,0.036901471473756914
35171,44171,High,High,0.9369997117899446,0.025965113392085626,0.03703517481796979
15492,24492,Medium,Medium,0.035145931091286796,0.0310358050745279,0.9338182638341853
35082,44082,Medium,Medium,0.03225472548073801,0.029089987765216697,0.9386552867540453
34953,43953,Low,Low,0.03566002733434478,0.8654145744796379,0.09892539818601735
20222,29222,Medium,Medium,0.03080906891685148,0.035713825933022046,0.9334771051501264
31700,40700,Medium,Medium,0.03328947538459398,0.02669305304664789,0.940017471568758
3896,12896,High,High,0.9331352744909717,0.028612414296391376,0.03825231121263709
1507,10507,High,Medium,0.033444190212424334,0.028425376575151245,0.9381304332124243
38708,47708,High,High,0.8801170567312848,0.030403000098038934,0.08947994317067627
18632,27632,High,High,0.9039985162216776,0.03694846848869502,0.05905301528962741
29198,38198,Medium,High,0.743496958855523,0.029985487483839845,0.22651755366063708
2997,11997,Medium,Medium,0.03500604072571134,0.029762351456908264,0.9352316078173804
37128,46128,Medium,High,0.9371907623624297,0.025364332208404047,0.03744490542916629
19869,28869,Medium,Medium,0.02936793951635035,0.030443622711332306,0.9401884377723174
33979,42979,Medium,Medium,0.026313760462370984,0.02586738249290571,0.9478188570447234
7183,16183,Low,Low,0.04466555108647019,0.7968830241225561,0.15845142479097382
27654,36654,Medium,Medium,0.028338172381830364,0.029362686033537765,0.9422991415846319
35474,44474,High,High,0.9379064841115131,0.02619769452788572,0.03589582136060125
16088,25088,Medium,Medium,0.030161439608590353,0.026943594105734974,0.9428949662856748
30631,39631,Low,Low,0.0361821943126621,0.9257301500870039,0.03808765560033412
12894,21894,Low,Low,0.03155777415192241,0.9279063138615342,0.04053591198654339
32470,41470,Medium,Medium,0.03143723411392003,0.03315346259834167,0.9354093032877383
2175,11175,Low,Low,0.025669824161380278,0.9112306657345228,0.06309951010409692
6593,15593,Low,Low,0.027172503012279896,0.9354217290165528,0.037405767971167285
3385,12385,Low,Low,0.025089202984065192,0.9323191083884783,0.04259168862745647
26705,35705,Low,Low,0.02652289391229048,0.9360970428413123,0.0373800632463973
23592,32592,High,High,0.6142472985865491,0.029467880264221712,0.3562848211492291
30870,39870,Medium,Medium,0.03342531071182253,0.03466581793358232,0.9319088713545952
36211,45211,Medium,Medium,0.032227529739488135,0.03091594639557178,0.93685652386494
31378,40378,Low,Low,0.02763760862274038,0.9232552992452613,0.04910709213199833
407,9407,Medium,Medium,0.032533292526089976,0.0308511100761347,0.9366155973977754
26906,35906,Medium,Medium,0.034193798700711896,0.03224898469791458,0.9335572166013736
32193,41193,Low,Medium,0.05255430920996004,0.03654610920718618,0.9108995815828539
27774,36774,High,High,0.9291505960603246,0.031160724219915708,0.039688679719759694
36867,45867,Low,Low,0.03297772683759047,0.9153336044681589,0.05168866869425063
39144,48144,Medium,Medium,0.03332818626063693,0.02913671222997601,0.9375351015093871
994,9994,High,High,0.9355680662160092,0.02799828071603284,0.03643365306795774
7305,16305,High,High,0.9316320850284185,0.030124817123155973,0.03824309784842545
17004,26004,Low,High,0.9230800929914867,0.040421753989761174,0.03649815301875218
24404,33404,High,High,0.9388422334138342,0.025122556607040075,0.03603520997912568
39213,48213,Medium,Medium,0.02934950004335876,0.028762278661944432,0.9418882212946968
20146,29146,Medium,Medium,0.02618604567018011,0.03808262303384956,0.9357313312959703
21973,30973,Low,Low,0.03125948270072446,0.9110230633656653,0.05771745393361024
36677,45677,Medium,Medium,0.03507918263947031,0.036435273739066736,0.9284855436214631
24059,33059,High,High,0.9313210679898482,0.028513940618987255,0.04016499139116455
36630,45630,Medium,Medium,0.03104810009357675,0.031204309332655916,0.9377475905737672
37927,46927,Medium,Medium,0.03473937731346987,0.03754751474388556,0.9277131079426445
7151,16151,High,Medium,0.032035267095224286,0.03451158387308259,0.9334531490316932
9798,18798,Low,Low,0.02790899648364585,0.9346427164224979,0.0374482870938563
23761,32761,Medium,Medium,0.037560104087216335,0.3596519016173336,0.60278799429545
36985,45985,Medium,Medium,0.032497173460493065,0.03535749115374703,0.9321453353857598
18241,27241,Medium,Medium,0.04530568056309042,0.03153751117193509,0.9231568082649745
34601,43601,Medium,Medium,0.03012151369412917,0.03323754299900475,0.9366409433068661
31229,40229,Medium,Medium,0.035541446428451515,0.032864772576902714,0.9315937809946458
2191,11191,Medium,Medium,0.030251440958257186,0.030191584157040288,0.9395569748847025
17064,26064,High,High,0.9265233876116027,0.03092626159845401,0.04255035078994334
6308,15308,Low,High,0.9379522240200798,0.02470183346615036,0.03734594251376984
3667,12667,Low,Medium,0.02908515567239071,0.02930822235806926,0.94160662196954
20092,29092,Medium,High,0.9356107843733449,0.02590413958890613,0.03848507603774907
2265,11265,Low,Low,0.03204331675784988,0.8667958128625622,0.10116087037958806
7198,16198,Medium,Medium,0.035639718391510734,0.03063697777182992,0.9337233038366594
35847,44847,Medium,Medium,0.02955810043104863,0.030812665801276607,0.9396292337676747
26703,35703,High,Medium,0.038085446322293916,0.02792401803351933,0.9339905356441868
8366,17366,Medium,Medium,0.045636887388911196,0.05799926100141025,0.8963638516096785
3404,12404,Low,Low,0.03135587718617131,0.7507344404408939,0.21790968237293484
1212,10212,Medium,Medium,0.06503777238780493,0.04414970478936967,0.8908125228228254
18687,27687,Low,Low,0.02711331988326203,0.9297630203277895,0.04312365978894856
15485,24485,Medium,Medium,0.044083909854094966,0.03244666909482283,0.9234694210510822
3473,12473,High,High,0.9388524763615087,0.0243197412960931,0.03682778234239823
21855,30855,Medium,Medium,0.08830577233445835,0.04565738560598601,0.8660368420595557
38621,47621,High,Low,0.03184223429066927,0.9279283095508918,0.0402294561584389
26628,35628,Medium,Medium,0.03045533547423486,0.02972495479553729,0.939819709730228
26040,35040,High,Low,0.026043481566117067,0.9297407316497552,0.04421578678412771
30004,39004,High,High,0.9398788461994759,0.024279936241229417,0.03584121755929461
35355,44355,Low,Low,0.025307791910070158,0.9335989827682768,0.041093225321653125
9825,18825,Low,Low,0.031024761987334133,0.9316703295514023,0.0373049084612636
34172,43172,Medium,Medium,0.031644968986906934,0.030945208464164695,0.9374098225489282
27287,36287,Medium,Medium,0.031799020190990505,0.03325486966694527,0.9349461101420641
33798,42798,Medium,Medium,0.1558185158370513,0.030012340711018198,0.8141691434519305
1793,10793,High,High,0.9365782032854432,0.025824729021018247,0.037597067693538565
4964,13964,Low,Low,0.028194969634550912,0.9330653449182015,0.03873968544724771
27780,36780,Medium,Medium,0.04713562837666563,0.03289881316033882,0.9199655584629957
34568,43568,High,High,0.834819024065612,0.030493578778855373,0.13468739715553257
1067,10067,Low,Low,0.026532969083419105,0.9141666213074213,0.05930040960915953
34737,43737,Medium,Medium,0.029636686348202806,0.027537962410762645,0.9428253512410345
1872,10872,Medium,Medium,0.03083535012620357,0.028570908696883713,0.9405937411769126
17195,26195,Low,Low,0.02817417573760327,0.9281833263355305,0.04364249792686622
16874,25874,Medium,Medium,0.03201313357227715,0.178617025307406,0.7893698411203168
9872,18872,Medium,Medium,0.031860525884583,0.0363970361729669,0.9317424379424502
1040,10040,High,High,0.937738172855752,0.025818910804129475,0.036442916340118564
35537,44537,High,High,0.9271041951018478,0.027700896321461676,0.04519490857669053
5052,14052,High,High,0.9372536403184122,0.025725873312479188,0.03702048636910859
29167,38167,Medium,Medium,0.033122152688735855,0.03589228807511953,0.9309855592361446
10656,19656,Medium,Medium,0.030887660839394804,0.02728297729507484,0.9418293618655303
34752,43752,High,High,0.922979462649911,0.03530002201177598,0.04172051533831298
3208,12208,Low,Low,0.02866399840594039,0.9176096679007388,0.05372633369332072
19490,28490,High,High,0.9355613867593591,0.027058265795350752,0.03738034744529017
37441,46441,High,Medium,0.030937099598481742,0.041463694387618405,0.9275992060138999
25268,34268,Low,Low,0.028407403154352157,0.9330169304299257,0.038575666415722076
15742,24742,Medium,Medium,0.03100429079355031,0.03348938629279919,0.9355063229136505
14295,23295,Medium,Medium,0.032821015158897515,0.02789959223964483,0.9392793926014575
22493,31493,Low,Low,0.025309893486662016,0.9357485710407892,0.038941535472548666
1598,10598,Low,Low,0.0252174339670615,0.9257362780710204,0.049046287961918095
15293,24293,Medium,High,0.5004469179795711,0.034480162263304366,0.46507291975712467
5780,14780,Medium,Medium,0.028951836519429636,0.027332134631190344,0.94371602884938
1722,10722,Medium,Medium,0.03712115431055496,0.03864476346039763,0.9242340822290475
14651,23651,Low,Low,0.030690965433881136,0.9310120479674827,0.03829698659863621
11855,20855,Medium,Medium,0.07831359192153269,0.03511514064424049,0.8865712674342268
420,9420,High,High,0.9292305533864716,0.027924563048635342,0.04284488356489313
33079,42079,Low,Low,0.03185334492948069,0.9288694092452331,0.03927724582528621
2132,11132,Medium,Medium,0.02832638711820873,0.028808474544868373,0.942865138336923
22387,31387,Medium,Medium,0.04132356910329501,0.028703830296018557,0.9299726006006864
36883,45883,Medium,Medium,0.04674306638341175,0.03568214790319105,0.9175747857133972
6860,15860,Low,Low,0.029100352171012072,0.9294794842932014,0.041420163535786515
10057,19057,Medium,Medium,0.03125665105794605,0.051652455903053916,0.917090893039
17707,26707,Low,Low,0.028971698179895148,0.9178625751694449,0.05316572665065988
15010,24010,Medium,High,0.9353490508414558,0.027499755913702545,0.037151193244841695
14636,23636,Medium,Medium,0.03879346716450454,0.03272213841787911,0.9284843944176163
14279,23279,Medium,Medium,0.033178007177248274,0.031310458145841505,0.9355115346769102
24438,33438,Medium,Medium,0.028697024007990544,0.030099993505671534,0.9412029824863378
23247,32247,High,High,0.9363202211883945,0.025029117151446914,0.03865066166015863
8351,17351,High,High,0.9391304321118348,0.023745176932980335,0.03712439095518492
18288,27288,Low,Medium,0.03335591346547556,0.02908053188560075,0.9375635546489237
4378,13378,Medium,Medium,0.03606036283267013,0.030341698963527498,0.9335979382038024
25336,34336,Medium,Medium,0.02926712587194302,0.028075978598936503,0.9426568955291205
10177,19177,Medium,Medium,0.058091651678983246,0.04733598918137766,0.8945723591396391
37893,46893,Medium,Medium,0.03201088099974565,0.034260252287600844,0.9337288667126534
14877,23877,Medium,Low,0.046234991603250376,0.913874344607711,0.03989066378903871
1307,10307,High,High,0.9248570765805004,0.029086423030812204,0.04605650038868745
31628,40628,Medium,Medium,0.03058589560968772,0.028908095137833833,0.9405060092524785
18942,27942,Low,High,0.9375865880413462,0.025820416478494965,0.03659299548015882
3629,12629,Medium,Medium,0.029067220894816004,0.0288856513519547,0.9420471277532293
19962,28962,High,High,0.9336701233463841,0.028563655494767092,0.037766221158848666
27027,36027,Medium,Medium,0.0310885835431319,0.028454578813190568,0.9404568376436774
31684,40684,High,High,0.9292093848333872,0.03273244506088103,0.038058170105731697
33244,42244,Low,Low,0.031862799424304054,0.9292203260460665,0.03891687452962947
38174,47174,High,High,0.9367738358955608,0.02706725202455504,0.03615891207988415
19576,28576,Medium,Medium,0.03560707478405382,0.029295914644762316,0.9350970105711838
24976,33976,High,Low,0.0383284178220025,0.5790939140442205,0.38257766813377697
17992,26992,Medium,Medium,0.06311500233911783,0.0305630084355865,0.9063219892252957
28757,37757,High,High,0.9312431166126265,0.027470641671801257,0.04128624171557226
33601,42601,Medium,Medium,0.03032938561182358,0.03231249113239777,0.9373581232557786
29781,38781,High,High,0.9363435721462983,0.02743997859375555,0.03621644925994617
35600,44600,Medium,Medium,0.031188812309040675,0.029310043627211024,0.9395011440637483
5224,14224,High,High,0.9331900529849421,0.027987420696749244,0.038822526318308605
1107,10107,Medium,Medium,0.03665658273076426,0.03553891429815179,0.927804502971084
1478,10478,Low,Low,0.041157859031964186,0.9158466679082772,0.04299547305975868
21062,30062,Low,Low,0.027383814949476355,0.9339884646033925,0.03862772044713121
2638,11638,Low,Low,0.03467736581445636,0.9231714414299512,0.042151192755592405
31049,40049,Medium,Medium,0.03753666757629517,0.03121624531219962,0.9312470871115052
39063,48063,High,High,0.9272796243163018,0.03511577698703035,0.037604598696667685
8018,17018,High,High,0.9311869250420998,0.030352188152334796,0.038460886805565433
35230,44230,Medium,Medium,0.03526134950418928,0.03816789631454729,0.9265707541812634
33905,42905,Medium,Medium,0.0326437843564158,0.028734007351645132,0.9386222082919392
23515,32515,Medium,Medium,0.03220365263625307,0.03214644746433851,0.9356498998994084
27132,36132,Low,Medium,0.02902803765383605,0.02971263084255131,0.9412593315036126
33248,42248,High,High,0.9310464733779362,0.02889008011536176,0.0400634465067019
26253,35253,High,High,0.9333358570413273,0.028835530817582777,0.03782861214108995
35525,44525,Medium,Medium,0.03280270707464486,0.03418001284236095,0.9330172800829942
28306,37306,High,High,0.9335697067774861,0.02768904334816388,0.03874124987434998
8645,17645,Medium,Medium,0.031112754477560806,0.030799574345715137,0.938087671176724
6914,15914,Medium,Medium,0.030119315215890268,0.02827504204597961,0.9416056427381302
6826,15826,Medium,Medium,0.027987973172664576,0.025903416776743692,0.9461086100505917
39935,48935,Medium,Medium,0.03577825266393567,0.03289228275841696,0.9313294645776474
8570,17570,Low,Low,0.02947127919804503,0.8645274087694362,0.10600131203251867
11248,20248,High,High,0.9314469893786909,0.02924719294495472,0.039305817676354264
17860,26860,Medium,Medium,0.031097889386160083,0.03696474620490024,0.9319373644089396
38697,47697,Low,Low,0.03401531855676098,0.8836645696065318,0.08232011183670705
36713,45713,Low,Low,0.031976833211060825,0.9278200500938932,0.04020311669504587
18699,27699,High,Low,0.025513145420548958,0.9385120654603947,0.03597478911905639
30343,39343,High,High,0.9338228768128071,0.027100562725013034,0.03907656046217976
5617,14617,Low,Low,0.02873889298490982,0.916653710334505,0.05460739668058512
13884,22884,High,High,0.9354907650808258,0.024993054796480035,0.03951618012269422
14267,23267,High,High,0.9389244045119701,0.0241317378671686,0.036943857620861394
36754,45754,High,High,0.9368005413641537,0.024803196253404197,0.038396262382442
448,9448,Medium,Medium,0.03611257189507031,0.03381024885594988,0.9300771792489798
13114,22114,Low,Low,0.027959355901547567,0.9341467077351804,0.03789393636327204
29065,38065,High,High,0.9246476897811992,0.03183738516978227,0.04351492504901846
18080,27080,Medium,Medium,0.23870105820148127,0.03410780150260959,0.727191140295909
35924,44924,Low,Medium,0.042005508623081576,0.086814568777159,0.8711799225997594
5339,14339,Medium,Medium,0.031160205629822885,0.02942634404798211,0.939413450322195
13936,22936,Medium,Medium,0.036987828949466235,0.03429739310008898,0.9287147779504448
7942,16942,Low,Low,0.026447330209163036,0.934109019735005,0.039443650055832
5886,14886,Medium,Medium,0.033500913584511884,0.02993152045329822,0.9365675659621898
12094,21094,Medium,Medium,0.03681253302719733,0.030780116536649794,0.9324073504361529
25235,34235,Low,Low,0.0293580122986912,0.7760327823140654,0.1946092053872435
9203,18203,Low,Low,0.02705731433560612,0.9377047732667013,0.035237912397692535
7674,16674,Medium,Medium,0.028292552327633978,0.040512825783642376,0.9311946218887237
21231,30231,Low,Low,0.029176705049393226,0.9316590406386042,0.039164254312002635
26195,35195,Medium,Medium,0.03449848307874545,0.031013108706201758,0.9344884082150529
39115,48115,Medium,Medium,0.04088367198381777,0.030756227926026395,0.9283601000901559
33123,42123,High,High,0.9385007641768849,0.025383093495858332,0.03611614232725669
1175,10175,Medium,Medium,0.030270752812516816,0.03201534266421139,0.9377139045232719
39909,48909,Medium,Medium,0.0485551512667825,0.04532579698498566,0.9061190517482318
4721,13721,Medium,Medium,0.03180425102107023,0.028572745409923984,0.9396230035690057
4340,13340,Medium,Medium,0.030190472266050438,0.03400564892875177,0.9358038788051978
24667,33667,Medium,Medium,0.03281949937044115,0.032548844069070444,0.9346316565604885
16533,25533,Medium,Medium,0.0362802161386363,0.033636156670166624,0.930083627191197
5691,14691,Low,Low,0.02948621007240465,0.9297477363919479,0.04076605353564739
9057,18057,Medium,Medium,0.053202370061205075,0.03223243867324249,0.9145651912655524
27788,36788,Medium,Medium,0.03257008792889014,0.03124565661720531,0.9361842554539045
18792,27792,High,High,0.9392331627118548,0.024239990460220254,0.03652684682792493
28028,37028,Medium,Medium,0.03940561179593118,0.03544965898012634,0.9251447292239424
37770,46770,Medium,Medium,0.03454553285545899,0.027850718839486862,0.9376037483050541
30464,39464,Medium,Medium,0.03604851773779388,0.04361555829381699,0.9203359239683891
35005,44005,Medium,Medium,0.029920547917611246,0.027828378948244675,0.9422510731341441
35228,44228,High,High,0.9341362514037223,0.026700644274138152,0.03916310432213962
15807,24807,Medium,Medium,0.0619020823439238,0.15263149444370824,0.7854664232123679
27597,36597,High,High,0.9318301951610741,0.02897567347144492,0.039194131367481067
10552,19552,Low,Low,0.030948583475903166,0.9237944307540352,0.045256985770061625
33586,42586,Medium,Medium,0.03236525508022142,0.03125924092775099,0.9363755039920275
14586,23586,Medium,Medium,0.03746688993180161,0.03771595860030245,0.924817151467896
25120,34120,Medium,Medium,0.031490314150579395,0.09959875005092629,0.8689109357984943
2319,11319,Low,Low,0.03336888912409271,0.9306605517039351,0.03597055917197219
1546,10546,Low,Medium,0.03437209323582968,0.36663375154138933,0.5989941552227811
30784,39784,Medium,Medium,0.032592346737076845,0.049832297677148384,0.9175753555857747
7851,16851,High,High,0.9187770871151487,0.037121511376355686,0.044101401508495564
12888,21888,Medium,Medium,0.031428415994435875,0.028088043481677122,0.9404835405238869
15968,24968,High,High,0.9362986967385432,0.026680123324281557,0.03702117993717529
28779,37779,Low,Low,0.030244691708405647,0.5836169987251735,0.3861383095664208
24025,33025,Medium,Medium,0.04125929009269238,0.03963186218100304,0.9191088477263046
5591,14591,High,High,0.9357755228780965,0.02583047092091502,0.03839400620098845
34179,43179,High,High,0.936864031100434,0.025856612093099484,0.03727935680646656
8088,17088,High,High,0.927888330699965,0.030435010244594097,0.041676659055440914
6778,15778,Medium,Medium,0.03690516090772065,0.055166914727771334,0.907927924364508
10300,19300,Medium,Medium,0.036400716054270026,0.044144765131342086,0.9194545188143879
38773,47773,High,High,0.9340000396012318,0.024661091821124286,0.04133886857764399
399,9399,Medium,Medium,0.030397790750956843,0.24834832831576817,0.721253880933275
3788,12788,Medium,Medium,0.03115710950175632,0.061291380121586796,0.9075515103766568
33635,42635,Medium,Medium,0.030440887778285703,0.034219264281630225,0.935339847940084
23494,32494,Medium,Medium,0.03891704927761049,0.03226816419046965,0.9288147865319197
35971,44971,Low,Low,0.028215205833403884,0.9350207310039217,0.03676406316267441
31477,40477,High,High,0.9253000013019824,0.030459730302387078,0.044240268395630535
27736,36736,Medium,Medium,0.04200554284590128,0.026923896925296256,0.9310705602288024
7455,16455,Low,Low,0.036257066600154646,0.9255451604880012,0.0381977729118442
34160,43160,Low,Low,0.02693739286313934,0.9315403867347462,0.0415222204021144
36382,45382,Medium,Medium,0.04845826097242564,0.04603158875491232,0.9055101502726622
6759,15759,Low,Low,0.033712146686593385,0.9215243214927327,0.04476353182067396
23150,32150,Medium,Medium,0.030489155750785205,0.029686608567058514,0.9398242356821562
26543,35543,Medium,Medium,0.030252651076675605,0.027969123833961013,0.9417782250893634
37668,46668,Medium,Medium,0.031014961551304204,0.02881688365088128,0.9401681547978145
16760,25760,Low,Low,0.034459560250007425,0.9060599790265002,0.05948046072349258
23729,32729,Medium,Medium,0.1184121227645288,0.034186363200683745,0.8474015140347874
3512,12512,Low,Low,0.028038465480280616,0.9246267345830211,0.04733479993669818
38906,47906,Medium,Medium,0.029732253741179295,0.028255627209867556,0.9420121190489531
25129,34129,Low,Low,0.03052209525136033,0.917945981240342,0.05153192350829768
26803,35803,Low,Low,0.03220132996150631,0.9264375655141525,0.04136110452434108
3753,12753,High,High,0.92646849546039,0.03390367162492257,0.03962783291468742
588,9588,High,High,0.9349489843893952,0.025660309295873134,0.03939070631473166
20150,29150,Medium,Medium,0.02982101181443834,0.02904888047149436,0.9411301077140672
14714,23714,Medium,Medium,0.04084970910400572,0.03560764789606586,0.9235426429999283
273,9273,Low,Low,0.02749284316964359,0.9358789074427426,0.036628249387613755
17359,26359,High,High,0.9328426365274952,0.02803427839897184,0.03912308507353291
1169,10169,High,High,0.9318270320741906,0.02831302831364148,0.03985993961216796
22811,31811,Medium,Medium,0.04489287523865937,0.3192804810881352,0.6358266436732053
30619,39619,High,High,0.9391913519859036,0.02451175406538855,0.03629689394870779
5396,14396,Medium,Medium,0.03189583904191843,0.033712619805883574,0.934391541152198
24786,33786,Low,Low,0.02940047166046521,0.9217837063014255,0.04881582203810927
1964,10964,Medium,Medium,0.041006755882739054,0.02973433996069443,0.9292589041565665
34203,43203,Medium,Medium,0.03443193087534157,0.030040594549450694,0.9355274745752077
8608,17608,Low,Low,0.02686451023306387,0.8944328787383622,0.07870261102857389
22489,31489,Medium,Low,0.02887191415305972,0.9300976220513771,0.04103046379556312
21660,30660,Medium,Medium,0.03894869898210169,0.03449171778391982,0.9265595832339785
21447,30447,Medium,Medium,0.055932340989848374,0.0386810272149325,0.9053866317952192
36414,45414,Low,Low,0.027537557174161124,0.9346491475951771,0.03781329523066184
29624,38624,Medium,Medium,0.03033771984795358,0.029466284843225582,0.9401959953088209
5501,14501,Low,Low,0.03248382597170133,0.9290020894046608,0.03851408462363787
24067,33067,High,High,0.9354443500960858,0.02647103174926384,0.038084618154650335
9838,18838,High,High,0.8815667266463697,0.04865774456323959,0.06977552879039077
14878,23878,Medium,Medium,0.04618684667348034,0.1277618231194725,0.8260513302070471
22237,31237,Medium,Medium,0.041787059499864436,0.03623898122842614,0.9219739592717096
19706,28706,Low,Low,0.029498189145433524,0.9341758374744321,0.036325973380134324
35779,44779,Medium,Medium,0.04058431947887386,0.03105012748920301,0.9283655530319231
19200,28200,Low,Low,0.02462814263563343,0.9409825295399433,0.03438932782442331
28769,37769,Low,Low,0.03355071204307272,0.9269101771713628,0.039539110785564525
19160,28160,High,Medium,0.032160851687807725,0.03219914096070534,0.9356400073514869
34070,43070,High,High,0.9381309400563352,0.02569438094323853,0.03617467900042618
3954,12954,Low,Low,0.03013484786138503,0.92093308168805,0.048932070450564864
31136,40136,Medium,Medium,0.03083247567446652,0.02943535099662969,0.9397321733289038
39058,48058,Medium,Medium,0.0339638906643877,0.040917567992083,0.9251185413435293
11011,20011,Medium,Medium,0.05378062529306012,0.05618972613183274,0.8900296485751072
6092,15092,Medium,Medium,0.030919284324122668,0.03265323621531447,0.9364274794605628
3515,12515,Medium,Medium,0.033213194800847,0.03607174928518937,0.9307150559139635
22290,31290,High,High,0.9379886336114763,0.02529091834009151,0.03672044804843224
37760,46760,Medium,Medium,0.02896597918100775,0.030655793822899985,0.9403782269960922
31434,40434,Low,Low,0.033056694829114386,0.6641549805620298,0.3027883246088557
26729,35729,Medium,Medium,0.037679344086938404,0.3565078612466241,0.6058127946664374
7294,16294,Medium,Medium,0.039389509814528344,0.038720766705880406,0.9218897234795914
34081,43081,Medium,Medium,0.030693525271760502,0.031050170087150424,0.9382563046410889
28520,37520,High,High,0.9375535108884692,0.025428794521329453,0.037017694590201454
12746,21746,Medium,Medium,0.0356022202155361,0.029401247561503002,0.9349965322229609
35561,44561,Medium,Medium,0.0342873868483135,0.034044899282895696,0.9316677138687908
1877,10877,High,High,0.9369300542011155,0.0256980202598073,0.03737192553907723
6599,15599,Medium,Medium,0.033425113915553355,0.1601602015880297,0.806414684496417
36498,45498,High,Medium,0.15381215868329443,0.03996690396419569,0.8062209373525099
17087,26087,Medium,Medium,0.1397125079534237,0.04141335192185187,0.8188741401247244
21572,30572,High,High,0.9268271938970328,0.030951563609127847,0.04222124249383946
25272,34272,Low,Low,0.028647251756194314,0.9348321421929455,0.0365206060508602
18018,27018,Low,Low,0.0300611207649856,0.9237780452601664,0.046160833974847916
25859,34859,Low,Low,0.026023428168571238,0.9364259210804534,0.0375506507509755
21551,30551,High,High,0.9148821037248632,0.0374326173728686,0.047685278902268285
29146,38146,Medium,Medium,0.036849311762690164,0.034322240390743615,0.9288284478465663
1134,10134,Medium,Medium,0.04142531246201731,0.035578732585808175,0.9229959549521745
21830,30830,High,High,0.9291873805965826,0.033146032904210115,0.03766658649920726
30361,39361,Low,Low,0.032726120172367985,0.9112116265276088,0.05606225330002316
7264,16264,Low,Low,0.02642152661447318,0.9382427814738709,0.03533569191165591
15897,24897,Low,Low,0.03185185684149146,0.912531981357068,0.055616161801440606
30229,39229,Low,Low,0.04020019878971226,0.9182496139622726,0.04155018724801523
28913,37913,Medium,Medium,0.05234625434340854,0.04181177404476055,0.905841971611831
33976,42976,Medium,Medium,0.03125108225135471,0.027035992163095945,0.9417129255855494
7120,16120,Medium,Medium,0.03169531716381591,0.03372091493757214,0.9345837678986119
28737,37737,Medium,Medium,0.029584462527224076,0.030071911176005536,0.9403436262967704
28646,37646,Medium,Medium,0.03059643020079282,0.03034027020338755,0.9390632995958197
16579,25579,High,High,0.9336997508144639,0.02487313512153545,0.0414271140640006
8772,17772,Low,Low,0.02849716366412294,0.8009071907757686,0.1705956455601085
13021,22021,Low,Low,0.027208344426282647,0.8979863881719429,0.07480526740177457
18497,27497,Low,Low,0.03295187710342829,0.911674451159109,0.0553736717374628
21419,30419,Medium,Low,0.036347704905352766,0.9159541055021062,0.047698189592541095
27905,36905,Low,Low,0.026955249302022588,0.9368232213208988,0.03622152937707859
10787,19787,Medium,Medium,0.031025334088596812,0.032089649560867184,0.9368850163505359
15762,24762,Medium,Medium,0.03680587098723099,0.03225534578200921,0.9309387832307597
33646,42646,Medium,Medium,0.03015177816310723,0.028275482830133727,0.9415727390067591
20829,29829,Medium,Medium,0.032233426425569985,0.02974119941414781,0.9380253741602821
12150,21150,High,High,0.9193160023550373,0.039763774698369704,0.04092022294659308
12705,21705,High,High,0.9389160291525549,0.025354545847535395,0.035729424999909755
38605,47605,Medium,Medium,0.0290363494709594,0.030200207539261826,0.9407634429897788
39563,48563,High,High,0.9372771182819886,0.025852930410272135,0.0368699513077393
14407,23407,Low,Low,0.03602892069515002,0.9237560674706855,0.040215011834164545
30734,39734,Low,Low,0.03284300394356334,0.5190534150136316,0.44810358104280507
24275,33275,High,High,0.9374368645304291,0.025547525120684412,0.03701561034888652
23858,32858,Low,Low,0.03151812155328114,0.9290493208907628,0.039432557555956066
37001,46001,Medium,Medium,0.03482894977167817,0.02967060633901965,0.9355004438893021
4885,13885,Medium,Medium,0.03332817982426855,0.030305743217446248,0.9363660769582852
11757,20757,Medium,Medium,0.030702890733063187,0.031138997488086836,0.9381581117788499
20866,29866,Medium,Medium,0.034881318904730674,0.029464392049821625,0.9356542890454477
13745,22745,Low,Low,0.029041834781173493,0.9343554493782333,0.036602715840593235
18257,27257,High,High,0.7855477906576883,0.03804529457100365,0.17640691477130802
37148,46148,Low,Low,0.027967920391996443,0.9361500592901054,0.03588202031789809
27216,36216,High,High,0.93371961044716,0.027524592815573044,0.03875579673726689
16363,25363,Low,Low,0.027070877660828233,0.924158349233079,0.04877077310609266
28733,37733,Medium,Medium,0.035016683327710685,0.033618885081552065,0.9313644315907372
16399,25399,High,High,0.9076901141525108,0.03567069787390513,0.056639187973584075
6987,15987,High,High,0.9349106536131391,0.028714198657991935,0.03637514772886893
33584,42584,Medium,Medium,0.030113179424593,0.02693929673240139,0.9429475238430056
30260,39260,High,Low,0.02968710643080749,0.9330904770585763,0.03722241651061623
17162,26162,Medium,Medium,0.02735640532344798,0.03804656509434247,0.9345970295822096
17120,26120,Low,High,0.9341894554625095,0.029531088248187967,0.03627945628930248
14022,23022,Medium,Medium,0.0491076144056243,0.0329750013512537,0.9179173842431219
9417,18417,Low,Low,0.030497081049850522,0.932992425098328,0.036510493851821535
6116,15116,Medium,Medium,0.058825639793346596,0.05575917331148115,0.8854151868951723
28116,37116,Low,Low,0.0306264014821758,0.9242475086931038,0.04512608982472046
21504,30504,Low,Low,0.03537239746540163,0.8894732439959953,0.07515435853860308
13828,22828,Low,Low,0.02689588220312415,0.9292535448941187,0.04385057290275716
19061,28061,Medium,Medium,0.03895288322861501,0.03172886131880466,0.9293182554525803
5582,14582,Low,Low,0.030455644463444027,0.9288248448334064,0.04071951070314964
36844,45844,Medium,Medium,0.03377346269500954,0.029198728109762425,0.9370278091952279
25430,34430,Medium,Medium,0.08183119766459335,0.04017322816177533,0.8779955741736313
29757,38757,High,High,0.9367042171979235,0.02636028946375941,0.03693549333831692
21367,30367,Low,Low,0.027933323385085185,0.9326624308683519,0.0394042457465629
33741,42741,Medium,Medium,0.0335867700412656,0.032300933388007096,0.9341122965707274
38566,47566,Low,Medium,0.0333404017273854,0.029028782944364732,0.9376308153282498
31978,40978,Medium,Medium,0.02999697026347482,0.47446341293244193,0.49553961680408315
23956,32956,Low,Low,0.025069984338666983,0.9405006234404064,0.034429392220926724
10796,19796,Medium,Medium,0.06668579412918269,0.14910796135496404,0.7842062445158532
31716,40716,Low,Low,0.025054773004841952,0.9359224071572253,0.03902281983793288
19778,28778,Medium,Medium,0.03601780835562277,0.028850580481548233,0.935131611162829
16152,25152,Medium,Medium,0.03168059342622133,0.03196047403494159,0.9363589325388371
6083,15083,High,High,0.936106355915198,0.025930160116790498,0.03796348396801149
37466,46466,Medium,Medium,0.03267493699057409,0.03035620288904028,0.9369688601203855
21475,30475,Medium,High,0.9323881981207635,0.02545605374140891,0.042155748137827596
37923,46923,Low,Low,0.03301621680574209,0.9246485137112971,0.04233526948296087
35328,44328,High,High,0.9148210400161751,0.03918694665611273,0.04599201332771221
4821,13821,Low,Low,0.04099736332403792,0.9222184578403972,0.0367841788355646
2568,11568,Low,Low,0.0279037399519718,0.9311446204220847,0.04095163962594345
22008,31008,Medium,High,0.9382574150773957,0.025119937197339588,0.03662264772526472
27885,36885,Medium,Medium,0.029225440370724404,0.17753870351338932,0.7932358561158862
28371,37371,Medium,Medium,0.02948839932575374,0.027207261958411454,0.9433043387158347
3145,12145,Medium,Medium,0.043267444188242445,0.037002310255078136,0.9197302455566794
9178,18178,Medium,Medium,0.07407388580012213,0.03447381962739072,0.8914522945724871
39787,48787,Medium,Medium,0.0329307317398635,0.031094479990896418,0.9359747882692403
13693,22693,Medium,Medium,0.047407873479192675,0.0322976287440817,0.9202944977767257
17524,26524,High,High,0.9357733651304727,0.02663456569545804,0.037592069174069195
33526,42526,Low,Low,0.024817167387980163,0.9360539627567581,0.03912886985526179
30284,39284,Low,Low,0.02904717316286082,0.9316126747304034,0.039340152106735866
38777,47777,Low,Low,0.025198915803109942,0.9241610070163638,0.05064007718052616
13816,22816,Medium,Low,0.048038312792280165,0.759366265812448,0.19259542139527172
40016,49016,Medium,Medium,0.03612351583012311,0.03686852886407908,0.9270079553057978
38292,47292,High,Low,0.027890484034323704,0.928338441613144,0.04377107435253209
3247,12247,Low,Low,0.027370972004926164,0.9363100072115244,0.03631902078354945
28832,37832,High,High,0.9363035148213411,0.02643722469532797,0.0372592604833309
13575,22575,Low,Low,0.03193603230663911,0.9313258709244444,0.036738096768916394
28805,37805,Medium,Medium,0.05212434453822092,0.03405183496157805,0.913823820500201
12538,21538,Low,Low,0.03777225937759362,0.9254823137789606,0.03674542684344583
27825,36825,Medium,Medium,0.04902859896657188,0.032291007048879466,0.9186803939845486
2344,11344,High,High,0.9281514504146711,0.030216760639230834,0.04163178894609807
37015,46015,Low,Low,0.03552991493393082,0.925833692253839,0.038636392812230164
15895,24895,Medium,Medium,0.035601408770375535,0.1446076258297021,0.8197909653999225
9892,18892,Low,High,0.9358610155961492,0.02723123715610731,0.03690774724774351
33673,42673,Low,Low,0.025930336647642414,0.9373142246533915,0.03675543869896621
5679,14679,Low,Low,0.026057025156559065,0.937890064030506,0.03605291081293501
2438,11438,High,High,0.9097401476415802,0.032922215020919035,0.057337637337500726
4950,13950,Medium,Medium,0.03207598998707971,0.1267031961675837,0.8412208138453366
27330,36330,Medium,Medium,0.03181085395345911,0.030624536775737853,0.9375646092708031
4873,13873,Medium,Medium,0.03523216299230607,0.029039781446473022,0.935728055561221
13099,22099,High,High,0.9378072648084984,0.02522188190686694,0.03697085328463468
23930,32930,Low,Low,0.029768329691351292,0.9233507532497756,0.04688091705887312
2584,11584,High,High,0.9308257840728645,0.02920378010250009,0.039970435824635366
3240,12240,High,High,0.9370306209798912,0.02557542560556268,0.037393953414546086
31296,40296,Medium,Medium,0.0384644780173617,0.029115272380219326,0.9324202496024191
16289,25289,High,High,0.9377581397948321,0.025762147927728036,0.03647971227743994
6696,15696,Medium,Medium,0.030816440977742526,0.0355119632431056,0.9336715957791517
3277,12277,Medium,Medium,0.032894952209277635,0.03051201727419826,0.9365930305165241
27496,36496,Medium,Medium,0.03153103970887971,0.03282394569730804,0.9356450145938121
11071,20071,Medium,Medium,0.030043087103012234,0.029562586639169625,0.9403943262578182
27846,36846,High,High,0.8525034957366907,0.04290256858142983,0.10459393568187954
30820,39820,Medium,Medium,0.036012771959326555,0.0311725288860204,0.932814699154653
18852,27852,Medium,Medium,0.02878052656887156,0.027704312713800524,0.943515160717328
2448,11448,Medium,Low,0.03365597796396447,0.5119123366558925,0.45443168538014306
2725,11725,Medium,Medium,0.03149589876536696,0.032148139891252585,0.9363559613433804
34600,43600,Low,Low,0.03962496312288923,0.699246906642725,0.2611281302343857
30562,39562,High,High,0.936644755331569,0.02586076373387981,0.037494480934551246
29176,38176,Low,Low,0.038090104616811726,0.4924181914591261,0.4694917039240621
26829,35829,Medium,Medium,0.03457895648279465,0.031479162215015115,0.9339418813021902
39224,48224,High,High,0.9393038915525068,0.024512526838675164,0.03618358160881801
6112,15112,Medium,Medium,0.03931277105217288,0.10825170924142931,0.8524355197063977
23492,32492,Medium,Low,0.03478188004844604,0.6509543799871996,0.31426373996435436
12377,21377,Medium,Medium,0.08792976187134487,0.02848383572417575,0.8835864024044794
10927,19927,Low,Low,0.04249723554705747,0.5518842119465089,0.4056185525064337
36041,45041,Medium,Medium,0.04904478877883595,0.038554383671722814,0.9124008275494412
5439,14439,Medium,Medium,0.03020942910660449,0.028100657779749905,0.9416899131136457
27818,36818,Medium,Medium,0.03181746056759792,0.03182731082543192,0.9363552286069702
36266,45266,Low,Low,0.029338475508790842,0.9094843845900141,0.061177139901194895
28495,37495,Medium,Medium,0.028960762930466122,0.02805223327514189,0.9429870037943919
11964,20964,High,High,0.9130832734911386,0.0430879691440472,0.04382875736481415
631,9631,Medium,Medium,0.030427697675258856,0.02964567746557914,0.939926624859162
17039,26039,High,Low,0.02944913494886069,0.9167575501979771,0.0537933148531621
26874,35874,High,High,0.9190894519778733,0.030718433906768722,0.050192114115358046
36403,45403,High,High,0.9389677716521537,0.024128790263070618,0.03690343808477562
39943,48943,Low,Low,0.02651083763386035,0.9370440174562225,0.03644514490991719
495,9495,Medium,Medium,0.03954345444586182,0.033536207411191093,0.926920338142947
36088,45088,High,High,0.9320705468659733,0.03025286113499336,0.03767659199903325
33068,42068,Medium,Medium,0.04302976273969944,0.03870140312858126,0.9182688341317194
39338,48338,High,High,0.9355859138221533,0.027124993086026516,0.03728909309182013
37963,46963,High,High,0.9154695636868766,0.032086241459511056,0.05244419485361242
9644,18644,Medium,Medium,0.027645537827055783,0.027550073419978827,0.9448043887529654
202,9202,Medium,Medium,0.24865912865194106,0.033055048765009594,0.7182858225830492
8613,17613,Medium,Medium,0.030629580029473403,0.026853416491227525,0.9425170034792991
4617,13617,Low,Low,0.03754271883936531,0.9122700194081471,0.0501872617524875
13618,22618,Medium,Medium,0.03485222707543554,0.03260795551923749,0.9325398174053269
285,9285,High,Medium,0.04115463895858728,0.0367126425391617,0.922132718502251
26035,35035,Low,Low,0.02921279450867915,0.9325090603943219,0.038278145096999054
8272,17272,Medium,Medium,0.03184617040220161,0.029112973621944937,0.9390408559758535
27058,36058,High,High,0.9352261789978656,0.027713261601327185,0.03706055940080726
4110,13110,Medium,Medium,0.025963188221939586,0.026522140092407488,0.9475146716856528
3391,12391,Medium,Medium,0.030268320632416145,0.028993788501022234,0.9407378908665617
21908,30908,Medium,Medium,0.03937040564013835,0.029570114264721892,0.9310594800951398
1322,10322,Low,Low,0.02851619959770542,0.9322943196251475,0.03918948077714691
29906,38906,Medium,Medium,0.03303142598939136,0.0357249937648911,0.9312435802457175
25918,34918,Medium,Medium,0.029633530623079902,0.027792392131506364,0.9425740772454138
25443,34443,Medium,Medium,0.04951777357310309,0.036950492120617566,0.9135317343062793
32210,41210,Medium,Medium,0.03545992810720736,0.0365393533390783,0.9280007185537142
27285,36285,Low,Low,0.028267996256630182,0.9359893845463948,0.03574261919697503
39117,48117,High,Medium,0.02968893806796774,0.030930075000033575,0.9393809869319987
1624,10624,Medium,Low,0.031043733509856366,0.7595360645461345,0.2094202019440091
5535,14535,High,Medium,0.03687421083146814,0.033301573208567026,0.9298242159599649
15196,24196,High,High,0.9140057610447269,0.03590457750313827,0.050089661452134775
21165,30165,Medium,Medium,0.02855729263752743,0.03096946607388455,0.940473241288588
33596,42596,Medium,Low,0.028439295551574734,0.8630047720708932,0.10855593237753201
13831,22831,Medium,Medium,0.02958097560252927,0.02807231153675516,0.9423467128607156
36919,45919,Medium,Medium,0.03258849618163448,0.03282598618189291,0.9345855176364726
10827,19827,Low,Medium,0.0348959115020706,0.034217948395204506,0.9308861401027247
24096,33096,Medium,Medium,0.03395182527439502,0.034252548774522044,0.931795625951083
23302,32302,Medium,Medium,0.03224245625685502,0.034769252815112776,0.9329882909280321
33537,42537,Medium,Medium,0.03574323673973218,0.028094408519458495,0.9361623547408092
35517,44517,Medium,Medium,0.03549107813272626,0.045242720992396686,0.9192662008748771
25954,34954,Medium,Medium,0.044342933355782564,0.4550707890776133,0.5005862775666041
7853,16853,Medium,Medium,0.03284269073315824,0.029779524936672717,0.937377784330169
10369,19369,Low,Low,0.027518072908142326,0.9340842538134918,0.03839767327836602
39412,48412,High,Medium,0.4334858121323424,0.0327550476412326,0.533759140226425
21782,30782,Medium,Medium,0.03667750784766952,0.03787864264642591,0.9254438495059046
30739,39739,Medium,Medium,0.034307308718062916,0.03206140832088664,0.9336312829610504
4825,13825,High,High,0.8967383185961024,0.030853807427564772,0.07240787397633287
26015,35015,Medium,Medium,0.046948288767138,0.036300837403270864,0.9167508738295912
29784,38784,High,High,0.9343927144978575,0.02591921631200089,0.039688069190141596
39649,48649,Medium,Medium,0.050246916901714955,0.05584896982794283,0.8939041132703421
3225,12225,Medium,Medium,0.03046724194938025,0.030088122776278172,0.9394446352743415
2043,11043,Medium,Medium,0.03437774510423495,0.0287291246950445,0.9368931302007205
8702,17702,Medium,Medium,0.03895441499029038,0.03014920076988593,0.9308963842398237
13680,22680,Low,Low,0.04957269936475467,0.9140998242242316,0.03632747641101385
20852,29852,Medium,Medium,0.0388389454197848,0.03101835526672585,0.9301426993134893
26704,35704,Low,Low,0.026842159337402638,0.9346287780496527,0.03852906261294455
9045,18045,Low,Low,0.037382507950349815,0.849001174667381,0.11361631738226914
7539,16539,Low,Low,0.03019621504090431,0.9288905520097409,0.04091323294935475
27606,36606,High,High,0.9384142821500179,0.02582437491729347,0.03576134293268864
4814,13814,Medium,Medium,0.05526239439459222,0.029412381469506577,0.9153252241359011
18249,27249,Low,Low,0.026639615653276067,0.9271591985421598,0.04620118580456409
38296,47296,Medium,Medium,0.03318778868922309,0.030548093158544915,0.936264118152232
29986,38986,High,Medium,0.03506645006812425,0.03411044234108991,0.9308231075907858
1768,10768,Medium,Medium,0.030924706575766386,0.05020580095288784,0.9188694924713458
10156,19156,Medium,Medium,0.03095096746051196,0.029332823070834044,0.9397162094686539
17849,26849,Medium,Medium,0.04091345440183302,0.038892053783924595,0.9201944918142425
7699,16699,Low,Low,0.031016182707765915,0.9257645320299778,0.04321928526225638
29874,38874,High,High,0.8943038352789969,0.03548783254541978,0.07020833217558323
33390,42390,Medium,Medium,0.03422775796005078,0.02767843193426621,0.9380938101056829
9672,18672,Medium,Medium,0.039166009559960586,0.03525942164751499,0.9255745687925243
12743,21743,Medium,Medium,0.04597169660341647,0.03542185093464719,0.9186064524619364
9065,18065,Medium,Medium,0.03799587667897186,0.03071814203455378,0.9312859812864742
11756,20756,Low,Low,0.07468148045824875,0.87054598628951,0.054772533252241296
36852,45852,Medium,Medium,0.035892399274934296,0.036907670844149566,0.9271999298809162
15465,24465,Low,Low,0.027241404510963647,0.9367330187487347,0.036025576740301685
5135,14135,Medium,Medium,0.029960761448383114,0.028653673791676073,0.9413855647599408
30376,39376,High,Low,0.03162124970784847,0.9179108696814554,0.05046788061069605
6276,15276,Medium,Medium,0.029609104236011107,0.03638982017307003,0.9340010755909187
18835,27835,High,High,0.9367818309036707,0.02585553939399603,0.03736262970233311
13315,22315,High,Medium,0.02925616255337725,0.028324957586572466,0.9424188798600502
20889,29889,High,High,0.9186541068890987,0.02979624503604349,0.05154964807485781
12641,21641,High,High,0.932215873920509,0.029775761438843498,0.038008364640647635
19256,28256,Medium,Medium,0.029383488935466814,0.03157456164825904,0.9390419494162741
9751,18751,High,High,0.928200508759053,0.030854732108826766,0.04094475913212023
34065,43065,Low,Low,0.028562469123543262,0.9353104514593221,0.03612707941713469
26423,35423,High,High,0.9378641610714554,0.025476476347764305,0.036659362580780175
19954,28954,Medium,Medium,0.02923065419949802,0.03808020385902227,0.9326891419414798
4975,13975,Medium,Medium,0.035061832008133835,0.036698367270646355,0.9282398007212199
6107,15107,Medium,Medium,0.05051126312377072,0.04161395249066387,0.9078747843855655
36770,45770,Low,Low,0.02723155316029589,0.9273344019958714,0.04543404484383282
28894,37894,Medium,Medium,0.03599632166408014,0.03265010080350274,0.9313535775324171
14461,23461,High,High,0.9347736645117953,0.02681083497889568,0.03841550050930888
26157,35157,Medium,Medium,0.03391999307206006,0.040371471948152396,0.9257085349797874
2000,11000,High,High,0.9339866575540636,0.02645955465761878,0.03955378778831767
12260,21260,High,High,0.9366402895275484,0.025164984879506618,0.0381947255929448
13218,22218,Low,Low,0.03016227069615754,0.9284722565755286,0.04136547272831403
4614,13614,Low,Low,0.03317438538726818,0.9297783225303077,0.037047292082424
14832,23832,Low,Low,0.03393545520276495,0.9283121175522329,0.03775242724500219
30540,39540,High,High,0.9387069257712307,0.02401915364937098,0.03727392057939822
30136,39136,Medium,Medium,0.029556195146141214,0.03114940069692645,0.9392944041569322
27822,36822,Low,Medium,0.03879717220975468,0.0320354151557598,0.9291674126344854
14215,23215,Medium,Medium,0.04767052311714203,0.036635850122840756,0.9156936267600172
2428,11428,Medium,Medium,0.03014587647056166,0.02751532958632948,0.9423387939431089
12136,21136,High,High,0.9382880521337548,0.025427781529256375,0.03628416633698888
31257,40257,High,High,0.9375870400273664,0.025943012466110443,0.03646994750652321
22367,31367,Low,Low,0.025542560103446497,0.9362218320889607,0.03823560780759281
16173,25173,Medium,Medium,0.03466275001031114,0.029148449629187365,0.9361888003605014
15817,24817,Medium,Low,0.02988705798754787,0.930525272118348,0.03958766989410412
36244,45244,Medium,High,0.9372672741575766,0.025654162562409433,0.03707856328001392
525,9525,Medium,Medium,0.030056856446209188,0.02786043392073016,0.9420827096330605
39989,48989,Medium,Medium,0.030151107044712144,0.03040801559631554,0.9394408773589723
2951,11951,High,High,0.9250323964564737,0.034146309694571504,0.04082129384895478
176,9176,Low,Low,0.03012889481592444,0.9288732779799371,0.0409978272041385
9609,18609,High,Medium,0.030452761320950095,0.03191298500038723,0.9376342536786626
24132,33132,High,High,0.9379698172949421,0.025232306169248667,0.03679787653580932
4460,13460,Low,Low,0.04182413292772045,0.5514418087002957,0.4067340583719839
38800,47800,Low,Medium,0.02956950937787523,0.03002553796787003,0.9404049526542547
4285,13285,High,High,0.9171580989308032,0.03955951828874261,0.043282382780454064
476,9476,Low,Low,0.03364324339241742,0.9275743186134928,0.038782437994089834
29685,38685,Medium,Medium,0.030281903665388354,0.028693735130102118,0.9410243612045096
8656,17656,Low,Medium,0.03620023920200407,0.03865823277330305,0.9251415280246928
24414,33414,Medium,Medium,0.03352528392982356,0.10739849288627401,0.8590762231839024
12709,21709,Medium,Medium,0.032007531152659426,0.05938116271979829,0.9086113061275424
2822,11822,Medium,High,0.9242666886978914,0.034702479871961456,0.04103083143014707
31245,40245,High,High,0.792213972573116,0.039610380223221865,0.16817564720366227
31140,40140,High,High,0.9325527586706568,0.02738914976295639,0.040058091566386816
13882,22882,Medium,Medium,0.04628929433428108,0.03426142341715241,0.9194492822485666
10429,19429,Medium,Medium,0.03226222852823249,0.03151062418496813,0.9362271472867993
14038,23038,High,Medium,0.393113127425571,0.04315517911652864,0.5637316934579003
20042,29042,Medium,Medium,0.035067659224336835,0.035856774723790556,0.9290755660518726
28655,37655,Medium,Medium,0.03157079353475953,0.030124769405137437,0.9383044370601029
23703,32703,Medium,Medium,0.030183830250481436,0.026443978082438882,0.9433721916670796
17997,26997,Medium,Medium,0.02780902152196635,0.027702029137952416,0.9444889493400813
38205,47205,Low,Low,0.02769835524313273,0.9355455842036561,0.03675606055321113
19026,28026,Medium,Medium,0.028430869668489952,0.2711452081825441,0.7004239221489659
24644,33644,Medium,Medium,0.028797401947401435,0.030459107612302427,0.9407434904402961
19011,28011,Medium,Medium,0.03662667609939837,0.028362141548427672,0.935011182352174
22232,31232,High,High,0.9373488947130334,0.026619717613339325,0.036031387673627395
23689,32689,Medium,Medium,0.0408269309351836,0.034414023093729394,0.9247590459710869
5274,14274,Low,Low,0.033622257412244,0.9179649959085697,0.04841274667918624
6896,15896,High,High,0.6492223627030667,0.11236532840249368,0.23841230889443973
20671,29671,Medium,Medium,0.03473644567801253,0.03352288560932357,0.9317406687126638
30155,39155,Low,Low,0.028426742312678943,0.8953925855614933,0.07618067212582787
11902,20902,Low,Low,0.03122789799246213,0.7336108609010044,0.23516124110653355
39043,48043,Low,Low,0.028598105114065617,0.8756978213013232,0.09570407358461114
2288,11288,Low,Low,0.030637806514257404,0.9262649054968636,0.04309728798887904
804,9804,Medium,Medium,0.03426717331935458,0.02736076509367127,0.938372061586974
39964,48964,Medium,Medium,0.03447184801785487,0.0380028629874847,0.9275252889946605
25353,34353,High,High,0.9358083575168462,0.026344597091538278,0.03784704539161536
11456,20456,High,High,0.9369900187316066,0.02514785269238055,0.03786212857601278
34244,43244,Medium,Medium,0.030659039123837106,0.029915839742901296,0.9394251211332616
39196,48196,High,High,0.9279254379827965,0.033549184962516576,0.0385253770546869
13349,22349,Medium,Medium,0.027724559478013857,0.027388402038790217,0.9448870384831959
22130,31130,High,High,0.93400350767785,0.026920674965406417,0.039075817356743626
31075,40075,Low,Low,0.026009112654411304,0.9216673459283228,0.05232354141726581
8555,17555,High,High,0.9303393032677859,0.03377409934139882,0.03588659739081541
20408,29408,Low,Low,0.026802538343810873,0.9308249613318468,0.04237250032434244
30148,39148,Low,Low,0.027876572309873966,0.9333040446979856,0.03881938299214044
11482,20482,Low,Low,0.02632888553142217,0.9298407952955742,0.0438303191730036
34116,43116,Medium,Medium,0.034944033122675154,0.13252971444658582,0.8325262524307391
27088,36088,High,High,0.935796180426216,0.027105757629566,0.03709806194421791
38865,47865,Medium,Medium,0.031162085469388118,0.03080978925245172,0.9380281252781603
9523,18523,Medium,Medium,0.041513933203405344,0.039879820781421084,0.9186062460151736
2703,11703,High,High,0.9283533542775929,0.030458389630867205,0.04118825609153987
30577,39577,Medium,Medium,0.06173613474407996,0.029543812145435975,0.9087200531104841
2126,11126,High,High,0.9225088685791457,0.031140149567248986,0.046350981853605304
23229,32229,Medium,Medium,0.033889826705011276,0.03213214144219058,0.9339780318527983
34858,43858,Low,Low,0.027089311664807093,0.928768651144423,0.04414203719076997
35322,44322,High,High,0.9264817218768652,0.030523474911312284,0.04299480321182255
29992,38992,Medium,Medium,0.03851962073677436,0.03721850017484329,0.9242618790883824
26895,35895,High,High,0.9351510646749808,0.026224099730133326,0.03862483559488602
5786,14786,Medium,Medium,0.036149409564828004,0.02949350551170306,0.934357084923469
14345,23345,Medium,Medium,0.03722583654985387,0.03204099927413807,0.9307331641760079
28754,37754,Low,Low,0.028278611296802637,0.9331899422053279,0.0385314464978695
27611,36611,High,High,0.9176046897814806,0.03318199011111988,0.049213320107399594
39074,48074,Medium,Medium,0.03141059264476779,0.02856715809674712,0.9400222492584852
16952,25952,Medium,Medium,0.03135974214380443,0.02857459186732625,0.9400656659888694
15580,24580,Medium,Medium,0.05241267061307303,0.052103915415958296,0.8954834139709686
17577,26577,High,Medium,0.03039512359021108,0.029740837840289608,0.9398640385694993
29153,38153,Low,Low,0.028224310817803338,0.9357443567634319,0.03603133241876464
14634,23634,Low,Low,0.03242794939021822,0.9310000917986958,0.03657195881108595
38959,47959,High,High,0.9367509116046179,0.025455040418948305,0.03779404797643385
16775,25775,High,Medium,0.05854227364344197,0.030939821067551405,0.9105179052890066
17345,26345,High,High,0.9293798999060852,0.034378422281528244,0.0362416778123866
12769,21769,Low,Low,0.03105885547705926,0.9101759262222577,0.05876521830068304
20067,29067,Low,Low,0.029450242267454674,0.9102427483601686,0.06030700937237681
29652,38652,Low,Low,0.028406584210715933,0.9285651893346921,0.04302822645459194
25488,34488,Medium,Low,0.05302359787516131,0.7615205699132597,0.185455832211579
20328,29328,Medium,High,0.9334232698378301,0.02798808580205499,0.03858864436011491
15678,24678,High,High,0.9341682297273461,0.02702746425282523,0.0388043060198286
34840,43840,Medium,Medium,0.03695923951436137,0.040466949827238426,0.9225738106584003
10720,19720,Medium,Medium,0.02666817793780654,0.026448412824411103,0.9468834092377825
11550,20550,High,High,0.9317415630027112,0.03016672303933347,0.03809171395795533
7797,16797,Medium,Medium,0.0295046859789389,0.05141598877297848,0.9190793252480827
15823,24823,Medium,Medium,0.04282157641026297,0.03312333007552735,0.9240550935142098
12765,21765,High,High,0.9325379432594382,0.025533538648538297,0.04192851809202336
39027,48027,High,High,0.9312863821624804,0.030124205393486213,0.03858941244403327
12794,21794,Low,Low,0.03322197762947018,0.9279557556517379,0.03882226671879193
29088,38088,Low,Low,0.02745153896452154,0.9332029725824128,0.039345488453065645
578,9578,Medium,Low,0.02804514238934232,0.7639865698207181,0.2079682877899396
31884,40884,Medium,Medium,0.03278806513341701,0.02787375239323758,0.9393381824733454
27351,36351,Low,Low,0.04485947980721131,0.9159650173704382,0.03917550282235052
18897,27897,Medium,Medium,0.0319288624172177,0.030092329286930064,0.9379788082958522
33253,42253,Low,Low,0.04256422260313447,0.9097271432177009,0.04770863417916476
37085,46085,Medium,Medium,0.03414506471757462,0.027755382491572705,0.9380995527908526
1874,10874,High,High,0.9334063784875775,0.027459240311556776,0.039134381200865716
28286,37286,Medium,Medium,0.03289206126625111,0.13812048514444353,0.8289874535893054
5669,14669,Medium,Medium,0.33152212953210497,0.039208928496449635,0.6292689419714453
36633,45633,High,Medium,0.03055123748645983,0.0271389198326312,0.9423098426809089
17161,26161,High,High,0.9358735898563472,0.026616872018511716,0.037509538125141274
20375,29375,Medium,Medium,0.034837787536695905,0.040656926495731195,0.924505285967573
31734,40734,Medium,Medium,0.035532998318082064,0.02867166572265778,0.9357953359592601
5049,14049,High,High,0.9322524790815866,0.028290131018482698,0.03945738989993069
37331,46331,High,High,0.9331271748298698,0.02983048446339527,0.03704234070673487
11494,20494,High,High,0.9317762460389889,0.028081243132091996,0.04014251082891912
31527,40527,Medium,Medium,0.03470247938273125,0.03355452904535528,0.9317429915719134
29241,38241,Medium,Medium,0.031449378291081305,0.03143119534852182,0.9371194263603969
1664,10664,Medium,Medium,0.028194287386541162,0.027355614391921645,0.9444500982215372
30964,39964,High,High,0.9383971885038954,0.024844262707220618,0.03675854878888395
38353,47353,Low,Low,0.037913464456311996,0.9159070715917824,0.04617946395190573
12849,21849,Medium,Medium,0.029469310301091917,0.03227865736299862,0.9382520323359094
20973,29973,High,High,0.9316595836039102,0.028796710957209218,0.03954370543888067
13885,22885,Low,Low,0.03062747134873676,0.9174961970955274,0.05187633155573582
16576,25576,Medium,Low,0.031406489499804006,0.5998579222060396,0.3687355882941563
25661,34661,Medium,Medium,0.03361007791309046,0.029360954856670507,0.9370289672302391
2567,11567,High,Low,0.025566198695728338,0.929172180056197,0.045261621248074736
10370,19370,High,High,0.935872340564497,0.027651924527760396,0.036475734907742696
18878,27878,Low,Low,0.04326950661937626,0.9098883990512694,0.04684209432935438
19660,28660,Medium,Medium,0.05998899102394408,0.033306694383356754,0.9067043145926993
4653,13653,Medium,Medium,0.04920729512424532,0.05923130137339325,0.8915614035023615
28905,37905,Medium,Medium,0.036122499944826025,0.04387469161202761,0.9200028084431464
9935,18935,Medium,Medium,0.03121714272911068,0.03150117495125688,0.9372816823196324
11758,20758,Medium,Medium,0.03250344035922938,0.028083639183402898,0.9394129204573677
37537,46537,Medium,Medium,0.029902370585408625,0.028114213442890373,0.9419834159717011
28431,37431,Medium,Medium,0.03299435193748302,0.033319750143534194,0.9336858979189827
23602,32602,Medium,Medium,0.028927518044183715,0.028215821879763497,0.9428566600760527
3093,12093,Low,Medium,0.0299721386876904,0.03095375798437365,0.9390741033279358
29552,38552,Medium,Medium,0.03469585840873165,0.03452811041572372,0.9307760311755446
873,9873,Medium,High,0.504570653151956,0.033479999425399844,0.46194934742264415
33013,42013,Low,Low,0.030004149235779824,0.9309049255306098,0.0390909252336104
28578,37578,Medium,Medium,0.029381201276829593,0.028204996603479127,0.9424138021196913
7466,16466,High,High,0.9356154610090418,0.026483951141271514,0.03790058784968673
19360,28360,Low,Low,0.026410047831224276,0.9362838187713495,0.037306133397426146
3490,12490,Medium,Medium,0.029372863040449837,0.027264679198626355,0.9433624577609239
17287,26287,Medium,Medium,0.03358051662881648,0.031134516729372078,0.9352849666418116
307,9307,Medium,Medium,0.02828840784751289,0.02619209665740332,0.9455194954950837
38392,47392,Low,Low,0.032871869121292856,0.9237275812798398,0.0434005495988673
34623,43623,High,Low,0.03508511978148282,0.9258179526961584,0.039096927522358785
21261,30261,High,High,0.9371420901601146,0.023964640517840422,0.03889326932204493
24920,33920,High,Low,0.034867026741261915,0.9226818587338483,0.042451114524889595
6743,15743,Medium,Medium,0.02951967300719413,0.02914412429513248,0.9413362026976734
14103,23103,High,High,0.9136908200695645,0.032669844882964934,0.053639335047470725
25538,34538,High,High,0.9348665037283692,0.026785471197933897,0.03834802507369688
18231,27231,Low,Low,0.05104754663828445,0.9022685298453098,0.04668392351640569
18651,27651,High,High,0.9328002218657582,0.0280843683248584,0.03911540980938349
34089,43089,High,High,0.9309838325204719,0.029469605178658483,0.039546562300869635
9489,18489,Medium,Medium,0.032456874164581144,0.02781949691111946,0.9397236289242995
7783,16783,High,High,0.9341998201019809,0.026766195414940273,0.03903398448307885
33536,42536,Medium,Medium,0.029432473740871063,0.03064368182915614,0.9399238444299728
33178,42178,Medium,Medium,0.048120038033173766,0.02944835738592357,0.9224316045809026
4780,13780,Medium,Medium,0.030591274565996366,0.029323207014500363,0.9400855184195033
545,9545,High,High,0.9352828291422538,0.026926983024799223,0.03779018783294695
36695,45695,Medium,Medium,0.02968709706002722,0.028846818398306866,0.9414660845416659
26560,35560,Medium,Medium,0.03270925885447232,0.03018321556966312,0.9371075255758647
7160,16160,Medium,Medium,0.03830058237792638,0.034581819861219124,0.9271175977608546
30201,39201,Low,Medium,0.036293811480582715,0.17874039460120741,0.7849657939182099
2161,11161,Medium,Medium,0.03208508575720596,0.02838861914716023,0.9395262950956339
25451,34451,Medium,Medium,0.35828737756319723,0.045315941408978405,0.5963966810278243
16230,25230,Medium,Medium,0.029377197683225085,0.028735402277197546,0.9418874000395774
18219,27219,Low,Low,0.025981467009382777,0.9355498109943774,0.038468721996239956
12006,21006,Low,Low,0.026604311482539788,0.9347110276855751,0.03868466083188508
11628,20628,High,High,0.8194852199810106,0.06986271442931379,0.11065206558967554
36578,45578,Medium,Medium,0.03184710214914395,0.03397551691866591,0.9341773809321902
7067,16067,Medium,Medium,0.03938222755667971,0.030781097033889867,0.9298366754094305
23068,32068,Medium,Medium,0.03069684004022888,0.030818044910475004,0.9384851150492962
25605,34605,Medium,Medium,0.030536128072581516,0.03153601243333707,0.9379278594940814
34080,43080,Low,Low,0.0262185898923782,0.9345905530280949,0.03919085707952691
26647,35647,High,High,0.9373476599442866,0.02521213778676948,0.03744020226894395
31611,40611,Medium,Medium,0.036743348943449564,0.0320057980434211,0.9312508530131294
29958,38958,Medium,Medium,0.055693347021550633,0.038969420681811896,0.9053372322966377
7345,16345,Medium,Medium,0.032388980563579,0.032430218418927605,0.9351808010174935
19237,28237,Medium,Medium,0.034842663517088555,0.027582696250021705,0.9375746402328898
9801,18801,High,High,0.9325926773596943,0.025132222530139706,0.04227510011016584
8652,17652,Medium,Medium,0.03487029537942255,0.029945565462594064,0.9351841391579834
39064,48064,Medium,Medium,0.030214584540020892,0.025630715416951902,0.9441547000430272
14242,23242,Low,Low,0.028617790006449057,0.931849574973786,0.03953263501976518
31936,40936,Medium,Medium,0.030602075844716563,0.02841783727591646,0.940980086879367
7247,16247,Low,Low,0.03695852109150679,0.9220449422885842,0.04099653661990894
27136,36136,High,High,0.9239751677592661,0.03270005312051063,0.04332477912022311
30262,39262,Low,Low,0.02562248322585045,0.9367685909249718,0.03760892584917778
13127,22127,Low,Low,0.027026027707523256,0.9130269065775559,0.05994706571492103
6941,15941,Medium,Medium,0.03512163508460928,0.02979782077934144,0.9350805441360492
5407,14407,Medium,Medium,0.03085178151900049,0.028299060866087456,0.9408491576149122
32232,41232,Medium,Medium,0.03289791403278517,0.03128414930920496,0.9358179366580098
24193,33193,High,High,0.928857014697456,0.029643054939550533,0.04149993036299349
25445,34445,High,High,0.9370312730990303,0.025745790078852374,0.037222936822117296
20100,29100,High,High,0.5081391624327152,0.03723007488139394,0.45463076268589075
9725,18725,Low,Low,0.027743490389448937,0.9361534472173556,0.036103062393195426
3834,12834,Medium,Medium,0.037186497494648425,0.030674168843761212,0.9321393336615903
8037,17037,Medium,Medium,0.036108329119552814,0.028660774334524897,0.9352308965459223
17919,26919,Medium,Medium,0.04925917831369197,0.04666061511696906,0.904080206569339
33790,42790,Medium,Medium,0.03028236737876881,0.033442275864528116,0.936275356756703
39487,48487,Medium,Medium,0.04943675682039208,0.04397217198564409,0.9065910711939639
10633,19633,Low,Low,0.028926064351744413,0.9332182839343273,0.03785565171392841
16170,25170,Medium,Medium,0.029847554632668246,0.031737868881613944,0.9384145764857178
36900,45900,Medium,Medium,0.03218199696556665,0.032371890983328135,0.9354461120511052
13764,22764,Medium,Medium,0.03739467646065407,0.037310056135741225,0.9252952674036047
23301,32301,Low,Low,0.03021115197649844,0.9326346207638941,0.03715422725960762
20650,29650,Medium,Medium,0.02788435502597827,0.03454048086581748,0.9375751641082042
13022,22022,High,High,0.9371089850476263,0.026055451980056498,0.0368355629723174
4360,13360,High,High,0.9357280878463531,0.0271177199430571,0.03715419221058965
25998,34998,Medium,Medium,0.037465207260911564,0.03389789370306739,0.9286368990360211
33122,42122,Low,Low,0.05845043787831089,0.9001694217440385,0.04138014037765058
1373,10373,High,High,0.9300555684535192,0.028290850897968022,0.04165358064851279
22015,31015,High,High,0.9077932749217474,0.041654511994847654,0.05055221308340493
36595,45595,Low,Low,0.02757618907163253,0.9318802869681523,0.040543523960215246
4273,13273,High,High,0.9366986118893704,0.027655567385323793,0.03564582072530583
17078,26078,High,Medium,0.03542444119205599,0.031518321116602695,0.9330572376913414
5127,14127,High,High,0.935965216438575,0.02518418258419559,0.03885060097722954
38149,47149,Medium,Medium,0.025117794964969315,0.03706423024864005,0.9378179747863906
30999,39999,High,High,0.9349035953599385,0.026572885701885925,0.03852351893817562
3926,12926,High,Medium,0.030336931981915467,0.03346822945381229,0.9361948385642722
10115,19115,Medium,Low,0.028210102679399274,0.9337774125499276,0.038012484770673115
1197,10197,Low,Low,0.029866642682945005,0.9306770842194102,0.03945627309764481
2606,11606,Medium,Medium,0.03065376085464151,0.02888395938708632,0.9404622797582722
28240,37240,Medium,Medium,0.050145247134036286,0.06457143275401996,0.8852833201119438
25923,34923,High,High,0.932190029342404,0.030964374838438013,0.03684559581915783
19450,28450,High,High,0.9335143136375015,0.029095141081571185,0.03739054528092741
3805,12805,Medium,Medium,0.03229594672992805,0.02976539937226873,0.9379386538978033
37407,46407,Low,Low,0.03329149592877737,0.9195946830240095,0.04711382104721328
17810,26810,Low,Low,0.028800557836409568,0.9258023328936059,0.04539710926998456
2307,11307,Medium,Medium,0.030313746942159703,0.03547414554376115,0.9342121075140791
16968,25968,Low,Low,0.036383547056278005,0.9261006815835704,0.037515771360151565
19173,28173,Low,Low,0.02630306482936511,0.9377549678863049,0.03594196728433011
7139,16139,High,High,0.926416069603102,0.030926710784317222,0.04265721961258096
6043,15043,Medium,Medium,0.03844486235204942,0.03504474608727667,0.9265103915606739
20796,29796,Low,Low,0.028238680584363005,0.930390640867758,0.041370678547879035
23964,32964,High,High,0.9283178113342379,0.026758554005368668,0.04492363466039349
25748,34748,High,High,0.9346616352413205,0.02580322518720242,0.039535139571477196
21679,30679,Medium,Medium,0.04524483024637527,0.02873584797267451,0.9260193217809501
24485,33485,Medium,Medium,0.042598252274275605,0.028670491579807385,0.928731256145917
20863,29863,Low,Low,0.03097405555902687,0.90960153764197,0.05942440679900297
31032,40032,High,High,0.9058290389913911,0.026810000296840403,0.0673609607117685
34608,43608,Medium,Medium,0.027943054880044633,0.026229074783994482,0.9458278703359609
12055,21055,Medium,Medium,0.03656287784255263,0.28789419140011335,0.675542930757334
36640,45640,Medium,Medium,0.03870149842793022,0.032909684167395516,0.9283888174046743
8234,17234,High,High,0.9402143144465773,0.024027645605581714,0.0357580399478409
6806,15806,High,High,0.9319956336821762,0.03200848817061397,0.03599587814720984
23001,32001,Low,Low,0.028776090625607046,0.9275299759611757,0.04369393341321742
30915,39915,Medium,Medium,0.03233720353289943,0.027335051417655767,0.9403277450494448
35586,44586,Low,Low,0.04178784435969202,0.8714589122262321,0.08675324341407593
33302,42302,High,High,0.9352031910142132,0.026207600117876872,0.03858920886790996
7618,16618,High,High,0.9373560453517892,0.025818438944080712,0.036825515704130084
20551,29551,Medium,Medium,0.030714353397418192,0.030333817774573623,0.9389518288280082
650,9650,High,High,0.9172768360248361,0.037623237958774945,0.04509992601638894
8615,17615,Low,Low,0.026494686670042553,0.9368891831314409,0.0366161301985165
3591,12591,Low,Low,0.029840532433512673,0.9061007525547934,0.06405871501169406
39913,48913,High,High,0.9396058924375525,0.024590794717053232,0.03580331284539421
7583,16583,High,High,0.9309075539290529,0.02676286273300868,0.042329583337938494
27129,36129,Medium,Medium,0.03796225902526859,0.030116448603827183,0.9319212923709043
28531,37531,Medium,Medium,0.04631565516034584,0.031007974890190786,0.9226763699494634
35916,44916,Medium,Medium,0.03189749596432913,0.03177429788083227,0.9363282061548386
12445,21445,Medium,Medium,0.036399624966034924,0.028723607746371546,0.9348767672875935
21764,30764,Low,Low,0.03248911353662359,0.5953524575360465,0.37215842892732987
19554,28554,High,High,0.9325729284374686,0.031116127312979174,0.03631094424955219
38332,47332,Medium,Medium,0.03199071045702487,0.026801243577300207,0.941208045965675
8151,17151,High,High,0.9005206523052524,0.043909951579915694,0.055569396114832
27531,36531,Low,Low,0.03025519154656127,0.9319008875449654,0.03784392090847341
12110,21110,Medium,Medium,0.02984096569839319,0.033943063677496894,0.9362159706241098
7594,16594,Low,Low,0.029798556634642218,0.9327352670740409,0.0374661762913169
9260,18260,Medium,Medium,0.032117886333243056,0.03087996367750544,0.9370021499892514
8670,17670,Medium,Medium,0.04126155993686775,0.031231425732036976,0.9275070143310953
24722,33722,High,High,0.9350571614839045,0.02689078824546176,0.03805205027063361
7377,16377,Medium,Medium,0.0472451437655044,0.03403585933908232,0.9187189968954131
31271,40271,Medium,Medium,0.03128879259281857,0.02959248091637523,0.9391187264908062
16649,25649,Medium,Medium,0.037594307883245234,0.03494500294410325,0.9274606891726515
24505,33505,Medium,Medium,0.02976835696725012,0.060141175793691846,0.9100904672390581
25426,34426,Medium,Medium,0.0302428696169405,0.031007288435844466,0.938749841947215
4792,13792,Medium,Medium,0.02988348068388991,0.029666553358446812,0.9404499659576633
27446,36446,Low,Low,0.02860205328835659,0.935460856626808,0.035937090084835435
3099,12099,Medium,Medium,0.03333827935568248,0.02936490480810192,0.9372968158362157
12602,21602,Low,Low,0.03301652082997305,0.9245927969799371,0.042390682190089866
4028,13028,Medium,Medium,0.03652269347011387,0.03254129852986213,0.9309360080000241
32418,41418,High,High,0.9251435691783253,0.03014365925241003,0.04471277156926471
25955,34955,Medium,Medium,0.03313830445253397,0.032077294844368866,0.9347844007030971
13452,22452,Medium,Medium,0.032229183107981486,0.02831144266710779,0.9394593742249105
13898,22898,Medium,Medium,0.03321994695182271,0.02849630070657593,0.9382837523416013
25874,34874,Low,Low,0.025279695792768855,0.9339282036073482,0.040792100599882926
37216,46216,Medium,Medium,0.031083560095714353,0.033420091577110234,0.9354963483271753
35262,44262,Low,Low,0.027173714506433518,0.9318078926623574,0.04101839283120918
17372,26372,Medium,Medium,0.0485933917837606,0.1636530315561998,0.7877535766600396
2682,11682,Medium,Medium,0.04315667140215334,0.031101362506554226,0.9257419660912923
28111,37111,High,High,0.931486005020715,0.029706938841573997,0.038807056137711037
18242,27242,High,High,0.8064099981834677,0.04329137088799315,0.15029863092853915
22512,31512,Medium,Medium,0.039300242759502835,0.03112794986662558,0.9295718073738716
2255,11255,Medium,Medium,0.03638931965845932,0.03408871900505114,0.9295219613364895
23676,32676,High,High,0.9345560478169462,0.027906474202171225,0.03753747798088247
27735,36735,High,High,0.8981701305676862,0.06188388025757204,0.039945989174741854
25270,34270,Low,Low,0.027394798329894072,0.9331376765438758,0.039467525126230196
9394,18394,Low,Low,0.03453815756901187,0.9151158828040785,0.050345959626909555
11789,20789,Medium,Medium,0.03527294154674652,0.14847694123569063,0.8162501172175628
29676,38676,Medium,High,0.936040090078916,0.026372941027624,0.03758696889346006
29719,38719,Medium,Medium,0.03327530826078854,0.031479132369777375,0.9352455593694341
29800,38800,High,High,0.9355165467588021,0.025083165591152107,0.03940028765004582
33576,42576,Medium,Medium,0.02980111715539598,0.028513365562827016,0.9416855172817771
29169,38169,Medium,Medium,0.02982343946173964,0.029948539859359923,0.9402280206789005
32105,41105,Low,Low,0.040011842850011636,0.840432643800279,0.11955551334970933
7256,16256,Low,Medium,0.029495905789548374,0.032127161516026626,0.938376932694425
10148,19148,High,High,0.9189071940379286,0.028278068790947557,0.05281473717112375
20529,29529,High,High,0.9379281626068443,0.025721529904955336,0.03635030748820034
19569,28569,Medium,Medium,0.03316721774738012,0.02995510858804647,0.9368776736645734
32917,41917,Medium,Medium,0.03886053619102813,0.04147788346443725,0.9196615803445347
30445,39445,Low,Low,0.03277202475860557,0.898840060109916,0.0683879151314785
36259,45259,Medium,Medium,0.03766340771335939,0.0402586079126664,0.9220779843739741
13175,22175,Medium,Medium,0.03166030354546805,0.028615075459511086,0.9397246209950209
22186,31186,Low,Low,0.02864398881388194,0.9179356546971981,0.053420356488920025
27502,36502,Low,Low,0.029291897974361412,0.9301171061251354,0.040590995900503156
13847,22847,High,High,0.9357475142524775,0.027191208430503003,0.03706127731701945
36696,45696,Low,Low,0.03588476705849591,0.8942596533535804,0.06985557958792364
30636,39636,Low,High,0.9323582359729602,0.029677342261714423,0.03796442176532532
25651,34651,Low,Low,0.030259802248815266,0.9336782187293174,0.036061979021867176
27209,36209,Medium,Medium,0.033111067854326874,0.036563650155645826,0.9303252819900273
26867,35867,High,High,0.935689404309826,0.025327694909513074,0.03898290078066101
25066,34066,Low,Low,0.031257420490561565,0.9286222361950635,0.040120343314374925
4424,13424,Low,Medium,0.04444398148912768,0.36327040737863553,0.5922856111322368
10133,19133,Medium,Medium,0.07335211395775526,0.0677194974488021,0.8589283885934426
31137,40137,Low,Low,0.024771128244221174,0.9287089356720163,0.046519936083762516
33555,42555,High,Medium,0.1406128709214786,0.03404687088876116,0.8253402581897603
30938,39938,Low,Low,0.025959075406592712,0.9250082956505516,0.04903262894285563
26039,35039,Medium,High,0.9378184269624769,0.02487477462241429,0.037306798415108956
39134,48134,High,High,0.9356455109392479,0.02855340829657932,0.035801080764172856
17336,26336,High,High,0.9360661183909484,0.026066013997179827,0.03786786761187165
20121,29121,Low,Low,0.04407348205156399,0.9047739172349307,0.051152600713505324
8386,17386,Low,Medium,0.03745690190376316,0.29850137510370633,0.6640417229925305
32633,41633,Medium,Medium,0.030050511251985528,0.02813742521805219,0.9418120635299623
30977,39977,Medium,Medium,0.0328619777289583,0.030654819659914612,0.936483202611127
31013,40013,Medium,Medium,0.03622272552327477,0.037371578217595895,0.9264056962591294
28340,37340,Medium,Medium,0.03152645485925603,0.029999107598009177,0.9384744375427349
11769,20769,Medium,Medium,0.03198836280193441,0.030796464247832084,0.9372151729502335
306,9306,Low,Low,0.0314869372985142,0.9193736096380528,0.049139453063433036
32488,41488,Medium,Medium,0.03395952501646251,0.02993446877710047,0.9361060062064369
30685,39685,Medium,Medium,0.04233522153260209,0.04206287282416086,0.9156019056432371
26226,35226,High,High,0.932405397097449,0.026746471333243902,0.04084813156930719
10417,19417,Medium,Medium,0.03037438203402883,0.026427756399256,0.943197861566715
38049,47049,Low,Low,0.03017629965664746,0.934782389328833,0.03504131101451971
35609,44609,High,Medium,0.03103518487009264,0.032467017129039065,0.9364977980008683
2256,11256,Low,Medium,0.03016195425079295,0.030273313988797984,0.9395647317604091
33753,42753,Medium,Medium,0.029609157295123038,0.02757189523501637,0.9428189474698606
14843,23843,Medium,Low,0.034341217299368405,0.9113530648376464,0.05430571786298519
9726,18726,Low,Low,0.03571255632817395,0.9259992761038508,0.038288167567975255
16096,25096,Medium,Medium,0.031182818355052738,0.029277209123861447,0.9395399725210858
25089,34089,Low,Low,0.02928169038663511,0.917929066521061,0.05278924309230392
28010,37010,Low,Low,0.03313648410615481,0.8639000051661393,0.10296351072770582
31098,40098,Low,Low,0.027118160320615828,0.9362584022360333,0.03662343744335092
12308,21308,Medium,Medium,0.029871118269127223,0.028649360104987694,0.9414795216258852
7423,16423,High,High,0.9351620654676288,0.027127395663988058,0.037710538868383214
39738,48738,High,High,0.9382327432979886,0.026078095452485576,0.03568916124952589
9361,18361,High,High,0.9317520583252824,0.030412602126803828,0.0378353395479137
20477,29477,Low,Low,0.03332078888947291,0.923855789159723,0.042823421950804214
22177,31177,Low,Low,0.03132899318904741,0.9302201151633634,0.03845089164758913
38612,47612,Medium,Medium,0.03186810897847806,0.04054889609438094,0.9275829949271411
31460,40460,Medium,Medium,0.03169451987485039,0.03610591972649168,0.9321995603986579
434,9434,Medium,Medium,0.039318926031214056,0.031000223060325804,0.9296808509084601
12874,21874,High,High,0.9298786146872845,0.02645608792551454,0.043665297387201006
36044,45044,High,High,0.9325858044064828,0.027356611142076825,0.040057584451440545
22535,31535,Medium,Medium,0.034187276486514186,0.03265279805166934,0.9331599254618164
39774,48774,Medium,Medium,0.033382170157839765,0.03146570903604768,0.9351521208061125
12085,21085,High,High,0.9327283631900718,0.02834777791893922,0.03892385889098904
34546,43546,Low,Low,0.029557820743934288,0.9228013409521026,0.047640838303963096
3445,12445,Medium,Medium,0.05180065723646036,0.037786905441361485,0.9104124373221781
25024,34024,High,High,0.9332949765831238,0.03005327530495341,0.03665174811192282
1399,10399,Medium,Medium,0.02919598264230069,0.04068948546475292,0.9301145318929462
14497,23497,Low,Low,0.026895701827192423,0.9355487970044075,0.03755550116840018
24534,33534,Medium,Medium,0.029642631596413976,0.03279359298275843,0.9375637754208278
8823,17823,Low,Low,0.025506879931343276,0.939624361887538,0.03486875818111879
21260,30260,Medium,Medium,0.07394532944639652,0.03627866908794145,0.889776001465662
37338,46338,Low,Low,0.026427615284409404,0.9364287232361811,0.037143661479409514
20618,29618,Medium,Medium,0.03624445580791259,0.03896841680107533,0.9247871273910121
19115,28115,Medium,Medium,0.03413949708134705,0.03728238603809072,0.9285781168805621
20922,29922,Medium,Medium,0.07385842496687824,0.03401827027538869,0.892123304757733
12513,21513,Medium,Medium,0.03098234457199596,0.03740246645414002,0.931615188973864
36359,45359,High,High,0.9357586026601572,0.027813297555659224,0.03642809978418363
12164,21164,High,High,0.9339188091532118,0.02812243941987633,0.037958751426911914
3094,12094,Medium,Medium,0.036746571641041205,0.38289960900076475,0.5803538193581941
25631,34631,Low,Low,0.03846410893802883,0.9229631808582327,0.03857271020373841
11987,20987,Medium,Medium,0.03420349568775908,0.03497539389299647,0.9308211104192444
10963,19963,Medium,Medium,0.04266190593952662,0.05323961346725703,0.9040984805932163
8161,17161,Low,Low,0.02918019077054804,0.8921509358964551,0.07866887333299676
12489,21489,High,High,0.9257996754050931,0.025504050377192795,0.04869627421771414
6244,15244,Medium,Medium,0.03447460125117221,0.02704755994352,0.9384778388053078
38195,47195,Medium,Medium,0.030858029315337238,0.03126613953982074,0.937875831144842
27365,36365,Low,Low,0.03314210144455285,0.916322362702652,0.050535535852795084
29258,38258,Medium,Medium,0.032424284824851456,0.028154738300041126,0.9394209768751073
17611,26611,Low,Low,0.03529123924617047,0.91494516320637,0.04976359754745954
22331,31331,Medium,Medium,0.0550161395103663,0.3446210408529035,0.6003628196367302
21607,30607,Medium,Medium,0.03332772244490442,0.02829780026460588,0.9383744772904897
9899,18899,Low,Low,0.02760558725872632,0.923836441323422,0.04855797141785154
27036,36036,High,High,0.9350144236793777,0.026246217795722605,0.03873935852489969
31887,40887,Medium,Low,0.026674235071126606,0.79296116463171,0.1803646002971635
26607,35607,High,High,0.9362411570815873,0.026607819213348493,0.03715102370506423
30224,39224,Medium,Medium,0.031538568630025104,0.02963676153855832,0.9388246698314165
7595,16595,Medium,Medium,0.03744075106254232,0.034221432395879596,0.928337816541578
1280,10280,Medium,Medium,0.04429668374833995,0.02967498031361269,0.9260283359380473
2961,11961,Medium,High,0.9345781888076786,0.027353327927443948,0.038068483264877294
15661,24661,Medium,Medium,0.028272777963573064,0.027688734498434536,0.9440384875379925
4332,13332,Medium,Medium,0.03985967183136659,0.04257674375566848,0.9175635844129649
21740,30740,Low,Low,0.030489425388113906,0.9240545009593727,0.045456073652513355
15736,24736,Low,Low,0.02737592980277172,0.9349946409725324,0.03762942922469598
9088,18088,High,Medium,0.24132583413208333,0.06258004105715541,0.6960941248107613
6788,15788,High,High,0.9300723274872503,0.03139372709023827,0.038533945422511345
18081,27081,Low,Low,0.03195240783767651,0.9037568844371228,0.06429070772520062
19986,28986,Low,Low,0.029133074434382275,0.9199587317743623,0.05090819379125542
28322,37322,High,High,0.9357782615100242,0.02520385797511787,0.03901788051485789
36830,45830,Medium,Medium,0.040473359707829774,0.03915889122206533,0.9203677490701049
34057,43057,Low,Low,0.03310888553395906,0.7128271941922263,0.2540639202738147
618,9618,High,High,0.9360028576119616,0.02502471453699028,0.03897242785104824
3618,12618,Medium,Medium,0.05903220290585196,0.03522388264831161,0.9057439144458365
5167,14167,High,High,0.9323504541374175,0.027656979004254723,0.03999256685832789
25623,34623,Low,Low,0.028202724066971514,0.9025186199570893,0.06927865597593923
7841,16841,Low,Low,0.027058001504678224,0.9310139479108629,0.04192805058445879
28290,37290,Medium,Medium,0.03248995762916838,0.03216838799865388,0.9353416543721776
39546,48546,Medium,Medium,0.031753723525724524,0.028956846891554106,0.9392894295827214
15761,24761,Low,Medium,0.03290844417342386,0.061421243726337525,0.9056703121002386
5295,14295,Medium,Medium,0.03393790452964174,0.04421129565615014,0.9218507998142083
25849,34849,High,High,0.9372878536582411,0.02578611768175883,0.03692602866000011
33104,42104,High,High,0.9280065215011927,0.031256319983896635,0.04073715851491073
21468,30468,High,High,0.9346560584057372,0.02470149735706041,0.0406424442372024
32462,41462,Medium,Medium,0.02811983133625222,0.027640971058505215,0.9442391976052426
9539,18539,High,High,0.9353937191131173,0.028656615246984023,0.03594966563989872
3520,12520,High,Medium,0.03257964006992733,0.027787197545076175,0.9396331623849964
16093,25093,High,High,0.9354514957559443,0.02663151946319406,0.03791698478086172
38667,47667,Low,Low,0.030099095400278206,0.9342303620225989,0.035670542577122995
22660,31660,Medium,Medium,0.031557230453903067,0.029234295694306772,0.9392084738517902
32949,41949,Low,Low,0.025987167491225135,0.9335917781805118,0.04042105432826312
1170,10170,High,High,0.9343842898853416,0.02630918738566355,0.039306522728994875
23705,32705,Low,Low,0.02831029747211535,0.9348423308399197,0.03684737168796491
5186,14186,High,High,0.928074252827745,0.0333071035021352,0.03861864367011988
10906,19906,High,High,0.9283980041541042,0.029437469861871114,0.04216452598402475
14079,23079,Medium,Low,0.03614359395754193,0.8473705846489187,0.11648582139353932
20256,29256,High,High,0.9357507357741609,0.02730893179122255,0.03694033243461658
19045,28045,Medium,Medium,0.033455044400024544,0.03405299647074747,0.9324919591292279
35237,44237,Medium,Medium,0.08622084744984589,0.029969988156856187,0.8838091643932979
39404,48404,Medium,Medium,0.02949742178403625,0.027219816107778377,0.9432827621081854
18000,27000,High,High,0.937695970528296,0.02597832075500293,0.036325708716701155
23824,32824,Low,Medium,0.03606550058694458,0.03188179435862657,0.9320527050544287
38673,47673,High,High,0.9109449702680815,0.03750558522854793,0.05154944450337057
25148,34148,High,High,0.9321634549468564,0.028224801580279523,0.03961174347286408
5064,14064,Medium,Medium,0.031819559707952375,0.03439027037179427,0.9337901699202534
33145,42145,Medium,Medium,0.05217644435829788,0.04430946765369954,0.9035140879880026
14030,23030,Medium,Medium,0.03163948069062664,0.03134867686595977,0.9370118424434136
22284,31284,High,High,0.9175324570944229,0.03706992046730526,0.045397622438271744
37447,46447,Low,Low,0.032414485095262645,0.9245220887731982,0.0430634261315393
15059,24059,Low,High,0.9314631814307166,0.02673316103283176,0.041803657536451655
12031,21031,Low,Low,0.028033154640651883,0.9352479347707329,0.03671891058861524
30281,39281,Medium,Low,0.06663487443270967,0.7439129872753267,0.1894521382919636
466,9466,Medium,Medium,0.04990996173711352,0.17836465870520532,0.7717253795576812
33669,42669,High,High,0.9316981093584712,0.030595608821405412,0.03770628182012327
37456,46456,Low,Low,0.05173924616154527,0.8846913145959782,0.06356943924247656
17631,26631,Medium,Medium,0.03541271165205661,0.03788353479232832,0.9267037535556151
29675,38675,Medium,Medium,0.03626426675484948,0.037096724456045456,0.9266390087891049
30570,39570,Medium,Medium,0.03367920007981651,0.029719166797338742,0.9366016331228448
28302,37302,Medium,Medium,0.03703475901542754,0.030025829212555127,0.9329394117720172
17151,26151,Low,Low,0.0257919596001336,0.9380934630894003,0.036114577310466044
23970,32970,Medium,Medium,0.029130152860746227,0.032922975807008224,0.9379468713322456
26759,35759,High,High,0.9318342608133717,0.02677792752646195,0.04138781166016629
22247,31247,Medium,Medium,0.04242426949978589,0.0396744016785186,0.9179013288216956
27876,36876,High,Medium,0.029672487672043807,0.031747203807934964,0.9385803085200212
21038,30038,Medium,Medium,0.058529644369941826,0.16380929590022614,0.777661059729832
15091,24091,High,High,0.9342439892618306,0.028095759128094505,0.03766025161007492
14950,23950,Low,Medium,0.028996203835815592,0.02821452514891203,0.9427892710152724
2671,11671,Medium,Medium,0.02930393051680612,0.03438851967923058,0.9363075498039634
10131,19131,Medium,Medium,0.03862280510557042,0.04452242283894358,0.916854772055486
31310,40310,Medium,Medium,0.03413362051825503,0.030626985585526678,0.9352393938962184
5601,14601,Medium,Medium,0.030824487319465063,0.0317940565506434,0.9373814561298915
37327,46327,Low,Low,0.03070241275616037,0.921679599740053,0.047617987503786686
11513,20513,Low,Low,0.02629999327840167,0.9272764968870023,0.04642350983459593
30479,39479,High,High,0.9337792031355238,0.027487556727218296,0.038733240137257936
33686,42686,Medium,Medium,0.0674036702440716,0.04650678606001423,0.8860895436959142
26642,35642,High,Medium,0.030905073115365833,0.03300806066948661,0.9360868662151476
5910,14910,Medium,Medium,0.0483526353809531,0.03363471686833854,0.9180126477507083
23623,32623,Medium,Medium,0.050274027723680836,0.031844634567058126,0.917881337709261
35442,44442,Low,Low,0.04925906808174226,0.907962215348896,0.04277871656936181
27703,36703,Medium,Medium,0.04020422362907055,0.03464706264178317,0.9251487137291462
30646,39646,Medium,Medium,0.13305502411953885,0.049997200242829255,0.8169477756376319
1903,10903,Medium,Medium,0.030206470378853833,0.027125745401222933,0.9426677842199233
13041,22041,High,High,0.9341738307525311,0.0265718652853587,0.039254303962110125
21756,30756,Medium,Medium,0.03428128970084963,0.028928347918412353,0.9367903623807381
32901,41901,Medium,Medium,0.0285570492609284,0.028122228509194918,0.9433207222298767
25246,34246,Medium,Medium,0.03415498982199128,0.02849677230654603,0.9373482378714627
36449,45449,Low,Medium,0.032384565464072534,0.2574864902862482,0.7101289442496793
7400,16400,Low,Low,0.025133835898134824,0.9381906840723375,0.03667548002952759
34117,43117,Medium,Medium,0.049314740291893,0.028957182408822484,0.9217280772992845
19804,28804,Medium,Medium,0.032813499744651385,0.028639888278524567,0.9385466119768241
39078,48078,Medium,Medium,0.0318615589445234,0.032161081461704565,0.935977359593772
27244,36244,Low,Low,0.029068664811309947,0.9344839424692134,0.036447392719476765
19578,28578,High,Medium,0.03151053862014571,0.028894585351234042,0.9395948760286202
25703,34703,Medium,Medium,0.03991328950610842,0.029616186700183306,0.9304705237937084
25136,34136,Low,Low,0.03258313966255046,0.8699931640165085,0.0974236963209409
6882,15882,Medium,Medium,0.03774442894121623,0.03388056849334246,0.9283750025654415
18447,27447,High,High,0.8777499540475312,0.04663915847081895,0.07561088748164985
13603,22603,Medium,Low,0.029439208449432337,0.9313105145206474,0.03925027702992027
23276,32276,Low,Low,0.033037419182697036,0.9231936343424657,0.04376894647483725
36561,45561,Low,Medium,0.043069577409496546,0.14781194178974558,0.8091184808007578
13029,22029,Medium,Medium,0.05414326425287793,0.033501909470843284,0.9123548262762787
24153,33153,Low,Low,0.02740563961998042,0.9326365171216314,0.03995784325838824
21968,30968,Medium,Medium,0.040080613658171005,0.03282654323742078,0.9270928431044082
21356,30356,High,High,0.9369922422597373,0.02693317524227899,0.0360745824979836
36502,45502,Medium,Medium,0.028444074391290083,0.03128209151321007,0.9402738340954998
24007,33007,Medium,Medium,0.05541554924221439,0.03151230209483328,0.9130721486629523
3688,12688,Medium,Medium,0.027663445807479908,0.027365939374325937,0.9449706148181941
687,9687,Medium,Low,0.02708839186544222,0.9340540897330065,0.038857518401551334
14849,23849,Low,Low,0.027156005878702847,0.9225899754689258,0.0502540186523714
14111,23111,Low,Low,0.027400535355579094,0.8150374679317061,0.15756199671271487
34406,43406,Medium,Medium,0.036640368109954496,0.033489855271390895,0.9298697766186547
6957,15957,High,High,0.9353819502857923,0.026577529115750342,0.03804052059845728
26775,35775,Medium,Medium,0.03439842639515575,0.04528231482852746,0.9203192587763168
18432,27432,High,High,0.9333438622999347,0.027095760494648097,0.039560377205417184
31761,40761,Medium,Low,0.0315798452289972,0.7850347043148735,0.18338545045612922
26823,35823,Medium,Medium,0.03128139676398443,0.02996480200080534,0.9387538012352104
19616,28616,Medium,Medium,0.03205996106846906,0.03707680835927665,0.9308632305722543
24745,33745,Medium,Low,0.03026760114722606,0.6900757317414877,0.2796566671112862
18191,27191,Medium,Medium,0.046319676154507224,0.05172846751553609,0.9019518563299567
12179,21179,High,High,0.9332584157784197,0.028135341027394786,0.038606243194185395
3479,12479,Medium,Medium,0.03288373509983566,0.0299102398042638,0.9372060250959006
34164,43164,Low,Low,0.0319105068739803,0.9262912025145392,0.0417982906114805
30048,39048,Medium,Medium,0.030685719792382587,0.040248912637530505,0.9290653675700868
25460,34460,High,High,0.9322500325329318,0.02613212102351351,0.04161784644355457
25213,34213,Medium,Medium,0.02929342083693451,0.027109199712264862,0.9435973794508007
16198,25198,High,High,0.9218154856275359,0.031817337144630885,0.046367177227833296
15215,24215,Low,Low,0.028898300535032218,0.9301282334503833,0.04097346601458458
29603,38603,Medium,Medium,0.029457778972362663,0.027002662296476854,0.9435395587311604
30338,39338,High,High,0.9338110818181987,0.030628647258623454,0.03556027092317782
32445,41445,High,High,0.9272097425165202,0.03308091211706659,0.03970934536641316
16577,25577,Medium,Medium,0.03018744968230011,0.03285691129517177,0.9369556390225281
25705,34705,High,High,0.6298970124803199,0.03836269902782177,0.3317402884918584
17954,26954,Low,Medium,0.03837920094517852,0.04246440434935938,0.9191563947054622
19363,28363,Medium,Low,0.029442063765244445,0.9299166401297415,0.04064129610501412
13792,22792,Medium,Medium,0.035975327111136955,0.03147582137799992,0.932548851510863
28822,37822,Low,Low,0.027347220622252897,0.8374430977410019,0.13520968163674518
3064,12064,Low,Low,0.03014946906323111,0.9244190964582076,0.04543143447856115
37812,46812,Medium,Medium,0.18635511069727081,0.04378080558232566,0.7698640837204035
16967,25967,Low,Low,0.02578010990323423,0.9362585595689125,0.03796133052785337
24148,33148,High,High,0.9327009779970209,0.027911205844669457,0.03938781615830967
21222,30222,High,High,0.9387771027988503,0.024607435236776765,0.036615461964373104
8924,17924,Low,Low,0.037844250361916146,0.9145256294239893,0.04763012021409444
36709,45709,Medium,Medium,0.10822697399532055,0.05028385603521712,0.8414891699694623
39755,48755,Medium,Medium,0.04512861902094992,0.10742168240010568,0.8474496985789445
38541,47541,Medium,Medium,0.02929105638823906,0.02667987963950942,0.9440290639722516
25058,34058,Medium,Medium,0.04446899909185018,0.030875079528338224,0.9246559213798116
36872,45872,Medium,Medium,0.0522074416390187,0.059303668712641956,0.8884888896483393
18858,27858,Low,Low,0.03235359360591014,0.9239100927220285,0.04373631367206136
10967,19967,Low,Low,0.053303745576527874,0.8042144225974385,0.1424818318260337
26769,35769,Medium,Medium,0.04309865519575921,0.03047602590586974,0.926425318898371
14056,23056,Medium,Medium,0.029786586698474813,0.0349045290079876,0.9353088842935375
3825,12825,Medium,Medium,0.02743761243281007,0.16074429729703707,0.8118180902701528
16016,25016,Medium,Medium,0.03091192094885056,0.21847699146487642,0.7506110875862729
33064,42064,High,High,0.9349722072435807,0.02603675757452904,0.0389910351818904
22451,31451,Medium,Medium,0.042089702228555105,0.0409337493540445,0.9169765484174004
39274,48274,High,High,0.9353751814317414,0.027584807285110053,0.037040011283148565
30178,39178,Medium,Medium,0.03515435376387431,0.038407732807652306,0.9264379134284734
29825,38825,High,High,0.9349048395343803,0.027510824343556145,0.03758433612206339
17793,26793,High,High,0.9396044044302063,0.024220940496611054,0.03617465507318255
1584,10584,Low,Low,0.026889242980595546,0.9362565125704276,0.036854244448976746
23318,32318,High,High,0.9206520821643668,0.0379803869678604,0.041367530867772805
23206,32206,High,High,0.9080354374775187,0.034252410117888266,0.05771215240459301
1022,10022,Low,Low,0.02810597775854704,0.9296565365428123,0.04223748569864078
27542,36542,High,High,0.9340942815001007,0.027168209822261657,0.03873750867763762
18933,27933,Low,Low,0.027174852056619573,0.9379896744027646,0.03483547354061569
36639,45639,High,High,0.9314952888208937,0.03137059303205766,0.03713411814704857
32728,41728,Medium,Medium,0.02923551929690953,0.030225346137153674,0.9405391345659367
33395,42395,Medium,Medium,0.029735293570136007,0.3002085908619992,0.6700561155678647
3167,12167,Medium,Medium,0.09415154283617962,0.033785325975427764,0.8720631311883927
33491,42491,Low,Low,0.03813827689491407,0.9226531470128915,0.039208576092194684
770,9770,Medium,Medium,0.031192781771247475,0.028188777956022478,0.94061844027273
9015,18015,Low,Low,0.027460942492622462,0.9333804375855549,0.039158619921822756
17246,26246,High,High,0.933262929685299,0.02762214190663505,0.03911492840806583
15294,24294,Medium,Medium,0.032410898246618296,0.027637388344193894,0.9399517134091878
19006,28006,High,Medium,0.05075227118203913,0.0454254063844293,0.9038223224335317
25842,34842,Medium,Medium,0.036182282567817664,0.04235770445192542,0.9214600129802569
13749,22749,High,High,0.939244288632759,0.024862791733214443,0.03589291963402663
16290,25290,Medium,Medium,0.04711077700053881,0.03861117817203471,0.9142780448274265
35739,44739,Medium,Medium,0.03196110271787695,0.029732644587491305,0.9383062526946317
15882,24882,Low,Low,0.02683577125109372,0.9334146621430538,0.03974956660585252
25848,34848,Low,Low,0.02771416099210765,0.9323788879880289,0.03990695101986343
31070,40070,Low,Low,0.026542936952912422,0.93529346948797,0.03816359355911766
8238,17238,Medium,Medium,0.04028529921644574,0.19291262947667517,0.7668020713068792
18057,27057,Medium,Medium,0.03940605576234351,0.036059895790163325,0.9245340484474931
7161,16161,Medium,Medium,0.03649429905220596,0.03420289393121539,0.9293028070165787
38781,47781,Medium,Medium,0.0325426459131531,0.03375539484129692,0.9337019592455499
28834,37834,Medium,Medium,0.03162155807469611,0.02883071806573703,0.9395477238595668
10521,19521,Medium,Medium,0.034454846940289115,0.030516406702619975,0.9350287463570908
17555,26555,High,High,0.8970859413209601,0.04033109690406875,0.06258296177497115
38463,47463,Medium,Medium,0.030800864934714928,0.03258575356815712,0.9366133814971279
28014,37014,High,High,0.9368294327255864,0.025861431693468273,0.03730913558094536
5308,14308,Medium,Medium,0.033372165366740425,0.03347230353875794,0.9331555310945016
20182,29182,High,High,0.885918948553504,0.07202514776863317,0.04205590367786294
5900,14900,Low,Low,0.02667273938408814,0.9253998815319137,0.04792737908399825
3190,12190,Low,Low,0.05615912849289917,0.8715791448434037,0.07226172666369703
18195,27195,Medium,Medium,0.02706383177293342,0.39326445021533835,0.5796717180117282
27901,36901,Low,Low,0.03820203033770136,0.805542165179908,0.1562558044823906
28829,37829,Low,Medium,0.039423255202093783,0.03134812046860678,0.9292286243292995
12548,21548,Medium,Medium,0.033647878526404926,0.03287055118288442,0.9334815702907105
22020,31020,Medium,Medium,0.03248117144917895,0.03452117625168236,0.9329976522991386
31815,40815,Low,Low,0.03611097195967747,0.9245324051532521,0.03935662288707039
5029,14029,Medium,Medium,0.032448866921256286,0.030549503469740853,0.9370016296090028
3200,12200,High,High,0.9338274311318164,0.028074024834659105,0.03809854403352453
24973,33973,Low,Low,0.028401417925201258,0.9312427212389044,0.04035586083589435
16950,25950,Medium,Medium,0.04502601581718285,0.03056009099148849,0.9244138931913287
3533,12533,Medium,Medium,0.038497578732560295,0.03178025012076439,0.9297221711466753
33501,42501,High,High,0.924310933137277,0.03083364047892485,0.04485542638379832
21391,30391,High,High,0.9316009105398247,0.027585569071096466,0.04081352038907878
5194,14194,High,High,0.9266958876621917,0.031198402161105327,0.04210571017670293
24567,33567,High,Medium,0.0375363212785367,0.03154679616677455,0.9309168825546887
24853,33853,High,High,0.9389924789841526,0.02544540522977327,0.03556211578607411
30926,39926,High,High,0.9219713918289436,0.03886428709275544,0.03916432107830101
34472,43472,Medium,Medium,0.03449372458349721,0.03909675015815665,0.9264095252583461
39324,48324,Low,High,0.9320462631574093,0.028582638657990184,0.03937109818460034
19991,28991,High,High,0.9313886200175653,0.02642697144664725,0.04218440853578756
21262,30262,Medium,Medium,0.034412618384915154,0.03019177292044234,0.9353956086946424
19820,28820,Medium,Medium,0.0703007295674601,0.032335530611834175,0.8973637398207056
20625,29625,High,High,0.9379013925985314,0.02577387853026845,0.036324728871200106
21173,30173,High,High,0.93932314424028,0.02418218836064658,0.03649466739907347
20834,29834,Low,Low,0.033563628822981764,0.8653074667512465,0.10112890442577167
36939,45939,Medium,Medium,0.04268236682323697,0.031011548391226454,0.9263060847855366
39957,48957,High,High,0.9377495861933172,0.025554020691714027,0.03669639311496887
16476,25476,Medium,Low,0.03646968122452262,0.7045310628303835,0.2589992559450938
28294,37294,Low,Low,0.024754948658765208,0.9323557310558083,0.04288932028542647
7337,16337,Low,Low,0.02526162200674382,0.938260709255776,0.036477668737480144
25673,34673,High,High,0.9329349275480908,0.028598714832117095,0.038466357619792065
39836,48836,High,High,0.938073877819502,0.025499604467751024,0.03642651771274703
31266,40266,Low,Low,0.030338449847409427,0.8753631717693313,0.09429837838325927
19993,28993,High,Low,0.026877043957640432,0.9363015095042965,0.03682144653806307
21887,30887,Medium,Medium,0.028924417855889086,0.028229130702436187,0.9428464514416749
37863,46863,High,High,0.9285944865136363,0.028083262420663207,0.0433222510657005
38884,47884,Low,Low,0.031419044371427896,0.9297402515037946,0.03884070412477753
9157,18157,Medium,High,0.9168378007980603,0.028017573893600035,0.05514462530833958
14186,23186,Low,Low,0.02706966241897792,0.9233677343561352,0.049562603224887015
10396,19396,Low,Low,0.031134899589179924,0.9193597702073067,0.04950533020351339
28429,37429,Medium,Medium,0.042925062405236226,0.26364584311496125,0.6934290944798024
10645,19645,Medium,Medium,0.03634094621401974,0.039032400149428846,0.9246266536365514
36084,45084,Medium,Medium,0.029990581839586212,0.027895215766637296,0.9421142023937765
29811,38811,Low,Low,0.027702624595875112,0.9172540504047859,0.055043324999339095
34215,43215,High,High,0.9359895905487786,0.025030280025461583,0.03898012942575974
38346,47346,Low,Low,0.027339754999123795,0.9360886599257721,0.036571585075104246
19682,28682,Medium,Medium,0.03211339029265176,0.02754481982441873,0.9403417898829295
25378,34378,Medium,Medium,0.031019029106371318,0.028840037555374617,0.9401409333382541
36694,45694,High,High,0.9366705320164425,0.02451985523388481,0.038809612749672796
18177,27177,Medium,Medium,0.031933450146678255,0.030015056434741897,0.9380514934185799
17350,26350,High,High,0.9363884791889662,0.025594083061165045,0.03801743774986877
26026,35026,Low,Low,0.028402984568541446,0.9351086091579489,0.036488406273509716
17686,26686,High,High,0.934235600901595,0.02733160705331339,0.03843279204509164
12647,21647,Low,Low,0.029984880536141557,0.9317931709011879,0.0382219485626706
17988,26988,Low,Low,0.03141633689225721,0.9109643839427433,0.05761927916499956
990,9990,Medium,Medium,0.04380910887759615,0.03470265290033378,0.92148823822207
38435,47435,Medium,Medium,0.029894714924754266,0.03756105388561367,0.932544231189632
22196,31196,Medium,Low,0.02788734620697071,0.8503077959085275,0.12180485788450186
21773,30773,High,High,0.934164740131561,0.02953401813850004,0.03630124172993887
13557,22557,High,High,0.9287806930534099,0.026950421824822466,0.0442688851217676
13118,22118,Medium,Medium,0.029135356780742,0.029032801050467932,0.94183184216879
14812,23812,Medium,Medium,0.02925611752127268,0.027864277004267832,0.9428796054744595
22687,31687,Low,Medium,0.03439945870178943,0.032854519675142184,0.9327460216230682
19262,28262,Medium,Low,0.029899802023428446,0.5346544722700372,0.43544572570653445
11311,20311,Medium,Medium,0.03578944798601288,0.0325048547896849,0.9317056972243022
37813,46813,Medium,Medium,0.03846117191783804,0.0334605812128599,0.9280782468693021
17589,26589,Medium,Low,0.02670035912719951,0.931892261743753,0.04140737912904749
28709,37709,Medium,Low,0.03833162166235925,0.5905660195874095,0.37110235875023134
39883,48883,Low,Low,0.03253685852487529,0.9061909529494763,0.0612721885256484
6573,15573,Medium,Medium,0.03333950511323043,0.03750735452490666,0.9291531403618629
19037,28037,Low,Low,0.033695595466321566,0.537298353150614,0.4290060513830643
19721,28721,Low,Low,0.03553387589450045,0.6953569806473268,0.2691091434581728
4514,13514,High,High,0.9330227416174091,0.027498721803943582,0.03947853657864737
6481,15481,Low,Low,0.02684914615005787,0.9375266488798433,0.03562420497009879
25609,34609,Medium,Low,0.02723406769238007,0.9269000957364333,0.04586583657118674
31747,40747,Medium,Medium,0.05271529575635212,0.0481213192564435,0.8991633849872044
27727,36727,Low,Low,0.027910917870557977,0.8052827173246423,0.1668063648047998
10825,19825,Low,Low,0.05150575774228433,0.9084711658458308,0.04002307641188494
30666,39666,High,High,0.9361807903533418,0.025968096781194133,0.037851112865464075
12026,21026,Low,Low,0.025478748016934828,0.9384393527181834,0.03608189926488187
35338,44338,Low,Low,0.02922199141854809,0.9265110887105962,0.04426691987085587
6737,15737,Medium,Medium,0.03542977418221091,0.03228212620532366,0.9322880996124656
35182,44182,Low,Low,0.03540623601160126,0.9215652199288517,0.04302854405954696
5019,14019,Low,Low,0.02793875006101515,0.9353791191554416,0.03668213078354334
13086,22086,Low,Low,0.026942535696107144,0.8651605948284525,0.1078968694754403
20238,29238,Low,Low,0.030856637285012343,0.9327534204283946,0.036389942286593153
2806,11806,High,High,0.9268537882297201,0.034715420808093526,0.038430790962186406
39647,48647,Low,Low,0.02944201352059705,0.9300863814946716,0.04047160498473146
13116,22116,Medium,Medium,0.029099770568271593,0.16903574167401403,0.8018644877577144
11061,20061,Medium,Medium,0.03446677268799862,0.2371627615822156,0.7283704657297858
14986,23986,Low,Low,0.027545211127521216,0.9316938798011889,0.040760909071289854
4828,13828,Low,Low,0.027861762413617337,0.9209813792335154,0.0511568583528673
5868,14868,Medium,Medium,0.029831722091104573,0.02873003274979945,0.941438245159096
22665,31665,High,High,0.9382456696124631,0.025693345157909667,0.03606098522962714
26502,35502,Medium,Medium,0.031734673351154076,0.028768843496721857,0.9394964831521241
516,9516,Medium,Medium,0.029257058648102074,0.02878349929021487,0.941959442061683
1378,10378,Medium,Low,0.03076137763713817,0.9340910396976568,0.03514758266520481
4117,13117,Medium,Medium,0.04328585373654517,0.04971613892883927,0.9069980073346154
2787,11787,Low,Low,0.036559690998961995,0.9167475423282455,0.046692766672792534
11934,20934,Medium,Medium,0.029359857823007648,0.14067161933090147,0.8299685228460909
23614,32614,Low,Low,0.025477420315350514,0.939989193280022,0.03453338640462756
23098,32098,Low,Low,0.050393512408910435,0.9079400804291297,0.04166640716195986
39970,48970,Medium,Medium,0.029357622314846874,0.3291599840014305,0.6414823936837227
24053,33053,High,High,0.9354896875178671,0.025962997704804328,0.03854731477732864
9768,18768,Medium,Medium,0.032549132260467885,0.03328268912203188,0.9341681786175001
34149,43149,Medium,Medium,0.03823006035369638,0.027878521747107546,0.933891417899196
16320,25320,High,High,0.9360525188125349,0.026837554956738095,0.03710992623072676
15372,24372,Low,Low,0.0351274856833925,0.9190397872620181,0.045832727054589455
29483,38483,Medium,Medium,0.030162201637160994,0.03406618335925293,0.9357716150035861
20793,29793,High,High,0.934613770226599,0.02630347398376608,0.03908275578963489
22219,31219,Medium,Medium,0.030617922784161894,0.02806102130290526,0.9413210559129328
21251,30251,Medium,High,0.9318316146813342,0.03114478224992266,0.037023603068743076
39171,48171,Low,Low,0.028558769219806435,0.9047216522966481,0.06671957848354527
13113,22113,Medium,Medium,0.02962113833588528,0.029927180360809224,0.9404516813033054
12446,21446,Medium,Medium,0.029892143114413017,0.031012052865475703,0.9390958040201114
11561,20561,Medium,Medium,0.03471989201817328,0.02926983164143275,0.936010276340394
24546,33546,High,High,0.9364512816550369,0.0259908792454763,0.037557839099486845
22985,31985,High,High,0.9324013725719986,0.029411415262632436,0.03818721216536891
22814,31814,Medium,Medium,0.03382488914807933,0.02693848120584924,0.9392366296460715
18930,27930,High,High,0.9255773455289029,0.029192627943446504,0.04523002652765049
13720,22720,Low,Low,0.027811211474515016,0.9338460650251692,0.03834272350031568
31500,40500,Medium,Medium,0.20673895897709296,0.03595577762686061,0.7573052633960465
10903,19903,Medium,Medium,0.02748582636774692,0.02639573329748651,0.9461184403347666
27723,36723,Medium,Medium,0.25244527817165735,0.03586524802626594,0.7116894738020768
4160,13160,Medium,Medium,0.030008503566594267,0.15005068855590117,0.8199408078775047
20195,29195,Low,Low,0.03146025981826824,0.8985364647154195,0.0700032754663122
25467,34467,Low,Low,0.03780526672982046,0.8537902847914444,0.10840444847873505
12182,21182,Low,Low,0.027301042960246647,0.9314508621286492,0.04124809491110428
6381,15381,Medium,Medium,0.040806412467765736,0.029984541670632855,0.9292090458616014
6609,15609,High,High,0.9332544145339311,0.03055789348209187,0.0361876919839769
38045,47045,Medium,Medium,0.08899663760714376,0.040568532350775954,0.8704348300420803
31570,40570,Medium,Medium,0.13735867214285172,0.032442930154480985,0.8301983977026673
3647,12647,High,High,0.9353180903269204,0.02767481589394206,0.03700709377913757
11784,20784,High,High,0.921456720117947,0.03132955109642869,0.04721372878562441
12050,21050,Medium,Medium,0.03272575782609962,0.03191253059101462,0.9353617115828858
22205,31205,Medium,Medium,0.03540583007125137,0.03359516442489007,0.9309990055038585
8744,17744,High,High,0.9352210645479229,0.027542787731432122,0.03723614772064495
23166,32166,Low,Low,0.03256281099950216,0.9187193562735629,0.04871783272693486
4999,13999,Medium,Medium,0.02853926566617516,0.027167249459140896,0.9442934848746839
12704,21704,Low,Low,0.028191767573170837,0.9298928028091927,0.041915429617636425
1896,10896,Medium,Medium,0.04096627490804026,0.03597486182618174,0.923058863265778
34367,43367,Low,Low,0.026646549380830675,0.9377981124985483,0.035555338120621054
8822,17822,Low,Low,0.039124274191536725,0.9045798415963403,0.056295884212122976
9031,18031,Low,Low,0.029674899892363892,0.9231533599069048,0.0471717402007313
20441,29441,Medium,Medium,0.03998850066453493,0.0564033370129594,0.9036081623225057
5335,14335,Medium,Medium,0.030477196556425706,0.08566242056018357,0.8838603828833907
945,9945,Medium,Medium,0.0300854085322369,0.028538736056882105,0.941375855410881
39844,48844,Medium,Medium,0.03169637643938682,0.030931213505076587,0.9373724100555366
5289,14289,High,High,0.9367979213276141,0.0262754753791765,0.03692660329320948
29213,38213,High,High,0.9241389832548504,0.03148894611566164,0.04437207062948801
25441,34441,Medium,Low,0.03669781142664041,0.6734821269064716,0.2898200616668879
26029,35029,Medium,Medium,0.07303748139613801,0.03402146242035345,0.8929410561835086
15841,24841,Medium,Medium,0.03097294335716909,0.030896360022289345,0.9381306966205415
21191,30191,Medium,Medium,0.0367437870850049,0.17712577353546743,0.7861304393795278
34542,43542,Medium,Medium,0.030124499365317595,0.033654880252490554,0.9362206203821919
20960,29960,High,High,0.930557519210967,0.026955530587156034,0.04248695020187695
4831,13831,Medium,Medium,0.04358107363702879,0.030353808395264734,0.9260651179677065
21704,30704,High,High,0.9010070001029536,0.04205295777345174,0.0569400421235946
26255,35255,Medium,Medium,0.028084595441650834,0.03355374122482473,0.9383616633335244
13104,22104,High,High,0.922083280379771,0.035786661248695555,0.04213005837153344
18120,27120,Medium,Medium,0.036665697210653186,0.031693850001866246,0.9316404527874805
32883,41883,Medium,Medium,0.04102110057256612,0.028883086628476152,0.9300958127989576
31040,40040,Low,Low,0.027484958899238895,0.9297878686685991,0.04272717243216193
13874,22874,Low,Low,0.03668987832139712,0.925910335349348,0.03739978632925479
37701,46701,Low,Low,0.037694993756986685,0.9166925800322264,0.04561242621078692
35786,44786,Medium,Medium,0.03792972113312439,0.04628071689345197,0.9157895619734236
23627,32627,Low,Low,0.02738404393602371,0.91751653341968,0.05509942264429637
5866,14866,Low,Low,0.02610179423538284,0.9349461940523393,0.03895201171227785
35305,44305,Medium,Medium,0.03283184040692132,0.029435021977283014,0.9377331376157958
12556,21556,Medium,Medium,0.03072431885563895,0.030049662585627582,0.9392260185587333
26194,35194,High,High,0.9324903545835049,0.026557706397163885,0.04095193901933111
31755,40755,Medium,Medium,0.04351688455971009,0.028611020166418505,0.9278720952738713
31199,40199,High,High,0.9322881851697646,0.025627062077654916,0.042084752752580536
25892,34892,Medium,Medium,0.036782597918256235,0.03805650126114144,0.9251609008206024
3616,12616,Medium,Medium,0.03499934084657611,0.038907977697234634,0.9260926814561893
4615,13615,Low,Low,0.030443580614930976,0.768534977962472,0.201021441422597
13510,22510,High,High,0.9354716096746852,0.026832206975619072,0.03769618334969566
23364,32364,Low,Low,0.027687264994429212,0.9350291594455468,0.03728357556002402
39407,48407,High,Medium,0.04747741531661879,0.0306090161343609,0.9219135685490203
36254,45254,Low,Low,0.026486255860629016,0.8697139555651107,0.10379978857426038
12757,21757,Low,Low,0.04713702335843748,0.908730280442259,0.044132696199303455
22959,31959,High,High,0.9344811444449165,0.028824232979385408,0.03669462257569814
30401,39401,Medium,Medium,0.026972602713225935,0.03297672350254028,0.9400506737842337
7928,16928,Medium,Medium,0.03098236110628681,0.03845472568541866,0.9305629132082945
7637,16637,High,High,0.9334437985576572,0.027860005756381288,0.03869619568596153
3495,12495,Medium,Medium,0.032149572495470194,0.03144674789440554,0.9364036796101244
26273,35273,Medium,Medium,0.1359199982621569,0.04984024950553506,0.814239752232308
26282,35282,High,High,0.8818463434091046,0.03162304929714777,0.08653060729374762
5503,14503,Low,Low,0.04041087091581066,0.9193574671346617,0.04023166194952776
29548,38548,Medium,Medium,0.032859826033736474,0.03329919870093903,0.9338409752653245
8671,17671,Medium,Medium,0.04520498299848241,0.029200180411205607,0.9255948365903119
19292,28292,High,High,0.9342501038054047,0.027118183057252335,0.03863171313734285
27995,36995,High,High,0.9375986751811048,0.026354869592265764,0.036046455226629366
2554,11554,Medium,Low,0.03136122330396254,0.5824117471710727,0.3862270295249648
36724,45724,Medium,Medium,0.043262036817354854,0.027120601669196307,0.9296173615134489
18295,27295,High,High,0.9355162776807532,0.026274424212696258,0.038209298106550604
12818,21818,Medium,Medium,0.03769610869657294,0.03033066211077091,0.9319732291926561
16369,25369,Low,Low,0.038282682833314985,0.9214775966842813,0.040239720482403686
13522,22522,Medium,Medium,0.032385192110386984,0.03553807421939589,0.932076733670217
33184,42184,Low,Low,0.028157345763145103,0.935121866287349,0.03672078794950591
23153,32153,Low,Low,0.027544726571086878,0.9362142694570714,0.03624100397184179
8475,17475,Low,Low,0.03568025611345815,0.8318387659738528,0.13248097791268904
18569,27569,Low,Medium,0.032821712314165224,0.031253248190808526,0.9359250394950264
9169,18169,Low,Low,0.031006321576271437,0.9309565176248374,0.03803716079889113
12023,21023,Medium,High,0.7556069972764948,0.030058317602707506,0.21433468512079765
21676,30676,High,High,0.9238132445076687,0.03791677902580056,0.03826997646653082
7935,16935,Medium,Low,0.03689781725434862,0.7823478728390524,0.18075430990659894
16244,25244,High,High,0.9377954176957081,0.025454714186170624,0.036749868118121365
15491,24491,Medium,Medium,0.027083923896420153,0.03861852923960125,0.9342975468639786
35465,44465,Low,Low,0.03120181434702517,0.9170308973275413,0.051767288325433515
38639,47639,High,Medium,0.041642397962415555,0.042348178999530146,0.9160094230380542
22565,31565,Medium,Medium,0.03498632475091664,0.033487060994041355,0.9315266142550421
16225,25225,Low,Low,0.038483370200274154,0.913924066319626,0.04759256348009982
36916,45916,Low,Low,0.026708975844941,0.9331329264996198,0.040158097655439255
4111,13111,High,High,0.9319242838016454,0.02883248313926493,0.03924323305908969
31240,40240,Medium,Medium,0.02989429887568747,0.027687145863694293,0.9424185552606182
26022,35022,High,Low,0.027934143157665958,0.9221918035104029,0.049874053331931255
27582,36582,Medium,Medium,0.03247564571017467,0.03389931633432953,0.9336250379554958
33573,42573,Medium,Medium,0.035464559092379035,0.07366537035258187,0.8908700705550391
36662,45662,High,High,0.9377539297861072,0.026200950851474447,0.036045119362418346
14189,23189,Low,Low,0.030133571948242902,0.4879596859086661,0.481906742143091
20697,29697,Medium,Medium,0.08249876115444586,0.0712143678070449,0.8462868710385093
19999,28999,Medium,Medium,0.0293525690583112,0.030863932868981172,0.9397834980727077
5785,14785,Low,Low,0.02611618373538406,0.9383631854726991,0.03552063079191672
20784,29784,High,High,0.9350341862613086,0.028386191933854943,0.03657962180483648
123,9123,Medium,Medium,0.03054047386699219,0.030885902955102726,0.938573623177905
31161,40161,Medium,Medium,0.04122292462033025,0.03618924293490478,0.922587832444765
30472,39472,Medium,Medium,0.07820682422883066,0.04048719150961194,0.8813059842615574
34393,43393,Low,Low,0.03001707920130058,0.9301706951134873,0.03981222568521214
2861,11861,Medium,Medium,0.03401138700973743,0.03594870874735561,0.930039904242907
24761,33761,Low,Low,0.035560269475220584,0.8590864401360657,0.10535329038871383
4489,13489,Low,Low,0.03376166265473274,0.9181033246365148,0.04813501270875254
9321,18321,Medium,Medium,0.03010402964185785,0.028503882588041304,0.9413920877701009
9603,18603,Medium,Medium,0.12381675546553927,0.041231107057774934,0.8349521374766858
21089,30089,Medium,Medium,0.03532647993401127,0.028105582451764047,0.9365679376142246
32565,41565,Medium,Medium,0.2618541359628111,0.03625212095275399,0.7018937430844349
23292,32292,High,High,0.9372698619418035,0.026508696216918513,0.03622144184127809
14663,23663,Medium,Medium,0.03696634956421176,0.029240456293522444,0.9337931941422659
8034,17034,Low,Medium,0.04996490545698996,0.094176840606925,0.8558582539360851
18205,27205,Medium,Medium,0.029598032601356475,0.03486978987014752,0.935532177528496
3326,12326,High,High,0.9304239878062016,0.02396569089943713,0.045610321294361066
13397,22397,Low,Low,0.026328773267156786,0.9221628157079022,0.05150841102494103
22759,31759,Medium,Medium,0.03050327969259779,0.027877541640166485,0.9416191786672358
34760,43760,Medium,Medium,0.028336140663137412,0.028026916426973705,0.9436369429098889
18451,27451,Medium,Medium,0.03764920813471726,0.030327860314812053,0.9320229315504708
30653,39653,Low,Low,0.025679420238434506,0.9391186033968904,0.035201976364675064
4641,13641,Medium,Medium,0.033372820382470525,0.028112067979915296,0.9385151116376141
6880,15880,Low,Low,0.02798789001611654,0.9342129810819121,0.03779912890197132
29400,38400,High,High,0.9049258362639186,0.02779350852802683,0.0672806552080545
3877,12877,Medium,Medium,0.02876263079674611,0.05198968277252411,0.9192476864307298
18414,27414,High,High,0.9317010088517614,0.031506414440498474,0.036792576707740055
1182,10182,High,High,0.93143225020233,0.026504490486951388,0.04206325931071856
5892,14892,Medium,Medium,0.02962814201215278,0.027900503422908837,0.9424713545649385
39684,48684,High,High,0.938184827998846,0.024722740336413095,0.037092431664740994
16659,25659,High,High,0.9266127789317634,0.027629744204489864,0.04575747686374673
17240,26240,Medium,Medium,0.08002352961669218,0.03105241123307213,0.8889240591502356
24234,33234,High,High,0.936057021710519,0.026654263727451045,0.03728871456202992
10110,19110,High,Low,0.02740107498181618,0.935830962052505,0.03676796296567881
22826,31826,Medium,Medium,0.03345412551405211,0.037557494935640645,0.9289883795503072
15828,24828,Low,Low,0.028638615867800827,0.8896465452533461,0.08171483887885304
30425,39425,Low,Low,0.03897569111245009,0.9149159836276309,0.04610832525991896
24950,33950,Medium,Medium,0.031425615259737895,0.02950874647620726,0.9390656382640549
39155,48155,Medium,Medium,0.02778713742339939,0.02655185670337934,0.9456610058732213
11263,20263,High,High,0.9245461084574759,0.029031031336660833,0.046422860205863316
36654,45654,Medium,Medium,0.031784880590672374,0.06225635216249298,0.9059587672468347
22143,31143,Low,Low,0.03259494466344915,0.9288076840459585,0.038597371290592354
9527,18527,High,High,0.9368917462068348,0.02472812890846469,0.03838012488470042
33937,42937,Medium,Medium,0.03322864564569849,0.030381093090131844,0.9363902612641697
19904,28904,Low,Low,0.026818746975274355,0.9292936824795465,0.043887570545179076
2462,11462,Low,Low,0.027904346940345385,0.7268811917943374,0.24521446126531732
27107,36107,Medium,Medium,0.031758297738283404,0.03159465261687864,0.9366470496448379
34202,43202,Medium,Medium,0.04597922402781846,0.031183963612755106,0.9228368123594265
35099,44099,Low,Low,0.02774116791232346,0.9227804917325856,0.04947834035509093
17688,26688,Medium,Medium,0.05789508529341342,0.05076468867544038,0.8913402260311463
44,9044,High,High,0.9336224949948257,0.026981677183725915,0.03939582782144848
18324,27324,Medium,Medium,0.03008564262595788,0.031151942305152867,0.9387624150688892
6523,15523,Low,Low,0.02793411289248858,0.9356624876287194,0.03640339947879207
19824,28824,High,High,0.9390301607220356,0.02508273495200232,0.03588710432596213
25258,34258,High,High,0.9106004186052695,0.029436484827594353,0.059963096567136165
11707,20707,Low,Low,0.03337149366248383,0.8173691643995026,0.14925934193801366
11854,20854,Medium,Medium,0.03771289512744225,0.03558659776006876,0.9267005071124891
3506,12506,Medium,Medium,0.02969574302619085,0.027901380534305808,0.9424028764395033
37014,46014,High,High,0.8968404009020006,0.039852587386745325,0.06330701171125412
31784,40784,Medium,Medium,0.03066993784306038,0.03149415672430058,0.9378359054326392
32068,41068,Low,Low,0.026211801520424054,0.9325061298570168,0.04128206862255924
27158,36158,Low,Low,0.030302272288036836,0.9261309291946462,0.04356679851731682
401,9401,Low,Low,0.027751852707422076,0.9363932253957983,0.0358549218967796
5675,14675,Medium,Medium,0.029934268246954044,0.033637406456811,0.936428325296235
31023,40023,High,High,0.934653044353603,0.02928192625665436,0.03606502938974259
3286,12286,Low,Low,0.02644923975428898,0.9380223300184625,0.035528430227248504
23462,32462,Medium,Medium,0.03230678760656386,0.05437741024402814,0.913315802149408
17172,26172,Medium,Medium,0.02948918602748045,0.027181570568078777,0.9433292434044408
10770,19770,Medium,Medium,0.03034135578678765,0.029100950000974988,0.9405576942122374
37995,46995,High,High,0.9281320941605725,0.03291615218337382,0.03895175365605367
22017,31017,Medium,Medium,0.03444280233816673,0.03824007669314213,0.9273171209686911
25616,34616,Medium,High,0.9355191228560842,0.02679954540733755,0.03768133173657837
33414,42414,Medium,Medium,0.029643647726490464,0.028760867633248376,0.9415954846402611
12122,21122,Low,Low,0.031986328602696755,0.918064153659715,0.04994951773758811
23335,32335,Medium,Medium,0.03374170347174509,0.034767587980382764,0.9314907085478721
4209,13209,Medium,Medium,0.06256084828643099,0.048763063848681176,0.8886760878648877
23230,32230,High,High,0.9343345050020003,0.027394779399911324,0.038270715598088416
27631,36631,Medium,Medium,0.032918819984981654,0.035125887066975496,0.9319552929480427
16623,25623,Low,Low,0.03382733250888053,0.9271998775671721,0.038972789923947315
29923,38923,Medium,Medium,0.02735059862646097,0.029591259007480348,0.9430581423660588
8825,17825,Medium,Medium,0.03610882058332634,0.03402727533155809,0.9298639040851157
37595,46595,Medium,Medium,0.03386800073595002,0.03310120433551573,0.9330307949285342
28775,37775,Medium,Medium,0.031079978600838155,0.028320063770303047,0.9405999576288587
31728,40728,Medium,Medium,0.03754761123736339,0.031409755664532496,0.9310426330981042
22152,31152,Medium,Medium,0.03408548433250078,0.050130935116581954,0.9157835805509172
6594,15594,High,High,0.9388197225642531,0.024034782692114846,0.03714549474363199
2520,11520,High,High,0.9283169985597871,0.02957402766137136,0.042108973778841575
18936,27936,High,High,0.9383906860141548,0.02634371243143864,0.03526560155440655
37270,46270,Low,Low,0.028998610395081503,0.8633270464194606,0.10767434318545788
7889,16889,Medium,Medium,0.03009756823998723,0.0303481156480087,0.939554316112004
8641,17641,Low,High,0.90427026310712,0.05384650994678716,0.04188322694609287
20997,29997,Medium,Medium,0.0286855509755963,0.02910889120715997,0.9422055578172438
12592,21592,Low,Low,0.035063348934614776,0.9247757908507421,0.04016086021464322
20606,29606,Medium,Medium,0.04839071853042121,0.026446273560654623,0.9251630079089243
23613,32613,Medium,Medium,0.03301434501562156,0.25025373623425634,0.7167319187501221
33440,42440,Low,Low,0.039224726869195904,0.9064067029938722,0.05436857013693177
35910,44910,Medium,Medium,0.03735849994858279,0.2585246733715798,0.7041168266798374
21000,30000,High,Medium,0.034254365748417386,0.029278752086654387,0.9364668821649283
25418,34418,Medium,Medium,0.03297555485843078,0.03633398603502883,0.9306904591065405
26640,35640,High,High,0.9309326236361386,0.02822597219605261,0.04084140416780872
9760,18760,Low,Medium,0.033314080797709485,0.035290706219799434,0.9313952129824911
6648,15648,Low,Low,0.02910283884317828,0.8940324942490663,0.07686466690775536
33117,42117,Medium,High,0.9356055848164292,0.027846521566152027,0.03654789361741895
19148,28148,Medium,Medium,0.032820990307476046,0.029960234221767957,0.937218775470756
19178,28178,Low,Medium,0.037325941715104026,0.03499216915047681,0.9276818891344192
6428,15428,High,Medium,0.029750633837421298,0.03705150165406176,0.933197864508517
33346,42346,Low,Low,0.024974161783614727,0.9375810806954247,0.037444757520960686
619,9619,Medium,Medium,0.032725370098880845,0.033719153490195275,0.9335554764109238
37389,46389,Medium,Medium,0.04182715107306719,0.032670108943366444,0.9255027399835664
24554,33554,Medium,Medium,0.03591164721633211,0.03788717745099104,0.9262011753326768
20494,29494,Medium,Medium,0.031114239047222447,0.030220186349248872,0.9386655746035286
14648,23648,Low,Low,0.030057311404837805,0.9301131957583163,0.03982949283684583
39576,48576,High,High,0.9353274087989788,0.02726216599396447,0.037410425207056675
20638,29638,High,High,0.9375041947628899,0.02575436698867822,0.03674143824843181
36212,45212,Medium,Medium,0.039800743667043635,0.034581140809233614,0.9256181155237228
16023,25023,Medium,Medium,0.030435506246041244,0.028442452645740208,0.9411220411082186
31087,40087,Medium,Medium,0.03153478790555266,0.02971178195216927,0.9387534301422781
1062,10062,High,Medium,0.029490598470089585,0.03378688687625949,0.9367225146536509
24405,33405,Medium,Medium,0.030800859659491617,0.029510495016473265,0.9396886453240351
18790,27790,Medium,Medium,0.032963672174316554,0.028968511165075875,0.9380678166606077
23152,32152,Medium,Medium,0.03409792165708286,0.031053010515841476,0.9348490678270757
6676,15676,High,High,0.8565175261781959,0.0401595785351248,0.10332289528667936
5006,14006,High,High,0.8690584835234435,0.03717107865442356,0.09377043782213289
24588,33588,Medium,Medium,0.029562131479800035,0.027719668577125517,0.9427181999430744
8348,17348,Medium,Medium,0.03270898463376568,0.029204402628829673,0.9380866127374047
10418,19418,Medium,Medium,0.037540895017355864,0.03521380025407659,0.9272453047285675
29373,38373,Low,Low,0.029324876080148263,0.9329793760167072,0.0376957479031445
5253,14253,High,High,0.9371323031627828,0.024752694240584586,0.038115002596632655
8287,17287,High,Low,0.029178080356808318,0.9273472445969523,0.043474675046239246
27632,36632,Medium,Medium,0.158483455705874,0.03260899335849057,0.8089075509356354
39611,48611,Low,Low,0.028144092238407536,0.935851347772578,0.03600455998901459
14771,23771,Medium,Medium,0.030079819458103892,0.027955230356168204,0.9419649501857279
24297,33297,Medium,Medium,0.03072624868148399,0.027695853312258777,0.9415778980062571
29682,38682,Medium,Medium,0.030524744423426512,0.02966840883194619,0.9398068467446273
8944,17944,Low,Low,0.027354814137801345,0.9352450112340908,0.03740017462810768
31077,40077,Medium,Medium,0.030580128800889454,0.030995606834652,0.9384242643644587
1108,10108,Medium,Medium,0.03686807090592448,0.030042075893738363,0.9330898532003372
20924,29924,High,High,0.937675964188342,0.025193896327564694,0.03713013948409338
10951,19951,Medium,Medium,0.027319750711011795,0.02720355385832406,0.9454766954306643
37906,46906,Low,Low,0.04515535043320993,0.915601742429646,0.039242907137144144
26770,35770,Low,Low,0.026570108348696428,0.9212951426835206,0.05213474896778291
21049,30049,Low,Low,0.029805434739462594,0.9139542990672919,0.056240266193245465
39930,48930,High,High,0.9380095565143772,0.02526391068096875,0.03672653280465401
38543,47543,Low,Low,0.027058744273381046,0.9312390281586397,0.04170222756797929
11896,20896,High,Low,0.029168957663290074,0.9269909558087551,0.04384008652795473
14450,23450,Medium,Medium,0.028897548971307765,0.030436121975972535,0.9406663290527199
38066,47066,Medium,Medium,0.041254731601022436,0.0302536249328834,0.9284916434660943
11908,20908,Low,Low,0.04251981212044904,0.9174546849441133,0.04002550293543766
18840,27840,High,High,0.933673702331061,0.027991060263488868,0.03833523740545016
39469,48469,High,High,0.9291373158596673,0.031221483226760143,0.039641200913572615
25656,34656,High,High,0.926743629346471,0.029874911595835215,0.043381459057693694
20011,29011,Medium,Medium,0.03092505614399795,0.033778487013802795,0.9352964568421993
19172,28172,High,High,0.9347137880008027,0.027213542398437512,0.03807266960075966
8142,17142,Medium,Medium,0.03453952811342387,0.02777132485255381,0.9376891470340224
32292,41292,High,High,0.9341269868522764,0.028685924025121618,0.03718708912260197
4259,13259,Medium,Medium,0.05665971876037795,0.03267314998229182,0.9106671312573301
9419,18419,High,High,0.9340638388673241,0.02675426115166335,0.03918189998101267
31248,40248,Medium,Medium,0.03042426424783799,0.02718880296179972,0.9423869327903622
3111,12111,Medium,Medium,0.046405998865696345,0.09276192976467845,0.8608320713696251
35662,44662,Low,Low,0.02848124904647992,0.9074401226448942,0.06407862830862594
29577,38577,Medium,Medium,0.026479595949414934,0.04454638225592702,0.9289740217946582
37723,46723,Low,Low,0.02900745001457186,0.9242759464809387,0.04671660350448927
28213,37213,Low,Low,0.031457723546690804,0.9086345325888483,0.05990774386446097
16130,25130,Low,Low,0.031605348202636434,0.6899957733045218,0.27839887849284184
38069,47069,Medium,Low,0.026702207485914214,0.8071392115978117,0.16615858091627397
24913,33913,Low,Low,0.031796275139215104,0.9283936976387576,0.03981002722202738
34077,43077,High,High,0.9286285584934468,0.031691256789518514,0.039680184717034654
28430,37430,Medium,Medium,0.0355655619880297,0.03241503567193719,0.9320194023400332
26651,35651,High,High,0.8898457086061852,0.04387222258621764,0.06628206880759711
1375,10375,Medium,Medium,0.03344034894537196,0.03927750059480898,0.9272821504598191
7437,16437,Medium,Medium,0.03275089589134147,0.028975902148175487,0.938273201960483
37316,46316,Low,Low,0.02759372957123159,0.9298484327564126,0.042557837672355804
234,9234,Medium,Medium,0.03562211270811814,0.04160407349132005,0.9227738138005619
32536,41536,Medium,Medium,0.02745196213660772,0.028063468474388103,0.9444845693890042
39952,48952,Medium,Medium,0.046521235707261965,0.30802062996697155,0.6454581343257665
20867,29867,Medium,Medium,0.03049818523556468,0.02891991719644367,0.9405818975679915
26112,35112,Medium,Medium,0.05237969330560152,0.036227189512679454,0.9113931171817189
34113,43113,High,High,0.9379115523311942,0.025280418773339905,0.03680802889546603
30613,39613,Medium,Medium,0.03214546466784599,0.029600106850243234,0.9382544284819109
2083,11083,Medium,Medium,0.030709170651281235,0.03642722610114882,0.93286360324757
21581,30581,Medium,Medium,0.06488063311628119,0.03657015390514289,0.8985492129785758
16042,25042,Medium,Medium,0.053227480629345424,0.12138016226428472,0.8253923571063698
661,9661,Medium,Medium,0.03221242532153579,0.031045092437222758,0.9367424822412413
4277,13277,Low,Low,0.032668136765908094,0.9129424332023334,0.054389430031758584
28785,37785,High,High,0.9313536643006977,0.03205592781446982,0.0365904078848325
6943,15943,Medium,Medium,0.03423266623743455,0.028671918057947134,0.9370954157046182
37409,46409,Low,Low,0.04159383736037143,0.813066223471432,0.14533993916819657
25390,34390,Low,Low,0.03565426815916382,0.6820247002343574,0.2823210316064788
30551,39551,High,High,0.9360376804046765,0.027257648813164632,0.036704670782158826
11203,20203,Low,Low,0.025651408750443933,0.9380993351153105,0.036249256134245685
1652,10652,Medium,Medium,0.03002429289475489,0.028390656322478943,0.941585050782766
10361,19361,Low,Low,0.03255269758752702,0.9285978664861378,0.038849435926335225
20787,29787,Medium,Medium,0.028886141351981354,0.03451667118381042,0.9365971874642082
21097,30097,Medium,Medium,0.03666422892988345,0.02990457141526173,0.9334311996548547
17147,26147,Medium,High,0.9364292759282651,0.027849794111554305,0.03572092996018061
11427,20427,Low,Low,0.04108679473366551,0.8825281566136433,0.07638504865269119
37061,46061,Medium,Medium,0.04964161896823029,0.05620936149155755,0.8941490195402122
21698,30698,Medium,Medium,0.028059354549979695,0.030067987648660203,0.9418726578013601
25844,34844,Medium,Medium,0.0357580571246668,0.028859481725723734,0.9353824611496094
15161,24161,Medium,Medium,0.02748620125676364,0.02869720591713396,0.9438165928261024
34222,43222,Low,Low,0.02810941398139881,0.926342148756052,0.04554843726254914
16388,25388,Medium,Medium,0.030486816487929974,0.028683229750179073,0.940829953761891
7028,16028,High,High,0.9303099838133536,0.02916253702809672,0.04052747915854973
38701,47701,High,High,0.934163359296876,0.026663715217549056,0.03917292548557494
8241,17241,High,High,0.9372045936216259,0.025702481666711036,0.03709292471166311
19020,28020,Low,Low,0.04232993489388725,0.9089617799286921,0.04870828517742063
16550,25550,Low,Low,0.03876590759664563,0.7522834338048622,0.20895065859849213
27838,36838,High,High,0.9346259960928616,0.027321250685724715,0.03805275322141361
39972,48972,Medium,Medium,0.034039930549618846,0.031371507976978776,0.9345885614734023
38740,47740,Low,Low,0.04700262779961841,0.9112888659472652,0.04170850625311637
1104,10104,Low,High,0.9254348770313762,0.030949926621053014,0.043615196347570794
15585,24585,Medium,Medium,0.03202019413231962,0.031070582386790547,0.9369092234808899
1907,10907,High,High,0.9362587919278758,0.02649524989605648,0.03724595817606779
20702,29702,Low,Low,0.027003151004404275,0.9349998249728552,0.03799702402274053
18148,27148,Low,Low,0.027344067778792617,0.926418714792327,0.04623721742888042
33791,42791,Low,Low,0.030415570585176733,0.932085779142534,0.037498650272289234
5661,14661,Low,Low,0.03377692354873166,0.9221020644154202,0.04412101203584817
33239,42239,High,High,0.9368716111552579,0.025625583045797675,0.03750280579894452
26158,35158,Low,Low,0.033599433343323604,0.9236472426965019,0.04275332396017445
22647,31647,Medium,Medium,0.03506828584680952,0.03246949874308741,0.9324622154101031
26461,35461,Medium,Medium,0.030601107954079013,0.02924081653477764,0.9401580755111434
17217,26217,Medium,Medium,0.03724773979075922,0.03100355644000959,0.9317487037692311
37283,46283,High,High,0.9278981894096406,0.029662591631380377,0.04243921895897903
4991,13991,Low,Low,0.02579586411848392,0.7836302296750769,0.1905739062064392
27377,36377,Low,Low,0.027171813574769697,0.9281089452384234,0.04471924118680697
15184,24184,Medium,Medium,0.03365607533643545,0.029135782238344284,0.9372081424252202
20026,29026,Medium,Medium,0.1280249676684235,0.04227060647691805,0.8297044258546583
28374,37374,Low,Low,0.028465549605752618,0.9266605670292972,0.04487388336495024
32347,41347,Low,Low,0.03874558836569487,0.9159586694665477,0.04529574216775744
37019,46019,Low,Low,0.035707896842821545,0.7232769117473038,0.24101519140987468
20717,29717,High,High,0.9281597620098797,0.02742227194618468,0.04441796604393553
25360,34360,Medium,Medium,0.03597293237989274,0.030116386079956453,0.9339106815401509
33924,42924,High,High,0.938151621251957,0.02481226175442845,0.03703611699361468
18386,27386,Low,Low,0.03548628991013219,0.9186920571241837,0.04582165296568411
30580,39580,Medium,Medium,0.02721645898716245,0.030546145980830667,0.942237395032007
10671,19671,High,High,0.9387546126909888,0.024936429537847592,0.03630895777116358
34532,43532,Medium,Medium,0.03176440796889893,0.030188641032537596,0.9380469509985634
17727,26727,Medium,Medium,0.03352852379739731,0.02957465572599177,0.9368968204766109
17839,26839,Medium,Medium,0.0316145791045072,0.034727872277493105,0.9336575486179997
35076,44076,Low,Low,0.027952548785171682,0.9339282775675616,0.03811917364726678
15340,24340,Low,Low,0.027375441737928472,0.9264716953804873,0.04615286288158412
31634,40634,Medium,Medium,0.042603194987526044,0.30402442496795784,0.6533723800445161
17044,26044,Low,Low,0.025975369708408233,0.9387525970039118,0.03527203328767994
26072,35072,Low,Medium,0.03924251364191926,0.0387991683754865,0.9219583179825942
2089,11089,Medium,Medium,0.03491896483805124,0.03445002965075721,0.9306310055111916
27543,36543,High,Medium,0.032702479737428757,0.03232807212677769,0.9349694481357936
9478,18478,Medium,Medium,0.031508301564814545,0.03400859361866865,0.9344831048165169
19908,28908,Medium,Medium,0.04585802674603195,0.04133564280345217,0.912806330450516
32018,41018,High,High,0.9336988260108302,0.027274464970174075,0.03902670901899566
11005,20005,Medium,Medium,0.042508683433413574,0.04064882182160882,0.9168424947449777
29590,38590,Low,Low,0.03144043469046676,0.9059864040900928,0.06257316121944051
24362,33362,High,High,0.9393726243624415,0.025142348875980502,0.035485026761578
27262,36262,High,High,0.9231023079183885,0.028919683532676942,0.04797800854893458
4815,13815,Medium,Medium,0.03322827304088976,0.028130596944130795,0.9386411300149794
39342,48342,Medium,Medium,0.033472484965846774,0.1792785749842131,0.7872489400499401
6884,15884,Low,Low,0.02957395162488859,0.9295190657067511,0.04090698266836019
16175,25175,High,High,0.9341322055696315,0.027650782746791808,0.0382170116835766
10463,19463,Medium,Medium,0.028619003189681465,0.03304364875983676,0.9383373480504819
7836,16836,High,High,0.937880530175829,0.02494866427210767,0.03717080555206318
38427,47427,Low,Low,0.030121794783351075,0.9314542365799934,0.03842396863665561
23579,32579,Medium,Medium,0.03836155724120311,0.034977283410917444,0.9266611593478795
29964,38964,High,High,0.9267334800817745,0.033933743195881945,0.0393327767223436
19266,28266,Medium,Medium,0.03116750530431527,0.030101132329910633,0.938731362365774
20958,29958,Low,Low,0.02646739321034561,0.936723182959963,0.03680942382969122
3162,12162,Low,Low,0.028004782249234236,0.8652143961608042,0.10678082158996159
26145,35145,Low,Low,0.03960265055021237,0.9189274566198709,0.041469892829916775
15530,24530,Medium,Medium,0.03866923523213652,0.12474585033040586,0.8365849144374575
13283,22283,High,High,0.932441311495544,0.028602295347350464,0.03895639315710558
31215,40215,Low,Low,0.02637929888784744,0.9377852260200331,0.035835475092119644
29887,38887,Low,Low,0.02778872560425441,0.9328532732282246,0.03935800116752089
13901,22901,High,High,0.933526340240431,0.026940279000915262,0.039533380758653786
32179,41179,Medium,Medium,0.08936369401158158,0.042199318469627524,0.8684369875187908
4158,13158,Low,Low,0.026725457826725123,0.9282570973259933,0.04501744484728163
31326,40326,Low,Medium,0.03100591175982721,0.027834372023364782,0.941159716216808
15068,24068,Low,Low,0.027432884068522716,0.9344232914240854,0.038143824507391885
27305,36305,Medium,Medium,0.029288804738490045,0.028901586595009302,0.9418096086665008
8444,17444,Low,Low,0.030098826095800706,0.9219530571596737,0.047948116744525655
4954,13954,High,High,0.9257504106298811,0.03162715369537903,0.04262243567473989
36096,45096,Medium,Medium,0.03276703856641865,0.029110393763827135,0.9381225676697542
38636,47636,Medium,Medium,0.031145759531436445,0.0334645361167367,0.9353897043518268
39236,48236,Low,Low,0.03666391203435532,0.9110396114385573,0.0522964765270874
34890,43890,Medium,Medium,0.03785712238892955,0.20304460484882259,0.7590982727622478
2779,11779,Medium,Medium,0.04727009242689029,0.033641919436855544,0.919087988136254
39280,48280,Low,Low,0.025254834745706528,0.9388017434759908,0.03594342177830275
20597,29597,Medium,Medium,0.043508390795064654,0.03126732601058236,0.925224283194353
10977,19977,Low,Low,0.04519869241918386,0.9130081178982485,0.04179318968256762
36619,45619,Medium,Medium,0.037197680908789284,0.03151288349829955,0.9312894355929111
25224,34224,Low,Low,0.02880297351239479,0.8964845246930384,0.0747125017945668
12848,21848,High,High,0.5667001624807899,0.02734125937547205,0.4059585781437381
34841,43841,Medium,High,0.936823696931096,0.024350192516082603,0.03882611055282129
36233,45233,High,High,0.918828314288552,0.02822970872076459,0.05294197699068328
24659,33659,Medium,Low,0.02782238004888679,0.9263763809429685,0.04580123900814468
23019,32019,Medium,Medium,0.032545122447415205,0.03038963023858283,0.9370652473140019
8359,17359,High,High,0.9285398983723199,0.03295616884249355,0.038503932785186525
1089,10089,Low,Low,0.03500124163262711,0.8845876624040617,0.08041109596331114
20099,29099,Medium,Medium,0.02732584878803988,0.02788483747644369,0.9447893137355164
14566,23566,Medium,Medium,0.02858599022093492,0.027543694191744076,0.943870315587321
12877,21877,Medium,Medium,0.03376295048953678,0.029919255616991176,0.936317793893472
7612,16612,Medium,Medium,0.029893082910387645,0.027814221231424918,0.9422926958581873
31848,40848,Medium,Medium,0.10200962597861823,0.10014389599222995,0.7978464780291518
39278,48278,Medium,Medium,0.029355181044550958,0.032480150033802516,0.9381646689216464
23265,32265,Low,Low,0.02994278346154482,0.9321863379793797,0.03787087855907555
4466,13466,High,Medium,0.036868063346408186,0.029883049280201534,0.9332488873733903
1920,10920,Medium,Medium,0.05655960437345816,0.037044905599552945,0.9063954900269889
15816,24816,Medium,Medium,0.03258782779651725,0.03027515318736201,0.9371370190161207
20931,29931,Medium,Medium,0.02891373046605958,0.026980820300514092,0.9441054492334263
39692,48692,Medium,Low,0.02743188624978468,0.9306255339958635,0.04194257975435197
39372,48372,Low,Low,0.028018228637984463,0.9319529192177015,0.04002885214431396
7246,16246,High,High,0.9301463414127585,0.031245695281953742,0.038607963305287735
11693,20693,Medium,High,0.9349042160149347,0.026578892283927878,0.03851689170113748
2398,11398,Medium,Medium,0.03638756547575207,0.034863401706358065,0.9287490328178899
23378,32378,Medium,Medium,0.03833632053357667,0.039101587087148525,0.9225620923792749
3436,12436,Medium,Medium,0.029069913920807416,0.028307686152831784,0.9426223999263609
23944,32944,Medium,Medium,0.03271234048394178,0.028825594187685478,0.9384620653283727
29477,38477,Medium,Medium,0.03310687906737516,0.03438768882381781,0.932505432108807
35201,44201,Low,Low,0.026853028518784756,0.9366992340259985,0.03644773745521668
30805,39805,Medium,Medium,0.025901513798213854,0.02651720023468861,0.9475812859670976
32694,41694,Medium,Medium,0.02791924501404189,0.1434021064308343,0.8286786485551237
6128,15128,Low,Low,0.025545867736064275,0.927276377155453,0.04717775510848276
33930,42930,Medium,Medium,0.031765800436712656,0.029358785827577883,0.9388754137357095
17228,26228,High,High,0.9364150475202547,0.025636837658477293,0.03794811482126792
16030,25030,Medium,Medium,0.042234407713961204,0.062210209193591416,0.8955553830924473
21894,30894,Medium,Medium,0.03177607551911144,0.03156181723141549,0.9366621072494731
23693,32693,High,High,0.9322914805877458,0.028410820345261174,0.03929769906699302
11209,20209,Medium,Medium,0.039817099353172146,0.03644042997240655,0.9237424706744214
11501,20501,Medium,Medium,0.04356691677364843,0.040401087703208965,0.9160319955231425
12156,21156,High,High,0.9362692021499807,0.02631596831798073,0.0374148295320385
20469,29469,High,High,0.9377916396725591,0.025625675029945255,0.036582685297495816
15521,24521,Medium,Medium,0.025477534846632857,0.026600221740471854,0.9479222434128952
35402,44402,Low,Low,0.027384045178331196,0.9328205095648063,0.03979544525686238
28253,37253,Medium,Medium,0.043532487161981825,0.04068125217620409,0.9157862606618141
37206,46206,High,High,0.9324139988874484,0.03070819676820891,0.03687780434434254
854,9854,High,Medium,0.041429867593276305,0.034652625575603765,0.92391750683112
10791,19791,High,High,0.9144997404615909,0.025940043603894083,0.059560215934514917
10961,19961,Medium,Medium,0.03329750572121574,0.02925704599985439,0.9374454482789298
4116,13116,Low,High,0.9344477884580136,0.027350821611127646,0.038201389930858747
21452,30452,Low,Low,0.04030063865147856,0.9160989636884885,0.04360039766003285
29701,38701,Medium,Medium,0.0304101152979495,0.030726151675826176,0.9388637330262243
30152,39152,Medium,Medium,0.032058733348358875,0.028403434792365734,0.9395378318592753
13479,22479,Medium,Medium,0.028975546290225137,0.02748825575691452,0.9435361979528603
15702,24702,Medium,Medium,0.02963930638668361,0.0874580000026393,0.8829026936106771
35186,44186,Medium,Medium,0.03161186154549669,0.030012167866668337,0.9383759705878348
7865,16865,High,High,0.9283097675816507,0.028848260306871865,0.042841972111477354
14301,23301,Medium,Medium,0.03252654678039751,0.03100060579792605,0.9364728474216765
31514,40514,Medium,Medium,0.03160410294857552,0.02942330526776687,0.9389725917836574
14116,23116,Low,Low,0.02769868175396518,0.9079283139858942,0.06437300426014046
30031,39031,Medium,Medium,0.030941349798781114,0.027833415853684068,0.9412252343475348
23091,32091,Medium,Medium,0.03832202459251842,0.3015834731685216,0.66009450223896
29879,38879,Medium,Medium,0.042892498163264105,0.24609469526467942,0.7110128065720565
7858,16858,Medium,Medium,0.03236861310544913,0.02902661466027095,0.9386047722342798
34104,43104,Low,Low,0.026688213807045665,0.9287377567048537,0.044574029488100575
2304,11304,Low,Medium,0.03030083056661548,0.028328676346264344,0.9413704930871202
36829,45829,Low,Low,0.02633695742118768,0.8892455539274847,0.08441748865132755
3317,12317,Low,Low,0.030185971908164782,0.8983323610683241,0.0714816670235111
18140,27140,Medium,Medium,0.034191007434158975,0.030465979621556737,0.9353430129442843
23451,32451,High,Low,0.038210174756644226,0.9105144902362815,0.05127533500707423
35967,44967,Medium,Low,0.026346810995045367,0.9312325476095383,0.04242064139541627
18049,27049,Medium,Medium,0.03093408928667739,0.029901057537207395,0.9391648531761151
31468,40468,Low,Low,0.03245754727784536,0.9293992434811202,0.038143209241034294
33229,42229,Medium,Medium,0.03573902810351429,0.03242091237179449,0.9318400595246912
8572,17572,High,High,0.9369731823875297,0.025521276866107324,0.03750554074636292
11376,20376,Low,Low,0.02595708450115508,0.9173083199842188,0.056734595514626146
2972,11972,Medium,Medium,0.039936944733716485,0.041028391647298025,0.9190346636189854
3639,12639,Medium,Medium,0.028512931359999397,0.03295848996805848,0.9385285786719422
38047,47047,High,High,0.8800844471864907,0.029203643766275985,0.09071190904723321
33156,42156,Medium,Medium,0.030508341285778996,0.028682479684484157,0.9408091790297369
34924,43924,Medium,Medium,0.03262334374064304,0.05758959377138088,0.9097870624879761
34049,43049,High,High,0.9159459279659199,0.026010570345924463,0.058043501688155696
35194,44194,Medium,Medium,0.03321218670694861,0.14198652178075963,0.8248012915122919
2866,11866,Low,High,0.9031964593698639,0.05394740517819511,0.04285613545194087
14791,23791,Low,Low,0.027333715936282265,0.8873284302877118,0.08533785377600596
32839,41839,High,High,0.9217255718611036,0.031190642622307422,0.047083785516589004
21865,30865,Low,High,0.9224045492507829,0.029127417609304693,0.04846803313991241
32432,41432,Medium,Medium,0.03760418660276115,0.03211325173198884,0.9302825616652499
27889,36889,High,High,0.7890322228970718,0.03135551143269607,0.17961226567023206
23140,32140,Low,Low,0.027420512369866586,0.9325268845387966,0.040052603091336896
5078,14078,Low,Low,0.02596119879108642,0.9343440728734208,0.03969472833549279
14081,23081,Medium,Medium,0.0324497003191212,0.057272401591007945,0.9102778980898708
30356,39356,Medium,Medium,0.059031074227065855,0.03575654675681053,0.9052123790161236
18544,27544,Medium,Medium,0.03135207468689941,0.02740795559603958,0.9412399697170611
5735,14735,High,Medium,0.026202547551680267,0.03147508506617844,0.9423223673821414
5897,14897,Medium,Medium,0.02930523855878982,0.0385495352074457,0.9321452262337645
2124,11124,Medium,Medium,0.03378280276569226,0.03119447265214437,0.9350227245821633
21485,30485,Low,Low,0.02609575214870599,0.9169431003813863,0.056961147469907665
31130,40130,Medium,Medium,0.05819380511341816,0.027277578514290145,0.9145286163722917
7468,16468,Medium,Medium,0.03094394242939119,0.030009999201250612,0.9390460583693582
18346,27346,Medium,Medium,0.03362087703350793,0.0336129757909864,0.9327661471755055
20128,29128,Medium,Medium,0.031011027306190708,0.030757039753360093,0.938231932940449
2990,11990,Medium,Medium,0.030110884762210174,0.02919447078815136,0.9406946444496384
33775,42775,High,High,0.9345269307253058,0.02838000950947577,0.03709305976521841
3091,12091,High,High,0.9155911864353867,0.04279072828916789,0.04161808527544544
2057,11057,High,Low,0.07569127080507508,0.865495948588833,0.05881278060609193
933,9933,Medium,Medium,0.0351538254296448,0.03502616085496217,0.929820013715393
39641,48641,Medium,Medium,0.03221825458804472,0.04263039527185399,0.9251513501401013
37643,46643,High,High,0.9373462424083921,0.025411685450992576,0.03724207214061533
38111,47111,Low,Low,0.029643951162240972,0.934193344860819,0.03616270397694018
21599,30599,Medium,Medium,0.03587953328201927,0.02867836963598697,0.9354420970819938
35680,44680,Medium,Medium,0.02994964895229718,0.02911418878913405,0.9409361622585687
34746,43746,Medium,Medium,0.029080817148877138,0.08350466622123287,0.88741451662989
33096,42096,Medium,Medium,0.0301871368367899,0.07307755264046668,0.8967353105227435
37511,46511,Medium,Medium,0.03147935437950842,0.03067308113863436,0.9378475644818572
615,9615,High,High,0.9317492875179748,0.028830803800037563,0.039419908681987685
28650,37650,Medium,Medium,0.031852607772506876,0.03087408187094014,0.937273310356553
3637,12637,Medium,Medium,0.034642470713511064,0.035592507344891625,0.9297650219415973
35341,44341,High,High,0.9372939358856054,0.02593122616024528,0.03677483795414934
4850,13850,Medium,Medium,0.031976202212162345,0.03654247632657381,0.931481321461264
9286,18286,Medium,Medium,0.036361409894308465,0.03928541539607278,0.9243531747096188
29882,38882,Low,Low,0.029606360560493386,0.9239919043090202,0.046401735130486295
10992,19992,Medium,Medium,0.029291625280738035,0.02796411001404842,0.9427442647052136
28569,37569,Low,Low,0.02695300926418501,0.901033385492675,0.07201360524314013
27283,36283,Medium,Medium,0.044821323522819305,0.043502092105816535,0.9116765843713642
35829,44829,Low,Low,0.028665542514021963,0.9333510649023585,0.03798339258361954
4995,13995,High,High,0.9337698962461491,0.029447651848587997,0.03678245190526284
6253,15253,Medium,Medium,0.031705479102005746,0.028095781997180533,0.9401987389008136
34385,43385,High,High,0.9333689731014054,0.028415191810865267,0.03821583508772932
37455,46455,Low,Low,0.04092798762204087,0.9189395397160833,0.04013247266187585
5357,14357,Low,Low,0.04048066447250261,0.9133753114931406,0.046144024034356794
32397,41397,Medium,Medium,0.032579865363504476,0.031300302401586204,0.9361198322349092
14799,23799,Low,Low,0.04380604434930691,0.9029621834463318,0.05323177220436124
19141,28141,Low,Low,0.028830370885819745,0.9321865840830471,0.03898304503113306
34135,43135,Medium,Medium,0.060948450024404986,0.04721724422748391,0.8918343057481112
2856,11856,Low,High,0.930341882129139,0.03165032440040274,0.03800779347045811
21799,30799,Low,Medium,0.4560211233949983,0.03840386888875455,0.5055750077162472
37675,46675,Medium,Medium,0.03400403157624261,0.03367014009615473,0.9323258283276027
8371,17371,Medium,Medium,0.03398815225921503,0.07280296709771705,0.8932088806430679
39084,48084,Medium,Medium,0.038210947971522614,0.04045750265598348,0.921331549372494
2955,11955,High,High,0.9350941458169256,0.02744313544719514,0.03746271873587926
3799,12799,High,High,0.937441265422608,0.025940317337324836,0.036618417240067286
2917,11917,High,High,0.9361087037393876,0.0271621073205366,0.03672918894007577
23713,32713,Medium,Medium,0.03479246445164431,0.18397607250136436,0.7812314630469913
23819,32819,Medium,Medium,0.030605697720803415,0.03161410070229006,0.9377802015769067
33999,42999,Medium,Medium,0.028779604224210498,0.0500547619991901,0.9211656337765994
11459,20459,Low,Low,0.034472513427345974,0.918383994628162,0.04714349194449193
8908,17908,Low,Low,0.02852439199004286,0.8785094308058063,0.09296617720415089
2603,11603,Medium,Medium,0.03591438364554378,0.026755171826163774,0.9373304445282925
5500,14500,Medium,Medium,0.03670834173766789,0.050163076134711736,0.9131285821276203
16807,25807,Medium,Medium,0.031026878456852314,0.02737066767054801,0.9416024538725997
22782,31782,Medium,Medium,0.02896732726686586,0.02657411865612541,0.9444585540770087
6654,15654,Medium,Medium,0.034389662682944896,0.03121947802186793,0.9343908592951872
17857,26857,Medium,Medium,0.045643364890189254,0.029599155932403958,0.9247574791774067
25267,34267,High,Medium,0.02955184036697216,0.02960058451712841,0.9408475751158994
17711,26711,Low,Low,0.03107878071887572,0.9211097335702477,0.04781148571087652
1709,10709,Medium,Medium,0.03512045679288446,0.02870760274324506,0.9361719404638705
15973,24973,Low,Low,0.029374841490629123,0.8493587662051226,0.1212663923042483
13385,22385,Low,Low,0.029886113362298485,0.9323952617477773,0.03771862488992421
9894,18894,Medium,Medium,0.03389925307692764,0.03011376485232028,0.9359869820707519
18250,27250,Medium,Medium,0.030653140601220662,0.02812426487642283,0.9412225945223565
36303,45303,Medium,Medium,0.033884017811086464,0.029976586145118733,0.9361393960437949
28842,37842,Medium,Medium,0.038014098866388284,0.03031973591169504,0.9316661652219168
10950,19950,High,High,0.938186035121985,0.025517810808310466,0.036296154069704704
37988,46988,High,High,0.9374907625977481,0.026498723127063514,0.03601051427518832
11464,20464,Low,Low,0.026689864642056572,0.9372090209882143,0.03610111436972903
32473,41473,Medium,Medium,0.03086870948024482,0.028345622703147316,0.9407856678166078
24086,33086,Medium,Medium,0.03016879416117732,0.02837386397783295,0.9414573418609896
2105,11105,Medium,Medium,0.03510960568299228,0.03385457804825281,0.9310358162687549
21217,30217,Medium,Medium,0.033848000943915775,0.035788635875689305,0.9303633631803949
36638,45638,Low,Low,0.028711391844040906,0.9325234757432602,0.03876513241269894
36388,45388,Low,Medium,0.04071385126396407,0.2902623362816271,0.6690238124544088
10221,19221,High,High,0.9318697585741008,0.031457188338801394,0.036673053087097736
28590,37590,Medium,Medium,0.032980048856056314,0.078047089053634,0.8889728620903097
31279,40279,Low,Low,0.03167495901497148,0.9104451624923727,0.057879878492655745
29653,38653,Low,Low,0.027987249023195732,0.9353686879859734,0.036644062990830874
13326,22326,High,High,0.9321210452816876,0.02964365434120375,0.03823530037710857
35420,44420,Medium,Medium,0.030425126040647597,0.03006828450149844,0.9395065894578541
18521,27521,Medium,Medium,0.033931998235316556,0.03240098326307977,0.9336670185016036
951,9951,Medium,Medium,0.17406007919380775,0.039762684177084416,0.7861772366291078
33964,42964,High,High,0.939035232214176,0.02471541528948296,0.03624935249634114
4710,13710,Low,Low,0.035995599326758006,0.9230392822723402,0.040965118400901716
10610,19610,Medium,Medium,0.053427845134508344,0.06159362993689157,0.8849785249286001
5319,14319,High,High,0.9357555469615018,0.026784049157071735,0.03746040388142646
13337,22337,Low,Low,0.03128294599755483,0.9328170890353845,0.03589996496706063
18712,27712,High,High,0.9344039313809317,0.028541953279292473,0.03705411533977582
23018,32018,Medium,Medium,0.03673630282795796,0.036603162891262225,0.9266605342807798
6758,15758,Medium,Medium,0.03699390860837867,0.033074359645427286,0.929931731746194
28118,37118,Medium,Medium,0.02878906570367031,0.02855848848058086,0.9426524458157487
1528,10528,Low,Low,0.025926329029580905,0.9306603197912627,0.04341335117915645
5810,14810,Medium,Medium,0.033775971645497095,0.040570032523819265,0.9256539958306836
24110,33110,Medium,Medium,0.07835618406880575,0.03459781538051091,0.8870460005506833
11534,20534,High,High,0.9354458892093104,0.02729612972184396,0.03725798106884566
29159,38159,Medium,Medium,0.03578351619809426,0.03455989831592208,0.9296565854859837
36271,45271,Medium,Medium,0.028700713489252308,0.028928875930403244,0.9423704105803444
31420,40420,Low,Medium,0.02715663473142114,0.3584364673796461,0.6144068978889328
19107,28107,Medium,Medium,0.02958890962922764,0.032456289454259594,0.9379548009165127
20941,29941,High,High,0.8956618557280738,0.0353909574065752,0.06894718686535102
16763,25763,High,High,0.9372506949602316,0.024779698418338197,0.03796960662143013
29057,38057,Medium,Medium,0.03644133145229498,0.03355082335167046,0.9300078451960346
24043,33043,Medium,Medium,0.0800402078886368,0.04085397255688602,0.8791058195544772
3508,12508,Medium,Medium,0.0302380711450084,0.026678186718442454,0.9430837421365491
32975,41975,Medium,Medium,0.03164204346884696,0.03083108636463798,0.937526870166515
4431,13431,Medium,Medium,0.03455715258440529,0.44635463389059965,0.5190882135249951
25046,34046,High,High,0.9367001735073001,0.0264026778780241,0.036897148614675884
888,9888,High,High,0.9353913677393063,0.02731004588189762,0.03729858637879619
20064,29064,Low,Low,0.0284146323078447,0.9355590225113456,0.03602634518080971
28189,37189,Medium,Medium,0.032396594569738014,0.02779274317651011,0.9398106622537519
6375,15375,High,High,0.9335646886195397,0.02850388637206842,0.037931425008391896
31869,40869,Medium,Medium,0.02864042437314104,0.030856942266637696,0.9405026333602212
30751,39751,Medium,Medium,0.0488173246708433,0.03052313280812004,0.9206595425210367
17904,26904,High,High,0.9220491364234048,0.036686458134851066,0.0412644054417441
3722,12722,Medium,Medium,0.035236243760130063,0.031767385736332136,0.9329963705035378
12287,21287,Medium,Medium,0.08080005861059174,0.0364546177435943,0.8827453236458139
11241,20241,Medium,Medium,0.03756909623376447,0.03337108506295631,0.9290598187032791
2289,11289,Low,Low,0.0331370939339512,0.9215392015922858,0.04532370447376307
23045,32045,High,High,0.9321766250778051,0.030894461468486224,0.03692891345370877
702,9702,Medium,Medium,0.045322023765530316,0.03319571821672663,0.9214822580177432
26581,35581,Low,Low,0.03576535640092422,0.8142811497140813,0.14995349388499454
11190,20190,Medium,Medium,0.04104600536257858,0.044840720211442454,0.9141132744259789
31943,40943,Medium,Medium,0.02970845914579889,0.026801546845979952,0.9434899940082211
18102,27102,Medium,Medium,0.03052079445291907,0.038101557917282924,0.931377647629798
9517,18517,High,High,0.9375675214428213,0.025452123453357168,0.03698035510382157
12504,21504,Low,Low,0.026139950500558718,0.9214489596938447,0.052411089805596646
39922,48922,Low,Low,0.03315845618398706,0.9124100074045808,0.05443153641143209
7352,16352,Medium,Medium,0.03234654616124342,0.03193216947849357,0.9357212843602629
16875,25875,Low,Low,0.032565482050032374,0.8897715519723653,0.0776629659776022
7392,16392,Low,Low,0.03442472612996284,0.9269475967177728,0.038627677152264256
34714,43714,High,High,0.9302909393168958,0.03105689644425047,0.0386521642388538
27115,36115,High,High,0.9217322985831498,0.03847711340659927,0.039790588010250844
13091,22091,Low,Low,0.027011025757008773,0.9366932153325017,0.03629575891048959
30696,39696,Low,Low,0.02722044879108922,0.9261518861974148,0.04662766501149606
38088,47088,Low,Low,0.028468211995586107,0.9193785141362821,0.052153273868131754
22519,31519,Medium,Medium,0.033392803017049076,0.032122674264571584,0.9344845227183795
16845,25845,High,High,0.9383671845949707,0.02469128246925571,0.03694153293577361
24098,33098,Medium,Medium,0.03391074088668008,0.03735261687525727,0.9287366422380626
12829,21829,Medium,Medium,0.03017790475465727,0.029037538906896292,0.9407845563384466
9763,18763,Medium,Medium,0.02967119906348917,0.029029352150696866,0.9412994487858141
34190,43190,High,High,0.9338698408317619,0.025884729380590745,0.040245429787647335
4745,13745,Low,Medium,0.029498068833269275,0.22867165852779814,0.7418302726389326
12992,21992,Medium,Medium,0.029433586162629973,0.09657891794077107,0.873987495896599
27336,36336,High,High,0.9351470452605706,0.027228422835942952,0.03762453190348641
23010,32010,Low,Low,0.031118887794821592,0.8790935985398244,0.08978751366535392
1994,10994,Medium,Medium,0.030798072576061375,0.030297354720836934,0.9389045727031017
33773,42773,High,High,0.932553042696326,0.028558268010357265,0.03888868929331682
5165,14165,Medium,Medium,0.030560113913574796,0.03455377988950681,0.9348861061969181
1323,10323,Medium,High,0.9318097553698462,0.031770206376229466,0.036420038253924335
30049,39049,Medium,Medium,0.031961625969672315,0.027919193586385838,0.9401191804439418
17038,26038,Low,Low,0.030772389757059166,0.9300447286036833,0.03918288163925759
38501,47501,High,High,0.9341791567639449,0.02757627493661903,0.03824456829943601
30091,39091,Medium,Medium,0.03381392610614321,0.03973861532353679,0.92644745857032
27314,36314,Medium,Medium,0.029935593800744065,0.10994606017523433,0.8601183460240215
22601,31601,Medium,Medium,0.17809850501338334,0.0344033978143151,0.7874980971723016
39347,48347,Medium,Medium,0.043075197183890544,0.03901635399297412,0.9179084488231354
32940,41940,Medium,Medium,0.03302725725129286,0.031095877036416763,0.9358768657122903
5956,14956,High,High,0.9285129727587244,0.03283747030319567,0.03864955693808008
17166,26166,Low,Low,0.028016421737063382,0.92450528413498,0.04747829412795638
3191,12191,Medium,Medium,0.034298556341211185,0.03315680159845858,0.9325446420603303
32117,41117,Low,Low,0.02589179299613655,0.9021215146410687,0.07198669236279472
19128,28128,High,High,0.9314026891454178,0.02878228132886365,0.03981502952571864
5498,14498,Medium,Medium,0.03271009492408384,0.02751960398071647,0.9397703010951997
16690,25690,Medium,Medium,0.030717737620102412,0.02560137176941694,0.9436808906104807
7022,16022,Medium,Medium,0.09626491976250838,0.030257623226859903,0.8734774570106317
15387,24387,Low,Low,0.0357473513141264,0.9229996585469746,0.0412529901388989
15233,24233,Medium,Medium,0.03076394300171195,0.05024132742896478,0.9189947295693233
34955,43955,Medium,Medium,0.07157486153105162,0.03392888579344376,0.8944962526755047
986,9986,Low,Low,0.033423707441015894,0.9257084066390243,0.04086788591995982
26614,35614,Medium,Medium,0.032803153477050866,0.030019478459097335,0.9371773680638519
21917,30917,High,Medium,0.032391770300332384,0.030186120555066618,0.937422109144601
17911,26911,Medium,Medium,0.043543155563250925,0.03931907917339434,0.9171377652633548
20405,29405,Medium,Medium,0.03095193222887108,0.02855737215561444,0.9404906956155145
28274,37274,Low,Low,0.028308232021580778,0.9335335051732842,0.03815826280513516
19620,28620,Medium,Medium,0.03277445198178044,0.02749850777927844,0.9397270402389412
18466,27466,High,High,0.9058821986520069,0.02714208958543665,0.06697571176255658
33374,42374,Medium,Medium,0.03131706239034148,0.03155604456006266,0.9371268930495958
32642,41642,Medium,Medium,0.05975478171187332,0.03042709423728261,0.9098181240508442
20613,29613,High,High,0.9348831954011709,0.028211211287002685,0.036905593311826336
24608,33608,Low,Low,0.029175005743094385,0.9312777532064104,0.039547241050495056
9170,18170,High,High,0.9355789629628845,0.026315793028158768,0.03810524400895692
20900,29900,High,High,0.9344898492541965,0.027054262586951868,0.038455888158851516
39312,48312,Medium,Medium,0.028741148046762106,0.02838760512945168,0.9428712468237862
17174,26174,Medium,Medium,0.03199808087989093,0.028460984361076077,0.9395409347590329
8271,17271,High,High,0.9364907766141531,0.02601983029461007,0.03748939309123677
24636,33636,Medium,Medium,0.030212900496116437,0.030955967728164373,0.9388311317757192
14932,23932,Medium,Medium,0.04699769975106446,0.02710865716451971,0.9258936430844158
20631,29631,High,High,0.9365375038185267,0.025389446604529922,0.03807304957694343
18301,27301,High,High,0.9359668991422264,0.026709661202524455,0.037323439655249015
28851,37851,High,Medium,0.2163960041052212,0.04518919504735472,0.7384148008474241
12594,21594,Medium,Medium,0.033055501845908705,0.03398685836107108,0.9329576397930203
31069,40069,Medium,Low,0.03906176339265521,0.8158375905146857,0.14510064609265905
26562,35562,Medium,Medium,0.044007480166309045,0.03095760035537337,0.9250349194783176
8253,17253,Medium,Medium,0.06823939967716829,0.03038194237870076,0.9013786579441309
14981,23981,High,High,0.9300227195561491,0.027006120498368796,0.04297115994548201
8332,17332,Medium,Medium,0.049282764996763435,0.036553266039382505,0.914163968963854
39265,48265,Low,Low,0.029459427442745555,0.9137683623400684,0.05677221021718596
5403,14403,High,High,0.9318264865390565,0.02983776683426521,0.03833574662667825
1029,10029,Low,Low,0.025845764967170188,0.9362336723425894,0.03792056269024043
31292,40292,Medium,Medium,0.04163518507322855,0.03446945412760934,0.9238953607991621
18507,27507,High,High,0.9307919017710348,0.02929568045312291,0.039912417775842327
376,9376,High,High,0.9326869372350733,0.026580613961901454,0.040732448803025186
33569,42569,Medium,Medium,0.033479789453274456,0.027562243215290966,0.9389579673314344
23459,32459,Medium,Medium,0.02952534537355937,0.028208387171253266,0.9422662674551873
6031,15031,Medium,Medium,0.033504397165127514,0.02694904379219275,0.9395465590426797
20414,29414,Medium,Medium,0.03548636589642418,0.031931123117799026,0.9325825109857768
14378,23378,High,Medium,0.05562046486325259,0.03496041591697224,0.9094191192197751
13789,22789,High,High,0.9380383313636903,0.025222384188386803,0.03673928444792281
2842,11842,High,High,0.935524696776571,0.025571707053224382,0.038903596170204675
32797,41797,Medium,Medium,0.039976129854870764,0.03635996880766805,0.9236639013374611
39066,48066,High,Low,0.02825066851954382,0.8965505653154292,0.07519876616502692
30147,39147,Low,Low,0.04455182463765863,0.8752026038351371,0.0802455715272042
26093,35093,Medium,Low,0.04391203713167629,0.8932498039408907,0.06283815892743295
25783,34783,Low,Low,0.029438199000168908,0.9136680580723141,0.056893742927517
37370,46370,High,High,0.9272835705681127,0.034828627650708,0.03788780178117932
11136,20136,Medium,Medium,0.03304328361696324,0.04517384461185694,0.9217828717711797
34411,43411,Medium,Medium,0.02735689049974281,0.03312850843176435,0.9395146010684928
39733,48733,Medium,Medium,0.03693046497908683,0.04009724980454083,0.9229722852163724
23533,32533,High,High,0.8788206146227231,0.0724322493419496,0.0487471360353274
18283,27283,Low,Low,0.02800286724042866,0.9056555511188317,0.06634158164073978
39852,48852,Medium,Medium,0.03306224947617295,0.027908189472237135,0.9390295610515901
36994,45994,Medium,Medium,0.042387040205571026,0.03450610839586147,0.9231068513985675
12697,21697,Medium,Medium,0.03322035268159287,0.1239650699186426,0.8428145773997645
17724,26724,Low,Low,0.029633191545275644,0.9177239070717632,0.05264290138296124
464,9464,High,Medium,0.030125060356470727,0.031262037029965474,0.9386129026135639
5823,14823,High,High,0.8277152440479493,0.028603915018927274,0.14368084093312353
31599,40599,Medium,Medium,0.0418609055702038,0.035234581746249126,0.9229045126835471
25882,34882,High,High,0.9363159388361485,0.02666014836405882,0.03702391279979269
11533,20533,Low,Low,0.027019592834337452,0.8911600084457292,0.0818203987199334
1841,10841,Medium,Medium,0.03211643775514116,0.029681573710237826,0.9382019885346211
10717,19717,High,High,0.9333840102451614,0.02531146514537867,0.041304524609459915
3095,12095,Low,Low,0.026829238091909444,0.9382402661974827,0.03493049571060783
35458,44458,Low,Low,0.027987252061804694,0.9344596934446131,0.03755305449358217
38528,47528,High,High,0.9341541271440135,0.026108802107662015,0.039737070748324534
25861,34861,Medium,Medium,0.04124989240101406,0.03087574561735286,0.9278743619816332
34502,43502,Low,High,0.9247188046915968,0.03619760334501335,0.03908359196338982
33399,42399,Low,Low,0.03197984320854711,0.9253937940645421,0.04262636272691082
16882,25882,Medium,Medium,0.025685679811657577,0.04679638754018611,0.9275179326481564
29348,38348,Medium,Medium,0.05592069204536392,0.042660587724760446,0.9014187202298757
34533,43533,High,High,0.9377691852906578,0.024849545436095313,0.037381269273246955
10406,19406,High,High,0.8412771183691485,0.086116853529642,0.07260602810120946
16578,25578,Medium,Medium,0.033699956311332,0.03349798729740594,0.932802056391262
31277,40277,High,High,0.9331198356201597,0.0292069294924015,0.03767323488743902
36682,45682,Medium,Medium,0.03257640338894987,0.0272436819247603,0.9401799146862898
19459,28459,Low,High,0.9297007520384151,0.03102181191945984,0.039277436042125205
16384,25384,Low,Low,0.03620860116723549,0.9232703178839494,0.04052108094881511
31529,40529,Medium,Medium,0.02981795415580869,0.04654558403254818,0.9236364618116432
13597,22597,Medium,Medium,0.04052165077107881,0.03739302064053593,0.9220853285883851
12839,21839,Medium,Medium,0.03535627412833345,0.05691334649914278,0.9077303793725239
7053,16053,Medium,Medium,0.03750490844607738,0.17432202380999537,0.7881730677439273
29255,38255,Low,Low,0.03730780318388733,0.7955137710916856,0.1671784257244272
22529,31529,Low,Low,0.026392090039976637,0.930901526372962,0.04270638358706152
998,9998,Medium,Medium,0.037061212432431566,0.03167302710517054,0.9312657604623978
18184,27184,Low,Medium,0.030416586944107676,0.04475127277693028,0.9248321402789621
22830,31830,High,High,0.9361888941686051,0.02630632964079338,0.03750477619060147
20836,29836,High,High,0.9188348667030266,0.039739814363230035,0.04142531893374338
2306,11306,Medium,Medium,0.04608739840535026,0.18160557288448229,0.7723070287101675
34094,43094,Medium,Medium,0.03888754050887866,0.03565277636243355,0.9254596831286879
11569,20569,Medium,Medium,0.03583682838088672,0.03710766400355247,0.9270555076155608
8117,17117,Medium,Medium,0.030956789958677105,0.027506124332386514,0.9415370857089363
30323,39323,Low,Medium,0.03723374745925926,0.05311707197262159,0.9096491805681192
22003,31003,Medium,Medium,0.029089060905210875,0.028046230331588252,0.9428647087632008
17502,26502,Low,Low,0.031123661624487226,0.9135363539254735,0.0553399844500393
845,9845,Medium,Medium,0.0265686673789761,0.027929367682195328,0.9455019649388285
12817,21817,Medium,Medium,0.031057603701964486,0.030127344020854995,0.9388150522771804
1646,10646,Medium,Medium,0.030828885033782356,0.03427369375573866,0.9348974212104789
27972,36972,High,Low,0.030264200746869904,0.930800635126456,0.03893516412667399
27323,36323,High,High,0.9191069929354477,0.030988692868180467,0.049904314196371924
11656,20656,Medium,Medium,0.0340313301746503,0.054743972368017646,0.911224697457332
11791,20791,Medium,Medium,0.03281723646038721,0.030809419130174893,0.936373344409438
38432,47432,Medium,Medium,0.0323933616091519,0.029532424932734152,0.938074213458114
37477,46477,Medium,Medium,0.03803639140809129,0.03158659416897836,0.9303770144229304
37848,46848,High,High,0.9257176230761174,0.02792005615619785,0.04636232076768473
36937,45937,Low,Low,0.02850224318989657,0.9139844189223059,0.057513337887797646
7147,16147,Low,Low,0.029272243219687386,0.9231719679821496,0.04755578879816286
3154,12154,Medium,Medium,0.05041434174272739,0.03127019579904308,0.9183154624582296
13269,22269,Low,Low,0.025990130368282693,0.9345123808010228,0.039497488830694406
32170,41170,Medium,Medium,0.03712263867599949,0.03173934040525082,0.9311380209187496
22820,31820,High,High,0.9342811779257773,0.028036455116952644,0.037682366957270015
32686,41686,Medium,Medium,0.03352472070679587,0.033265069621696376,0.9332102096715076
22609,31609,Low,Low,0.036894149176307796,0.918391655825245,0.044714194998447254
7367,16367,Medium,Medium,0.02911270248494845,0.027205371366577438,0.9436819261484741
6021,15021,Low,Low,0.039399728673942556,0.9239093150301493,0.036690956295908246
15859,24859,Medium,Medium,0.03484898668701674,0.03379697051135026,0.931354042801633
26190,35190,Medium,Medium,0.028739930245549966,0.02928083587259252,0.9419792338818574
39316,48316,High,Medium,0.05846658497876611,0.11800092995874041,0.8235324850624934
19739,28739,High,High,0.9381923431130034,0.02576528082081563,0.036042376066181034
33110,42110,Low,Low,0.02918219212567417,0.9095354092437692,0.06128239863055671
27690,36690,High,High,0.9258883551019349,0.028587128289285973,0.0455245166087793
6715,15715,Low,Low,0.026109291337407275,0.9311382521333246,0.04275245652926818
5155,14155,High,High,0.9309112044393291,0.030929006394798137,0.03815978916587289
7601,16601,Medium,Low,0.037275921963499194,0.5394336238349074,0.4232904542015934
22743,31743,Medium,Medium,0.03727334261333937,0.030771012675299542,0.931955644711361
38036,47036,Medium,Medium,0.03126688298336828,0.03029918573757885,0.938433931279053
33922,42922,Medium,Medium,0.03124361393401415,0.030143754648671122,0.9386126314173148
24276,33276,Medium,Low,0.042700369708265906,0.9185241136913619,0.03877551660037218
30239,39239,High,High,0.9290990887776078,0.028244808384032788,0.04265610283835932
27913,36913,High,High,0.935517319925446,0.02452895808332131,0.03995372199123278
2472,11472,Medium,Medium,0.028810790245418005,0.028247479957766126,0.9429417297968158
21826,30826,High,High,0.9348696919452801,0.025676308023479883,0.0394540000312401
36229,45229,High,High,0.9343321774386678,0.02887943292740687,0.036788389633925174
31657,40657,Medium,Medium,0.029693710375568203,0.02915131583893024,0.9411549737855015
4017,13017,High,High,0.9289638590273549,0.02601300197347008,0.04502313899917506
18441,27441,Medium,Medium,0.026430835293549743,0.2458757273288592,0.7276934373775911
13039,22039,Medium,Medium,0.03452667284556094,0.032974261384473645,0.9324990657699654
189,9189,Medium,Medium,0.033673448962378734,0.03557433963564056,0.9307522114019807
32492,41492,Medium,Medium,0.03216998674247828,0.031076143635333054,0.9367538696221885
20362,29362,Medium,Medium,0.030859127835048652,0.028252870545855097,0.9408880016190961
12622,21622,High,High,0.9227800959445888,0.034489734374979826,0.04273016968043134
11385,20385,High,Medium,0.060138845581966645,0.038920264886714954,0.9009408895313183
6738,15738,Medium,Medium,0.029361751299369642,0.0833920230395363,0.8872462256610941
6068,15068,Medium,Low,0.0321503974366446,0.9288106678426876,0.03903893472066781
2232,11232,High,High,0.9346564146034614,0.027710295212181612,0.037633290184357016
34483,43483,Medium,Medium,0.06939998780803538,0.08381685067676324,0.8467831615152014
16833,25833,Medium,Medium,0.04755452568027205,0.035569920935226484,0.9168755533845014
2053,11053,High,High,0.9386250905178706,0.025264353922569382,0.03611055555956004
24,9024,High,High,0.9143161264031527,0.02918693141438564,0.05649694218246168
2749,11749,Low,Medium,0.036773083087523355,0.0340582479581804,0.9291686689542962
12275,21275,Low,Low,0.025906532575868668,0.9357483130583297,0.03834515436580157
185,9185,High,High,0.9309892461772642,0.028393185741248366,0.04061756808148739
12041,21041,Medium,Medium,0.032528519832115674,0.0306150401238313,0.936856440044053
13735,22735,High,High,0.9348698238793682,0.028450165421042454,0.03668001069958929
4832,13832,High,High,0.9347950800779555,0.025093877091133383,0.040111042830911
193,9193,Medium,Medium,0.034722023479692464,0.06063385680400537,0.9046441197163021
23208,32208,Medium,Medium,0.03556172017209464,0.05370506969273341,0.9107332101351719
31270,40270,Medium,Medium,0.033156452168815354,0.1949609861140383,0.7718825617171463
36187,45187,Low,Low,0.04600152901125972,0.9105648372382902,0.04343363375045008
33535,42535,High,High,0.9381654558645307,0.02517973237227064,0.03665481176319867
5017,14017,High,High,0.9379461865536998,0.025315845210104066,0.036737968236196156
20077,29077,Medium,Medium,0.033866608071137935,0.03011264347287382,0.9360207484559883
17205,26205,Low,Medium,0.02968074944322315,0.4773395918716881,0.49297965868508875
36395,45395,High,High,0.9322811556545872,0.026716837794484593,0.0410020065509282
5888,14888,Medium,Low,0.02941989016144075,0.9322472328993329,0.03833287693922641
3894,12894,High,High,0.8852344081560216,0.04347215940778735,0.07129343243619103
18269,27269,Medium,Medium,0.03323403236493191,0.032642238353984616,0.9341237292810834
13701,22701,Medium,Medium,0.03387723996087994,0.028632462413652183,0.9374902976254679
51,9051,High,Medium,0.04158136500798915,0.03490502124895404,0.9235136137430567
33951,42951,Low,Low,0.03209260689975796,0.928751442165296,0.03915595093494598
8573,17573,High,High,0.933809031688282,0.028579088879252673,0.03761187943246524
2883,11883,High,High,0.9367270026458558,0.026363073738430276,0.036909923615713935
22837,31837,High,High,0.9307598780837791,0.02754261387983389,0.041697508036387075
2134,11134,Low,Low,0.03109581132467394,0.9332321243587454,0.035672064316580696
20220,29220,High,High,0.8900851824900299,0.04905099101520651,0.06086382649476361
3262,12262,Medium,Medium,0.029113475972633713,0.030658375900166873,0.9402281481271993
36601,45601,Medium,Medium,0.03025157750629055,0.03254826766955692,0.9372001548241525
15404,24404,High,High,0.918844422064129,0.027351665004252596,0.053803912931618375
14529,23529,High,High,0.9325854995979238,0.030680692355114097,0.036733808046961976
2562,11562,High,Low,0.029577816650376298,0.9201056053950811,0.05031657795454262
29444,38444,Medium,Medium,0.41123891699258786,0.03451791879916297,0.5542431642082492
23779,32779,Medium,Medium,0.0284000160957238,0.027618059267074366,0.9439819246372019
17869,26869,High,High,0.9340446535004042,0.026612170494819214,0.03934317600477651
3904,12904,Medium,Medium,0.03086074064422038,0.03256244449701722,0.9365768148587623
29706,38706,Low,Low,0.0343600915734934,0.9224047606763529,0.04323514775015364
18745,27745,High,High,0.9332776358654972,0.02910425441817782,0.037618109716324975
15861,24861,High,High,0.9337855159017817,0.026586830509509104,0.03962765358870921
29512,38512,Medium,Medium,0.03328943422899847,0.027403158990221683,0.9393074067807797
18513,27513,High,High,0.9280437778689955,0.028767161368600542,0.04318906076240394
8480,17480,Medium,Medium,0.031284580787514206,0.027552404603734145,0.9411630146087516
2298,11298,High,High,0.9336619364709211,0.027188500588957037,0.039149562940121806
34995,43995,Low,Low,0.027723581605364478,0.9226606352711265,0.049615783123508894
13247,22247,Medium,Medium,0.03637190829375831,0.13235093599183204,0.8312771557144097
28603,37603,Medium,Medium,0.031707884315155144,0.03314945460770714,0.9351426610771377
36431,45431,High,High,0.8747025732575051,0.028893259790152157,0.09640416695234284
3818,12818,Medium,Medium,0.028202421182789844,0.02751084198182251,0.9442867368353877
24758,33758,Low,Low,0.03612447025486875,0.9180932487496429,0.04578228099548831
18800,27800,Low,Low,0.03032707703744215,0.9139350051816023,0.05573791778095544
16641,25641,Low,Low,0.02922811129123018,0.9308387494246532,0.03993313928411652
6639,15639,Medium,Medium,0.037470739961206256,0.03220767710689247,0.9303215829319015
37903,46903,Medium,Medium,0.030034596537996474,0.031175522774205572,0.938789880687798
26741,35741,Medium,Medium,0.04077061357953307,0.032112940905417525,0.9271164455150492
9070,18070,Low,Low,0.031585763139853285,0.922007539654658,0.04640669720548876
10885,19885,Medium,Medium,0.033849022349987615,0.02800341165713438,0.9381475659928781
18261,27261,High,High,0.9374190936702324,0.023820566017241477,0.03876034031252613
25373,34373,Medium,Medium,0.03500884170753207,0.037034655586268034,0.9279565027061999
31588,40588,Medium,Medium,0.03242655063527757,0.03707909968630712,0.9304943496784154
519,9519,Low,Low,0.032818779787610705,0.9231670621025372,0.044014158109852076
5462,14462,Medium,Medium,0.030159951538060763,0.028679412361257553,0.9411606361006816
25544,34544,Medium,Medium,0.03806688975999007,0.03099425339226571,0.9309388568477441
18220,27220,Low,Medium,0.046006274883956276,0.03144077739114786,0.9225529477248959
23561,32561,Medium,Medium,0.05372167009348535,0.05975277460710179,0.8865255552994129
1858,10858,Low,Medium,0.029985296496200447,0.08523390893439418,0.8847807945694054
29091,38091,Medium,Medium,0.03508261841285433,0.03373066811604691,0.9311867134710988
18478,27478,Medium,Medium,0.03743116106875407,0.040455379487636826,0.922113459443609
3879,12879,High,High,0.9389584642891328,0.023940293402957336,0.03710124230790993
17150,26150,Medium,Medium,0.029584145514972654,0.0510324424824477,0.9193834120025798
9939,18939,Medium,Medium,0.03259956425951967,0.1265252652229791,0.8408751705175014
30043,39043,Medium,Medium,0.031922380925154675,0.028005967907247308,0.940071651167598
26293,35293,High,High,0.9375028006398609,0.02505018791052926,0.0374470114496098
35022,44022,Medium,Medium,0.0325304797525121,0.02962221690796352,0.9378473033395244
36305,45305,High,Medium,0.04697823254024306,0.13396644301406532,0.8190553244456916
25363,34363,High,High,0.6902933569060917,0.03367306975245996,0.27603357334144835
23506,32506,Medium,Medium,0.03453863173950195,0.038238811738177204,0.9272225565223208
38365,47365,Low,Low,0.025085076297207274,0.9251170763522566,0.04979784735053614
14844,23844,High,High,0.9350308974286677,0.027952372837237355,0.03701672973409486
22234,31234,High,High,0.9327403779258034,0.03061801102165415,0.03664161105254233
32200,41200,Medium,Medium,0.1934898060995379,0.04285221927963904,0.7636579746208231
36909,45909,Medium,High,0.9341520670195007,0.02865745222443226,0.03719048075606705
28532,37532,Medium,Medium,0.03563706852996453,0.03531725822539753,0.9290456732446378
21389,30389,High,High,0.9344174177644199,0.027959275001806547,0.03762330723377341
24064,33064,Low,Low,0.025423135306179262,0.9312192842053291,0.043357580488491664
32751,41751,High,High,0.9306833848606731,0.030320684096595232,0.038995931042731656
39896,48896,Medium,Medium,0.030947607235760382,0.03922714137615727,0.9298252513880824
38841,47841,Medium,Medium,0.029985996131644977,0.0292215574277816,0.9407924464405735
7780,16780,Medium,Low,0.03135118536451329,0.8809083174690567,0.08774049716642988
21372,30372,Medium,Medium,0.02807655295711714,0.028130287350530626,0.9437931596923521
3598,12598,Medium,Medium,0.03569140376961585,0.029469361454310578,0.9348392347760736
15225,24225,Medium,Medium,0.029562680208677358,0.028771132502870087,0.9416661872884525
7711,16711,Low,Low,0.027441388874865632,0.9351754273784073,0.037383183746727056
19189,28189,Low,Low,0.03697767999482703,0.921259585339626,0.04176273466554703
25893,34893,Low,Low,0.028162091778362364,0.9199957760691957,0.051842132152442065
19334,28334,Low,Low,0.03194008095194297,0.9313227330988858,0.036737185949171275
11332,20332,Medium,Medium,0.029453649817958612,0.030530956957423708,0.9400153932246176
30030,39030,High,High,0.9233019480097675,0.033304446636642976,0.04339360535358953
24775,33775,Medium,Medium,0.03973275748391425,0.08831563630834582,0.8719516062077398
18226,27226,Medium,Medium,0.03122878621282535,0.029250826018875343,0.9395203877682993
29290,38290,High,High,0.9362908261808895,0.027757544635771358,0.035951629183339065
3314,12314,Medium,Medium,0.030285437859639566,0.030286156380882362,0.9394284057594781
14632,23632,Low,Low,0.027454141837119292,0.9363117743008407,0.03623408386203995
20989,29989,Medium,Medium,0.04761537997254534,0.06032648230142215,0.8920581377260325
38619,47619,High,High,0.9367479090638783,0.02714123446914149,0.03611085646698026
20114,29114,Medium,Medium,0.04410599101686552,0.025793370137951563,0.9301006388451829
39086,48086,Medium,Medium,0.03302773125596129,0.03137941376334291,0.9355928549806958
24773,33773,Low,Low,0.03951852579306426,0.9147893258788292,0.045692148328106426
24126,33126,High,High,0.9386348088466404,0.024605127612471186,0.03676006354088832
11270,20270,High,High,0.9293371486493501,0.028851399169935576,0.04181145218071431
12020,21020,High,High,0.9374107269481948,0.025465216401641316,0.03712405665016381
22274,31274,Medium,Medium,0.03672626789603755,0.032570191831519026,0.9307035402724435
2837,11837,Medium,Medium,0.032816030846764904,0.029217317746990896,0.9379666514062442
32843,41843,Medium,Medium,0.03706100766364906,0.04382581503895899,0.9191131772973918
20246,29246,Medium,Medium,0.03721463096698455,0.04057443637662315,0.9222109326563923
22025,31025,Low,Low,0.02858321384110768,0.9319867931760708,0.03942999298282158
35014,44014,Medium,Medium,0.028475442651405797,0.02890847091862402,0.9426160864299701
3907,12907,High,High,0.9363981213963051,0.02715468782615681,0.03644719077753801
6921,15921,High,Low,0.030104154360836233,0.8556520049397447,0.1142438406994191
9812,18812,Medium,Medium,0.03460841265541317,0.02964746495967294,0.9357441223849139
26333,35333,High,High,0.9357834062037425,0.02592102565895844,0.0382955681372991
26920,35920,Medium,Medium,0.038549759128252176,0.03017343882553358,0.9312768020462142
30838,39838,Low,Low,0.03101910283358647,0.9312135957688619,0.03776730139755166
31383,40383,High,High,0.9070896098988307,0.04694355354697701,0.04596683655419228
1614,10614,Medium,Medium,0.038697844949859644,0.03454846691138464,0.9267536881387558
34076,43076,High,High,0.9341015382960046,0.025976287670772865,0.03992217403322259
8239,17239,Medium,Medium,0.05242801905449257,0.030585982220394412,0.9169859987251129
38866,47866,Medium,Medium,0.03161690236052426,0.027986976367361565,0.9403961212721142
39925,48925,Medium,Medium,0.03476104949348571,0.04243816105826729,0.922800789448247
22448,31448,Medium,Medium,0.03055219844948749,0.027432602968557315,0.9420151985819553
18553,27553,High,High,0.9349455366074708,0.02655725019127524,0.03849721320125393
37352,46352,High,High,0.9304502934087929,0.02838517683510189,0.04116452975610515
17364,26364,High,High,0.5981305849360949,0.030119168747543428,0.37175024631636155
37328,46328,Medium,Medium,0.03426358977889101,0.03188604794462085,0.9338503622764881
21620,30620,Medium,Medium,0.03632444646761521,0.08670420148984968,0.8769713520425352
32164,41164,Medium,Medium,0.03131083026005844,0.028229804020643134,0.9404593657192984
20394,29394,Low,Low,0.025868792533793077,0.9235687728522836,0.05056243461392335
7756,16756,High,High,0.9382920055229226,0.02510238040293802,0.03660561407413956
12361,21361,Medium,Medium,0.043212587217352244,0.03423271688075513,0.9225546959018925
11897,20897,Medium,Medium,0.033006645309241196,0.030248131848221647,0.9367452228425371
26743,35743,Medium,Medium,0.03479663391024601,0.03685109413283825,0.9283522719569158
38476,47476,Medium,Medium,0.04280901082020679,0.03317469643823901,0.9240162927415541
1902,10902,Medium,Medium,0.02816288699041561,0.07955006201570125,0.8922870509938831
5728,14728,Medium,Medium,0.033694263267498255,0.038874827009527,0.9274309097229748
9234,18234,Medium,Medium,0.029777447225069687,0.030971582091992744,0.9392509706829375
36126,45126,Medium,Medium,0.03612936780721635,0.035997370731062135,0.9278732614617216
23834,32834,Low,Low,0.02927554030130916,0.9171779569600722,0.05354650273861869
8281,17281,Medium,Medium,0.03685791565309566,0.03528810345710767,0.9278539808897966
33541,42541,Medium,Medium,0.03182410377723624,0.027561949637579658,0.940613946585184
26033,35033,Medium,Medium,0.029947727580897376,0.19137713380423418,0.7786751386148684
32285,41285,High,High,0.9377534888931924,0.024856727537196314,0.037389783569611285
18410,27410,Low,Low,0.02577168461469841,0.8949883353387804,0.07923998004652116
23543,32543,Low,Low,0.030417335139225243,0.9158895849281667,0.053693079932608016
19890,28890,Medium,Medium,0.030987908667283497,0.040507786942044544,0.928504304390672
21520,30520,High,High,0.9343998228274185,0.028116975593379587,0.03748320157920191
11504,20504,High,High,0.9228022931856926,0.029301384276673056,0.04789632253763432
17449,26449,High,Medium,0.03011558907894361,0.02643513429825199,0.9434492766228044
23523,32523,Low,Low,0.0280555444434432,0.9344861042511976,0.03745835130535919
39711,48711,Low,Low,0.033536494953211884,0.748564351612757,0.21789915343403118
28078,37078,Medium,Medium,0.041078052435837176,0.03288680172172541,0.9260351458424374
37151,46151,Medium,Medium,0.030799660410370605,0.03132019756836973,0.9378801420212598
12961,21961,Medium,Medium,0.03382180079419828,0.031183398169909237,0.9349948010358924
16505,25505,High,High,0.92846563779747,0.02982305031540333,0.0417113118871266
3002,12002,Medium,Medium,0.03385193002409922,0.25010439090061337,0.7160436790752874
14421,23421,Low,Low,0.04031156549489636,0.9017044968836068,0.05798393762149684
10249,19249,Low,Low,0.02527376746081302,0.9361317244313003,0.03859450810788672
35282,44282,Low,Low,0.030485592333575565,0.929829050003749,0.03968535766267542
10910,19910,High,High,0.9335914468598335,0.02774123370603244,0.03866731943413397
29424,38424,High,High,0.9316037995231264,0.03002691196406988,0.038369288512803676
16188,25188,High,High,0.9347212498570753,0.02812589552440695,0.03715285461851762
39418,48418,High,High,0.9371688945760491,0.026021797300311903,0.03680930812363884
34810,43810,Low,Low,0.03000477595575225,0.9258519526011403,0.044143271443107486
17627,26627,Medium,Medium,0.032449100880634664,0.03270918600382603,0.9348417131155394
10079,19079,Medium,Medium,0.032696228371226536,0.03270517496595595,0.9345985966628175
28235,37235,Medium,Medium,0.03411407817880657,0.02901115420867663,0.9368747676125168
16715,25715,High,High,0.9356428232090783,0.02609758249655124,0.03825959429437047
29679,38679,High,High,0.5424934696064905,0.03132388989570192,0.4261826404978076
29425,38425,High,High,0.9298458138105525,0.026250453784322877,0.043903732405124546
18314,27314,High,High,0.9360475323622258,0.02776598085069994,0.03618648678707428
12296,21296,Medium,Medium,0.08423572272812531,0.041845502416224506,0.8739187748556502
6209,15209,Medium,Medium,0.04289984976144773,0.05938896356385246,0.8977111866746998
31097,40097,Low,Low,0.03186048250310423,0.9301652899017437,0.03797422759515194
4234,13234,Medium,Medium,0.031196156384624172,0.15252797595030787,0.8162758676650679
27342,36342,Low,Medium,0.029413534040813833,0.32139678377356123,0.6491896821856249
12,9012,High,Low,0.028461848205251352,0.91354478850694,0.05799336328780864
20447,29447,High,High,0.9383502730709915,0.025812087349078614,0.035837639579929886
29980,38980,Medium,Medium,0.03266556768915622,0.03007582741176019,0.9372586048990836
2581,11581,Medium,Medium,0.03851950911618065,0.060957764547561445,0.9005227263362579
27704,36704,High,High,0.9361097742453824,0.024170285517007273,0.03971994023761031
37319,46319,Medium,Medium,0.05052931109599943,0.04831771568055342,0.9011529732234472
28485,37485,Medium,Medium,0.02986259705193399,0.029409522596300242,0.9407278803517659
10491,19491,Medium,Medium,0.0364391135647072,0.03923919017084853,0.9243216962644443
16350,25350,Low,Low,0.025384085612600252,0.9284611391356932,0.04615477525170655
1900,10900,Low,Low,0.03978320155940027,0.8857082831946047,0.07450851524599501
22004,31004,Medium,Medium,0.033014237466791684,0.18607525513499643,0.7809105073982119
32050,41050,Low,Low,0.03133561736833159,0.9301715268369352,0.03849285579473318
14910,23910,Low,Low,0.027264724918486898,0.9256341893112974,0.047101085770215705
14835,23835,Medium,Medium,0.052807862444621635,0.46563583664247415,0.48155630091290424
35504,44504,Low,Low,0.0297849384269683,0.9195194063560684,0.05069565521696329
6942,15942,Medium,Medium,0.039053610860404514,0.026730711726832224,0.9342156774127632
22724,31724,High,High,0.9261804551190874,0.03003610853642874,0.04378343634448381
34122,43122,High,High,0.8849482359101716,0.03906827739971861,0.07598348669010979
9995,18995,High,High,0.9362978096416734,0.02690594484075638,0.03679624551757014
8165,17165,Medium,Medium,0.030482388815775734,0.02997164513280946,0.9395459660514147
18733,27733,Low,Low,0.030887578945333168,0.9189005100240696,0.05021191103059732
32556,41556,Medium,Medium,0.03870513112506433,0.03452805830416374,0.9267668105707719
25238,34238,Medium,Medium,0.03075784304685733,0.028576739140678306,0.9406654178124644
18515,27515,Medium,Medium,0.032144660961593026,0.03228479198843765,0.9355705470499694
39727,48727,Medium,Medium,0.04642530922399197,0.03301095230843476,0.9205637384675732
22365,31365,High,Medium,0.02695133454868146,0.03285737506426612,0.9401912903870523
7520,16520,Low,Low,0.028822683818583356,0.7951367417684696,0.17604057441294704
12712,21712,High,High,0.9365081752798669,0.025252233138379907,0.038239591581753204
27545,36545,Low,Low,0.02681034249978433,0.9359029637318375,0.037286693768378155
5860,14860,Low,Low,0.0413769129934719,0.8997328046054918,0.05889028240103642
25679,34679,Medium,Medium,0.03204840159063435,0.027359297079165148,0.9405923013302006
27928,36928,Medium,Medium,0.030777926144259792,0.03044908378954225,0.9387729900661981
29602,38602,Medium,Medium,0.030301491271787034,0.026719523675072434,0.9429789850531405
6512,15512,Medium,Medium,0.03263509063846803,0.04375099440331684,0.9236139149582151
6494,15494,Low,Low,0.03017450407020708,0.9324351500003315,0.0373903459294615
31950,40950,High,High,0.9327298756580799,0.028082783940918395,0.03918734040100174
38721,47721,Low,Low,0.027569279327476565,0.8233206376043817,0.14911008306814172
33831,42831,Medium,Medium,0.05849585221091541,0.15385191432553733,0.7876522334635473
38484,47484,Medium,Medium,0.030629262442982013,0.029181960392324985,0.940188777164693
23941,32941,Medium,Medium,0.030274677182870118,0.0281535911903588,0.941571731626771
10062,19062,Medium,Medium,0.02957650831248397,0.02884043827261316,0.9415830534149029
14564,23564,High,High,0.9266498998630515,0.03346428742099478,0.03988581271595378
8481,17481,Medium,Medium,0.04368630586363054,0.029462483602315223,0.9268512105340543
20489,29489,Medium,Medium,0.031942274693901894,0.02987423275478651,0.9381834925513116
17731,26731,Medium,Medium,0.03720115417510981,0.0339527264709727,0.9288461193539175
23839,32839,Medium,Medium,0.037495350020223035,0.033752533048281914,0.9287521169314951
8132,17132,High,High,0.9354788239481534,0.027410053785317735,0.03711112226652882
36911,45911,High,High,0.9331391943276229,0.026430225192928324,0.040430580479448815
927,9927,Medium,Medium,0.02853577345397088,0.030211870481804393,0.9412523560642247
1773,10773,Medium,Medium,0.041646663789528644,0.06853136925836141,0.8898219669521099
7813,16813,Medium,Low,0.03106967378592328,0.5407056734678964,0.4282246527461802
14057,23057,High,High,0.934858064748464,0.027552218959277217,0.0375897162922588
28634,37634,Low,Low,0.026385289438666082,0.9281808238802262,0.04543388668110771
28068,37068,Low,Medium,0.02955313602435462,0.0321644010607483,0.9382824629148971
38223,47223,Medium,Medium,0.03345760363673003,0.02959391009673834,0.9369484862665317
20582,29582,High,High,0.9393051377025247,0.023817083955800997,0.036877778341674244
35684,44684,High,Medium,0.03844961979450139,0.03215330335113001,0.9293970768543686
17508,26508,Medium,Medium,0.032300799697393995,0.036271695072607725,0.9314275052299982
17392,26392,Medium,Medium,0.03074873115623562,0.04735866110285067,0.9218926077409137
11898,20898,Medium,Medium,0.029908798212243987,0.02775702461424955,0.9423341771735064
34325,43325,High,High,0.9383699501448249,0.025401242482167057,0.03622880737300798
31190,40190,Medium,Medium,0.03136912865720038,0.029488884289916344,0.9391419870528832
10830,19830,Medium,Medium,0.03381382567676192,0.03036134116289932,0.9358248331603387
7315,16315,High,High,0.9384418698597875,0.025416412029412038,0.036141718110800414
37304,46304,Medium,High,0.6698693780432823,0.03178291974132939,0.29834770221538826
4577,13577,Medium,Medium,0.030137365723212056,0.029774873599854205,0.9400877606769337
1095,10095,Medium,Medium,0.03020792863402937,0.02923981556882017,0.9405522557971505
33973,42973,Low,Low,0.026196408685831923,0.8931648194115572,0.08063877190261098
6775,15775,Medium,Medium,0.036483704408595226,0.03956123825719292,0.9239550573342118
30876,39876,Low,Low,0.026320747796099647,0.9345834915403336,0.03909576066356677
39979,48979,Medium,Medium,0.035441528446975956,0.03643081540082988,0.9281276561521942
23851,32851,Low,Low,0.03279301724993256,0.9302889702136897,0.036918012536377616
23512,32512,High,High,0.9363978769719874,0.026384578278147285,0.03721754474986535
3372,12372,High,Medium,0.03255388216514779,0.036957153758101845,0.9304889640767504
34759,43759,Medium,Medium,0.038531772146706035,0.039591461501280754,0.9218767663520132
15189,24189,Low,Low,0.02916833072671124,0.9305247110076215,0.04030695826566729
15693,24693,Medium,Medium,0.06216907919715462,0.034238158996197206,0.9035927618066482
27164,36164,Medium,Medium,0.051660647452800336,0.03964481203415773,0.908694540513042
2085,11085,Medium,Medium,0.032772209920296995,0.08095110092434478,0.8862766891553582
10376,19376,High,High,0.9294593650030748,0.03162481240044567,0.03891582259647957
26213,35213,Medium,Medium,0.029852424241697786,0.02724730203950526,0.9429002737187969
2734,11734,Medium,Medium,0.03204477955960864,0.031655755025458046,0.9362994654149334
19953,28953,Medium,Medium,0.03470078831294334,0.031404069808862824,0.9338951418781938
1665,10665,High,Medium,0.028587069771074575,0.031200149053951343,0.940212781174974
8914,17914,Low,Low,0.035304135649715344,0.9254017966150556,0.03929406773522903
14971,23971,High,High,0.9353590644569959,0.025644730183080108,0.03899620535992387
10304,19304,Low,Low,0.03784769005309158,0.919003481719702,0.04314882822720647
26873,35873,Medium,Medium,0.03238571893652501,0.03143253794286477,0.9361817431206103
29008,38008,Medium,Medium,0.030746309343522377,0.026664548957054394,0.9425891416994232
17231,26231,Medium,Medium,0.04144978142383692,0.03185324580706391,0.9266969727690991
17275,26275,Medium,Medium,0.029220014923990335,0.029007747548609148,0.9417722375274006
18194,27194,Medium,Medium,0.040292299237801456,0.03237189393847884,0.9273358068237197
27992,36992,Low,Low,0.02700888439145824,0.932485263980184,0.04050585162835773
21034,30034,Medium,Medium,0.030885113176317213,0.03549762725312583,0.933617259570557
33029,42029,Medium,Medium,0.03551681797443106,0.03890957524199232,0.9255736067835766
33327,42327,Low,Low,0.0293194905638304,0.9260128273199834,0.04466768211618624
37351,46351,High,High,0.9345829441042696,0.02747377826802373,0.0379432776277067
21991,30991,Medium,Medium,0.030882338363460233,0.031551115370724976,0.9375665462658148
221,9221,High,High,0.9241247261251649,0.027625062801782407,0.04825021107305255
16768,25768,Medium,Medium,0.039321977067473174,0.17770530621939487,0.782972716713132
25788,34788,Medium,Medium,0.03354760459901785,0.04154391603055862,0.9249084793704235
29628,38628,Medium,Medium,0.07808522745834649,0.08519652135742618,0.8367182511842274
8530,17530,High,High,0.9252881844349566,0.026703501177804706,0.04800831438723882
13064,22064,Low,Low,0.02930914138391258,0.9256859668805267,0.04500489173556089
7445,16445,Low,Medium,0.03586585446597137,0.037252900618597505,0.9268812449154312
17556,26556,High,High,0.9361440786549916,0.025335955301104256,0.03851996604390402
4776,13776,High,High,0.9219314769118908,0.036372885759704765,0.04169563732840425
29137,38137,Medium,Medium,0.08772495321047628,0.030891511521805397,0.8813835352677183
36357,45357,High,Medium,0.47152640076483526,0.0371087162897348,0.49136488294543
14700,23700,High,High,0.9155769747356045,0.03799703566200916,0.046425989602386315
3427,12427,Medium,Medium,0.028096171546526744,0.026291734014266637,0.9456120944392067
20078,29078,Low,Low,0.02657820744314951,0.9366301379853293,0.036791654571521185
25627,34627,Low,Low,0.028100960543852083,0.9305220639409617,0.04137697551518609
25717,34717,High,High,0.9380578110453452,0.025953753630454685,0.03598843532420013
39111,48111,Medium,Medium,0.03801204314733755,0.03275614704439004,0.9292318098082725
33099,42099,Medium,Medium,0.03153397894879249,0.029165037098496934,0.9393009839527107
23311,32311,Medium,Medium,0.032166487369665375,0.028821850394808016,0.9390116622355266
24618,33618,Medium,Medium,0.02800629090093354,0.03510240746736686,0.9368913016316996
21051,30051,Medium,Medium,0.03126742609541972,0.029838426033191607,0.9388941478713887
35002,44002,Medium,Medium,0.08256928013110483,0.038755122466294166,0.878675597402601
8184,17184,Medium,Medium,0.03047372341153627,0.03502957069572126,0.9344967058927424
8178,17178,Medium,Medium,0.03260676372703948,0.17270385686308876,0.7946893794098718
9384,18384,High,High,0.9355247750747188,0.02604368929415239,0.038431535631128756
7152,16152,Medium,Medium,0.05137797675777448,0.029885717966387355,0.918736305275838
541,9541,Medium,High,0.9386620391222706,0.025780258397816908,0.03555770247991241
372,9372,Low,Low,0.026594127996617607,0.9282923169829589,0.04511355502042358
6991,15991,High,High,0.9377446746907672,0.0257528641657387,0.03650246114349425
22414,31414,High,High,0.931015448391577,0.029603738945943366,0.03938081266247968
18910,27910,Low,Low,0.027972397628101137,0.9362212532999177,0.03580634907198115
18125,27125,Low,Low,0.029226644053969675,0.9263489584294998,0.044424397516530455
27224,36224,Medium,Medium,0.028298023290792607,0.028663222730690077,0.9430387539785173
35614,44614,Low,Low,0.026207978290858757,0.9373211010863424,0.036470920622798934
24511,33511,Medium,Medium,0.08926908242451288,0.04999640475950936,0.8607345128159777
20504,29504,High,High,0.9364518447469585,0.026310128589374853,0.03723802666366651
30444,39444,High,High,0.9228338977072105,0.03664264542688057,0.04052345686590899
5352,14352,High,High,0.9322249618064419,0.028277469998765986,0.03949756819479211
11468,20468,Medium,Medium,0.029285007589175422,0.02903238640896667,0.9416826060018578
36189,45189,Medium,Low,0.029969106793982795,0.4938541258733545,0.47617676733266273
26430,35430,Medium,Medium,0.027794819851830414,0.027158335573757037,0.9450468445744127
5489,14489,Low,Low,0.03166700175004969,0.9281167050407549,0.040216293209195314
20769,29769,High,High,0.9378599767640668,0.025481813538280284,0.03665820969765288
5091,14091,Low,Low,0.026291595155739495,0.9391400145173495,0.03456839032691101
31711,40711,Low,Low,0.028757542518980776,0.7930473446002643,0.17819511288075499
39203,48203,Low,Low,0.02517588869188367,0.939079831143181,0.035744280164935326
16977,25977,Medium,Medium,0.03037625956220417,0.0312344723177333,0.9383892681200625
37781,46781,High,High,0.9326819481820535,0.03012091748745309,0.03719713433049334
31683,40683,High,High,0.9289266301669151,0.030056325926072186,0.041017043907012656
27123,36123,High,Low,0.026788942257161896,0.9337343021799324,0.039476755562905745
19120,28120,High,High,0.9203225524652819,0.04111733862891805,0.038560108905800056
17825,26825,Low,Low,0.030123605933146346,0.9100668027199935,0.059809591346860015
8445,17445,Medium,Medium,0.15326075591579344,0.036143613214890374,0.8105956308693162
24206,33206,High,High,0.9320318045143035,0.025708909792640455,0.04225928569305618
38316,47316,Medium,Medium,0.038477413198299205,0.044957042254549745,0.9165655445471511
1762,10762,Low,Low,0.031245372588285858,0.9330724521041581,0.035682175307556
16147,25147,High,High,0.9357271733985343,0.026431533134659454,0.037841293466806196
34286,43286,High,High,0.9291485231365254,0.03316339057663222,0.03768808628684223
8246,17246,Low,Low,0.027770409121414628,0.9265435751485246,0.045686015730060585
35233,44233,High,High,0.9300800814330072,0.03292203869122023,0.03699787987577252
6931,15931,Medium,Medium,0.03977084369638318,0.033504792521017894,0.9267243637825989
24550,33550,Medium,Medium,0.05304144758874219,0.03679181499637095,0.9101667374148869
19636,28636,High,High,0.9298586928324243,0.029815762622102213,0.04032554454547347
15793,24793,Medium,Medium,0.0339092777532139,0.03051010440603935,0.9355806178407468
14453,23453,High,High,0.9332413343315334,0.02787857569223347,0.03888008997623299
32991,41991,High,High,0.9264810033357183,0.034774307039679424,0.03874468962460231
16327,25327,Medium,Medium,0.033270415621221704,0.03224286020863335,0.9344867241701449
28720,37720,Medium,Medium,0.0280925739336544,0.029323520952538304,0.9425839051138073
25724,34724,Medium,Medium,0.03471485811309388,0.03250520100579358,0.9327799408811126
20034,29034,Medium,Medium,0.03141623475133648,0.02958779368020124,0.9389959715684624
4813,13813,Low,Low,0.037726438411597785,0.9200966785706278,0.0421768830177743
12350,21350,Medium,Medium,0.03192973066837865,0.029122579191485292,0.938947690140136
36580,45580,Low,Low,0.0478465135636423,0.9019665484500111,0.0501869379863466
652,9652,Medium,Medium,0.029518476276414452,0.06033157828392897,0.9101499454396565
20147,29147,Low,Low,0.039592144965383096,0.8707647437729181,0.08964311126169873
24934,33934,Medium,Medium,0.03160141636062358,0.036063177162444095,0.9323354064769324
35434,44434,Medium,Medium,0.040046205168060865,0.04640102689395643,0.9135527679379827
32614,41614,Medium,Medium,0.03308195244147812,0.03196292623016644,0.9349551213283555
24458,33458,High,High,0.9328047879992755,0.027626319452995318,0.039568892547729155
24752,33752,Low,Medium,0.046211297806463415,0.4012778597005049,0.5525108424930317
27408,36408,Medium,Medium,0.17881379370759054,0.03545819238567721,0.7857280139067323
28141,37141,Low,Low,0.03819203787331759,0.8834086226257439,0.07839933950093853
34724,43724,High,High,0.9284176335154779,0.028057887564730155,0.04352447891979196
18704,27704,Low,Low,0.031489754986580694,0.9250569483522512,0.043453296661168116
26506,35506,Low,Low,0.029731440338121,0.9268134930957875,0.04345506656609144
24235,33235,High,High,0.9204721233437549,0.037682351081651654,0.04184552557459331
36422,45422,Medium,Medium,0.03354516966414501,0.030424231879998848,0.9360305984558561
4165,13165,Medium,Medium,0.03231218372020812,0.03286777800883651,0.9348200382709554
35884,44884,Medium,Medium,0.041205712773679674,0.039637376547124216,0.9191569106791961
21484,30484,High,High,0.9232305197785625,0.03930002004913978,0.037469460172297714
3680,12680,Medium,Medium,0.03100551018190716,0.028765760802523122,0.9402287290155696
36890,45890,Low,Low,0.05515546654584056,0.8985682342004937,0.0462762992536657
20315,29315,Low,Low,0.03251019711747845,0.9294412541255972,0.038048548756924365
6346,15346,Low,Low,0.02931800509392649,0.9354913398710277,0.03519065503504573
5514,14514,High,High,0.9136347418108159,0.03852120783830801,0.04784405035087596
26369,35369,Low,Low,0.03513954118621373,0.8584143995446536,0.10644605926913268
7901,16901,Medium,Medium,0.03452162543262593,0.030245754320753996,0.93523262024662
22571,31571,High,High,0.929149664106539,0.026803198921928936,0.044047136971532064
21507,30507,High,Low,0.027202351965978866,0.9329081890656208,0.03988945896840026
16888,25888,High,High,0.935947144761552,0.023996161392774665,0.04005669384567328
4678,13678,Medium,Medium,0.03343422840268737,0.03185798539984771,0.9347077861974649
21078,30078,Low,Low,0.02577368194302697,0.9291508224767083,0.045075495580264836
27540,36540,Low,Low,0.029272585538647533,0.9327649529391754,0.037962461522176985
11936,20936,Medium,Medium,0.06114021577860815,0.04203173624590717,0.8968280479754848
6784,15784,Medium,Medium,0.030658544518992286,0.0372784970877662,0.9320629583932417
34493,43493,Low,High,0.9223490393884383,0.030640304943893432,0.047010655667668266
22763,31763,Low,Low,0.030947052654531956,0.9263852206129188,0.042667726732549205
26185,35185,High,High,0.9342836253359059,0.0274766313953759,0.03823974326871815
32474,41474,High,High,0.9263974698240899,0.028515266556597432,0.045087263619312784
21689,30689,Medium,Medium,0.028874709432168605,0.028423749084332466,0.9427015414834989
7182,16182,Medium,Medium,0.030824298683506984,0.028548231392522282,0.9406274699239706
16727,25727,High,High,0.9349559038724283,0.026775998319731806,0.03826809780783986
12160,21160,Medium,Low,0.04779478409151638,0.5928773132169686,0.3593279026915151
16473,25473,Low,Low,0.027744356297727497,0.925744092823099,0.04651155087917344
30801,39801,Low,Low,0.025958520419647083,0.9387179540586641,0.035323525521688846
16919,25919,Low,Low,0.03084139964907355,0.9250507654362403,0.044107834914686124
5412,14412,Medium,Medium,0.03910666956333413,0.03667463327933954,0.9242186971573263
17890,26890,High,High,0.9372639738060627,0.026442311504842355,0.03629371468909497
4602,13602,Medium,Medium,0.03323174267766237,0.03363308498556364,0.9331351723367741
4192,13192,High,High,0.9354766377075509,0.025694613468829605,0.03882874882361953
7485,16485,Low,Low,0.02538853478867406,0.9308275396271476,0.04378392558417832
22087,31087,Low,Low,0.02526842131721097,0.9396141284487967,0.035117450233992244
614,9614,Medium,Medium,0.039443247557398115,0.036953391501585435,0.9236033609410162
36245,45245,High,High,0.9385118985740486,0.025106390585170762,0.03638171084078066
22712,31712,Medium,Medium,0.028419911540337527,0.02682899321359969,0.9447510952460628
19960,28960,Medium,Medium,0.028119738495516484,0.03258859277572449,0.9392916687287589
29723,38723,High,High,0.9332226378952498,0.027061021942538566,0.039716340162211615
