row_index,PlayerID,true_label,predicted_label,prob_High,prob_Low,prob_Medium
33212,42212,High,Medium,0.03781947249589825,0.036080922019875984,0.9260996054842258
32450,41450,High,Low,0.038644293925138185,0.9289961085696677,0.03235959750519398
25718,34718,High,High,0.9394709515425171,0.028254784344212067,0.03227426411327086
25647,34647,Medium,Medium,0.03976164557125073,0.03170297853090599,0.9285353758978432
6697,15697,Medium,Medium,0.03338433206379169,0.0434013885917001,0.9232142793445082
9578,18578,Low,Low,0.03953486208459408,0.9165115831133656,0.043953554802040294
22418,31418,Low,Low,0.03230132077926977,0.9260510445217394,0.04164763469899083
13852,22852,High,High,0.9380184556904799,0.028827928824273402,0.03315361548524675
35559,44559,Medium,Medium,0.030065875996107775,0.03538730373709889,0.9345468202667934
37904,46904,Low,Low,0.03418282979840912,0.9237072426033412,0.04210992759824955
336,9336,Medium,Medium,0.030476805055971046,0.02896543746997421,0.9405577574740547
22261,31261,Medium,Medium,0.03160299108639477,0.03149154885790611,0.9369054600556991
13433,22433,High,Low,0.030384719447570097,0.9366547783312988,0.032960502221131095
6518,15518,Low,Low,0.02982377412707049,0.9376800808126525,0.03249614506027695
33043,42043,Medium,Medium,0.03221483587142068,0.03791544433032084,0.9298697197982584
10916,19916,Medium,Medium,0.03732926801620054,0.03491339487497519,0.9277573371088242
38118,47118,Medium,Medium,0.04441139878418854,0.03468132529109764,0.9209072759247139
14589,23589,Medium,Medium,0.04050838370316399,0.04544230085413862,0.9140493154426973
14029,23029,High,High,0.9279837245236292,0.03220890251918387,0.03980737295718687
11815,20815,High,Medium,0.033960457701541075,0.03553130527770243,0.9305082370207565
24102,33102,Medium,Low,0.030259142045504523,0.9171951917345518,0.0525456662199437
37284,46284,Medium,Medium,0.03539128436977638,0.03577201485904564,0.928836700771178
37439,46439,Low,Low,0.02936849950520821,0.9391337052152325,0.031497795279559294
4840,13840,Medium,Medium,0.038027505670663646,0.03908247168305574,0.9228900226462806
30694,39694,High,High,0.9223266078553521,0.04070662716690673,0.03696676497774112
27993,36993,Medium,Medium,0.0324520376672666,0.031865710367663884,0.9356822519650695
22606,31606,Medium,Medium,0.03287295344801711,0.036177093072127714,0.9309499534798552
22737,31737,Medium,Medium,0.03429152180831669,0.042121423234830806,0.9235870549568524
36934,45934,High,High,0.9314898506256855,0.030420157898717156,0.03808999147559727
33527,42527,Medium,Medium,0.036364845070543314,0.0337980858764011,0.9298370690530556
21911,30911,Medium,High,0.9310523206723501,0.03260817076058415,0.036339508567065755
3413,12413,Low,Low,0.030725095390007704,0.9351219906165692,0.034152913993423184
31047,40047,Medium,Medium,0.030923949157679043,0.035871416751900816,0.9332046340904201
8262,17262,Medium,Medium,0.03267533574859649,0.032207755424836504,0.9351169088265671
22731,31731,Low,Low,0.04190246128018693,0.5509514923537341,0.40714604636607904
31333,40333,High,High,0.9382642621549443,0.029337144579724028,0.0323985932653316
5141,14141,Medium,Medium,0.029877273137717764,0.030913797059715618,0.9392089298025666
17425,26425,Medium,Medium,0.030504975777461293,0.03250999305856279,0.9369850311639759
32600,41600,Medium,Medium,0.03583631758875359,0.03406720461780416,0.9300964777934424
28493,37493,High,High,0.9084369879541182,0.03363599285782163,0.0579270191880601
5848,14848,Low,Low,0.03492272093962912,0.9299935444195301,0.035083734640840865
36108,45108,Low,Low,0.0349356411492631,0.8091522202349978,0.15591213861573908
35044,44044,Low,Low,0.035612641130944346,0.9251401184330793,0.03924724043597635
38564,47564,High,High,0.9358604062331675,0.030047124063295433,0.03409246970353705
32873,41873,High,Medium,0.030614416909456946,0.030252000866494665,0.9391335822240485
23508,32508,Low,Low,0.029561290565740597,0.937722181569045,0.032716527865214506
11440,20440,Low,Low,0.03298887197672231,0.9340966572582771,0.032914470765000474
33801,42801,Medium,Medium,0.03369529144358113,0.03156949858219341,0.9347352099742254
194,9194,Medium,Medium,0.03340530089457682,0.030291105137743506,0.9363035939676797
33709,42709,High,High,0.9298258692446089,0.031336956341559884,0.0388371744138313
24753,33753,Medium,Medium,0.03502318088890682,0.04502134716015798,0.9199554719509352
3652,12652,High,High,0.9346520614953806,0.03191506244385095,0.03343287606076839
24245,33245,Medium,High,0.9147270406352832,0.032283073880157324,0.052989885484559525
4900,13900,Medium,Medium,0.037035248098249464,0.038758668960136196,0.9242060829416143
39248,48248,Low,Medium,0.03641697629089951,0.030840176960953387,0.932742846748147
37207,46207,Medium,Medium,0.042020550090997776,0.030711791502579206,0.9272676584064231
4,9004,Medium,Medium,0.03783549987901006,0.03599839609721111,0.9261661040237787
29799,38799,Medium,Medium,0.038465125911822044,0.03770984088935309,0.9238250331988249
13620,22620,High,High,0.9355157839920646,0.03041699336766544,0.03406722264027006
877,9877,Low,Low,0.03485359735569935,0.783258352562938,0.18188805008136258
22784,31784,Medium,Medium,0.03693770771357403,0.03789282444607071,0.9251694678403553
31713,40713,High,High,0.9271800133990356,0.03727962119038229,0.03554036541058209
5018,14018,Low,Low,0.029810647614531113,0.9334955437782746,0.03669380860719423
39432,48432,High,High,0.9229040282565526,0.033001398937192866,0.04409457280625457
37268,46268,Medium,Medium,0.031059880749707485,0.030324313929043143,0.9386158053212496
24481,33481,Low,Medium,0.03816255481074277,0.033697588376508665,0.9281398568127486
26361,35361,Low,Low,0.0326060495907683,0.8769043037750802,0.09048964663415145
16948,25948,Low,Low,0.03235540119221232,0.9358026408069073,0.03184195800088032
23116,32116,Low,Low,0.029952040795236747,0.937073357373592,0.03297460183117127
9856,18856,High,Medium,0.1741893363138031,0.05297353203502254,0.7728371316511744
21634,30634,Medium,Medium,0.03098266527842214,0.03168814040252833,0.9373291943190495
27799,36799,Medium,Medium,0.03224321219970669,0.030980156521928575,0.9367766312783647
16445,25445,High,High,0.9383971112823543,0.029079136375977598,0.03252375234166801
31904,40904,Low,Medium,0.03563497974049407,0.09800976006157924,0.8663552601979266
31763,40763,Medium,Medium,0.03307981152187766,0.04593765597267623,0.920982532505446
6945,15945,Medium,Medium,0.030315779941660955,0.02975430633645108,0.939929913721888
7350,16350,High,High,0.9345220172488703,0.03054935391794043,0.034928628833189194
6060,15060,Medium,Medium,0.04377641616979211,0.03343567519582656,0.9227879086343814
4186,13186,Medium,Medium,0.04205501621597235,0.03283386679718397,0.9251111169868437
4354,13354,Medium,High,0.5204976119665107,0.071823800380527,0.40767858765296233
14818,23818,Medium,Medium,0.04131210171328956,0.03188762617984656,0.9268002721068639
34621,43621,Medium,Medium,0.03291450727978373,0.030152737457770955,0.9369327552624455
20920,29920,Low,Low,0.03221337531714157,0.9333511726487246,0.034435452034134006
21495,30495,Medium,Medium,0.03779894896469913,0.031163892883062427,0.9310371581522384
35775,44775,High,Low,0.02894885074481394,0.9399868295177649,0.03106431973742124
1059,10059,Medium,Medium,0.04185814966086294,0.15928511040308266,0.7988567399360544
14512,23512,High,High,0.932605006896282,0.032893980325839255,0.03450101277787875
32464,41464,Medium,High,0.9339964521421086,0.032930731894271044,0.033072815963620376
30934,39934,Medium,Medium,0.0333892948848885,0.03220058845212071,0.9344101166629909
4963,13963,Medium,Medium,0.03669827964407854,0.047388189425279274,0.9159135309306422
10603,19603,Medium,Medium,0.03201296730863812,0.029912929594554893,0.9380741030968069
34010,43010,Medium,Medium,0.03849292399058851,0.04976087119188979,0.9117462048175217
20018,29018,Medium,Medium,0.03393868753236603,0.04225759529676576,0.9238037171708683
25753,34753,High,High,0.9190753803173228,0.03922747475867867,0.04169714492399842
27532,36532,High,High,0.9307215180468127,0.03442747510628456,0.03485100684690282
1807,10807,High,High,0.9256512861146505,0.029983862322597116,0.04436485156275224
28432,37432,Medium,Medium,0.038705930411309465,0.036611370390308234,0.9246826991983822
38988,47988,Medium,Medium,0.03593625937473711,0.03369167504731074,0.930372065577952
15857,24857,High,High,0.9337705974611272,0.030162501872567537,0.03606690066630526
33246,42246,Low,Low,0.03745793157429392,0.6441091360632962,0.31843293236240977
33970,42970,Low,Low,0.03802841937738311,0.7172098132543502,0.24476176736826669
19239,28239,Medium,Medium,0.033898715555477875,0.035477308961399494,0.9306239754831226
5827,14827,Low,Low,0.03369516782875593,0.8523983250970262,0.11390650707421784
23983,32983,Medium,High,0.9300277252119925,0.035617533794330254,0.034354740993677337
17317,26317,Medium,Medium,0.032508320106132325,0.031759400178534763,0.9357322797153329
10748,19748,High,High,0.9253495400290227,0.038605082291414176,0.036045377679563236
9104,18104,Low,Low,0.0323047600790567,0.921136140093255,0.04655909982768821
28186,37186,Low,High,0.9238476772201145,0.036782056904196093,0.039370265875689404
11073,20073,High,High,0.9273829901071884,0.03210822313918609,0.04050878675362552
9883,18883,Low,Low,0.03522270188752336,0.9301778896027452,0.03459940850973141
14348,23348,Medium,Medium,0.03189090803178268,0.03143539530209632,0.9366736966661211
39537,48537,Medium,Medium,0.030590798311665418,0.03309783664770725,0.9363113650406273
28513,37513,Medium,Medium,0.030632708181209816,0.03132310914163153,0.9380441826771587
12690,21690,Medium,Medium,0.03028558245663618,0.035176473050931474,0.9345379444924323
16869,25869,Low,Low,0.03901731981080769,0.9256356112515589,0.035347068937633425
26421,35421,Low,Low,0.02972715792768453,0.9378912299067489,0.032381612165566516
7990,16990,Medium,Medium,0.03273404889371034,0.029304426185813748,0.9379615249204759
33393,42393,High,High,0.9218855802358386,0.03468845636200366,0.04342596340215777
10477,19477,Low,Low,0.029662396538884663,0.9390196378439412,0.031317965617174225
7175,16175,Medium,Medium,0.031041320270452612,0.03118938938367367,0.9377692903458735
25567,34567,High,High,0.916145726605362,0.03401580708503291,0.049838466309605034
21885,30885,Medium,Medium,0.03525725549174009,0.03676858963503176,0.9279741548732282
36573,45573,High,Low,0.03206353875308616,0.9296011564853925,0.03833530476152119
13632,22632,Medium,Medium,0.03178657968821592,0.05719473350129862,0.9110186868104854
21111,30111,Medium,Medium,0.03107888066153201,0.030450306567132837,0.9384708127713351
11974,20974,Low,Low,0.037766700505856905,0.918811850274117,0.04342144922002608
11924,20924,Medium,Medium,0.03313761204208322,0.032433561533067826,0.934428826424849
13363,22363,Medium,Medium,0.031194068332319802,0.03196880516924997,0.9368371264984302
25126,34126,Low,Low,0.04775163566590712,0.8802167496666665,0.07203161466742626
16482,25482,High,High,0.921685094223118,0.0369364725201469,0.04137843325673512
20646,29646,Medium,Medium,0.044688505043593126,0.031318083057131865,0.923993411899275
9564,18564,Medium,Medium,0.031015754725074774,0.03267446371927802,0.9363097815556473
38590,47590,Low,Low,0.03020627413758044,0.9351857968497236,0.03460792901269594
18348,27348,Medium,Medium,0.032715086739425754,0.03114787257610953,0.9361370406844647
19052,28052,High,High,0.9366526817558287,0.030067852129423516,0.03327946611474781
8009,17009,High,High,0.9308049520593329,0.03582436669003883,0.03337068125062814
16040,25040,High,High,0.935631928093148,0.028399941184314992,0.03596813072253698
21445,30445,Medium,Medium,0.032589162018031186,0.04221038500050972,0.9252004529814591
1449,10449,Medium,Medium,0.03624351119220693,0.03495546930501405,0.928801019502779
19740,28740,Medium,Medium,0.040373902669041756,0.036141453138598595,0.9234846441923596
35327,44327,High,High,0.9286182031753173,0.03635571371344903,0.035026083111233695
16108,25108,Medium,Medium,0.03683852652148755,0.03577083118219101,0.9273906422963215
18926,27926,High,Medium,0.032755860804267095,0.03506238470153187,0.9321817544942012
27191,36191,High,High,0.9224163512076063,0.03734284701276191,0.04024080177963174
10353,19353,High,High,0.9228399109345551,0.0411926032083988,0.03596748585704621
34015,43015,Medium,Medium,0.0370835227913539,0.0336500884380608,0.9292663887705853
27621,36621,High,High,0.9292849154379645,0.03380893031869773,0.0369061542433378
30660,39660,Low,Low,0.037629213140015334,0.9218680208755456,0.04050276598443912
5923,14923,Medium,Medium,0.033770448523635394,0.033431859486350725,0.9327976919900139
4699,13699,Low,Low,0.032870360487339455,0.9056552236242167,0.06147441588844398
4115,13115,High,High,0.8711084694616713,0.04693538152284398,0.08195614901548469
34833,43833,Medium,Medium,0.038801686249442406,0.05950460739252842,0.9016937063580291
27823,36823,Medium,Medium,0.03274866012201391,0.034757522249080915,0.9324938176289052
38428,47428,Medium,Medium,0.03151632725958132,0.032324267042149864,0.9361594056982687
33360,42360,High,Low,0.03752637036829637,0.5408523689061461,0.4216212607255576
2439,11439,Medium,Medium,0.03605650154636402,0.03152067508586319,0.9324228233677729
19205,28205,Medium,Medium,0.032719302004710044,0.051675129701512425,0.9156055682937776
11881,20881,Low,Low,0.03361085040088071,0.9330666140893434,0.033322535509775784
16929,25929,High,High,0.9394704177933973,0.028651529142553117,0.031878053064049366
4091,13091,Medium,Medium,0.030156838969835842,0.030257298231012173,0.9395858627991519
33435,42435,Medium,Medium,0.033247009651976085,0.033973688828552305,0.9327793015194716
12507,21507,Medium,Medium,0.03521236405524247,0.03513106167877311,0.9296565742659842
39003,48003,Medium,Medium,0.032117301969519486,0.029758240306942716,0.9381244577235378
296,9296,Medium,Medium,0.03177167855771954,0.03071703556767193,0.9375112858746085
27168,36168,Medium,Medium,0.02999294098675784,0.028795494566890262,0.9412115644463519
11289,20289,Low,Low,0.03163795129420809,0.9301587382743551,0.038203310431436745
11643,20643,Low,Low,0.04013348559331279,0.9281005776798228,0.0317659367268645
6898,15898,Medium,Medium,0.051160947791115,0.035706734603782514,0.9131323176051024
24346,33346,High,High,0.9382731589026688,0.02901510352051329,0.032711737576817994
4916,13916,High,High,0.9386002059582128,0.02809508393253791,0.033304710109249354
21317,30317,Medium,Medium,0.031406020975614936,0.029598939840445176,0.9389950391839399
253,9253,Medium,Medium,0.030259093341614914,0.029545741726103723,0.9401951649322814
4084,13084,High,High,0.9313813905366817,0.030247357923111746,0.03837125154020657
3028,12028,Low,Medium,0.034541534140745116,0.04569683272465608,0.9197616331345988
9624,18624,High,High,0.9375259044921774,0.029469490276339036,0.033004605231483734
26340,35340,High,High,0.9267391266249057,0.032269003630858085,0.04099186974423636
13198,22198,Low,Low,0.03598828921289149,0.9211976125994852,0.04281409818762344
1393,10393,Medium,Medium,0.045724797032697294,0.04158446386547567,0.912690739101827
34398,43398,Medium,Medium,0.030644942850228177,0.030161125259941454,0.9391939318898305
38242,47242,High,High,0.9300031727803927,0.03315734315845934,0.03683948406114806
36488,45488,Medium,Low,0.033211951692825016,0.9316997694086636,0.035088278898511314
13318,22318,High,High,0.9415590672711645,0.027845093400665183,0.030595839328170383
33742,42742,Low,Low,0.03207821865994064,0.9072816214501823,0.06064015988987706
11246,20246,Medium,Medium,0.035033896728360506,0.0390487486569286,0.9259173546147109
31364,40364,Medium,Medium,0.033636967375211234,0.03869490935875528,0.9276681232660335
2541,11541,Medium,Medium,0.031722770904423,0.0336077757711802,0.9346694533243968
23205,32205,Medium,Medium,0.040060703659281806,0.032784389457914676,0.9271549068828037
32051,41051,Medium,Medium,0.03889895761103829,0.030076811985997234,0.9310242304029644
35753,44753,Medium,Medium,0.032245192191635845,0.033020385501633026,0.9347344223067312
25190,34190,High,Medium,0.03765805384107349,0.03278745709211619,0.9295544890668103
22586,31586,Medium,Medium,0.03170884279405161,0.03302395026833224,0.9352672069376161
6125,15125,High,High,0.9357380293836384,0.030411315255385592,0.03385065536097598
9821,18821,Medium,Medium,0.031393758825842256,0.03266362928947716,0.9359426118846805
33700,42700,Medium,Medium,0.03838930085736229,0.03779087237788104,0.9238198267647567
13910,22910,High,High,0.9189443597723953,0.04055151972197515,0.04050412050562948
14923,23923,Medium,Medium,0.04355089432651448,0.036014964404926235,0.9204341412685593
34470,43470,Low,Low,0.0333500556345367,0.9324518066368798,0.03419813772858364
8229,17229,Medium,Medium,0.03336990747778928,0.03294311841996576,0.933686974102245
33523,42523,Low,Low,0.029613038941735892,0.9345042406498009,0.03588272040846328
30071,39071,Medium,Medium,0.032654827324236885,0.030043070532311745,0.9373021021434513
14546,23546,Medium,Medium,0.4294896426203108,0.0452748451635873,0.525235512216102
39062,48062,High,High,0.574378112458613,0.08641500881201042,0.33920687872937644
32266,41266,Low,Low,0.057293766902535015,0.8856305264756666,0.05707570662179834
19320,28320,High,High,0.9366185003311704,0.031370420546456404,0.0320110791223732
12796,21796,Medium,Medium,0.037330131897691576,0.03231861826126698,0.9303512498410414
24038,33038,High,Medium,0.031339200897028796,0.03159771256427165,0.9370630865386995
9120,18120,Medium,Medium,0.03396437177999457,0.2046779534058064,0.761357674814199
32515,41515,Medium,Medium,0.03626434783772924,0.06446442705070715,0.8992712251115637
3851,12851,Medium,Medium,0.031831536314447066,0.034649873496300186,0.9335185901892528
2909,11909,Low,Low,0.03068796100562286,0.9365272734339373,0.03278476556043978
5952,14952,Medium,Medium,0.038537507720310456,0.037607308708382726,0.9238551835713068
5086,14086,High,High,0.9342999168467041,0.029530058672102583,0.036170024481193296
35583,44583,High,High,0.9395978804246149,0.0285897521386012,0.03181236743678393
32154,41154,Low,Low,0.035303151848680554,0.926216123653108,0.03848072449821141
36610,45610,Low,Low,0.03686928087175981,0.8447931442070713,0.11833757492116885
2908,11908,Medium,Medium,0.030259136021703947,0.0316710027291986,0.9380698612490974
177,9177,Medium,Medium,0.03323968912249192,0.03472997287060916,0.9320303380068989
14168,23168,Medium,Medium,0.04000948969398772,0.23036053589388097,0.7296299744121314
20487,29487,High,High,0.9375659451269728,0.03011546189517339,0.03231859297785385
16269,25269,Low,Low,0.031149653599854606,0.9255995130800766,0.04325083332006883
26666,35666,Medium,Medium,0.051934923663267234,0.038651340984465536,0.9094137353522672
4548,13548,Low,Medium,0.032121362332337165,0.036115535204636284,0.9317631024630265
11056,20056,Low,Low,0.04581068043181641,0.714457495442149,0.23973182412603444
1326,10326,Medium,Medium,0.030185177454737144,0.0294319061992022,0.9403829163460607
1626,10626,High,Medium,0.0315144962741471,0.030142629825675255,0.9383428739001777
19987,28987,Low,Low,0.02969324217251387,0.9377495502820524,0.032557207545433786
10481,19481,Low,Low,0.038028269835008156,0.9263209439686385,0.035650786196353194
19322,28322,Medium,Medium,0.03518289191776267,0.03268834684291835,0.9321287612393189
7265,16265,Medium,Medium,0.03272672119528935,0.029695164487244612,0.9375781143174661
36022,45022,High,High,0.9290162567022229,0.031043482025657168,0.03994026127211997
24292,33292,Medium,Low,0.03065458384877855,0.9325091708381766,0.03683624531304469
20641,29641,Medium,Medium,0.04150904261871496,0.0340018473868828,0.9244891099944024
32455,41455,Medium,Medium,0.032600228624063345,0.03243725229572586,0.9349625190802109
11365,20365,High,High,0.9376933146140515,0.02953356824356489,0.03277311714238368
2559,11559,Medium,Medium,0.0401071982052645,0.05409993632109359,0.905792865473642
32998,41998,Medium,Medium,0.035743214487736714,0.03324314730599632,0.9310136382062669
3298,12298,Medium,Medium,0.03686435483790959,0.038434088622033985,0.9247015565400565
28860,37860,Low,Low,0.03687027858022367,0.9236924993822058,0.03943722203757055
5883,14883,Medium,Medium,0.03088774592516631,0.031680966074035664,0.937431288000798
30990,39990,Low,Medium,0.03318829941594351,0.030303016185846368,0.93650868439821
7845,16845,Medium,Medium,0.03045339582962621,0.02947930384573789,0.9400673003246359
31171,40171,Medium,Medium,0.0344549462414181,0.03510464573358401,0.9304404080249977
9666,18666,Medium,Medium,0.0399828281777943,0.037159924036668394,0.9228572477855375
18958,27958,Low,Low,0.03224742907095979,0.9301858609431152,0.03756670998592517
6529,15529,Medium,Medium,0.03006472572655422,0.03517439025050019,0.9347608840229457
27520,36520,Medium,Medium,0.03446357803905564,0.0332009921130883,0.932335429847856
31900,40900,Low,Medium,0.03014227369313814,0.02922375385514707,0.9406339724517148
17450,26450,Medium,Medium,0.05326073249506972,0.0514907849412403,0.8952484825636899
22788,31788,High,High,0.9303782960746259,0.03279353217232375,0.03682817175305044
15904,24904,High,High,0.93467052464998,0.03191218985797881,0.0334172854920412
37197,46197,High,High,0.9301661796892075,0.031181051368789996,0.038652768942002556
7469,16469,Medium,Medium,0.03367965055574203,0.03112485909636434,0.9351954903478936
18844,27844,Low,High,0.934266348510223,0.030756169436830447,0.03497748205294643
18586,27586,Medium,Medium,0.03083779304851988,0.03464327897512902,0.934518927976351
12573,21573,Medium,Medium,0.0438653709348314,0.03599672408706015,0.9201379049781084
6575,15575,Low,Low,0.037228197860672274,0.9250258543496259,0.037745947789701834
38096,47096,Medium,Low,0.04650372795747462,0.5344406389484769,0.4190556330940485
13065,22065,Medium,Medium,0.03154258121866518,0.03622504518161374,0.9322323735997212
6709,15709,Medium,Medium,0.05622124610969312,0.03748178881779695,0.90629696507251
36301,45301,Medium,Medium,0.041931048875175736,0.035652510524282865,0.9224164406005414
3785,12785,Medium,Medium,0.031300196998970575,0.029829860664253426,0.9388699423367758
999,9999,High,High,0.9324472878790043,0.03144855296472403,0.03610415915627155
24823,33823,Low,Low,0.03306195288198182,0.8760640743518963,0.09087397276612179
10386,19386,Medium,Medium,0.030528118349849965,0.031053653899145484,0.9384182277510046
26160,35160,Medium,Medium,0.03122456164877946,0.06587756997403062,0.9028978683771899
17651,26651,Medium,Medium,0.030943259925102693,0.03120576788567381,0.9378509721892234
31555,40555,Medium,Medium,0.03250497004846828,0.028705953571629635,0.9387890763799019
815,9815,High,High,0.9350438177711268,0.030270715222953336,0.03468546700591986
6280,15280,Medium,Medium,0.03218842204935201,0.029826269371822384,0.9379853085788256
761,9761,High,High,0.9365469921438082,0.028258715542724484,0.03519429231346725
39264,48264,Medium,Medium,0.03368568788307325,0.029426049542194143,0.9368882625747327
5594,14594,Low,Low,0.03269975409879747,0.9251513988217801,0.042148847079422486
20266,29266,High,High,0.933756757322976,0.030703010213784035,0.03554023246323996
5386,14386,Medium,Medium,0.03326268495774027,0.03375992954225299,0.9329773855000068
9404,18404,Medium,High,0.8664996178507147,0.04226039981847433,0.09123998233081092
14011,23011,Medium,Medium,0.03027299324468209,0.032829226795774796,0.9368977799595432
6544,15544,Low,Low,0.033716103724100166,0.9319394290701521,0.03434446720574774
19650,28650,Medium,Medium,0.03450922726660263,0.03771180865959242,0.9277789640738049
2248,11248,Low,Low,0.03254799794416081,0.8916495148683549,0.07580248718748438
24402,33402,Low,Low,0.029418068138232233,0.9383573452038161,0.03222458665795173
16962,25962,Medium,Medium,0.04077145674339386,0.031888845986330815,0.9273396972702753
22708,31708,High,High,0.9366429131092829,0.028318910467809783,0.035038176422907207
14674,23674,Medium,Medium,0.129547008306382,0.04874078385060763,0.8217122078430105
35842,44842,Medium,Medium,0.03371288382825476,0.03478386153465978,0.9315032546370854
22955,31955,Medium,Medium,0.03395094273678778,0.03437125862643337,0.9316777986367789
7767,16767,Medium,Medium,0.04446302893579323,0.04220178564358007,0.9133351854206267
18013,27013,Low,Low,0.03177418988990585,0.9138537574101315,0.054372052699962654
642,9642,High,High,0.9306631517901246,0.033100099215958724,0.03623674899391666
27,9027,High,High,0.9388327295054962,0.028406403878220188,0.03276086661628364
21324,30324,Medium,Medium,0.035967684278745825,0.03162994659240056,0.9324023691288535
38559,47559,Medium,Medium,0.030443209430199125,0.029688599500403385,0.9398681910693973
3593,12593,Low,Low,0.0290572762904235,0.9394326405647755,0.03151008314480092
10643,19643,Low,Low,0.02956840272023779,0.9369475846748939,0.03348401260486814
14355,23355,Low,Low,0.03742800454810335,0.6689799681378839,0.29359202731401274
28582,37582,Medium,Medium,0.032752649492174324,0.03510358619632888,0.9321437643114968
35318,44318,Medium,Medium,0.033364245552666934,0.032406274962329874,0.9342294794850031
17922,26922,Medium,Medium,0.03080229286127974,0.029261857937296177,0.939935849201424
14785,23785,Medium,Medium,0.03484423720111865,0.03160044763818776,0.9335553151606936
32736,41736,Low,Medium,0.04047689001736272,0.12182292055331356,0.8377001894293237
6641,15641,High,Medium,0.3530022204707164,0.050898848411925914,0.5960989311173578
16242,25242,Medium,Low,0.03559158144109054,0.6614071690018478,0.30300124955706165
22065,31065,Low,Low,0.03103990583690247,0.9293044451333045,0.03965564902979307
38783,47783,Medium,Medium,0.03448859539212107,0.06140142129079149,0.9041099833170874
25889,34889,Medium,High,0.9304519971609677,0.03309581202678385,0.03645219081224837
17726,26726,Medium,Medium,0.03751164376941406,0.0359075835244033,0.9265807727061827
11068,20068,Medium,Medium,0.056415177015247675,0.03933343273072502,0.9042513902540272
34547,43547,High,High,0.9319227677857752,0.032945595839414685,0.03513163637481011
9736,18736,Medium,Medium,0.0319226091065922,0.03402383403289626,0.9340535568605115
34960,43960,Medium,Medium,0.03001575315138112,0.030418812031916636,0.9395654348167022
37933,46933,Low,Medium,0.036613977899082266,0.03648825353501805,0.9268977685658997
31618,40618,High,High,0.940838093218337,0.028048898521329576,0.03111300826033329
14908,23908,Medium,Medium,0.03351827315977096,0.0518157801615757,0.9146659466786534
16766,25766,Medium,Medium,0.0359145600010301,0.03467095116791003,0.9294144888310599
12974,21974,Medium,Medium,0.0303998876780828,0.03151111316820147,0.9380889991537158
26665,35665,Low,Low,0.035671135853243545,0.9143549510426721,0.049973913104084354
20462,29462,Low,Low,0.034258931075290655,0.9240814284534092,0.041659640471300066
29040,38040,Medium,Medium,0.03916343573993188,0.041428500474544175,0.9194080637855239
28316,37316,High,High,0.9275873485788821,0.030527012479668547,0.041885638941449393
38554,47554,Medium,Medium,0.038383391225733914,0.03701382916341443,0.9246027796108517
13083,22083,High,High,0.9325286396221548,0.031748394104020146,0.03572296627382501
20655,29655,Low,Low,0.054598072951910825,0.8984989444726047,0.046902982575484496
34299,43299,Medium,Medium,0.03733607917110859,0.03194799389609085,0.9307159269328006
14555,23555,Medium,Medium,0.030579924147344863,0.030994143635853743,0.9384259322168015
15955,24955,Low,Low,0.050103412933165926,0.698525812054717,0.25137077501211696
19758,28758,High,High,0.9365498106839594,0.03103373373475221,0.03241645558128843
390,9390,Low,Low,0.0308679892885097,0.9339882916888236,0.03514371902266678
3938,12938,Medium,Medium,0.033767496962246145,0.03513888127680422,0.9310936217609497
30918,39918,Low,Low,0.03531384632371804,0.9313474909517968,0.03333866272448512
25965,34965,High,High,0.9290881447551231,0.03216549004499434,0.03874636519988242
22987,31987,Medium,Medium,0.03750782214508447,0.037264689579531725,0.9252274882753838
7691,16691,Medium,Medium,0.032680380308742284,0.030676016360213446,0.9366436033310442
27425,36425,Low,Low,0.03332593865937978,0.9273366800155626,0.039337381325057506
39257,48257,Low,Low,0.03498465119846574,0.9311495031894808,0.03386584561205339
14935,23935,High,High,0.9358417737927297,0.03074717739969779,0.03341104880757242
31371,40371,Medium,Medium,0.0315941058421852,0.031177667368008616,0.9372282267898061
34359,43359,Medium,Medium,0.03248762743946864,0.03690224618761767,0.9306101263729136
30873,39873,High,High,0.9288708649466703,0.03421280756746199,0.03691632748586782
17454,26454,Medium,Medium,0.030584947729347414,0.03496842997011184,0.9344466223005408
12330,21330,Medium,Medium,0.03267814549751343,0.06420063437425609,0.9031212201282305
37413,46413,High,High,0.9284118691220726,0.03316194180401045,0.038426189073916976
26992,35992,High,High,0.9352481341963582,0.030008829196286373,0.0347430366073554
19983,28983,Medium,Medium,0.03170959483395269,0.03190400171240853,0.9363864034536388
35973,44973,Low,Low,0.03082898355618501,0.9245528865771981,0.044618129866616923
13533,22533,Medium,Medium,0.03501860289151505,0.03112120490369323,0.9338601922047918
29936,38936,Medium,Low,0.02999031477413333,0.9354606557411298,0.0345490294847369
22264,31264,Medium,Medium,0.03128578146803249,0.032372008696847095,0.9363422098351205
2944,11944,Low,Medium,0.030494495331588243,0.0328289603511289,0.936676544317283
66,9066,Medium,Medium,0.03236076336694809,0.03267363559951218,0.9349656010335398
30070,39070,Low,Low,0.02980776841558158,0.9388144170064496,0.031377814577968836
5246,14246,Low,Low,0.032146104550011746,0.9356981079205243,0.03215578752946388
31426,40426,Low,Low,0.034308827417479044,0.9074137801347691,0.05827739244775191
24603,33603,Medium,High,0.9311974987513733,0.03166908198011341,0.03713341926851337
14594,23594,Medium,Medium,0.033369896799257136,0.030343751419332373,0.9362863517814106
20446,29446,Medium,Medium,0.04257759059690478,0.03499089721707599,0.9224315121860193
5315,14315,High,Low,0.03149353790530194,0.899326677431037,0.06917978466366102
3715,12715,Low,Low,0.028970939728666406,0.9399205521124746,0.031108508158859006
9815,18815,Medium,Medium,0.02972003727566597,0.031055587319643526,0.9392243754046906
36381,45381,High,Medium,0.03517026612909841,0.035403810337220704,0.9294259235336809
33799,42799,Low,Low,0.03209667688936914,0.9329238418345605,0.034979481276070444
5761,14761,Low,Medium,0.1060958437647976,0.19368980503028702,0.7002143512049153
4003,13003,Medium,Medium,0.03026191850550437,0.030092365482217765,0.9396457160122779
8399,17399,Medium,Medium,0.030532495298760617,0.02958905933414104,0.9398784453670984
7966,16966,Medium,Medium,0.040476404285310935,0.034341155787411926,0.9251824399272772
29961,38961,Low,Medium,0.03167644314663691,0.032031769599186195,0.9362917872541768
295,9295,High,High,0.9110004365034069,0.03164871630025916,0.05735084719633396
24857,33857,Medium,Medium,0.0700062358241733,0.041008131574089425,0.8889856326017372
33266,42266,High,High,0.8928798070382752,0.05395688317084585,0.053163309790879
164,9164,Low,Low,0.03413042324897362,0.9339089205566603,0.03196065619436614
20780,29780,Medium,Medium,0.03860877446048367,0.03131466004762481,0.9300765654918915
9378,18378,Low,Low,0.046842271587139696,0.9183321121117216,0.03482561630113876
29753,38753,Medium,Medium,0.040278181183193575,0.030326980046131654,0.9293948387706749
11047,20047,Medium,Medium,0.04045840995991485,0.03180662316562516,0.92773496687446
38298,47298,Low,Low,0.03391746100989412,0.8086014457059211,0.15748109328418466
12914,21914,High,High,0.9308586258900607,0.031170833994820152,0.03797054011511921
25564,34564,High,High,0.926517597089274,0.03041349662860834,0.04306890628211777
10941,19941,Low,Medium,0.03377322021314336,0.0359064458270869,0.9303203339597697
32603,41603,Low,Low,0.030787700493327592,0.9360458308497853,0.03316646865688704
28645,37645,Medium,Medium,0.03376932029876346,0.03314417691676108,0.9330865027844754
13347,22347,Low,Low,0.029213995439492938,0.9385742918352339,0.032211712725273144
597,9597,High,High,0.9195907613336134,0.04312713379960185,0.0372821048667848
3726,12726,Low,Low,0.03313559284690142,0.9340505128345303,0.03281389431856834
4206,13206,Low,Low,0.037872233934496256,0.9259899452565485,0.0361378208089552
21349,30349,High,High,0.9352934093123827,0.030854031936472806,0.033852558751144506
21257,30257,Medium,Medium,0.030397732280168708,0.029680666247428805,0.9399216014724026
40026,49026,High,High,0.9349782505094479,0.030346166380687874,0.03467558310986416
20388,29388,Medium,Medium,0.04301663112732176,0.03295559275632983,0.9240277761163483
3786,12786,High,High,0.9270822607740231,0.03392935501742341,0.03898838420855353
39612,48612,High,High,0.9366966040649904,0.02882423343373905,0.03447916250127059
4909,13909,Medium,Medium,0.043018026161065655,0.04108009528056669,0.9159018785583677
12054,21054,High,High,0.9259397705817468,0.032873297664656354,0.04118693175359694
4005,13005,Low,Low,0.02893654274159216,0.9375368024209316,0.033526654837476265
27225,36225,Low,Low,0.030308309902666794,0.9334493337805033,0.03624235631682977
38718,47718,High,High,0.9315828716121053,0.03253211105254344,0.03588501733535132
16493,25493,Low,Low,0.04826419776177371,0.9041561654171616,0.04757963682106469
35512,44512,High,High,0.93711198523639,0.030768161725488147,0.032119853038121864
38937,47937,Medium,Medium,0.029553668994760127,0.029943239863667707,0.9405030911415722
34812,43812,Low,Low,0.03079156930508811,0.9367473248027425,0.03246110589216938
37884,46884,Low,Low,0.04713044791272442,0.9054927144267108,0.04737683766056494
14231,23231,Low,Low,0.04099050298535214,0.9261570652080922,0.032852431806555664
3088,12088,Low,Low,0.03184530077907086,0.9303718040970891,0.03778289512384007
34293,43293,Medium,Medium,0.032879357238679484,0.02994868381832773,0.9371719589429928
17847,26847,Medium,Medium,0.032676362059598105,0.03520475977651095,0.9321188781638909
22108,31108,Low,Low,0.035758550423583446,0.8850733185538991,0.0791681310225175
37162,46162,High,High,0.9229816373656984,0.03256149616658155,0.044456866467720034
31653,40653,Low,Low,0.029132118457347627,0.9372476548076781,0.03362022673497426
2691,11691,High,High,0.9293789276158879,0.032558170675469685,0.038062901708642356
32149,41149,Medium,Medium,0.029958657198694696,0.02960093617756786,0.9404404066237375
32237,41237,Medium,Medium,0.029784931843858168,0.029652042983791222,0.9405630251723506
25698,34698,Medium,Medium,0.030987092058686678,0.031639016708388736,0.9373738912329245
11333,20333,Medium,Medium,0.03574730768800973,0.19608394249486683,0.7681687498171236
22775,31775,Medium,Medium,0.0394843135449632,0.03774365795978675,0.92277202849525
1706,10706,Low,Low,0.03705254696503219,0.9288814678471246,0.03406598518784334
25325,34325,High,High,0.8573663886248722,0.06531523723428379,0.07731837414084393
319,9319,Low,Low,0.03153333363997942,0.9359342288499125,0.03253243751010813
36249,45249,Medium,Medium,0.04113952782875944,0.040127794794931775,0.9187326773763088
23616,32616,Medium,Medium,0.0307697901754717,0.03419419632464656,0.9350360134998817
38926,47926,High,Medium,0.08179685497460734,0.0400802267558948,0.8781229182694977
16676,25676,Low,Low,0.02969345188764388,0.9369125173161471,0.033394030796208916
39349,48349,Low,Low,0.03127617463877779,0.9328525042188796,0.03587132114234278
1338,10338,Medium,Medium,0.058516480272388455,0.08877346457015932,0.8527100551574521
5082,14082,Low,Low,0.03017621155790672,0.9390318054161911,0.030791983025902244
515,9515,Medium,Medium,0.04295676186556855,0.03384034971797054,0.9232028884164608
29557,38557,Medium,Medium,0.03251008265121723,0.03200338064112702,0.9354865367076557
7334,16334,Medium,Medium,0.03463869532398222,0.03704111081393852,0.9283201938620792
28654,37654,Medium,Medium,0.03556395055684477,0.03098998772387679,0.9334460617192785
12667,21667,Medium,Medium,0.03372196493728432,0.03029078363173154,0.935987251430984
6749,15749,Low,Low,0.030346498221416437,0.9361010366275541,0.0335524651510296
9504,18504,Low,Low,0.030190280476148853,0.9359921793290801,0.033817540194771074
6344,15344,Medium,Medium,0.03559048900099647,0.0314033756043547,0.9330061353946487
27546,36546,Medium,Medium,0.0379205269223675,0.03273302348608812,0.9293464495915443
39146,48146,Medium,Medium,0.035305876262397534,0.034813301821940854,0.9298808219156616
27714,36714,High,High,0.9346229331550706,0.031311718404641885,0.0340653484402875
39212,48212,Low,Low,0.029665950788030433,0.936679913940179,0.03365413527179062
15656,24656,Medium,Medium,0.03114960611146671,0.029428155949908528,0.9394222379386248
13520,22520,Low,Low,0.03238948678526448,0.9259085224539031,0.04170199076083241
24938,33938,Low,Medium,0.03559058611759272,0.03200502904397066,0.9324043848384366
16492,25492,Low,Low,0.03401408749964352,0.8579147792168055,0.10807113328355096
21422,30422,High,High,0.9339521830061185,0.030629706538638012,0.03541811045524352
12841,21841,Medium,Medium,0.03144567512245417,0.03435282602682227,0.9342014988507236
33358,42358,Medium,Medium,0.031633347086049014,0.03580822594766578,0.9325584269662852
33550,42550,High,High,0.9312394201271617,0.03107900201226439,0.03768157786057388
2699,11699,Medium,Medium,0.04172697173062471,0.04122582924694212,0.9170471990224333
14287,23287,High,High,0.9396615042170763,0.02876201405229284,0.03157648173063089
29334,38334,High,High,0.9343814254765119,0.03239390305732944,0.0332246714661586
35623,44623,Medium,Medium,0.03294137663384526,0.03247922227297583,0.9345794010931788
6968,15968,Low,Low,0.03058306035672448,0.931734855992671,0.037682083650604374
28522,37522,High,High,0.9191125586142127,0.04716794186578841,0.033719499519998926
20419,29419,Medium,Medium,0.029791427636794248,0.030281323510404818,0.939927248852801
8581,17581,Medium,Medium,0.03656768241556485,0.033708068004415455,0.9297242495800196
33803,42803,High,High,0.9154609904469089,0.038532086007933945,0.0460069235451572
34872,43872,High,High,0.9365297782888898,0.029759692919193958,0.03371052879191631
21020,30020,Medium,Medium,0.03517060630925178,0.030969500033517894,0.9338598936572303
9752,18752,High,High,0.9280417959144095,0.031370543989448246,0.04058766009614226
21011,30011,Medium,Medium,0.045201088330231044,0.04809126541728206,0.9067076462524869
16010,25010,Low,Low,0.0325234465802798,0.9330185291958459,0.03445802422387415
35836,44836,Medium,Medium,0.041290120358566336,0.04793149944758562,0.910778380193848
30744,39744,High,High,0.938967507022589,0.029152425729186773,0.03188006724822435
14621,23621,High,High,0.9377237469066458,0.02974460511740935,0.03253164797594494
38966,47966,Low,Low,0.031977426823562805,0.9339541628524947,0.03406841032394245
30567,39567,High,High,0.9359146651280144,0.030330766692758332,0.03375456817922734
30118,39118,Low,Low,0.03038982081266652,0.937616699880547,0.031993479306786456
30432,39432,High,High,0.9377869533963819,0.029221290806894323,0.032991755796723775
20475,29475,High,High,0.9382930679150902,0.030399186239683035,0.031307745845226734
28243,37243,Medium,Medium,0.15439409853294028,0.04471845407261487,0.800887447394445
38653,47653,Medium,Medium,0.033887379929283916,0.03190559614057863,0.9342070239301373
24446,33446,Medium,Medium,0.032997074098400775,0.03207396013987578,0.9349289657617236
19241,28241,Medium,High,0.9391446956137148,0.028363712272448438,0.032491592113836607
14712,23712,Medium,Medium,0.06005838474764241,0.03865809818340826,0.9012835170689493
34998,43998,Medium,Medium,0.03149043929712437,0.02959577081110105,0.9389137898917745
22576,31576,Low,Low,0.03220210617360827,0.9183071912349611,0.049490702591430756
4481,13481,Low,Medium,0.052981323908696476,0.03362629254381474,0.9133923835474889
12673,21673,Medium,Medium,0.03890305223449254,0.031140411766228854,0.9299565359992785
906,9906,Medium,Medium,0.030411415976448097,0.030305338323717346,0.9392832456998347
26257,35257,Medium,Medium,0.031956496701483816,0.02972617288534909,0.9383173304131672
11505,20505,Low,Medium,0.03805187711873339,0.03050442374188962,0.931443699139377
34799,43799,Medium,Low,0.02921019935874511,0.9381258077805225,0.03266399286073253
8108,17108,Medium,Medium,0.036913329794222946,0.03328494697514391,0.929801723230633
11175,20175,High,High,0.9372293706052074,0.030927669236107503,0.03184296015868509
32326,41326,High,High,0.9342883331650064,0.03092526783747414,0.0347863989975195
23342,32342,Medium,Medium,0.043144749252412275,0.043321971835086404,0.9135332789125014
6470,15470,High,High,0.935794308438988,0.030940161120615216,0.033265530440396755
7365,16365,Low,Low,0.029538090734974824,0.939341344060444,0.031120565204581074
19337,28337,Low,Low,0.03018554258819156,0.9385199760850275,0.03129448132678094
8544,17544,Low,Low,0.034314608214813774,0.9219649678025115,0.043720423982674755
14332,23332,Medium,Medium,0.030898241672772508,0.029642942775670134,0.9394588155515574
4078,13078,Medium,Medium,0.04599011301217229,0.035415875134683326,0.9185940118531444
11152,20152,Low,Low,0.03307927044457984,0.9134101509298819,0.05351057862553835
8109,17109,Medium,Medium,0.032576763222214804,0.031070630413390355,0.936352606364395
10781,19781,High,High,0.9245042915324628,0.0336681442932732,0.04182756417426392
37976,46976,Low,Medium,0.040001226987130746,0.048045944966650815,0.9119528280462185
10516,19516,Medium,Medium,0.03331540193488536,0.11569752196692247,0.8509870760981922
14033,23033,High,High,0.9391666859182753,0.028258770217149426,0.0325745438645752
30717,39717,Medium,Medium,0.034325457232537,0.03391708183974627,0.9317574609277167
34495,43495,Medium,Medium,0.037037146403494564,0.034742190919159185,0.9282206626773463
33285,42285,High,High,0.9353519087212856,0.02966881064080293,0.03497928063791148
7822,16822,Medium,Medium,0.03827724650960818,0.06416009233658514,0.8975626611538067
7007,16007,Low,Low,0.029351475020908128,0.939469518320399,0.03117900665869294
34238,43238,Medium,Medium,0.03447386524171661,0.037939832682584385,0.9275863020756989
21059,30059,Low,Low,0.03071900057242173,0.9334940278908982,0.03578697153668001
16698,25698,Medium,Medium,0.031886138596059425,0.031009100219633007,0.9371047611843076
29381,38381,High,High,0.5951968541896511,0.037188019199110384,0.3676151266112386
21375,30375,High,High,0.9355284964506975,0.03077422025859029,0.03369728329071231
32076,41076,Medium,Medium,0.031078858709171223,0.03610961407222304,0.9328115272186057
21877,30877,Low,Low,0.03008772004154465,0.9340763068329673,0.03583597312548812
8767,17767,Low,Low,0.03354761745366815,0.9029815882329136,0.0634707943134182
31244,40244,Low,Low,0.029311041480907185,0.9385305566564898,0.03215840186260305
9675,18675,Low,Low,0.031284308629371975,0.8709748807438481,0.09774081062677986
37945,46945,High,High,0.9377213099123649,0.030336626794215896,0.03194206329341925
12456,21456,Medium,Medium,0.032878461959296695,0.08963058547460329,0.8774909525661
20857,29857,Low,Low,0.03393989464172172,0.9338387695874905,0.03222133577078781
21171,30171,Medium,Medium,0.04058486724735064,0.4702964565494587,0.48911867620319055
39735,48735,Medium,Medium,0.033339610094579426,0.031511478356732535,0.935148911548688
18666,27666,Low,Low,0.03253863618878263,0.9339429224068335,0.03351844140438393
5552,14552,Medium,Medium,0.036260353430660926,0.038516566619156596,0.9252230799501825
33909,42909,Medium,Medium,0.03601178890445215,0.03767049033219961,0.9263177207633482
3292,12292,High,Low,0.03676224888415031,0.929530693807109,0.03370705730874076
20168,29168,Medium,Medium,0.03681163054016599,0.03323038944152913,0.9299579800183048
15003,24003,Medium,Medium,0.031840023215590506,0.030789089649438106,0.9373708871349713
32203,41203,Medium,Medium,0.032380798711417275,0.03690775015909232,0.9307114511294903
332,9332,Medium,Medium,0.03079517685735228,0.029119141058743903,0.9400856820839039
3656,12656,Low,Low,0.032080339353765225,0.9318307249347445,0.0360889357114903
12964,21964,Medium,Medium,0.03073259268737816,0.030369118444535242,0.9388982888680867
4924,13924,Medium,Medium,0.035512609709556296,0.04072572959615327,0.9237616606942903
32315,41315,Medium,Medium,0.030536414751105728,0.03166778735812693,0.9377957978907673
32304,41304,Medium,Medium,0.03414542917055972,0.030029605545571755,0.9358249652838685
17706,26706,Medium,Medium,0.0403953543549214,0.03785126137087816,0.9217533842742004
10853,19853,Low,Low,0.03146582646880042,0.934574009010293,0.0339601645209066
25358,34358,Low,Low,0.038007701807483384,0.9297016740249022,0.032290624167614336
4773,13773,Low,Low,0.031171065158271533,0.9337256367815643,0.03510329806016422
29847,38847,Medium,Medium,0.035503019884053466,0.032315725089829384,0.9321812550261172
967,9967,High,Medium,0.03037930474201152,0.029380705978019585,0.940239989279969
19599,28599,Low,Low,0.030527959084846724,0.9330407538582911,0.036431287056862126
8664,17664,Low,Low,0.029016610764766873,0.938949989790007,0.032033399445226075
9140,18140,High,High,0.9362420180812955,0.03122554881418088,0.032532433104523785
113,9113,Low,Low,0.03014297565143156,0.8853394021416555,0.08451762220691306
274,9274,Medium,Medium,0.031655217018129816,0.03237033375333422,0.9359744492285359
28640,37640,Medium,Medium,0.029986273046033712,0.03218410832220927,0.9378296186317571
30074,39074,Low,Low,0.02881248136156057,0.9386638707578565,0.03252364788058301
2576,11576,Medium,Medium,0.03270235384784284,0.031279447368663595,0.9360181987834935
27990,36990,Low,Low,0.028573173997855545,0.9390374343189346,0.03238939168320984
29838,38838,Low,Low,0.03469835186045874,0.917143535904985,0.04815811223455632
38475,47475,Medium,Medium,0.05234442248765819,0.10413727144716778,0.8435183060651741
24895,33895,Medium,Medium,0.03275502202840929,0.03584211543192992,0.9314028625396608
4247,13247,Medium,Medium,0.034965889105310184,0.032380521388687696,0.9326535895060021
25104,34104,High,High,0.9355840338431772,0.03078404357680577,0.03363192258001697
26042,35042,Medium,Medium,0.03239898252692713,0.03538602173644186,0.932214995736631
6618,15618,Medium,Medium,0.030257519244331097,0.030786912638924593,0.9389555681167443
36838,45838,Medium,Medium,0.038498583336480506,0.03557843823320873,0.9259229784303108
35857,44857,Medium,Medium,0.04757537760648308,0.03350834254826052,0.9189162798452565
21608,30608,Medium,Medium,0.03538004994749861,0.03194730936705048,0.932672640685451
30145,39145,Medium,Medium,0.03103424668213158,0.029157333872375953,0.9398084194454924
10470,19470,High,High,0.9320643789914763,0.030655176824166897,0.037280444184356824
37822,46822,High,High,0.9221404246000059,0.03480733449932595,0.043052240900668226
11962,20962,Medium,Medium,0.033840986460236304,0.03111517312882009,0.9350438404109435
19382,28382,Medium,Medium,0.030703388279856376,0.028995539039543893,0.9403010726805997
1518,10518,High,High,0.9282262366031838,0.03252177248959157,0.03925199090722458
8879,17879,Low,Low,0.031184657837865504,0.9335443268010416,0.035271015361092964
19070,28070,Medium,Medium,0.0317823235455875,0.029530719212165782,0.9386869572422466
18126,27126,Medium,Medium,0.03131434105622367,0.029985860166974937,0.9386997987768014
17183,26183,Medium,Medium,0.042600203749778305,0.04024557631487295,0.9171542199353487
22119,31119,High,High,0.9348979777552038,0.03217447427450429,0.03292754797029188
35496,44496,Medium,Medium,0.03384543097309443,0.03541240041323513,0.9307421686136704
18648,27648,Medium,Medium,0.039408847169928464,0.03439671056496103,0.9261944422651105
22574,31574,High,High,0.9388860415811009,0.02952801980603389,0.031585938612865315
36073,45073,Medium,Medium,0.035591717717826175,0.030853688509247076,0.9335545937729268
30093,39093,Low,Low,0.030491158418636883,0.9372007574346773,0.032308084146685796
28103,37103,Medium,Medium,0.0368152127786095,0.03231341138277486,0.9308713758386157
9207,18207,Low,Low,0.04919489821028491,0.9120422321543241,0.038762869635391044
4966,13966,High,High,0.9377093428362521,0.02887407763634707,0.033416579527400785
33644,42644,Medium,Medium,0.03519655358205461,0.25042176689370416,0.7143816795242413
29669,38669,High,High,0.9249451892431652,0.03906590058513071,0.03598891017170417
14018,23018,High,High,0.9249477044560152,0.03615575957637072,0.038896535967614124
26180,35180,Medium,Medium,0.034308973167849754,0.030875028264331764,0.9348159985678185
25675,34675,Medium,Medium,0.03170332531328581,0.03405115788662133,0.9342455168000928
4587,13587,Medium,Medium,0.03577346175791745,0.030987289329962846,0.9332392489121197
8801,17801,Medium,Medium,0.029796361473738504,0.03130414534063209,0.9388994931856294
37178,46178,Low,Low,0.034435343116271035,0.9221794687118976,0.04338518817183128
39436,48436,Medium,Medium,0.035549244365810945,0.030006628642650312,0.9344441269915388
3295,12295,High,High,0.8524700165357175,0.05630679334096719,0.09122319012331526
4713,13713,High,High,0.9294611652267277,0.032357095809758755,0.03818173896351341
8841,17841,Low,Low,0.03504416072920919,0.9312215907547016,0.0337342485160892
37548,46548,High,High,0.9100831123210091,0.04426548095357837,0.045651406725412465
9212,18212,Medium,Medium,0.033389641218779915,0.033113921044539994,0.9334964377366801
6551,15551,Low,Low,0.02903642178891799,0.9389431578507242,0.03202042036035759
8026,17026,Low,Low,0.029325269654198894,0.9392198303124081,0.03145490003339302
2046,11046,Medium,Medium,0.03253767939712738,0.041110532562158,0.9263517880407145
5320,14320,High,High,0.9350764044383949,0.030441890259700354,0.03448170530190476
17356,26356,High,High,0.9358513491183932,0.031072488129418267,0.03307616275218855
344,9344,Medium,Medium,0.03346153259285848,0.03075436922699365,0.9357840981801478
4746,13746,High,High,0.9151877745540206,0.037405803779273904,0.04740642166670552
26822,35822,Medium,Medium,0.03100295242805494,0.03239598464938795,0.9366010629225571
8267,17267,Medium,Medium,0.032544421571628644,0.032290420440359714,0.9351651579880116
24766,33766,Medium,Medium,0.03278356715139977,0.032285993331566,0.9349304395170343
26089,35089,Medium,Medium,0.029604713376102904,0.029137367433261157,0.941257919190636
36960,45960,Medium,Medium,0.03328240818254087,0.029910691610778233,0.9368069002066809
14471,23471,Low,Low,0.031234350149870648,0.9374120416840181,0.03135360816611128
9220,18220,High,High,0.9405369948132994,0.028136552607632263,0.03132645257906835
23863,32863,Medium,Medium,0.03464038806446796,0.03421320833566806,0.9311464035998639
647,9647,Medium,High,0.9325489974638792,0.031109381052663716,0.03634162148345709
30764,39764,Medium,Medium,0.07034865697912947,0.0342367216048669,0.8954146214160037
20533,29533,High,High,0.9370112978001098,0.030676935495889752,0.03231176670400052
23079,32079,High,Medium,0.036300776436750955,0.03497418419173912,0.92872503937151
7472,16472,Low,Low,0.04546009775331261,0.9108614614280798,0.043678440818607556
28248,37248,Low,Low,0.028828057462784495,0.9380617039409723,0.03311023859624318
13212,22212,High,High,0.930641428354805,0.032619366127398595,0.03673920551779642
4043,13043,Medium,Medium,0.0626462977179207,0.04359907715665277,0.8937546251254265
39582,48582,Medium,Medium,0.03420374409034902,0.03616224705375381,0.9296340088558971
1502,10502,Medium,Medium,0.03648482800976328,0.03402461661939033,0.9294905553708462
14329,23329,Low,Medium,0.03541892022110897,0.04249713525181579,0.9220839445270753
1993,10993,High,High,0.937886211533228,0.03000319160394103,0.032110596862830805
18535,27535,High,High,0.937167797827915,0.02918950790682005,0.03364269426526488
1389,10389,Medium,Medium,0.030714430946081266,0.02944969805396075,0.9398358709999579
19627,28627,Low,Low,0.030953080184701654,0.9339781496894695,0.0350687701258288
36667,45667,High,High,0.9264647348471128,0.033564777459370136,0.03997048769351697
22858,31858,Low,Low,0.03586231355336245,0.9243301802718809,0.03980750617475668
32564,41564,Medium,Medium,0.03348571089513619,0.030922634575681198,0.9355916545291826
33780,42780,Medium,Medium,0.03250450986866963,0.030852045387026242,0.9366434447443042
33097,42097,High,High,0.9379038597947904,0.02932875807857795,0.032767382126631585
8185,17185,Low,Low,0.03762839207704771,0.8720163073212465,0.09035530060170584
3830,12830,Low,Low,0.02929443952977803,0.9376283936478812,0.0330771668223407
6711,15711,Medium,Medium,0.030120584688978616,0.03152394188956486,0.9383554734214564
26881,35881,Medium,Medium,0.030623354876963955,0.030691132997763784,0.9386855121252723
37234,46234,Medium,Medium,0.0321423262104047,0.0311019578079062,0.9367557159816892
30511,39511,Low,Low,0.03049585467611816,0.9370822458769906,0.03242189944689113
30861,39861,Medium,Medium,0.04524583928887701,0.03732143694515249,0.9174327237659705
23740,32740,High,High,0.9361142662582803,0.029996263578330244,0.03388947016338937
25093,34093,Low,Low,0.031942235347633526,0.9280198316073252,0.040037933045041364
21555,30555,Medium,Medium,0.03987762937626063,0.03763943124907996,0.9224829393746594
14299,23299,Low,Low,0.03217551117669936,0.9173726057215994,0.0504518831017012
39927,48927,Medium,Medium,0.031263445793927765,0.02982174914977126,0.9389148050563011
23154,32154,Low,Low,0.03435129766422842,0.9197806567105354,0.04586804562523609
8535,17535,High,High,0.8648112214777637,0.03382134846363463,0.10136743005860162
2680,11680,Medium,Medium,0.034538805471317796,0.03341947409927181,0.9320417204294104
6608,15608,Medium,Medium,0.031007889643833348,0.03504696698571403,0.9339451433704525
10078,19078,Low,Low,0.03274237132972312,0.9332263782765632,0.034031250393713804
6046,15046,Medium,Medium,0.03510049918567763,0.0340131870726891,0.9308863137416333
30780,39780,Low,Medium,0.03531626419695363,0.032151142891142716,0.9325325929119036
32892,41892,High,High,0.9311792692142261,0.03571802585408974,0.03310270493168422
14833,23833,Medium,Medium,0.03220682060989727,0.030579642080840335,0.9372135373092624
13989,22989,Low,Low,0.04043928181175413,0.9234836052569967,0.03607711293124921
28735,37735,High,High,0.9298635214205945,0.03750581130238114,0.0326306672770244
13209,22209,High,High,0.9350991372769505,0.03258419265410924,0.03231667006894024
13186,22186,Medium,Medium,0.03304876283780242,0.032139942479005,0.9348112946831927
28952,37952,High,High,0.9321760159402217,0.03195879886480681,0.03586518519497139
5110,14110,Low,Low,0.02904501942756287,0.937055460636362,0.033899519936075095
18496,27496,Medium,High,0.9260339524313399,0.035239465175352154,0.038726582393307916
30483,39483,Low,Low,0.029489573123140083,0.936894246161652,0.033616180715208055
5287,14287,Medium,Medium,0.032636973257321567,0.052343540102687096,0.9150194866399913
1521,10521,Medium,Medium,0.03381344040615549,0.03260150494813661,0.933585054645708
8562,17562,High,High,0.9150405108844396,0.04037740562134965,0.04458208349421075
23570,32570,Medium,Medium,0.0316292249529658,0.03191096240841173,0.9364598126386224
36679,45679,Low,Low,0.040888037993877434,0.9081181902472185,0.05099377175890399
380,9380,Medium,Medium,0.03355539807412898,0.035344153778753856,0.9311004481471171
634,9634,Medium,Medium,0.03306284452700853,0.030150269976376765,0.9367868854966147
26708,35708,High,High,0.9354735706239877,0.029803475037728983,0.03472295433828327
15553,24553,Medium,Medium,0.03417009581649947,0.03445858614581269,0.9313713180376878
7234,16234,Medium,Medium,0.031692495993485684,0.060961913642075836,0.9073455903644385
20014,29014,High,High,0.9346478985326868,0.03205823360654383,0.03329386786076934
27307,36307,Low,Low,0.03280780141694609,0.9317258888505924,0.03546630973246164
24746,33746,Low,High,0.9363338856336672,0.029698889999085185,0.03396722436724767
3140,12140,High,High,0.9290186925584991,0.03708708745004168,0.03389421999145916
25819,34819,Medium,Medium,0.03213842676817206,0.02902457427207895,0.9388369989597489
6297,15297,Low,Low,0.030964483984248278,0.9353232401476473,0.03371227586810441
29919,38919,High,High,0.9357543292746989,0.029326380723745337,0.03491929000155567
21617,30617,Medium,Medium,0.03139236804668207,0.03111895725869652,0.9374886746946215
19303,28303,High,High,0.9284933158868043,0.036042988746248956,0.03546369536694665
2889,11889,Medium,Medium,0.03609342741413982,0.04120927535278989,0.9226972972330701
38352,47352,Low,Low,0.0323532116051539,0.9353907968784446,0.032255991516401454
18626,27626,High,High,0.9351531112387583,0.03144791768528951,0.03339897107595213
27019,36019,Low,Low,0.031164101575674202,0.9323190746221397,0.03651682380218604
2844,11844,Medium,Medium,0.037784274895372345,0.04081438696125972,0.9214013381433679
28441,37441,High,High,0.9397525989450966,0.028391419330398265,0.03185598172450516
8242,17242,Medium,Medium,0.030942656266206375,0.031220235805530128,0.9378371079282636
17304,26304,High,High,0.9354614384894471,0.03166981125419379,0.03286875025635914
14501,23501,Low,Low,0.029214652140900285,0.9346812246527293,0.03610412320637043
20231,29231,High,High,0.9338855864709127,0.030548849051334124,0.0355655644777532
31038,40038,Low,Low,0.030699862126013836,0.9372073383284384,0.032092799545547765
35545,44545,High,High,0.9359929221716693,0.031146314595864675,0.03286076323246621
12713,21713,Medium,Medium,0.03854534207705614,0.3120171073946205,0.6494375505283233
31086,40086,High,High,0.9276457032730158,0.03354158928155535,0.038812707445428925
11321,20321,Medium,Medium,0.0402085663496533,0.032458970621696566,0.9273324630286502
1132,10132,Medium,Medium,0.031999334846213694,0.03094251894956886,0.9370581462042176
33816,42816,Low,Low,0.029903715647819934,0.9363933933711088,0.0337028909810713
11563,20563,Medium,Medium,0.034427548671553475,0.033289575196056236,0.9322828761323904
31306,40306,Low,Low,0.03284834531592342,0.9251077687936502,0.04204388589042638
26533,35533,High,High,0.9300540370875258,0.03342762340717073,0.03651833950530336
27488,36488,Low,Medium,0.032315828365297346,0.035795538798024704,0.931888632836678
11434,20434,Medium,Medium,0.05089622166608112,0.033941541115829525,0.9151622372180893
19907,28907,Medium,Medium,0.0375876807242451,0.032094616211612574,0.9303177030641424
30478,39478,High,High,0.9260487610488853,0.039357584429181164,0.034593654521933574
24100,33100,Medium,Medium,0.03208685477245468,0.03293118872824304,0.9349819564993022
14556,23556,Medium,Medium,0.03126310009774911,0.03542300338427918,0.9333138965179716
14755,23755,Medium,Medium,0.03274109641343662,0.02934629988574974,0.9379126037008136
36466,45466,High,High,0.9393585100920037,0.028728904805143396,0.03191258510285283
16422,25422,Medium,Medium,0.036022171036872275,0.0355505796459124,0.9284272493172153
37363,46363,High,High,0.9212565030445551,0.03438203103319606,0.04436146592224879
887,9887,High,Low,0.033516739526015325,0.9286267079261595,0.03785655254782508
1814,10814,Low,Low,0.04492611964085172,0.559836426579588,0.39523745377956016
4957,13957,High,High,0.9335353524675774,0.03341297414627561,0.03305167338614709
31048,40048,Medium,Medium,0.0361090772624495,0.03509495122442288,0.9287959715131276
11879,20879,Medium,Medium,0.03300990944981441,0.030726925635032296,0.9362631649151533
22400,31400,Medium,Medium,0.032972516449898494,0.031520220224097374,0.9355072633260041
12965,21965,Low,Low,0.040669504557787,0.9280088216442568,0.03132167379795629
18631,27631,Medium,Medium,0.031797880527603226,0.03197528433021605,0.9362268351421807
14490,23490,Medium,Medium,0.0338776246982175,0.03092234760171465,0.9352000277000677
23872,32872,Medium,Medium,0.03209920508180084,0.03150870210263149,0.9363920928155675
11508,20508,Medium,Medium,0.030593434554177474,0.0333173953137462,0.9360891701320764
39314,48314,Low,Low,0.033851815945858676,0.9298948830213577,0.03625330103278357
7986,16986,High,High,0.9325997045781844,0.03093322934628633,0.03646706607552914
31566,40566,High,High,0.9372424724073255,0.029340011823674215,0.03341751576900028
5190,14190,Medium,Medium,0.0325859953465522,0.038531508343277676,0.9288824963101701
28031,37031,Medium,Medium,0.03392354533533246,0.03787099995984475,0.9282054547048227
31975,40975,High,High,0.9267149276938912,0.03810250549023028,0.035182566815878634
32896,41896,High,High,0.9373924153628012,0.029820793348829505,0.03278679128836924
32718,41718,Medium,Medium,0.030783084047191725,0.029091478435941176,0.940125437516867
12248,21248,Medium,Medium,0.03333930096124489,0.0370176776794259,0.9296430213593293
30953,39953,High,High,0.9351028126105684,0.031699486058124886,0.03319770133130678
36933,45933,High,High,0.9360229135915913,0.031136266504909433,0.03284081990349911
36427,45427,High,High,0.9368608741471189,0.02898477835427704,0.03415434749860404
13689,22689,Medium,Medium,0.031146566975520127,0.037446280900749314,0.9314071521237306
28215,37215,Low,Low,0.046282044627322695,0.9180452991970866,0.03567265617559077
9357,18357,Low,Low,0.029146673369740934,0.9348749545755181,0.03597837205474102
10501,19501,High,Medium,0.033485313127405485,0.0303183335690471,0.9361963533035474
8124,17124,Medium,Medium,0.03277945809923614,0.03220207445422139,0.9350184674465426
9929,18929,Medium,Medium,0.03003845192156962,0.028774157626962657,0.9411873904514677
37182,46182,Low,Low,0.029728703260731487,0.9347661693617236,0.0355051273775449
35809,44809,Medium,Medium,0.03275776755064647,0.03255541438326994,0.9346868180660834
39994,48994,Low,High,0.9294444972858832,0.030834392611724284,0.03972111010239252
34713,43713,Medium,Medium,0.04134296067540744,0.04114717966438833,0.9175098596602043
21204,30204,Low,Low,0.0308654743909763,0.9323775647808489,0.03675696082817483
18234,27234,High,High,0.9294900100190754,0.03246467680839107,0.03804531317253347
20583,29583,Low,Low,0.029714240275658527,0.9361406332264998,0.03414512649784162
5928,14928,Medium,Medium,0.032159419389169976,0.03484883805157349,0.9329917425592565
26629,35629,Medium,Medium,0.033119986343716414,0.030233013703764963,0.9366469999525187
36846,45846,Medium,High,0.9349086715609579,0.03309947990742498,0.031991848531617136
29495,38495,Medium,Medium,0.03305988076551498,0.0309779427521209,0.9359621764823641
5420,14420,Low,Low,0.031112991310996194,0.9350478063282689,0.03383920236073496
19429,28429,High,High,0.9296694647959796,0.033566959092831535,0.036763576111188946
36346,45346,High,High,0.8980846126719727,0.03799616011538623,0.06391922721264105
12545,21545,Medium,Low,0.04035588440629733,0.7674467846378796,0.192197330955823
4887,13887,Medium,Low,0.05464163951913422,0.5040919712910611,0.4412663891898047
36690,45690,Medium,Medium,0.03565442766585828,0.03387092073761238,0.9304746515965293
11942,20942,High,High,0.9366582735941336,0.030651473076288228,0.03269025332957813
26714,35714,Low,Low,0.03128107540104489,0.9243676129433762,0.044351311655578846
3377,12377,High,High,0.9381048710974405,0.029761208984965537,0.03213391991759396
24946,33946,Low,Low,0.032877097397225524,0.9281308160966861,0.03899208650608842
21624,30624,High,High,0.9212998953515292,0.042844198663291054,0.035855905985179716
10039,19039,Medium,Medium,0.031432546658159206,0.030558640489780634,0.9380088128520602
14197,23197,High,High,0.9373817343632354,0.030038739713742487,0.03257952592302207
25571,34571,High,High,0.9378798785354602,0.029339525133249916,0.03278059633128976
23612,32612,Low,Low,0.03387014444255992,0.9060902739313258,0.06003958162611442
12306,21306,Medium,Medium,0.03319615890943823,0.03184912062250722,0.9349547204680545
5938,14938,Medium,Medium,0.03689975478184023,0.06887446844156545,0.8942257767765943
21580,30580,Medium,Medium,0.034395153354957186,0.03560624043565652,0.9299986062093862
35746,44746,High,Medium,0.22103602356844146,0.04164421023546013,0.7373197661960984
18542,27542,Medium,Medium,0.031248973712669808,0.03300878791904712,0.9357422383682831
16574,25574,High,Medium,0.03734754731952432,0.12041779510490087,0.8422346575755748
36048,45048,High,High,0.9383315675847252,0.028911152516012607,0.032757279899262214
7722,16722,Medium,Medium,0.029839191590499817,0.03112716717458666,0.9390336412349134
25265,34265,High,Medium,0.041052690628541805,0.04938822353555752,0.9095590858359007
439,9439,Medium,Medium,0.04107795796203506,0.06452915402892774,0.8943928880090372
18801,27801,Medium,Medium,0.04434959489182342,0.03326587104091419,0.9223845340672624
35077,44077,High,High,0.9308446801361296,0.03486953305517002,0.034285786808700286
30375,39375,Low,Low,0.04276888381555493,0.9237376366609,0.033493479523545186
23933,32933,Medium,Medium,0.030837722452588787,0.033588232372806226,0.935574045174605
3496,12496,High,High,0.9292333465543651,0.03450704861180694,0.0362596048338281
8870,17870,Medium,Medium,0.03170624358311549,0.044882986264639525,0.923410770152245
24135,33135,Low,Low,0.03262436268917615,0.9285631950523774,0.03881244225844647
28629,37629,High,Medium,0.03148623953416337,0.030551462778972898,0.9379622976868637
241,9241,Medium,Medium,0.04125223311922832,0.04916697533320144,0.9095807915475702
509,9509,Medium,Medium,0.03355616788310054,0.033828768481513664,0.9326150636353857
27438,36438,Low,Low,0.031013584637135563,0.9329933938592401,0.035993021503624385
10653,19653,High,High,0.9335742603759448,0.03176072675729957,0.03466501286675564
12216,21216,Medium,Low,0.031758484642644774,0.9316362663734236,0.03660524898393178
19298,28298,Medium,Medium,0.03414107240674389,0.03341969752997561,0.9324392300632806
33058,42058,High,High,0.9352147531912488,0.02959767723100327,0.03518756957774778
14285,23285,Medium,Medium,0.031242978161172035,0.03338337043829607,0.935373651400532
26865,35865,Low,Low,0.034799623430396304,0.9274358639382106,0.03776451263139294
17893,26893,Low,Low,0.03123313112401313,0.936038904642333,0.0327279642336539
6506,15506,Medium,Medium,0.03683590875468418,0.036395351298375116,0.9267687399469406
27707,36707,Low,Low,0.03190537405435328,0.911362231483506,0.056732394462140706
38256,47256,Medium,Medium,0.02976038263605177,0.030800124355517346,0.939439493008431
10401,19401,High,Medium,0.03332468845455905,0.0323385157699812,0.9343367957754598
7094,16094,Medium,Medium,0.03260222055755881,0.03628844809955901,0.9311093313428822
31489,40489,Medium,Low,0.030959232276171204,0.9354784261915644,0.03356234153226443
24140,33140,Medium,Medium,0.0323183775450053,0.036127959830932845,0.9315536626240619
36027,45027,High,High,0.9310925834735025,0.034111322465854375,0.03479609406064293
23220,32220,Low,Low,0.03877907712295204,0.9288253019367655,0.032395620940282456
25953,34953,Medium,Medium,0.03446777895650114,0.04349134048222064,0.9220408805612782
23261,32261,Medium,Medium,0.033169861952175965,0.03581157949733933,0.9310185585504848
22961,31961,High,Medium,0.05370746360055897,0.03136895186620797,0.914923584533233
13273,22273,High,High,0.9316639702170982,0.031370376483372216,0.03696565329952945
23917,32917,High,High,0.9176313403052311,0.040467527700404966,0.041901131994363884
36603,45603,Low,Low,0.0381546157559976,0.8648126857885231,0.09703269845547924
28891,37891,High,High,0.9311594728914119,0.03420557877434019,0.03463494833424785
26662,35662,High,High,0.9377919264381233,0.02936121081726956,0.03284686274460719
39277,48277,Medium,Medium,0.031134611742401078,0.031217298703022922,0.9376480895545759
29172,38172,Medium,Medium,0.03245023729303577,0.031016575624101386,0.9365331870828628
9663,18663,Low,Low,0.0332460601765881,0.9318533270245299,0.034900612798881965
23279,32279,Medium,Medium,0.03670476363789172,0.03215199806892227,0.931143238293186
2898,11898,Medium,Medium,0.03524007968205018,0.03070778925184715,0.9340521310661027
10807,19807,Low,Low,0.029261983424381497,0.9385703774774927,0.032167639098125776
34537,43537,Low,Low,0.030389103624513497,0.9274771927607929,0.042133703614693534
10797,19797,Medium,Medium,0.034621210777295026,0.03213708071623273,0.9332417085064723
20775,29775,Medium,Medium,0.03207816458090071,0.03161500582461782,0.9363068295944815
35091,44091,Low,Low,0.03846834462981183,0.9274965935566334,0.03403506181355481
15989,24989,Low,Low,0.03151676515905296,0.9301841718890874,0.03829906295185955
31079,40079,Medium,Medium,0.0333865600717747,0.04123226696968763,0.9253811729585376
34693,43693,Low,Low,0.02993971365519554,0.9391290995776783,0.03093118676712624
24732,33732,Medium,Medium,0.035701746123374366,0.03577216868433589,0.9285260851922897
8384,17384,Medium,Medium,0.0418386174743517,0.19751053130782567,0.7606508512178226
13521,22521,Medium,Medium,0.04279681662656069,0.11710785296065311,0.8400953304127863
26088,35088,Medium,Medium,0.030989414843956925,0.03126498252177228,0.9377456026342706
2275,11275,High,High,0.9326169492958382,0.0330696134072147,0.034313437296947163
28278,37278,Medium,Medium,0.03613342287353336,0.038685902744610416,0.9251806743818562
6876,15876,Medium,Medium,0.03562358539303312,0.035608169668499196,0.9287682449384677
38220,47220,Medium,Medium,0.03262221871088138,0.032689199114319896,0.9346885821747987
33683,42683,Medium,Medium,0.0322769099228592,0.03664694871763733,0.9310761413595036
16433,25433,Low,Low,0.03664951391888073,0.9284403024931654,0.03491018358795384
33397,42397,Medium,Medium,0.03098143946477584,0.02876040368080937,0.9402581568544148
30493,39493,Low,Medium,0.036935726737387604,0.45700806726548454,0.5060562059971278
27645,36645,Low,Low,0.033060463519458815,0.9340754938970908,0.03286404258345046
34351,43351,Medium,Medium,0.03596077109734343,0.033082855007895325,0.9309563738947612
39724,48724,Medium,Medium,0.030197075786597454,0.034860574097753914,0.9349423501156485
18738,27738,Medium,Medium,0.0316062097532676,0.03451860154374554,0.9338751887029869
27563,36563,Medium,Medium,0.03380585125517701,0.038100585087124474,0.9280935636576985
3524,12524,Medium,Medium,0.034892530696246656,0.03732363698834679,0.9277838323154066
19460,28460,High,High,0.9322494348728244,0.03303503082119547,0.034715534305980185
38051,47051,Medium,Medium,0.30633482033664605,0.05930924835188292,0.634355931311471
6496,15496,High,High,0.9270822947262136,0.03835485539615563,0.0345628498776307
24328,33328,Medium,Medium,0.032117053331793016,0.032808846475024966,0.9350741001931819
14781,23781,Medium,Medium,0.034537773887009036,0.030768354227399097,0.9346938718855918
20864,29864,Low,Low,0.03322578922651492,0.9334265194075367,0.033347691365948263
10778,19778,Medium,Medium,0.029441624283461015,0.030256692137502438,0.9403016835790364
20059,29059,Medium,Medium,0.033916730002259726,0.03280062527141874,0.9332826447263215
18322,27322,Medium,Medium,0.0334638411846244,0.03397645495062999,0.9325597038647455
37563,46563,High,High,0.916675213095214,0.04138117129952531,0.04194361560526063
6432,15432,High,High,0.9368026031360631,0.02867894619247772,0.03451845067145921
34280,43280,Medium,Medium,0.02945641920156976,0.029738123637173375,0.9408054571612569
18134,27134,Medium,Medium,0.03703463578680804,0.04438474053173947,0.9185806236814525
36931,45931,Medium,Medium,0.03884762274662524,0.035915224576907774,0.925237152676467
6557,15557,Low,Low,0.031058911368255938,0.927286031014766,0.041655057616978124
25800,34800,Low,Low,0.030945872665368575,0.9350592601166112,0.033994867218020315
26946,35946,Low,Low,0.030999426904655628,0.9363000621516576,0.03270051094368672
9509,18509,Low,Low,0.03441568934836797,0.9295911380234271,0.03599317262820489
33776,42776,Medium,Medium,0.033539967053866616,0.0308100447397222,0.9356499882064112
11577,20577,Medium,Low,0.06569134640641988,0.4845249057596062,0.4497837478339739
9144,18144,Low,Low,0.03946707914198594,0.6237827545305143,0.33675016632749966
1618,10618,Medium,Medium,0.047789994634357846,0.035135872578883794,0.9170741327867584
7693,16693,Medium,Medium,0.03122448286603738,0.030094777848355552,0.938680739285607
28847,37847,High,High,0.9356574801029218,0.031101467271418468,0.033241052625659635
38880,47880,High,High,0.9387475708309504,0.028949200146908303,0.03230322902214137
24734,33734,Low,Low,0.03322884301900372,0.9306020934573107,0.036169063523685506
14002,23002,Medium,Medium,0.03688452631287246,0.03437352269688294,0.9287419509902447
27529,36529,High,High,0.9270996618717765,0.035201816876193386,0.037698521252030125
7584,16584,Medium,Medium,0.038387261678275365,0.03174691877597477,0.9298658195457499
4301,13301,High,High,0.9256598010630338,0.03179668835164535,0.04254351058532068
19130,28130,Medium,Medium,0.037314192413273335,0.03681434409694906,0.9258714634897776
13605,22605,Low,Low,0.19406140034781003,0.769728422558572,0.03621017709361789
22785,31785,Low,Medium,0.03439418076445965,0.03603650304128674,0.9295693161942536
34587,43587,High,High,0.9366485468632922,0.02906390009444826,0.03428755304225949
6796,15796,Medium,Medium,0.03368337152985653,0.034588866010031256,0.9317277624601122
18005,27005,High,High,0.9332218449067481,0.03301591083552125,0.03376224425773083
35394,44394,High,High,0.9359820567534843,0.03034591391580449,0.03367202933071108
25736,34736,Medium,Medium,0.04793167096435722,0.07503942177189034,0.8770289072637526
19639,28639,Low,Low,0.042756571150310986,0.5410995921280469,0.41614383672164207
36150,45150,Medium,Medium,0.03125539836376475,0.032039156836508605,0.9367054447997266
3962,12962,Medium,Low,0.0361886627509787,0.5853700084859664,0.3784413287630548
24637,33637,Medium,Medium,0.03216494939941853,0.03129256906781995,0.9365424815327615
5531,14531,High,High,0.9359732843148499,0.030071206121121876,0.0339555095640284
29643,38643,High,Low,0.038012800043858035,0.9278919438511313,0.0340952561050107
37030,46030,Medium,Medium,0.03354636774976031,0.03018600419268584,0.9362676280575539
35534,44534,Low,Low,0.05012570161025016,0.8684126513051424,0.08146164708460736
11616,20616,Low,Low,0.03494208722584832,0.9238691380834368,0.04118877469071484
11579,20579,Medium,Medium,0.04513093586320894,0.22315161792549118,0.7317174462113
28599,37599,High,High,0.937662889533983,0.02983768785940541,0.03249942260661152
4505,13505,Medium,Medium,0.033555524239568445,0.059667104315330344,0.9067773714451012
12747,21747,High,High,0.6831826873715716,0.04269503387483481,0.2741222787535936
39666,48666,Low,Low,0.02955982052056202,0.9361232245712325,0.03431695490820539
876,9876,Medium,Medium,0.03236626515160077,0.03325963659805654,0.9343740982503427
38248,47248,Medium,Medium,0.03378432729476733,0.033204719787418624,0.933010952917814
36484,45484,Low,Low,0.038551520369424615,0.9291436999752568,0.032304779655318604
12195,21195,Medium,Medium,0.03345609347041389,0.03128950417164599,0.93525440235794
12521,21521,Medium,Medium,0.03034469784763741,0.03071908936735654,0.938936212785006
30355,39355,Low,Low,0.03481637743657706,0.9303189997769575,0.03486462278646549
23085,32085,Medium,Medium,0.04058369437672541,0.03492984998341978,0.924486455639855
4106,13106,Medium,Medium,0.050544512445894384,0.034775550149569324,0.9146799374045363
22722,31722,Low,Low,0.03500915330499612,0.9266739864617274,0.03831686023327666
38001,47001,Medium,High,0.9391598384675423,0.02851187084861409,0.03232829068384366
2578,11578,Medium,Medium,0.02922519017872166,0.028848859020247832,0.9419259508010306
24036,33036,Medium,Medium,0.03234326932922859,0.03003004142442056,0.9376266892463508
32334,41334,Medium,Medium,0.03131427285428939,0.032126577222351044,0.9365591499233595
13586,22586,Medium,Medium,0.033594620946394184,0.033497829058748894,0.9329075499948569
34412,43412,Medium,Medium,0.03355485260118656,0.03416158710794719,0.9322835602908662
453,9453,Medium,Medium,0.03921294264364801,0.03074432136828408,0.930042735988068
34513,43513,Medium,Medium,0.033423954019265914,0.03134953125864368,0.9352265147220904
36559,45559,Low,High,0.9313383925434314,0.03406499664435204,0.03459661081221639
96,9096,Low,Low,0.03056180089078625,0.936691510781825,0.032746688327388696
21783,30783,Medium,Medium,0.03214889199613868,0.030611752597028998,0.9372393554068323
19465,28465,Low,Low,0.04296427046173046,0.9188669123335319,0.038168817204737665
37311,46311,Low,Medium,0.0315896301693051,0.031885301818275,0.9365250680124199
9696,18696,Medium,Medium,0.0362695403130365,0.03163163096820269,0.9320988287187607
23678,32678,Medium,Medium,0.03153641505588844,0.032045806616524654,0.9364177783275869
18073,27073,Medium,Medium,0.03308104373534932,0.03016124004302607,0.9367577162216246
10629,19629,Medium,Medium,0.04203038489563946,0.03378247012454095,0.9241871449798196
17826,26826,High,High,0.9310536282789759,0.030278955139811655,0.03866741658121255
5076,14076,Medium,Medium,0.036923827084330514,0.03313686998520649,0.929939302930463
4129,13129,High,High,0.9349260447592914,0.03246783953303715,0.0326061157076715
1384,10384,High,High,0.9301642151308634,0.028938972087712084,0.04089681278142452
20106,29106,High,High,0.9374907202893118,0.030203975402792013,0.03230530430789621
23441,32441,Medium,Medium,0.04002929756587992,0.0320571670037086,0.9279135354304117
449,9449,Low,Medium,0.03175314163487241,0.03025756934126397,0.9379892890238636
3090,12090,Low,Low,0.03316124796711916,0.9306696261576746,0.03616912587520624
12742,21742,Low,Low,0.029587268942990092,0.9378908911555325,0.03252183990147726
32968,41968,Low,Low,0.03154745904580943,0.9326141507271072,0.035838390227083385
27449,36449,High,High,0.9333414763731972,0.03409333882673681,0.03256518480006608
36256,45256,Medium,Medium,0.04717606653476172,0.06352663343793424,0.8892973000273042
32055,41055,High,High,0.930067127829529,0.0331775491350964,0.0367553230353744
13120,22120,High,High,0.9364600920921792,0.031540611819662556,0.03199929608815826
13861,22861,Medium,Medium,0.03329908370745785,0.03367592716250415,0.933024989130038
7017,16017,Medium,Medium,0.0573782761943687,0.03236275630791242,0.910258967497719
39244,48244,Medium,Medium,0.03552186052839374,0.36596096404426626,0.5985171754273401
9147,18147,High,High,0.9350441315968615,0.03087766389454101,0.034078204508597464
22296,31296,Low,Low,0.029509813883119896,0.937460210059662,0.03302997605721816
13163,22163,Low,Low,0.03587880635874987,0.9125319594800184,0.051589234161231755
21961,30961,Low,Low,0.03271466917341056,0.9161436024302013,0.05114172839638825
10032,19032,Medium,Medium,0.029272045693770826,0.02842077224155251,0.9423071820646767
8545,17545,Low,Low,0.038347733057579964,0.9259854343703077,0.035666832572112346
30755,39755,Medium,Medium,0.031233384608568195,0.030821212881794072,0.9379454025096378
9895,18895,Medium,Medium,0.03690911676256484,0.0353240479113278,0.9277668353261074
15214,24214,High,High,0.9387476289769362,0.029410249786045502,0.03184212123701838
33214,42214,High,High,0.9349360898357792,0.031422422173746155,0.03364148799047454
13154,22154,Medium,Medium,0.030524465010501208,0.03257273745129395,0.9369027975382048
7980,16980,High,High,0.9323713085180699,0.029416055544385603,0.03821263593754449
9255,18255,Medium,Medium,0.03250502356604779,0.029835013067541383,0.9376599633664108
31247,40247,Medium,Medium,0.03356515931646815,0.09559027917391472,0.8708445615096171
4943,13943,Low,Low,0.02938138563668237,0.928726967505093,0.04189164685822468
20444,29444,High,High,0.9348761728891785,0.030970337692524965,0.03415348941829655
37827,46827,Low,High,0.9327079841978173,0.033327502455202655,0.03396451334698012
18613,27613,High,High,0.9364683668255447,0.03021229052238802,0.03331934265206734
39455,48455,High,High,0.9330428190588856,0.03242535548608936,0.034531825455024985
14003,23003,Medium,Medium,0.034581654367705064,0.030537791087316274,0.9348805545449785
3263,12263,Medium,Medium,0.03138745967932269,0.03044462644882241,0.9381679138718549
30852,39852,Low,Low,0.03385785863869099,0.9317084876898543,0.03443365367145476
34303,43303,High,High,0.9314754452190118,0.0350450783624054,0.03347947641858277
18557,27557,Low,Low,0.03140893408125169,0.9311908575840736,0.03740020833467473
6137,15137,High,High,0.9360872832345386,0.02906334897039252,0.0348493677950689
35890,44890,High,Low,0.029354609156937633,0.9397776540160953,0.03086773682696704
9755,18755,Medium,Medium,0.030987250865153148,0.03080016686101751,0.9382125822738293
215,9215,Medium,Medium,0.028961616500530113,0.029335133045320722,0.941703250454149
2146,11146,Low,Low,0.03007674637532391,0.9376610431746659,0.03226221045001019
21669,30669,High,High,0.9321504910735555,0.030893790402047455,0.036955718524397024
35433,44433,Medium,Medium,0.03066239288730611,0.03365763500720604,0.9356799721054879
10714,19714,Medium,Medium,0.032893420342651976,0.0416498912904309,0.9254566883669172
8874,17874,Low,Low,0.03093980466421023,0.9375976287986476,0.03146256653714219
37070,46070,Medium,Medium,0.033399341359115674,0.036342978715878264,0.9302576799250062
22827,31827,Medium,Medium,0.04228885943503551,0.03575769923071263,0.9219534413342517
34428,43428,High,High,0.9386819968983326,0.028934926690693013,0.032383076410974425
18427,27427,Medium,Medium,0.03675447885179578,0.0331179134383645,0.9301276077098398
6510,15510,Medium,High,0.9302536789246424,0.035510813898422706,0.03423550717693478
35833,44833,Low,Low,0.030068791816291848,0.937423405909109,0.032507802274599006
15628,24628,Low,Low,0.029387442325589683,0.9382907863712333,0.03232177130317691
2200,11200,High,High,0.9355078373040809,0.02966109292747728,0.03483106976844174
4565,13565,Low,Low,0.03437296655510514,0.9325953777370102,0.03303165570788468
22733,31733,Low,Low,0.03378055446245065,0.9181220245678828,0.048097420969666356
4119,13119,Medium,Medium,0.02941113232863832,0.03139748718984297,0.9391913804815187
26222,35222,Medium,Medium,0.035030700389965384,0.031092815894189028,0.9338764837158454
24693,33693,High,High,0.9361580517618856,0.030417271304106003,0.03342467693400853
5596,14596,Medium,Medium,0.031827301177711396,0.03141178975387695,0.9367609090684117
27756,36756,High,High,0.9291134212124699,0.03463947867855263,0.03624710010897748
17333,26333,Medium,Medium,0.03555477135927259,0.03310830521256277,0.9313369234281647
13362,22362,Low,Low,0.030782739205933347,0.9333854576839555,0.03583180311011119
22666,31666,High,High,0.9256095691614031,0.03229661883289511,0.04209381200570173
28975,37975,Low,Low,0.03320067668549955,0.9297423923025406,0.037056931011959726
18165,27165,Low,Low,0.04484419854265074,0.9074984447037057,0.0476573567536436
16017,25017,High,High,0.9125064654283089,0.036527606137910514,0.05096592843378056
29994,38994,Medium,Medium,0.03132274203892671,0.03126740853291307,0.9374098494281601
8110,17110,Medium,Medium,0.03360572529616827,0.03073659173724642,0.9356576829665854
21596,30596,Low,Low,0.029593064624575227,0.9391902447127581,0.031216690662666496
27372,36372,Low,Low,0.02990769405655243,0.938528660609387,0.03156364533406055
15156,24156,Medium,Medium,0.03402618582412149,0.02912480932332349,0.936849004852555
31377,40377,Medium,Medium,0.03202371704719544,0.03277213796881808,0.9352041449839866
37203,46203,High,High,0.9355878085182576,0.030072999519681384,0.034339191962060873
17717,26717,High,High,0.9367581326316382,0.029510117879615137,0.03373174948874672
33945,42945,Low,Low,0.03147275936053651,0.9303080986176129,0.038219142021850595
12183,21183,Low,Low,0.02936978361636348,0.9398346094136535,0.030795606969983087
2495,11495,Medium,Medium,0.031543094609045794,0.030609905930789303,0.9378469994601649
30659,39659,High,High,0.9247085915045418,0.03305441530077563,0.04223699319468254
27049,36049,Medium,Medium,0.033194982281671635,0.0353337354735748,0.9314712822447536
12473,21473,High,Medium,0.03245093329492953,0.03176023415191748,0.9357888325531528
38416,47416,High,High,0.9355286451485635,0.03049573941862789,0.03397561543280866
39616,48616,Low,Low,0.03317127792463583,0.9318410215545931,0.03498770052077115
13447,22447,Medium,Medium,0.04744078605867045,0.03210977619548824,0.9204494377458413
695,9695,Low,Low,0.028733604890910525,0.9384326554747076,0.03283373963438192
27180,36180,Medium,Medium,0.0308651536389031,0.03324636696062465,0.9358884794004722
3794,12794,Medium,Medium,0.03012851426334533,0.028934470656870586,0.9409370150797841
38062,47062,High,High,0.9387227958384013,0.028707570030933643,0.03256963413066491
746,9746,Low,Low,0.030804044770311373,0.9354589304390059,0.033737024790682725
4052,13052,High,High,0.9291309494768161,0.031209354126231385,0.03965969639695252
35557,44557,High,High,0.9401694298971531,0.028242390691279273,0.031588179411567566
4118,13118,High,High,0.9359922545084219,0.02931610574105603,0.034691639750522085
793,9793,Low,Low,0.030255277530410952,0.9376172083492132,0.03212751412037573
17872,26872,Low,Low,0.03642920754103563,0.9276813136454939,0.035889478813470495
767,9767,Medium,Medium,0.031967418401424204,0.03458516985973839,0.9334474117388374
29382,38382,Medium,Medium,0.035064444341552405,0.036980574501851805,0.9279549811565957
1649,10649,Low,Low,0.030195086476232914,0.9340206984668084,0.03578421505695876
4829,13829,Medium,Medium,0.036901138130267346,0.037414197588704325,0.9256846642810284
8774,17774,High,High,0.9335865662921781,0.03346725789269096,0.03294617581513104
14418,23418,High,High,0.9304816054039616,0.03300760132414044,0.036510793271897775
14584,23584,Low,Low,0.03147050298977674,0.9303356653929514,0.03819383161727183
2827,11827,Medium,Medium,0.03413265632317142,0.03579123122215269,0.9300761124546759
984,9984,Low,Low,0.030343589923603174,0.9348507339346956,0.03480567614170115
9508,18508,Low,Low,0.0366608407649722,0.9242822536216169,0.03905690561341101
9526,18526,Medium,Medium,0.10528701548126478,0.058665188746491403,0.8360477957722438
13798,22798,High,High,0.9361648236219086,0.030910398786364535,0.032924777591727086
571,9571,High,High,0.9361927393718688,0.031382134245007874,0.032425126383123344
20276,29276,High,High,0.9308202672297475,0.03429643886629328,0.03488329390395922
21557,30557,High,High,0.9246929556846472,0.035221878464166585,0.040085165851186245
36560,45560,Medium,Medium,0.033069866416819076,0.03997827892974546,0.9269518546534354
36634,45634,Medium,Medium,0.03769216314108878,0.033660348217093995,0.9286474886418173
9240,18240,High,High,0.9277621754603494,0.03258788754172239,0.03964993699792816
37645,46645,High,High,0.9333891061242606,0.030882916872887297,0.035727977002852025
32973,41973,High,High,0.9333932017484224,0.03238709825773408,0.03421969999384354
5963,14963,Medium,Medium,0.02927289263707231,0.0285381963341174,0.9421889110288103
29090,38090,Medium,Medium,0.03100026543737283,0.030413915866075475,0.9385858186965517
35277,44277,Medium,Medium,0.029235366949841857,0.029513043648288603,0.9412515894018695
28751,37751,Medium,Medium,0.02990177262405187,0.02909431990937301,0.9410039074665751
11389,20389,Medium,Medium,0.033624461197652604,0.031891205503132736,0.9344843332992147
10333,19333,High,High,0.93809200322164,0.029694641335585244,0.03221335544277475
29299,38299,Low,Low,0.030143827930293392,0.9343769483384512,0.03547922373125547
32658,41658,Medium,Medium,0.03133863780916198,0.03141664927684998,0.937244712913988
4680,13680,Medium,High,0.932466082996522,0.03089724262086123,0.0366366743826167
9360,18360,High,High,0.940775214099768,0.027979138916210965,0.031245646984021047
35146,44146,Medium,Medium,0.0347011324677818,0.035533091536377785,0.9297657759958405
24965,33965,Medium,Medium,0.043097144061068716,0.04092003532171335,0.9159828206172179
12540,21540,Medium,Medium,0.03686966425507222,0.029901203051563362,0.9332291326933645
12028,21028,Low,Low,0.03384280953843434,0.9321718987658917,0.033985291695674026
19655,28655,High,High,0.9325565834056501,0.03218448575262966,0.03525893084172033
2120,11120,Medium,Medium,0.03319520292934459,0.035265605006960375,0.9315391920636951
6087,15087,Low,Medium,0.03252273837815154,0.032347891614965076,0.9351293700068833
29140,38140,Low,Low,0.031521797714690374,0.9348505676443971,0.03362763464091261
26269,35269,Low,Low,0.028982119699692267,0.9395822614827241,0.031435618817583784
35754,44754,Medium,Medium,0.030223836337050076,0.031438463061053294,0.9383377006018966
2572,11572,High,High,0.9024366241787128,0.05075421919802586,0.04680915662326138
10584,19584,Medium,Medium,0.23194131149772998,0.036019612903494605,0.7320390755987752
22498,31498,Medium,Medium,0.03719444286418313,0.0834842456577302,0.8793213114780866
24431,33431,Low,Low,0.03236869076681275,0.9359073349315578,0.03172397430162963
16375,25375,Medium,Medium,0.10744618074869956,0.03301011906237472,0.8595437001889258
36632,45632,Medium,Medium,0.0313720978569798,0.030953705156117034,0.9376741969869031
26366,35366,Medium,Medium,0.03270333062969392,0.031515059597623275,0.9357816097726829
5257,14257,Low,Low,0.030709803716501827,0.9361913975568378,0.033098798726660335
19105,28105,Medium,Medium,0.03727453467562842,0.03157153993794008,0.9311539253864313
11965,20965,Low,Low,0.031231128028482446,0.9262762749301926,0.04249259704132489
33428,42428,Medium,Medium,0.03815526694601085,0.2831635767925617,0.6786811562614274
32657,41657,Medium,Medium,0.03290710338481895,0.035391718868644235,0.9317011777465368
27804,36804,High,High,0.9052038667249059,0.0342055624781619,0.060590570796932135
30952,39952,Low,Low,0.029652810061427323,0.9356296798093998,0.034717510129172936
20898,29898,Medium,Medium,0.03294784700165733,0.036920278377425404,0.9301318746209173
35760,44760,High,High,0.9381634253492249,0.02936334512165163,0.03247322952912337
31202,40202,Medium,Medium,0.030934689848539847,0.03339214648801515,0.9356731636634449
26051,35051,Low,Low,0.044015782145739805,0.587231537475322,0.3687526803789383
27906,36906,High,High,0.9044029487159744,0.041079800597309736,0.05451725068671585
34755,43755,Medium,Medium,0.03176497438373286,0.031825392576330644,0.9364096330399364
2178,11178,Medium,Medium,0.21265103263892957,0.04555269301918361,0.7417962743418869
2213,11213,Medium,Medium,0.03239669095304331,0.031088475427153244,0.9365148336198036
2399,11399,Low,Low,0.031718686535582095,0.9342588683524283,0.03402244511198957
32135,41135,Low,Low,0.029218585249517492,0.9389662007909023,0.03181521395958022
23437,32437,Medium,Medium,0.031411944958671036,0.03465817267425215,0.9339298823670769
5887,14887,Medium,Medium,0.03784769773963343,0.03576125431122908,0.9263910479491374
3531,12531,Low,Low,0.03194627218643917,0.9356945805813415,0.03235914723221928
9202,18202,Low,Low,0.03227037443628646,0.9292901006749537,0.038439524888760006
37356,46356,Low,Medium,0.03690082140283844,0.03299906507440506,0.9301001135227566
4868,13868,High,High,0.9237529286296855,0.04014478479367583,0.036102286576638866
23790,32790,Medium,Medium,0.04491496899764765,0.0341473297016111,0.9209377013007414
21400,30400,Medium,Medium,0.03403524396744753,0.02867022678417061,0.937294529248382
24072,33072,High,High,0.9255124560017683,0.035828996582321325,0.03865854741591029
33802,42802,High,High,0.9256338287359265,0.03516095364055976,0.039205217623513824
13700,22700,Low,Medium,0.03162048834203406,0.03544923524804868,0.9329302764099173
24125,33125,Low,Low,0.03328403963428925,0.9291637261152644,0.03755223425044631
27734,36734,Medium,Medium,0.0324628915879849,0.02956130979149267,0.9379757986205224
32982,41982,Medium,Medium,0.03344862775345957,0.030857227751027602,0.9356941444955128
5441,14441,Low,Low,0.03126884302542007,0.933548467380381,0.035182689594198964
3137,12137,Medium,Medium,0.03864595176079512,0.03370626657684352,0.9276477816623614
32373,41373,High,High,0.9274452447544607,0.033869310793591144,0.03868544445194816
5540,14540,Low,Medium,0.03192168618503075,0.031314157563404395,0.9367641562515647
22761,31761,Medium,Medium,0.03615204943020858,0.04107872479048278,0.9227692257793086
5398,14398,Medium,Medium,0.031827260977999476,0.030915763426259544,0.9372569755957411
1583,10583,Medium,Medium,0.030707225336405086,0.032856187294429205,0.9364365873691658
34026,43026,Medium,Medium,0.03464291708411673,0.031100949922167928,0.9342561329937155
22611,31611,High,High,0.9312865435943496,0.033121400011021936,0.03559205639462848
13889,22889,Medium,Medium,0.02995403931204484,0.029103418282975236,0.9409425424049799
12919,21919,High,High,0.9376049964460115,0.02989480222070767,0.032500201333280736
32911,41911,Medium,Medium,0.03521861371963076,0.03182477927585971,0.9329566070045096
13457,22457,Medium,Medium,0.0294187360923215,0.029550470838066157,0.9410307930696122
4009,13009,Low,Low,0.0321709938436589,0.9337512933442195,0.034077712812121776
9135,18135,Low,Low,0.030665767334023066,0.9350676097580779,0.034266622907898996
7825,16825,Medium,Medium,0.03616135553042077,0.034360969839419005,0.9294776746301602
19042,28042,High,High,0.9304523135900173,0.03789995506941448,0.03164773134056801
36806,45806,High,Medium,0.1118161271053902,0.046066390269484836,0.8421174826251249
11489,20489,High,High,0.9339224931600428,0.031394179822677275,0.03468332701727986
4705,13705,High,High,0.9337994850356797,0.0325289377910562,0.03367157717326421
12891,21891,Medium,Medium,0.03175987642474232,0.060055145634306785,0.9081849779409509
17298,26298,Medium,Medium,0.03375506836628963,0.03675785476962103,0.9294870768640893
26407,35407,Medium,Medium,0.03185753757869151,0.04137478543224183,0.9267676769890666
3482,12482,Medium,Medium,0.035925067628972115,0.03368257420708306,0.9303923581639447
33050,42050,Low,Low,0.029306501093206056,0.9370567646539049,0.03363673425288909
31793,40793,Medium,Medium,0.034558399770978354,0.032534083824223146,0.9329075164047985
28400,37400,Medium,Medium,0.03664660964984804,0.03695951240314099,0.926393877947011
13817,22817,High,Medium,0.030354369823888765,0.028957018392814126,0.9406886117832972
6771,15771,High,High,0.9382397651663946,0.03000783878255191,0.03175239605105344
19590,28590,High,High,0.9264546546816783,0.03359194795946192,0.039953397358859756
26403,35403,Medium,Medium,0.03125601911819318,0.03371195300616391,0.9350320278756428
9180,18180,High,High,0.9338888911620037,0.033333742748264984,0.0327773660897315
5765,14765,Low,Low,0.03339624533962133,0.934201346781311,0.032402407879067785
29618,38618,High,High,0.6776828468350522,0.06593200317602861,0.2563851499889193
32769,41769,Low,Low,0.03340033546780389,0.913473664656407,0.05312599987578922
18873,27873,Medium,Medium,0.038066670606800385,0.043709952934713546,0.9182233764584861
18889,27889,Medium,Medium,0.03435727612580835,0.03615638439449175,0.9294863394797
9710,18710,Low,Low,0.03644554043237804,0.9152704367423569,0.04828402282526519
24869,33869,Low,Low,0.030103743924208098,0.9373161890219696,0.03258006705382251
37090,46090,High,High,0.9319440662990285,0.03298173573975147,0.035074197961220084
7567,16567,High,Medium,0.03197106663296292,0.03033321530392906,0.9376957180631079
12527,21527,High,Low,0.03196778784572934,0.9347610536492872,0.033271158504983404
12191,21191,High,High,0.9240242288554484,0.03611165018575984,0.03986412095879165
9274,18274,Medium,Medium,0.030802038121837304,0.02922626906125586,0.9399716928169068
31613,40613,High,High,0.7952245941629608,0.03355581132967117,0.17121959450736815
31150,40150,Medium,Medium,0.03304912690706093,0.03249374028976839,0.9344571328031708
16547,25547,Low,Low,0.03329254082465354,0.926144595256944,0.04056286391840234
37109,46109,High,High,0.9377701636859895,0.028716878062775435,0.03351295825123502
25131,34131,High,Low,0.04000860984992042,0.6807014031661524,0.2792899869839273
2058,11058,Low,Low,0.03972927078072442,0.791605148361397,0.16866558085787864
16848,25848,Low,Low,0.04688434206415748,0.8029926936760433,0.15012296425979926
37229,46229,High,High,0.9268757603436875,0.03414693748380977,0.03897730217250283
13583,22583,Low,High,0.9307274732624968,0.034897486524049566,0.03437504021345352
36620,45620,Medium,Medium,0.030129331049014052,0.029526243210030306,0.9403444257409556
25677,34677,Medium,Low,0.02992344683699778,0.9296664718878803,0.040410081275121974
39808,48808,Low,Low,0.042958195484353784,0.7285902898534332,0.228451514662213
5430,14430,Medium,Medium,0.029204030832196404,0.03018497481652857,0.9406109943512749
26570,35570,Low,Low,0.034592822943917606,0.9306423475997967,0.034764829456285624
34617,43617,Low,Low,0.030196345602594793,0.9339862653162151,0.03581738908119
3330,12330,Medium,High,0.9374302472961306,0.029671114744871177,0.03289863795899838
32756,41756,Low,Low,0.03254063940989909,0.9239030562571452,0.043556304332955736
8064,17064,High,High,0.9371604235671076,0.029933612425047402,0.03290596400784499
26907,35907,High,High,0.9326993856392453,0.03273871640035988,0.03456189796039485
23596,32596,Low,Low,0.038290647423619345,0.9257059203898906,0.03600343218649007
4632,13632,Low,Low,0.029036521666423027,0.9399561905686218,0.031007287764955233
28281,37281,Medium,Medium,0.03488187145711805,0.03357701694970308,0.9315411115931789
21630,30630,Medium,Medium,0.02974579700800446,0.031442265703159555,0.938811937288836
16494,25494,Low,Low,0.07659859058664881,0.883340130229335,0.040061279184016196
24330,33330,Medium,Medium,0.035426673576338746,0.0399893097617627,0.9245840166618985
18477,27477,High,Medium,0.03119697252810046,0.029491125053825118,0.9393119024180744
9560,18560,Low,Low,0.02922722091056894,0.938597454964306,0.032175324125125075
27227,36227,Medium,Medium,0.03502932378394335,0.033226358659833165,0.9317443175562233
29194,38194,Medium,Medium,0.040000110523557474,0.034836284140387704,0.9251636053360549
17236,26236,High,High,0.9230641387088802,0.035088047434537216,0.04184781385658252
10313,19313,Medium,Medium,0.050344190308109216,0.32035636388708794,0.6292994458048028
16094,25094,Medium,Medium,0.031395030206603024,0.030274411711475647,0.9383305580819213
22303,31303,Low,Low,0.055212024478570244,0.9126623087831179,0.03212566673831169
22713,31713,Medium,Medium,0.044718853683824895,0.04068347275652701,0.914597673559648
9193,18193,High,High,0.9381707814700752,0.028966918996383508,0.032862299533541424
12934,21934,Low,Low,0.041048805674750825,0.9236726648590979,0.035278529466151266
1222,10222,Medium,Medium,0.05449234481184422,0.03177047864929881,0.913737176538857
39382,48382,Low,Low,0.03114292072676585,0.925249601198535,0.04360747807469905
32013,41013,Medium,Medium,0.036474149917984276,0.12043007534769157,0.8430957747343242
20112,29112,High,High,0.9336041462258037,0.03132896268110404,0.0350668910930923
9820,18820,Medium,Medium,0.03618358233404644,0.0360699776424756,0.927746440023478
18202,27202,Medium,Medium,0.033032465641465066,0.028747564274256246,0.9382199700842787
32362,41362,High,High,0.9343606473122404,0.02941764371220898,0.03622170897555058
21994,30994,Low,Low,0.03277428851118346,0.9320010989786779,0.03522461251013853
9715,18715,High,High,0.9350644249955286,0.03004259284540575,0.03489298215906572
3660,12660,Medium,Medium,0.03319135424704812,0.035574089490700955,0.9312345562622509
38771,47771,Medium,Medium,0.03391169618752445,0.06451138562733384,0.9015769181851417
17259,26259,High,Low,0.0295933593437414,0.9382457870046587,0.03216085365159992
16859,25859,Medium,Medium,0.03447496934324462,0.033206063111210965,0.9323189675455444
812,9812,Low,Low,0.03745595121017574,0.8726887228294619,0.08985532596036234
35374,44374,High,High,0.9340002924134488,0.03109648180745048,0.03490322577910059
3289,12289,Low,Low,0.030803738133133276,0.908501303251426,0.060694958615440754
24736,33736,Low,Low,0.04659007068113563,0.6415282793417331,0.31188164997713136
38024,47024,Medium,Medium,0.034741602852935795,0.03181718103800559,0.9334412161090587
16898,25898,Low,Low,0.0315719929480352,0.934029753491976,0.03439825355998889
24658,33658,Medium,Medium,0.031763621856284986,0.03429003331475728,0.9339463448289577
13770,22770,Low,Low,0.03111219004843001,0.936051275977078,0.03283653397449187
18947,27947,Low,Low,0.04794578245583186,0.919540867166109,0.03251335037805922
21087,30087,Medium,Medium,0.031388038840475946,0.032211092368351193,0.9364008687911728
7366,16366,Medium,Medium,0.0343572665923571,0.03232788891948287,0.93331484448816
18758,27758,Medium,Medium,0.036166759295625295,0.037745287346675906,0.9260879533576988
31563,40563,Low,Low,0.030719972195972712,0.9257596567914188,0.043520371012608576
2601,11601,Medium,Medium,0.03524203743479148,0.03147101084360099,0.9332869517216075
38730,47730,Medium,Medium,0.033825029072502226,0.03204908683746153,0.9341258840900363
26987,35987,Medium,Medium,0.029389226926448842,0.02963907856048623,0.940971694513065
6881,15881,Low,Low,0.030522290529158613,0.932276785288678,0.03720092418216348
23182,32182,High,Low,0.02940328486628661,0.933225080160896,0.03737163497281735
28421,37421,Medium,Medium,0.0316709390518777,0.1034872683920684,0.8648417925560539
34982,43982,Low,Low,0.043648917633229235,0.9157395170889782,0.04061156527779256
37883,46883,Low,Low,0.03364614572761701,0.9322734207949885,0.034080433477394416
22633,31633,Low,Low,0.029859955736092753,0.9334833983062811,0.036656645957626084
12078,21078,Medium,Medium,0.03596102254362618,0.03294306354524356,0.9310959139111302
21105,30105,Low,Low,0.03370228716825078,0.9318910930665091,0.03440661976524018
23405,32405,Low,Low,0.03197770782144895,0.9348950263547811,0.033127265823769986
33172,42172,Medium,Medium,0.029270554950213624,0.029193375377216585,0.9415360696725698
21741,30741,Medium,Medium,0.02946199872928111,0.030215993177752656,0.9403220080929661
29284,38284,Medium,High,0.9209848631624312,0.03971602686729813,0.0392991099702706
28247,37247,High,High,0.8763700352239511,0.04348315191400467,0.08014681286204417
7870,16870,Low,Medium,0.03913876729471553,0.3893931459601216,0.5714680867451629
2427,11427,Medium,Medium,0.03740241928173932,0.04214873213742046,0.9204488485808402
29534,38534,Medium,Medium,0.034088953349865364,0.03259722072545572,0.9333138259246789
19860,28860,Low,Low,0.03098420300801995,0.9345665091124616,0.034449287879518446
3401,12401,Low,Medium,0.039376377987046386,0.04408012354621308,0.9165434984667405
29079,38079,Medium,Medium,0.17032455537406754,0.03547537976332374,0.7942000648626086
14316,23316,Low,Low,0.03156131080242936,0.9365425435917354,0.03189614560583525
24474,33474,Medium,Medium,0.03451356923167081,0.1370329977284824,0.8284534330398468
32262,41262,High,High,0.9143106309105512,0.04980876255307722,0.03588060653637164
28024,37024,Medium,Medium,0.03733661949153583,0.04161551602575999,0.9210478644827043
3682,12682,Medium,Medium,0.031743270033490485,0.02914706121009532,0.9391096687564141
24858,33858,High,High,0.9150220953997734,0.05142655211459043,0.03355135248563612
21423,30423,Medium,Medium,0.034010107493818824,0.031189943317987603,0.9347999491881936
2160,11160,High,High,0.9336175581665039,0.03293424733809865,0.03344819449539746
28752,37752,High,High,0.9327355181939367,0.03442101741013261,0.03284346439593065
3787,12787,Medium,Medium,0.03558525836547592,0.02908144703134749,0.9353332946031766
31354,40354,Medium,Medium,0.0381258487055203,0.035890109952337546,0.9259840413421422
20377,29377,High,High,0.9277640939668665,0.03173614658622256,0.04049975944691094
22730,31730,Medium,Medium,0.032495368968589566,0.03239705908812663,0.9351075719432838
31368,40368,Medium,Medium,0.041563470158445075,0.05475769352738507,0.9036788363141698
33959,42959,High,High,0.9317504750415191,0.032826618255492046,0.035422906702988886
38103,47103,High,High,0.9369499639103154,0.030610707503925593,0.03243932858575904
28433,37433,High,High,0.9305078405714963,0.030154107777037798,0.0393380516514659
10882,19882,High,High,0.9219228739061682,0.03259032232383308,0.04548680376999872
4266,13266,Low,Low,0.033112965121229236,0.9330903925979394,0.03379664228083149
27747,36747,Medium,Medium,0.0338297312624356,0.03745776964486291,0.9287124990927015
14130,23130,Medium,Medium,0.03462398417792622,0.03574491685297951,0.9296310989690942
1692,10692,Low,Low,0.03491762953388069,0.8914648720839261,0.07361749838219317
4806,13806,Medium,Medium,0.033094482428939365,0.035854800761748205,0.9310507168093124
7481,16481,High,High,0.928711233737209,0.03737477548980336,0.03391399077298772
20688,29688,Medium,Medium,0.03074229199009582,0.029638739622208934,0.9396189683876952
8717,17717,Medium,Medium,0.030311282809298207,0.035166178511205605,0.9345225386794961
12435,21435,High,High,0.9267574266700277,0.03456650138165013,0.03867607194832219
10913,19913,Medium,Medium,0.033390453249128905,0.030303728472366915,0.9363058182785041
8139,17139,Medium,Medium,0.04179922833839023,0.03173522478292519,0.9264655468786845
3033,12033,Medium,Medium,0.03370888698918168,0.02997995270609939,0.9363111603047191
12912,21912,Medium,Medium,0.030214594292930972,0.02976934000398052,0.9400160657030886
23413,32413,Medium,Low,0.028938173847400595,0.9388700874197607,0.03219173873283879
33863,42863,Medium,Medium,0.035464617465084745,0.03364007685231476,0.9308953056826005
26551,35551,Medium,Medium,0.056180181802622374,0.294804002574552,0.6490158156228256
1152,10152,Low,Low,0.029462438983217237,0.9394099357874346,0.031127625229348227
3223,12223,Medium,Medium,0.03414686593499794,0.03357250730763777,0.9322806267573642
22903,31903,Medium,Medium,0.03743087975084212,0.0341814994779382,0.9283876207712196
13307,22307,Medium,Medium,0.030639880812545667,0.03044591307518151,0.9389142061122729
24209,33209,Low,Low,0.03798530362806287,0.927970752765547,0.034043943606390285
15967,24967,Medium,Medium,0.0328789152568261,0.033903672701691166,0.9332174120414827
20428,29428,High,High,0.9332071999594179,0.031009050383930353,0.035783749656651605
35674,44674,High,High,0.93292431812612,0.03491233516996508,0.03216334670391476
13616,22616,Medium,Medium,0.02916822174153258,0.030096098489102458,0.940735679769365
37960,46960,Low,Low,0.03317000234792341,0.9259615802496376,0.040868417402439065
21525,30525,Medium,Medium,0.03006569975749482,0.030353507403557994,0.9395807928389472
32569,41569,Medium,Medium,0.036041520718021886,0.036549683488882136,0.927408795793096
19137,28137,Medium,Medium,0.03677327354438404,0.03011704439564622,0.9331096820599698
25054,34054,High,High,0.8883159801533617,0.07881280157657297,0.03287121827006525
17467,26467,Low,Low,0.029064555615595067,0.9393549599507466,0.031580484433658525
20722,29722,Medium,Medium,0.03159129141101353,0.029088597857878446,0.9393201107311079
34661,43661,Low,Low,0.03003649140260213,0.9386097550424957,0.031353753554902296
15488,24488,High,High,0.5900314453250776,0.04884554020004967,0.36112301447487277
17787,26787,Medium,Medium,0.04572697820381258,0.031631624435053136,0.9226413973611344
12580,21580,Medium,Medium,0.03514495632397016,0.032709680681594626,0.9321453629944353
9109,18109,Medium,Medium,0.04334130314468675,0.03719921790163586,0.9194594789536774
20880,29880,Medium,Medium,0.029914377892646286,0.02954055911309245,0.9405450629942614
8814,17814,High,High,0.9353134171593397,0.030153239940076026,0.03453334290058421
8505,17505,High,High,0.9301064772968477,0.03429119023010409,0.03560233247304809
18280,27280,Medium,Medium,0.04407569125564631,0.04432626798084596,0.9115980407635078
15947,24947,Medium,Medium,0.03629368650294779,0.03299267711091782,0.9307136363861344
16064,25064,Medium,Medium,0.03519788101969614,0.03265986814979415,0.9321422508305096
6894,15894,High,High,0.9330960049256064,0.03028575375408184,0.036618241320311856
4566,13566,Medium,Medium,0.02968653238477059,0.029552003343944092,0.9407614642712853
9908,18908,Low,Low,0.034710997824511425,0.904372915582219,0.06091608659326952
28041,37041,Medium,Medium,0.03196522658291217,0.034408699694971324,0.9336260737221164
1253,10253,Low,Low,0.03612029646428058,0.9322534425969717,0.03162626093874767
2250,11250,Low,Low,0.02938556024931389,0.9372312511722258,0.03338318857846032
19623,28623,Medium,Medium,0.03371316500731373,0.03127359610740265,0.9350132388852836
1381,10381,Low,Low,0.033883260196818116,0.9159704922336839,0.05014624756949795
17257,26257,Medium,Medium,0.03310252064460419,0.03486263459400568,0.9320348447613901
14474,23474,Medium,Medium,0.036797499637923024,0.031150261242476177,0.9320522391196008
23385,32385,Medium,Medium,0.04102652103305606,0.031656050449456116,0.9273174285174878
35057,44057,Medium,Medium,0.04322602905409567,0.032341222397729026,0.9244327485481753
15085,24085,Low,Low,0.03536526879503405,0.9267040182079774,0.03793071299698845
14745,23745,Medium,Medium,0.03136168342945427,0.03097582588628897,0.9376624906842569
32431,41431,Medium,Low,0.03327518223419432,0.8599207048000915,0.10680411296571417
32199,41199,Low,High,0.9194234406621159,0.03554215034266253,0.04503440899522155
3862,12862,Low,Low,0.042098904320410385,0.7212558268091901,0.23664526887039963
18609,27609,Low,Low,0.03645868652423891,0.5218848870823823,0.4416564263933787
30245,39245,High,High,0.9387100604648384,0.029352755543494775,0.03193718399166694
14561,23561,Medium,Medium,0.03767121449793189,0.4148530771029451,0.547475708399123
22628,31628,Low,Low,0.034787489443673915,0.9325226112944506,0.03268989926187551
11423,20423,Medium,Medium,0.03743352662043523,0.03642205457548334,0.9261444188040815
2123,11123,Low,Low,0.029140278015281407,0.9356335708710262,0.03522615111369237
14964,23964,Low,Low,0.03286633752277635,0.931480486736359,0.03565317574086475
7044,16044,Medium,Medium,0.03013120951631264,0.032240489849391006,0.9376283006342964
28321,37321,Medium,Medium,0.036226851601163367,0.03031963463723317,0.9334535137616035
30944,39944,Low,Low,0.029430951633693966,0.937578780026196,0.03299026834010999
37114,46114,Medium,Medium,0.03129410085434789,0.030276974762718834,0.9384289243829332
24755,33755,Medium,Medium,0.07573026759119979,0.04278076322082097,0.8814889691879793
11811,20811,Medium,Medium,0.03991956139395774,0.05085398036173597,0.9092264582443064
29824,38824,Medium,Medium,0.039643078438626876,0.038325721177962645,0.9220312003834105
4317,13317,Medium,Medium,0.029792835309919902,0.03144664924271797,0.938760515447362
10476,19476,Medium,Medium,0.03659636701546527,0.0357606019345928,0.927643031049942
15623,24623,Medium,Medium,0.0379979887925642,0.03245487690826634,0.9295471342991695
7216,16216,Medium,Medium,0.037515800437783076,0.03549539186992864,0.9269888076922883
16782,25782,Low,Low,0.029822112487446577,0.933462514910686,0.036715372601867476
11909,20909,Low,Low,0.03531731659031317,0.9310885420829719,0.03359414132671498
6240,15240,Medium,Medium,0.03542740229345979,0.03328910181793285,0.9312834958886075
27131,36131,High,High,0.9376604991548304,0.029054174064894914,0.033285326780274786
36928,45928,High,High,0.9283509947261089,0.030855728069882783,0.04079327720400823
21330,30330,Low,Low,0.02921795386334597,0.9390234012651861,0.031758644871467796
37714,46714,High,High,0.9162500690112418,0.036485555310384325,0.04726437567837386
3567,12567,Medium,Medium,0.03222829946810175,0.032216659617230414,0.9355550409146679
2445,11445,Low,Low,0.03910165684096147,0.7558002991514973,0.20509804400754128
4743,13743,High,Medium,0.3943673906639756,0.04471279262019284,0.5609198167158315
31782,40782,Medium,Medium,0.040504489928240656,0.030440629331574775,0.9290548807401846
9311,18311,Low,Low,0.029372402062929636,0.9382327435205161,0.032394854416554215
28996,37996,Medium,Medium,0.03266505272608525,0.03184396963462693,0.9354909776392878
27210,36210,High,High,0.9379522760267974,0.030282139677268893,0.03176558429593376
4010,13010,Medium,Medium,0.035878277470344104,0.03320031020851772,0.9309214123211381
37917,46917,Low,Low,0.032140612439543303,0.9357715965861034,0.03208779097435327
27534,36534,Medium,Medium,0.03478999110731998,0.038844425008248834,0.9263655838844311
18993,27993,High,High,0.9252382452264353,0.030301547687130392,0.044460207086434334
36550,45550,Medium,Medium,0.04520582210879464,0.037499901857299685,0.9172942760339057
16282,25282,Medium,Medium,0.0342949408597123,0.03063931250070172,0.9350657466395861
15329,24329,High,High,0.9349008701823306,0.03137656889358729,0.033722560924082205
2040,11040,Medium,Medium,0.03609925741660797,0.030915934804371218,0.9329848077790208
29898,38898,Medium,Medium,0.03372795110290253,0.031284157005823994,0.9349878918912734
20406,29406,Medium,Medium,0.04284830961745625,0.03594813526255893,0.9212035551199849
5957,14957,Low,Low,0.030964035968591364,0.9311590518358841,0.03787691219552467
36504,45504,Low,Low,0.032907170941997126,0.931195672725043,0.035897156332959916
4970,13970,Low,Low,0.03455322365808643,0.9284479169564612,0.036998859385452325
4229,13229,Medium,Medium,0.0334979570062745,0.03330392089294667,0.9331981221007788
12453,21453,Low,Low,0.0342309460123176,0.9247689581409734,0.04100009584670906
27820,36820,Low,Low,0.029889660247470595,0.9357147887743086,0.03439555097822075
24200,33200,Medium,Medium,0.030556945626545106,0.02988497387195529,0.9395580805014996
29910,38910,Low,Low,0.04024552890912582,0.9260396674492871,0.03371480364158711
18029,27029,Low,Low,0.03286397274786444,0.9248455283180658,0.042290498934069796
36376,45376,Medium,Medium,0.034620171082569644,0.031317847165860835,0.9340619817515695
3965,12965,High,High,0.9367041941337857,0.030752945185981914,0.03254286068023238
29107,38107,High,High,0.9359442221900917,0.030944840783725735,0.03311093702618268
37032,46032,High,High,0.9365083292309938,0.03010924183566098,0.033382428933345205
23744,32744,Medium,High,0.9358051956480766,0.0295567557205674,0.03463804863135588
12267,21267,High,High,0.9071662500265653,0.03231440743927325,0.06051934253416167
5745,14745,High,High,0.936788585743144,0.029856133863932866,0.0333552803929231
31313,40313,Medium,Medium,0.07232439778517152,0.03038624670794306,0.8972893555068854
35800,44800,Medium,Medium,0.030452066870042354,0.029905752222635303,0.9396421809073224
29024,38024,Medium,Medium,0.034305488275360875,0.03277361345677516,0.932920898267864
16627,25627,Low,Low,0.033935324113463367,0.9193106202519142,0.046754055634622434
26968,35968,Medium,Medium,0.03676302435400247,0.03405710982851844,0.9291798658174791
22798,31798,Medium,Medium,0.03327494363579941,0.03705589993650179,0.9296691564276988
25743,34743,Medium,Medium,0.0359510920992308,0.03190325751124754,0.9321456503895217
37273,46273,Medium,Medium,0.03903005809245036,0.034643486236260894,0.9263264556712887
39596,48596,Low,Low,0.030814152990517357,0.9379053184888928,0.0312805285205899
5905,14905,Medium,Medium,0.03174842495149909,0.02949251742410838,0.9387590576243925
9153,18153,High,High,0.9180149523372482,0.04311397076126731,0.038871076901484614
32791,41791,Medium,Medium,0.03470966323134943,0.033427714776117425,0.9318626219925331
21508,30508,Medium,Medium,0.03090494442114476,0.030658362217317072,0.9384366933615381
8046,17046,Low,Low,0.03269037330795361,0.9358916464162612,0.03141798027578511
26716,35716,Medium,Medium,0.09128057677148634,0.05577378981923093,0.8529456334092828
24208,33208,Low,Low,0.039058528809173494,0.9197256013277834,0.04121586986304298
35239,44239,Medium,Low,0.028653085893016187,0.940385603763045,0.030961310343938644
34466,43466,High,High,0.9239998931549391,0.03470445068729708,0.04129565615776373
9163,18163,Medium,Medium,0.04066460289553573,0.04275922739129101,0.9165761697131732
32414,41414,Medium,Medium,0.03559009784608779,0.031016919642103555,0.9333929825118087
15089,24089,Low,Low,0.034484300671800444,0.918480069090862,0.04703563023733746
26958,35958,High,High,0.9261092882623284,0.03840230130278177,0.035488410434889886
26658,35658,Medium,Medium,0.03305084409798534,0.09408614963207229,0.8728630062699422
28071,37071,Medium,Medium,0.03241701972317367,0.03062496240329085,0.9369580178735356
25912,34912,Low,Low,0.02897358029316012,0.939938300878802,0.03108811882803793
32704,41704,Medium,Medium,0.036551135009023066,0.030595842324705923,0.9328530226662709
32167,41167,Medium,Medium,0.03814783657957854,0.05079438808457496,0.9110577753358465
29815,38815,Medium,Medium,0.029866031373862418,0.02875733821762091,0.9413766304085166
6730,15730,Medium,Medium,0.0438634191246906,0.07412895099927418,0.8820076298760352
13297,22297,High,High,0.9316516978643765,0.03416810009031563,0.03418020204530786
37612,46612,Medium,High,0.9373657577703298,0.02955742626126871,0.033076815968401445
10769,19769,Low,Low,0.02952057734039908,0.9322224840941028,0.03825693856549816
12383,21383,Low,Low,0.03863232529335927,0.9152052011452737,0.046162473561366914
5464,14464,High,High,0.9314644435620982,0.029842733793147763,0.03869282264475395
16019,25019,Low,Low,0.03092017447752062,0.930207149397162,0.03887267612531742
18689,27689,Medium,Medium,0.033309167997949654,0.04103013335703785,0.9256606986450125
28086,37086,High,Low,0.032799404852408794,0.927419786745669,0.039780808401922156
30538,39538,Low,Low,0.02867492432981042,0.939257465181662,0.03206761048852758
23952,32952,Medium,High,0.9348594563532197,0.028442757959369066,0.03669778568741133
8036,17036,Medium,Medium,0.03617963202061536,0.034079989995141384,0.9297403779842432
36045,45045,Medium,Medium,0.04713032272049531,0.03518010327752208,0.9176895740019826
308,9308,Medium,Medium,0.03404650260784087,0.030018838852020054,0.935934658540139
7635,16635,High,High,0.9351215193489489,0.03164483130598689,0.033233649345064016
4915,13915,Low,Low,0.03048389817301822,0.9344009270947898,0.03511517473219206
32656,41656,Medium,Medium,0.03239185992579258,0.03096064156229809,0.9366474985119093
3873,12873,Medium,Medium,0.029520659134926117,0.029422914392560045,0.9410564264725139
10143,19143,Medium,Medium,0.03390660974301948,0.03022055482134178,0.9358728354356388
28548,37548,Low,Low,0.03002327591137713,0.9345184135642445,0.0354583105243784
5818,14818,Low,Low,0.03441733289563493,0.9319743629244045,0.03360830417996067
28084,37084,Low,Low,0.032569415315685864,0.9196024598331265,0.04782812485118753
20453,29453,Medium,Medium,0.041125072405455106,0.03198108408317744,0.9268938435113675
30834,39834,Medium,Medium,0.03100315880982116,0.031506528591367655,0.9374903125988112
1060,10060,Medium,Medium,0.03147144800989337,0.029901801438727893,0.9386267505513789
6975,15975,High,High,0.9229893181055715,0.04138440078771729,0.03562628110671107
14730,23730,Medium,Medium,0.03775513737410877,0.03530877073473231,0.9269360918911588
37542,46542,High,High,0.9311315834042939,0.03483119691272196,0.03403721968298413
24037,33037,Medium,Medium,0.0369237975643925,0.03753686622970145,0.925539336205906
26317,35317,High,Medium,0.04159044838794642,0.031606970977909356,0.9268025806341443
7537,16537,Medium,Medium,0.04859943661564187,0.032025958169528974,0.9193746052148292
26079,35079,Low,Low,0.03350429677445294,0.7361991742005566,0.23029652902499068
19333,28333,Low,Low,0.030755583956034175,0.9374108333981607,0.031833582645805
22878,31878,Medium,Medium,0.031853039222518705,0.032950781714359466,0.9351961790631217
34205,43205,Medium,Medium,0.03330649382332321,0.03175635794452996,0.9349371482321468
18217,27217,Low,High,0.9238455016835202,0.033807708581552055,0.042346789734927816
6169,15169,Medium,Medium,0.030941874964240324,0.03199606325766695,0.9370620617780928
37275,46275,Low,Low,0.03233812060071938,0.9328114274775156,0.03485045192176501
24265,33265,High,High,0.9349836725690106,0.02861327781031792,0.036403049620671556
4049,13049,Medium,Low,0.034534017645307516,0.9297034386540979,0.03576254370059456
6196,15196,Medium,Medium,0.033660389684620186,0.03817165449707297,0.9281679558183068
39942,48942,Low,Low,0.029964605414772787,0.9367502340960406,0.03328516048918675
24408,33408,Medium,Medium,0.03542972115743239,0.029952610282236655,0.934617668560331
30802,39802,Medium,Medium,0.03097857005249749,0.02928519464387572,0.9397362353036268
23644,32644,Low,Low,0.03527844084924426,0.8346432056442966,0.130078353506459
2338,11338,High,High,0.9324444180675234,0.032656402453709044,0.03489917947876756
20505,29505,Medium,Medium,0.035488605977183146,0.031915449965752296,0.9325959440570646
31736,40736,Medium,Medium,0.031386213902527015,0.03447063655320826,0.9341431495442647
5080,14080,Medium,Medium,0.043058844613518964,0.30468453739126855,0.6522566179952124
7208,16208,High,High,0.9328630517842494,0.03120446980179852,0.03593247841395199
32299,41299,High,High,0.9323338969129903,0.03097806044440224,0.0366880426426075
35530,44530,Medium,Medium,0.030897466301927884,0.040830538813319675,0.9282719948847524
30315,39315,Medium,Medium,0.03644731839513617,0.03387711713983011,0.9296755644650337
5974,14974,High,High,0.9114766221475605,0.030345998439603786,0.05817737941283572
1097,10097,Low,High,0.9255104329356421,0.03213270074825003,0.04235686631610789
19886,28886,Medium,Medium,0.032641737576800535,0.030203601536896735,0.9371546608863027
7193,16193,High,High,0.9350223737196041,0.03130730717788988,0.033670319102506056
17955,26955,High,Low,0.03741326460317659,0.9232089472808855,0.03937778811593785
2241,11241,Medium,Medium,0.03178750227265725,0.031960939025915354,0.9362515587014274
37579,46579,Low,Low,0.03210711400105807,0.9364036163100596,0.031489269688882195
3586,12586,High,High,0.9342795871683295,0.03059207581732622,0.03512833701434426
16463,25463,High,High,0.9283841614153228,0.036399008401298845,0.03521683018337842
1966,10966,Medium,Medium,0.1665167541004312,0.031023087857071627,0.8024601580424972
33468,42468,Low,Low,0.03293363463202444,0.85373895226275,0.1133274131052256
8118,17118,Low,Low,0.030764444872346888,0.9348040471058315,0.034431508021821454
35506,44506,Medium,Medium,0.03505747274542787,0.031051857409158657,0.9338906698454134
357,9357,Medium,Medium,0.033214325657984226,0.03432409700451786,0.9324615773374979
23295,32295,Low,Medium,0.03286813603649039,0.03131066652633515,0.9358211974371744
27765,36765,Low,Low,0.034198186546562044,0.931956272287303,0.0338455411661348
1744,10744,Medium,High,0.9372972417531739,0.029356172536112158,0.033346585710714076
34008,43008,Low,Low,0.0365363294047915,0.9303938613415775,0.03306980925363106
5622,14622,Low,Low,0.0360877083843139,0.597194606685381,0.36671768493030504
32915,41915,Medium,Medium,0.05094095213287352,0.0359202355612081,0.9131388123059184
20435,29435,Low,Low,0.033029544111731,0.9348528260220471,0.032117629866221804
16496,25496,Medium,High,0.9393156618261874,0.02972334401674731,0.0309609941570653
14383,23383,High,Medium,0.03856745911421524,0.0311695377055502,0.9302630031802345
2509,11509,Medium,High,0.9380015333507892,0.028703650265081575,0.03329481638412937
8916,17916,Low,High,0.9262405667066825,0.03698717892811599,0.03677225436520145
10242,19242,Low,Medium,0.03238528429074888,0.03400016523292243,0.9336145504763288
1052,10052,Medium,Medium,0.03554680112298595,0.04316340276514985,0.9212897961118642
16934,25934,Medium,Medium,0.03156705500620079,0.030445353499281114,0.937987591494518
8368,17368,High,High,0.9261844067773722,0.032683939568700755,0.04113165365392695
31624,40624,Medium,Medium,0.03105308135443281,0.03321565921489409,0.935731259430673
28789,37789,Low,Low,0.030445432807379297,0.9295920404949193,0.03996252669770147
26130,35130,Low,Low,0.03828719071020872,0.9245263296440439,0.03718647964574735
25977,34977,Medium,Medium,0.031811726926611765,0.030899535274987917,0.9372887377984003
15186,24186,Low,Low,0.030557838989095115,0.9374665924535907,0.031975568557314316
29086,38086,High,High,0.9269200993057348,0.031353484123996876,0.041726416570268314
5307,14307,Medium,Medium,0.0354145451209103,0.03384201211786422,0.9307434427612256
25533,34533,High,High,0.9094429270934167,0.05437594975794119,0.03618112314864206
8335,17335,Medium,Medium,0.03613788132389189,0.0323045487553885,0.9315575699207196
31956,40956,High,High,0.9343848048613541,0.032057111787436636,0.0335580833512093
27802,36802,Medium,Medium,0.03802416940186674,0.03472576369258221,0.9272500669055511
37939,46939,Medium,Medium,0.029577429157248883,0.03026609403579597,0.9401564768069552
21366,30366,High,Medium,0.032251133757162834,0.033965800107209294,0.933783066135628
18562,27562,Medium,Medium,0.02962851308437381,0.03008325412392163,0.9402882327917045
34126,43126,High,Low,0.031247964724417644,0.9189542456167704,0.0497977896588118
32784,41784,Medium,Medium,0.03468962700582776,0.03119739167326503,0.9341129813209074
39458,48458,Medium,Medium,0.0330705625556611,0.033098662776797134,0.9338307746675417
26286,35286,Low,Low,0.034025043738331755,0.9253924520988548,0.0405825041628135
5759,14759,Medium,Medium,0.03446350132655018,0.03164437431247033,0.9338921243609795
35083,44083,Low,Low,0.03129443706975771,0.9354883376015494,0.033217225328692854
15371,24371,Medium,Medium,0.03398039662678968,0.0331628710733499,0.9328567322998605
25110,34110,Medium,Medium,0.030461785323999846,0.036822667926906964,0.9327155467490932
2852,11852,Medium,Medium,0.03151952364892724,0.03178310251101291,0.9366973738400599
9051,18051,High,High,0.933828098302215,0.031001799073596504,0.035170102624188376
10260,19260,High,High,0.932916846844647,0.031238675987385,0.03584447716796794
21974,30974,High,High,0.8882536499912989,0.04218114774902735,0.06956520225967373
33417,42417,Low,Low,0.02981778137084887,0.9308590878924728,0.03932313073667825
13293,22293,High,High,0.9400510104438289,0.028806021027887718,0.031142968528283382
1131,10131,Medium,Medium,0.03146487981691795,0.030679642813751,0.9378554773693311
8320,17320,Medium,Medium,0.030096972568618468,0.030630185727984857,0.9392728417033966
279,9279,Low,Low,0.0347571208209495,0.9106390322154675,0.054603846963583
14966,23966,Low,Low,0.031003345559057992,0.9346572075391482,0.034339446901793864
24296,33296,Low,Medium,0.039874996836952815,0.4507328856366439,0.5093921175264032
32207,41207,Medium,Medium,0.029644758116957187,0.03169121514966072,0.938664026733382
20138,29138,Medium,Medium,0.031216976389849438,0.03347375150903077,0.9353092721011199
4166,13166,Medium,Medium,0.03136022609956441,0.034396407279093745,0.9342433666213418
14330,23330,High,High,0.9386544119426166,0.028832235704362167,0.0325133523530214
38250,47250,Medium,Medium,0.02962739342294483,0.030794104183587436,0.9395785023934677
5206,14206,Low,Low,0.031487672609644,0.9277640191845631,0.04074830820579297
31796,40796,Medium,Medium,0.03134188550078503,0.02931207452844385,0.9393460399707712
13803,22803,Low,Low,0.0337667706263404,0.9327731700160605,0.033460059357599
10444,19444,Medium,Medium,0.03287818362509124,0.0356657742028385,0.9314560421720702
9426,18426,Medium,Medium,0.03420851009149558,0.031725096802582425,0.934066393105922
21284,30284,Medium,Medium,0.035971910962557946,0.06473552064509824,0.8992925683923438
13726,22726,Medium,Medium,0.03295021679291575,0.033114212626609275,0.9339355705804749
22256,31256,Low,Low,0.03916016195628156,0.9265967757634472,0.03424306228027113
28470,37470,High,High,0.8450870476871858,0.03712437853553702,0.11778857377727721
17340,26340,Medium,High,0.9385150766871034,0.029170936100252384,0.03231398721264422
2919,11919,High,High,0.9343897722664672,0.029761576082499814,0.03584865165103294
40024,49024,Medium,Medium,0.03187414252378803,0.045779327881106495,0.9223465295951053
21772,30772,High,High,0.9323163408429315,0.0306432880154722,0.03704037114159622
23286,32286,High,High,0.9393439665921886,0.02860074127805554,0.03205529212975589
13148,22148,Medium,Medium,0.03992885583209397,0.034028555473670064,0.926042588694236
35978,44978,High,High,0.9335833466045309,0.03176980578478502,0.03464684761068416
5471,14471,Medium,Medium,0.03279871289451656,0.03274993282677455,0.9344513542787088
33198,42198,Low,Low,0.03608832468107088,0.9322888883733675,0.03162278694556155
23925,32925,Medium,Medium,0.0321550505972519,0.030515258457467637,0.9373296909452805
3846,12846,Medium,Medium,0.03568002318418944,0.02985660848708707,0.9344633683287235
9350,18350,High,High,0.9272120898765005,0.0352680092141201,0.03751990090937948
26800,35800,Low,Low,0.031333814523959565,0.9338714014247719,0.034794784051268596
23097,32097,Low,Low,0.04379617594272572,0.9173170769656226,0.038886747091651734
15996,24996,High,High,0.9374133475609888,0.029598988433051587,0.03298766400595963
8107,17107,Low,Low,0.031844400743762054,0.9262687442061276,0.04188685505011038
38006,47006,High,High,0.9255677526041165,0.03690259008697006,0.037529657308913486
15772,24772,Low,Low,0.03143192686502431,0.9358054208948126,0.032762652240162976
1525,10525,Medium,Medium,0.03311105427844025,0.03143043685329472,0.935458508868265
15867,24867,Low,Low,0.029647257378432254,0.939688797938,0.030663944683567836
34389,43389,Medium,Medium,0.03297723055895311,0.030600258902235444,0.9364225105388114
26262,35262,Low,Low,0.0349148651716429,0.9246828484940703,0.04040228633428682
12472,21472,Medium,Medium,0.040554409806455256,0.038344121092783165,0.9211014691007615
24748,33748,Low,Low,0.03278387195490118,0.9359352047018916,0.03128092334320723
35541,44541,Medium,Medium,0.037400212754557134,0.03691376756756347,0.9256860196778794
2871,11871,Medium,Medium,0.03133985338209809,0.031146497021517824,0.9375136495963842
3249,12249,High,High,0.9314392797456961,0.0347580546912843,0.03380266556301977
1694,10694,Low,Low,0.03394649557298505,0.8756085300283561,0.09044497439865874
9776,18776,Medium,Medium,0.0319741672062841,0.4171678425222662,0.5508579902714498
35568,44568,Low,Low,0.04721513399364013,0.5359681430463117,0.4168167229600482
32342,41342,Medium,Medium,0.03424737803597156,0.03512735097526463,0.9306252709887638
10631,19631,High,High,0.9292627646507641,0.0319428816045453,0.03879435374469073
22061,31061,Medium,Medium,0.0363119146058147,0.029156032227514995,0.9345320531666704
16885,25885,High,High,0.8909970986595748,0.041107660944350234,0.06789524039607497
11913,20913,Medium,Medium,0.03246787323083249,0.030887778100270668,0.936644348668897
6208,15208,High,High,0.9389391102554745,0.029218139499336285,0.03184275024518928
33240,42240,Medium,Medium,0.03290203082965447,0.03727918604593894,0.9298187831244066
16090,25090,High,High,0.9284766703593569,0.03250887215434005,0.039014457486303035
36645,45645,High,High,0.9324585835044622,0.029281483124092123,0.038259933371445703
24388,33388,Medium,Medium,0.032153518016074474,0.029780400729927946,0.9380660812539975
29168,38168,High,Medium,0.03324252236675464,0.03282476943070238,0.9339327082025429
39592,48592,Medium,Medium,0.029563813181469428,0.02911157626580536,0.9413246105527252
39558,48558,High,High,0.9324019360221142,0.03256461413958003,0.03503344983830579
35931,44931,Medium,Medium,0.03438329744100952,0.03233655460428237,0.933280147954708
27277,36277,Low,Medium,0.04145230652809707,0.03847475136740643,0.9200729421044964
9556,18556,High,High,0.9360685632118595,0.03102513400724255,0.032906302780897935
26797,35797,High,High,0.9300058129981318,0.03122757899418452,0.03876660800768381
9599,18599,High,Medium,0.054462700818861676,0.03938595836248425,0.9061513408186541
6972,15972,Low,Low,0.032345978097780254,0.8421212781146107,0.12553274378760912
34949,43949,Medium,Medium,0.034502352614094164,0.035254437914917364,0.9302432094709885
4709,13709,Medium,Medium,0.03189565727864494,0.03082635524285557,0.9372779874784994
28123,37123,Medium,Medium,0.040602868703765484,0.034689812302531035,0.9247073189937035
17896,26896,High,Medium,0.039703725683012225,0.035491069953578126,0.9248052043634097
33160,42160,Medium,Medium,0.03218952454140412,0.03079338633520465,0.9370170891233913
1265,10265,Low,Low,0.031236252378215673,0.9319135895644015,0.03685015805738274
33612,42612,High,High,0.9329956621460833,0.0344117793643357,0.0325925584895809
33813,42813,High,Low,0.041660627467004795,0.776964851720597,0.18137452081239827
14794,23794,Low,Low,0.02853681911741492,0.9387747450672954,0.03268843581528969
33534,42534,Low,Low,0.03859782177639661,0.920161064845905,0.04124111337769835
39805,48805,Medium,Medium,0.03901601726554124,0.052842437100399396,0.9081415456340594
3893,12893,High,High,0.9339939957015045,0.03119762645794442,0.03480837784055105
6086,15086,Low,Low,0.028990968756116564,0.9389470837650209,0.032061947478862464
38061,47061,Medium,Medium,0.031008249448314682,0.030690889522898803,0.9383008610287865
4224,13224,High,High,0.9299022006217842,0.03073437708581393,0.039363422292401945
11940,20940,Medium,Medium,0.03572643035272583,0.06486917657082754,0.8994043930764466
39741,48741,High,High,0.937244800865407,0.029948631505697074,0.03280656762889603
14284,23284,Low,Low,0.03764173087551068,0.9256588514630772,0.03669941766141203
4801,13801,Low,Medium,0.03359391333553171,0.031299601705314185,0.935106484959154
29965,38965,High,High,0.9247873400983799,0.03309934580408509,0.04211331409753505
17597,26597,Medium,Medium,0.03302753511386062,0.0320499545715412,0.9349225103145983
29556,38556,Medium,Medium,0.035533059762509984,0.03864954754108432,0.9258173926964058
17924,26924,Medium,Medium,0.030856357124110296,0.03110777376611092,0.9380358691097789
760,9760,Low,Low,0.02928359213898689,0.9392094911626003,0.031506916698412865
39819,48819,High,High,0.9317196532308661,0.02975097118594829,0.03852937558318561
28138,37138,Medium,Medium,0.03161105031285625,0.16547561643608796,0.8029133332510557
3998,12998,Medium,Medium,0.031004236372633148,0.03143190735994853,0.9375638562674183
12649,21649,Medium,Low,0.03449068381048733,0.9314989659684589,0.03401035022105378
30494,39494,High,Low,0.040710451423377564,0.9144340161656269,0.04485553241099558
10040,19040,High,High,0.938539029351071,0.029437165357126,0.03202380529180304
8190,17190,Medium,Medium,0.03113065093700554,0.0304856765538367,0.9383836725091578
15970,24970,High,Medium,0.03412915246109919,0.03382879758966808,0.9320420499492328
39764,48764,Low,High,0.9164795073497412,0.0344886262837829,0.04903186636647602
28314,37314,Medium,Medium,0.04477538704742279,0.034168515036445614,0.9210560979161316
4452,13452,High,High,0.9309544801690132,0.03173718509770857,0.03730833473327832
19366,28366,Low,High,0.9260870431811296,0.036681495385663114,0.03723146143320727
31544,40544,Medium,Medium,0.02989341828610102,0.03328390341610748,0.9368226782977914
13506,22506,Low,Low,0.03473847040445448,0.9288523722385832,0.036409157356962416
11065,20065,High,High,0.9229361829307344,0.03829072652911213,0.038773090540153515
36712,45712,Low,Low,0.037901981191363086,0.926895678712263,0.035202340096374095
12417,21417,Medium,Medium,0.03527990444762267,0.039462555093597945,0.9252575404587794
23867,32867,Medium,Medium,0.03484117564271769,0.029895521703062203,0.9352633026542202
38415,47415,Low,Low,0.03519400929148569,0.9027920748143824,0.06201391589413191
24274,33274,High,High,0.9382474580091008,0.029315610290988923,0.03243693169991019
14478,23478,Medium,Medium,0.049207126170220106,0.03754277279755218,0.9132501010322277
26911,35911,Medium,Medium,0.03202549883521644,0.03559957251022416,0.9323749286545594
24055,33055,Low,Low,0.03154182863151278,0.9341614333561473,0.03429673801233996
27634,36634,Medium,Medium,0.03203865461659729,0.029069472249067585,0.9388918731343351
30869,39869,Medium,Medium,0.03392763465762114,0.03792111878826689,0.928151246554112
2086,11086,High,High,0.9234507387965619,0.03712411704912658,0.0394251441543115
22517,31517,Medium,Medium,0.03005417891853426,0.02984966690666888,0.940096154174797
36385,45385,High,High,0.9353211689595842,0.029341930773911118,0.03533690026650472
33083,42083,Low,Low,0.043938101082277026,0.8929354424605326,0.06312645645719055
2394,11394,Medium,Medium,0.0342117859813828,0.030325762146002466,0.9354624518726147
16500,25500,Medium,Medium,0.029923177112842893,0.03364380404551979,0.9364330188416373
1835,10835,Medium,Medium,0.03348092320375294,0.03108681441212638,0.9354322623841206
7576,16576,Medium,Medium,0.04107904518082003,0.037009468610175365,0.9219114862090046
38074,47074,Medium,Medium,0.03112839243832308,0.029768013876848992,0.9391035936848279
21682,30682,High,High,0.9400896395643482,0.02849950381409795,0.03141085662155376
32000,41000,High,High,0.9370913801046686,0.028885727480542075,0.03402289241478929
29833,38833,High,High,0.9319904630171063,0.03190478919380865,0.036104747789085116
19681,28681,Low,Low,0.0303290562700846,0.9334104999872593,0.03626044374265605
25271,34271,High,Low,0.03246827524406997,0.9057458498600385,0.06178587489589163
21587,30587,High,High,0.9359957727502682,0.029552726517323713,0.034451500732408075
27743,36743,Medium,Medium,0.03334666095625913,0.03374672671728197,0.9329066123264589
18688,27688,Medium,Medium,0.030569413209523416,0.03251958703079272,0.936910999759684
16136,25136,Medium,Medium,0.032750125273512364,0.036033161851529195,0.9312167128749583
18918,27918,Medium,Medium,0.03615498891438824,0.04712461102724922,0.9167204000583625
31783,40783,Medium,Medium,0.03469485896244439,0.0341703621276739,0.9311347789098816
38676,47676,High,High,0.9386763803866001,0.028719550106230396,0.032604069507169466
37616,46616,High,High,0.9307811360869942,0.029972415751183354,0.039246448161822406
31817,40817,Medium,Medium,0.030792829100334387,0.02912070047065395,0.9400864704290116
33782,42782,High,High,0.9350635867767426,0.03136857460105474,0.03356783862220269
22173,31173,High,High,0.921316584042291,0.0445656544862248,0.03411776147148427
23940,32940,Low,Low,0.032944634020517526,0.9314152956473749,0.03564007033210759
3563,12563,Low,Low,0.0294505184247017,0.9380873952057805,0.03246208636951766
34832,43832,Medium,Medium,0.04217619254724029,0.03916934029759823,0.9186544671551614
18847,27847,Low,Medium,0.06811560608041635,0.4022901529182288,0.5295942410013549
27911,36911,Medium,Medium,0.03367554039173914,0.0351096487284445,0.9312148108798164
18182,27182,Medium,Medium,0.031704100268498014,0.03332243587453061,0.9349734638569713
7891,16891,Medium,Medium,0.03784410600558928,0.0326916056930797,0.929464288301331
38276,47276,High,Medium,0.03649466592542095,0.033468376846779245,0.9300369572277999
28155,37155,Medium,Medium,0.03853134663613186,0.03513620864469021,0.926332444719178
18698,27698,High,High,0.9161808780226167,0.030262390158210254,0.05355673181917295
29313,38313,Medium,Medium,0.030269290244681668,0.034042022695215425,0.9356886870601029
34885,43885,Medium,Medium,0.1031155326705387,0.03059955622633266,0.8662849111031287
27218,36218,Medium,Medium,0.03241775649575553,0.03231929912570824,0.9352629443785362
6365,15365,Medium,Medium,0.03350523264526778,0.03091743151612322,0.9355773358386091
12392,21392,Low,Low,0.03995342531517685,0.9220975870235137,0.03794898766130934
31109,40109,Medium,Medium,0.03342588342004022,0.15316412952295766,0.8134099870570021
23580,32580,Low,Low,0.03882372019073077,0.9274745117403446,0.03370176806892465
19117,28117,Medium,Medium,0.03553054044978982,0.03427976041669176,0.9301896991335182
7685,16685,High,High,0.9262847017708532,0.04116601714000564,0.03254928108914119
26429,35429,Medium,Medium,0.0313839273621774,0.029544605929622037,0.9390714667082006
26140,35140,Medium,Medium,0.03196819395952313,0.03442179587981903,0.9336100101606578
28538,37538,Low,Low,0.030804163211526944,0.926744760250211,0.04245107653826204
24498,33498,Medium,Medium,0.04231742442630313,0.03647527490210941,0.9212073006715875
18591,27591,Medium,Medium,0.034229298787515204,0.033086748594897325,0.9326839526175874
37894,46894,Medium,Medium,0.03071290134805907,0.03090031339927098,0.9383867852526698
18109,27109,Medium,High,0.6506729100886179,0.05294828934978579,0.2963788005615962
29551,38551,Medium,Medium,0.030040000519333004,0.028847514901675697,0.9411124845789912
24684,33684,Medium,Medium,0.029052943136450456,0.028900472971243162,0.9420465838923064
15718,24718,High,High,0.9394328802280606,0.028911452801216663,0.03165566697072277
24882,33882,Medium,Medium,0.03654311111647284,0.03244568673866952,0.9310112021448577
30110,39110,Medium,Medium,0.033624875924685715,0.05104076326442824,0.9153343608108861
11110,20110,Medium,Medium,0.0357196177573969,0.036994111804445846,0.9272862704381573
30036,39036,Medium,Medium,0.03196040265088658,0.034526496380487,0.9335131009686264
30897,39897,Medium,Medium,0.033505109557502265,0.03455605834728564,0.9319388320952121
23871,32871,Low,Low,0.04062384528572808,0.9097169476994739,0.04965920701479806
11615,20615,High,High,0.9361947900947305,0.03099357033500273,0.03281163957026691
17177,26177,Medium,Medium,0.04453836700010919,0.040576404657418776,0.914885228342472
9756,18756,Medium,Medium,0.030731882971147595,0.03201607958903935,0.937252037439813
39208,48208,Medium,Medium,0.03526396641753832,0.032100662146736895,0.9326353714357248
7967,16967,High,High,0.8982036574024935,0.03469346957592303,0.06710287302158328
5684,14684,Medium,Medium,0.029188521828620195,0.029791685725748626,0.9410197924456312
15453,24453,Low,Medium,0.041548795980628106,0.03698312821940938,0.9214680757999624
26081,35081,Medium,Medium,0.04145293759417953,0.05682602092208656,0.901721041483734
4512,13512,High,High,0.9351480761547416,0.031318248397476385,0.033533675447781935
8373,17373,High,High,0.9299651383661379,0.034651192073282384,0.0353836695605797
37654,46654,Medium,Medium,0.032828631686177216,0.04169580313605748,0.9254755651777652
17757,26757,Low,Low,0.032607278243999296,0.934703147085115,0.03268957467088562
34721,43721,Low,Low,0.03274568101581273,0.9325447988342234,0.03470952014996381
15289,24289,Medium,Medium,0.035779138304747944,0.043720561115220095,0.920500300580032
19273,28273,Medium,Medium,0.03819319658663384,0.033528155159363277,0.928278648254003
10164,19164,Medium,Medium,0.03587539166109133,0.03590990268424512,0.9282147056546636
18452,27452,High,High,0.895324053876659,0.030648369826126898,0.07402757629721408
28648,37648,Low,Low,0.031813716838620366,0.9259385610170653,0.04224772214431436
38535,47535,Medium,Medium,0.03205424398856462,0.03572674792622307,0.9322190080852124
10870,19870,Medium,Medium,0.029436911522467607,0.030667947609757547,0.9398951408677748
15929,24929,Low,Low,0.03540640766480426,0.8937478935127613,0.07084569882243441
38696,47696,Medium,Medium,0.04047388877348409,0.03456869522339678,0.9249574160031191
2117,11117,Low,Low,0.03224114343557036,0.9355251903201819,0.032233666244247755
29438,38438,Medium,Medium,0.030757739902410066,0.030395796507811632,0.9388464635897783
21100,30100,Medium,Medium,0.03138371156747365,0.03467086907326105,0.9339454193592652
8571,17571,High,High,0.5634762308923015,0.039786526856457595,0.3967372422512409
22335,31335,Low,Low,0.028839437541390494,0.9405473123989921,0.030613250059617222
1950,10950,High,High,0.9346876336160467,0.03106738926366365,0.03424497712028946
34474,43474,Medium,Low,0.05051987849834964,0.7798598388261198,0.16962028267553064
2650,11650,Low,Low,0.02954419008771855,0.9378421333484391,0.03261367656384228
30092,39092,Medium,Medium,0.03260456794516241,0.0342716737645009,0.9331237582903368
3600,12600,Low,Low,0.03306322629615319,0.8646008491258247,0.10233592457802208
14862,23862,Medium,Medium,0.030087482302369656,0.032209955946383144,0.9377025617512471
13456,22456,High,High,0.9357138626319488,0.03138705722044287,0.03289908014760851
31220,40220,Medium,Medium,0.03834036349409487,0.030980413384517857,0.9306792231213873
9214,18214,Low,Low,0.03779708017293678,0.8631793072028248,0.09902361262423842
31967,40967,Medium,Medium,0.03257344063657084,0.03451823793491482,0.9329083214285144
22769,31769,Medium,Medium,0.031190919841298934,0.032821454144656446,0.9359876260140446
35319,44319,Low,Low,0.031615695929852076,0.8877493113250573,0.08063499274509058
1945,10945,Low,High,0.9280061069826532,0.036172618824468254,0.03582127419287855
186,9186,High,High,0.9285808563347491,0.03511720633807879,0.03630193732717215
27328,36328,High,Medium,0.03300471928866353,0.033310986507361924,0.9336842942039746
7406,16406,High,High,0.9166750687927726,0.04647222943280677,0.03685270177442059
24495,33495,High,High,0.8871165414821166,0.03755318785319554,0.07533027066468782
28276,37276,Medium,Medium,0.04499448991772201,0.042630500596440836,0.9123750094858373
13640,22640,Medium,Medium,0.03408122133802451,0.039179978138017636,0.9267388005239577
15379,24379,High,High,0.9368873262359153,0.030787099369559607,0.03232557439452508
1391,10391,Medium,Medium,0.031376965640773725,0.02974494013844862,0.9388780942207777
23250,32250,Low,Low,0.034716339213138214,0.898845086099478,0.06643857468738373
12075,21075,Medium,Medium,0.030985737656587378,0.030146453793881516,0.9388678085495311
30530,39530,Medium,Medium,0.032719995951688376,0.03036681687505362,0.936913187173258
37583,46583,Low,High,0.9384084627666961,0.02941940006333689,0.032172137169966857
31913,40913,Low,Low,0.031903215057393686,0.9190344401507066,0.0490623447918996
12745,21745,Medium,Medium,0.050246953350721935,0.051259550154075906,0.8984934964952022
24375,33375,Medium,Medium,0.03351428346969828,0.03172354256001779,0.9347621739702839
27267,36267,Medium,Medium,0.03681483772842628,0.07447963999793789,0.8887055222736359
15657,24657,Medium,Medium,0.03347391393155207,0.031624348864059716,0.9349017372043882
28673,37673,High,High,0.9354795224402693,0.030425955435070234,0.03409452212466054
6389,15389,Low,Low,0.030939913876739177,0.9337385410832709,0.03532154503998997
2496,11496,Medium,Medium,0.06962542110490193,0.03546715879757796,0.8949074200975199
27622,36622,Medium,Medium,0.038053243298945834,0.16614591077827004,0.7958008459227841
28026,37026,Low,Low,0.034855236340641374,0.6301847371799287,0.3349600264794299
32024,41024,Low,Low,0.029950334335349507,0.9292805096009404,0.040769156063709934
5149,14149,Medium,Medium,0.030532456670060566,0.029953397804832544,0.9395141455251069
22381,31381,Low,Low,0.029254360508025795,0.9194978077017959,0.05124783179017826
21871,30871,Medium,Medium,0.031847988494987524,0.031495498433051,0.9366565130719615
32777,41777,Medium,Medium,0.044682712644843775,0.0959011671600183,0.8594161201951379
37451,46451,Medium,Low,0.03032616454009195,0.9376346587663146,0.032039176693593435
10757,19757,Medium,Medium,0.033286274827049746,0.033330080684010055,0.9333836444889402
3101,12101,Medium,Medium,0.032568794743122555,0.043024767285762565,0.9244064379711149
29353,38353,Medium,Medium,0.037671740147730705,0.03376762370882578,0.9285606361434434
29741,38741,Medium,Medium,0.039841387055989226,0.1610874314332901,0.7990711815107207
16061,25061,High,High,0.8791058974688012,0.03702356699686754,0.0838705355343312
23802,32802,Low,High,0.9350036550815369,0.030253697768606477,0.03474264714985653
1079,10079,High,High,0.938203806375923,0.029802695084747283,0.031993498539329764
27628,36628,High,High,0.933606800177738,0.031655183340925826,0.034738016481336204
25262,34262,High,High,0.9388808069964657,0.028647580988830256,0.0324716120147042
35963,44963,Medium,Medium,0.038733204970014666,0.03597992842299732,0.9252868666069881
32932,41932,Medium,Medium,0.03369661852475082,0.03365273244214353,0.9326506490331057
30180,39180,High,Medium,0.2989621258646413,0.06309904245392067,0.637938831681438
37706,46706,High,High,0.928221835019965,0.034583103059011,0.0371950619210239
35058,44058,Low,Low,0.03449116652206046,0.9032928018714353,0.06221603160650424
5400,14400,High,High,0.9322199339862997,0.03228193721714175,0.03549812879655869
38373,47373,Medium,Medium,0.06288622695053016,0.03668040418401857,0.9004333688654512
1278,10278,Medium,High,0.9325092492904568,0.031536281737792056,0.035954468971751134
19365,28365,Low,Medium,0.03036880148666571,0.030180282412383005,0.9394509161009511
19088,28088,Low,Low,0.039985495490555384,0.927534147917011,0.0324803565924336
35229,44229,Medium,Medium,0.2505515070448486,0.03970072705316131,0.7097477659019901
18691,27691,High,High,0.9380489326262963,0.029737828612031784,0.03221323876167199
16365,25365,Low,Low,0.029790996123071595,0.9369320239743564,0.033276979902571883
205,9205,High,High,0.9277961451999945,0.033741771150326255,0.038462083649679256
21390,30390,High,High,0.9369922267417312,0.03160530561369255,0.03140246764457627
25846,34846,Low,Low,0.031738967697760974,0.9352479105889921,0.033013121713246864
10471,19471,Medium,Medium,0.03435495524523897,0.03154317355978184,0.9341018711949792
34129,43129,High,High,0.9296876491749612,0.03367342894523018,0.03663892187980859
4216,13216,High,Low,0.041274596342999965,0.9243164038453194,0.03440899981168057
10216,19216,High,High,0.926727267724042,0.03494488025211837,0.03832785202383965
19537,28537,Medium,Medium,0.03133350242421148,0.03138909667300221,0.9372774009027863
38483,47483,Low,Low,0.030690444635990393,0.9356940540243283,0.03361550133968148
5226,14226,Medium,Medium,0.030538551223565583,0.0292605516737658,0.9402008971026686
10107,19107,Low,Low,0.030416926618567194,0.9365279009665031,0.03305517241492982
32859,41859,Medium,Medium,0.03752587391612166,0.03322747885361696,0.9292466472302614
3368,12368,High,High,0.9285605822902837,0.03148135309725974,0.039958064612456407
11601,20601,Low,Low,0.030010274754746113,0.9369182516879352,0.03307147355731876
17358,26358,Medium,Medium,0.03422903071196676,0.049123347580104254,0.9166476217079289
39189,48189,Medium,Medium,0.033041671350448394,0.0359632165693395,0.930995112080212
25471,34471,Medium,Medium,0.03456274601288966,0.030633298860112027,0.9348039551269983
6947,15947,Medium,Medium,0.03796155076941347,0.03888023934294508,0.9231582098876414
20570,29570,Medium,Medium,0.04216646675731065,0.037477049451618845,0.9203564837910704
28424,37424,Medium,Medium,0.029881345666559294,0.028813910083579145,0.9413047442498615
11159,20159,Low,Low,0.03264845469900474,0.9276719700733329,0.0396795752276622
24581,33581,High,High,0.9335845496766396,0.031698442892195436,0.03471700743116506
37968,46968,Low,Low,0.032893317046496125,0.9300519001069941,0.03705478284650974
11991,20991,Medium,Medium,0.03551547931517434,0.0391272635344934,0.9253572571503322
7248,16248,High,High,0.939147410619919,0.028801681276061447,0.032050908104019456
12327,21327,High,High,0.9326611317487311,0.032060249126421914,0.035278619124846824
31007,40007,High,High,0.9377811248467004,0.029364160134611548,0.032854715018688044
26757,35757,Low,Low,0.030840291937212976,0.93576069683579,0.03339901122699706
2708,11708,High,High,0.918179879082115,0.042378598067582256,0.03944152285030272
1429,10429,Medium,Medium,0.03524081316876305,0.03178403174411317,0.9329751550871238
18156,27156,Medium,Medium,0.030940702314787395,0.032717800796888304,0.9363414968883242
8119,17119,High,High,0.9387160296054055,0.02984369079172743,0.03144027960286727
32376,41376,Medium,High,0.7966679862364673,0.035021996210858185,0.1683100175526745
15100,24100,Low,Low,0.030477336808091227,0.9329686727415268,0.03655399045038194
10670,19670,Low,Low,0.05477443889906502,0.9018919856487919,0.04333357545214304
1863,10863,Medium,Medium,0.03470617456996251,0.03575111913954872,0.9295427062904889
29630,38630,Low,Low,0.03603602029043502,0.9320363048358078,0.031927674873757285
20039,29039,Low,Low,0.030208329237839306,0.9311036868070248,0.038687983955135924
29084,38084,High,High,0.9334049978252302,0.029117008337351452,0.03747799383741827
29034,38034,Medium,Medium,0.03196509053831401,0.03063131577990259,0.9374035936817834
18756,27756,Medium,Medium,0.03189663700777842,0.03217783344777748,0.9359255295444441
35888,44888,Medium,Medium,0.03655239127218803,0.057995418617892376,0.9054521901099196
19934,28934,Low,Low,0.035137884626556065,0.9314902282787689,0.033371887094674944
37072,46072,High,High,0.9307005855396017,0.029561898697568586,0.039737515762829766
36627,45627,Low,Low,0.032278613449038984,0.9331030601350708,0.03461832641589004
6564,15564,Medium,Medium,0.031817659891861444,0.031215528575964074,0.9369668115321744
33708,42708,Low,Medium,0.03235447935170319,0.15145841393530907,0.8161871067129877
24300,33300,Low,Low,0.03352585098647204,0.930932080670941,0.035542068342586906
35290,44290,Low,Low,0.03134342255407191,0.9141316400229526,0.05452493742297563
14221,23221,High,High,0.9309643804135647,0.031045042710466337,0.037990576875968914
2920,11920,Low,Low,0.030781106003597295,0.934004500793983,0.03521439320241967
16027,25027,Medium,Medium,0.03724367524649775,0.04019241113949037,0.9225639136140119
3957,12957,High,High,0.9396432434954584,0.02844091917002303,0.03191583733451848
38536,47536,Low,Low,0.0475960592120662,0.9088506887775152,0.043553252010418674
6956,15956,Medium,High,0.901867799983845,0.04263225076314799,0.05549994925300688
11078,20078,Medium,Medium,0.09614839101253592,0.04970846530679191,0.854143143680672
16667,25667,Medium,Medium,0.0337278889914119,0.03327036755622378,0.9330017434523644
35345,44345,High,High,0.9263284435491737,0.03468963239701481,0.0389819240538116
8946,17946,Low,Low,0.029607867324030045,0.9292424628650394,0.04114966981093048
9804,18804,High,High,0.9367603981752389,0.030558951557590048,0.032680650267170964
30860,39860,Low,Low,0.03379082785487049,0.9243102743843488,0.04189889776078079
11781,20781,Medium,Medium,0.03227546674616025,0.03260849447894534,0.9351160387748944
11374,20374,Low,Low,0.03093685665826106,0.9303926851054779,0.038670458236261085
7260,16260,Medium,Medium,0.03150015975833389,0.029988220156067752,0.9385116200855984
7524,16524,High,High,0.9383831146554051,0.029065169100031863,0.0325517162445629
24219,33219,High,High,0.8770548061494597,0.035201391208807636,0.08774380264173266
25191,34191,Medium,High,0.524091179572944,0.040335790771667386,0.4355730296553885
4393,13393,Medium,High,0.9277384988257064,0.03559502603881189,0.036666475135481685
39932,48932,Low,High,0.9342105179423306,0.030334960874191044,0.03545452118347824
17750,26750,High,High,0.9194238770242594,0.03356673084439018,0.04700939213135036
32427,41427,Medium,Medium,0.03383576694958817,0.03634816048099224,0.9298160725694196
36879,45879,Medium,Medium,0.04064831741608891,0.0400881224567327,0.9192635601271784
28605,37605,Medium,Medium,0.03206875218180402,0.029158593359379384,0.9387726544588165
16477,25477,Low,Low,0.03302717305361919,0.9352309955379443,0.031741831408436574
27870,36870,High,Low,0.03233162514503501,0.9349356172167309,0.03273275763823409
6537,15537,Medium,Medium,0.03244402888062567,0.1365422647964273,0.8310137063229469
31252,40252,Low,Low,0.03138487455562258,0.93693024188461,0.03168488355976725
29037,38037,High,High,0.9315391812035546,0.029497351910775977,0.038963466885669464
15126,24126,High,High,0.9339985801102672,0.03087742607417297,0.03512399381555989
33202,42202,High,High,0.9247581702553639,0.041105831516778955,0.03413599822785718
31133,40133,Medium,Medium,0.03142327849234461,0.03109838013128542,0.93747834137637
39588,48588,Low,Low,0.033399423879856414,0.925126381317091,0.04147419480305254
28904,37904,Medium,Medium,0.032939904937544055,0.03579732665490764,0.9312627684075484
18789,27789,Medium,Medium,0.03357860494131009,0.030766596285229528,0.9356547987734604
14093,23093,Medium,Medium,0.031637333712639305,0.030934842922092465,0.9374278233652683
1642,10642,Low,Low,0.029111723379541845,0.9389050034700172,0.03198327315044105
30524,39524,High,High,0.938158189043083,0.030127238518717573,0.0317145724381992
38724,47724,Low,High,0.937067689951452,0.03036519173654023,0.032567118312007794
19880,28880,High,High,0.9351656723082368,0.031218506803629104,0.033615820888134085
21761,30761,Low,Low,0.035496473746131685,0.9327901722004852,0.03171335405338312
28220,37220,Medium,Medium,0.03035366208066063,0.0312355588223678,0.9384107790969716
14363,23363,High,High,0.9372076840407124,0.029868622585093572,0.03292369337419407
629,9629,High,High,0.9360860933411432,0.029103775941889686,0.03481013071696703
34052,43052,Medium,Medium,0.03873417464131485,0.032103616319640794,0.9291622090390445
16253,25253,High,High,0.937283989151625,0.029029637047571236,0.033686373800803714
35198,44198,Low,Low,0.030175978503409955,0.9362896578613501,0.0335343636352399
4517,13517,Medium,Medium,0.030625507188620088,0.03093841863903798,0.9384360741723419
9997,18997,Medium,Medium,0.03909841943170234,0.04795530654108878,0.9129462740272088
28976,37976,Medium,Medium,0.028483023216000936,0.028070690087188502,0.9434462866968105
4689,13689,Medium,Medium,0.03134780787396354,0.047359988141331806,0.9212922039847046
26458,35458,Medium,Medium,0.030200005054524717,0.031539157845663864,0.9382608370998113
21765,30765,Medium,Medium,0.031207933534316695,0.03430209287296601,0.9344899735927173
38755,47755,High,High,0.9314216555042343,0.030942502051268944,0.0376358424444968
36261,45261,Medium,Medium,0.02999702761067936,0.02888867321820665,0.9411142991711139
25038,34038,Medium,Medium,0.036732900547023,0.03642342608089071,0.9268436733720863
3981,12981,Medium,Medium,0.03238451377526326,0.030608067507264997,0.9370074187174717
21166,30166,Medium,Medium,0.032546912122675124,0.03158399161974124,0.9358690962575835
27477,36477,Medium,Medium,0.03655950953143989,0.0316209346716846,0.9318195557968755
13840,22840,Medium,Medium,0.032910286764968176,0.030477849730585344,0.9366118635044464
4391,13391,Medium,Medium,0.031144499261655537,0.030942379186009047,0.9379131215523354
9574,18574,High,High,0.9328607757077368,0.031932483249452276,0.03520674104281083
8097,17097,High,High,0.9358281107822602,0.031158385688921843,0.03301350352881798
2129,11129,Low,Low,0.04219201165098427,0.8105792772439192,0.1472287111050965
29989,38989,Medium,Medium,0.03707338354242576,0.03653200327334045,0.9263946131842337
30753,39753,Medium,High,0.9360212081811343,0.029820219912442148,0.034158571906423546
23781,32781,Low,Low,0.03064920799729004,0.936100304473734,0.033250487528975824
19265,28265,Medium,Medium,0.03329856385814269,0.029705134178856115,0.9369963019630011
37784,46784,Medium,Medium,0.03682306278491826,0.03142495099384661,0.9317519862212352
17440,26440,Medium,Medium,0.03634360791784481,0.03096980129509686,0.9326865907870584
37742,46742,Low,Low,0.038961982339952655,0.9098190697541749,0.05121894790587241
2840,11840,Low,Medium,0.03462685814842542,0.03306083223883125,0.9323123096127434
31478,40478,Medium,Medium,0.031501266604791876,0.02942715366783691,0.9390715797273711
12619,21619,High,Medium,0.0313197171762219,0.02869606773028932,0.9399842150934887
17028,26028,High,High,0.9242727974478183,0.03178357941770099,0.043943623134480636
17243,26243,Medium,Medium,0.030350682843650667,0.03407906899806786,0.9355702481582816
353,9353,Medium,Medium,0.03405666716251508,0.035126307723697237,0.9308170251137877
37046,46046,High,High,0.9304120876052204,0.033407822409884096,0.036180089984895435
28702,37702,Low,Low,0.03574061595098587,0.9307478822555192,0.03351150179349505
19715,28715,Low,Medium,0.03223072141609496,0.04031261561702499,0.92745666296688
5687,14687,Medium,Medium,0.031894764151945816,0.03658014134205275,0.9315250945060014
777,9777,High,High,0.9374573100235053,0.030199493196465702,0.03234319678002897
32535,41535,Medium,Medium,0.029259881698160285,0.02985014424391987,0.9408899740579199
3045,12045,Medium,Medium,0.032112099109403686,0.031592399609816746,0.9362955012807795
25397,34397,Medium,Medium,0.03319341081749246,0.029745061492750736,0.9370615276897568
15096,24096,Medium,Medium,0.02947043123266922,0.03130042395053906,0.9392291448167919
12354,21354,High,High,0.9409378900389288,0.028326429516761717,0.030735680444309407
25170,34170,Medium,Medium,0.032628408155642004,0.03570811785137178,0.9316634739929862
12208,21208,Medium,Medium,0.03690075487106339,0.03670751699653473,0.9263917281324018
39606,48606,Medium,Medium,0.031203002589528808,0.02944494266944624,0.9393520547410249
10768,19768,Medium,Medium,0.034628572312675764,0.037160718373866884,0.9282107093134573
15751,24751,Medium,Medium,0.03126853635207449,0.03565165660094805,0.9330798070469775
9,9009,High,Medium,0.17500206550204603,0.05718680291712742,0.7678111315808266
20433,29433,Medium,Medium,0.030503605542739426,0.03235544998098213,0.9371409444762785
11954,20954,Medium,Medium,0.03180751362553207,0.034133343453030394,0.9340591429214377
25184,34184,Medium,Medium,0.03281774273810544,0.0330465798880172,0.9341356773738774
19851,28851,High,Low,0.030473246219154666,0.9343005191514576,0.035226234629387725
8669,17669,Low,Low,0.03474723990327519,0.932856064527665,0.032396695569059844
28719,37719,Medium,Medium,0.0304408600536826,0.0294592080696903,0.9400999318766271
20855,29855,Medium,Medium,0.031606529703857855,0.03239333826946513,0.9360001320266771
17665,26665,High,High,0.9373304801208099,0.02933650891434804,0.03333301096484204
6776,15776,Medium,Medium,0.04286250259072863,0.03195196506473989,0.9251855323445314
39050,48050,High,High,0.798092579396474,0.03472986294685552,0.1671775576566704
2035,11035,High,High,0.9347839022734244,0.03129958134236016,0.0339165163842154
37852,46852,Medium,Medium,0.05628575339424476,0.2305984464653644,0.7131158001403909
13849,22849,Medium,Medium,0.030636383036313868,0.03590912348766421,0.9334544934760219
26224,35224,High,High,0.9347718105310006,0.029953392031697612,0.035274797437301886
28687,37687,Low,Low,0.029312961613586666,0.9357634164665045,0.034923621919908776
37646,46646,High,High,0.9324793914420199,0.033557110276459946,0.03396349828152013
33958,42958,Low,Low,0.029914585173624633,0.9380093992513512,0.03207601557502406
14190,23190,Medium,Medium,0.031623552510175346,0.030853156725870027,0.9375232907639547
18876,27876,Low,Low,0.031033119587507787,0.9364657021185776,0.032501178293914475
22375,31375,High,High,0.923780249969898,0.030955190913338804,0.045264559116763005
2282,11282,Low,Low,0.030339742509527284,0.9378783920711263,0.03178186541934635
23338,32338,Low,Low,0.03571852889684905,0.9246148963826496,0.03966657472050139
7638,16638,Medium,Medium,0.03301830366704197,0.031067656074073514,0.9359140402588845
19614,28614,Low,Low,0.0302666236583302,0.9306013478806247,0.03913202846104503
18377,27377,Medium,Medium,0.03294426314576277,0.028817737100474517,0.9382379997537628
18628,27628,Medium,Medium,0.0328385648600186,0.03184574647830933,0.9353156886616721
5581,14581,Medium,Medium,0.03183310654005755,0.03762467890740317,0.9305422145525393
10919,19919,Medium,Medium,0.03212105490794887,0.03177058113089706,0.9361083639611542
1530,10530,Medium,Medium,0.033147617540767914,0.03362890523155119,0.9332234772276808
16110,25110,High,High,0.9354174886062329,0.032362559429584735,0.0322199519641824
34629,43629,High,High,0.9368393243801322,0.029964796880171674,0.03319587873969622
39420,48420,Medium,Medium,0.03977131134118445,0.0353973645394162,0.9248313241193994
25096,34096,Low,Medium,0.047987110033530296,0.45879692687141804,0.49321596309505167
20307,29307,Medium,Medium,0.037438636574202634,0.03053524160067293,0.9320261218251243
14909,23909,Low,Low,0.04070010733764462,0.917273033237211,0.042026859425144454
7299,16299,High,High,0.9344535753898168,0.031069833240689,0.03447659136949419
24542,33542,High,High,0.9357109702620906,0.031133555485344227,0.03315547425256512
24584,33584,Low,Low,0.034090985398031314,0.931359573212458,0.034549441389510716
32343,41343,Low,Low,0.031469161727573386,0.9277198146967754,0.040811023575651195
28095,37095,High,High,0.9317391480684156,0.033969034597779675,0.03429181733380476
1299,10299,High,High,0.9371668898383967,0.029479950044049113,0.033353160117554195
14691,23691,Medium,Medium,0.03205497822730679,0.031369056639330095,0.936575965133363
6458,15458,Medium,Medium,0.03085750645749666,0.031258775678594995,0.9378837178639085
23467,32467,Medium,Medium,0.030213958141166158,0.03182483714517744,0.9379612047136564
6231,15231,Medium,Medium,0.030901256625239817,0.04510313545243436,0.9239956079223258
8298,17298,High,Medium,0.03263096454293566,0.033122521066483696,0.9342465143905807
4474,13474,Low,Low,0.03497800586541939,0.9308526481129151,0.03416934602166547
18983,27983,Low,Low,0.03048582846208418,0.9282983805031454,0.04121579103477035
26059,35059,Medium,Medium,0.03850855667136601,0.0290627328847876,0.9324287104438463
39747,48747,Medium,Medium,0.03222230333742974,0.03849535010942777,0.9292823465531425
14343,23343,High,High,0.9331575340380841,0.032225385423365414,0.03461708053855054
17850,26850,Medium,Medium,0.032662660048170776,0.03243749139167865,0.9348998485601504
29626,38626,Medium,High,0.935527498955738,0.02878309069760367,0.0356894103466583
6466,15466,High,High,0.9299123273450768,0.033716886553629435,0.03637078610129366
25526,34526,Medium,Medium,0.035063592669218796,0.03128174575420523,0.933654661576576
17291,26291,Medium,Medium,0.03594192212949717,0.10215448068965423,0.8619035971808486
33330,42330,Low,Low,0.03356181588801803,0.762047893650831,0.2043902904611509
15873,24873,Medium,Medium,0.03624089366185362,0.03418304399964017,0.9295760623385063
17800,26800,High,High,0.9287951778395759,0.03528292006747115,0.03592190209295302
27050,36050,Medium,Medium,0.0357827752331786,0.0380371721773397,0.9261800525894817
15613,24613,Medium,Medium,0.03749682594092662,0.03255513898824355,0.9299480350708298
30060,39060,High,High,0.9361741687148774,0.028828543977629618,0.034997287307493165
37915,46915,Medium,Medium,0.03732591880370187,0.03349235025683372,0.9291817309394644
5541,14541,Medium,Medium,0.03910890864775654,0.0366590955222227,0.9242319958300208
31051,40051,High,High,0.9339498649106067,0.03202451362058024,0.03402562146881318
30243,39243,Medium,Medium,0.033572612770961824,0.04080842462365334,0.9256189626053849
25771,34771,High,High,0.931866415969444,0.03547192841092535,0.03266165561963067
25940,34940,Medium,Medium,0.039035358607216054,0.0401180750155892,0.9208465663771949
33211,42211,Medium,Medium,0.0413893220800757,0.037801454505840305,0.9208092234140839
3844,12844,Low,Low,0.031301584924739244,0.935496257781591,0.03320215729366978
1548,10548,High,High,0.9319042229640901,0.033001323117297414,0.0350944539186123
25387,34387,Medium,Medium,0.03288564580733506,0.09493645295030974,0.8721779012423552
19909,28909,Medium,Medium,0.0379197622063679,0.03883470053957865,0.9232455372540534
7958,16958,High,High,0.915926449550728,0.038360361044707726,0.045713189404564224
17615,26615,Low,Medium,0.029318733965214405,0.028806066818185334,0.9418751992166001
38240,47240,Low,Low,0.032366598629895243,0.9143312777476428,0.05330212362246201
9657,18657,High,High,0.9337708057028857,0.030420223573760286,0.035808970723354074
27002,36002,High,High,0.9290415711697891,0.029114843931449367,0.0418435848987615
22734,31734,High,High,0.8216390851169773,0.04861229638137643,0.12974861850164635
23538,32538,Low,Low,0.03188681705055595,0.9318304477617639,0.03628273518768019
31756,40756,High,High,0.9366693431611247,0.029974444288694876,0.03335621255018033
17187,26187,Medium,Low,0.041734667528135684,0.7574162707143205,0.20084906175754383
22081,31081,Medium,Medium,0.03136702301180062,0.030558098418804747,0.9380748785693945
31091,40091,Medium,Medium,0.03134697354621499,0.03509376835161651,0.9335592581021684
34633,43633,Low,Low,0.03364851957509821,0.9310145664278214,0.03533691399708034
6329,15329,High,Low,0.031356854045595885,0.9304810922615218,0.038162053692882406
17158,26158,Medium,Medium,0.037199528147907446,0.035908111980033776,0.9268923598720589
36173,45173,Medium,Medium,0.03436446217538909,0.032883831507963264,0.9327517063166478
15280,24280,Medium,High,0.5762131065144357,0.03782365505229479,0.38596323843326946
9209,18209,Medium,Medium,0.03802072875094043,0.03658782842634678,0.9253914428227129
33587,42587,High,High,0.9339670580088919,0.030393126268419817,0.035639815722688296
32209,41209,Low,Medium,0.03729106944723159,0.034784068130308175,0.9279248624224602
23417,32417,Medium,Medium,0.03165298476722239,0.03356524137428044,0.934781773858497
9735,18735,Medium,Medium,0.03373413812556789,0.03125238162512764,0.9350134802493045
20804,29804,Medium,Medium,0.03347103565947735,0.03089984267734423,0.9356291216631784
36963,45963,Medium,Medium,0.03767596034115464,0.03451014292536358,0.9278138967334817
1181,10181,Medium,Medium,0.03646803793057251,0.03426123723418842,0.9292707248352391
10928,19928,Low,Low,0.03133017150351627,0.9327022090673256,0.03596761942915816
15515,24515,Low,Low,0.03230456669896153,0.9364092113045478,0.03128622199649068
35764,44764,High,High,0.9229258557248056,0.03640500194429695,0.04066914233089751
18997,27997,Low,Medium,0.03719007400828079,0.03193184887489206,0.9308780771168271
23214,32214,Low,Low,0.029101267720701384,0.9377258572206166,0.033172875058682
21101,30101,Medium,Medium,0.03423706215259557,0.03483393592859831,0.930929001918806
36383,45383,Low,Low,0.029670683658042166,0.9390731410089429,0.0312561753330149
13742,22742,Medium,Medium,0.03305950038667688,0.034474613327635094,0.9324658862856882
32674,41674,Medium,Medium,0.040076478010284654,0.033420271875075146,0.9265032501146403
15877,24877,High,High,0.9330808395584432,0.032807583332133204,0.03411157710942358
19543,28543,Medium,Medium,0.03392376901124158,0.04109541747132777,0.9249808135174306
2517,11517,Low,Low,0.05512715115307756,0.902060874274443,0.042811974572479476
27501,36501,Low,Low,0.03413989086472635,0.9309912544641019,0.03486885467117179
26972,35972,Low,Low,0.03399973008539208,0.9312809537572767,0.03471931615733131
23947,32947,Medium,Medium,0.03248816346799641,0.0346461606103986,0.932865675921605
3701,12701,Low,Low,0.029246057017246026,0.9356288888439073,0.03512505413884673
4334,13334,Low,Low,0.03154684066403715,0.9315605704333945,0.03689258890256844
16646,25646,Medium,Medium,0.03302440018311855,0.03323623894153624,0.9337393608753453
9676,18676,Medium,Medium,0.03357761430397144,0.031511887189904164,0.9349104985061244
11973,20973,Low,Low,0.03411320492766028,0.9031505395877041,0.06273625548463546
1346,10346,Medium,Medium,0.03504241781257599,0.030609059672463523,0.9343485225149605
34838,43838,Medium,Medium,0.03599670521626858,0.03367795024974552,0.9303253445339857
30517,39517,Low,Low,0.034113407422197574,0.9182291093031433,0.04765748327465913
18674,27674,Low,Low,0.031006043624390536,0.9235773655999363,0.04541659077567328
10103,19103,High,High,0.9374231432987746,0.02901031093653918,0.033566545764686075
30457,39457,Medium,Medium,0.03210048038296658,0.03280086271428293,0.9350986569027504
26785,35785,High,High,0.9349070466381298,0.031162127440767767,0.03393082592110235
20727,29727,Low,Low,0.02903916275253611,0.938567149518233,0.0323936877292308
27294,36294,Medium,Medium,0.03775046031487888,0.035986085617600555,0.9262634540675206
23537,32537,Low,Low,0.031177600627662092,0.936203033890362,0.032619365481975915
10550,19550,Medium,Medium,0.031715849890342145,0.03174098434577142,0.9365431657638865
9235,18235,Low,Low,0.028877695089264535,0.9386037381562153,0.03251856675452025
47,9047,Low,Low,0.0450299082539237,0.6482146437010905,0.30675544804498595
36354,45354,High,High,0.9383754141440085,0.02913170563534426,0.032492880220647335
7155,16155,Medium,Medium,0.02977331135128487,0.029057260514755337,0.9411694281339598
22029,31029,Medium,Medium,0.030468471194197978,0.029813704435576568,0.9397178243702254
30794,39794,Low,Low,0.04926041388993075,0.919096331220027,0.031643254890042306
29296,38296,Low,Low,0.0313651408814035,0.8778257449229984,0.09080911419559823
30941,39941,Low,Low,0.033219593202207603,0.9258683969347837,0.040912009863008525
16421,25421,Medium,Medium,0.03434696636329784,0.03989477630867963,0.9257582573280225
16622,25622,Medium,Medium,0.044485597081879526,0.033994866627692515,0.921519536290428
17102,26102,Medium,Medium,0.030469065057214483,0.03061808653268801,0.9389128484100975
256,9256,Medium,Medium,0.031524470455485315,0.0322538520206039,0.9362216775239108
13414,22414,Medium,Medium,0.41980909664005933,0.04668129969297761,0.533509603666963
34534,43534,Medium,Medium,0.031629189203174375,0.030843077431351448,0.937527733365474
24060,33060,Low,Low,0.029007680863458993,0.9393779647063935,0.03161435443014749
2845,11845,Low,Low,0.041420997688471496,0.9261051688285097,0.03247383348301879
28464,37464,High,High,0.9320911907669954,0.03277208545242325,0.03513672378058128
29896,38896,Medium,Medium,0.03158897903758848,0.032930746505946025,0.9354802744564655
32628,41628,Medium,Medium,0.0324221003675629,0.03081883351561471,0.9367590661168222
1041,10041,Low,Low,0.031112408668499195,0.9353284068424573,0.03355918448904343
22437,31437,Medium,Medium,0.04068482452468617,0.03240247542466579,0.926912700050648
22197,31197,High,High,0.9329170314673764,0.03194960298437247,0.03513336554825123
31854,40854,Medium,Medium,0.03946417273712583,0.031942114266774214,0.9285937129961
18681,27681,High,High,0.9331153151634969,0.03055595791664852,0.03632872691985461
22151,31151,Low,Low,0.031816379164153974,0.9326696403159503,0.03551398051989562
35159,44159,Medium,Medium,0.031862346581119465,0.03199549723373304,0.9361421561851474
27982,36982,High,High,0.9303453312643893,0.03130343332435364,0.03835123541125698
9068,18068,Low,Medium,0.03339473445708155,0.030592680608253816,0.9360125849346645
26952,35952,Medium,Medium,0.03373109285057608,0.030616769078064595,0.9356521380713593
33655,42655,High,High,0.9398119422916481,0.028292332522243325,0.03189572518610847
511,9511,Medium,Medium,0.03527456111543656,0.03353266337481015,0.9311927755097534
26428,35428,Medium,Medium,0.0294649154635378,0.030214960856578533,0.9403201236798836
20674,29674,Low,Low,0.03140634542893335,0.936244085097086,0.03234956947398068
10288,19288,Medium,Medium,0.03282388490452814,0.03258336096233245,0.9345927541331395
38518,47518,Medium,Medium,0.029432639134190034,0.02907703888210171,0.9414903219837084
33418,42418,Medium,Medium,0.03171495874803076,0.032354685229232204,0.935930356022737
1206,10206,Low,Low,0.03348664820911449,0.9271277507862639,0.03938560100462151
9129,18129,High,High,0.8921433897739593,0.033361129580117825,0.0744954806459228
8999,17999,Low,Low,0.03440018090643295,0.9064855491529844,0.059114269940582664
29791,38791,Medium,Medium,0.030971253351877975,0.03205810318812815,0.9369706434599938
25807,34807,Medium,Medium,0.032894580993835264,0.03282733513286642,0.9342780838732981
21565,30565,Medium,Medium,0.04048323908817394,0.03410836174150908,0.9254083991703169
16340,25340,High,High,0.9360912707346722,0.03108295583818287,0.032825773427144954
11086,20086,High,High,0.9375578363038327,0.029980995132735697,0.0324611685634317
36717,45717,Low,Low,0.03257490100354951,0.9327355453095745,0.03468955368687603
26237,35237,Medium,Medium,0.035983129705309556,0.03461847340330355,0.9293983968913869
16647,25647,Low,Low,0.0290898998931937,0.9374296533556965,0.03348044675110979
6583,15583,Low,Low,0.03018149512402218,0.9329108871913686,0.036907617684609206
25394,34394,Medium,Medium,0.03667043206858672,0.055572054191985056,0.9077575137394284
14359,23359,Medium,Medium,0.03277678979295149,0.03326751144500045,0.933955698762048
18144,27144,Medium,Medium,0.031240598230112843,0.032052598698590555,0.9367068030712966
1955,10955,High,High,0.9313927990589361,0.03138392721460332,0.03722327372646073
8987,17987,Medium,Medium,0.0350663566434412,0.03215642699481671,0.9327772163617422
22777,31777,Medium,Medium,0.03304209430493011,0.034793458718844865,0.932164446976225
22050,31050,High,High,0.9282803801936129,0.034447078512999434,0.037272541293387654
31698,40698,Medium,Low,0.03690552923438973,0.7204936134649769,0.24260085730063327
28896,37896,Medium,Medium,0.05111713747821895,0.03129240102446646,0.9175904614973146
31297,40297,Medium,Medium,0.030387806136952356,0.029804181225249176,0.9398080126377985
6069,15069,High,High,0.9341895444828913,0.03323665464225334,0.03257380087485528
16972,25972,Medium,Medium,0.04088418023065123,0.029883919552974963,0.9292319002163739
333,9333,Medium,Medium,0.04337465718265073,0.03886444013662533,0.917760902680724
20547,29547,Medium,Medium,0.03566325793126059,0.03346092029053425,0.9308758217782053
23641,32641,Medium,Medium,0.0297263512142569,0.03033684523114295,0.9399368035546001
39434,48434,Medium,Medium,0.03328040369738365,0.03267247880862321,0.9340471174939932
22904,31904,Medium,Medium,0.03377155260328458,0.042284362979720234,0.9239440844169953
8053,17053,High,High,0.9382381527757179,0.030087916540398052,0.031673930683884105
17424,26424,High,High,0.9274405802411573,0.033007771272157475,0.03955164848668528
37185,46185,Medium,Medium,0.03267212990632104,0.03852900990813638,0.9287988601855425
39518,48518,Medium,Medium,0.03175461489270918,0.029834650538636393,0.9384107345686544
23371,32371,Low,Low,0.03243852857395659,0.9168425351681945,0.05071893625784909
6421,15421,High,High,0.9282280662245269,0.03929177102706463,0.03248016274840846
38853,47853,Medium,Medium,0.03001582963142951,0.029313637341289913,0.9406705330272805
2149,11149,Medium,Medium,0.03264670614094858,0.031542438117210164,0.9358108557418413
13818,22818,Medium,Medium,0.033523893757949424,0.03260107658874931,0.9338750296533013
17385,26385,Low,Low,0.03212600152886882,0.9349059830520217,0.0329680154191095
32443,41443,Medium,Medium,0.0348462434439925,0.03314168968720407,0.9320120668688036
5527,14527,High,High,0.9325426156922784,0.033029696209000904,0.03442768809872077
23798,32798,High,High,0.9347057738976491,0.030873444642014098,0.034420781460336815
11177,20177,High,High,0.9347457217193686,0.03368669383724792,0.031567584443383284
8032,17032,High,High,0.9373740445435623,0.028131535882640512,0.034494419573797216
33473,42473,Low,Low,0.06189559936370845,0.8991699199779074,0.038934480658384035
2147,11147,High,High,0.9413839396872534,0.027999815580935377,0.03061624473181121
9870,18870,Medium,Medium,0.03195010395716532,0.03152749124898674,0.936522404793848
37362,46362,Low,Low,0.06427092193507856,0.6647216688489905,0.2710074092159309
14593,23593,Low,Medium,0.03345537507974249,0.03135336537538681,0.9351912595448707
18959,27959,Medium,Medium,0.04191797768173805,0.42587456879797486,0.5322074535202871
9747,18747,Low,Low,0.029033902937484212,0.9398109687212576,0.031155128341258182
11054,20054,High,High,0.9325770585183357,0.030023407334693098,0.03739953414697112
24249,33249,High,High,0.9322230016445202,0.032025240443991444,0.03575175791148844
19735,28735,Medium,Medium,0.03810505526141512,0.047027516975638346,0.9148674277629464
11882,20882,High,High,0.9341188514613638,0.030038433839010833,0.03584271469962556
30104,39104,Medium,Medium,0.040101350405309356,0.034265745562087016,0.9256329040326036
29039,38039,Medium,Medium,0.03332124919146745,0.035823783301091094,0.9308549675074413
33886,42886,Low,Low,0.03156749098403521,0.9241693948407023,0.04426311417526257
25730,34730,Medium,Medium,0.03127139243046843,0.031136782095238385,0.9375918254742931
8039,17039,High,High,0.9360366068385181,0.030262949899341487,0.03370044326214045
9690,18690,Medium,Medium,0.03585468318135821,0.03212474654348755,0.9320205702751543
856,9856,High,High,0.9125448932270631,0.03561554954036918,0.05183955723256769
36272,45272,High,High,0.917627589180154,0.033730490752393365,0.04864192006745271
30711,39711,Medium,Medium,0.03175209030433949,0.031211605084347744,0.9370363046113127
15328,24328,Medium,Medium,0.03286812447292901,0.07255026298945592,0.894581612537615
5807,14807,Low,Low,0.030064983517853097,0.9327264596289826,0.03720855685316441
39885,48885,High,High,0.9350250797630411,0.02893542315021445,0.03603949708674444
7232,16232,Medium,Medium,0.033080901538003554,0.0326490026805809,0.9342700957814155
35738,44738,Medium,Medium,0.03282948926148737,0.032455373412264836,0.9347151373262479
4203,13203,High,High,0.93066920667064,0.03363620434603548,0.035694588983324706
29121,38121,Medium,Medium,0.056413581087087154,0.04274549413128314,0.9008409247816297
27181,36181,Medium,Medium,0.03382958789072699,0.043600200568179544,0.9225702115410934
24996,33996,Medium,Medium,0.08260113502726173,0.03862277847666712,0.8787760864960711
2218,11218,High,High,0.939569005387728,0.028722591833955455,0.031708402778316484
17434,26434,Medium,Medium,0.04983342081118517,0.037568478635975885,0.912598100552839
38616,47616,Medium,Low,0.04601264244371712,0.9035180181209465,0.05046933943533638
10804,19804,High,High,0.9349616870590763,0.03261246989654092,0.032425843044382625
21955,30955,Medium,Medium,0.031184610509067814,0.03072957551322332,0.9380858139777088
20189,29189,Medium,Medium,0.03861952321951029,0.03384175818994381,0.9275387185905459
32142,41142,Medium,Medium,0.0342484821627976,0.03370610757295584,0.9320454102642465
37673,46673,High,High,0.9235727519409643,0.03651575818619677,0.03991148987283877
5248,14248,Low,Low,0.038412788632050936,0.9257107305890967,0.03587648077885243
25549,34549,Medium,Medium,0.032850851527924406,0.030216761148095794,0.93693238732398
32091,41091,Medium,Medium,0.03578080592337244,0.03413783214079304,0.9300813619358346
34227,43227,High,High,0.9235965039108862,0.04248548084902318,0.03391801524009053
28053,37053,Low,Low,0.03177187530039253,0.935921815036017,0.03230630966359053
22546,31546,Medium,Medium,0.03384313628191454,0.03392707236484414,0.9322297913532415
21012,30012,Low,Low,0.03281502609761911,0.90312173288003,0.06406324102235096
6300,15300,High,High,0.9012734535283591,0.03381038357240851,0.06491616289923234
19967,28967,Low,Low,0.0344117533065747,0.9327909213452736,0.032797325348151725
24202,33202,Medium,Medium,0.03710052528690037,0.03629813007677865,0.9266013446363209
34937,43937,High,High,0.9324284854972159,0.030483943314110768,0.03708757118867337
27337,36337,Medium,Medium,0.03165082265469476,0.03390165298592613,0.9344475243593791
14118,23118,Low,Low,0.032184266057809933,0.9345785369179246,0.03323719702426556
16344,25344,Medium,Medium,0.036572182333464515,0.040975728454498594,0.9224520892120368
37875,46875,High,High,0.9360207342847652,0.030046695934123045,0.03393256978111182
33952,42952,Medium,Medium,0.03133674777754015,0.030662065218774695,0.9380011870036852
8910,17910,Low,Low,0.029398154270947666,0.937872208361488,0.03272963736756441
36339,45339,High,High,0.9216071129376777,0.03965448218422087,0.03873840487810124
39806,48806,Medium,Medium,0.030786150911143617,0.029169947919156322,0.9400439011697
33740,42740,Low,Low,0.030474635028753697,0.9282284102690171,0.041296954702229306
9116,18116,Medium,Medium,0.031162561174676084,0.03117491463559269,0.9376625241897313
13721,22721,High,High,0.914215242488074,0.03325227483503886,0.05253248267688735
30972,39972,Medium,Medium,0.05615319866186196,0.055294053387622166,0.888552747950516
3624,12624,Low,Low,0.029516773378601768,0.9393285616045678,0.03115466501683054
20687,29687,Low,Low,0.029285184834557745,0.9320034923901694,0.03871132277527282
13379,22379,Medium,Medium,0.03004589236773954,0.03186453398826151,0.938089573643999
29651,38651,Medium,Medium,0.03230292726814111,0.029963600410304488,0.9377334723215544
18816,27816,High,High,0.9352856017368997,0.03190728849499916,0.03280710976810126
8448,17448,High,High,0.9206288562314396,0.04316676350973909,0.03620438025882125
30745,39745,Medium,High,0.9368197576783975,0.03080824245116187,0.03237199987044072
37474,46474,High,High,0.8939169861003666,0.04193056966153368,0.06415244423809965
39809,48809,Low,Low,0.03045774653520983,0.9372836925589269,0.032258560905863314
23020,32020,Low,Low,0.034673601217048426,0.9271403417121175,0.03818605707083416
3374,12374,High,High,0.9302263003580696,0.03136893999163854,0.038404759650291866
605,9605,Low,Medium,0.028834961473448894,0.02971266514926239,0.9414523733772887
34358,43358,Medium,Medium,0.030113235733419907,0.03372889976086403,0.936157864505716
39822,48822,High,High,0.9205452614315975,0.03549623144489129,0.04395850712351113
23440,32440,Medium,Medium,0.033562639934159866,0.0529965470319945,0.9134408130338456
36007,45007,High,High,0.9366472753218611,0.029811949716032782,0.03354077496210612
4948,13948,Low,Low,0.09850598371821502,0.8615050697551067,0.0399889465266783
11891,20891,Medium,Medium,0.03377133781015581,0.2771797810362366,0.6890488811536076
11094,20094,Medium,Medium,0.03227334785468445,0.03445804769031722,0.9332686044549984
32888,41888,Medium,Medium,0.029927292161535012,0.029029585014157238,0.9410431228243077
17622,26622,High,High,0.9332558753080789,0.03153516617217672,0.0352089585197445
27692,36692,Medium,Medium,0.030681372606971128,0.028730256444198965,0.94058837094883
20010,29010,Low,Medium,0.032546524261572805,0.03764070430763414,0.9298127714307931
37732,46732,Medium,Medium,0.03910226566918019,0.0483027677438612,0.9125949665869585
30735,39735,Medium,High,0.9308452104691791,0.03214283664086923,0.03701195288995176
29,9029,Low,Low,0.03610217475778427,0.7987105758648353,0.16518724937738047
13636,22636,Medium,Medium,0.032013835648391546,0.028705821530614888,0.9392803428209936
29762,38762,High,Medium,0.0310840651887787,0.03139529645130449,0.937520638359917
22740,31740,Medium,Medium,0.038032253374073455,0.02916637466504705,0.9328013719608795
34611,43611,Medium,Medium,0.031634722591484365,0.033942483778655434,0.9344227936298601
7200,16200,Low,Low,0.03573356846868972,0.9314648905067574,0.03280154102455282
34740,43740,Medium,Medium,0.03168209607172461,0.032415038589133284,0.935902865339142
2609,11609,High,High,0.9352641093283734,0.031005647426130534,0.03373024324549604
6489,15489,Low,Low,0.04712770142663795,0.8614408852736636,0.0914314132996986
19807,28807,Medium,Medium,0.036603523192284194,0.037188914936459094,0.9262075618712567
28743,37743,High,High,0.9228693630852529,0.037419560927949826,0.03971107598679729
12385,21385,Low,Low,0.035962440407766784,0.9070325317120383,0.0570050278801949
21860,30860,Low,Low,0.03104793414015708,0.9337344947700533,0.03521757108978971
25653,34653,Medium,Medium,0.031132610028194074,0.03242864804645974,0.9364387419253463
24780,33780,High,High,0.9329126681503697,0.031316822805146916,0.03577050904448341
29405,38405,Low,Low,0.02927091897827458,0.9389780247630478,0.03175105625867757
13805,22805,Medium,Medium,0.0382342950396297,0.03252515013949497,0.9292405548208754
8871,17871,Medium,High,0.9355989674281663,0.029797172921281912,0.03460385965055176
26921,35921,Medium,Medium,0.03462572490061139,0.03163162157617586,0.9337426535232126
36895,45895,Medium,Medium,0.036108839064924576,0.04254230110752542,0.92134885982755
3636,12636,Low,Low,0.03592130560257662,0.9143175680955311,0.04976112630189233
1219,10219,High,Medium,0.03855059623713221,0.04424617793683492,0.9172032258260329
18390,27390,Medium,Medium,0.03740698310058734,0.033990640681953524,0.9286023762174591
19814,28814,Low,Low,0.03581592874482543,0.9093973186641419,0.05478675259103271
11218,20218,Medium,Medium,0.029051196511021494,0.03180588702574124,0.9391429164632372
39303,48303,High,High,0.9038598675395253,0.04484431857196281,0.05129581388851192
23550,32550,High,High,0.9353364339545989,0.029657177857151298,0.035006388188249825
32660,41660,Low,Low,0.03168316675801305,0.9280870484231376,0.04022978481884922
13159,22159,Low,Low,0.032041696742306225,0.9327822264763249,0.03517607678136879
21939,30939,Low,Low,0.029131291769776187,0.9386256443216259,0.032243063908597956
27122,36122,Low,Low,0.02973076162255099,0.9358724346459747,0.03439680373147428
32383,41383,Medium,Medium,0.030416980476251687,0.029652391315169963,0.9399306282085784
22494,31494,Low,Medium,0.0333039068603482,0.029772999264411126,0.9369230938752408
4479,13479,Medium,Medium,0.03298555764159334,0.04102897917071356,0.925985463187693
33904,42904,High,High,0.9268915695199866,0.0327654588177804,0.04034297166223303
2237,11237,Low,Low,0.031337386289326995,0.9364297743438118,0.03223283936686113
26187,35187,High,Low,0.03394524285648028,0.9335180437234837,0.03253671342003605
39376,48376,High,High,0.6329987963098156,0.04336665947805998,0.32363454421212445
32643,41643,Low,Low,0.029979030649381497,0.9347130353123014,0.03530793403831705
31758,40758,High,High,0.9341987672656941,0.03161885086211567,0.034182381872190304
16679,25679,Medium,Medium,0.034002689202668905,0.032134916498514764,0.9338623942988163
7511,16511,High,High,0.9349902201567014,0.030571246638824337,0.03443853320447415
26884,35884,Medium,Medium,0.04299566545077671,0.31763476578898053,0.6393695687602429
36823,45823,Medium,Medium,0.060695106069891536,0.035672383591849294,0.9036325103382593
28162,37162,High,High,0.9375829855052801,0.029828236437269628,0.03258877805745034
11610,20610,Medium,Medium,0.1133757858881184,0.03887296759499203,0.8477512465168896
38608,47608,Medium,Medium,0.042375286251639534,0.45077915500589477,0.5068455587424657
3976,12976,High,High,0.9103826778333616,0.035384594627762396,0.05423272753887607
27101,36101,High,High,0.9380773191828923,0.02937678570240657,0.03254589511470111
27917,36917,Medium,Medium,0.03575578871469125,0.036423215860266776,0.927820995425042
23810,32810,Medium,Low,0.030966252622202876,0.8736924232379885,0.09534132413980856
24222,33222,Low,Low,0.033290219351856325,0.9341851734740271,0.03252460717411669
35985,44985,Medium,Medium,0.033537062200991716,0.03555743559326487,0.9309055022057434
16462,25462,High,High,0.9370576993391674,0.03065653243467559,0.03228576822615704
15920,24920,Low,Medium,0.03354170658945804,0.029719534688565002,0.9367387587219769
26860,35860,High,Medium,0.03123701874214867,0.03464742040319161,0.9341155608546597
19297,28297,Medium,Medium,0.03133191465197619,0.030720986663434622,0.9379470986845891
980,9980,Medium,Medium,0.029091970659468943,0.028341224890439127,0.942566804450092
12463,21463,High,High,0.933348344761655,0.03226425845515588,0.03438739678318915
15381,24381,Medium,Medium,0.03212154877131775,0.03305398784880626,0.934824463379876
24984,33984,High,High,0.9317637065073868,0.034113596645760164,0.034122696846853075
24500,33500,Medium,Medium,0.029277306965141147,0.028716347086691508,0.9420063459481675
2048,11048,Medium,Medium,0.03047967899382831,0.029341064100174185,0.9401792569059975
9794,18794,Medium,Medium,0.03184220416896902,0.031021399761672435,0.9371363960693584
18212,27212,Low,Low,0.03949004341781518,0.9207515932895292,0.03975836329265567
39677,48677,High,High,0.9314742865582373,0.03188122033381748,0.036644493107945326
31089,40089,High,Low,0.029852913120323746,0.9348604880572114,0.03528659882246488
27678,36678,Medium,Medium,0.031019951637786498,0.036732890043116605,0.9322471583190969
19153,28153,Medium,Medium,0.030554819686834305,0.030891088633670866,0.9385540916794949
14830,23830,Medium,Medium,0.031915917258654336,0.037713204734160746,0.9303708780071848
13060,22060,Medium,Medium,0.03393436407960792,0.03229772636207113,0.9337679095583208
28748,37748,Low,High,0.9367822774892227,0.030720241919743124,0.03249748059103429
7860,16860,High,High,0.9364350162793896,0.030356639699551418,0.03320834402105897
34860,43860,Low,Low,0.03379368973431899,0.8915673926022517,0.07463891766342924
22012,31012,Medium,Medium,0.03632306987292288,0.031522125079027546,0.9321548050480496
15260,24260,Low,Low,0.03097272398596272,0.9373704814800949,0.03165679453394244
1448,10448,Low,Low,0.030530161326239157,0.9338268324298798,0.03564300624388097
14058,23058,Medium,Medium,0.03431501012087906,0.035579885554490126,0.9301051043246309
2798,11798,Low,Low,0.028827031429617563,0.9395273771635955,0.03164559140678697
25091,34091,Medium,Medium,0.03296517115288242,0.06957854945184049,0.8974562793952772
38637,47637,High,High,0.9205269735266564,0.045490091025620925,0.03398293544772259
6976,15976,Medium,Medium,0.03219301743314144,0.0305116616623258,0.9372953209045328
35861,44861,High,High,0.9370995010893522,0.03016020236645341,0.0327402965441944
26419,35419,Medium,Medium,0.030029822598986913,0.030481519370442394,0.9394886580305707
37496,46496,Low,Low,0.03173841322531723,0.9182040781653669,0.0500575086093158
28836,37836,Medium,Medium,0.030206701969870128,0.03263385047083353,0.9371594475592963
19984,28984,Medium,Medium,0.030036396405960158,0.029968519757604395,0.9399950838364354
28918,37918,High,High,0.6949048271654844,0.03814402334493539,0.26695114948958015
19827,28827,Medium,Medium,0.03522956613936598,0.031914649547012404,0.9328557843136217
27859,36859,Medium,Medium,0.031841035198838095,0.030618630011127745,0.9375403347900342
23263,32263,High,High,0.9332046858585259,0.03222503451542817,0.03457027962604598
31001,40001,Low,Low,0.03099149935326719,0.9287891151397858,0.04021938550694692
11484,20484,Low,Low,0.030655339929992753,0.9283302216801778,0.0410144383898294
32081,41081,Medium,Medium,0.031480883046857026,0.032879969989921536,0.9356391469632214
8551,17551,High,Medium,0.038862662784054425,0.3419864186119233,0.6191509186040223
21900,30900,Low,Low,0.037111248197540435,0.9226436676457309,0.04024508415672882
3304,12304,Low,Low,0.04337184478826437,0.8574915121288026,0.099136643082933
38487,47487,High,High,0.9262766377634911,0.039330382229315765,0.03439298000719302
38888,47888,High,High,0.937306419514819,0.030008126009864522,0.03268545447531649
5811,14811,Low,Low,0.03160733317915509,0.9191973270461801,0.04919533977466478
37177,46177,Low,Low,0.029131443113683295,0.9398945725798488,0.03097398430646792
33071,42071,High,High,0.9367089410111898,0.030645102991394835,0.0326459559974153
21688,30688,Low,Low,0.02903955152477784,0.9397039546817072,0.03125649379351487
29582,38582,High,High,0.9347565031968205,0.028821621801018948,0.03642187500216052
9692,18692,Low,Low,0.029444902186311656,0.9370515356484509,0.03350356216523731
23031,32031,Low,Low,0.0300347749600605,0.9354628530843234,0.0345023719556162
17616,26616,Medium,Medium,0.029839846361012473,0.030607209318368907,0.9395529443206185
18634,27634,Medium,Medium,0.03587724212118916,0.03162703975800966,0.9324957181208012
5260,14260,Medium,Medium,0.03548019950095252,0.029320511273252508,0.9351992892257949
32116,41116,Medium,Medium,0.033451697832084494,0.0340852122286776,0.9324630899392378
31374,40374,High,High,0.9327764558513784,0.03161084146569249,0.0356127026829291
17347,26347,High,High,0.9384058461011519,0.02912350256081873,0.03247065133802924
6095,15095,High,High,0.9329763226775417,0.034149553939274345,0.03287412338318394
26126,35126,Low,Low,0.03823695757642981,0.9170842568774576,0.04467878554611238
31787,40787,Low,Low,0.03369094715023985,0.8938287460843131,0.07248030676544702
1083,10083,Low,Medium,0.032192423958228335,0.03710819448680895,0.9306993815549628
20947,29947,Medium,Medium,0.03216454869359071,0.029513281373707678,0.9383221699327016
38785,47785,Medium,Medium,0.0347229595472213,0.03340501687192466,0.9318720235808541
35235,44235,Medium,Medium,0.032330623242671996,0.033580000432213104,0.9340893763251149
9545,18545,Low,Low,0.0299720880812107,0.9387229676526738,0.03130494426611547
23826,32826,Low,Low,0.030136294563348046,0.9361971453816879,0.033666560054964156
7011,16011,Medium,Medium,0.03155039175128258,0.03528639027710167,0.9331632179716157
32109,41109,Medium,Medium,0.04757057019132008,0.03183934152462945,0.9205900882840504
18030,27030,Medium,Medium,0.031134769981249883,0.032264136744508794,0.9366010932742413
19628,28628,Low,Low,0.07795176067363373,0.8859362963736727,0.036111942952693564
18529,27529,Medium,Low,0.03817129812824413,0.7408123526016325,0.22101634927012334
13655,22655,Low,Low,0.033184270048622774,0.9350641087497548,0.03175162120162234
34783,43783,Medium,High,0.9379241492746143,0.02880884563241645,0.033267005092969225
14484,23484,Low,Low,0.03918488155099971,0.9139458259469241,0.04686929250207625
26355,35355,High,High,0.931611655921297,0.0345937618238664,0.033794582254836565
34834,43834,Medium,Medium,0.030656323420664693,0.03151890401430995,0.9378247725650253
13149,22149,Medium,Medium,0.03310991323228565,0.034342811266964174,0.9325472755007501
27737,36737,Low,Low,0.02902520109778255,0.9390162361086097,0.031958562793607724
28840,37840,High,High,0.9349704729747378,0.03049464342068817,0.034534883604574136
22802,31802,Low,Low,0.03025266530899054,0.934162279212118,0.03558505547889156
14842,23842,Low,Medium,0.0314504380731043,0.03115567610852822,0.9373938858183674
28739,37739,Medium,Medium,0.029325547700264923,0.03186861542062091,0.9388058368791142
37437,46437,Medium,Medium,0.034477903585570895,0.0342426358240649,0.931279460590364
30317,39317,Low,Low,0.03128003882513763,0.9364183068468068,0.03230165432805568
36738,45738,High,High,0.9305418528667873,0.03268511281864251,0.03677303431457029
18394,27394,Low,Low,0.03429461740597584,0.9327787977885036,0.03292658480552053
34284,43284,Medium,Medium,0.03171482125609549,0.033719696684729926,0.9345654820591746
34156,43156,Low,Low,0.03015645810441879,0.9387019411957856,0.031141600699795585
24197,33197,Medium,Medium,0.03838162052468735,0.07574249065927524,0.8858758888160375
38280,47280,Medium,Medium,0.034092391633128265,0.029574883011587855,0.9363327253552839
29829,38829,High,High,0.9177664457386264,0.030022566593494643,0.05221098766787884
19421,28421,Medium,Medium,0.036621525474471436,0.03137917634131165,0.9319992981842168
33606,42606,Medium,Medium,0.0335321580058266,0.031073762476263377,0.93539407951791
27953,36953,High,High,0.9357967242027582,0.03297113456015071,0.031232141237091032
30287,39287,Medium,Medium,0.03405074599073286,0.038212805379193575,0.9277364486300735
5090,14090,Low,Low,0.03659713859103283,0.9000182903417805,0.06338457106718663
36780,45780,Low,Low,0.029397528088955887,0.9380079796547974,0.0325944922562468
32909,41909,Medium,Medium,0.03177569551301513,0.03718921682375436,0.9310350876632305
4663,13663,High,High,0.9306196823699966,0.030036153280078987,0.039344164349924486
11764,20764,High,High,0.9362091694531948,0.03009407182045615,0.03369675872634916
38671,47671,High,High,0.9287807583687138,0.034623046367128284,0.03659619526415793
17094,26094,Medium,Medium,0.03143645189469906,0.035867994102222106,0.9326955540030788
11171,20171,Medium,Medium,0.029832405756821553,0.03131815724787567,0.9388494369953028
34848,43848,High,High,0.9259615944434043,0.0311770262783372,0.04286137927825842
32250,41250,High,High,0.9263497236176977,0.02896294729985859,0.044687329082443834
31594,40594,Medium,Low,0.03166414726710811,0.9364361162540954,0.031899736478796285
18510,27510,High,High,0.9286808113904405,0.03069373361771857,0.04062545499184116
27840,36840,Medium,Medium,0.029915626151321855,0.030302414967388742,0.9397819588812895
23195,32195,High,Medium,0.03313853700390653,0.030270363430934186,0.9365910995651593
33787,42787,Medium,Medium,0.03661939040110316,0.0331319431830169,0.9302486664158799
9957,18957,Medium,Medium,0.030894082187225506,0.03207564154314601,0.9370302762696285
33853,42853,Low,Low,0.030372222402139964,0.9276586912422361,0.04196908635562383
36594,45594,Medium,Medium,0.03496945702683174,0.20932556413905704,0.7557049788341113
39723,48723,Low,Medium,0.03372873160195208,0.031212593459577772,0.9350586749384702
5519,14519,Medium,Medium,0.03418823796869656,0.0378237406597608,0.9279880213715427
17344,26344,High,High,0.9266711002058354,0.033156167287800326,0.04017273250636433
10674,19674,Medium,Medium,0.03852926623135517,0.037039710858134116,0.9244310229105107
1243,10243,Medium,Medium,0.033546505064350786,0.030219730076338436,0.9362337648593106
9319,18319,Low,Low,0.03290057102465861,0.9103636826570405,0.05673574631830084
37487,46487,Medium,Medium,0.03536331577067655,0.04179266166431849,0.9228440225650049
10500,19500,High,High,0.9320785273516282,0.034321414941728565,0.0336000577066432
19468,28468,Medium,Medium,0.0397683259644693,0.26879755752125384,0.6914341165142769
35208,44208,Medium,Medium,0.03538881997250454,0.03115310436919341,0.9334580756583021
20158,29158,Medium,Medium,0.07830710900279231,0.030796118290748947,0.8908967727064588
23021,32021,Low,Low,0.03375459193686672,0.9322954536669753,0.03394995439615817
32692,41692,High,High,0.936854152500811,0.02935011717457153,0.03379573032461742
19269,28269,Low,Low,0.02984099175392364,0.9329927901095472,0.0371662181365291
19005,28005,Medium,Medium,0.034132357657239605,0.04514897776849303,0.9207186645742672
20549,29549,Low,Low,0.028879925622939784,0.9386218737357116,0.03249820064134868
14933,23933,Low,Low,0.032945324871795294,0.9341954081717887,0.03285926695641595
31597,40597,Medium,Medium,0.02979800204122542,0.02997186506517514,0.9402301328935995
1477,10477,High,High,0.9370197063354709,0.029564999077579007,0.03341529458694988
19877,28877,Medium,Medium,0.03297420889950424,0.04195390442463345,0.9250718866758624
13786,22786,Medium,Medium,0.03568158483706477,0.0326392725601666,0.9316791426027686
17258,26258,Low,Low,0.030841095453065234,0.9232788742249601,0.045880030321974664
33718,42718,Medium,Medium,0.03104098028728063,0.02913569064129039,0.939823329071429
22813,31813,Low,Low,0.030288816318928793,0.8960596146068861,0.07365156907418503
30339,39339,High,High,0.9226320068601351,0.03357075793465803,0.04379723520520684
12226,21226,Low,Medium,0.02930445476590335,0.02999305514571361,0.940702490088383
14311,23311,Low,Low,0.033254183999102994,0.9346596006577258,0.03208621534317111
28279,37279,Medium,Low,0.054357504150324726,0.8914604698897047,0.05418202595997066
14386,23386,Medium,Medium,0.04885969773221122,0.03713209162294726,0.9140082106448415
37293,46293,Medium,High,0.9389656710758957,0.02968117010132948,0.03135315882277488
19542,28542,High,Medium,0.03764276226859298,0.040131403449703174,0.9222258342817038
39330,48330,Medium,Medium,0.03240765300968238,0.031473942445485785,0.9361184045448319
8993,17993,Low,Low,0.03466681365021062,0.9263340819044737,0.03899910444531561
17059,26059,Low,Low,0.03320618230232666,0.9312546355076314,0.03553918219004187
36849,45849,Low,Low,0.030716396274056267,0.9361393704449554,0.033144233280988394
36508,45508,Low,Low,0.03189975013838026,0.9034069131234395,0.06469333673818015
32344,41344,Medium,Medium,0.02993043685536187,0.03100611867856985,0.9390634444660684
27086,36086,Medium,Medium,0.03130209573680657,0.03495792665812208,0.9337399776050713
9315,18315,High,High,0.9308700111234071,0.03317030576921328,0.03595968310737978
35785,44785,Low,Low,0.032866130933099404,0.9305645479705325,0.036569321096367936
39890,48890,Medium,Medium,0.03682688656108941,0.03650903745736797,0.9266640759815425
36089,45089,Low,Low,0.03167719852127631,0.9217929873004819,0.046529814178241626
1155,10155,Low,Low,0.03421074686417847,0.9337050380165827,0.03208421511923878
16752,25752,Medium,Medium,0.035619034172945874,0.029955511499120086,0.934425454327934
14735,23735,Medium,Medium,0.03513573385542437,0.029719762091802254,0.9351445040527734
25007,34007,Low,Low,0.03297724848426563,0.9251103969437007,0.04191235457203363
13048,22048,Medium,Medium,0.03220354182761124,0.03375655627592685,0.9340399018964619
4328,13328,High,High,0.776237898640372,0.04408717847773085,0.1796749228818972
10485,19485,High,High,0.9320162834496641,0.030029135129771446,0.03795458142056443
13314,22314,Medium,Medium,0.029976485351117896,0.02992439838789017,0.9400991162609919
13203,22203,High,High,0.9346714571272199,0.03167667591461348,0.033651866958166694
26036,35036,High,High,0.9372683977385705,0.03042698565705101,0.032304616604378424
6684,15684,Low,Low,0.04114461194690486,0.9103886714272443,0.04846671662585075
18104,27104,Low,Low,0.03302983249556274,0.873445005840933,0.0935251616635041
38695,47695,High,High,0.9184158484826056,0.03281704067011112,0.048767110847283246
8030,17030,High,High,0.5405747805427535,0.04017700107804127,0.4192482183792052
25504,34504,High,High,0.930392941595395,0.0345478243306529,0.0350592340739521
34023,43023,Medium,Medium,0.034866730634234705,0.0340301046251233,0.9311031647406421
7309,16309,Medium,Medium,0.03517587372395962,0.030756491616715453,0.934067634659325
23593,32593,Medium,Medium,0.032705929625024825,0.030985160855313155,0.9363089095196621
3444,12444,Medium,Medium,0.031818493481339,0.029249895058029662,0.9389316114606313
12802,21802,Low,Low,0.03266813322130137,0.9338740410424332,0.03345782573626555
5122,14122,High,High,0.9364086125091973,0.0312983621248652,0.03229302536593746
18656,27656,Low,Low,0.03601948937190462,0.9236067201648311,0.04037379046326436
1445,10445,Medium,Medium,0.03985584319803718,0.033330217538756986,0.9268139392632059
38757,47757,High,High,0.9269236166590497,0.029178261729864124,0.04389812161108628
15431,24431,Medium,Medium,0.03187860029830393,0.041621042656182106,0.9265003570455139
291,9291,Low,Low,0.029363388296650455,0.939130331320427,0.03150628038292252
20921,29921,Low,High,0.9304704628215131,0.033781616491952465,0.03574792068653446
30273,39273,High,High,0.9200501924604145,0.03642548811032043,0.043524319429264956
33250,42250,Medium,Medium,0.035235236191423484,0.04645487568734743,0.9183098881212292
1622,10622,Medium,High,0.9084135515052686,0.03721363744618932,0.054372811048542045
20818,29818,Medium,Medium,0.04026762498838387,0.032551109344609704,0.9271812656670065
34761,43761,High,High,0.6473133408405439,0.0524840752583988,0.3002025839010572
14669,23669,Medium,Medium,0.032448911727301875,0.03426818805547773,0.9332829002172204
18343,27343,Medium,Medium,0.031273490633300975,0.03213902695102822,0.9365874824156708
8230,17230,Medium,Medium,0.04655928219538954,0.05216093594226593,0.9012797818623445
11330,20330,Low,Low,0.0314249635160115,0.9368873932872823,0.031687643196706215
33712,42712,High,Medium,0.035814670046118983,0.035111706962019165,0.9290736229918619
14114,23114,Medium,Medium,0.03188873764291319,0.032086486519765416,0.9360247758373216
17159,26159,Low,Low,0.034986986439250724,0.9219886411356373,0.04302437242511212
2179,11179,Medium,Medium,0.03694585451470039,0.033783030248332256,0.9292711152369675
20963,29963,Medium,Medium,0.03174341664861797,0.02975837313696825,0.9384982102144138
8461,17461,Medium,Medium,0.03819247892080675,0.041162229114631375,0.9206452919645619
1440,10440,Medium,Medium,0.0331469601955127,0.03202319071156379,0.9348298490929235
14687,23687,Medium,Medium,0.04451125624764171,0.03162892829726847,0.9238598154550899
22684,31684,Low,Low,0.03454081370070027,0.8825118815901307,0.0829473047091691
27946,36946,Medium,Medium,0.03068447108214419,0.0347678883145177,0.9345476406033381
1080,10080,Medium,Medium,0.03801382645087209,0.03711679408439265,0.9248693794647352
4399,13399,High,Medium,0.0354658636451766,0.032915780111202955,0.9316183562436203
10879,19879,Low,Low,0.029890038619745832,0.9375295842905597,0.03258037708969449
5235,14235,Medium,Medium,0.0346059638959837,0.037222265929515864,0.9281717701745005
33565,42565,Medium,Medium,0.04604643040049067,0.19136204999268921,0.7625915196068201
2956,11956,Low,Low,0.03252806096375117,0.930905131487085,0.0365668075491637
39899,48899,Medium,Medium,0.03173773805489281,0.031023453177317886,0.9372388087677894
22564,31564,Medium,Low,0.039292226196617604,0.9287399525102636,0.03196782129311887
24785,33785,Medium,Medium,0.03134956581154588,0.029936320353830814,0.9387141138346232
29327,38327,High,High,0.8540134301956431,0.038221585865691125,0.1077649839386658
27487,36487,Low,Low,0.02951534824836829,0.9375427579789081,0.03294189377272367
29049,38049,Low,Low,0.029947547984944523,0.9366526894974007,0.03339976251765469
11593,20593,Medium,Medium,0.033640092612717144,0.03213872866465295,0.93422117872263
14368,23368,Medium,Medium,0.03254016016781676,0.03331480928228079,0.9341450305499025
32198,41198,Medium,Medium,0.03230030753584054,0.03207369051539291,0.9356260019487666
36396,45396,Medium,Medium,0.032239121503535015,0.0314941792018468,0.9362666992946181
9434,18434,Low,Low,0.03138221291169524,0.900351270771229,0.06826651631707575
29177,38177,High,High,0.9389187344284414,0.0297471443977599,0.03133412117379871
36658,45658,Low,Low,0.0301780354666638,0.9353660527571366,0.034455911776199576
4250,13250,Low,Low,0.032258556980054094,0.9269015827967616,0.04083986022318427
23112,32112,High,High,0.9295907975987928,0.033376902455986394,0.03703229994522091
22480,31480,High,High,0.9266527410584823,0.0351855818789036,0.03816167706261417
1836,10836,High,High,0.9343861280673339,0.03220924591968937,0.03340462601297666
12204,21204,Medium,Medium,0.0459956214441014,0.03509207570006406,0.9189123028558347
6782,15782,Medium,Medium,0.03716475585514979,0.03958397438522109,0.923251269759629
17790,26790,Medium,Medium,0.05506249902419911,0.03491695513651532,0.9100205458392856
38997,47997,High,High,0.9382646014070981,0.029496199948241736,0.03223919864466018
23253,32253,Medium,Medium,0.03635846736749351,0.05643279145248561,0.9072087411800208
10172,19172,Low,Low,0.03389769598041206,0.9105788002420852,0.05552350377750278
7543,16543,Medium,Medium,0.03224414772629106,0.04706406415570532,0.9206917881180036
6328,15328,Low,Medium,0.035196946120842114,0.04425077752759481,0.9205522763515631
19008,28008,Medium,Medium,0.032971490040888084,0.03611758658431336,0.9309109233747986
33770,42770,High,High,0.9250718894281226,0.03327678012894837,0.04165133044292892
33303,42303,Low,Low,0.029336976212412862,0.9386067064988627,0.032056317288724545
29704,38704,Low,Low,0.032141544569184374,0.9348181526708177,0.03304030275999791
6029,15029,Low,Low,0.033394221381651025,0.9335044166931429,0.03310136192520602
26655,35655,Medium,Medium,0.039497325416362083,0.03143975437699483,0.929062920206643
10120,19120,Low,Low,0.031016179351946158,0.935426031310617,0.03355778933743677
21109,30109,High,Low,0.029526037633697284,0.9359217302640026,0.03455223210230019
30709,39709,High,High,0.9276250614555669,0.03623006562532156,0.036144872919111504
28615,37615,Low,High,0.9355248968985345,0.02978449511293187,0.034690607988533684
4056,13056,Low,Medium,0.031110358272061083,0.0994838006451673,0.8694058410827717
29920,38920,Medium,Low,0.03242698711315664,0.9359425074840529,0.03163050540279037
20510,29510,Low,Low,0.034305368286363914,0.8697022472970235,0.09599238441661251
26892,35892,High,High,0.938587205945853,0.029654476701995353,0.03175831735215159
27324,36324,High,High,0.9199970783253185,0.03019856276288417,0.049804358911797235
31063,40063,Low,Medium,0.03473647742811116,0.05189909678895934,0.9133644257829294
32223,41223,Medium,Medium,0.033971058047088325,0.13167770485774513,0.8343512370951666
13622,22622,Medium,Medium,0.03249595963656543,0.03205838081922821,0.9354456595442064
19772,28772,High,High,0.9283946880586882,0.03374661133248719,0.03785870060882452
33515,42515,Medium,Medium,0.03260128179226848,0.029225588088932886,0.9381731301187987
6940,15940,Low,Low,0.029784263214372136,0.9329142276195023,0.03730150916612556
35069,44069,Low,Low,0.0303948191137297,0.9356381299819381,0.03396705090433227
39763,48763,Medium,Medium,0.03425510293609525,0.0471708577685911,0.9185740392953137
1647,10647,High,High,0.9330689688133268,0.029140159794433018,0.037790871392240216
17915,26915,Medium,Medium,0.03067272685446204,0.03230016547482823,0.9370271076707097
14577,23577,Medium,Medium,0.03383132700086052,0.04368767480247241,0.922480998196667
9117,18117,High,High,0.9343171747517781,0.030808037872902604,0.03487478737531932
38479,47479,Low,Low,0.03520329320685581,0.9238004123493241,0.040996294443820046
26017,35017,Medium,Medium,0.030529652757716432,0.03134395929381117,0.9381263879484724
27208,36208,Low,Low,0.03613054680344078,0.9084042534067862,0.055465199789773045
17613,26613,High,High,0.9331998613791311,0.031368562402861504,0.03543157621800743
33429,42429,Low,Low,0.03405640817714266,0.914058814880395,0.05188477694246241
27966,36966,Medium,Medium,0.03054372344177302,0.03377389787812846,0.9356823786800984
27312,36312,High,High,0.9251056506250591,0.03422784543974338,0.04066650393519753
4985,13985,Medium,Medium,0.0309110339578729,0.03383321206696212,0.935255753975165
23481,32481,Low,Low,0.029110738289320776,0.938419715518454,0.03246954619222522
36038,45038,Low,Low,0.030420292006327166,0.9359215765472361,0.03365813144643679
12638,21638,Medium,Medium,0.05301120392329631,0.03572280951218883,0.9112659865645149
23162,32162,Medium,Medium,0.02959290408785105,0.02850175979382266,0.9419053361183263
1005,10005,Medium,High,0.9289593157401775,0.03585448513758818,0.0351861991222343
4268,13268,Low,Medium,0.041556425231399886,0.03044412908918791,0.9279994456794122
22083,31083,High,High,0.9295286502550146,0.03239603290508989,0.03807531683989545
25427,34427,Medium,Medium,0.03210232943721867,0.030787393994873454,0.9371102765679078
30526,39526,Medium,Medium,0.03271801144965095,0.03147695394298454,0.9358050346073646
3990,12990,Medium,Medium,0.03642076796814181,0.03703494410980964,0.9265442879220487
5250,14250,Medium,Medium,0.032529001299609124,0.0385478593642778,0.928923139336113
35558,44558,Low,Low,0.03128542026366558,0.9304172921799329,0.03829728755640169
13359,22359,Low,Low,0.03180830130966865,0.9346552888577228,0.03353640983260867
28043,37043,Medium,Medium,0.033692063570733184,0.03037771878118666,0.9359302176480803
9303,18303,Medium,Medium,0.03639356992335959,0.03799042766020919,0.9256160024164313
11704,20704,Medium,Medium,0.03794173853963046,0.03940811696344856,0.9226501444969211
14176,23176,High,High,0.9347434827827841,0.031925961226974185,0.0333305559902417
21429,30429,Low,Low,0.03671464194812534,0.8660452576511958,0.09724010040067886
26404,35404,Low,Low,0.0516945926234326,0.9135122508712028,0.034793156505364596
21606,30606,High,High,0.9359411518742865,0.031298408792578045,0.03276043933313539
23351,32351,Medium,Medium,0.03673650007179041,0.03817404241742715,0.9250894575107824
27600,36600,High,High,0.9385322623301372,0.029570173706194174,0.031897563963668586
9174,18174,Medium,Medium,0.03344928882513904,0.0333224711863685,0.9332282399884925
31974,40974,Low,Low,0.031188271166665612,0.9331962486164382,0.03561548021689614
11052,20052,Medium,Medium,0.03407846222413911,0.03207724813961196,0.9338442896362489
36487,45487,High,High,0.9360354993328762,0.031135934967198187,0.03282856569992572
34163,43163,Medium,Low,0.0310134255460417,0.9166051323100047,0.052381442143953495
22333,31333,High,High,0.9392197352973004,0.029522210863342713,0.03125805383935692
38472,47472,Medium,Medium,0.03173417779587141,0.03115242442136158,0.9371133977827668
10924,19924,Low,Low,0.03230649844632467,0.9209566959901457,0.046736805563529604
37269,46269,Low,Low,0.03147793619457916,0.9311315966695114,0.03739046713590934
37707,46707,Low,Low,0.03218368596653876,0.9340738022794616,0.033742511753999616
38939,47939,Medium,Medium,0.03197335562544399,0.029318221786242143,0.9387084225883138
9549,18549,Medium,Medium,0.03253298761536702,0.03118675455031643,0.9362802578343166
22350,31350,Medium,Medium,0.03183747901881392,0.029172020933721423,0.9389905000474646
20781,29781,Medium,Medium,0.03763121848017135,0.037497116253217694,0.9248716652666108
11293,20293,High,High,0.9343791678708172,0.033079010960258955,0.03254182116892388
28388,37388,Low,Low,0.029239147002070615,0.9388255720034978,0.03193528099443157
10944,19944,Medium,Medium,0.03333257064673504,0.03267018121911746,0.9339972481341475
15782,24782,High,High,0.9295999458338101,0.03452402923251117,0.03587602493367869
32836,41836,Medium,Medium,0.07601467626984314,0.040385985963918535,0.8835993377662383
18573,27573,Medium,Medium,0.031243658466854566,0.029030644242729987,0.9397256972904154
14183,23183,Medium,Medium,0.034781611090332794,0.029950726485134808,0.9352676624245323
15844,24844,Medium,Medium,0.031115871002895684,0.030706812388264674,0.9381773166088396
13837,22837,High,High,0.9342329118869719,0.03207373053764148,0.03369335757538667
27114,36114,Medium,Medium,0.035435518229536646,0.03627435266558488,0.9282901291048784
5561,14561,Medium,Medium,0.03492014682868138,0.03027260999425331,0.9348072431770653
6057,15057,High,High,0.9324565774476098,0.03180912468640281,0.03573429786598744
1701,10701,Medium,Medium,0.03369822152477964,0.02989686205696422,0.9364049164182561
34511,43511,Low,Low,0.02912297816369974,0.9400586840043479,0.030818337831952328
27226,36226,Low,Low,0.033149805744448466,0.9207241391048252,0.04612605515072641
16091,25091,High,High,0.918980835626498,0.0427237444255558,0.03829541994794623
5070,14070,Low,Low,0.035922214678969916,0.9304325960734326,0.03364518924759734
24320,33320,Medium,Medium,0.029973262716062626,0.032464036589014825,0.9375627006949224
1113,10113,Low,Low,0.03672448264157908,0.9296877673015652,0.03358775005685576
18276,27276,Medium,Medium,0.035273675297162306,0.036844821147739154,0.9278815035550986
13265,22265,High,High,0.9265559303573316,0.03459640179166218,0.038847667851006205
10232,19232,High,High,0.9246667358403289,0.03872563211115918,0.03660763204851191
26982,35982,Medium,Medium,0.0332737168617508,0.03160871492089129,0.9351175682173579
19919,28919,Low,Low,0.06268532221369381,0.8520555677062057,0.08525911008010041
34440,43440,Low,Low,0.02929819067116333,0.9387103973414243,0.031991411987412434
810,9810,Low,Low,0.038819984179022306,0.9152057632423688,0.04597425257860891
9018,18018,Medium,Medium,0.03986648351115947,0.04676149844932709,0.9133720180395134
16319,25319,High,High,0.9368260109227728,0.030553835557910067,0.03262015351931708
37524,46524,Medium,Medium,0.0331139820353728,0.04305928601718114,0.9238267319474461
37842,46842,Low,Low,0.0336300298784385,0.9134219048363456,0.052948065285215874
31018,40018,High,High,0.9241538532504566,0.03542112909975175,0.04042501764979158
5512,14512,High,High,0.9390490008442945,0.028405380259000686,0.03254561889670476
11307,20307,Medium,Medium,0.03607007398661097,0.03089075953687635,0.9330391664765126
1360,10360,Medium,Medium,0.03073780525879682,0.0312059688870323,0.9380562258541709
22671,31671,High,High,0.9385467793493101,0.029253062933785767,0.0322001577169041
36296,45296,Medium,Medium,0.036798650587180994,0.24726022121878208,0.715941128194037
29620,38620,Medium,Medium,0.035261423806591106,0.033949275285249075,0.9307893009081599
39586,48586,Medium,Medium,0.03956431058153573,0.0530330149943782,0.9074026744240861
22901,31901,Medium,Medium,0.032027671686483954,0.09209665032852588,0.8758756779849902
33407,42407,High,Medium,0.03052269226494266,0.03177722475035439,0.937700082984703
27202,36202,Low,Low,0.031573030678770785,0.9349917676140881,0.03343520170714113
31301,40301,Medium,Medium,0.03984113014998294,0.031774055730162225,0.9283848141198549
14784,23784,Medium,High,0.9328346670231701,0.03305541180949927,0.03410992116733074
22992,31992,Medium,Medium,0.02965951267945648,0.02940068159776718,0.9409398057227764
6636,15636,High,Medium,0.03289269904839643,0.032185679913191226,0.9349216210384124
35616,44616,Medium,Medium,0.03789028939085268,0.03128303155831728,0.93082667905083
29002,38002,Medium,Medium,0.03247848846220397,0.02972692311488913,0.9377945884229067
9423,18423,Low,Low,0.04022452496330279,0.9177763643626008,0.04199911067409651
16742,25742,Medium,Medium,0.034775875134766786,0.03650749670284742,0.9287166281623858
5589,14589,Medium,Medium,0.0305094072329942,0.028968390146894202,0.9405222026201115
31535,40535,Low,Low,0.03694825721132657,0.9171166518075015,0.045935090981171885
26008,35008,Low,Low,0.03209586054562869,0.9140626457125302,0.05384149374184122
8363,17363,High,High,0.9339593408210648,0.03397762588965781,0.03206303328927744
29181,38181,Medium,Medium,0.03621868720752907,0.03289347499826945,0.9308878377942015
11105,20105,Medium,Medium,0.045476968452631196,0.029380810214846884,0.9251422213325219
37483,46483,Medium,Medium,0.036941401965067844,0.03479512939152115,0.928263468643411
5925,14925,Low,Low,0.03383471535933469,0.9265042597449177,0.03966102489574765
19509,28509,Medium,Medium,0.03383480645032303,0.02914512775687211,0.9370200657928048
12277,21277,High,High,0.9380345018439441,0.029052168921959165,0.03291332923409676
13917,22917,Medium,Medium,0.0307639068799168,0.032106236076135206,0.937129857043948
38575,47575,High,High,0.9355171363143903,0.030644347332593077,0.03383851635301671
32850,41850,High,High,0.9330616719199464,0.03406016415188662,0.03287816392816706
38364,47364,High,Low,0.03656410162941679,0.9255573114598811,0.037878586910702124
15511,24511,Low,Low,0.033811316953994024,0.9289202095212129,0.03726847352479313
25638,34638,Medium,Medium,0.03312218374687968,0.03225228798067558,0.9346255282724446
32014,41014,Low,Low,0.030271772230573025,0.9373596595739522,0.03236856819547482
484,9484,High,Medium,0.03429337229606249,0.03255177804571149,0.9331548496582259
16060,25060,Medium,Medium,0.031124350943110002,0.030458495213824956,0.9384171538430651
10985,19985,Medium,Medium,0.03481321016716601,0.03176102443645091,0.933425765396383
27130,36130,Medium,Medium,0.03636913173127302,0.03385983663031537,0.9297710316384116
32547,41547,Medium,Medium,0.041535156512446936,0.044864114353341145,0.9136007291342119
39341,48341,High,High,0.9316678291899749,0.03224243443567928,0.036089736374345725
4491,13491,Medium,Medium,0.03138004392573668,0.03273081869028596,0.9358891373839774
31996,40996,High,High,0.9354160676066332,0.03157311705097552,0.03301081534239131
10368,19368,High,High,0.9195965514677171,0.038422458232373564,0.04198099029990921
2348,11348,Medium,Medium,0.04653630273049567,0.03219957924124891,0.9212641180282554
22449,31449,Medium,Medium,0.03135524500869547,0.029911907188830012,0.9387328478024747
37332,46332,High,Medium,0.03182543066813976,0.030496459897496497,0.9376781094343638
25164,34164,Medium,High,0.9319053499755047,0.031002393562908317,0.03709225646158685
13279,22279,Low,Low,0.030435281755653566,0.9339893068877189,0.0355754113566275
27040,36040,High,High,0.9228460720380962,0.04454710566765233,0.03260682229425151
18480,27480,High,Medium,0.03447594671480663,0.043049371321760475,0.9224746819634327
35885,44885,Medium,Medium,0.030869398955016142,0.032155395008580445,0.9369752060364034
14523,23523,High,Medium,0.03911996244146953,0.031332580880503696,0.9295474566780269
5081,14081,High,High,0.9280029955743888,0.035564741712048216,0.03643226271356306
5655,14655,Low,Low,0.0895512062037525,0.8733826765530758,0.03706611724317172
13489,22489,High,High,0.9273369030163682,0.038992488934824494,0.03367060804880725
18068,27068,Low,Low,0.03257822532587285,0.9356878273780507,0.03173394729607634
35854,44854,Low,Low,0.029960801379514766,0.9370688606863231,0.03297033793416195
25245,34245,High,Low,0.04228138345262817,0.9232685552555512,0.034450061291820544
11235,20235,High,High,0.9302881766742193,0.035523492107616794,0.03418833121816397
36950,45950,High,High,0.9384500559456117,0.02881780805410659,0.03273213600028172
38741,47741,High,High,0.9327400424350567,0.03234757730943728,0.03491238025550595
36979,45979,Medium,Medium,0.029870858642647824,0.029121632259356756,0.9410075090979954
38491,47491,Medium,Medium,0.034831816300083675,0.030074709055358296,0.935093474644558
18265,27265,Medium,Medium,0.03645047977872661,0.03191670881787437,0.931632811403399
14701,23701,Low,Low,0.03953370195986063,0.7302465145026596,0.2302197835374797
11400,20400,Medium,Medium,0.034878265743121584,0.02950086529072848,0.9356208689661498
32253,41253,High,High,0.9363336103032983,0.028653973546444975,0.035012416150256714
26238,35238,High,High,0.9280188612038737,0.03003962254477251,0.041941516251353804
12744,21744,Low,Low,0.03065071244018446,0.930137358440612,0.039211929119203494
39160,48160,Medium,Medium,0.033019166390654615,0.0301423076578559,0.9368385259514893
21417,30417,Low,Low,0.030396584098078022,0.9373108618541134,0.03229255404780861
11066,20066,Medium,Medium,0.03217667066634588,0.029475106854380106,0.938348222479274
39636,48636,Low,Low,0.045855448342703366,0.8683274350870861,0.08581711657021057
36169,45169,Medium,Medium,0.03327868844452648,0.0318979425806353,0.9348233689748383
4861,13861,Medium,Medium,0.036924927073974,0.28305738780815476,0.6800176851178712
15986,24986,High,High,0.9338814826205376,0.03149251456792577,0.034626002811536626
25825,34825,Low,Low,0.032626387122342344,0.9354795399439523,0.03189407293370521
11223,20223,Low,Low,0.030775974228646877,0.9376265219077791,0.03159750386357409
27712,36712,Medium,Medium,0.03239929377526815,0.031168602657336477,0.9364321035673954
1198,10198,Medium,Medium,0.03789228512380613,0.04112185495499518,0.9209858599211987
35751,44751,Medium,Medium,0.03204463029813547,0.030734979969479964,0.9372203897323845
771,9771,Medium,Medium,0.03636955351753556,0.10509667011866038,0.858533776363804
6781,15781,Medium,Medium,0.04286802055981145,0.03306748493311884,0.9240644945070696
19593,28593,Medium,Medium,0.03559503014113738,0.0341048617613551,0.9303001080975074
33826,42826,Low,Low,0.029656375840975035,0.9381705890590988,0.03217303509992606
13487,22487,High,High,0.9376322450195395,0.029031474782469823,0.03333628019799074
26801,35801,Medium,Medium,0.033179178509181166,0.04572068633203872,0.9211001351587802
35757,44757,Medium,Medium,0.03426150711993311,0.03875992074352114,0.9269785721365458
27562,36562,Low,Low,0.031131512860837592,0.9262079562780813,0.042660530861081104
10390,19390,High,High,0.9156101463042433,0.03708852811533103,0.04730132558042568
32868,41868,Medium,Medium,0.03368271619733557,0.03375599249584318,0.9325612913068212
35851,44851,Medium,Medium,0.03575303632592809,0.030092594101183843,0.9341543695728881
2321,11321,Low,Low,0.03045898921726589,0.9323123422353943,0.0372286685473398
20400,29400,Medium,Medium,0.04133574045922426,0.030257249185407398,0.9284070103553684
28575,37575,Medium,Medium,0.034462582556342734,0.03527952806356395,0.9302578893800932
12493,21493,High,High,0.9381752888235363,0.030324822062715678,0.03149988911374813
35877,44877,High,High,0.9357480235191508,0.029868014596403647,0.03438396188444567
38262,47262,Medium,Medium,0.03409853778653587,0.03707678530740527,0.9288246769060589
32594,41594,Low,Low,0.03792256943591224,0.9241712035053234,0.03790622705876435
24457,33457,Medium,Medium,0.03231342961140937,0.03738477867522141,0.9303017917133692
23991,32991,Low,Low,0.035470661083155365,0.9318931279382859,0.03263621097855862
39973,48973,Low,Medium,0.04306413436628987,0.05646884857804613,0.900467017055664
2599,11599,Medium,Medium,0.038428189198620205,0.04611271311054858,0.9154590976908313
13778,22778,Medium,Medium,0.039730056704613693,0.029724418000002462,0.9305455252953839
436,9436,Low,Low,0.029069274493213924,0.9350282624242222,0.03590246308256397
31439,40439,High,High,0.9330195563572623,0.030678243874051072,0.03630219976868664
3419,12419,High,Low,0.03299755905503724,0.9333091278895754,0.03369331305538718
27121,36121,High,High,0.9365546242244664,0.029127699773271037,0.034317676002262466
16971,25971,Low,Low,0.032969577987135866,0.9293393674510279,0.03769105456183627
36029,45029,Low,Low,0.03218465101215493,0.934059633166429,0.03375571582141607
5213,14213,High,High,0.934914743747782,0.031031831258454642,0.03405342499376334
29278,38278,Medium,Medium,0.03841054590607529,0.035569223377424575,0.9260202307165001
22189,31189,High,High,0.9345745338569621,0.03152260758054563,0.03390285856249226
26721,35721,Low,Low,0.031700607968771,0.8788340706058592,0.08946532142536974
37611,46611,High,High,0.9380635249017569,0.028891848826427174,0.033044626271815904
36543,45543,Medium,Medium,0.03198694341313506,0.033220320519028276,0.9347927360678366
30480,39480,Medium,Medium,0.03044218290667548,0.029708534474823346,0.9398492826185012
34781,43781,Medium,Medium,0.03615710171483078,0.03291062922097652,0.9309322690641927
27363,36363,Low,Low,0.030199184229124997,0.9359766616065427,0.03382415416433225
30500,39500,Medium,High,0.7960842300076064,0.03713550202972673,0.1667802679626669
37329,46329,High,High,0.9254021216243199,0.03836061131466793,0.03623726706101218
29998,38998,High,High,0.9301217422959253,0.03407794211218528,0.035800315591889446
36085,45085,Low,Low,0.03256683517599802,0.9299539201533191,0.03747924467068289
34797,43797,Medium,Medium,0.030075215822901444,0.0296264392764815,0.9402983449006171
3752,12752,High,High,0.9300433961918851,0.031343222630641425,0.038613381177473406
11100,20100,Medium,Medium,0.03846168973130364,0.03252848444166131,0.9290098258270351
31216,40216,Medium,Medium,0.03700733409054436,0.2716969707843731,0.6912956951250826
4060,13060,High,High,0.9384919712865987,0.028417634526397145,0.03309039418700425
19464,28464,Low,Low,0.028882354401617568,0.9383388528271798,0.03277879277120275
37025,46025,Low,Low,0.03775080629336842,0.9208064808805548,0.04144271282607665
23560,32560,Low,Low,0.03660520226307067,0.8731135926961336,0.09028120504079566
15587,24587,Medium,Medium,0.16306319128533656,0.03720528851127138,0.799731520203392
25793,34793,Low,Low,0.03737685051430969,0.7706471021086676,0.19197604737702265
24931,33931,Low,Low,0.029408679803452426,0.9388630696926695,0.03172825050387801
29655,38655,High,High,0.933107010394592,0.032048132022815506,0.03484485758259249
9600,18600,Low,Low,0.030145976737720043,0.9365935512346568,0.03326047202762322
14825,23825,Low,Low,0.029919272431421715,0.9380566026241536,0.03202412494442477
38580,47580,Medium,Medium,0.0330358917898959,0.030738537524033077,0.936225570686071
31712,40712,Medium,Medium,0.04624074430840625,0.037845096062443774,0.9159141596291501
31681,40681,High,High,0.8278762105363201,0.06110306971894478,0.11102071974473511
35080,44080,High,Medium,0.039492221959420724,0.04595086733162027,0.9145569107089591
29566,38566,High,High,0.9380038202426254,0.02873921396059218,0.0332569657967824
15940,24940,High,High,0.9261708854623834,0.036251216424452545,0.03757789811316418
36482,45482,Low,Low,0.039830331781525986,0.9274169410257792,0.032752727192694696
31399,40399,Low,Low,0.032643074949977764,0.9092717642282832,0.058085160821739173
32578,41578,Medium,Medium,0.03806398123550358,0.07153101092350528,0.8904050078409913
15409,24409,Medium,Medium,0.030549305391690863,0.03110541303695255,0.9383452815713568
1689,10689,Medium,Medium,0.029705526120857233,0.031431989479023294,0.9388624844001194
31988,40988,High,High,0.9131379863040031,0.03655051323812996,0.050311500457866955
39549,48549,High,High,0.9318472957136229,0.03058703080150434,0.03756567348487271
33063,42063,High,High,0.9333690933017125,0.031244859169019073,0.035386047529268494
5458,14458,Medium,Medium,0.03788308794695996,0.23968245323738266,0.7224344588156574
1985,10985,Medium,Medium,0.0343307333992504,0.031720284607182125,0.9339489819935674
7723,16723,Low,High,0.9346661131191757,0.030340873856482514,0.0349930130243418
9989,18989,Low,Low,0.031480985762619006,0.8569421793098838,0.1115768349274971
13249,22249,Medium,Medium,0.029019945015872673,0.028880598179772735,0.9420994568043546
4749,13749,Low,Low,0.040118059602275734,0.903281133685183,0.05660080671254125
35422,44422,Medium,Medium,0.0371103826634701,0.044825048316155414,0.9180645690203745
6982,15982,High,High,0.9367385289865636,0.029906238634831217,0.03335523237860505
5748,14748,Medium,Medium,0.03463713199718607,0.02971130688652289,0.9356515611162911
38229,47229,High,High,0.9405470713268539,0.02790685517530551,0.03154607349784059
16670,25670,Medium,Medium,0.04035568253563869,0.03775672485503286,0.9218875926093285
12960,21960,High,High,0.7807663504702944,0.03479603986761868,0.18443760966208686
31338,40338,High,High,0.9284003362247718,0.033391023137510224,0.03820864063771815
24040,33040,High,High,0.9375345657508943,0.029819390995923973,0.032646043253181684
30408,39408,Medium,Medium,0.07730368429357269,0.034013503310971555,0.8886828123954557
24115,33115,Low,Low,0.03848916327642898,0.929094747946035,0.032416088777536135
21652,30652,Medium,Medium,0.04812467054361266,0.03279086453527427,0.919084464921113
28395,37395,Medium,Low,0.030767788507909094,0.9150531508823482,0.05417906060974267
29956,38956,Medium,Medium,0.035350653289942795,0.04161081441724806,0.9230385322928093
8251,17251,Medium,Medium,0.035007542502990645,0.050615343925057545,0.9143771135719518
14976,23976,Low,Low,0.0353918756655908,0.8605960302178994,0.10401209411650982
32598,41598,High,High,0.9097717593009554,0.05199214707409123,0.03823609362495331
12007,21007,High,Medium,0.0344199434321919,0.034548891604232884,0.9310311649635752
38142,47142,Medium,Medium,0.03438675232898868,0.0429499129830903,0.9226633346879209
21978,30978,High,Low,0.03375784013664017,0.927844810110002,0.03839734975335795
20311,29311,Medium,Medium,0.03594333260822832,0.03098752008743985,0.9330691473043319
4800,13800,High,High,0.9341069614328837,0.030527295588379327,0.03536574297873698
7140,16140,Medium,Medium,0.0320911750805762,0.032477280988213696,0.9354315439312101
15479,24479,Medium,Medium,0.0320958337936926,0.030209475443504424,0.937694690762803
2002,11002,Medium,Medium,0.03248261744649135,0.031439154697232574,0.9360782278562763
4997,13997,High,High,0.9319313803677032,0.033702251311078825,0.034366368321217956
17068,26068,High,High,0.9275623920388977,0.03280691806109486,0.03963068990000762
32876,41876,Low,Low,0.030528697164395522,0.9284639395278075,0.0410073633077969
24170,33170,Low,Low,0.037028999770610437,0.9316893716817477,0.03128162854764185
29973,38973,Medium,Medium,0.0321625060346583,0.029926210731988038,0.9379112832333537
2047,11047,Low,Low,0.037609600068686196,0.7970039205173154,0.1653864794139984
17181,26181,Low,Medium,0.04150125851498615,0.15069411025788212,0.8078046312271318
11670,20670,Low,Low,0.03574929187688712,0.9327480300086757,0.03150267811443718
28228,37228,High,High,0.9034835708790997,0.03247699490120505,0.06403943421969516
24960,33960,Medium,Medium,0.03313178460882934,0.03982638343881239,0.9270418319523582
12352,21352,Low,Low,0.028736536562354618,0.9400652545173863,0.031198208920259055
12458,21458,High,High,0.9364199868399373,0.03096894594650319,0.03261106721355928
17318,26318,Low,Low,0.030682098235396502,0.9322622746211199,0.037055627143483635
25543,34543,High,High,0.9372086227128659,0.03016959996075115,0.032621777326382835
9379,18379,Low,Low,0.03898520198760372,0.9096722396045503,0.05134255840784602
16633,25633,Medium,Medium,0.03885205895228216,0.03250199973222969,0.9286459413154882
31780,40780,Low,Low,0.029895993408542498,0.9393062035453297,0.030797803046127743
32744,41744,Medium,Medium,0.04243294799692523,0.03840863431563938,0.9191584176874353
3439,12439,Medium,Medium,0.054616094688107915,0.23561718570896847,0.7097667196029236
22698,31698,High,High,0.9376752073258977,0.03075164693215641,0.031573145741946015
7304,16304,Low,Low,0.03147930515343749,0.9191469578312806,0.049373737015281915
4457,13457,Low,Low,0.029911134650814113,0.9387604412539708,0.03132842409521513
23194,32194,High,Medium,0.058861756266644936,0.03200597999877873,0.9091322637345763
12792,21792,High,High,0.9330348306914685,0.029590335360041423,0.037374833948490005
24220,33220,Medium,Medium,0.034888082927058216,0.030252470357160388,0.9348594467157815
1094,10094,Medium,Low,0.029783497539050987,0.9359546464429819,0.034261856017967086
23349,32349,Medium,Medium,0.03197638513063442,0.03170908158192353,0.9363145332874421
27065,36065,High,High,0.9333677865743443,0.032197198307164075,0.03443501511849171
37383,46383,Medium,Medium,0.03258375380099995,0.03348747115490499,0.9339287750440951
5466,14466,Medium,Medium,0.033591177883717675,0.03041123626495823,0.935997585851324
4322,13322,Medium,Medium,0.03776650551876889,0.0504218023755722,0.9118116921056588
25778,34778,Low,Medium,0.031233603839915067,0.030166586401781586,0.9385998097583034
35436,44436,High,High,0.9299767654814358,0.03394473524461753,0.03607849927394669
33294,42294,Medium,Medium,0.03607919338919761,0.04044806178623616,0.9234727448245662
38827,47827,Medium,Medium,0.03451982382729852,0.036271129429275295,0.9292090467434262
8486,17486,Medium,Medium,0.03428935382266381,0.034508352550737885,0.9312022936265983
22703,31703,Low,Low,0.031064921794257766,0.9189043237014102,0.050030754504331976
35958,44958,Medium,Low,0.032647030939657574,0.7710339751914291,0.19631899386891324
20043,29043,High,High,0.9370755639382096,0.030804752232892068,0.03211968382889824
1799,10799,Low,Low,0.036802399585011816,0.929014106090671,0.03418349432431707
9278,18278,Medium,Medium,0.03527426871252006,0.030721366344322237,0.9340043649431577
34028,43028,Medium,Medium,0.03042915038788936,0.03277263979882684,0.9367982098132838
10411,19411,Medium,Medium,0.03465863744217231,0.032147684606829326,0.9331936779509983
3217,12217,Low,Low,0.03600870194413433,0.9286181630186524,0.03537313503721331
27651,36651,Low,Low,0.0744004276964778,0.886505216578597,0.039094355724925
26203,35203,Medium,Medium,0.032438031427943714,0.03384923132098568,0.9337127372510706
6211,15211,Low,Low,0.02940357614206536,0.9398656365248547,0.030730787333080014
21823,30823,High,High,0.9369024166675285,0.029760399333133198,0.033337183999338264
5890,14890,Medium,Medium,0.034081682141598034,0.034775342056049895,0.9311429758023521
26086,35086,High,High,0.9296456056745441,0.031492777411751854,0.038861616913703864
24894,33894,Medium,Medium,0.033336989900637444,0.0316635319992695,0.9349994781000931
1208,10208,Medium,Medium,0.03287950313687457,0.030734028829838046,0.9363864680332874
37490,46490,Medium,Medium,0.0431224533753951,0.03901965106919265,0.9178578955554123
27211,36211,High,High,0.9333866183086027,0.032359127419864596,0.03425425427153263
9271,18271,Low,Low,0.05876240510191022,0.9079229988539885,0.033314596044101245
6794,15794,High,High,0.9322282965326342,0.032241203667877104,0.0355304997994887
25754,34754,Medium,Medium,0.03269487584096168,0.0334017343714454,0.9339033897875929
34901,43901,Medium,High,0.9232228634988058,0.031479055049273306,0.045298081451920824
2375,11375,Low,Low,0.033697980556322255,0.8461866160551699,0.1201154033885078
4760,13760,Low,Low,0.029200110783201772,0.9380339579728693,0.03276593124392898
27005,36005,Medium,Medium,0.035325672706612174,0.03373674753016869,0.9309375797632192
11291,20291,Low,Low,0.02984930368762249,0.9379808334171553,0.032169862895222244
1120,10120,Medium,Medium,0.0324300737959339,0.036640907539408685,0.9309290186646574
22465,31465,Low,Low,0.03056283925834689,0.9366394083643083,0.03279775237734489
6037,15037,Medium,Medium,0.037647544408500315,0.038770295794245624,0.9235821597972541
32088,41088,High,High,0.9291225055699054,0.037188945149250446,0.03368854928084422
35209,44209,Low,Low,0.03100100857494516,0.9346265441408933,0.034372447284161535
11792,20792,Low,Low,0.029351129675878995,0.9340166701604816,0.03663220016363932
28937,37937,High,High,0.6901744043922746,0.043188795496059064,0.2666368001116663
6356,15356,Medium,Medium,0.030633154223280678,0.032616152940089856,0.9367506928366294
35289,44289,Medium,Medium,0.03817810268956228,0.032375732796445254,0.9294461645139925
19705,28705,High,High,0.9356670781046986,0.03060344484984234,0.03372947704545908
2068,11068,Medium,Medium,0.0355120772874315,0.03366480005918645,0.930823122653382
28459,37459,Medium,Medium,0.3318696921077012,0.03689318696357539,0.6312371209287234
35051,44051,Medium,Medium,0.030825459133337816,0.03012159781287603,0.9390529430537861
39562,48562,Medium,Medium,0.03126560555063235,0.03455645118677259,0.9341779432625952
9023,18023,High,High,0.9367774691303027,0.029737643551668285,0.03348488731802909
21046,30046,Medium,Medium,0.03938408615296957,0.03322571766102054,0.9273901961860099
12245,21245,Medium,Medium,0.03221082809038153,0.03028792334325614,0.9375012485663623
654,9654,Low,Low,0.031008671437227613,0.9248635788226688,0.04412774974010358
1382,10382,Low,Low,0.031134037679717463,0.9243685898710509,0.04449737244923172
10968,19968,Medium,Medium,0.03406915377244644,0.03687745241670851,0.929053393810845
13119,22119,Medium,Medium,0.030521836106954147,0.031759910041993376,0.9377182538510525
29736,38736,Low,Low,0.030060822425371874,0.9384980942603697,0.03144108331425849
33286,42286,Medium,Medium,0.21112873404157825,0.0670030131902805,0.7218682527681413
19394,28394,Low,Low,0.034804059657249066,0.9171261446072152,0.048069795735535825
2967,11967,Medium,Medium,0.03313820217203233,0.06089017079412134,0.9059716270338463
37967,46967,Low,Low,0.03526770451106056,0.9284297908856574,0.036302504603282146
31482,40482,Low,High,0.9205050834743017,0.04210965636921036,0.03738526015648796
34744,43744,Medium,Medium,0.033253372151429095,0.03161187337613019,0.9351347544724407
82,9082,Medium,Medium,0.03455362027161801,0.031690345802802646,0.9337560339255794
16085,25085,Low,Low,0.03925999188234755,0.9238515828390591,0.036888425278593456
18437,27437,Medium,Medium,0.03120909799572513,0.03252747767369789,0.9362634243305769
29095,38095,Low,Low,0.02933813348670608,0.9379184488083038,0.032743417704990216
15572,24572,High,High,0.9391850018215607,0.0294942390189524,0.031320759159486844
26220,35220,Medium,Medium,0.030896583823253113,0.03009792977530576,0.9390054864014411
28508,37508,Low,Low,0.032529935231468236,0.9132005957158292,0.054269469052702544
39661,48661,Medium,Medium,0.029554808172809893,0.031644533142550196,0.9388006586846398
15277,24277,Medium,Medium,0.04729361500164872,0.032898843102028626,0.9198075418963226
7869,16869,High,High,0.9285488493815682,0.03403127750270528,0.03741987311572655
37296,46296,Medium,Medium,0.03282360206826628,0.03374112811214792,0.9334352698195859
38668,47668,High,High,0.9379223175149597,0.030654553881343135,0.03142312860369715
8282,17282,Medium,Medium,0.04314391262957932,0.034966980776380725,0.9218891065940399
31981,40981,Low,Low,0.03681316261815124,0.8961359245961646,0.06705091278568419
4006,13006,High,High,0.9339600694686115,0.0317321347017468,0.034307795829641656
11497,20497,Medium,Medium,0.03119296362004047,0.03244252226804439,0.9363645141119151
12116,21116,Low,Low,0.030289906825072575,0.9338871194244266,0.035822973750500815
27133,36133,Low,Low,0.031079964776884027,0.869094830071322,0.09982520515179388
35565,44565,Low,Low,0.039342452030019036,0.9255501600526209,0.03510738791735999
25612,34612,Medium,Medium,0.032155318069945364,0.03266912956887374,0.9351755523611809
18483,27483,Medium,Medium,0.03732578577945106,0.030717485292115276,0.9319567289284336
13425,22425,Medium,Medium,0.03279090166504324,0.030473159054176777,0.9367359392807799
34001,43001,Medium,Low,0.035281927293485754,0.834197728678217,0.13052034402829735
7452,16452,Medium,Medium,0.031872320124854726,0.03132451482411452,0.9368031650510308
13505,22505,Low,Low,0.038018437814956806,0.7999685632572673,0.16201299892777588
24251,33251,High,High,0.9330567163290656,0.03134366260158743,0.03559962106934688
28669,37669,Medium,Medium,0.04287119302389325,0.03662155402505695,0.9205072529510497
24927,33927,Low,Low,0.029925305985336614,0.9375559952382986,0.03251869877636491
4394,13394,Medium,Low,0.04704185325871064,0.5992795426219614,0.35367860411932805
24475,33475,Medium,Medium,0.04673570523033274,0.03149349439275983,0.9217708003769074
21755,30755,Low,Low,0.03023019435151232,0.9377663327222936,0.03200347292619413
7786,16786,Medium,Medium,0.031956057343450216,0.028704235606595838,0.9393397070499541
16772,25772,Medium,Medium,0.17957523864442315,0.042351442225815085,0.7780733191297617
29664,38664,Low,Low,0.029639555338704816,0.9345582900585967,0.03580215460269855
24189,33189,Low,Low,0.03539082509397031,0.9314733450144161,0.033135829891613504
18913,27913,Medium,Medium,0.03221470134395107,0.03589123932046195,0.931894059335587
16795,25795,Low,Low,0.029212292146461913,0.9390903045045208,0.03169740334901714
20598,29598,Medium,Medium,0.04054680858675272,0.031377162724027366,0.9280760286892201
35177,44177,High,High,0.9272457076933435,0.03314776098023805,0.039606531326418504
14006,23006,High,High,0.9334231285373878,0.031487229819558656,0.03508964164305352
27316,36316,Medium,Medium,0.03815792621708312,0.07878850789725804,0.8830535658856588
5516,14516,Low,Low,0.033852697972480784,0.9322210538126576,0.033926248214861614
4722,13722,Medium,Medium,0.03181410341261706,0.03206332930459322,0.9361225672827898
21116,30116,High,High,0.9299525845321784,0.032695179428167694,0.03735223603965397
26353,35353,Medium,Medium,0.0331232545257479,0.03546225395748933,0.9314144915167627
25506,34506,High,High,0.9039782991663573,0.055164470785453314,0.04085723004818947
38100,47100,Low,Low,0.03934780056013335,0.9285703699769882,0.032081829462878506
20258,29258,Low,Medium,0.034659466795922904,0.034111037422586456,0.9312294957814906
19281,28281,Medium,Low,0.029691315315912643,0.937732304958601,0.03257637972548625
32303,41303,Medium,Medium,0.03285930913635865,0.03280171661513228,0.934338974248509
11614,20614,High,High,0.9356230819434672,0.03150135109586525,0.0328755669606675
24828,33828,High,High,0.9278274149008773,0.03264120564998401,0.0395313794491387
21531,30531,High,High,0.9370117016821763,0.028419512936292277,0.03456878538153144
34492,43492,Medium,Medium,0.031722755964089834,0.03318427406995162,0.9350929699659586
10046,19046,Medium,Medium,0.03446105411940393,0.03251303752156231,0.9330259083590337
1961,10961,Medium,Low,0.028942888216709598,0.9390743369571176,0.03198277482617263
22468,31468,Medium,Medium,0.04992390420222048,0.031735177536434254,0.9183409182613452
19644,28644,Medium,Medium,0.046052042190471015,0.03356350906750539,0.9203844487420235
12266,21266,High,High,0.9337359604034301,0.0314093284032341,0.03485471119333576
22639,31639,Medium,Medium,0.04002496673676961,0.0401005774569666,0.9198744558062639
15834,24834,Medium,Medium,0.030436224954274647,0.032387102008343514,0.9371766730373818
27547,36547,Medium,Medium,0.03287833143435367,0.03334552727281948,0.9337761412928268
9493,18493,Medium,Medium,0.03342310944832373,0.0312624326747879,0.9353144578768884
14088,23088,Medium,High,0.9355750443774902,0.029507129745123612,0.03491782587738627
8146,17146,High,High,0.9387015785476661,0.029418283859638333,0.031880137592695534
21067,30067,Medium,Medium,0.03159810962744225,0.029435747329833676,0.9389661430427241
29680,38680,High,High,0.9369423381779969,0.031037658718195724,0.032020003103807364
1217,10217,Medium,Medium,0.04056496056285094,0.032189715236355665,0.9272453242007934
872,9872,High,High,0.9141284879425488,0.05091315175778177,0.03495836029966953
7343,16343,Medium,Medium,0.03176134006141449,0.032166011723975395,0.9360726482146101
1377,10377,Low,Low,0.03278196120670957,0.8918084492116566,0.07540958958163373
30094,39094,Low,Low,0.03299356597435926,0.9312245823572307,0.03578185166841004
17693,26693,Low,Low,0.03420529668200093,0.9289635200144776,0.036831183303521524
2590,11590,Low,Low,0.028811210212469435,0.9401821834572047,0.031006606330325707
37132,46132,Medium,Medium,0.03406651876963286,0.0363419565593649,0.9295915246710021
6679,15679,High,High,0.9327472873141324,0.03324650577616443,0.034006206909703164
21496,30496,High,High,0.937575216138733,0.030098504256781542,0.032326279604485496
15476,24476,High,Low,0.030084798117906084,0.937278066938902,0.03263713494319175
4979,13979,Medium,Medium,0.03108665432921708,0.029800607133823053,0.9391127385369599
1981,10981,Medium,Medium,0.24107421114796387,0.04008284849292258,0.7188429403591136
26184,35184,Medium,Medium,0.030603934403089995,0.03333381860616923,0.9360622469907408
33090,42090,Low,Low,0.032634111946752246,0.9225329000594261,0.04483298799382159
2617,11617,Low,Low,0.02886935745802342,0.9399504719232423,0.03118017061873418
21342,30342,Medium,Medium,0.03270270596399348,0.03185101188219657,0.93544628215381
5624,14624,Medium,Medium,0.03045496318407759,0.031717692056448976,0.9378273447594735
1400,10400,Medium,Medium,0.03262681258811092,0.0342349154211482,0.933138271990741
32828,41828,Medium,Medium,0.033909862164464614,0.03202099445246115,0.9340691433830743
39130,48130,Low,Low,0.029187603828393218,0.9400948052234268,0.03071759094818004
22469,31469,Low,Low,0.038356554343535375,0.923733352174613,0.037910093481851564
27397,36397,Low,Low,0.03178611628616276,0.920258255644146,0.04795562806969126
11148,20148,High,Medium,0.06327740032412724,0.034998034681109014,0.9017245649947639
25851,34851,Medium,Medium,0.03128951696084576,0.036265341576403654,0.9324451414627507
2925,11925,Low,Low,0.03050844652592963,0.9365309153044489,0.03296063816962159
17368,26368,Medium,Medium,0.035380819455796,0.03524267090850675,0.9293765096356972
24933,33933,Low,Low,0.029769350501979482,0.9374034557865579,0.03282719371146262
4543,13543,High,High,0.9227922633734758,0.03365471447890829,0.04355302214761602
31372,40372,Medium,Medium,0.03753984305430058,0.03415638348854295,0.9283037734571563
2713,11713,Medium,Medium,0.031071894908654123,0.037807962967837984,0.9311201421235079
9525,18525,Medium,Medium,0.03744045841353877,0.03776422422690238,0.924795317359559
25034,34034,Medium,Medium,0.030767840132528073,0.030552245816099496,0.9386799140513725
26266,35266,Low,Low,0.028892101784044995,0.9354583784214667,0.03564951979448813
35873,44873,Medium,Medium,0.04093136106890585,0.031228578181048686,0.9278400607500453
9138,18138,High,High,0.9137552717371878,0.05353586567719379,0.03270886258561842
32466,41466,Medium,Medium,0.0302697082999137,0.030869075198606277,0.93886121650148
3402,12402,Medium,Medium,0.0570255132591406,0.03917476244179374,0.9037997242990657
30628,39628,Medium,Medium,0.0442472053778524,0.03152261012410034,0.9242301844980473
3527,12527,Low,Low,0.0324999200228261,0.9354908768393333,0.032009203137840586
27367,36367,Medium,Medium,0.04726817374675755,0.09306880730891724,0.8596630189443252
30923,39923,Low,Low,0.03421789338381318,0.9334646396866496,0.032317466929537304
9261,18261,High,High,0.9378639567388717,0.029712510373119613,0.032423532888008734
28651,37651,Medium,Medium,0.030744801686009127,0.033681431533983286,0.9355737667800076
38513,47513,Medium,Medium,0.032364300201352426,0.03178657092895268,0.935849128869695
10005,19005,High,High,0.9354401547700224,0.03194041863467686,0.0326194265953008
15532,24532,Medium,Medium,0.032403069296858995,0.02980522023209256,0.9377917104710485
31991,40991,Medium,Medium,0.029968906366809964,0.028587809862637942,0.9414432837705521
9627,18627,High,High,0.9104887496568644,0.040137647556164405,0.04937360278697119
7401,16401,High,High,0.9352398646056425,0.029833430002634678,0.03492670539172276
23316,32316,Medium,Medium,0.03173075272713162,0.03135524585928607,0.9369140014135824
29462,38462,Medium,Medium,0.0324766973462813,0.1314138854674687,0.83610941718625
19064,28064,Medium,Medium,0.04110809788741123,0.03410256645289444,0.9247893356596943
34593,43593,Medium,Medium,0.0342721113218574,0.03334757892421861,0.932380309753924
4984,13984,High,High,0.7806957644449968,0.04374041630192713,0.17556381925307615
32047,41047,Medium,Medium,0.03085653406776777,0.029255943063618953,0.9398875228686133
11666,20666,High,High,0.9130509798357688,0.041969803722737044,0.044979216441494246
38031,47031,Low,Low,0.03951067613670868,0.5798106137611111,0.38067871010218024
37527,46527,High,High,0.9258811711689702,0.030789681673335043,0.043329147157694786
34702,43702,High,High,0.9343207324764663,0.032102648594988625,0.033576618928544875
3646,12646,High,Medium,0.03333069755546397,0.07085010970167827,0.8958191927428579
3242,12242,Medium,Medium,0.031260295342665896,0.030987740448775503,0.9377519642085587
36417,45417,High,High,0.7825673232896379,0.045759209137201245,0.1716734675731609
17682,26682,Medium,Medium,0.03467224661281219,0.032176368361811175,0.9331513850253765
24307,33307,High,High,0.9387561174381838,0.029813603361441038,0.03143027920037514
7547,16547,High,High,0.9091201176501388,0.05417869670282521,0.036701185647035874
23852,32852,High,High,0.9330372499850683,0.028073161300672167,0.03888958871425945
35664,44664,Low,Low,0.039360542830887406,0.9208540831912787,0.039785373977833945
14852,23852,High,High,0.9154445857019051,0.049865772523359574,0.03468964177473529
8066,17066,Low,Low,0.029826453395954414,0.9390874812276763,0.031086065376369324
23454,32454,Medium,Medium,0.03414609008485308,0.033993700049931186,0.9318602098652157
24158,33158,Low,Low,0.031084619243439294,0.9328749866729401,0.03604039408362051
22893,31893,Medium,Medium,0.03223724045396915,0.030344570727307802,0.9374181888187231
24181,33181,High,High,0.9377609931169105,0.030343323554591312,0.03189568332849816
2233,11233,High,High,0.5937100935343192,0.032160182178074655,0.37412972428760605
13296,22296,Medium,Medium,0.037546628138619725,0.03304807039765511,0.9294053014637251
21866,30866,Low,Low,0.038469417440944086,0.8991008036447021,0.06242977891435377
17031,26031,Low,Low,0.031001735828764785,0.9357113378571741,0.03328692631406125
34086,43086,Low,Low,0.035989215407657905,0.9293812993477247,0.034629485244617224
20399,29399,Medium,Medium,0.035816460129988105,0.035843656708281595,0.9283398831617302
24215,33215,Low,Low,0.03598519806662676,0.9205337277797626,0.043481074153610653
4619,13619,Medium,Medium,0.03718881362698579,0.038355767782603065,0.9244554185904111
16558,25558,Low,Low,0.0314696749977929,0.9343179381379111,0.03421238686429598
12087,21087,Low,Low,0.038408756978138114,0.9301059924771334,0.031485250544728505
16528,25528,Medium,Medium,0.03244710340569546,0.030087450150898056,0.9374654464434066
20309,29309,Medium,Medium,0.03502064621175923,0.034513468714070024,0.9304658850741708
5507,14507,Medium,Medium,0.03027016665701863,0.03182962563642152,0.9379002077065599
26244,35244,Medium,Medium,0.030126099074904614,0.031803215796561785,0.9380706851285336
21242,30242,Medium,Medium,0.036197019169405674,0.04105791722336861,0.9227450636072256
3147,12147,High,High,0.9373329118601776,0.03049231352255397,0.0321747746172683
29025,38025,High,High,0.9314350441094517,0.032171954407029364,0.036393001483518955
31395,40395,Low,Low,0.029237346269058148,0.9362748192541455,0.03448783447679637
21616,30616,Low,Low,0.0303740771038396,0.9327909427560303,0.03683498014013011
33371,42371,Medium,Medium,0.029640478855746222,0.02895245468919058,0.9414070664550632
24104,33104,Low,Low,0.028907304244325,0.9405118230368589,0.03058087271881634
14547,23547,High,High,0.9328505347947008,0.03213383466963857,0.03501563053566058
39329,48329,High,High,0.9242140002658403,0.03351033874192155,0.04227566099223804
35271,44271,Medium,Medium,0.037700306418461164,0.04274645297828341,0.9195532406032555
10499,19499,Low,Low,0.034322769779330325,0.9341251407461127,0.0315520894745571
2240,11240,Medium,Medium,0.03277264647874293,0.03197916351163899,0.935248190009618
34375,43375,High,High,0.939345856384686,0.029114226541494898,0.031539917073819014
28218,37218,Medium,Medium,0.034819133924395194,0.05202939275072734,0.9131514733248774
5350,14350,Medium,Medium,0.032335334381532556,0.03263411266996246,0.935030552948505
36018,45018,Low,Low,0.03548369959594442,0.9296614838753117,0.03485481652874387
3592,12592,High,High,0.9362276959503951,0.02796491903216937,0.035807385017435474
2270,11270,High,High,0.9303610804831223,0.03539426327923877,0.034244656237639025
17817,26817,Medium,Medium,0.03231946266368205,0.033220255243752474,0.9344602820925654
3453,12453,Medium,Medium,0.029854824755629273,0.030579795994284897,0.9395653792500859
18228,27228,Medium,Medium,0.030259891047517067,0.029688796406661694,0.9400513125458212
33237,42237,Medium,Medium,0.0352264500540747,0.041464365136592594,0.9233091848093328
19176,28176,Medium,Medium,0.035080579912799024,0.030444596692798465,0.9344748233944026
38747,47747,Medium,Medium,0.06697568210974604,0.04311725104084643,0.8899070668494075
13225,22225,Low,Low,0.030406764799483333,0.9379267499814224,0.03166648521909416
26578,35578,Medium,Medium,0.030277912073502597,0.029049232503212463,0.9406728554232849
20234,29234,Low,Low,0.03993440754286612,0.9169945049735255,0.04307108748360831
13316,22316,Medium,Medium,0.03158761299680791,0.031209434612483256,0.9372029523907087
8114,17114,Medium,Medium,0.03147833928502993,0.033935681531344075,0.934585979183626
6892,15892,High,High,0.9331042347793407,0.030891947150063746,0.036003818070595536
16780,25780,High,High,0.9349109691152563,0.032296833391934475,0.03279219749280924
31511,40511,Medium,Medium,0.03818603709367183,0.03338916216269866,0.9284248007436297
34563,43563,Medium,Medium,0.03020896786601272,0.0304462289594671,0.9393448031745203
6554,15554,Low,Low,0.029463103530770956,0.9393004481342663,0.031236448334962853
13319,22319,Medium,Medium,0.0329617226560397,0.03203182021271366,0.9350064571312467
7925,16925,Medium,Medium,0.03860272769207324,0.03075218808384686,0.9306450842240799
22824,31824,High,High,0.9372967036067653,0.029465570602940347,0.033237725790294305
4174,13174,Low,High,0.9190854948583832,0.0392069043653375,0.0417076007762792
6245,15245,Medium,Medium,0.037415277459349604,0.0350368473539714,0.9275478751866789
881,9881,Low,Low,0.03164203616114803,0.935103169665747,0.033254794173104944
2957,11957,Medium,Medium,0.03514005205137774,0.039245169856710185,0.9256147780919121
34915,43915,Medium,Medium,0.031384324636264636,0.03187172126472874,0.9367439540990067
22749,31749,Medium,Medium,0.0332559658167152,0.03276794992023734,0.9339760842630476
19369,28369,Low,Medium,0.03530534605938707,0.03502730183570718,0.9296673521049058
17740,26740,Medium,Medium,0.03464903466958621,0.03404768619874225,0.9313032791316717
462,9462,High,High,0.9379750948069853,0.029089714204919685,0.03293519098809492
11373,20373,Low,Low,0.0348814406477631,0.8064990158880202,0.15861954346421672
14806,23806,Medium,Medium,0.034510675939627644,0.033220253918861846,0.9322690701415105
20166,29166,Medium,Medium,0.03343419097331641,0.03227384884143041,0.9342919601852532
39704,48704,Medium,Medium,0.03142890575853658,0.029084674067279517,0.9394864201741839
4021,13021,High,High,0.9351883093700121,0.03157380117059843,0.033237889459389415
36882,45882,Medium,Medium,0.039836139884589346,0.2147150984723835,0.7454487616430271
21301,30301,Medium,Medium,0.03255732380645086,0.029663955395925895,0.9377787207976231
8084,17084,Medium,Medium,0.03220767594869502,0.03176608813763381,0.9360262359136712
35059,44059,High,High,0.9346301620073413,0.030532449109687016,0.0348373888829716
29012,38012,High,High,0.9351069503865664,0.03073816803149687,0.03415488158193677
23638,32638,Medium,Medium,0.038393364335634575,0.038962359264106544,0.9226442764002588
6592,15592,Medium,Medium,0.03743134008949963,0.03840854368073662,0.9241601162297637
34705,43705,Medium,Medium,0.03228909376662225,0.03618048964863017,0.9315304165847476
31339,40339,Medium,Medium,0.03281508223175156,0.030473526276071167,0.9367113914921772
33736,42736,Low,Low,0.030669282061306525,0.9362431302577842,0.0330875876809093
23215,32215,Low,Low,0.03541517737938311,0.9310229724372093,0.03356185018340762
20061,29061,Low,Low,0.0296595219715424,0.9381628172824011,0.0321776607460564
7077,16077,Low,Low,0.031458527191558484,0.9336753453183801,0.03486612749006141
13224,22224,Medium,Medium,0.039638435028425005,0.03634678435080838,0.9240147806207667
13312,22312,High,High,0.936503783478595,0.030337645732551932,0.03315857078885314
7500,16500,Low,Low,0.03828871847617151,0.9138048172059449,0.0479064643178837
2532,11532,Low,Low,0.04224826116557584,0.9209234672526314,0.03682827158179271
10905,19905,Low,Low,0.03104017197645051,0.9142733891391295,0.05468643888441995
26013,35013,Medium,Medium,0.029888071407649968,0.0326624675106619,0.937449461081688
24848,33848,Medium,Medium,0.035222053213926456,0.03397457552394723,0.9308033712621263
24622,33622,Medium,Medium,0.032506662906644355,0.02986598740258867,0.937627349690767
10602,19602,Medium,Medium,0.031057143176139782,0.02883110113713408,0.9401117556867261
16454,25454,Medium,Medium,0.030330399392723983,0.029017197667692184,0.9406524029395839
98,9098,Medium,Medium,0.03294453391696071,0.03300180776511394,0.9340536583179254
24977,33977,Medium,Medium,0.029684479840673166,0.028690931619656412,0.9416245885396703
22675,31675,Medium,Medium,0.03757910038617561,0.05268535116226878,0.9097355484515557
31349,40349,Medium,Medium,0.03300948669060463,0.045548039086604146,0.9214424742227911
26055,35055,Low,Low,0.030272317609902465,0.9380828144380892,0.03164486795200829
8055,17055,Low,Low,0.03224792723010746,0.9306006089221084,0.03715146384778419
10013,19013,Low,Low,0.03231965733820568,0.9329591107331737,0.03472123192862057
10753,19753,Medium,Medium,0.03220830608580102,0.03180447399357932,0.9359872199206197
20571,29571,High,High,0.9356411662445194,0.02958647401066086,0.03477235974481973
10266,19266,High,High,0.9059845507966148,0.05134859699415911,0.04266685220922606
33977,42977,Medium,Medium,0.033727819092992245,0.07176884228014292,0.8945033386268649
7554,16554,Low,Low,0.02966806591128686,0.9092448275701518,0.061087106518561196
31499,40499,Low,Low,0.029823656122240274,0.9371485194291315,0.03302782444862806
34950,43950,Low,Low,0.03249570606980465,0.9304024012167721,0.03710189271342328
39674,48674,Medium,Medium,0.0335766323115105,0.038683418114918454,0.9277399495735711
1988,10988,Medium,Medium,0.045481522039648815,0.03501132660200066,0.9195071513583505
7358,16358,Low,Low,0.035256193633391386,0.9311709369554299,0.03357286941117884
5361,14361,Medium,Medium,0.03113137907263437,0.03008876385601143,0.9387798570713541
39863,48863,Medium,Medium,0.03694137688615622,0.03607626930134692,0.9269823538124968
31833,40833,High,High,0.935172568201724,0.032370165660855724,0.03245726613742028
34866,43866,High,High,0.9254027720680494,0.036782722324995576,0.03781450560695495
5791,14791,Low,Low,0.032140415926848305,0.9326073222376667,0.03525226183548497
1939,10939,Low,Low,0.028715301856166425,0.9399077590324799,0.03137693911135351
23212,32212,Medium,Medium,0.0322494116761786,0.043790491840299976,0.9239600964835214
26923,35923,Medium,Medium,0.034920074923223084,0.03936182185047948,0.9257181032262974
405,9405,High,High,0.7829571845653177,0.04322446433075136,0.17381835110393093
22122,31122,Low,Low,0.03027200358321599,0.9382654178354267,0.031462578581357196
8873,17873,High,High,0.9229478305193514,0.037376352676208265,0.0396758168044403
28837,37837,Medium,Medium,0.035902303369048656,0.03757495638680364,0.9265227402441476
24871,33871,Medium,Medium,0.03288437759081935,0.03121788711793134,0.9358977352912493
10572,19572,Low,Low,0.03787928832101877,0.8975766158833661,0.06454409579561521
11826,20826,High,High,0.9314564438000202,0.03397072690102335,0.034572829298956366
20241,29241,Medium,Medium,0.03299277079268359,0.03653129056981466,0.9304759386375018
18434,27434,Medium,Medium,0.03190137206926144,0.030181996901617155,0.9379166310291214
10295,19295,High,High,0.8515418490601997,0.04425910007464811,0.1041990508651522
8513,17513,Medium,Medium,0.03070588779595682,0.030163176285075522,0.9391309359189677
37368,46368,High,High,0.9251954039813935,0.03616791205584997,0.038636683962756484
11379,20379,Medium,Medium,0.03135178962644337,0.03082259892443649,0.9378256114491202
28790,37790,Low,Low,0.029904173597968348,0.9309049155693937,0.03919091083263789
31605,40605,High,High,0.933069908297805,0.03125595720383081,0.03567413449836424
14208,23208,Low,Low,0.0356283367413768,0.9267404521085831,0.03763121115004009
24247,33247,Low,Low,0.0495147047926968,0.870986122607933,0.07949917259937028
17037,26037,Medium,Medium,0.030764783664108845,0.029944566247485257,0.939290650088406
24185,33185,Medium,Medium,0.033695228059825603,0.039504053755427336,0.926800718184747
37985,46985,Low,Low,0.031403098333862046,0.9334496833878742,0.035147218278263864
29519,38519,Medium,High,0.9244960073990328,0.03031108566864139,0.045192906932325826
29041,38041,Low,Low,0.03493154517739997,0.9078964649089235,0.057171989913676495
4561,13561,Medium,Medium,0.03174090876901219,0.033005247001991714,0.935253844228996
19139,28139,High,High,0.9377925443820462,0.02989506763930624,0.03231238797864771
30417,39417,High,High,0.9403790595273095,0.028696555107983784,0.030924385364706746
24501,33501,High,High,0.9352388763167783,0.03186955704780071,0.03289156663542098
13069,22069,High,High,0.9343033076315161,0.030939281463604085,0.03475741090487985
21339,30339,Medium,Medium,0.03363641984009155,0.03431239853709235,0.9320511816228162
31995,40995,Medium,Medium,0.04337188411794015,0.17279577772558716,0.7838323381564726
1282,10282,Medium,Medium,0.031230409747776383,0.03078490814892584,0.9379846821032979
17118,26118,High,Medium,0.03427820695546358,0.032274974135042496,0.933446818909494
6990,15990,Low,Low,0.03251119876908801,0.9113913638320419,0.056097437398870076
7518,16518,Medium,Medium,0.0323358085132956,0.03163117211092705,0.9360330193757774
26832,35832,Medium,Medium,0.03402315369920652,0.03173502895600953,0.934241817344784
12644,21644,Medium,Medium,0.033507068664239116,0.031392098244929334,0.9351008330908316
15032,24032,High,High,0.9284295215691643,0.03732246969493794,0.034248008735897735
12700,21700,High,Medium,0.03144401385612094,0.030527152975375848,0.9380288331685032
21972,30972,High,High,0.9239486326152182,0.03779531444585794,0.038256052938923805
4937,13937,Low,Low,0.037083237457635705,0.7306451521196659,0.23227161042269842
15951,24951,Medium,Medium,0.031983870677745864,0.0333119032314827,0.9347042260907714
29357,38357,High,High,0.9325619567815627,0.034708771626882726,0.03272927159155458
18121,27121,Medium,Medium,0.03413433628323972,0.030321579621172445,0.9355440840955879
21890,30890,High,High,0.9312171267404703,0.032551838652805656,0.03623103460672403
3869,12869,Medium,Medium,0.03152548211462063,0.0325484634626625,0.9359260544227168
329,9329,Medium,Medium,0.040993560166106606,0.030487894970986223,0.9285185448629072
9764,18764,Medium,Medium,0.031854090269925854,0.02969994730346044,0.9384459624266137
14837,23837,Low,Low,0.0329633359620155,0.9273322672258043,0.03970439681218026
21120,30120,Medium,Medium,0.0311523115725313,0.03005661863799707,0.9387910697894716
23806,32806,Medium,Medium,0.029806595657020447,0.029279408261987733,0.9409139960809917
5525,14525,Medium,Medium,0.03694436677894438,0.4188879034053645,0.544167729815691
23039,32039,High,High,0.934807034108827,0.030501565894975397,0.0346913999961975
16360,25360,Medium,Medium,0.07282978950472004,0.034730854130594326,0.8924393563646857
18439,27439,Low,Low,0.03945592652588328,0.9105600216501134,0.049984051824003256
16112,25112,High,High,0.93291278112904,0.031422857034002966,0.03566436183695711
25030,34030,Medium,Medium,0.0320801502424328,0.03564686542131876,0.9322729843362484
25894,34894,Medium,Medium,0.03214722610568176,0.0304714782337642,0.9373812956605541
25040,34040,High,High,0.581321789512415,0.037657275868975236,0.3810209346186098
19866,28866,Medium,Medium,0.03844468520729047,0.03562137941366544,0.9259339353790441
25581,34581,Medium,Medium,0.03277503089727663,0.05169014885839938,0.915534820244324
29760,38760,Medium,Medium,0.03048736675671257,0.031751775427773805,0.9377608578155135
19752,28752,Medium,Medium,0.031419918201500106,0.034068057567192854,0.9345120242313071
32542,41542,High,High,0.9383560388489279,0.029442870384315607,0.03220109076675632
37817,46817,High,High,0.9344279101497056,0.031345006741996334,0.034227083108298244
17861,26861,High,High,0.9248551312478216,0.03287001947257857,0.04227484927959982
23949,32949,Medium,Medium,0.033901031898710396,0.03889061451440573,0.9272083535868839
18762,27762,High,High,0.9342020614356633,0.03244590815243499,0.03335203041190158
27929,36929,Medium,Medium,0.03338575775338129,0.03097361420314998,0.9356406280434686
29872,38872,High,High,0.930237380907245,0.030746395309531566,0.0390162237832234
38241,47241,Low,High,0.9321571282367311,0.03280880899683675,0.03503406276643203
29681,38681,Low,Medium,0.02922108336468607,0.02852510602834431,0.9422538106069696
9783,18783,Low,Low,0.031079577907073067,0.9356461786749165,0.03327424341801045
23712,32712,Medium,Medium,0.0327577983993653,0.03059264327183085,0.9366495583288038
25256,34256,High,High,0.9334403430956032,0.03117361897677147,0.03538603792762529
27484,36484,Low,Low,0.03640711223590002,0.826846308069284,0.13674657969481596
18593,27593,Low,Low,0.029990208918099708,0.936231478181074,0.0337783129008264
38226,47226,Low,Low,0.030921099936208035,0.9323028148553126,0.03677608520847931
4252,13252,Low,Low,0.046353346326434126,0.8730809101589929,0.08056574351457296
7148,16148,Low,Low,0.031267698244651185,0.9339944735737286,0.03473782818162018
33659,42659,Low,Low,0.03039728073225445,0.9386676916595705,0.030935027608175125
10335,19335,Low,Low,0.03460745491833071,0.9300261705981806,0.03536637448348867
9287,18287,Medium,Medium,0.03300006305769864,0.036005383307059456,0.9309945536352419
20710,29710,High,High,0.937411505337698,0.02985496493838365,0.032733529723918305
23757,32757,Medium,Medium,0.04171395295657729,0.04740999348658814,0.9108760535568345
19198,28198,Low,Low,0.03134340049004322,0.9362259672743874,0.03243063223556937
21200,30200,Medium,Medium,0.03291634785913861,0.03682605384500657,0.9302575982958549
14148,23148,Medium,Medium,0.0320313357031024,0.03496063372196148,0.9330080305749361
33185,42185,Medium,Medium,0.032513742264288194,0.03418419651720813,0.9333020612185036
31777,40777,Low,Low,0.03115533375561234,0.9338409504515419,0.035003715792845745
29344,38344,Medium,Medium,0.04347168768142536,0.04072635662425599,0.9158019556943188
30363,39363,Medium,Medium,0.029641557991410602,0.029053127311718326,0.9413053146968711
20723,29723,Medium,Medium,0.03313229702863068,0.03419619111255902,0.9326715118588104
5990,14990,Low,Low,0.03544877360447531,0.9238437398790144,0.04070748651651035
23754,32754,High,Medium,0.03385788122830933,0.03149638326796513,0.9346457355037255
31840,40840,High,High,0.9392174750864415,0.029623914681685515,0.031158610231873107
16701,25701,Low,Low,0.032121708148726245,0.9329689098308539,0.034909382020419814
2557,11557,Low,Low,0.030353947706436273,0.9341967961779609,0.03544925611560282
31914,40914,Low,Low,0.04778379347544754,0.8836852068161113,0.06853099970844113
2882,11882,Low,Low,0.03515170965489733,0.9286704802636415,0.03617781008146113
16469,25469,Medium,Medium,0.03370908068794896,0.07896178503160324,0.8873291342804478
35574,44574,Medium,Medium,0.031667016391690096,0.031083933392698843,0.9372490502156111
27595,36595,Medium,Medium,0.038197718348002334,0.03219683359102408,0.9296054480609737
227,9227,Low,Low,0.03209919998253257,0.9319712594951213,0.03592954052234621
7795,16795,High,Low,0.03292729789279239,0.9273794080442285,0.0396932940629791
39753,48753,High,High,0.933041068506519,0.029307157097606215,0.0376517743958747
10269,19269,Medium,Medium,0.033111022217462906,0.030422553846697304,0.9364664239358397
39951,48951,Medium,Medium,0.03215087291945639,0.029451832710827245,0.9383972943697164
25143,34143,Medium,Medium,0.032119714786499526,0.034257661443443214,0.9336226237700572
1594,10594,High,High,0.9374338504586229,0.02973905053600379,0.03282709900537341
14798,23798,Low,Low,0.036270363032951045,0.9233247101382019,0.0404049268288471
5809,14809,High,High,0.9335011520649469,0.0338313800524532,0.03266746788259992
14264,23264,High,High,0.9353265603706621,0.03015750874807426,0.034515930881263666
13891,22891,High,High,0.9363059271350581,0.029200567103311138,0.034493505761630676
36676,45676,Medium,Medium,0.03379581676688347,0.03706818125493201,0.9291360019781845
26805,35805,Medium,High,0.929493583823645,0.031277777366046894,0.03922863881030807
12529,21529,Medium,High,0.9221632680998231,0.03548371203832955,0.04235301986184736
35381,44381,Medium,Medium,0.037168185136689194,0.036391296605769174,0.9264405182575416
15490,24490,Medium,Medium,0.04441761064670652,0.03731756619005,0.9182648231632435
11002,20002,Medium,Low,0.04058385657853922,0.9083968382096322,0.051019305211828535
19815,28815,High,High,0.9237352871446635,0.03479427106348761,0.04147044179184891
21775,30775,Medium,Medium,0.031840725481461545,0.046210761109261755,0.9219485134092767
19995,28995,High,Low,0.03079608569350366,0.9317692479302527,0.037434666376243576
6370,15370,Medium,Medium,0.03920352178053482,0.031467822884665146,0.9293286553348
19926,28926,Medium,Medium,0.030445169035830607,0.032575631857731324,0.936979199106438
3801,12801,Low,Low,0.052604010288735396,0.8145845964419133,0.13281139326935135
27939,36939,Low,Low,0.03497779356265698,0.8468045093408438,0.11821769709649914
37902,46902,Low,Low,0.03968257099955249,0.9228409584549316,0.03747647054551584
22340,31340,Low,Low,0.0423714753048752,0.49197003273116985,0.465658491963955
6474,15474,Medium,Medium,0.03186851139905397,0.03156085048668269,0.9365706381142633
32792,41792,Low,Low,0.02876193640606033,0.9386259189976913,0.03261214459624833
11051,20051,Medium,Low,0.03496796268731007,0.9229937577131597,0.04203827959953011
34362,43362,Medium,Medium,0.03560652639097729,0.04078110963697456,0.923612363972048
20490,29490,Medium,Medium,0.03289008711174027,0.04025990000535936,0.9268500128829004
24410,33410,Medium,Medium,0.03308470348242748,0.04282688180780411,0.9240884147097684
31770,40770,High,High,0.937955724808166,0.02979492745163732,0.03224934774019659
11740,20740,Medium,Medium,0.0330032494251167,0.034631951473275475,0.9323647991016077
3992,12992,High,High,0.9341363406554725,0.03219773549351126,0.03366592385101632
14728,23728,High,High,0.9316046279469258,0.03033265059076028,0.038062721462313875
16291,25291,Medium,Medium,0.03565877002091653,0.03456674158665006,0.9297744883924334
32662,41662,Medium,Medium,0.030579524257625876,0.03039393331478796,0.9390265424275862
7898,16898,Medium,Medium,0.03106723497273546,0.033128419718463614,0.9358043453088009
20393,29393,High,High,0.9376025790041385,0.030408598419563112,0.031988822576298405
40,9040,Medium,Medium,0.031967208555083,0.03034582814724891,0.937686963297668
11736,20736,High,High,0.9330769867466383,0.031712779977656015,0.03521023327570586
35669,44669,Low,Low,0.029108405343721524,0.9363381805453486,0.034553414110929936
24259,33259,Medium,Medium,0.03756501703154761,0.036533641087510275,0.9259013418809422
4312,13312,Low,Low,0.03239898599723206,0.9174510047506935,0.05015000925207435
11580,20580,Low,High,0.9353850657611172,0.02951788918548848,0.03509704505339418
19833,28833,Medium,Medium,0.030064397698303807,0.032629726929493987,0.9373058753722022
16519,25519,High,High,0.9319007818720536,0.03381339600902169,0.03428582211892484
27297,36297,Medium,Medium,0.030984044332373156,0.030909805211750952,0.938106150455876
27264,36264,High,High,0.9328315383670714,0.03337249311366491,0.03379596851926372
6568,15568,Medium,Medium,0.03112620559777715,0.030553414687081015,0.9383203797151417
31593,40593,Medium,Medium,0.032302599115028884,0.03255430621383731,0.9351430946711338
25646,34646,Medium,Medium,0.02994761889512873,0.03572235555792155,0.9343300255469499
461,9461,Medium,Medium,0.03502134322407493,0.03398252348512668,0.9309961332907983
25328,34328,High,High,0.9269633982408787,0.03365058690840881,0.039386014850712504
6817,15817,Low,Medium,0.03297432421751636,0.03513539931279384,0.9318902764696899
3866,12866,Low,Low,0.028966687969805574,0.9366026546444935,0.03443065738570097
36132,45132,Low,Low,0.032634093329045766,0.9319998287954716,0.03536607787548267
36566,45566,High,High,0.9340707830364172,0.03135110561687815,0.03457811134670466
21181,30181,Low,Low,0.030111632171795032,0.938309409820553,0.03157895800765196
6176,15176,Medium,Medium,0.04156222487122838,0.03501461621562791,0.9234231589131436
875,9875,Medium,Medium,0.03224547902359092,0.0357714416910481,0.9319830792853608
459,9459,Medium,Medium,0.04396292556696877,0.0329391500408358,0.9230979243921954
15157,24157,Medium,Medium,0.15337694806170762,0.03794599439367172,0.8086770575446206
29485,38485,Medium,Medium,0.033167761897316635,0.031112199878048783,0.9357200382246346
28260,37260,High,Medium,0.03083628210645846,0.03514332542116084,0.9340203924723808
37614,46614,Medium,Medium,0.03251350426188077,0.032714517122319965,0.9347719786157992
39813,48813,High,High,0.9351561666784542,0.031014961416854614,0.03382887190469122
12981,21981,Medium,Medium,0.04258028089177803,0.03468099838402641,0.9227387207241954
38084,47084,High,High,0.9344784267575313,0.03243846946912894,0.03308310377333973
5673,14673,Medium,Medium,0.041476581513483046,0.03824022150006314,0.9202831969864538
25542,34542,Low,Low,0.03010026072713846,0.9362017156984229,0.03369802357443859
16154,25154,Low,Low,0.03030920695735445,0.9214441069391118,0.04824668610353385
3784,12784,Medium,Medium,0.0562247615995389,0.03832608937271644,0.9054491490277446
6855,15855,Medium,Medium,0.037447513942655504,0.03786163585269455,0.9246908502046499
22315,31315,Medium,Medium,0.038571238866203644,0.046666058336459953,0.9147627027973364
29860,38860,Medium,Medium,0.0304438717642643,0.02946071382037449,0.9400954144153612
15422,24422,Medium,Medium,0.04858320620028309,0.03451105029422056,0.9169057435054965
22295,31295,Low,Low,0.06225515474732649,0.9018069312710545,0.035937913981619066
32375,41375,Medium,Medium,0.033227122208657554,0.0375666971038407,0.9292061806875017
17119,26119,Low,Low,0.029024051698159418,0.9380912053667544,0.03288474293508612
14346,23346,Low,Low,0.034058304747833605,0.9178721873563828,0.04806950789578371
30864,39864,High,High,0.92980863900326,0.03310251554945822,0.03708884544728163
12621,21621,Low,Low,0.05492378676293349,0.8949252840282922,0.05015092920877431
8647,17647,Low,Low,0.030221596440896975,0.934899231200791,0.03487917235831206
29787,38787,Low,Low,0.029503046442486275,0.9361062158480925,0.03439073770942127
11081,20081,High,High,0.9364906257572473,0.030275163998288317,0.0332342102444644
3997,12997,Medium,Medium,0.03217479266774803,0.045302658239174474,0.9225225490930775
29379,38379,Medium,Medium,0.03317740705574208,0.036366832014201995,0.930455760930056
14089,23089,Medium,Medium,0.03828297333881477,0.08953521870703351,0.8721818079541518
13107,22107,Medium,Medium,0.04230645131105237,0.037789267895807006,0.9199042807931406
21201,30201,Low,Low,0.028676145354654695,0.9398612203068661,0.03146263433847913
21084,30084,High,High,0.9261766526378462,0.03225149509856052,0.041571852263593424
23530,32530,High,High,0.9233283550309389,0.03088829290534315,0.045783352063717926
18655,27655,Medium,Medium,0.03373702862726221,0.03410941295918741,0.9321535584135504
22747,31747,Medium,Medium,0.030891216437127167,0.034576235615818844,0.9345325479470539
38542,47542,Low,Low,0.02976036328643949,0.9350871868366908,0.035152449876869746
33625,42625,Medium,Medium,0.05057973440951436,0.03527224364801224,0.9141480219424735
13767,22767,Low,Low,0.032124271733863945,0.9331530230580619,0.03472270520807421
13933,22933,Medium,Medium,0.03347270624566772,0.034168746806729704,0.9323585469476026
39965,48965,High,High,0.9287558553421545,0.031222979574843296,0.04002116508300223
8913,17913,Medium,Medium,0.04277121263988678,0.057095719789869236,0.9001330675702439
23535,32535,Medium,Medium,0.03882438556286869,0.03104183134143401,0.9301337830956973
36311,45311,Medium,Medium,0.03815803992127006,0.040651831379073966,0.921190128699656
13629,22629,High,High,0.9326200709977123,0.031237077034119532,0.03614285196816821
29932,38932,Medium,Medium,0.0335715472670527,0.03638083693306554,0.9300476157998818
10159,19159,Medium,Low,0.03964548219149513,0.6909891863191895,0.26936533148931535
22932,31932,High,High,0.9324643703839565,0.02993665625239464,0.03759897336364885
9750,18750,Medium,Medium,0.029360928730922786,0.030649582700620317,0.9399894885684569
30847,39847,Medium,Medium,0.03174120392779536,0.03028276410221128,0.9379760319699934
6889,15889,Low,Low,0.03093462897548363,0.936433837528441,0.03263153349607544
19539,28539,Medium,Medium,0.031651598815674094,0.02975678105387419,0.9385916201304517
2646,11646,Low,Low,0.03314999606174695,0.9357354597947661,0.031114544143486845
14486,23486,High,High,0.8918668418544703,0.04141931925364293,0.06671383889188676
15784,24784,Medium,Medium,0.036053046821403596,0.03411000779443956,0.929836945384157
9842,18842,Medium,Medium,0.03431456585747461,0.03476004748196163,0.9309253866605637
33124,42124,Medium,Medium,0.03606199442152945,0.03845852937970983,0.9254794761987607
29423,38423,High,High,0.9335736654194356,0.03090508770413325,0.03552124687643105
929,9929,Medium,Medium,0.03356955286781657,0.03416192999554492,0.9322685171366384
8078,17078,High,High,0.9277493599269367,0.03197988504238914,0.040270755030674094
2665,11665,Low,Low,0.033291127964615856,0.9192893586088475,0.04741951342653653
19053,28053,Low,Low,0.0297314056643803,0.9388614823494764,0.03140711198614332
21971,30971,Medium,Medium,0.03156643192020337,0.029884478191856457,0.9385490898879402
35923,44923,Medium,Medium,0.0340788416068434,0.03277161676289279,0.9331495416302639
6228,15228,Medium,Medium,0.03876083061657321,0.03338453311167903,0.9278546362717478
26576,35576,Medium,Medium,0.03243606238542764,0.030341343562914333,0.937222594051658
33498,42498,Medium,Medium,0.14394468637673302,0.03703919491940493,0.8190161187038622
11777,20777,Medium,Medium,0.030212722592473606,0.029526802766915536,0.9402604746406108
29426,38426,High,High,0.9339417197926253,0.029557001955914774,0.036501278251459844
5605,14605,Medium,Medium,0.03485399314224365,0.032958372979258736,0.9321876338784977
10014,19014,Low,Low,0.029385106557478956,0.9394609451154962,0.031153948327024828
28798,37798,High,High,0.9294999198681476,0.03326270523802893,0.03723737489382338
17551,26551,Medium,Medium,0.037132112608384456,0.03038161974727595,0.9324862676443396
22916,31916,Medium,Medium,0.03263789074635442,0.031313345829976136,0.9360487634236695
1070,10070,High,High,0.9293555277001664,0.03617890786905285,0.03446556443078081
31973,40973,High,High,0.9167495747276421,0.03466741121207324,0.048583014060284736
14219,23219,Medium,Medium,0.03542725943101486,0.03321285807706841,0.9313598824919168
18399,27399,Medium,Medium,0.10785991080096242,0.039918944928362725,0.852221144270675
20270,29270,Medium,Medium,0.030165362065191756,0.02866958583366738,0.941165052101141
22990,31990,High,High,0.92936336616997,0.03214097459692531,0.038495659233104745
22156,31156,Medium,Medium,0.03587766939723743,0.033943327458234356,0.9301790031445282
35078,44078,Medium,Medium,0.03299210774090056,0.036139151720163326,0.9308687405389361
5739,14739,Medium,Medium,0.030881829169129887,0.030975813509226874,0.9381423573216433
508,9508,Medium,Medium,0.03502368980352666,0.036440322737591506,0.9285359874588819
35321,44321,Low,Low,0.040278343987992495,0.9011386249275267,0.05858303108448069
943,9943,High,High,0.9372039336578113,0.030753589402159845,0.03204247694002881
25839,34839,Low,Low,0.035748612941338936,0.9321079831424024,0.032143403916258695
13947,22947,High,High,0.9181963723905194,0.04904580459293581,0.03275782301654472
15333,24333,High,High,0.9310400378845843,0.03264181464319001,0.03631814747222567
16794,25794,Low,Low,0.04109866329304853,0.9225114151058406,0.03638992160111087
31825,40825,High,High,0.9372257399476945,0.028668375345343666,0.034105884706961694
2888,11888,Low,Low,0.03300330756062569,0.8954473518115592,0.0715493406278151
38003,47003,Medium,Medium,0.03642691783993111,0.03023128220937646,0.9333417999506924
32010,41010,Medium,Medium,0.034265274277133335,0.030788532049001657,0.9349461936738651
15937,24937,Low,Low,0.03002089776330361,0.933195571759296,0.0367835304774003
23955,32955,Medium,Medium,0.04802140044906589,0.30180046916526115,0.650178130385673
18361,27361,Low,Low,0.032682190117339895,0.9341548782129605,0.03316293166969957
28246,37246,Low,Low,0.03828129664593562,0.909094329483711,0.052624373870353354
25618,34618,Medium,Medium,0.03002253842677526,0.0316167952266393,0.9383606663465857
6188,15188,High,High,0.9296166906477898,0.03227843160023545,0.03810487775197486
15358,24358,High,High,0.6571979754942475,0.037594150679267906,0.3052078738264845
30664,39664,Medium,Medium,0.032738072132334,0.03049882035172184,0.9367631075159442
10461,19461,Low,Low,0.03729963047112263,0.9238724073140686,0.03882796221480877
29195,38195,Medium,Medium,0.035418329934108116,0.033553699842160174,0.9310279702237317
28333,37333,Medium,Medium,0.03461742932860983,0.031859703779987786,0.9335228668914025
19803,28803,Medium,Medium,0.03465915975452847,0.03353948783704414,0.9318013524084274
37174,46174,High,High,0.9363185501773783,0.02878108085440453,0.034900368968217126
29378,38378,Medium,Medium,0.029459871712151055,0.03022475604905328,0.9403153722387957
9772,18772,Low,High,0.9333904989858685,0.031505762001897294,0.03510373901223419
24619,33619,Low,Medium,0.04357384093614489,0.30049949389842956,0.6559266651654255
35865,44865,Low,Low,0.029974851513711053,0.9345882899757649,0.035436858510523965
3080,12080,Low,Low,0.030062463016385526,0.9372038066946867,0.03273373028892789
27319,36319,Low,Low,0.03032735350103201,0.8976364290370435,0.0720362174619245
20612,29612,High,High,0.9242131355798092,0.03454711414269868,0.04123975027749204
6983,15983,Medium,Medium,0.030628878431424787,0.030888024091894364,0.938483097476681
33383,42383,Low,Low,0.02971822839537557,0.9348978748913751,0.03538389671324934
2308,11308,High,High,0.9324690627739746,0.03391292615443214,0.03361801107159334
17886,26886,Medium,Medium,0.030962998430899263,0.03372271868695098,0.9353142828821497
37755,46755,Medium,Medium,0.03185142887649497,0.14079176974043606,0.8273568013830689
21553,30553,Medium,Medium,0.03305453684928161,0.031111297009351918,0.9358341661413664
35427,44427,High,High,0.9385663812949753,0.029501018903610062,0.03193259980141471
24291,33291,Medium,Medium,0.030524729066463713,0.03117410462226217,0.9383011663112741
6677,15677,High,High,0.9288627855891104,0.0374690401546785,0.03366817425621115
30220,39220,Medium,Medium,0.0309969199753605,0.030084002957841163,0.9389190770667982
5797,14797,Low,Low,0.02966424000133132,0.9319952988824944,0.03834046111617429
19323,28323,Medium,Medium,0.040992161306630436,0.032683871988385745,0.926323966704984
39918,48918,Medium,Medium,0.03079482022267696,0.029941273639602608,0.9392639061377205
1726,10726,Medium,Medium,0.032958962688792316,0.030361847197835665,0.936679190113372
17703,26703,Medium,Medium,0.032798813143171804,0.0352205396880206,0.9319806471688076
15884,24884,High,Medium,0.03664102955128392,0.034999348297127204,0.9283596221515888
2774,11774,Medium,Medium,0.032535581982552006,0.03274362843136298,0.934720789586085
4949,13949,Medium,Medium,0.03392631894141968,0.03536935359097551,0.9307043274676049
3816,12816,High,High,0.9265217130200446,0.03581982196477765,0.03765846501517775
6999,15999,High,High,0.9322486890379283,0.03193653983800693,0.03581477112406475
325,9325,High,Medium,0.1553023796819538,0.06136886743716365,0.7833287528808826
22804,31804,Medium,Medium,0.03362480869130193,0.036347859573008304,0.9300273317356899
26913,35913,Medium,Medium,0.03329776806475565,0.034115798808891235,0.9325864331263531
10459,19459,Low,Low,0.035931206160429004,0.895725928058687,0.06834286578088399
28678,37678,Medium,Medium,0.03451451764089734,0.0388016112413301,0.9266838711177726
32296,41296,Medium,Medium,0.034069916791766776,0.03283501540165751,0.9330950678065757
39984,48984,Medium,Medium,0.0334140130444862,0.03251562239398059,0.9340703645615331
8304,17304,Medium,Medium,0.032691598988880056,0.03276600770629959,0.9345423933048204
35589,44589,Medium,Medium,0.03752383574152797,0.036790321850729356,0.9256858424077427
3827,12827,Low,Low,0.03250346026472061,0.9345420695388388,0.032954470196440676
28362,37362,Medium,Medium,0.03402060346506166,0.03341739337683252,0.9325620031581058
23884,32884,High,High,0.9364625164343184,0.031161175315859158,0.03237630824982245
1142,10142,High,High,0.9266859358002209,0.03428768118347772,0.039026383016301354
10801,19801,Medium,Medium,0.036696173941875625,0.034933108776955324,0.9283707172811692
15198,24198,High,High,0.9363711470574007,0.02866821677657812,0.03496063616602127
7460,16460,Medium,Medium,0.032086752220047345,0.032772715301760486,0.9351405324781922
36579,45579,Medium,Medium,0.03476970741711798,0.03323138649850051,0.9319989060843815
23017,32017,High,High,0.8650593251019366,0.031974277905292496,0.10296639699277092
6307,15307,High,High,0.930375896307771,0.031667755462508586,0.0379563482297204
20974,29974,Medium,Medium,0.03327910656324409,0.0319027249219511,0.9348181685148048
22621,31621,Low,Low,0.031081725563367208,0.9220489615455453,0.04686931289108737
23971,32971,Medium,Medium,0.032023893164078776,0.029878995312162367,0.9380971115237587
12780,21780,Low,Low,0.032993595674745,0.9251434839286911,0.04186292039656405
37905,46905,High,High,0.9336647489884382,0.029525831283855507,0.03680941972770626
10852,19852,Medium,Medium,0.03840457963106385,0.03258081786820458,0.9290146025007316
12147,21147,Medium,Medium,0.21315672335186212,0.04514961121657743,0.7416936654315603
23484,32484,Medium,Medium,0.031862383821094756,0.03844545345024863,0.9296921627286566
31260,40260,Medium,Medium,0.04869445574217832,0.42436271365756023,0.5269428306002614
37418,46418,Low,Low,0.04632445355100314,0.9063538696746747,0.0473216767743222
5549,14549,Medium,Medium,0.03324132352493211,0.057034000664018834,0.909724675811049
19171,28171,Medium,Medium,0.04285690601210285,0.047902206201275756,0.9092408877866215
38126,47126,High,High,0.9309867691990253,0.03225336303134267,0.036759867769631804
31497,40497,Medium,Medium,0.02995026918785802,0.03966193641050377,0.9303877944016383
39620,48620,Medium,Medium,0.03251169869123171,0.03053932024066496,0.9369489810681033
18077,27077,Medium,Medium,0.03073364256954424,0.0295729480914053,0.9396934093390504
31121,40121,High,High,0.9321405644254962,0.030791851462082336,0.03706758411242136
13380,22380,High,High,0.9379300261922036,0.028958796215099784,0.03311117759269676
29494,38494,Medium,Medium,0.033275399081471084,0.030711808174807047,0.936012792743722
31971,40971,High,High,0.7636932540819813,0.038304480897555664,0.19800226502046295
24846,33846,Medium,Medium,0.0325543066557532,0.04237965676815394,0.9250660365760929
37715,46715,Low,Medium,0.03395090501312708,0.03139956397146662,0.9346495310154063
36140,45140,Medium,Medium,0.03854971658918867,0.0435512710968942,0.9178990123139171
4151,13151,Medium,Medium,0.02903991880765595,0.029428221620167883,0.9415318595721761
36207,45207,Low,Low,0.030718826475068836,0.9375045330472952,0.031776640477636016
14815,23815,Medium,Medium,0.03896459967049703,0.0348442707443351,0.926191129585168
31843,40843,Medium,Medium,0.032475704118952196,0.032632653570923056,0.9348916423101249
6596,15596,Medium,Medium,0.03250595295619519,0.02978256861607131,0.9377114784277335
21731,30731,Medium,Medium,0.036710020544630094,0.030300406946658292,0.9329895725087116
20068,29068,Medium,Medium,0.03188560168482882,0.03229759709172795,0.9358168012234432
3373,12373,Medium,Medium,0.03214716918911123,0.03130668319769463,0.9365461476131941
6692,15692,High,High,0.9097813110367478,0.03516657722102213,0.055052111742230105
23835,32835,Low,Medium,0.03619331771630915,0.041727279744794295,0.9220794025388965
5169,14169,Medium,Medium,0.03638910116351161,0.029488717432837406,0.934122181403651
39581,48581,Medium,Medium,0.032078950724127385,0.03077940421854196,0.9371416450573308
39284,48284,Medium,High,0.9284139050210918,0.03453741375541828,0.03704868122348979
5568,14568,Medium,Medium,0.03599366590377254,0.030284561404460633,0.9337217726917668
6084,15084,Medium,Medium,0.030327991521608477,0.02956953083544739,0.940102477642944
28200,37200,Medium,Medium,0.03370163138135684,0.03189011137200049,0.9344082572466427
16133,25133,Low,Low,0.03016241123707011,0.9380359228385698,0.031801665924360074
37970,46970,Medium,Medium,0.03275934225099116,0.02889992933937952,0.9383407284096292
12703,21703,Medium,Medium,0.031996995050605624,0.03426661688043028,0.9337363880689642
236,9236,Low,Low,0.02960688378154699,0.9389027873586663,0.03149032885978683
29654,38654,Low,Low,0.035081722160267004,0.9302766954630184,0.03464158237671456
24741,33741,Medium,Medium,0.03219254199316023,0.03901966058156161,0.9287877974252782
6528,15528,Medium,Medium,0.05542637552534946,0.03273174196296614,0.9118418825116844
11932,20932,High,High,0.9365051378997619,0.02991990217582473,0.033574959924413485
14911,23911,High,Medium,0.03585431628906257,0.031661675255688894,0.9324840084552486
14298,23298,Medium,Medium,0.03195675259498422,0.02906766318437502,0.9389755842206409
28966,37966,Medium,Medium,0.03143672518117978,0.03236146334681806,0.9362018114720021
17155,26155,Medium,Medium,0.03164899038763158,0.032252586442433444,0.936098423169935
35405,44405,Low,Low,0.032412033970150245,0.9334576574115334,0.03413030861831635
7721,16721,High,High,0.9312661830799777,0.0339406724771643,0.03479314444285816
30486,39486,Medium,Medium,0.27048664633042613,0.05207207537759315,0.6774412782919806
35932,44932,Medium,Medium,0.034795028563047024,0.03438836463909906,0.9308166067978538
34625,43625,High,High,0.934955379689368,0.03036723644340926,0.03467738386722261
26602,35602,Medium,Medium,0.029418309277891973,0.028696074130643467,0.9418856165914645
34648,43648,Low,Low,0.03231462469431635,0.8922701932540552,0.07541518205162855
35385,44385,High,High,0.9374947089161667,0.029209077504685866,0.03329621357914747
31254,40254,Medium,Medium,0.03111213200930261,0.0305968271008196,0.9382910408898778
11180,20180,Medium,Medium,0.03290959924627551,0.03226481019896311,0.9348255905547614
1034,10034,High,High,0.8251875821198769,0.04432655151421383,0.13048586636590934
34037,43037,Low,Low,0.03499514194721978,0.931650317249688,0.033354540803092185
23787,32787,High,High,0.8406870398121691,0.11149683887528472,0.04781612131254619
36787,45787,High,High,0.9381296367512766,0.028975184256907427,0.032895178991815995
35124,44124,Low,Medium,0.03393029926846059,0.03388267054479768,0.9321870301867418
4211,13211,Low,Low,0.03676328256330966,0.8926425590605912,0.07059415837609904
1753,10753,Low,Low,0.03174486539595731,0.9135643823102693,0.054690752293773494
24047,33047,Low,Low,0.034707211399494085,0.9289789919285006,0.03631379667200529
22225,31225,Low,Low,0.03258923165686458,0.9251708274140239,0.042239940929111645
35936,44936,High,High,0.9347878638956413,0.030624643747588793,0.03458749235676984
34034,43034,Medium,Medium,0.030178735853506222,0.02934411283911821,0.9404771513073755
27271,36271,Low,Low,0.033660778233546185,0.9310677201699943,0.03527150159645958
12016,21016,Medium,Medium,0.029781948516925838,0.029928786796765184,0.9402892646863089
14052,23052,Low,Low,0.03113992124257528,0.9318967637127745,0.03696331504465025
37758,46758,Medium,Medium,0.038456450574799524,0.23705866148150656,0.7244848879436939
27358,36358,Low,Low,0.029709179062276284,0.9335783217620844,0.036712499175639145
9551,18551,High,High,0.9304361618149039,0.031208387777467175,0.03835545040762901
9414,18414,Medium,Medium,0.04761735199761116,0.02996497075040742,0.9224176772519814
19726,28726,Low,Low,0.042709667287398535,0.7388336666711846,0.21845666604141703
15114,24114,Low,Low,0.03173820343217514,0.9362728384066074,0.03198895816121756
10969,19969,High,High,0.9349273486995933,0.02909334010236869,0.03597931119803797
18520,27520,High,High,0.9338528654054704,0.033452123011462935,0.032695011583066674
27971,36971,High,High,0.9367187932978758,0.03067331212504328,0.032607894577081055
20069,29069,Medium,Medium,0.03250446369159058,0.03395164505146358,0.9335438912569458
19711,28711,Medium,Medium,0.0344985329811989,0.03201364493152689,0.9334878220872742
31882,40882,Low,Low,0.02940134094054477,0.9369482708309446,0.03365038822851054
22464,31464,Medium,Medium,0.03231810157038433,0.030706575322678842,0.9369753231069368
9250,18250,Low,Medium,0.02987145259881349,0.02959866025399983,0.9405298871471867
16285,25285,Medium,Medium,0.03344640892373,0.03076205766951498,0.9357915334067549
7593,16593,Low,Low,0.03630646490181294,0.9226679660494871,0.04102556904870012
17968,26968,High,Medium,0.03860572612533941,0.03265421333756691,0.9287400605370936
34022,43022,Medium,Medium,0.03375860150202382,0.0396469948219147,0.9265944036760615
30467,39467,Low,Low,0.039082508301280176,0.7529120080900958,0.208005483608624
3255,12255,Medium,Medium,0.04281735450703681,0.030348132582915688,0.9268345129100476
24593,33593,Medium,Medium,0.03441096010062761,0.04802579969291556,0.9175632402064569
1301,10301,High,High,0.9330416171083056,0.03154132944561153,0.03541705344608293
25897,34897,Low,Low,0.03502053085519277,0.9077025249189669,0.05727694422584039
21752,30752,Low,Low,0.05429959451481573,0.8884510211309359,0.05724938435424851
5633,14633,Low,Low,0.04967727144206365,0.8639501235625721,0.08637260499536425
19773,28773,Low,Low,0.03055928732911742,0.937578674837552,0.03186203783333048
31677,40677,High,High,0.9331361413115293,0.03276231771201065,0.03410154097646004
12452,21452,Medium,High,0.5270677105482966,0.04441567090529865,0.4285166185464047
12892,21892,High,High,0.9368189144962228,0.030069293394099163,0.03311179210967808
39907,48907,Low,Low,0.032632872411409504,0.9314267400257875,0.035940387562803024
15597,24597,Low,Low,0.030258718291213304,0.9381880250119439,0.031553256696842884
9346,18346,High,Medium,0.034724751640446694,0.03287549377528488,0.9323997545842685
38153,47153,Medium,Low,0.04783111827021813,0.7639543931127756,0.1882144886170063
3770,12770,Medium,Medium,0.036567682281812695,0.03931889188258792,0.9241134258355994
12603,21603,Medium,Medium,0.04987157244632565,0.03173612942577347,0.9183922981279009
23341,32341,Low,Low,0.029439772799454884,0.9359882559732448,0.03457197122730036
3666,12666,High,High,0.9341439376180349,0.03246359377432009,0.033392468607645075
7382,16382,Low,Low,0.0314380014970762,0.924012384709008,0.04454961379391576
39444,48444,High,High,0.9323081205902835,0.03047204691139745,0.037219832498319054
19977,28977,High,High,0.9361163037744262,0.029952909002366006,0.03393078722320784
37480,46480,Medium,Medium,0.031246413219865776,0.02948278999510745,0.9392707967850268
1661,10661,Medium,Medium,0.03241502341925593,0.03468000456634226,0.9329049720144017
39388,48388,Medium,Medium,0.030256710596608602,0.02953045720371342,0.9402128321996779
23854,32854,High,High,0.9378008309481953,0.030461961712004586,0.0317372073398001
12073,21073,Low,Low,0.03280182829006737,0.9065875539963685,0.0606106177135641
17987,26987,High,High,0.9351597237983552,0.030498837495269684,0.034341438706375085
34638,43638,Medium,Low,0.03794946944572763,0.6576060890241925,0.30444444153007993
35404,44404,Low,Low,0.0320642199610958,0.9360085252261113,0.03192725481279287
7257,16257,High,High,0.9331937170733049,0.02991744685865559,0.03688883606803963
36903,45903,Medium,Medium,0.03182192041931564,0.0334233055277157,0.9347547740529687
5050,14050,Low,Low,0.03621768616518,0.911680431792425,0.05210188204239501
37094,46094,High,High,0.9346656367751912,0.03218926234758075,0.03314510087722791
34381,43381,Medium,Medium,0.03205777147599093,0.03180128511857241,0.9361409434054367
16372,25372,High,High,0.9395968234111004,0.028668436598168926,0.03173473999073074
5915,14915,Low,Low,0.040058699529392165,0.928272736945139,0.031668563525468846
12457,21457,High,High,0.9344890158643325,0.03342180696976776,0.03208917716589967
1957,10957,Medium,Medium,0.02943527359931548,0.02883552994085063,0.9417291964598339
30292,39292,High,High,0.9310007431765305,0.02967419773323644,0.03932505909023318
4525,13525,Medium,Medium,0.03218210969893659,0.03154582402412512,0.9362720662769384
4352,13352,Low,Low,0.029682191561730704,0.9349037984583649,0.03541400997990432
39036,48036,High,High,0.9256139578502656,0.029518199438806802,0.044867842710927565
27364,36364,Medium,Medium,0.0359549744099708,0.058670572745228716,0.9053744528448004
11030,20030,High,Medium,0.033323117009994345,0.029778726334465894,0.9368981566555398
29436,38436,Medium,Medium,0.03452559757409753,0.03174397940969546,0.933730423016207
27985,36985,Low,Low,0.030372780458697467,0.9361903437035409,0.033436875837761525
20955,29955,Low,Low,0.029211003738829316,0.9391473244624188,0.0316416717987519
1817,10817,Medium,Medium,0.03415593855728207,0.03594638747924255,0.9298976739634753
17747,26747,Low,Low,0.03120156973675049,0.9352826930091075,0.033515737254142
27085,36085,Low,Low,0.036325775801876514,0.8087497095691565,0.15492451462896706
11598,20598,Medium,Medium,0.0391502551697235,0.39550828897766044,0.5653414558526161
3356,12356,Medium,Medium,0.03149333724070388,0.039252570961337184,0.9292540917979588
17868,26868,High,High,0.9280368626475669,0.034039129980152044,0.03792400737228109
7884,16884,Medium,Medium,0.0303528139229286,0.03261890418032701,0.9370282818967444
5801,14801,Low,Low,0.03049704676834245,0.937947203957472,0.03155574927418552
30548,39548,Medium,Medium,0.03146496832003711,0.028956207408547482,0.9395788242714153
22587,31587,Medium,Medium,0.034147323661445246,0.030995762357358025,0.9348569139811967
7702,16702,Medium,Medium,0.03380575182636397,0.04138188755036774,0.9248123606232683
12560,21560,Medium,Medium,0.035147937503366644,0.03421568341493643,0.9306363790816969
6495,15495,High,High,0.9192189722783394,0.03761414209029675,0.04316688563136392
34669,43669,Medium,Medium,0.034942717139701145,0.029208931781544614,0.9358483510787542
12305,21305,Medium,Medium,0.03567647763970009,0.03569342011939556,0.9286301022409044
21127,30127,Medium,Medium,0.03119686937891909,0.036274752492587686,0.9325283781284933
32570,41570,Medium,Medium,0.03276222596820635,0.03168893918954285,0.9355488348422507
8905,17905,High,High,0.9215765925311868,0.03570912157161838,0.04271428589719468
23460,32460,High,High,0.9270288598377414,0.03474573712871203,0.038225403033546636
1463,10463,Low,Low,0.030022951947959262,0.938583299101142,0.03139374895089876
30174,39174,Medium,Medium,0.03655896176553161,0.03141756654398062,0.9320234716904877
2473,11473,Medium,Medium,0.038960453087015394,0.038822812267844925,0.9222167346451396
25750,34750,Low,Low,0.028770073260749453,0.9402439019850964,0.03098602475415423
7564,16564,Medium,Medium,0.03364709885293405,0.0319126285767819,0.9344402725702841
34185,43185,High,High,0.9393988761399522,0.028259465418704614,0.03234165844134317
26134,35134,Medium,Medium,0.030587431245275576,0.03361107084932704,0.9358014979053975
1473,10473,Medium,Medium,0.03098049080959121,0.03255515060899634,0.9364643585814124
31207,40207,High,High,0.924961827520551,0.02993619259299458,0.04510197988645446
30441,39441,High,High,0.9360812187540292,0.02861872427577559,0.03530005697019525
11570,20570,Low,Low,0.029778006143775782,0.9389047515679145,0.03131724228830977
16989,25989,Low,Low,0.031807075224528976,0.9292581687740459,0.03893475600142517
19581,28581,High,High,0.9399308949737927,0.027972791941678343,0.03209631308452907
25913,34913,Medium,Medium,0.03454890407560776,0.0313585420428707,0.9340925538815216
12825,21825,Medium,Medium,0.13083126863113567,0.034984759081549674,0.8341839722873147
29541,38541,Low,Low,0.03040172931862868,0.9323153425683502,0.037282928113021
27207,36207,Low,Low,0.029630543425860353,0.9367717905355987,0.03359766603854098
29361,38361,Low,Low,0.035562081381687725,0.9216228696276393,0.042815048990673066
27480,36480,Low,Low,0.03395557711682464,0.8831982039134467,0.08284621896972864
27000,36000,High,High,0.9179024471194368,0.03463173304269767,0.04746581983786543
18320,27320,Medium,Medium,0.03329964256095548,0.0317803290534294,0.9349200283856152
31832,40832,Low,Low,0.03256883824299855,0.9210717214140521,0.046359440342949115
35075,44075,Medium,Medium,0.0374663848040724,0.03192881073457172,0.930604804461356
22637,31637,High,Medium,0.029713433684885226,0.03012430797041572,0.940162258344699
23883,32883,Medium,Medium,0.030933127635773962,0.03268472810830056,0.9363821442559255
7149,16149,Low,Low,0.03370629679227233,0.9297761760730509,0.03651752713467681
30172,39172,Medium,Medium,0.03450297746499536,0.030292138277636937,0.9352048842573678
1423,10423,Low,Low,0.03508167145841225,0.9220901909420126,0.04282813759957523
27517,36517,Low,Low,0.032068021858101904,0.9316451759877665,0.03628680215413177
1671,10671,Medium,Medium,0.03308805618623614,0.03207002327628452,0.9348419205374793
222,9222,Medium,Medium,0.24720173141846313,0.03956812386316957,0.7132301447183673
39006,48006,High,Medium,0.033773266018374624,0.033571075623031243,0.9326556583585942
10441,19441,Medium,Medium,0.037952845619837576,0.03036987067155707,0.9316772837086053
27576,36576,Medium,Low,0.034598380201690065,0.931544532684773,0.033857087113536875
38818,47818,Low,Low,0.03819528990598756,0.7644843096342514,0.19732040045976107
37054,46054,Medium,Medium,0.033250006999282315,0.03368804187217438,0.9330619511285434
30067,39067,Low,Low,0.03050184272130545,0.9364131755240329,0.03308498175466165
24411,33411,Medium,Medium,0.034209799436363326,0.0431328779917769,0.9226573225718596
33648,42648,Low,Low,0.034010363703239246,0.8890422798269354,0.07694735646982531
27104,36104,Medium,Medium,0.03471677065937962,0.0316910677999449,0.9335921615406756
18264,27264,Medium,Medium,0.03171488420147078,0.03139918425663447,0.9368859315418948
34896,43896,Medium,Medium,0.03759464723661917,0.36222419619979074,0.6001811565635902
13257,22257,High,High,0.9298506382985158,0.035234467391128996,0.0349148943103554
7789,16789,Low,Medium,0.044734363273533854,0.29704505940213694,0.6582205773243293
7656,16656,Low,Low,0.03169308857770322,0.9237482488812665,0.04455866254103039
19850,28850,Medium,Medium,0.034259143082358424,0.03824797656985827,0.9274928803477832
39500,48500,Medium,Medium,0.04143579067365113,0.03371907420878615,0.9248451351175627
16985,25985,High,High,0.9331242898351664,0.032814408544347744,0.034061301620485845
32083,41083,Medium,Medium,0.031870468652831496,0.030840776424930893,0.9372887549222376
36795,45795,Medium,Medium,0.03030678816643914,0.02956062967146735,0.9401325821620934
20803,29803,High,High,0.9344549752722887,0.03253016082645352,0.03301486390125775
28617,37617,Medium,Medium,0.04027737455217578,0.037729269328905725,0.9219933561189184
1328,10328,High,High,0.9263454064141898,0.03526708970230847,0.0383875038835017
31053,40053,Medium,Medium,0.03462145128057966,0.21838335491421587,0.7469951938052045
24919,33919,High,High,0.9283794830425455,0.02972124616781178,0.041899270789642784
10573,19573,Medium,Medium,0.029507374108457954,0.03325599440370513,0.937236631487837
15238,24238,High,High,0.9296352946684195,0.03505669051243034,0.0353080148191501
15418,24418,High,High,0.9226725888502777,0.032050485702574946,0.04527692544714742
2331,11331,Medium,High,0.9266456515044043,0.03366463848625207,0.03968971000934362
27238,36238,High,High,0.9337179878125011,0.030461665732359398,0.03582034645513959
32339,41339,Low,Low,0.031389139961036684,0.9282605411518018,0.040350318887161486
6751,15751,Medium,Medium,0.029866606143770884,0.04080077436645524,0.9293326194897739
23424,32424,Medium,Medium,0.03504740557759922,0.033507350769297846,0.9314452436531028
2418,11418,Low,Low,0.031184262313256234,0.9375850226153709,0.031230715071372813
35246,44246,High,High,0.9325593417682132,0.03420092739304085,0.03323973083874606
20219,29219,High,High,0.9337110735100466,0.03312902925067678,0.033159897239276835
5353,14353,Low,Low,0.03615977155816096,0.9269099399191737,0.03693028852266537
33866,42866,Medium,Medium,0.031688523638465194,0.030586658779646312,0.9377248175818883
28560,37560,Medium,Medium,0.03101080159463085,0.03166067484556546,0.9373285235598038
19526,28526,Low,Low,0.03192047572339796,0.9345921097498328,0.03348741452676925
36901,45901,Medium,Medium,0.036304730378250105,0.030426574510447876,0.9332686951113022
15694,24694,Low,Low,0.02959078405264848,0.9373651788649351,0.03304403708241641
15082,24082,Medium,Medium,0.030905069482737264,0.03361789231051667,0.935477038206746
34442,43442,Medium,Medium,0.2210645716792969,0.05217665874514288,0.7267587695755603
36178,45178,Low,Low,0.03232016018274437,0.9302419198416857,0.03743791997556994
24152,33152,Medium,Medium,0.03339210492974619,0.0315248870788604,0.9350830079913934
28156,37156,Medium,Medium,0.03509748101768618,0.033320352733403044,0.9315821662489108
26684,35684,Medium,Medium,0.03106336488949712,0.030104319489042113,0.9388323156214607
11899,20899,High,High,0.9305781955481086,0.035829562465871,0.03359224198602038
21808,30808,Medium,Medium,0.03686645016055372,0.03667070807660616,0.9264628417628401
1810,10810,Medium,Medium,0.03511888527919702,0.03593509407175161,0.9289460206490513
15573,24573,High,Medium,0.0316929656100083,0.03057252559365532,0.9377345087963364
35693,44693,High,High,0.9173873062037793,0.03690237983767939,0.04571031395854134
15496,24496,Medium,Medium,0.03963519338464825,0.030370102074999582,0.9299947045403522
9125,18125,Low,Low,0.03112310539959896,0.9366920570650787,0.0321848375353223
15307,24307,Low,Low,0.030929693379414352,0.9240140133552543,0.045056293265331344
18404,27404,High,High,0.9257682502365435,0.03758579361430982,0.03664595614914665
3113,12113,Low,Medium,0.0508832003407731,0.032506642928411864,0.916610156730815
10923,19923,Medium,Medium,0.038855104374317335,0.03277450378376435,0.9283703918419183
20977,29977,High,High,0.9253622982222947,0.04152817512602278,0.033109526651682625
11368,20368,Medium,Medium,0.03421921297787562,0.045295944131194456,0.92048484289093
33012,42012,Medium,Medium,0.029967344530673252,0.02883663009085057,0.9411960253784762
21162,30162,Low,Low,0.03949999722127768,0.8195512920102139,0.14094871076850848
34658,43658,Medium,Medium,0.03589437946708821,0.13193088469373945,0.8321747358391723
23948,32948,Medium,Medium,0.03454814310810257,0.03925714628369653,0.9261947106082009
33966,42966,Medium,Medium,0.03227672843068075,0.05673244751164273,0.9109908240576766
36181,45181,Low,High,0.9378800122711755,0.028808815437918366,0.03331117229090617
26363,35363,Low,Low,0.03140000422119831,0.9051191948507399,0.06348080092806176
27777,36777,Medium,Medium,0.03160710802391339,0.0318522405234296,0.936540651452657
1813,10813,Low,Low,0.03182995465246864,0.9314544916854808,0.0367155536620506
38009,47009,Low,Low,0.029275088717838682,0.9375353637974104,0.033189547484750906
5678,14678,Medium,Low,0.056584809832003646,0.4985336510360157,0.44488153913198064
25745,34745,High,High,0.9313309986001177,0.03388398863178057,0.034785012768101774
37807,46807,Low,Medium,0.030349368414640882,0.035991117931177326,0.9336595136541819
36452,45452,Medium,Medium,0.031940432076468135,0.03435295307424848,0.9337066148492834
2432,11432,Medium,Medium,0.032637762057622845,0.03269824190940964,0.9346639960329676
6226,15226,Medium,Medium,0.03138243776870219,0.030479341100203422,0.9381382211310942
26889,35889,High,High,0.9302373637400455,0.02923895418260933,0.040523682077345156
37840,46840,Medium,Medium,0.0320906007098953,0.039980892636621246,0.9279285066534836
13240,22240,High,High,0.9321031630516252,0.0333969413063144,0.034499895642060324
15608,24608,Medium,Medium,0.0296396862929821,0.03089503122409636,0.9394652824829216
22090,31090,High,High,0.9332184528339478,0.03233094625586804,0.03445060091018422
1575,10575,Medium,Medium,0.035721816142056065,0.033268367881182925,0.9310098159767609
38760,47760,Medium,Medium,0.36431452426907107,0.05098406477416192,0.5847014109567669
7657,16657,High,High,0.9249472143457297,0.035508739901098846,0.03954404575317141
20982,29982,Medium,Medium,0.03265432193759695,0.02966940016122312,0.9376762779011799
18159,27159,Medium,Medium,0.04139057943679834,0.03342881905763087,0.9251806015055708
33713,42713,Low,Low,0.03210635024036498,0.9224049843852984,0.045488665374336656
33960,42960,High,High,0.8052672023838477,0.03834535751346715,0.15638744010268504
9786,18786,High,High,0.9387722840945208,0.02991579102507501,0.03131192488040422
23848,32848,Medium,Medium,0.040220377309918696,0.16062559030986948,0.7991540323802119
39081,48081,Low,Low,0.030442898226241567,0.9371427261342284,0.03241437563952999
29333,38333,Medium,Medium,0.03483377564754342,0.03288303520007752,0.9322831891523791
37398,46398,Low,Low,0.06170356211725708,0.8971799963088931,0.04111644157384981
33449,42449,High,High,0.9314131944276268,0.03603204245965868,0.03255476311271456
12403,21403,Medium,Medium,0.038239546332700776,0.03792998450749931,0.9238304691597999
37674,46674,High,High,0.9391561562071639,0.02923322760889589,0.03161061618394029
38002,47002,Medium,Medium,0.030698352577922156,0.034861364593914035,0.9344402828281636
15348,24348,Medium,Medium,0.03263102864648148,0.03730108108459123,0.9300678902689272
553,9553,High,High,0.9263038462100073,0.03046367117975971,0.04323248261023299
37881,46881,Medium,Medium,0.11279626217063043,0.045833030349500925,0.8413707074798688
39768,48768,Medium,Medium,0.035803641917834084,0.038998683147060856,0.9251976749351051
20282,29282,Low,High,0.935259883544641,0.031407401876014596,0.033332714579344426
18505,27505,Medium,Medium,0.06496764844755043,0.03649193120401552,0.8985404203484341
2678,11678,Medium,Medium,0.03336230949938185,0.0312679669722266,0.9353697235283915
38278,47278,High,High,0.9322004612625827,0.0312147914085181,0.03658474732889922
21928,30928,Low,Low,0.02957919621101707,0.9347051893709303,0.03571561441805259
10015,19015,Low,Low,0.031001355457781935,0.9369524514792524,0.03204619306296562
34433,43433,Medium,Medium,0.031909799218819423,0.03115877729577767,0.9369314234854028
37600,46600,Medium,Medium,0.03384062966657231,0.042159001011388475,0.9240003693220392
2497,11497,High,High,0.9313508057171118,0.0343115347676973,0.03433765951519085
35729,44729,Low,Low,0.030015070524161608,0.9367047326663646,0.03328019680947395
39080,48080,Medium,Medium,0.03331270470667042,0.031420093102370907,0.9352672021909587
13982,22982,Medium,Medium,0.033018770707580566,0.03484320137456543,0.9321380279178539
16635,25635,High,High,0.934099069928603,0.029494263174762125,0.036406666896634854
33817,42817,High,High,0.9351205136500177,0.03006391085622788,0.03481557549375447
37479,46479,Low,Low,0.04301195280912965,0.646715750250201,0.3102722969406693
21680,30680,Low,Low,0.036971357695181284,0.9271087092316356,0.03591993307318323
29826,38826,Low,Low,0.03066798709809415,0.9331673995900175,0.036164613311888354
16051,25051,High,Medium,0.05320115396286119,0.03634640317331384,0.910452442863825
25153,34153,Low,High,0.9217552756154529,0.043806551442249264,0.03443817294229785
23752,32752,Low,Low,0.029551997606601654,0.9386044997128136,0.03184350268058472
21054,30054,Medium,Medium,0.04912625116040748,0.21341894191742591,0.7374548069221666
31327,40327,Medium,Medium,0.0332630743620975,0.03139211358134592,0.9353448120565567
21920,30920,Medium,Medium,0.03056563578279771,0.036931641560728624,0.9325027226564737
13919,22919,Medium,Medium,0.0373789784578502,0.032247591295028605,0.9303734302471213
37138,46138,Medium,Medium,0.03609359951727109,0.4655493299862899,0.4983570704964389
12084,21084,Medium,Medium,0.03162832041180442,0.03031843984580156,0.938053239742394
33891,42891,Low,Low,0.03431092824927249,0.9298167151613818,0.03587235658934575
26848,35848,Low,Low,0.03379493380695257,0.9327116761869755,0.033493390006072064
39827,48827,Low,Medium,0.034390529388397734,0.030520923912641593,0.9350885466989606
35425,44425,Medium,Medium,0.03942582619401408,0.03225798322504263,0.9283161905809433
39262,48262,Medium,Medium,0.03209869948812713,0.03217852931397972,0.9357227711978932
3155,12155,Low,Medium,0.03303752528317465,0.031756803731878676,0.9352056709849467
2006,11006,Low,Low,0.03211184491231231,0.9284081832777495,0.039479971809938126
5192,14192,High,High,0.9333292310364244,0.029018379380566218,0.037652389583009475
17646,26646,Medium,Medium,0.02980150372670569,0.03032576837425793,0.9398727278990363
2949,11949,Low,Low,0.032465225698839355,0.9334104781895847,0.034124296111575934
19668,28668,Low,Low,0.029322789143973956,0.9338957159857159,0.03678149487031016
35060,44060,Low,Low,0.034007270529498916,0.9291436273241298,0.03684910214637129
4275,13275,High,Medium,0.03976863894716645,0.03705750930289767,0.9231738517499358
16517,25517,Low,Low,0.03137510859735398,0.9350145848897607,0.03361030651288523
23080,32080,High,High,0.9372511496393022,0.03028635348464856,0.0324624968760492
26342,35342,High,High,0.9342862955644023,0.03323797391885977,0.03247573051673787
4026,13026,High,High,0.9372889507647791,0.028735037486695505,0.033976011748525346
25200,34200,High,High,0.9343574844667986,0.031050276657075316,0.03459223887612612
3878,12878,High,High,0.9349565300970735,0.029001454858112157,0.03604201504481441
26313,35313,High,High,0.9334481975259444,0.03164999992605965,0.0349018025479958
15140,24140,High,High,0.7291956592137382,0.032207457889265316,0.23859688289699646
3944,12944,Medium,High,0.5320043645523971,0.053957258003677934,0.41403837744392497
19927,28927,High,High,0.9296890939378405,0.03293678750668106,0.03737411855547836
16083,25083,High,High,0.9356097098575376,0.032952237831999666,0.03143805231046277
4260,13260,Medium,Medium,0.03404286224797375,0.03256916848368607,0.9333879692683401
28367,37367,High,High,0.936893540681989,0.030435335177142826,0.032671124140867945
18805,27805,Medium,Medium,0.030395878973915866,0.03153840918540715,0.938065711840677
31487,40487,Medium,Medium,0.03155609841482681,0.03124415868473893,0.9371997429004343
18172,27172,Medium,Medium,0.034297605630154354,0.03801407814192998,0.9276883162279157
38715,47715,Medium,Medium,0.029733626038056904,0.029920934096847453,0.9403454398650957
26522,35522,Medium,Medium,0.03802076520069574,0.08448608918220975,0.8774931456170946
37914,46914,Low,Low,0.030421265272018144,0.9317011456292299,0.03787758909875206
11832,20832,Low,Low,0.029350085564423967,0.9247072523251868,0.04594266211038911
1259,10259,High,Low,0.03634619768453306,0.9314071006970139,0.032246701618453055
6501,15501,Low,Low,0.031048882874904784,0.9351537028930856,0.03379741423200956
26073,35073,Low,Low,0.03067900019015608,0.9367869047424567,0.03253409506738709
30495,39495,High,High,0.9292822925211265,0.03228084830401475,0.03843685917485886
25398,34398,Low,Low,0.029966188129019983,0.9349092939432132,0.0351245179277667
10276,19276,Medium,Medium,0.03350598508786685,0.033291982207482446,0.9332020327046506
20676,29676,Medium,Medium,0.03230822620876087,0.03437161826164236,0.9333201555295968
33681,42681,Medium,Medium,0.043543167087892166,0.03286471897831069,0.9235921139337973
11787,20787,Low,Low,0.03069474474003193,0.935300037982656,0.034005217277311976
39192,48192,Medium,Medium,0.034041635075909155,0.036601534712005106,0.9293568302120857
700,9700,Medium,Medium,0.03224524991423317,0.030045309289041366,0.9377094407967254
15939,24939,Medium,Medium,0.032177626900256384,0.03350182841154379,0.9343205446881999
13876,22876,High,High,0.938724215384867,0.02927494947721468,0.03200083513791832
4377,13377,High,High,0.9292146266590134,0.031737856156303805,0.03904751718468278
8182,17182,Medium,Medium,0.03541288917971374,0.035038254366736486,0.9295488564535498
35795,44795,Medium,Medium,0.033389039447155856,0.0348529532117395,0.9317580073411046
37860,46860,High,High,0.9201905455295597,0.03948318593193423,0.04032626853850615
39154,48154,High,High,0.9379447531090164,0.029757369537042066,0.03229787735394154
10730,19730,Medium,Medium,0.030297492804442053,0.03910164435771075,0.9306008628378472
12137,21137,Medium,Medium,0.03988508049155356,0.031578060611611496,0.9285368588968349
1919,10919,Medium,Medium,0.03057803332110054,0.029925653531895777,0.9394963131470035
29262,38262,Medium,Medium,0.04015201871485646,0.0347747755794951,0.9250732057056484
5305,14305,Low,Low,0.031369492060136894,0.8660497023329053,0.10258080560695781
27376,36376,Medium,Medium,0.03105420918826343,0.03681280499061052,0.9321329858211261
37053,46053,Medium,Medium,0.06767359830887483,0.1053663813400592,0.826960020351066
19219,28219,Low,Low,0.03350436428090456,0.9201154484814243,0.046380187237671185
25529,34529,Medium,Medium,0.03309726302803275,0.03438424349107844,0.9325184934808889
8907,17907,Medium,Medium,0.0383905832423016,0.03612140562004781,0.9254880111376506
31830,40830,Medium,Medium,0.05662763295706794,0.03317987275894774,0.9101924942839844
13239,22239,Medium,Medium,0.03311187030987788,0.03360796412220787,0.9332801655679144
14012,23012,High,High,0.9399213253226298,0.02853626689118183,0.031542407786188296
33935,42935,Medium,Medium,0.034547143521739765,0.0331892321897625,0.9322636242884976
13986,22986,Medium,Medium,0.03733873293079349,0.034565576776669535,0.9280956902925371
8983,17983,Medium,Medium,0.03651382039738446,0.04037348523343229,0.9231126943691832
1238,10238,Medium,Medium,0.04242420471227295,0.03570101747464607,0.921874777813081
3078,12078,Low,Low,0.03432612473653318,0.92589914143288,0.03977473383058671
21614,30614,High,High,0.9264272346584915,0.03337998662579036,0.040192778715718115
38961,47961,High,High,0.9318706642518966,0.030826010420859102,0.037303325327244403
7064,16064,Low,Low,0.030232107512461578,0.9352622647834751,0.03450562770406341
31463,40463,Medium,Medium,0.04340379627652427,0.03597245462547088,0.9206237490980049
6258,15258,Medium,Medium,0.03135258834108806,0.03758545120598183,0.9310619604529302
17015,26015,Low,Low,0.04403729990554504,0.914463039189133,0.041499660905322026
16467,25467,Medium,Medium,0.033670127489727655,0.04278534180405827,0.9235445307062141
7032,16032,Medium,Medium,0.032703814800609736,0.03271842230697612,0.9345777628924141
34229,43229,Low,Low,0.03075278151115474,0.934810464491731,0.034436753997114274
7435,16435,Low,Medium,0.039903268477175256,0.276135772319116,0.6839609592037088
10275,19275,Medium,Medium,0.030974451975728134,0.029892551016952252,0.9391329970073197
10284,19284,Medium,Medium,0.0369379790310037,0.030105013601225514,0.9329570073677708
3057,12057,Medium,Medium,0.034676431917511734,0.031547598780724724,0.9337759693017635
19224,28224,Medium,Medium,0.03510733139635593,0.031477865605755974,0.933414802997888
16437,25437,High,High,0.9368728983155058,0.030409355364891675,0.032717746319602524
1755,10755,Medium,Medium,0.029834270011108638,0.029962526573288156,0.9402032034156033
28660,37660,Low,Low,0.029419735327392272,0.938878777997874,0.031701486674733735
1915,10915,Medium,High,0.9325250828240437,0.03196551125790243,0.03550940591805377
2632,11632,Medium,Medium,0.03631074582297839,0.044501974784945185,0.9191872793920765
5835,14835,Low,Low,0.031548375112807135,0.9355048085242251,0.03294681636296788
22317,31317,Medium,Medium,0.03253897066165608,0.03186231346000655,0.9355987158783373
9713,18713,Medium,Medium,0.03256506908516287,0.03206205314774082,0.9353728777670963
5903,14903,High,High,0.935943465513979,0.03091038497583022,0.03314614951019077
24224,33224,Low,Low,0.03750673866177643,0.9163948590756785,0.046098402262544996
21797,30797,Medium,Medium,0.03786494322618952,0.04793690310667198,0.9141981536671385
28636,37636,Medium,Medium,0.03514013521235392,0.0317107694874483,0.9331490953001979
11429,20429,Medium,Medium,0.033817488392334845,0.030948379315782783,0.9352341322918823
17640,26640,Low,Low,0.03141336630657665,0.9249785561546405,0.04360807753878284
31765,40765,Medium,Medium,0.03543425584701283,0.03399944372041742,0.9305663004325698
12202,21202,High,High,0.9330135996412062,0.03405744518404163,0.03292895517475224
35227,44227,Low,Low,0.034711443893391425,0.9265101905573716,0.038778365549237005
21039,30039,Medium,Medium,0.036689055151329905,0.033243305721937434,0.9300676391267327
5842,14842,Medium,Medium,0.03217433721245288,0.03441449766918762,0.9334111651183594
28205,37205,High,High,0.8874711184828218,0.03161886075775921,0.08091002075941917
20413,29413,Medium,Medium,0.03858269317789417,0.03072830416951598,0.9306890026525898
29297,38297,Low,Low,0.02954440674844402,0.9375844490132849,0.03287114423827115
196,9196,Low,Low,0.03013583088800387,0.9379775000512137,0.03188666906078238
10530,19530,High,High,0.9353744046910243,0.0316435827259548,0.03298201258302094
6588,15588,High,High,0.9327400133628472,0.03172344228684617,0.03553654435030663
19016,28016,Medium,Medium,0.03871874154944718,0.03720921542816387,0.924072043022389
32049,41049,Medium,Medium,0.032685659457066245,0.03185510929234522,0.9354592312505886
5475,14475,High,High,0.9330640010284358,0.03246748011919478,0.034468518852369436
23142,32142,Medium,Medium,0.030015578891021452,0.029559948907903155,0.9404244722010754
2483,11483,Medium,Medium,0.03153115233911347,0.02894760855549251,0.9395212391053939
24309,33309,High,High,0.9368806311780092,0.02952838115330661,0.03359098766868419
24884,33884,Medium,Medium,0.03332157309145109,0.03409293961611582,0.9325854872924331
28109,37109,Medium,Medium,0.03357318096263534,0.04069439668843337,0.9257324223489314
2785,11785,Low,Low,0.031467696035754,0.9297491961761324,0.03878310778811361
5917,14917,Medium,Medium,0.038148389336750764,0.03000005328838633,0.931851557374863
5112,14112,Low,Low,0.03284383313823889,0.9331868754442224,0.03396929141753884
24664,33664,Medium,Medium,0.030881253017856575,0.029286876019645688,0.9398318709624977
34776,43776,Medium,Medium,0.03505674511052339,0.050461170801930195,0.9144820840875466
27960,36960,Medium,Medium,0.031195899541590518,0.03001283571484638,0.9387912647435631
15090,24090,Low,Low,0.03017883506110917,0.9358346539235747,0.033986511015316155
27579,36579,Medium,Medium,0.04540543690895519,0.03128132626547333,0.9233132368255715
22036,31036,Medium,Medium,0.030933402387169257,0.029991667516417436,0.9390749300964133
18076,27076,Medium,Medium,0.030261740684755654,0.029261280666874435,0.9404769786483699
23486,32486,Medium,Medium,0.0358886092140293,0.03652236621657248,0.9275890245693983
31071,40071,Medium,Medium,0.03986949804098296,0.03731986688962518,0.9228106350693919
15324,24324,Medium,Medium,0.03190560207204555,0.032539996769005354,0.9355544011589491
8558,17558,High,High,0.9290863986422019,0.030296061233001468,0.0406175401247965
13018,22018,Low,Low,0.0296075659595796,0.9388033420694167,0.031589091971003756
12380,21380,Medium,Medium,0.03331124091101018,0.034189255520986755,0.9324995035680032
6070,15070,High,High,0.8593491190552948,0.03672946800623931,0.10392141293846592
23907,32907,Medium,Medium,0.029150416850281007,0.030010294400362323,0.9408392887493567
4549,13549,Low,Low,0.03827799726907735,0.9277217713427438,0.03400023138817886
3832,12832,High,High,0.9361978410044897,0.029372964829023407,0.03442919416648682
19453,28453,High,High,0.9352032576456736,0.031114347470999906,0.03368239488332652
25962,34962,High,High,0.9029378943010729,0.04860100598540223,0.04846109971352489
1809,10809,Medium,Medium,0.03909370236817593,0.03360608393462763,0.9273002136971963
23199,32199,Low,Low,0.029606357846151617,0.9362530621639441,0.03414057998990429
10809,19809,Low,Low,0.030332964025578123,0.9358193291731846,0.03384770680123734
4983,13983,Medium,Medium,0.032261800220578736,0.03226976988785299,0.9354684298915683
34895,43895,Low,Medium,0.03553401007684594,0.036755779406917405,0.9277102105162367
17069,26069,High,High,0.9251418057453559,0.031125303554715916,0.04373289069992809
18713,27713,High,High,0.9350407365705307,0.030009940679535985,0.0349493227499333
34988,43988,Low,Low,0.0369104497804829,0.8584177590854719,0.10467179113404519
10613,19613,High,High,0.9339338605479138,0.03194455400710411,0.034121585444982
5492,14492,Medium,Medium,0.24900822527211694,0.04649471099127086,0.7044970637366123
11029,20029,Medium,Medium,0.03343142979189666,0.03632012880815342,0.93024844139995
30943,39943,Medium,Medium,0.03540393570134836,0.03375630601656449,0.9308397582820871
37031,46031,Medium,Medium,0.03268902052880498,0.030189820421585814,0.937121159049609
31155,40155,Low,Low,0.031185036116562054,0.9354875174862344,0.03332744639720367
21323,30323,Medium,Medium,0.03253511886490832,0.03432517493768252,0.9331397061974092
6505,15505,High,High,0.9336182733058975,0.029986457319759602,0.0363952693743429
3945,12945,High,High,0.9264260146927592,0.03903376164638747,0.034540223660853304
301,9301,Medium,Medium,0.03586320307099968,0.032935230022395144,0.931201566906605
16609,25609,Low,Low,0.030495776611436678,0.9361261447800838,0.033378078608479446
26957,35957,Medium,Medium,0.036098700421192335,0.08562663415374468,0.8782746654250629
32731,41731,Low,Low,0.028337554329989,0.9393576914406543,0.03230475422935671
12292,21292,Low,Low,0.030006632156241494,0.9287109295871564,0.041282438256602
31737,40737,Medium,Medium,0.03248678961508377,0.029907554231931182,0.937605656152985
21667,30667,Low,Low,0.03171986021411663,0.9368217077452323,0.03145843204065114
8314,17314,High,High,0.9290166912403285,0.03760720567443825,0.03337610308523333
25990,34990,Medium,Medium,0.031684249993620635,0.03118314554471203,0.9371326044616675
29479,38479,High,High,0.9343952292354981,0.03000522659108769,0.0355995441734142
32809,41809,Low,Low,0.031807605565471346,0.925899758768216,0.042292635666312715
11765,20765,Low,Low,0.03230622055724303,0.9210051607627595,0.046688618679997455
28853,37853,Medium,Medium,0.03644639624261319,0.033660167928702356,0.9298934358286844
24050,33050,High,High,0.7141679942700025,0.03956464944394784,0.2462673562860496
6850,15850,Low,Medium,0.03163256212422046,0.03275891571970791,0.9356085221560715
30704,39704,High,Medium,0.031132118148172825,0.030464703206543514,0.9384031786452837
20719,29719,Medium,Medium,0.03458668626206465,0.035619317430207825,0.9297939963077275
38227,47227,Low,Low,0.031676070954006985,0.9323541594991241,0.03596976954686884
25813,34813,Medium,Medium,0.030296769467288782,0.032944390660555066,0.9367588398721561
30911,39911,High,High,0.9344876889416843,0.030760021764522888,0.03475228929379287
15734,24734,Medium,Medium,0.04115946495883775,0.036806669954431014,0.9220338650867314
26931,35931,Low,Low,0.0294131205125176,0.9393050581007655,0.03128182138671704
30300,39300,Low,Low,0.031186650753068885,0.9344980211218479,0.03431532812508315
11244,20244,Medium,Medium,0.03044865515450231,0.03064253472636784,0.9389088101191297
23658,32658,Low,Low,0.029265856791082734,0.9389546526262587,0.03177949058265862
26715,35715,High,High,0.9401902434157434,0.028489435880715345,0.03132032070354125
19982,28982,Medium,Medium,0.043370630102070984,0.037867259031663325,0.9187621108662656
12568,21568,Medium,Medium,0.031917710165386,0.03115775005754359,0.9369245397770705
31648,40648,Medium,Medium,0.03344834337061339,0.03330151874749917,0.9332501378818874
15994,24994,Medium,High,0.9390519220726339,0.029376417393576108,0.031571660533789896
26747,35747,Medium,Medium,0.03762852442317911,0.07518157318359592,0.8871899023932249
12633,21633,High,High,0.9343145582063866,0.030200293602558475,0.035485148191054826
9206,18206,Low,Low,0.03392199461833612,0.9326308438537424,0.033447161527921494
11362,20362,Medium,Medium,0.036418512136585986,0.031944063746247746,0.9316374241171662
12913,21913,High,High,0.9364854217008086,0.029729236389832405,0.03378534190935912
18502,27502,Medium,Medium,0.036323096009408355,0.038401747985330525,0.9252751560052611
4210,13210,Medium,Medium,0.035050711756004466,0.03457246719273989,0.9303768210512556
26186,35186,Medium,Medium,0.035757251559788934,0.0315739765589235,0.9326687718812875
12596,21596,Medium,Medium,0.038930358848018036,0.03279428111419219,0.9282753600377897
32717,41717,High,High,0.938758998318603,0.029865505611268255,0.03137549607012884
38765,47765,Medium,Medium,0.03314164145936339,0.03637612818940839,0.9304822303512282
9577,18577,Medium,Medium,0.03343207532353136,0.03215252328457007,0.9344154013918987
28598,37598,Low,Low,0.030166528062850712,0.9387164210427562,0.031117050894393063
16377,25377,High,High,0.9307096337685925,0.032119053148420465,0.03717131308298711
10752,19752,Medium,Medium,0.03696926235976895,0.031528358480977466,0.9315023791592535
38108,47108,Low,Low,0.03373653049279274,0.9336417066043419,0.03262176290286544
24464,33464,Medium,Medium,0.03303803333265088,0.030459666915347374,0.9365022997520017
12760,21760,High,High,0.934237889289193,0.03215496143404467,0.03360714927676226
14091,23091,Low,Low,0.03262473098002075,0.9179039077535291,0.04947136126645008
6580,15580,Low,Low,0.036801805101410054,0.9299823112793412,0.03321588361924884
977,9977,Low,Low,0.030140111154123742,0.9083370833939783,0.061522805451897866
33619,42619,Medium,Medium,0.029337203900198908,0.029751335046549903,0.9409114610532513
20810,29810,High,High,0.9321864678777586,0.03294547216327329,0.034868059958968106
12469,21469,Low,Low,0.02914604904880551,0.9384928822698351,0.032361068681359434
37049,46049,Medium,Medium,0.04320844905445198,0.03245470849666059,0.9243368424488875
22844,31844,Medium,Medium,0.030338781705548948,0.02895364717859643,0.9407075711158547
1541,10541,Low,Low,0.03215101863770921,0.931768324454589,0.03608065690770159
16955,25955,High,High,0.9384803420379795,0.02906119849507037,0.03245845946695012
15035,24035,Medium,Medium,0.03317930787527263,0.03501940710495446,0.9318012850197729
314,9314,Low,Low,0.030865059290030066,0.9315446691828576,0.03759027152711242
31416,40416,Medium,Medium,0.03477298657490037,0.032952953102948705,0.932274060322151
21269,30269,Medium,High,0.9387534748866712,0.02941329142959462,0.0318332336837342
12021,21021,Medium,Medium,0.030879017099239358,0.03460249814875596,0.9345184847520046
34624,43624,Medium,Medium,0.034717422063767954,0.036713575863501345,0.9285690020727307
10932,19932,High,High,0.9281766069693366,0.03085519539673248,0.04096819763393087
39948,48948,High,High,0.9322198015275086,0.03147054508139983,0.03630965339109162
13201,22201,Medium,Medium,0.03609126125201536,0.0350279001291468,0.9288808386188379
6099,15099,Low,Low,0.028808643283946986,0.9384721461588775,0.03271921055717542
2721,11721,Medium,Medium,0.03639011433324745,0.04311431649262983,0.9204955691741228
63,9063,High,High,0.9340429777852229,0.030549740106039645,0.035407282108737385
16137,25137,Medium,Medium,0.033791014801394195,0.03116855838137535,0.9350404268172304
14353,23353,High,High,0.9300977465747616,0.033119420176506896,0.036782833248731515
34969,43969,Low,Low,0.03344596927687733,0.9004158654681128,0.06613816525500991
27432,36432,High,High,0.9362482201890604,0.031067811387693173,0.03268396842324653
37446,46446,High,High,0.9295299082176088,0.033719921278796826,0.03675017050359442
33404,42404,Medium,Medium,0.03230494913606159,0.03203160914489728,0.9356634417190413
2382,11382,Low,Low,0.033347563346738045,0.9301256606333196,0.03652677601994218
17362,26362,High,High,0.934726485858608,0.031190572862052613,0.03408294127933941
14150,23150,High,High,0.935715716525209,0.030690106760735664,0.0335941767140554
28411,37411,Medium,Medium,0.030960788480319898,0.030682195588674282,0.9383570159310058
35949,44949,High,High,0.8803650637316537,0.03685192675864767,0.08278300950969855
14721,23721,Medium,Medium,0.035856945997382525,0.03162348251312851,0.9325195714894888
37315,46315,Medium,Medium,0.03180501357588078,0.030208727036120164,0.9379862593879991
24156,33156,High,High,0.926459043779432,0.033886260844050324,0.03965469537651777
7609,16609,High,High,0.9351049914632266,0.03169895249000493,0.03319605604676855
30002,39002,Medium,Medium,0.029478482256548838,0.028979198836484157,0.941542318906967
19378,28378,Medium,Medium,0.05138245640233708,0.03640895195905939,0.9122085916386035
26552,35552,High,Medium,0.03203317399140598,0.031472356104539356,0.9364944699040546
26052,35052,Medium,Medium,0.029432457174950005,0.028527694009227778,0.9420398488158223
7461,16461,Medium,Low,0.03794088698186345,0.8720227498642119,0.09003636315392462
2719,11719,Medium,Medium,0.03038857341819023,0.031294035333617326,0.9383173912481925
2273,11273,Low,Low,0.031318333490306736,0.929528531126023,0.03915313538367048
28597,37597,Medium,Medium,0.035392013896904995,0.03199415811416545,0.9326138279889294
38071,47071,High,High,0.9325619564942998,0.030121542229446286,0.037316501276253765
2709,11709,Low,Low,0.03202374376477777,0.9097301697295562,0.05824608650566606
21153,30153,Medium,High,0.9355455228517081,0.029533283715343337,0.03492119343294849
32533,41533,Medium,Medium,0.03791893153205542,0.0311807922594215,0.9309002762085231
5359,14359,Low,Low,0.029775865966628182,0.9384779827924871,0.03174615124088467
16385,25385,High,High,0.9405069151539629,0.0284541706469623,0.031038914199074747
35389,44389,Medium,Medium,0.0322881417039869,0.030347432492402054,0.937364425803611
19392,28392,Medium,Medium,0.02925736128105676,0.030337741977638114,0.9404048967413052
39215,48215,Medium,Medium,0.03414649621893328,0.031463311515417,0.9343901922656497
5539,14539,Medium,Medium,0.03873249350322322,0.031022504173381395,0.9302450023233955
28446,37446,Medium,Medium,0.037027160493329506,0.03120374921111374,0.9317690902955568
38393,47393,High,High,0.9354678844051411,0.03035329917119105,0.03417881642366797
35313,44313,Medium,Medium,0.03205824574435498,0.031095463603140985,0.936846290652504
10424,19424,Medium,Medium,0.03421888542733067,0.03086886978018104,0.9349122447924882
8893,17893,Medium,Medium,0.032248185844610845,0.029982374554422302,0.9377694396009669
7592,16592,Medium,Medium,0.03593594069324485,0.033087207120140204,0.930976852186615
5106,14106,High,High,0.9287351207136799,0.03387974302081384,0.03738513626550627
33892,42892,Medium,Medium,0.035030932657918394,0.03899346470200128,0.9259756026400803
26719,35719,Low,Low,0.03074792916783491,0.9350021692380608,0.03424990159410438
13985,22985,Medium,Medium,0.03443584358999697,0.031566178349302455,0.9339979780607005
34112,43112,Medium,Medium,0.12566329862787903,0.03951356495754269,0.8348231364145783
22794,31794,Low,Low,0.029027113053544884,0.9399939841557153,0.030978902790739865
2360,11360,Low,Low,0.02987949545691784,0.9369088581503996,0.03321164639268254
1535,10535,Medium,Medium,0.0328127386266616,0.03611585588867392,0.9310714054846644
20174,29174,Low,Low,0.02962661814127135,0.9292373529909,0.0411360288678286
2388,11388,Low,Low,0.032438275164250616,0.9351473340657566,0.03241439076999263
39990,48990,High,High,0.9374330057271639,0.02969332395474497,0.03287367031809122
28504,37504,Medium,Medium,0.03273854055900243,0.034287958967830774,0.9329735004731669
24523,33523,Low,Low,0.03203007130462488,0.9330437822997997,0.034926146395575515
35301,44301,Medium,Medium,0.02918655830073305,0.02865787152176764,0.9421555701774994
5513,14513,Low,Low,0.03187932372131621,0.9062989752195998,0.06182170105908391
3718,12718,Medium,Medium,0.02994096507839834,0.029324702862205444,0.9407343320593963
4597,13597,High,High,0.939858669577799,0.028141393773601187,0.03199993664859981
23975,32975,Medium,Medium,0.030802290224043582,0.03219082507501257,0.9370068847009438
22401,31401,Medium,Medium,0.03908885066357576,0.035385152366406346,0.9255259969700179
3854,12854,High,High,0.9293975533083619,0.03282117645215509,0.037781270239482974
17070,26070,Medium,Medium,0.038728537581484083,0.03357254979564425,0.9276989126228717
39187,48187,Medium,Medium,0.03755052001727288,0.3629497438440312,0.5994997361386959
16149,25149,Medium,Medium,0.053225510047412807,0.040375916595833804,0.9063985733567533
32366,41366,Low,Low,0.030473802324645898,0.936412891064427,0.03311330661092705
34274,43274,High,High,0.9317752447386477,0.03412236019357411,0.034102395067778325
38439,47439,Medium,Medium,0.03022824052540073,0.029466495933204686,0.9403052635413945
28688,37688,High,High,0.9364140659395482,0.02993177780818614,0.033654156252265595
35020,44020,High,High,0.9388046998578102,0.0296033118785807,0.03159198826360904
30998,39998,High,High,0.9202655961100277,0.03670527236217683,0.04302913152779553
36701,45701,Low,Low,0.04696670258798417,0.8874976581853518,0.06553563922666417
28435,37435,High,High,0.9398241008209526,0.02853693306007617,0.03163896611897138
26782,35782,Low,Low,0.028710022723789416,0.9396643449358724,0.03162563234033817
17714,26714,Medium,Medium,0.03656123553552168,0.03789452497844867,0.9255442394860296
4276,13276,High,High,0.9388490355286171,0.028788841282243228,0.032362123189139745
23670,32670,Low,Medium,0.04710844921978846,0.03432066662390845,0.9185708841563031
7030,16030,Low,Low,0.05467876568456607,0.6439997783117227,0.3013214560037112
13040,22040,High,High,0.9305792428009737,0.03165654562821203,0.03776421157081422
36720,45720,Medium,Medium,0.030387836626579397,0.029750980638474728,0.9398611827349458
26616,35616,Low,Low,0.031847148834739276,0.9111708538261404,0.056981997339120266
13410,22410,Medium,Medium,0.03245916347140285,0.030744461910228785,0.9367963746183684
32360,41360,Medium,Medium,0.032479946068331,0.03241636541473364,0.9351036885169354
14802,23802,Medium,Medium,0.03181440681450091,0.03387781955589623,0.9343077736296029
21647,30647,Low,High,0.9322847614816188,0.03365573160262646,0.03405950691575477
28984,37984,Medium,Medium,0.035752630138245034,0.03226902193748934,0.9319783479242657
26778,35778,Medium,Medium,0.03908040230736441,0.06964834470974489,0.8912712529828907
22999,31999,High,High,0.9346464746786572,0.03135252189509803,0.03400100342624471
32779,41779,Medium,Medium,0.04275417148509938,0.04851823020578947,0.9087275983091111
11260,20260,Medium,Medium,0.03389199790734299,0.031013499556541646,0.9350945025361153
20387,29387,Medium,Medium,0.029923801917385653,0.03202027120370867,0.9380559268789056
19528,28528,Medium,Medium,0.03422405311502202,0.03058739645526644,0.9351885504297116
669,9669,Low,Low,0.037152595003165007,0.9270630812458288,0.035784323751006174
37547,46547,Medium,Medium,0.03145212939549084,0.030850599792020508,0.9376972708124885
9121,18121,Low,Medium,0.03724611688847346,0.037303898782212845,0.9254499843293137
35072,44072,Low,Low,0.03380190510934713,0.9223315565759092,0.0438665383147436
34124,43124,Low,Low,0.030310855168374812,0.9204628007010589,0.049226344130566126
38210,47210,High,Medium,0.03209378297799192,0.033420460722995364,0.9344857562990128
23876,32876,Medium,Medium,0.033334496647228234,0.038236461687927846,0.9284290416648439
16823,25823,Medium,Medium,0.03478090479892178,0.038391406334260074,0.9268276888668181
29623,38623,Low,Low,0.031701319730438715,0.9350996320682382,0.033199048201323085
25654,34654,Low,Low,0.030577145654189702,0.9350567856712,0.03436606867461039
16793,25793,High,High,0.9301865721130115,0.03293046736752638,0.03688296051946224
28601,37601,Low,Low,0.0289350761033302,0.9367012107925615,0.03436371310410827
33170,42170,Medium,Medium,0.03102671584554942,0.029234362098348895,0.9397389220561015
12239,21239,Low,Low,0.02937302228464456,0.9385810591933496,0.032045918522005785
12297,21297,Medium,Medium,0.03253832323570784,0.029954817467251593,0.9375068592970406
7129,16129,High,High,0.9342775884993371,0.03144551048781659,0.034276901012846424
7073,16073,Low,Low,0.03421088466540014,0.9318685497208771,0.03392056561372275
4363,13363,Medium,Medium,0.029756321822765355,0.030596115225794973,0.9396475629514397
24925,33925,Medium,Medium,0.03188640994350177,0.03486464137264727,0.933248948683851
28875,37875,Low,Low,0.029302381559190183,0.9377616738799626,0.03293594456084731
17353,26353,Medium,Medium,0.11373660927304652,0.03412652693970687,0.8521368637872467
34147,43147,Low,Low,0.029391834812633605,0.9350834858577916,0.03552467932957475
39141,48141,Medium,Medium,0.03212117027168953,0.02996311643557518,0.9379157132927354
13376,22376,Medium,Medium,0.032200713011149594,0.03371065283172499,0.9340886341571255
23003,32003,Medium,Medium,0.0342989366479175,0.03196580975234297,0.9337352535997395
31034,40034,High,High,0.9284985757998395,0.03549541662970931,0.036006007570451186
9239,18239,High,High,0.9321035623991208,0.03236109385728726,0.035535343743591824
23141,32141,High,High,0.9355343415418469,0.02859945359624194,0.03586620486191116
12856,21856,High,High,0.9344745181243201,0.030646398055107726,0.03487908382057219
35673,44673,Medium,Medium,0.03405974688449989,0.030463378037865346,0.9354768750776348
14143,23143,Medium,Medium,0.030313335326845214,0.02905714991829901,0.9406295147548559
31524,40524,Low,Low,0.031331689689729256,0.9374896992223848,0.031178611087885874
2757,11757,Medium,Medium,0.030443707122943767,0.03217611077026564,0.9373801821067906
10358,19358,Low,Low,0.03697058717305229,0.5838788202611126,0.37915059256583517
33306,42306,Medium,Medium,0.03588474465764931,0.0317304925623527,0.9323847627799978
8100,17100,High,High,0.9349964654006154,0.031170893828784466,0.03383264077060003
36156,45156,Low,Low,0.034270542541994964,0.7571291175539819,0.20860033990402313
39814,48814,High,High,0.9264937341000294,0.03718653304889557,0.03631973285107488
25464,34464,Low,Low,0.030386000870282415,0.9371919865223156,0.03242201260740201
15138,24138,Low,Low,0.039078658525087566,0.6769676375473681,0.2839537039275443
1196,10196,Medium,Medium,0.03320901472436891,0.03200141849680858,0.9347895667788225
28989,37989,Low,Low,0.03254073044078699,0.9349983350895688,0.03246093446964438
24488,33488,High,High,0.8850079826777592,0.031949039951676104,0.08304297737056475
6098,15098,Low,Low,0.03762431213346442,0.6622856928796974,0.30008999498683814
15952,24952,Medium,Medium,0.030670577026974455,0.03199158972160238,0.9373378332514232
20620,29620,Medium,Low,0.032998090621926005,0.9001032963430066,0.06689861303506751
11146,20146,Low,Low,0.036063846162024786,0.921819577908323,0.04211657592965216
28854,37854,Medium,Medium,0.035305407748102646,0.029497682130172537,0.9351969101217247
24004,33004,Medium,Medium,0.030622826309808948,0.02909756721732791,0.9402796064728632
24034,33034,High,High,0.9166216020058239,0.043553196004275756,0.039825201989900506
32715,41715,High,High,0.9305389084151131,0.032539894980712296,0.03692119660417468
21144,30144,Medium,Medium,0.030040305893924934,0.032124265277619746,0.9378354288284552
39780,48780,Medium,Medium,0.036012713977092804,0.035521738059417995,0.9284655479634892
3499,12499,High,High,0.9290366276903504,0.03229250449842315,0.03867086781122626
22270,31270,Low,Low,0.037360532208731846,0.9236276439004296,0.039011823890838584
15914,24914,Medium,Medium,0.03266509601615864,0.03859363638994887,0.9287412675938924
37993,46993,High,High,0.9348356457176067,0.03111068146344607,0.03405367281894731
33242,42242,Medium,Medium,0.03684044899898103,0.03622481927411635,0.9269347317269027
20998,29998,High,High,0.9318498879273714,0.030034410639535176,0.03811570143309339
35391,44391,Medium,Medium,0.03377441677224993,0.03224059891644296,0.9339849843113072
4544,13544,Medium,Medium,0.04017248044664635,0.03360633081843827,0.9262211887349153
36252,45252,Low,Low,0.03766392529904636,0.91881966637557,0.043516408325383636
39294,48294,Low,Low,0.03688586165108775,0.9249575179929651,0.038156620355947114
30168,39168,High,High,0.9305226719019047,0.031534786243906286,0.03794254185418886
4686,13686,Medium,Medium,0.03318017744926488,0.030945763280864097,0.935874059269871
38703,47703,Medium,Medium,0.03267846979051356,0.03330316491059743,0.9340183652988889
8665,17665,Medium,Medium,0.03252413517364774,0.031443606948572414,0.9360322578777799
24560,33560,Medium,Medium,0.03263457142239216,0.045190372087293595,0.9221750564903144
16420,25420,Medium,Medium,0.03268855743235353,0.03312005454005384,0.9341913880275925
799,9799,High,High,0.939757171539957,0.028929296421235193,0.03131353203880787
2596,11596,High,High,0.9338438043664784,0.030276601876622913,0.03587959375689866
12707,21707,Medium,Medium,0.045442556926446075,0.03415302556700676,0.9204044175065471
24035,33035,Low,Low,0.030738653216642153,0.9253035592878539,0.043957787495503886
11448,20448,High,High,0.9271153298495899,0.03149457949295667,0.041390090657453436
29468,38468,Medium,Medium,0.03105676068382392,0.029652871692459542,0.9392903676237166
37037,46037,High,High,0.9353397755163971,0.030568164307044315,0.034092060176558595
27711,36711,High,High,0.9387019220190932,0.02939320523226215,0.03190487274864458
24183,33183,Low,Low,0.030318990366426952,0.9362937384135819,0.03338727121999121
25888,34888,Medium,Medium,0.03773576519738719,0.03391307686041995,0.9283511579421929
21234,30234,Low,Low,0.030667690879631043,0.9365545805748695,0.03277772854549941
16233,25233,Low,Medium,0.15622260772222255,0.046945019897489,0.7968323723802886
28263,37263,Medium,Medium,0.03383314662911399,0.040404207655976056,0.9257626457149098
32514,41514,Low,Low,0.029787140358545256,0.9311506774319561,0.03906218220949861
35533,44533,Medium,Medium,0.03291991052242477,0.038265387167505716,0.9288147023100696
14987,23987,Low,Low,0.029728017439484403,0.9358250251982291,0.03444695736228653
8420,17420,High,Medium,0.035270708421668816,0.040735186607858576,0.9239941049704726
13748,22748,Medium,Medium,0.02989351929476806,0.030286026644717037,0.939820454060515
31278,40278,Medium,Medium,0.03044877686577882,0.029752152014702726,0.9397990711195184
34078,43078,Low,Low,0.02956072157639411,0.9370996412416783,0.033339637181927666
19306,28306,Low,Low,0.03330961641887701,0.9258818457903762,0.040808537790746745
34127,43127,Low,Low,0.03132643778954241,0.9305561396147669,0.03811742259569078
2021,11021,Low,Low,0.03082679511587842,0.9341700421849172,0.035003162699204476
36446,45446,Medium,Medium,0.04208249137161024,0.04956923978934802,0.9083482688390417
14240,23240,High,High,0.9386775774104713,0.028408196968921384,0.03291422562060716
38339,47339,High,High,0.9087350938357427,0.041474092496666976,0.04979081366759036
22585,31585,Low,Low,0.03319530489675863,0.9339832525630144,0.03282144254022699
39700,48700,Medium,Medium,0.035504652030175006,0.04597401270726187,0.9185213352625631
7826,16826,High,High,0.9347477868804449,0.03175035058090903,0.03350186253864602
10503,19503,Medium,Medium,0.04263560638439323,0.03558352385325891,0.921780869762348
22103,31103,Low,Low,0.03987967982753402,0.9218599404162219,0.03826037975624406
15384,24384,Medium,Low,0.03516418787099742,0.9059535524952063,0.05888225963379632
12348,21348,Medium,Medium,0.03332432873524032,0.06142080181501164,0.9052548694497481
38411,47411,Medium,Medium,0.049497685860048025,0.039908392699863744,0.9105939214400882
23586,32586,Medium,Medium,0.03165439024249279,0.02946857191586545,0.9388770378416417
28349,37349,Medium,Medium,0.03171708242921181,0.030292821033721575,0.9379900965370668
5609,14609,Medium,Medium,0.0341210557203404,0.030460375057289074,0.9354185692223704
26490,35490,Medium,Medium,0.07669727725541503,0.05376783249032472,0.8695348902542603
6472,15472,High,High,0.9369780575772096,0.031300581733196005,0.0317213606895942
2092,11092,Medium,Medium,0.03331991119688824,0.03407929448370731,0.9326007943194043
12019,21019,Low,Low,0.03136916310377869,0.9232508329296927,0.045380003966528526
10525,19525,High,High,0.9385066640126644,0.02999830493756951,0.031495031049766226
707,9707,Medium,Medium,0.032075433334386234,0.030996668415961215,0.9369278982496526
6769,15769,Low,Low,0.03897118328199759,0.883732151915105,0.0772966648028975
27619,36619,Low,Low,0.035478511102232366,0.9118542018655541,0.05266728703221363
16489,25489,Medium,Medium,0.030362338192405594,0.032015314890968566,0.9376223469166258
29576,38576,Medium,Medium,0.05823118234692449,0.036393743083313466,0.9053750745697622
38967,47967,High,High,0.9292464319293344,0.03362261660699798,0.03713095146366765
22252,31252,Low,Low,0.036177626766782114,0.9231148654779996,0.040707507755218156
1654,10654,Medium,Medium,0.03246394837984357,0.031996258685756555,0.9355397929343998
11778,20778,Medium,Medium,0.03907801682818563,0.0352503282052641,0.9256716549665504
31924,40924,Medium,Medium,0.03263287734326021,0.03131297020709516,0.9360541524496447
6460,15460,Medium,Medium,0.29332333641862596,0.05066668438768835,0.6560099791936856
22940,31940,Medium,Medium,0.031123077386974212,0.03405975629495475,0.9348171663180711
18955,27955,High,High,0.9362839488066815,0.030277614656259454,0.03343843653705907
34414,43414,Low,Low,0.033272950785277346,0.9314681450827568,0.03525890413196572
21717,30717,High,Low,0.03138019637878923,0.911389708974227,0.05723009464698384
506,9506,High,High,0.8730179031516815,0.03188092595684403,0.09510117089147452
33001,42001,Medium,Medium,0.03136924948759053,0.029949255531107968,0.9386814949813015
25530,34530,Low,Low,0.05741857841509873,0.8965365159048567,0.046044905680044546
25105,34105,Medium,Medium,0.032746732256703416,0.03407805909495526,0.9331752086483412
36697,45697,Medium,Medium,0.039017052845122746,0.4302167501788254,0.5307661969760519
23258,32258,Medium,Medium,0.033408236398015496,0.03160316031970486,0.9349886032822797
4156,13156,High,High,0.49804152063311785,0.04406865407672117,0.45788982529016087
32180,41180,High,High,0.9355978300040073,0.03166012681136055,0.032742043184632134
4289,13289,Medium,Medium,0.03233426573431942,0.03224835805259567,0.9354173762130849
7412,16412,Low,Low,0.03648321569162835,0.9029059011222117,0.06061088318616
25316,34316,Medium,Medium,0.03570899679423433,0.03446147851675179,0.9298295246890138
2514,11514,Low,Low,0.04811498304150597,0.907900664271733,0.043984352686760986
9570,18570,Medium,Medium,0.03079379157450576,0.03403102089136028,0.935175187534134
3438,12438,Medium,Medium,0.03635926783146087,0.032732883072580286,0.9309078490959588
29648,38648,High,High,0.9387234778745469,0.029860096091589308,0.03141642603386399
15376,24376,Medium,Medium,0.0345018998934807,0.0343904053079004,0.9311076947986189
18834,27834,High,High,0.9388899755144756,0.029228698837972383,0.03188132564755194
16190,25190,Medium,Medium,0.03703475282083476,0.03226791197112284,0.9306973352080424
39421,48421,Low,Low,0.035299683769132124,0.9266866584797979,0.038013657751069935
32287,41287,Low,Low,0.03088849496521608,0.9336199618598208,0.035491543174963135
13971,22971,Low,Low,0.0356498207297535,0.6465598827669606,0.3177902965032859
3408,12408,High,High,0.9292759563111987,0.03551151760642906,0.03521252608237218
7785,16785,Medium,Medium,0.031077235446077652,0.031485772884736314,0.9374369916691861
20129,29129,Medium,Medium,0.0417340736308949,0.19256268922577172,0.7657032371433333
1918,10918,Medium,Medium,0.03079109721297779,0.030676218564866815,0.9385326842221554
22646,31646,Low,Medium,0.030448440624716456,0.030003604649395582,0.9395479547258881
27024,36024,Medium,Medium,0.03227077454541078,0.04164947645808564,0.9260797489965036
32758,41758,Medium,Medium,0.03377547317274265,0.2257819818169351,0.7404425450103224
37445,46445,Low,Medium,0.0335573164759258,0.03306773432911571,0.9333749491949584
29709,38709,Medium,Medium,0.03077522736339899,0.032473230528645744,0.9367515421079554
27414,36414,Medium,Medium,0.03347771693999657,0.03363975076643341,0.93288253229357
29138,38138,High,High,0.9350676543998682,0.031053959302886045,0.0338783862972458
13825,22825,Medium,Medium,0.03312145527085711,0.03435986940101183,0.9325186753281308
25966,34966,Low,Low,0.03138048562548312,0.9218664247165546,0.04675308965796221
34614,43614,Medium,Medium,0.03119287078548291,0.03121927478298581,0.9375878544315311
12351,21351,High,High,0.9412371453119759,0.027983649951186792,0.030779204736837453
37131,46131,High,High,0.9347711780921601,0.03136648148724558,0.03386234042059437
3110,12110,Low,Low,0.03529730231978712,0.9325431715926445,0.032159526087568384
10689,19689,High,High,0.9321722754534564,0.03561569800409604,0.03221202654244769
14754,23754,Medium,Medium,0.05348198630632298,0.03692449118170358,0.9095935225119735
28157,37157,Low,Low,0.03066241676814016,0.9308059608473092,0.03853162238455064
1332,10332,Low,Low,0.059101743597941105,0.9084766608022572,0.03242159559980164
31789,40789,Medium,Medium,0.03456442240256403,0.031005909524715488,0.9344296680727205
6259,15259,High,High,0.9002730423186893,0.03851225471638948,0.06121470296492129
29156,38156,Low,Low,0.06553835600230076,0.8982353528025605,0.03622629119513884
28786,37786,Medium,Medium,0.03162433394686397,0.031747430118608956,0.9366282359345272
32617,41617,Medium,Medium,0.031017735106201132,0.0376475320203443,0.9313347328734546
27705,36705,Low,Low,0.029096997471307146,0.9377756592827128,0.03312734324598003
11074,20074,High,High,0.93502020931862,0.030473694775409278,0.03450609590597085
24645,33645,Low,Low,0.029885528873023676,0.9376690845651333,0.03244538656184301
13918,22918,Medium,Medium,0.03161757875189413,0.031216246154642524,0.9371661750934633
35440,44440,High,High,0.8977129268885196,0.03850733703398054,0.06377973607749983
10669,19669,High,High,0.9357723056889578,0.030854039872439638,0.03337365443860261
32732,41732,Low,Low,0.03167317638418338,0.9329250327976489,0.035401790818167696
6157,15157,High,High,0.9304678139795716,0.03251992743899046,0.03701225858143797
27215,36215,Medium,Medium,0.033197177579759964,0.031826125950731504,0.9349766964695085
1600,10600,High,High,0.9340058812392393,0.033012921067496544,0.032981197693264123
30176,39176,Medium,Medium,0.0350193497388351,0.03535823473512608,0.9296224155260387
14358,23358,High,High,0.9369226599068566,0.030691435671113848,0.03238590442202957
23073,32073,High,Medium,0.033291758515970916,0.03329922955153377,0.9334090119324953
7177,16177,High,High,0.938356266062604,0.028900535932587543,0.03274319800480862
1348,10348,High,Low,0.02936329120101779,0.9347890509356724,0.035847657863309665
20037,29037,High,High,0.926315864635385,0.03278298855353814,0.04090114681107692
20294,29294,High,High,0.9313016176553282,0.03528681659621314,0.033411565748458806
29672,38672,Low,Low,0.03038179830866575,0.9377985414267679,0.03181966026456637
38247,47247,High,High,0.9070190827795052,0.03170081776250479,0.06128009945798999
4842,13842,High,High,0.9339652734182545,0.030936181890890497,0.035098544690855014
16748,25748,Medium,High,0.9341581143835643,0.03086427814167202,0.034977607474763646
4080,13080,Medium,Medium,0.030850510581261852,0.02967529133704512,0.939474198081693
30448,39448,Low,Medium,0.030331914130092157,0.030238696439063333,0.9394293894308445
33208,42208,High,High,0.9358030556337801,0.028209061102995675,0.03598788326322433
6041,15041,Medium,Medium,0.03291186134272689,0.03420625803067614,0.9328818806265969
5074,14074,High,High,0.9364630449407807,0.029585487955380515,0.03395146710383882
4655,13655,High,Medium,0.031095606906553653,0.037852142425778425,0.9310522506676678
25197,34197,High,High,0.9307679144447724,0.03250381732001461,0.03672826823521284
964,9964,Low,Low,0.030650771352998308,0.9338657855847879,0.035483443062213675
27143,36143,High,High,0.9211519607656293,0.03790520248997054,0.04094283674440013
22500,31500,Medium,Medium,0.03158511472043194,0.031061013902216033,0.937353871377352
12824,21824,Medium,Medium,0.23934837288092656,0.14227639989080995,0.6183752272282635
16867,25867,Medium,Medium,0.0350178363281306,0.040098010599201594,0.9248841530726679
18954,27954,Medium,Medium,0.03232685100518883,0.031186296658900756,0.9364868523359103
8957,17957,Low,Low,0.034189106839527056,0.9133993430579445,0.05241155010252851
38775,47775,Medium,Medium,0.038659528870892516,0.03227513374352393,0.9290653373855836
29358,38358,High,High,0.932581444940156,0.031211193867178483,0.03620736119266552
4359,13359,Medium,Medium,0.03618044939465676,0.13916506250049476,0.8246544881048484
18545,27545,High,Medium,0.03015450360272302,0.03013901551680129,0.9397064808804757
12272,21272,High,High,0.9359525747350902,0.030706776090597975,0.033340649174311815
12271,21271,Medium,Medium,0.031539666702624154,0.03962663270777778,0.928833700589598
26723,35723,Medium,Medium,0.03440952803943554,0.03212966381734702,0.9334608081432174
31495,40495,Medium,Medium,0.031329395103593144,0.03234528144463262,0.9363253234517742
16783,25783,High,High,0.9300936026248273,0.030575612966382514,0.03933078440879007
3196,12196,High,High,0.927712755811223,0.03255497677478406,0.03973226741399293
19566,28566,Low,Low,0.03615431805995524,0.7222628287501346,0.2415828531899102
36285,45285,Medium,Medium,0.030497055626609964,0.029454864390298038,0.9400480799830918
19586,28586,High,High,0.9340742160512597,0.031371929398989924,0.03455385454975027
35025,44025,Low,Low,0.032706957282798925,0.9344831637230504,0.03280987899415077
5712,14712,Medium,Medium,0.03160588811544713,0.03169386546695075,0.9367002464176021
14423,23423,High,High,0.9340258008679077,0.03377118412066227,0.0322030150114301
34271,43271,Medium,Medium,0.03172182862993538,0.03442834507661958,0.933849826293445
10911,19911,Medium,Medium,0.03424382498098347,0.049679953994200964,0.9160762210248157
9035,18035,Low,Low,0.03396950848190896,0.9268901188357471,0.03914037268234389
10063,19063,Low,Low,0.029478164541674293,0.9377606281926004,0.032761207265725366
5556,14556,Low,Low,0.029623900459813658,0.9363430201654741,0.034033079374712276
10526,19526,Medium,Medium,0.031438688431786245,0.0310971900798776,0.9374641214883361
30840,39840,Medium,Medium,0.0668434087639147,0.05996022922470104,0.8731963620113842
34517,43517,Medium,Medium,0.02975144426852322,0.03061480504673847,0.9396337506847384
14218,23218,Medium,Medium,0.036912017135309616,0.0298008489784745,0.933287133886216
24005,33005,Low,Low,0.03307874997336021,0.9347564581933336,0.03216479183330625
9312,18312,Low,Low,0.034291553064892975,0.9341695069957684,0.03153893993933876
31690,40690,Medium,Medium,0.037817636401208915,0.03569678312721552,0.9264855804715756
26329,35329,Low,Low,0.03147418586687998,0.9254205497571663,0.043105264375953696
34421,43421,High,High,0.9382906829724075,0.029439737432405726,0.03226957959518665
36533,45533,High,Medium,0.030107432963524274,0.02962911023381597,0.9402634568026597
6477,15477,High,Low,0.02939852687559912,0.934453682252836,0.0361477908715648
2656,11656,Low,Low,0.03181246241674012,0.9350786055153298,0.033108932067929885
23934,32934,Medium,Medium,0.031413583615930184,0.0314426182410503,0.9371437981430195
25583,34583,Medium,Medium,0.03551011528519211,0.04053128898864398,0.9239585957261639
24380,33380,Low,Low,0.029651745223765003,0.937047360535566,0.033300894240669024
35268,44268,Medium,Medium,0.02984514091217297,0.032792830115788506,0.9373620289720387
2267,11267,Medium,Medium,0.03557571360309104,0.03290248115736354,0.9315218052395454
37851,46851,Medium,Medium,0.040197226983084276,0.05997442674248175,0.899828346274434
2782,11782,High,High,0.765548507561833,0.03539131178107046,0.19906018065709663
18415,27415,Medium,Medium,0.03534295288530644,0.03078327076778962,0.9338737763469039
7359,16359,Medium,Medium,0.029698563657303913,0.028502343735797644,0.9417990926068985
2230,11230,Medium,Medium,0.031222616725723434,0.03469742563690684,0.9340799576373696
39178,48178,Medium,Medium,0.044604690801892506,0.03978590511448043,0.915609404083627
27867,36867,Medium,Medium,0.033206816592857256,0.0333078671917925,0.9334853162153504
30954,39954,Medium,Low,0.03136177855365041,0.9208459360351737,0.047792285411175826
39009,48009,Medium,Medium,0.03486288439911644,0.03301680315234771,0.9321203124485358
16981,25981,Medium,Medium,0.02956156039235056,0.028699522921726197,0.9417389166859232
3133,12133,High,High,0.9385307323618921,0.03048148541877527,0.030987782219332665
10612,19612,Medium,Medium,0.0329306472200356,0.0495240030578259,0.9175453497221385
16362,25362,Low,Low,0.02991392087144216,0.9271822134657351,0.04290386566282256
30253,39253,Medium,Medium,0.029535116647133274,0.030782496261135713,0.9396823870917311
39939,48939,High,High,0.9310641231250738,0.031520818718880426,0.037415058156045865
26857,35857,Medium,Medium,0.032106586038513456,0.0318273495582902,0.9360660644031963
20371,29371,Medium,Medium,0.07006466414423039,0.037709396376932484,0.8922259394788372
11621,20621,Medium,Medium,0.04242265742086163,0.04529261177076855,0.9122847308083699
26349,35349,Low,Low,0.03148890924204365,0.9318345988087507,0.036676491949205664
37794,46794,Medium,Medium,0.032411390396819555,0.03382328859493152,0.9337653210082489
9175,18175,Low,Low,0.03341297557266735,0.9312422292297445,0.03534479519758822
7759,16759,High,High,0.9356561580752708,0.030646265093375678,0.03369757683135359
16217,25217,High,High,0.9313652393078932,0.030906948760726236,0.03772781193138053
32499,41499,Low,Low,0.031134971261837424,0.935568612172923,0.033296416565239635
31718,40718,Low,Low,0.037558951329155134,0.8762696485161862,0.08617140015465868
27629,36629,High,High,0.9394182914742711,0.028986135593019307,0.03159557293270961
8630,17630,Medium,Medium,0.034292366676637424,0.04401920034579296,0.9216884329775695
17912,26912,Medium,Medium,0.08750712384446808,0.0329326735323781,0.8795602026231538
12625,21625,Medium,Medium,0.032683230921032314,0.02974381729875171,0.9375729517802159
7701,16701,Medium,Medium,0.029483102340915474,0.029295724158999847,0.9412211735000847
36043,45043,Medium,Medium,0.04710132393028632,0.03933367173251623,0.9135650043371975
3947,12947,Low,Low,0.035768041781555605,0.8865018610327069,0.07773009718573749
27155,36155,Medium,Medium,0.030964312198494087,0.0312998415439464,0.9377358462575596
34801,43801,High,High,0.9361855496056505,0.029239681437198226,0.03457476895715136
36203,45203,Medium,Medium,0.03223173255419685,0.03237538566061366,0.9353928817851895
24971,33971,High,High,0.920553138695701,0.03379113216566163,0.0456557291386375
27302,36302,Medium,Medium,0.031315995929950574,0.03347091037576177,0.9352130936942876
38310,47310,Medium,Medium,0.03446647711025714,0.04066168027342957,0.9248718426163133
29421,38421,Medium,Medium,0.03581892128438091,0.035571943214406904,0.9286091355012122
18795,27795,Medium,Medium,0.039911133172589104,0.03258898388892869,0.9274998829384821
15290,24290,Medium,Medium,0.039811224331901984,0.033918165353908486,0.9262706103141896
27422,36422,High,High,0.9305174409290137,0.033135653309083864,0.03634690576190239
14765,23765,Medium,Medium,0.030387287312109892,0.032993238221846515,0.9366194744660437
20161,29161,Medium,Medium,0.03414103178189513,0.03317344212704499,0.9326855260910599
36450,45450,Low,Medium,0.03850435319120907,0.324439881006831,0.6370557658019599
38162,47162,Medium,Medium,0.03373032655871903,0.07745722087104796,0.8888124525702331
13440,22440,High,High,0.9316455500216826,0.032410102707078385,0.035944347271238984
18248,27248,Medium,Medium,0.03737559474036332,0.032281582768309995,0.9303428224913266
2098,11098,Low,Low,0.03647913504311398,0.9291918998772832,0.03432896507960276
9601,18601,High,High,0.9294978443801697,0.03148302666380126,0.03901912895602916
10563,19563,Medium,Medium,0.032608944063957084,0.031685017735405524,0.9357060382006375
10228,19228,Low,Low,0.03059875378852239,0.9328570443094221,0.03654420190205554
23726,32726,Medium,Medium,0.03219627372031603,0.033481368310735955,0.934322357968948
725,9725,High,High,0.9366255400428886,0.028727017496846325,0.03464744246026497
25004,34004,High,High,0.9352085500184115,0.030912645012712205,0.03387880496887625
26474,35474,Medium,Medium,0.029962369918866583,0.031175029737808377,0.938862600343325
9290,18290,High,High,0.9220836841633656,0.03765729320262365,0.04025902263401079
5916,14916,High,High,0.6773729157115681,0.04094787939781631,0.28167920489061554
18122,27122,Low,Low,0.0360164828618099,0.704497949090368,0.25948556804782225
9042,18042,Low,Low,0.04063599465167341,0.6751585990154262,0.2842054063329005
31003,40003,Medium,Medium,0.03036520662079896,0.03072724729425086,0.9389075460849502
29569,38569,Medium,Medium,0.03689188831847221,0.03300107394420194,0.9301070377373257
5720,14720,High,High,0.9355166577622223,0.03112853071783062,0.03335481151994715
40005,49005,Medium,Medium,0.032857426676590466,0.0685420545875667,0.8986005187358428
25596,34596,Medium,Medium,0.03000973758359489,0.03009620314264295,0.9398940592737621
39801,48801,High,High,0.9326465740907222,0.032910093605855735,0.03444333230342219
15112,24112,Medium,Medium,0.033603931778328454,0.037778679843723045,0.9286173883779485
33754,42754,Low,High,0.937797192023535,0.029067481768154473,0.033135326208310556
23069,32069,High,High,0.9325104796555719,0.03153468553340751,0.03595483481102062
11977,20977,Low,Low,0.06167688292343706,0.9035815839489109,0.03474153312765211
37907,46907,High,High,0.9345331518079978,0.03206239567531419,0.03340445251668798
24512,33512,Medium,Medium,0.030844046225616095,0.03513629951109823,0.9340196542632858
39657,48657,High,Medium,0.13031152579119665,0.10236073000901802,0.7673277441997853
17066,26066,High,High,0.9344005845162541,0.030932622445635705,0.034666793038110315
5119,14119,Medium,Medium,0.035548628537715225,0.033595005288863354,0.9308563661734214
16683,25683,Medium,Medium,0.0325295438320218,0.033802049486387264,0.933668406681591
14572,23572,Medium,Medium,0.03459481561963574,0.03679897071865291,0.9286062136617113
11015,20015,Medium,Medium,0.03976258917786057,0.03536323306320286,0.9248741777589364
11976,20976,High,Medium,0.03543104930343386,0.044455403730743685,0.9201135469658225
24216,33216,Low,Low,0.029822071083099325,0.9099767614082879,0.06020116750861274
31036,40036,High,High,0.9345147422843568,0.03130284338766235,0.03418241432798078
3186,12186,High,High,0.9303499147874105,0.031242232596011842,0.038407852616577635
36636,45636,Medium,Medium,0.03024830111394375,0.031964685475774156,0.9377870134102823
21750,30750,Medium,Medium,0.03614072838123214,0.03668016148748722,0.9271791101312806
17489,26489,High,High,0.9361029609454025,0.03275078613609821,0.031146252918499328
17171,26171,High,High,0.9244143745408153,0.03404738964501273,0.04153823581417182
2666,11666,Medium,Medium,0.05596663966321508,0.23175095753867506,0.71228240279811
7415,16415,Medium,Medium,0.030022942292438876,0.032107147637416046,0.9378699100701451
23271,32271,Medium,Medium,0.034446121807045,0.04127581500788536,0.9242780631850698
11353,20353,Medium,Medium,0.034114891858396966,0.03459062379064785,0.9312944843509552
14447,23447,Medium,Medium,0.03450467369378935,0.041791812160668185,0.9237035141455424
6720,15720,Medium,Medium,0.03393215199172666,0.05292192475285865,0.9131459232554148
35018,44018,High,High,0.9262350927461727,0.03366712275713877,0.04009778449668856
3475,12475,High,High,0.9315824642261353,0.032823253722912525,0.035594282050952254
3176,12176,Medium,High,0.9324234792293286,0.03250496323664951,0.035071557534021955
31217,40217,High,High,0.9351933624117219,0.030693529071136236,0.034113108517141735
5902,14902,Medium,Medium,0.03491265811283965,0.0302139768064162,0.9348733650807443
30278,39278,Medium,Medium,0.03220336750925203,0.031214195082568535,0.9365824374081794
15995,24995,Low,Low,0.03364564359101307,0.9308722445314631,0.0354821118775237
387,9387,Low,High,0.9300577563281442,0.0323055494983754,0.037636694173480416
38057,47057,Medium,Medium,0.029398059249090197,0.031968270853334035,0.9386336698975758
10662,19662,High,Medium,0.031584657604105275,0.03198321526385112,0.9364321271320436
15007,24007,Medium,Medium,0.042983895228550506,0.032265480156512705,0.9247506246149367
21196,30196,High,High,0.9288160591913419,0.03243403238765209,0.038749908421005945
14432,23432,High,High,0.9298287467393581,0.030615976517276475,0.039555276743365335
2510,11510,Medium,Medium,0.048847873223391736,0.029887796008333852,0.9212643307682743
29714,38714,Low,Low,0.03075336723553521,0.9346324960358053,0.03461413672865955
11325,20325,Low,Low,0.03000319379169281,0.9250545996524702,0.044942206555837035
24077,33077,Low,Low,0.028959603375082455,0.9395997562217256,0.03144064040319187
14891,23891,High,High,0.9272212345097545,0.036001947134774316,0.03677681835547129
31839,40839,High,High,0.9369489715943082,0.02997011925530084,0.033080909150390914
26571,35571,High,Medium,0.04217331889779471,0.04088752423146496,0.9169391568707402
30258,39258,Medium,Medium,0.04080723733217109,0.056889417549928274,0.9023033451179007
3955,12955,Low,Low,0.030337862960587148,0.9317284717852102,0.03793366525420255
28909,37909,Medium,Medium,0.03715320963463698,0.030097252481024475,0.9327495378843386
37111,46111,Medium,Medium,0.059702935545142166,0.03233646871817397,0.9079605957366838
29759,38759,Medium,Medium,0.031564360637873,0.03137704746423086,0.9370585918978961
4283,13283,High,High,0.9376536818278046,0.029860116399719083,0.03248620177247632
13508,22508,Low,Low,0.032864335818137656,0.9307057817924709,0.036429882389391405
33423,42423,Medium,Medium,0.04143356725057596,0.03420245604082074,0.9243639767086034
16153,25153,High,High,0.9372434896796754,0.03132453321182397,0.03143197710850072
21480,30480,Low,Low,0.03282451219281423,0.9349283480730207,0.032247139734165174
2744,11744,Medium,Medium,0.03466669765101104,0.034403671839472405,0.9309296305095165
14191,23191,High,High,0.9316457609500838,0.032914360467139726,0.035439878582776425
32311,41311,High,High,0.938050881722833,0.029720452913359036,0.03222866536380798
33139,42139,High,High,0.9244872164212327,0.041878826381741174,0.033633957197026144
22956,31956,High,High,0.9308387854381418,0.032154843786357315,0.03700637077550092
14297,23297,Low,Low,0.03145927464950147,0.8459332683298669,0.12260745702063164
36097,45097,Low,Low,0.031572226250351526,0.9330752280770885,0.03535254567255996
3769,12769,High,High,0.9351835423840016,0.030653494049523805,0.03416296356647464
22223,31223,High,High,0.9265983017574749,0.03862725694415614,0.03477444129836881
20837,29837,Medium,Medium,0.03710908117129813,0.030763899538107185,0.9321270192905947
36606,45606,Medium,Medium,0.03215272822846534,0.03807158500205197,0.9297756867694827
33228,42228,High,High,0.7098810102344767,0.035405917417706136,0.2547130723478172
26469,35469,Low,Low,0.03253231104050239,0.9288243951725582,0.03864329378693938
30969,39969,High,High,0.679529229674484,0.04211450284815952,0.2783562674773564
3993,12993,Medium,Medium,0.03073222660095404,0.03594871817727614,0.9333190552217698
39967,48967,High,High,0.9249090480707411,0.037869248181755764,0.037221703747503034
27459,36459,Low,Low,0.03546995059629459,0.92265777073843,0.041872278665275264
21936,30936,Low,Low,0.03076400498648102,0.9359378787215951,0.03329811629192386
6606,15606,High,High,0.8808139389329713,0.04606094567099411,0.07312511539603446
5391,14391,Low,Low,0.03263839526697228,0.9351414870011144,0.03222011773191338
32477,41477,Medium,Medium,0.04165488867494661,0.22104647711452188,0.7372986342105315
18729,27729,Low,Medium,0.03019876201067769,0.031375537333279364,0.938425700656043
12285,21285,High,High,0.7841434954683654,0.03794673105194505,0.1779097734796895
13877,22877,Medium,Medium,0.03397847979262706,0.035997887140421445,0.9300236330669515
29021,38021,Medium,Medium,0.030615142721738448,0.03289619629697681,0.9364886609812846
2042,11042,Low,Low,0.052211286675239534,0.9135935569441269,0.034195156380633425
6652,15652,Low,Low,0.0329389243888251,0.934150078181711,0.03291099742946385
35637,44637,Medium,Medium,0.03634836269590997,0.037758062502909064,0.9258935748011808
10588,19588,Medium,Medium,0.03178107700611621,0.03111946005571555,0.9370994629381683
9376,18376,Low,Low,0.02968170071613226,0.9307637650881727,0.03955453419569502
7173,16173,High,High,0.9327641025198582,0.0313503447700966,0.0358855527100451
660,9660,Medium,Medium,0.037540720250178884,0.059902460593075725,0.9025568191567453
33309,42309,Medium,Medium,0.03536996676923496,0.04231290002768512,0.9223171332030801
1061,10061,Medium,Medium,0.03457783034846392,0.03436216787117325,0.9310600017803629
26351,35351,Medium,Medium,0.03714721196120407,0.10985446477989175,0.8529983232589041
5178,14178,Medium,Medium,0.03349367646228198,0.03653988277938935,0.9299664407583287
5553,14553,High,High,0.9351239204185644,0.03153610190998152,0.033339977671454
6312,15312,Medium,Medium,0.03747888022716913,0.1859153463499498,0.7766057734228812
18570,27570,Low,Low,0.032428867467468404,0.9287754475374687,0.038795684995062966
20521,29521,High,High,0.9218656337994998,0.0462398322474921,0.03189453395300808
29572,38572,Medium,Low,0.03017163186652468,0.9349547588892019,0.03487360924427347
23700,32700,High,High,0.9360932329654618,0.0296052172783476,0.03430154975619066
30509,39509,Low,Low,0.03293450987922074,0.9333341064601743,0.03373138366060488
38453,47453,Medium,Medium,0.03654843906485599,0.029654598032854116,0.9337969629022899
23345,32345,Medium,Medium,0.035612642223985684,0.03674494793506907,0.9276424098409453
20455,29455,Low,Medium,0.035956075533184834,0.031430694567534834,0.9326132298992804
8437,17437,Medium,Medium,0.03307834342368789,0.03391289283577179,0.9330087637405402
3114,12114,Low,Low,0.03078939443811193,0.9185019000947557,0.05070870546713226
2392,11392,Medium,Medium,0.11552627776245655,0.05238248109403354,0.8320912411435099
4634,13634,Medium,Medium,0.0497224772122864,0.03555556935608244,0.9147219534316311
7775,16775,Low,Low,0.04762548038207201,0.9025447717117472,0.04982974790618074
21921,30921,Low,Low,0.03194466990550042,0.9340297024745511,0.034025627619948484
33438,42438,High,High,0.9356787903364826,0.030411504127070405,0.033909705536447024
27473,36473,Medium,Medium,0.04165777320699638,0.0330421844221522,0.9253000423708514
27849,36849,High,Medium,0.03441144015828187,0.032761685482269876,0.9328268743594483
15985,24985,Medium,Medium,0.029984896207301354,0.02913897512181628,0.9408761286708823
26991,35991,Low,Low,0.029115786782537956,0.9394731261314538,0.031411087086008066
6016,15016,Medium,Medium,0.034391121853781806,0.030867425330211463,0.9347414528160067
36978,45978,High,High,0.934122834045986,0.03157644722569892,0.03430071872831516
32788,41788,Low,Low,0.03134044735929185,0.934985713766641,0.03367383887406719
38538,47538,Medium,Medium,0.03809796723322333,0.03278973750263573,0.9291122952641407
26964,35964,Low,Low,0.03085791912574387,0.9380132112472018,0.031128869627054367
7964,16964,Medium,Medium,0.03784462187987433,0.04116105730887995,0.9209943208112458
16297,25297,Medium,Medium,0.035429766074347,0.03549353633576125,0.9290766975898918
16115,25115,Low,Low,0.030249030856043135,0.9356769471147043,0.03407402202925266
15713,24713,Low,Low,0.030265517714728962,0.9331405528681044,0.036593929417166576
19515,28515,Low,Low,0.029244247347453272,0.9348205746042247,0.03593517804832196
33402,42402,Medium,Low,0.034528889651577875,0.9147766336926081,0.05069447665581406
31050,40050,Medium,Medium,0.033791572653113756,0.03224295827171726,0.933965469075169
36827,45827,High,Low,0.044954012619968266,0.7639174193930088,0.19112856798702302
14841,23841,High,High,0.9261769934711716,0.040257638400465555,0.033565368128362826
25160,34160,Medium,Medium,0.03138443721281897,0.03274910891190766,0.9358664538752733
6559,15559,Medium,Medium,0.03431932510524035,0.04164783931695405,0.9240328355778056
34009,43009,High,High,0.9312703489831504,0.03361723953368084,0.03511241148316877
17131,26131,High,High,0.9317734632424947,0.03408402304062089,0.034142513716884405
7560,16560,Medium,Medium,0.03204891464502554,0.042906515559823895,0.9250445697951507
24489,33489,Low,Low,0.03009182961537754,0.9348995871355058,0.035008583249116626
23067,32067,Medium,Medium,0.03535547204026386,0.07635172493653535,0.8882928030232008
13394,22394,High,High,0.9341847281328949,0.029868617594960137,0.035946654272145044
32653,41653,High,High,0.9345536803096618,0.030694461782207694,0.03475185790813042
12304,21304,Medium,Medium,0.040360353175806586,0.03368867487995536,0.9259509719442381
24374,33374,Low,Medium,0.04871972685388867,0.41435146454668964,0.5369288085994216
39288,48288,Low,Low,0.03319376049259041,0.9343880044816196,0.03241823502578994
2162,11162,Low,Low,0.0339088531406381,0.9239043082122965,0.042186838647065406
14508,23508,High,High,0.9355381119584543,0.03002346164452781,0.03443842639701798
9372,18372,High,High,0.9297912375529552,0.03269115645915787,0.0375176059878869
13177,22177,Medium,Medium,0.03437999012116493,0.03429098525212898,0.9313290246267062
33507,42507,High,High,0.8422569289693916,0.04408676479862731,0.1136563062319811
33658,42658,Low,Low,0.030224020469270436,0.9315159835874812,0.03825999594324839
24948,33948,Low,Low,0.04032710910712934,0.9245380873302579,0.03513480356261261
5668,14668,Medium,Medium,0.040745166677880994,0.03098948499745956,0.9282653483246595
20806,29806,Medium,Medium,0.03379369611657847,0.03261532659423153,0.93359097728919
39622,48622,Medium,Medium,0.030639420878467424,0.034887246150114515,0.9344733329714181
28144,37144,Low,Low,0.03499253848041584,0.9198528988511402,0.04515456266844404
7467,16467,Low,Low,0.029438269247487544,0.9396099528959105,0.030951777856601925
4435,13435,Low,High,0.9269291633672304,0.03139116160568243,0.04167967502708716
26875,35875,Low,Low,0.034942552183653657,0.9310842012614003,0.033973246554945935
19043,28043,Medium,Medium,0.03039740600402201,0.033608736713162175,0.9359938572828157
6369,15369,High,High,0.9361690826022206,0.029857747810217817,0.03397316958756164
14498,23498,Medium,Medium,0.03376887972743762,0.029788240669292892,0.9364428796032697
10101,19101,Medium,Medium,0.039888546554945364,0.04263183313923405,0.9174796203058205
26144,35144,Medium,Medium,0.031806255177088204,0.03025302565672804,0.9379407191661837
34678,43678,Medium,Medium,0.03134767502781234,0.03147541080493507,0.9371769141672527
30962,39962,Medium,Medium,0.02980680116511886,0.032389877771354075,0.937803321063527
15064,24064,High,High,0.9250956019609702,0.038883001331670886,0.03602139670735897
3232,12232,Medium,Medium,0.029673163768476674,0.03240169809409195,0.9379251381374315
20016,29016,Medium,Medium,0.032590783058939754,0.03302698126435675,0.9343822356767036
2066,11066,Medium,Medium,0.03804409890219181,0.05750725914417703,0.9044486419536311
27660,36660,Low,Low,0.029943419058410404,0.9391023966152462,0.0309541843263433
19142,28142,Medium,Medium,0.03433744028814282,0.03335410889949044,0.9323084508123666
27204,36204,Medium,Medium,0.030043200216051766,0.03147666952082128,0.938480130263127
14642,23642,High,High,0.835652967069687,0.035262152994089864,0.12908487993622317
19618,28618,Medium,Medium,0.035126768661585726,0.041534140344598715,0.9233390909938155
19208,28208,Medium,Medium,0.04048216927335674,0.03767570973963228,0.921842120987011
10454,19454,High,High,0.9204683500535196,0.037562814317657144,0.04196883562882334
2593,11593,Medium,Medium,0.031233278193145638,0.0365614825189701,0.9322052392878843
35903,44903,Low,Low,0.03501874398545865,0.9317536443881812,0.03322761162636019
36061,45061,High,High,0.9352448226266382,0.031039327162966025,0.033715850210395915
31877,40877,High,High,0.9364338933511119,0.029335470268720742,0.034230636380167406
31464,40464,High,High,0.9253861878604864,0.037260813918888365,0.037352998220625135
28672,37672,Low,Low,0.03137624649425582,0.9303447511952871,0.038279002310457076
5175,14175,Low,Low,0.03240085997058221,0.933409942755851,0.03418919727356679
15271,24271,High,High,0.908764199914144,0.0529974164773695,0.03823838360848652
13657,22657,Medium,Medium,0.031219838908980464,0.03230555181568805,0.9364746092753315
38868,47868,Medium,Medium,0.03318056712043178,0.03431254633245131,0.932506886547117
33162,42162,Medium,Medium,0.03170906392044832,0.03172341602256634,0.9365675200569853
27963,36963,Medium,Medium,0.03138461935588205,0.03142300268011704,0.9371923779640009
20993,29993,Medium,Medium,0.03363301739071975,0.03340214173733424,0.932964840871946
29963,38963,Medium,Medium,0.03321891445249123,0.04364532469128355,0.9231357608562253
24792,33792,Medium,Medium,0.031630551062547134,0.02972412295041041,0.9386453259870424
32369,41369,High,High,0.9304547209473806,0.03266579548305664,0.0368794835695628
15474,24474,Medium,Medium,0.03022532697284047,0.029010190517119335,0.9407644825100402
30687,39687,High,High,0.9370864508747193,0.029284069041326365,0.03362948008395419
32735,41735,Low,Low,0.02958080297859657,0.9338370887030331,0.03658210831837045
33008,42008,Low,Low,0.02906738930552359,0.937846488347958,0.03308612234651832
5517,14517,Medium,Medium,0.035321866256940636,0.03385888142633528,0.9308192523167241
3517,12517,Medium,Medium,0.031791661353617266,0.03169344509616284,0.9365148935502199
4557,13557,Low,Low,0.034286695018431186,0.9298623519762371,0.03585095300533159
9712,18712,High,High,0.9357411955424976,0.030774332852070572,0.03348447160543176
22351,31351,High,High,0.7598919682902442,0.05741313401668011,0.18269489769307556
5158,14158,Medium,Medium,0.16429549186684786,0.039366237984431805,0.7963382701487203
17459,26459,Medium,Medium,0.03522583961701791,0.040602462061355114,0.9241716983216269
23036,32036,Medium,Medium,0.03409758658051026,0.032543485822676875,0.9333589275968129
32579,41579,High,High,0.9364819018973067,0.030570340455970218,0.03294775764672313
8394,17394,Medium,Medium,0.0323800065082443,0.03323645629141234,0.9343835372003434
20422,29422,Medium,Medium,0.032080515293556024,0.03335172004240541,0.9345677646640386
3898,12898,Medium,Medium,0.034298767838704974,0.03214777397062619,0.9335534581906688
328,9328,High,High,0.9346040436326052,0.03127099045157142,0.034124965915823514
25249,34249,Medium,Medium,0.03379509499114434,0.03958145324841558,0.92662345176044
32620,41620,High,High,0.9318331342483441,0.033065640891416344,0.03510122486023948
11776,20776,Medium,Medium,0.03254035703968013,0.03263133363325894,0.934828309327061
10472,19472,Medium,Medium,0.03376428211809832,0.03331907027600902,0.9329166476058927
3361,12361,Low,Low,0.02949558815074547,0.9349759648352309,0.03552844701402354
25115,34115,Medium,Medium,0.03361047315062585,0.07052864310650099,0.8958608837428731
38315,47315,Low,Low,0.029924080802987724,0.932922459631954,0.03715345956505839
26899,35899,Medium,Medium,0.03595694338309772,0.030920536465830015,0.9331225201510721
28589,37589,Low,Low,0.04549810967762507,0.8940322643107917,0.0604696260115831
35761,44761,Low,Low,0.031121272476916956,0.9342870513320983,0.03459167619098483
33020,42020,High,High,0.9340842394728627,0.030036882457297725,0.03587887806983957
6753,15753,Medium,Medium,0.033734564899342886,0.03773419018128188,0.9285312449193753
17008,26008,Medium,Medium,0.033095339057433934,0.3337407076953444,0.6331639532472216
12428,21428,Medium,Medium,0.03576633311174584,0.031274604574288704,0.9329590623139655
32972,41972,High,High,0.9279396246605596,0.031039133042098033,0.04102124229734242
19444,28444,Medium,Medium,0.03070758331913712,0.03130408244597251,0.9379883342348903
18486,27486,Low,Low,0.03353431579257065,0.9129960987237017,0.053469585483727634
7427,16427,Medium,Medium,0.04104722507849335,0.04253642051936852,0.9164163544021381
24750,33750,High,Low,0.03694337305142731,0.7866679301500837,0.17638869679848893
33375,42375,Medium,Medium,0.041937418948597066,0.040679510230773507,0.9173830708206294
33622,42622,Low,Low,0.032853335345448244,0.9315876052303987,0.03555905942415305
13006,22006,Medium,Medium,0.05287243414522965,0.04067482240377326,0.9064527434509971
38375,47375,Medium,Medium,0.032321115082006746,0.02956495707890199,0.9381139278390912
39807,48807,Low,Low,0.03614374833337966,0.7329667430066906,0.23088950865992955
37218,46218,High,High,0.9408501209823174,0.028083356431321097,0.031066522586361594
1426,10426,High,High,0.9242417931504581,0.032490159315024324,0.04326804753451762
26172,35172,Low,Low,0.035033370648242045,0.9311504578013309,0.03381617155042709
34161,43161,Medium,Medium,0.034022775329001866,0.04278342658025581,0.9231937980907423
37938,46938,Medium,Medium,0.030903681991467275,0.02927497910847401,0.9398213389000588
13235,22235,Medium,Medium,0.03663137036075856,0.043439480548144144,0.9199291490910975
1523,10523,Medium,Medium,0.030931135017850317,0.030584767817283046,0.9384840971648667
15881,24881,Medium,Medium,0.033371919871421185,0.029818904178475658,0.9368091759501032
26054,35054,Medium,Medium,0.03830357354898828,0.03735087838669888,0.9243455480643128
36854,45854,Medium,Medium,0.030667401140465664,0.02998894035576359,0.9393436585037707
1215,10215,Low,Low,0.030548010160711403,0.9324567812602348,0.03699520857905383
21371,30371,High,High,0.9054341326078136,0.03895447065552034,0.055611396736666076
4590,13590,Low,Medium,0.03442453911345301,0.04036182852926325,0.9252136323572837
1651,10651,Medium,Medium,0.033158604988764405,0.04154763610262802,0.9252937589086078
12958,21958,High,High,0.9343013370923354,0.031128080339074025,0.03457058256859049
36334,45334,Medium,Medium,0.029896489927997216,0.030104254801203965,0.9399992552707989
25563,34563,Low,Low,0.033854399836173964,0.9335951357375203,0.03255046442630576
39210,48210,Medium,Medium,0.037101354003139464,0.0455039810821114,0.9173946649147492
24331,33331,Medium,Medium,0.033004800153007594,0.039599610585778156,0.9273955892612142
13445,22445,High,High,0.9366789214690777,0.028992627852919606,0.03432845067800262
4308,13308,High,High,0.9376601726008532,0.028700490520777656,0.03363933687836918
32267,41267,Low,Low,0.029502525650414318,0.9392471882867145,0.03125028606287125
38828,47828,Low,Low,0.031201283758952758,0.9377046497722015,0.0310940664688457
26540,35540,Medium,Medium,0.049778655136106874,0.29933263963321527,0.6508887052306779
30532,39532,High,High,0.927914749018047,0.03708614140041269,0.034999109581540254
38441,47441,Medium,Medium,0.053589705402473965,0.036755118758895665,0.9096551758386303
39505,48505,Medium,Low,0.03553507566214776,0.9328319221960868,0.0316330021417654
13695,22695,Medium,Medium,0.03190834610850441,0.028965508829279247,0.9391261450622164
35217,44217,Low,Low,0.03568674852603469,0.9311098620960617,0.03320338937790371
38321,47321,Medium,Medium,0.03267949858275803,0.03240392864697369,0.9349165727702683
20312,29312,Low,Low,0.035623985926383515,0.9300304739915756,0.03434554008204105
15549,24549,Low,Low,0.03148372367548421,0.9366837904792886,0.0318324858452273
21771,30771,Low,Low,0.03133302435049098,0.916785355320059,0.05188162032945013
6688,15688,Medium,Medium,0.0332813955841457,0.0302069841187441,0.9365116202971101
9754,18754,High,High,0.7952429635882066,0.10358157079964586,0.10117546561214762
36480,45480,Low,Low,0.02887467213208267,0.9394199163374478,0.03170541153046943
34964,43964,Low,Medium,0.03336980782106635,0.051992434780705386,0.9146377573982282
39828,48828,Medium,Medium,0.031200412055042023,0.029812068945524007,0.938987518999434
32820,41820,Medium,Medium,0.030635906819573597,0.031291600106667594,0.9380724930737588
21923,30923,Medium,Medium,0.03177311335910984,0.03298223228630129,0.9352446543545888
1956,10956,Medium,Medium,0.03214542775706095,0.028871074696524276,0.9389834975464147
26263,35263,High,High,0.9292989913504247,0.03419876253328209,0.03650224611629312
30139,39139,Low,Low,0.02982313868978687,0.9378126589464214,0.03236420236379171
24982,33982,Medium,Medium,0.03742151542327013,0.03461423941406409,0.9279642451626658
32456,41456,Medium,Medium,0.031044530819326278,0.031992948781100476,0.9369625203995732
28351,37351,Medium,Medium,0.031883596597685034,0.031387480621393675,0.9367289227809211
30383,39383,Low,Low,0.06368448869428146,0.8983088348394764,0.03800667646624211
17618,26618,Low,Low,0.03153305014405452,0.9316677536276347,0.03679919622831072
9976,18976,Medium,Medium,0.032792248815472984,0.037126122542908466,0.9300816286416186
13997,22997,High,High,0.9263866658134471,0.0406049254024843,0.03300840878406868
29242,38242,High,High,0.9292446811152003,0.032085850409841195,0.038669468474958606
24643,33643,Medium,Medium,0.030151516485869962,0.02973526476838066,0.9401132187457494
27383,36383,Medium,Medium,0.03652326149271646,0.030031691228958827,0.9334450472783247
25047,34047,Medium,Medium,0.029610881836156445,0.029004493054381696,0.9413846251094619
32498,41498,Medium,Medium,0.03405509865113779,0.03352249097484241,0.9324224103740198
2560,11560,High,High,0.9324494923453922,0.033924113076562484,0.033626394578045275
11700,20700,Medium,Medium,0.0386795559008993,0.0324910609733253,0.9288293831257753
39698,48698,Medium,Medium,0.030033843056982385,0.03199391033210572,0.9379722466109119
28390,37390,Medium,Medium,0.031037779135907415,0.030606331075050775,0.9383558897890417
23811,32811,High,Medium,0.24244599091662425,0.04618656047651773,0.711367448606858
35964,44964,Low,Low,0.033751049384451275,0.9335657007751923,0.032683249840356456
34615,43615,Medium,Medium,0.047330656775186414,0.3962089711137913,0.5564603721110223
6840,15840,Low,Low,0.03278763725753427,0.9276904389203727,0.03952192382209297
26531,35531,Medium,Medium,0.034897140117220664,0.029358413483639354,0.93574444639914
7222,16222,Medium,Medium,0.029690339992729287,0.03018464032460916,0.9401250196826615
25781,34781,High,Low,0.02951752200203872,0.9386446698681206,0.03183780812984067
14866,23866,High,High,0.9308483750977844,0.03641182879095628,0.03273979611125932
18142,27142,Low,Low,0.029382217622091446,0.9359668666453967,0.034650915732511736
37771,46771,High,High,0.9343809807097875,0.03174944507409839,0.03386957421611416
16784,25784,Medium,Medium,0.03256337539511064,0.03128669638187364,0.9361499282230158
2859,11859,High,High,0.9298462227572138,0.03456052725324945,0.035593249989536786
12480,21480,Medium,Medium,0.048915276570599055,0.030440515239489065,0.9206442081899119
2181,11181,Medium,Medium,0.034380997352935906,0.03517263307975697,0.930446369567307
33522,42522,Medium,Medium,0.04493002487046849,0.06486981528877445,0.8902001598407571
7821,16821,Medium,Medium,0.04369096741429033,0.10077089496382881,0.8555381376218808
20366,29366,Low,Low,0.029081109664341867,0.938017980361677,0.03290090997398101
6010,15010,Medium,Medium,0.034166607360154755,0.03178092233526614,0.934052470304579
28015,37015,Medium,Medium,0.030970997106538434,0.03039943743299878,0.9386295654604627
38947,47947,Medium,Medium,0.03225317793514899,0.028690175759768483,0.9390566463050826
10893,19893,Medium,Medium,0.030324774113504618,0.0356643295883052,0.9340108962981901
15017,24017,Low,Low,0.05856789934419271,0.8396418142188633,0.10179028643694411
32599,41599,Medium,Medium,0.034180003501840084,0.03188627465053692,0.933933721847623
39483,48483,Medium,Medium,0.034648821083509335,0.032937722484767035,0.9324134564317236
10475,19475,High,High,0.9349014562362749,0.03073971532855388,0.03435882843517142
10237,19237,High,High,0.9352676955029868,0.03181204365674522,0.0329202608402678
32483,41483,Low,Low,0.03115586158571379,0.9370370852746893,0.03180705313959694
14135,23135,Medium,Medium,0.03482822056361729,0.032550176088745324,0.9326216033476373
11727,20727,High,High,0.9307846982285634,0.035494248517188985,0.03372105325424773
29081,38081,Low,Low,0.048354318206461334,0.8993009796598751,0.05234470213366362
21984,30984,Medium,Medium,0.030259018460376808,0.031388033754170284,0.9383529477854529
9964,18964,Medium,Medium,0.0329650561811019,0.031003638228867758,0.9360313055900303
31160,40160,Medium,Medium,0.03117853174972156,0.03326426231106814,0.9355572059392103
30528,39528,Low,Medium,0.03387020204934351,0.03458793953894728,0.9315418584117093
2789,11789,High,High,0.9339101420357515,0.03212403460822023,0.03396582335602825
19134,28134,High,High,0.9367028195786405,0.03137194093082426,0.031925239490535134
30537,39537,Medium,Medium,0.03780980377495702,0.04524267240457556,0.9169475238204674
10729,19729,Medium,Medium,0.03343419682870251,0.02996723882471383,0.9365985643465837
15484,24484,Low,Low,0.02977010325409808,0.9383618372828781,0.031868059463023686
35064,44064,Low,Low,0.030692869991515565,0.9326814067657496,0.036625723242734824
21628,30628,Medium,Medium,0.030866313647384357,0.0303147719558913,0.9388189143967244
20407,29407,Medium,Medium,0.03182545342458821,0.03171161496886268,0.9364629316065493
19547,28547,Medium,High,0.9352021799774618,0.03096982243602689,0.03382799758651139
39490,48490,Medium,Medium,0.05360242133422923,0.03056298307218575,0.915834595593585
34805,43805,Low,Low,0.03350546910699173,0.9089569541110013,0.05753757678200692
6283,15283,Medium,Medium,0.03143033937568244,0.03127834829638312,0.9372913123279344
23329,32329,High,High,0.9236625908990255,0.03769785818810756,0.03863955091286687
37056,46056,High,High,0.929397756489025,0.03114785701558163,0.0394543864953932
32113,41113,High,High,0.9267754514467645,0.03011139006493718,0.04311315848829834
19057,28057,High,High,0.9381892058566431,0.02972803492434144,0.0320827592190154
11831,20831,High,High,0.9353518675988535,0.030806662616882464,0.03384146978426396
12993,21993,Low,Low,0.031495515199824076,0.934802835192858,0.033701649607317884
1344,10344,Low,Low,0.030417784844162733,0.9355600855831252,0.03402212957271198
7360,16360,High,Medium,0.035448906392446966,0.044627822815278856,0.9199232707922742
24192,33192,Medium,High,0.5067348220703835,0.07820253802474135,0.4150626399048753
22362,31362,High,High,0.9387649687474435,0.02962584028750936,0.03160919096504706
40014,49014,Medium,Medium,0.04249446945098818,0.034194878138868325,0.9233106524101434
19356,28356,Medium,Medium,0.032283613443730506,0.033734892006161525,0.933981494550108
9843,18843,Low,Low,0.028727672617346073,0.9370302973982286,0.03424202998442525
14707,23707,High,High,0.9244960667460146,0.04274111978257187,0.03276281347141346
10494,19494,High,High,0.937357629317567,0.031119314250967266,0.03152305643146571
29180,38180,High,High,0.9252525631851908,0.029547246875164145,0.04520018993964514
22545,31545,Low,Low,0.029151248200545887,0.9390048885710608,0.031843863228393304
7361,16361,Low,Low,0.03455933797378765,0.9190583661620986,0.04638229586411366
26630,35630,Medium,Medium,0.03233343431821001,0.038301716536619505,0.9293648491451706
3537,12537,High,High,0.924767440406662,0.03184034630333805,0.043392213289999836
7873,16873,Low,Low,0.031159866095719274,0.934726396181717,0.03411373772256376
21796,30796,Medium,Medium,0.033558640345002035,0.03486602699594669,0.9315753326590513
17074,26074,High,High,0.9292395131550832,0.030713966727475752,0.04004652011744101
17653,26653,Low,Low,0.04281281393521889,0.6611237551699649,0.2960634308948162
10030,19030,Medium,Medium,0.0335808304490015,0.03330002142071584,0.9331191481302827
9272,18272,High,High,0.891195156860651,0.06200395891788204,0.04680088422146695
24021,33021,Medium,Low,0.04643017109373007,0.8807570375658185,0.07281279134045142
25937,34937,Medium,Medium,0.03326803905336864,0.03898672182043111,0.9277452391262003
18630,27630,Medium,Medium,0.02973505291149428,0.02903677466307474,0.941228172425431
9242,18242,High,High,0.93631996505213,0.029480724027271418,0.0341993109205986
26742,35742,Low,Low,0.03482402959201646,0.9086159295986457,0.056560040809337846
22166,31166,High,High,0.9253382225205757,0.03249257283365425,0.04216920464577001
23837,32837,Medium,Medium,0.038200667254491505,0.04668070307641692,0.9151186296690916
13752,22752,Low,Low,0.02903842131770673,0.9388359602434876,0.03212561843880556
10518,19518,High,High,0.9202955964044005,0.034805869288886467,0.04489853430671289
8504,17504,Medium,Low,0.04613849172647664,0.7039093184682521,0.2499521898052712
33446,42446,High,High,0.9322799919157387,0.03232037041725198,0.03539963766700932
14901,23901,Medium,Medium,0.03420239516409553,0.031801176924569886,0.9339964279113347
36338,45338,Medium,Medium,0.03026752426323544,0.0310457325155717,0.9386867432211928
19785,28785,Medium,High,0.6189343978383094,0.04858177296423518,0.3324838291974554
2390,11390,Medium,Medium,0.03313808736264794,0.030606396272858882,0.9362555163644931
29314,38314,Medium,Medium,0.03530726114780427,0.03485766153646061,0.9298350773157352
32856,41856,Low,Low,0.03037605030985452,0.9361367634702344,0.03348718621991107
5275,14275,High,High,0.8895199188599875,0.03237318519895355,0.07810689594105912
36179,45179,Low,Low,0.03159515081721457,0.9320389609820111,0.036365888200774334
3772,12772,Medium,Medium,0.03226826464463221,0.03262077245182117,0.9351109629035467
8786,17786,Medium,Medium,0.03258823471464777,0.03232140134528175,0.9350903639400706
31393,40393,Medium,Medium,0.035258268362644084,0.03190106828316519,0.9328406633541908
35460,44460,Medium,Medium,0.035375807761451696,0.033831721084213014,0.9307924711543354
8911,17911,Medium,Medium,0.12908240535727913,0.03320298073972699,0.8377146139029938
10392,19392,Low,Low,0.045857027057570866,0.9160463184976083,0.03809665444482085
11426,20426,High,High,0.9308486155564535,0.03332945832543469,0.03582192611811181
38322,47322,Medium,Medium,0.03812026005410737,0.04058055991359633,0.9212991800322964
8789,17789,Low,Low,0.029143825935427827,0.9377122893157902,0.03314388474878202
14895,23895,Medium,Medium,0.031112487572744704,0.030794742352446062,0.9380927700748093
1483,10483,Low,Low,0.03176701957627315,0.9117420064607974,0.056490973962929486
36878,45878,High,High,0.9390060757338726,0.0294568814198083,0.03153704284631905
35127,44127,Medium,Medium,0.031382578476065875,0.030886189192731717,0.9377312323312025
14233,23233,Low,Low,0.029122449710822455,0.9373700554307488,0.03350749485842877
4344,13344,Medium,Medium,0.042909192218838564,0.03334227444506075,0.9237485333361007
25194,34194,Low,Low,0.030181207882461532,0.9369728798861819,0.0328459122313566
26019,35019,High,High,0.9364885670352839,0.030319282625654937,0.03319215033906111
28549,37549,High,High,0.9280650930534841,0.035825263630447475,0.036109643316068585
13411,22411,Low,Low,0.03161834617816556,0.9302246354903853,0.038157018331449216
11822,20822,Low,Low,0.043128564436092164,0.775735233081751,0.1811362024821569
5199,14199,Medium,Medium,0.03479606015705202,0.030648361439842908,0.9345555784031051
14372,23372,Low,Low,0.03431001570022498,0.9245056566225415,0.04118432767723349
3449,12449,Medium,Medium,0.029308153781303182,0.029487108428554176,0.9412047377901427
21005,30005,High,High,0.9281313650521068,0.03284553461261262,0.039023100335280635
31081,40081,Medium,Medium,0.034506700757442776,0.03879352539722795,0.9266997738453293
17206,26206,Medium,Medium,0.030220015413543865,0.031060051349322267,0.938719933237134
17778,26778,Medium,Medium,0.03235418635032114,0.032051150146969604,0.9355946635027093
35354,44354,Medium,Low,0.06717149302586974,0.5381386288404572,0.3946898781336731
34131,43131,Medium,Medium,0.03128199144703477,0.030504106437037964,0.9382139021159271
18253,27253,High,High,0.9379281641155708,0.02901294193937325,0.033058893945056025
10880,19880,Medium,Medium,0.04218980287518859,0.029946723593699053,0.9278634735311124
19411,28411,Low,Low,0.029904551834331095,0.9383239464657841,0.03177150169988469
39531,48531,Medium,Medium,0.03213144205872947,0.030173709695221585,0.937694848246049
5806,14806,Medium,Medium,0.03498963346497486,0.03634597550887908,0.9286643910261461
11003,20003,Medium,Medium,0.036697368734913936,0.03980515000460066,0.9234974812604854
7623,16623,Medium,Medium,0.04051467768250724,0.20335380088035973,0.756131521437133
28624,37624,Medium,Medium,0.03440151031575576,0.03253522880644454,0.9330632608777997
6094,15094,Medium,Medium,0.03412328719781141,0.03258868312802921,0.9332880296741594
22613,31613,Low,Low,0.03127946893532851,0.9327255461755132,0.03599498488915829
4001,13001,Low,Low,0.03150903733900399,0.9214117459839642,0.04707921667703178
27978,36978,Low,Low,0.032548665712041285,0.9285683204879499,0.038883013800008775
16359,25359,High,Medium,0.035903162344040125,0.03826143209563302,0.9258354055603268
19484,28484,Medium,Medium,0.032705902880008055,0.031579696296829184,0.9357144008231629
18769,27769,High,High,0.9302819408033262,0.035420769571463555,0.034297289625210364
3587,12587,Medium,Medium,0.03985320194191677,0.036877610595669484,0.9232691874624138
21957,30957,Medium,Medium,0.03129024071374614,0.03248125331157745,0.9362285059746762
18484,27484,Medium,Medium,0.05985079148193114,0.1474811452608356,0.7926680632572333
7084,16084,Low,Low,0.04210002923989612,0.9192985209315075,0.038601449828596264
34965,43965,High,High,0.9345839505344706,0.030470536340205467,0.03494551312532385
13364,22364,High,High,0.9355374831349778,0.03159366783408512,0.03286884903093711
36104,45104,Low,Low,0.03961839754843844,0.9243477107461547,0.03603389170540691
23728,32728,Low,Low,0.04431902174498812,0.911138892906829,0.04454208534818282
32890,41890,Low,Low,0.035461332401158105,0.9183881269213572,0.04615054067748462
11780,20780,High,High,0.9295097755179519,0.031659428039835034,0.03883079644221326
10261,19261,Medium,Medium,0.036764601279597554,0.03409975887266765,0.9291356398477348
6546,15546,Medium,Medium,0.03848727924902932,0.03276604705352841,0.9287466736974425
16700,25700,Medium,Medium,0.0324463151966826,0.031934393773851995,0.9356192910294654
3489,12489,High,High,0.9003469968771154,0.06361144491202825,0.03604155821085637
29082,38082,High,High,0.9323057707427358,0.03428236555464578,0.03341186370261833
7798,16798,Low,Low,0.02874791312677139,0.9398554084536177,0.031396678419610954
33822,42822,Low,Low,0.03008564003288633,0.9380710818746928,0.03184327809242086
3218,12218,Medium,Medium,0.04229274745013023,0.03278763725887913,0.9249196152909906
8293,17293,Medium,Medium,0.03900633914192276,0.03387643695889569,0.9271172238991815
6812,15812,Medium,Medium,0.03774739974481858,0.033683410045322305,0.9285691902098591
23621,32621,High,High,0.9363916935043427,0.029491993331638915,0.034116313164018496
32887,41887,Medium,Medium,0.029995403789898605,0.03103481666012076,0.9389697795499806
3705,12705,Medium,Medium,0.03073467991331032,0.03205024005617559,0.9372150800305142
38307,47307,Medium,Medium,0.05452850717819905,0.03656015163844762,0.9089113411833534
6241,15241,Medium,Medium,0.03211286140044786,0.03489057134672897,0.9329965672528232
9782,18782,Medium,Medium,0.02947069140508125,0.028626970180115018,0.9419023384148039
23356,32356,High,High,0.9309702562410282,0.03441812904453656,0.03461161471443513
8044,17044,High,High,0.8702318707011698,0.038614549331847874,0.09115357996698241
35778,44778,High,High,0.9337233715158145,0.031562183670930215,0.03471444481325528
35578,44578,Medium,Medium,0.03219333166317759,0.0323278317322458,0.9354788366045765
15462,24462,Low,Low,0.03178777019849256,0.9320200262771285,0.03619220352437888
29897,38897,Low,High,0.929642641455175,0.034499045590535876,0.03585831295428918
26726,35726,Low,Low,0.0314668899743191,0.9349056327851445,0.03362747724053631
2406,11406,High,Medium,0.03613215142181846,0.0434656218444266,0.9204022267337549
27748,36748,High,High,0.9359354241895286,0.03190822824574169,0.032156347564729675
27580,36580,High,Medium,0.03411420332594969,0.030192283270579778,0.9356935134034705
609,9609,Low,Low,0.03510468877999773,0.9328027344541407,0.032092576765861545
28694,37694,Medium,Medium,0.03684619483122658,0.0377015354870379,0.9254522696817356
38622,47622,Medium,Medium,0.03719981641176053,0.13705174282572188,0.8257484407625176
14460,23460,High,High,0.923877820976704,0.039679395019102844,0.03644278400419309
35929,44929,Medium,Medium,0.03103348401195551,0.0331474078538554,0.9358191081341891
23686,32686,Low,Low,0.03523537398902515,0.8780146878232418,0.08674993818773306
16361,25361,Low,Low,0.029354017780485773,0.9388222099835448,0.03182377223596947
34664,43664,High,High,0.9302545667482566,0.03342050714807257,0.036324926103670746
31293,40293,Medium,Medium,0.035895424079386784,0.03146872078578617,0.9326358551348269
18566,27566,Low,Low,0.030611928130469063,0.9385821023828093,0.030805969486721627
4751,13751,Medium,Medium,0.03598461900803195,0.03390411153827199,0.9301112694536959
7281,16281,Low,Low,0.03471616159172785,0.9325739340524226,0.0327099043558497
28034,37034,High,High,0.8703319678182809,0.0929492775590433,0.03671875462267565
19716,28716,Medium,Medium,0.03421082674020056,0.030578807650592385,0.9352103656092071
11470,20470,High,High,0.9305717497928594,0.0329052275340598,0.03652302267308078
14772,23772,High,Low,0.03258934247156076,0.9252948035492937,0.04211585397914561
27373,36373,High,High,0.9263115644894798,0.03304027951505646,0.040648155995463654
19924,28924,Medium,Medium,0.02992588940234352,0.03059444004086634,0.9394796705567902
16182,25182,High,High,0.9365099992640097,0.029792378211462214,0.03369762252452806
39426,48426,High,High,0.9330055728825464,0.032040672754569156,0.034953754362884636
19719,28719,Low,Low,0.02977693278751636,0.9362261710332396,0.033996896179243945
19409,28409,High,High,0.9286540936266743,0.032704976386679026,0.038640929986646706
8639,17639,Medium,Medium,0.033747666563721614,0.0319744045910601,0.9342779288452183
37635,46635,Medium,Medium,0.034147127728986204,0.029258362410900348,0.9365945098601135
27652,36652,Low,Low,0.03646757968825757,0.93116684126876,0.03236557904298233
23855,32855,Medium,High,0.9376650046432619,0.029614341943340533,0.03272065341339763
12637,21637,Low,Low,0.04124974302859189,0.9183024141105306,0.040447842860877485
15671,24671,Medium,Low,0.03679716903270595,0.5543303187600233,0.4088725122072708
11072,20072,Medium,Medium,0.03321685686500392,0.03397025095723682,0.9328128921777591
36437,45437,High,High,0.9381375377244784,0.030251580494757846,0.031610881780763794
31753,40753,Medium,Medium,0.03227409761446856,0.04741130077562169,0.9203146016099097
37254,46254,High,High,0.9060290172579323,0.03702150303158303,0.05694947971048462
1688,10688,Low,Low,0.03475209707075765,0.8040229804165553,0.16122492251268708
20985,29985,High,High,0.9350651692988144,0.03168729324027328,0.033247537460912274
31929,40929,High,High,0.9344585646853698,0.030890629521748234,0.03465080579288191
22620,31620,Medium,Medium,0.03369846635156335,0.03947653412383236,0.9268249995246043
18614,27614,Medium,Medium,0.03669832404581664,0.040082444294943176,0.9232192316592401
32984,41984,High,High,0.930613595344893,0.033320425717779795,0.03606597893732719
32967,41967,Medium,Medium,0.03868818788516771,0.16151372559101532,0.799798086523817
2136,11136,High,High,0.9363521907450222,0.02958477443650681,0.0340630348184711
37866,46866,Medium,Medium,0.030159244381357763,0.033468105909120784,0.9363726497095216
39833,48833,Low,Low,0.02930338743108893,0.9391666937334793,0.03152991883543165
22390,31390,Medium,Medium,0.03156961297692299,0.04665347788719673,0.9217769091358802
27944,36944,High,Medium,0.029814887418213018,0.04328553019144823,0.9268995823903388
31897,40897,High,High,0.9239137578540321,0.03656217194307488,0.03952407020289325
13777,22777,Low,Low,0.037668469312820044,0.6747430311317046,0.28758849955547533
23046,32046,High,High,0.9349702157569116,0.02992331226569093,0.03510647197739745
26044,35044,High,High,0.9341218382625326,0.031243957343282017,0.03463420439418541
3424,12424,Medium,Medium,0.02885582361718503,0.029452040523334878,0.9416921358594802
21045,30045,Medium,Medium,0.030841177500960697,0.04491502148043738,0.9242438010186019
35556,44556,High,High,0.9003303961137767,0.0340472024801591,0.06562240140606408
5054,14054,High,High,0.9336372973320276,0.03128144982533338,0.03508125284263892
39694,48694,Medium,Medium,0.03312882284345466,0.036196406370034774,0.9306747707865105
16573,25573,Low,Low,0.04688588043221098,0.9043933812807133,0.04872073828707574
26734,35734,Low,Medium,0.03173081208789017,0.0325594294012504,0.9357097585108595
26174,35174,High,High,0.9257928537609112,0.03640793401100721,0.03779921222808149
37991,46991,High,High,0.9263287219848579,0.030880786666717414,0.042790491348424664
1114,10114,Medium,Medium,0.03375911636104966,0.0315688931545541,0.9346719904843962
39478,48478,Medium,Medium,0.035456310348166424,0.03338970251580106,0.9311539871360326
11265,20265,Low,Low,0.03582521407161775,0.9302194558935017,0.033955330034880514
2658,11658,Medium,Medium,0.03296239079523879,0.03060150367519876,0.9364361055295625
6443,15443,Medium,Medium,0.049158422706240705,0.03284711678833608,0.9179944605054233
2696,11696,High,Medium,0.03280901396672293,0.030995201724000887,0.9361957843092763
8299,17299,Medium,Medium,0.03422425804199279,0.03493475351769132,0.9308409884403158
7483,16483,Medium,Medium,0.2013701805459671,0.043185886140495726,0.7554439333135372
36687,45687,Medium,Medium,0.033801995218351415,0.035238226242109844,0.9309597785395387
17266,26266,Medium,Low,0.03710788115687155,0.9001853281180372,0.06270679072509126
1334,10334,Medium,Medium,0.033628254602188254,0.030994882420490737,0.935376862977321
32802,41802,Medium,Medium,0.030213357398309857,0.031039443356046293,0.9387471992456439
23856,32856,Medium,Medium,0.03128863246440393,0.030760627896460575,0.9379507396391356
24808,33808,Medium,Medium,0.0320230423340029,0.05659611759404828,0.9113808400719489
17876,26876,Low,Low,0.03454150979942378,0.8528748730161956,0.11258361718438066
38944,47944,High,High,0.9260968857924704,0.039156950080201515,0.034746164127328144
1943,10943,Low,Low,0.030999653709830783,0.9268318145172526,0.04216853177291665
1787,10787,Low,Low,0.03218047922642854,0.9258595816288815,0.0419599391446899
36977,45977,Medium,Medium,0.04321461546114038,0.058622222109982525,0.8981631624288772
38813,47813,Medium,High,0.9357684969264386,0.03137506225190541,0.032856440821656084
22033,31033,Low,Low,0.03579236244398198,0.9273729553714701,0.036834682184547884
10675,19675,Low,Low,0.03579795845348909,0.8834072251462906,0.0807948164002203
36917,45917,Medium,Medium,0.037853234509665434,0.03498198644722854,0.927164779043106
5509,14509,Low,Low,0.03620407800674435,0.9305458197535073,0.03325010223974827
12017,21017,Medium,Medium,0.03616411953135478,0.032410595946334775,0.9314252845223105
34881,43881,Medium,Medium,0.03772220227577578,0.03520880704116539,0.9270689906830588
16704,25704,Low,Low,0.029906141663873693,0.9381645043141501,0.03192935402197617
28082,37082,Low,Low,0.03440619932991031,0.9308134763630754,0.03478032430701423
11782,20782,High,High,0.9203934485517463,0.03180003616249589,0.04780651528575775
36063,45063,Medium,Medium,0.03308280823780944,0.032164504236168866,0.9347526875260218
18391,27391,Low,High,0.9280401348551987,0.029802269501049108,0.042157595643752266
10490,19490,Medium,Medium,0.05099896244183185,0.03871047433312607,0.9102905632250421
36163,45163,Medium,Medium,0.0315146940402819,0.030195229283281718,0.9382900766764365
37242,46242,Medium,Medium,0.04052005512538163,0.032127356762273795,0.9273525881123446
37729,46729,High,High,0.9329085938599914,0.03197125535910016,0.03512015078090857
30586,39586,Low,Low,0.02978879742570828,0.9350483040823634,0.03516289849192835
19661,28661,High,High,0.9382324494604769,0.0281320774442078,0.0336354730953152
34666,43666,Low,Low,0.030002623489510546,0.9387480227131353,0.031249353797354214
39593,48593,Medium,Medium,0.034225398316425217,0.031256616293812024,0.9345179853897627
18181,27181,High,High,0.9117498805963242,0.04068465979586056,0.04756545960781525
8947,17947,Medium,Medium,0.03160529050776375,0.031120064026116525,0.9372746454661197
25949,34949,Low,Low,0.03417359753273108,0.9346560018778116,0.031170400589457314
36672,45672,High,High,0.9355318580891682,0.029534742548616755,0.0349333993622151
4696,13696,Medium,Medium,0.029923786060401598,0.031068729655152085,0.9390074842844464
16281,25281,High,High,0.9279426691561229,0.032932900672838335,0.039124430171038636
23197,32197,Medium,Medium,0.03321957545556604,0.04316670184965123,0.9236137226947827
19225,28225,Medium,Medium,0.031386258613417914,0.03108154228837376,0.9375321990982082
4886,13886,High,High,0.9283310545250497,0.0360467379118429,0.03562220756310739
23321,32321,Medium,Medium,0.033010085804841195,0.042081587791147096,0.9249083264040118
18669,27669,High,High,0.93653043502004,0.030049672786090793,0.033419892193869115
10844,19844,High,High,0.9335093962014192,0.02962864416782178,0.03686195963075904
8926,17926,High,High,0.9404660297216602,0.02832334385724541,0.031210626421094494
2735,11735,High,High,0.928074923514781,0.03617426352536107,0.03575081295985796
34209,43209,Medium,Medium,0.032780146006583334,0.034304688807666156,0.9329151651857507
25084,34084,Medium,Medium,0.030173673948436928,0.03097671320590605,0.9388496128456572
3226,12226,High,High,0.9264836228709518,0.03509261694963475,0.03842376017941345
5491,14491,Medium,Medium,0.03654402104569801,0.03565659832245586,0.9277993806318462
18724,27724,Low,Low,0.03127107128907366,0.9365795364515356,0.03214939225939089
24610,33610,Medium,Medium,0.030663595798065352,0.03869964946366888,0.9306367547382658
13766,22766,High,High,0.9191680947999706,0.034787833177982896,0.046044072022046495
37175,46175,Medium,Medium,0.034069645810713624,0.029482725369514545,0.936447628819772
24873,33873,High,High,0.932670799482972,0.03328856815139731,0.03404063236563065
7019,16019,Low,Low,0.03278844660901905,0.9261563904470709,0.04105516294391002
24294,33294,Medium,Medium,0.03487025572883398,0.16973308162202297,0.7953966626491432
38303,47303,Medium,Medium,0.03545855342890782,0.02934002486652094,0.9352014217045713
3383,12383,High,Medium,0.03368001523297905,0.03759883084914755,0.9287211539178735
17049,26049,High,High,0.9341719013534822,0.03319985080074353,0.03262824784577442
18653,27653,Low,Low,0.03737622836521498,0.9203429185739348,0.042280853060850214
15467,24467,Low,Low,0.02897821822087447,0.9385172453080889,0.032504536471036606
21998,30998,High,High,0.8998749082495348,0.059461848572481234,0.04066324317798396
22768,31768,High,High,0.9242350308805465,0.03802040728562229,0.03774456183383135
35718,44718,High,Low,0.02947196362788754,0.9383179795521768,0.032210056819935697
23635,32635,Low,Low,0.03218961664698761,0.9321311941258513,0.035679189227161144
9807,18807,High,High,0.9204624928336561,0.03557534298540582,0.043962164180938124
36965,45965,Medium,Medium,0.0325100322843098,0.037117891281216085,0.9303720764344742
31719,40719,High,High,0.9265984786132112,0.038882131944815594,0.03451938944197311
14795,23795,Medium,Medium,0.03594772465534438,0.030878489571265915,0.9331737857733898
6484,15484,Medium,Medium,0.03177829785123962,0.031113692489303613,0.9371080096594567
31406,40406,Medium,Medium,0.030834438960706104,0.02953236358446243,0.9396331974548314
23398,32398,Medium,Medium,0.043090655459514786,0.04028621552578967,0.9166231290146957
32698,41698,High,High,0.8929066370317772,0.039151055663316205,0.06794230730490651
30568,39568,High,High,0.9323703649390148,0.029821438538243636,0.0378081965227415
7220,16220,Medium,Medium,0.031588861430321837,0.03432165784329281,0.9340894807263854
28076,37076,High,High,0.928073283415344,0.031151232366009526,0.04077548421864641
13826,22826,Low,Low,0.0325447938405398,0.913921964243877,0.053533241915583285
27042,36042,High,Medium,0.31602863969282474,0.037448811675623465,0.6465225486315518
10917,19917,Low,Low,0.03521492468922501,0.8899445036006329,0.07484057171014215
3136,12136,High,High,0.9236598381074271,0.035043010365018064,0.04129715152755485
18114,27114,High,High,0.93114555281501,0.029449850028021182,0.03940459715696876
24164,33164,Low,Low,0.030103995355328966,0.9375328896622107,0.0323631149824602
12572,21572,Medium,Medium,0.03490845384782884,0.035496493386706525,0.9295950527654647
6463,15463,Medium,Medium,0.029983997604401496,0.029228372993232544,0.9407876294023659
20438,29438,High,High,0.9285265729593632,0.037150171868500864,0.034323255172136004
21190,30190,Medium,Medium,0.032599067745506416,0.03176816306377286,0.9356327691907208
25174,34174,Medium,Medium,0.032159276495805675,0.033041406446244814,0.9347993170579495
385,9385,High,High,0.938176195231133,0.029056580854366774,0.03276722391450013
19916,28916,Medium,Medium,0.039891892967751336,0.0355171734722036,0.9245909335600451
25527,34527,Medium,Medium,0.03333857107048624,0.09538834034021092,0.8712730885893029
17564,26564,Low,Low,0.028619801078529145,0.9406050160564416,0.03077518286502916
32654,41654,Medium,Medium,0.04329988461751153,0.40389985857676997,0.5528002568057185
33735,42735,Low,Low,0.030555394090578742,0.9274382644394091,0.04200634147001209
18830,27830,Low,Low,0.03194287107599377,0.9316197777129483,0.036437351211057935
25365,34365,Low,Low,0.029697762295634866,0.9385295728627844,0.031772664841580624
492,9492,High,High,0.939272035741315,0.028475382967087837,0.03225258129159723
39164,48164,Low,Low,0.03373398734882053,0.9315780847931077,0.03468792785807198
18995,27995,Medium,Medium,0.03407553873519287,0.03240123095544201,0.9335232303093651
4522,13522,Low,Low,0.03182860293383538,0.9357258874852196,0.032445509580945074
8868,17868,High,High,0.933944147316183,0.029716113165782182,0.03633973951803475
26885,35885,Medium,Medium,0.02897585728816499,0.030801084656930988,0.940223058054904
27437,36437,Medium,Medium,0.0425722579320675,0.039093518008319145,0.9183342240596133
8797,17797,Medium,Medium,0.029685500614515536,0.029865756411219854,0.9404487429742646
26818,35818,Low,Low,0.02928012933969613,0.9375672406731398,0.03315262998716396
3171,12171,Low,Low,0.03618967272092021,0.9305473931335225,0.033262934145557095
27222,36222,Medium,Medium,0.03161623565341224,0.03169646465254991,0.9366872996940377
21239,30239,Low,Low,0.031590766823373057,0.9359969410980479,0.03241229207857901
9386,18386,Medium,Medium,0.030908064015545588,0.031100108948352165,0.9379918270361022
28081,37081,Low,Low,0.03038861907060639,0.9353582160517586,0.03425316487763503
32584,41584,High,High,0.922565181205671,0.030746635429862584,0.04668818336446635
15076,24076,Medium,Medium,0.03021353849009069,0.030966674237891147,0.9388197872720182
35733,44733,Low,Low,0.028887979365797244,0.9378302950413228,0.03328172559288003
9974,18974,High,High,0.9384555477499537,0.030137400475722286,0.031407051774324075
15364,24364,Medium,Medium,0.0321192633120407,0.030847767947525362,0.937032968740434
34162,43162,High,High,0.9294750126665748,0.03076651046821784,0.039758476865207434
2685,11685,Low,Low,0.0289042271873397,0.9386755822480918,0.03242019056456855
38901,47901,Medium,High,0.9229378675591412,0.03147024233368017,0.04559189010717855
28766,37766,High,High,0.9237966666639211,0.033669637543892385,0.042533695792186514
39237,48237,Medium,Medium,0.039050427792069214,0.03438727836272753,0.9265622938452033
32566,41566,High,High,0.9345460548113044,0.029754107652146176,0.03569983753654946
8631,17631,Low,Low,0.034758342240197235,0.9320810138047476,0.033160643955055163
3673,12673,Medium,Medium,0.033212593350831744,0.029795074247230467,0.9369923324019377
39065,48065,High,High,0.9266723821547854,0.032510729937306825,0.04081688790790786
22391,31391,Medium,Medium,0.03188228081553845,0.03239719330888007,0.9357205258755815
35339,44339,Medium,Medium,0.04050773523247203,0.261243619762587,0.698248645004941
36141,45141,High,High,0.9300336123487719,0.031677607429860685,0.03828878022136762
22674,31674,Medium,Medium,0.032235103740540755,0.03128475393157089,0.9364801423278885
36337,45337,Medium,Medium,0.03648310792835585,0.03637116857882438,0.9271457234928198
12451,21451,High,High,0.9204310602948502,0.03513076379062053,0.044438175914529233
17650,26650,Medium,Medium,0.03863188585816076,0.04180915767770007,0.919558956464139
2363,11363,Medium,Medium,0.031381345200117094,0.03236550127543399,0.9362531535244489
24729,33729,High,High,0.9336427464913379,0.033847662802015226,0.03250959070664682
29678,38678,Medium,Medium,0.0319395667303646,0.030795484837289628,0.9372649484323459
33595,42595,Low,Low,0.040797667864080005,0.6919068626751792,0.26729546946074073
27668,36668,Medium,Medium,0.03597081693208867,0.03470242225689438,0.929326760811017
38,9038,Medium,Medium,0.034893070568606216,0.035191441574528685,0.9299154878568651
8730,17730,High,High,0.9321859280002603,0.034043371622581774,0.03377070037715789
15677,24677,Medium,Medium,0.03531775708029212,0.03194034262708723,0.9327419002926206
33734,42734,Medium,Medium,0.030428102653758088,0.034421857640200525,0.9351500397060414
39001,48001,Low,Low,0.02963985272340489,0.9382010675140212,0.03215907976257405
25577,34577,Medium,High,0.9380652859375549,0.03019471754653445,0.03173999651591062
1396,10396,Medium,Medium,0.030988853964755248,0.031405386777214946,0.9376057592580298
10776,19776,High,High,0.9328751602861466,0.03257323766910126,0.034551602044752126
27258,36258,High,Medium,0.03579493059891773,0.031163085340618037,0.9330419840604643
28368,37368,High,High,0.9371276054658048,0.02979133215314744,0.03308106238104788
33183,42183,Medium,Medium,0.035190082577133845,0.033646629280565,0.9311632881423012
26649,35649,High,High,0.9209453442827479,0.0371252294543905,0.04192942626286162
14160,23160,Medium,Medium,0.0338163990827614,0.03448936126758007,0.9316942396496586
23103,32103,Medium,Medium,0.030065579370809708,0.031769050389056176,0.9381653702401342
21706,30706,High,High,0.9368798677372419,0.028711783336532386,0.034408348926225796
33271,42271,Medium,Medium,0.03129853691728321,0.03147672821917954,0.9372247348635372
11411,20411,High,High,0.929472142447378,0.03146706506870423,0.03906079248391794
24499,33499,Medium,Medium,0.029767985061785355,0.029279272728236442,0.9409527422099782
22636,31636,Low,Low,0.031577581527048114,0.9307422807371398,0.037680137735812
13519,22519,High,High,0.9354729561444994,0.03189621280706034,0.032630831048440244
31549,40549,Medium,Medium,0.03174662885212651,0.03002243938022905,0.9382309317676444
979,9979,Medium,Medium,0.04083280694252814,0.031914501530725926,0.9272526915267459
6248,15248,Low,Low,0.034876036977446255,0.9308716493611762,0.03425231366137765
21610,30610,Medium,Medium,0.03397635419156559,0.04093115282463208,0.9250924929838021
2444,11444,Medium,Medium,0.03301271013924172,0.039420270137922826,0.9275670197228355
497,9497,Low,Low,0.03285424315924936,0.8733753894749842,0.0937703673657665
33963,42963,High,High,0.9326474443987355,0.032040475646810125,0.03531207995445428
7060,16060,Medium,Medium,0.03046229522277828,0.030014187942295555,0.9395235168349262
14680,23680,Medium,Medium,0.03786215802410171,0.040523139342364116,0.9216147026335343
11393,20393,Medium,Medium,0.032956035990534475,0.032335058421118945,0.9347089055883465
11354,20354,Medium,Medium,0.03785181793143779,0.03209977613951459,0.9300484059290476
23160,32160,High,High,0.9371108601581226,0.029875226213096826,0.033013913628780554
19497,28497,Medium,Medium,0.032885821677674856,0.03316998492974317,0.933944193392582
17416,26416,Medium,Medium,0.03328694622386313,0.03232035329731967,0.9343927004788172
20028,29028,High,High,0.9371326334063287,0.0308060892827985,0.03206127731087286
18271,27271,Medium,Medium,0.03227149048350538,0.03552471492484651,0.9322037945916483
25370,34370,Medium,Medium,0.03480265096916888,0.03482095259560119,0.9303763964352298
10582,19582,Medium,Medium,0.03238244656213116,0.032210807004813595,0.9354067464330552
31575,40575,Medium,Medium,0.030981076861634246,0.033605240241872114,0.9354136828964936
35518,44518,High,High,0.934906159312565,0.031514707013202574,0.03357913367423242
35954,44954,Medium,Medium,0.03638610163033178,0.15645491398043188,0.8071589843892363
31004,40004,High,High,0.9296189422821198,0.030826697161825026,0.03955436055605512
4407,13407,Low,Low,0.033863877954085846,0.8776486839447588,0.0884874381011553
33730,42730,Medium,Medium,0.031465966628004306,0.03197274397806698,0.9365612893939287
32665,41665,Medium,Medium,0.05779453104327923,0.052473461319083196,0.8897320076376376
29831,38831,Medium,Medium,0.030868495113126105,0.0291652130201799,0.9399662918666939
10229,19229,Low,Low,0.03376982907850002,0.930074033187727,0.036156137733773054
19653,28653,Medium,Medium,0.03129609737442677,0.030906571242830607,0.9377973313827427
15323,24323,Low,Low,0.04316947050425851,0.5545812538064014,0.4022492756893401
16902,25902,Low,Low,0.03237877316311973,0.9203541764513009,0.047267050385579414
3046,12046,Medium,Medium,0.03047501935346103,0.030469583810996227,0.9390553968355428
2177,11177,Low,Low,0.029561586851592794,0.937988548621722,0.03244986452668524
9211,18211,Low,Low,0.038653525213085904,0.9267557250030167,0.034590749783897375
9351,18351,Low,Low,0.05002335709531495,0.5313445954367415,0.41863204746794364
34861,43861,High,Medium,0.03081294992751656,0.030438336517203356,0.93874871355528
27380,36380,Low,Low,0.03655442788969568,0.9214538257447212,0.041991746365582956
19327,28327,Medium,Medium,0.03733039565053966,0.033170772479480526,0.9294988318699797
31586,40586,Medium,Medium,0.04580638674395896,0.03377039794269699,0.920423215313344
28292,37292,High,High,0.934770665614578,0.03078136942645993,0.034447964958962025
162,9162,Medium,Medium,0.03197724815997784,0.03155400158708285,0.9364687502529394
6337,15337,Medium,Medium,0.031131715276844923,0.035506049772198046,0.9333622349509568
23987,32987,Medium,Medium,0.03466830475904913,0.06688351080721784,0.898448184433733
25446,34446,Low,Low,0.030798069513034394,0.9333707542002623,0.03583117628670338
5173,14173,High,Medium,0.03436588727663015,0.033622653749194785,0.9320114589741751
36019,45019,Medium,Medium,0.03363368225048801,0.038093490591200894,0.928272827158311
13010,22010,Medium,Low,0.03176496805880969,0.8895454097810047,0.0786896221601856
3928,12928,Low,Low,0.03146457765932605,0.9077261870247509,0.060809235315922895
18892,27892,Medium,Medium,0.032123435486363164,0.03131042240091005,0.9365661421127268
12496,21496,High,High,0.932804937932851,0.031631392081779765,0.035563669985369216
120,9120,High,High,0.9322459790408816,0.030496184131427354,0.03725783682769119
20744,29744,Medium,Medium,0.02972963581723213,0.03025481156165385,0.940015552621114
33368,42368,Low,Low,0.029291269029695727,0.938944693000319,0.031764037969985386
8245,17245,Medium,Medium,0.03466586468904891,0.030309225042937548,0.9350249102680136
15554,24554,High,High,0.9404858543802989,0.02838626954136311,0.031127876078338074
11584,20584,Medium,Medium,0.029943334774484076,0.030023653687051222,0.9400330115384646
12771,21771,Medium,Medium,0.03447109317230574,0.0343288246877614,0.931200082139933
34682,43682,Medium,Medium,0.032565899967902524,0.03699865065588385,0.9304354493762137
6965,15965,Medium,Medium,0.03200359357201411,0.03211023213491748,0.9358861742930684
26218,35218,Medium,Medium,0.03533993593128055,0.040406847160242454,0.9242532169084768
36166,45166,Low,Low,0.03496814035178467,0.9186601697690256,0.04637168987918971
27298,36298,Low,Low,0.04391188760791026,0.9241927800425856,0.0318953323495041
30011,39011,Medium,Medium,0.038372109084132494,0.03676962555186356,0.924858265364004
1527,10527,High,High,0.9346215074239982,0.030450981086490872,0.03492751148951099
21408,30408,Medium,Medium,0.03435037230084115,0.031777783565368305,0.9338718441337907
34454,43454,Low,Low,0.032293289642895885,0.9257584626156096,0.041948247741494464
26505,35505,High,High,0.9362270508078844,0.030235452002884203,0.03353749718923141
1071,10071,Medium,Medium,0.03657724074780257,0.03299874208437962,0.9304240171678178
23769,32769,Medium,Medium,0.031136923460979484,0.035343145279560596,0.9335199312594599
1605,10605,Medium,Medium,0.035015073738119996,0.03297380340968864,0.9320111228521913
15440,24440,Medium,Medium,0.03183291555992728,0.037551271265805826,0.9306158131742669
25352,34352,Medium,Medium,0.029561558771191526,0.03083209693895297,0.9396063442898556
15240,24240,Medium,Medium,0.04782969343926377,0.033531873118290985,0.9186384334424452
28478,37478,Medium,Medium,0.030393377703554738,0.02872337046297609,0.9408832518334692
14647,23647,Medium,Medium,0.03263773107947592,0.03289624239374201,0.9344660265267821
13532,22532,Medium,Medium,0.03170408506186247,0.030660110657223415,0.9376358042809141
12069,21069,Medium,Medium,0.03644930617193396,0.03592363996623819,0.927627053861828
29305,38305,Low,Low,0.036273465359498734,0.9237068017613551,0.040019732879146265
29453,38453,High,High,0.9343263789543279,0.0303865924547722,0.0352870285908999
33616,42616,Medium,Medium,0.0302508422492672,0.03277203751022556,0.9369771202405074
23111,32111,Medium,Medium,0.03174380996724955,0.031137836368847465,0.937118353663903
7642,16642,High,High,0.9145752677425354,0.041630909123892355,0.04379382313357221
33151,42151,Medium,Medium,0.03135862072343004,0.030877298435944552,0.9377640808406253
28818,37818,Medium,Medium,0.03239756769312246,0.032614010948116876,0.9349884213587608
2065,11065,Low,Low,0.03239329100855456,0.927703438788391,0.0399032702030545
29300,38300,Low,Low,0.03337398087738453,0.932192286619502,0.03443373250311337
29282,38282,Medium,Medium,0.03429692396633726,0.031955188570807126,0.9337478874628556
31187,40187,High,High,0.9247639625055898,0.0390106809904521,0.0362253565039581
30573,39573,Medium,Medium,0.037958645073540125,0.05079119979938859,0.9112501551270712
19518,28518,Medium,Medium,0.03529327920537712,0.034919193081940116,0.9297875277126827
6384,15384,Low,Low,0.02967167941110438,0.9383565806065541,0.03197173998234153
16164,25164,High,Low,0.030826682339811146,0.9328513556551877,0.03632196200500117
21884,30884,Medium,Medium,0.03361638411010627,0.042138761823753985,0.9242448540661398
39759,48759,Medium,Medium,0.034694665454305995,0.03380828342428358,0.9314970511214105
22311,31311,High,High,0.9322185324615594,0.03272000793454622,0.03506145960389434
39503,48503,High,Medium,0.06631269971377154,0.03621930939273645,0.897467990893492
12276,21276,Medium,Medium,0.03299069148469919,0.03284343662269797,0.9341658718926028
125,9125,Medium,Medium,0.03142936794011635,0.04366008122182846,0.9249105508380552
24742,33742,Low,Low,0.034277096813461735,0.9224268541578122,0.043296049028726025
34806,43806,Low,High,0.9305682617919611,0.03450067921237063,0.03493105899566835
24334,33334,High,Medium,0.03470755335131877,0.03286628860826504,0.9324261580404162
37172,46172,Medium,Medium,0.03495591286174231,0.04182717542908351,0.9232169117091743
38026,47026,Low,Low,0.030110287169102756,0.929403140846616,0.040486571984281225
23585,32585,Low,Low,0.030015370133694458,0.9385642343768423,0.03142039548946312
23445,32445,Low,Low,0.03192359045327322,0.930427641468157,0.037648768078569844
31108,40108,High,High,0.9378190311100495,0.03027766226646141,0.031903306623489135
5584,14584,Low,Low,0.04770246316364505,0.8997087254610708,0.05258881137528402
35593,44593,High,High,0.9396442632733711,0.028644926766177147,0.03171080996045155
27609,36609,High,High,0.7640190175685763,0.03834628137434964,0.197634701057074
20870,29870,High,Medium,0.033148236513528266,0.0319042798662824,0.9349474836201893
6733,15733,Low,Low,0.02904217228720982,0.9397229132791298,0.03123491443366039
31267,40267,High,High,0.9374120389132675,0.03003757248858337,0.032550388598149065
11043,20043,Low,Low,0.03030408180205613,0.934820093843704,0.03487582435423992
6377,15377,High,High,0.9381585330717305,0.029384374696816037,0.03245709223145346
35409,44409,Medium,Medium,0.031308377921159536,0.029856059635102628,0.9388355624437379
3001,12001,Low,Low,0.03172197337288896,0.934293131449721,0.03398489517738997
20314,29314,High,High,0.9340848061830805,0.030462106454423113,0.035453087362496374
22672,31672,Medium,Medium,0.04545738308342692,0.08232548133734839,0.8722171355792246
16992,25992,Low,Medium,0.03579704409913549,0.47567307159560496,0.48852988430525945
22293,31293,High,High,0.9380365621089507,0.029243304359300216,0.03272013353174908
20303,29303,High,High,0.9350174380422929,0.033945316612080785,0.03103724534562631
1345,10345,Low,Low,0.02950544356684633,0.930556127327245,0.03993842910590864
26510,35510,Medium,Medium,0.061527620756237154,0.13437266326446604,0.8040997159792967
30543,39543,Low,Low,0.029213696271103682,0.939491181950475,0.03129512177842128
21197,30197,Medium,Medium,0.03742266491029112,0.03454256589408677,0.9280347691956221
18891,27891,High,High,0.9162822306917681,0.04906686615274486,0.034650903155487016
1129,10129,Low,Low,0.034836005709559505,0.9309169719363567,0.034247022354083674
35579,44579,Medium,Medium,0.032870810202788675,0.03374196897046844,0.9333872208267427
34859,43859,Medium,Medium,0.031895910349784645,0.031034790369676074,0.9370692992805393
10026,19026,Low,Low,0.039055286568930585,0.9212262730950656,0.03971844033600384
8891,17891,Low,Low,0.029976530394927713,0.9347680908100378,0.035255378795034584
2705,11705,Medium,Medium,0.04573703721131602,0.03689574887778407,0.9173672139108998
10554,19554,High,High,0.9271258419723317,0.04007740141570309,0.03279675661196508
2464,11464,High,High,0.9313582912731211,0.032495086681858416,0.03614662204502062
25802,34802,Medium,Medium,0.032392452368961495,0.030666265174346338,0.9369412824566922
25125,34125,Medium,Medium,0.03144103779057433,0.03284309111126806,0.9357158710981576
1380,10380,High,High,0.9374234551395825,0.030003070686981482,0.032573474173435875
19615,28615,Low,Low,0.030732795551384574,0.9247301301282677,0.04453707432034775
14347,23347,High,High,0.9338843633135502,0.031960119152041964,0.03415551753440782
1112,10112,Medium,Medium,0.0348728424756215,0.03430361372912963,0.9308235437952489
30158,39158,Medium,Medium,0.03477501190879395,0.10305644768860484,0.8621685404026013
6798,15798,Low,High,0.9338124499110382,0.03387569825600895,0.03231185183295291
30341,39341,Medium,Medium,0.03006219242016538,0.029013678004534693,0.9409241295753
33942,42942,Low,Low,0.04058179511713235,0.915876300151695,0.04354190473117261
26299,35299,High,High,0.9373974932844327,0.02950287832386736,0.03309962839169995
6454,15454,High,High,0.9338976012574302,0.033112442170126294,0.032989956572443434
21753,30753,Medium,Medium,0.07379239451502059,0.039945045872829925,0.8862625596121495
29708,38708,Low,Low,0.03012953451617625,0.9373541486735631,0.03251631681026065
2524,11524,Low,Medium,0.03512550844892415,0.035884991636431995,0.9289894999146439
22297,31297,High,High,0.9382588845918932,0.029350689189840868,0.03239042621826587
11292,20292,Low,Low,0.029218584289221704,0.9395418087962281,0.031239606914550116
28136,37136,Low,Medium,0.03411688039807194,0.03234803405672946,0.9335350855451985
9474,18474,Medium,Medium,0.038651802965316485,0.038459183658829964,0.9228890133758535
1496,10496,Medium,Medium,0.03186162801656824,0.031764805487585424,0.9363735664958464
20065,29065,Low,Low,0.03457174872556097,0.9294176498915245,0.03601060138291453
20600,29600,Low,Low,0.03157924196911874,0.9356676353714516,0.03275312265942967
31102,40102,High,High,0.9252970416935669,0.0393505664737125,0.03535239183272066
14369,23369,Medium,Medium,0.03218692200091336,0.03101217459910086,0.9368009033999858
732,9732,High,High,0.9285126287257283,0.03870998107719969,0.03277739019707224
16491,25491,High,High,0.9373296578859165,0.029630274296595403,0.03304006781748821
26612,35612,High,High,0.8299283387257971,0.04566782388124612,0.12440383739295681
28394,37394,Medium,Medium,0.03014134525109069,0.029548718467718966,0.9403099362811904
12371,21371,Medium,Medium,0.030431233402689675,0.03297203111269654,0.9365967354846139
13047,22047,High,Medium,0.03090585559582425,0.03073736896241212,0.9383567754417635
38133,47133,Low,Low,0.04188047720737845,0.9067562094830484,0.051363313309573166
33355,42355,Medium,Medium,0.03337366721468152,0.030978269235081915,0.9356480635502367
11990,20990,High,High,0.9331836690033416,0.034286474494268734,0.03252985650238984
35421,44421,Medium,Medium,0.03710475710754187,0.03086882363051291,0.9320264192619453
2698,11698,High,High,0.936676362889315,0.030133382558203952,0.03319025455248116
17792,26792,High,High,0.9318795748566155,0.03464374604141932,0.03347667910196501
5612,14612,High,High,0.9337271464466442,0.03409573495396364,0.03217711859939213
16213,25213,Medium,Medium,0.03421708509091478,0.03693136135832803,0.9288515535507571
3703,12703,Medium,Medium,0.03376337909852329,0.03236070432164129,0.9338759165798355
20239,29239,Medium,Medium,0.03660645172465191,0.04304771043081235,0.9203458378445357
37599,46599,High,High,0.9330927830725017,0.03133453867235982,0.035572678255138664
15,9015,High,High,0.9339528522081778,0.030995014527126292,0.035052133264696035
10622,19622,Medium,Medium,0.03611274067573316,0.035944085652788865,0.927943173671478
13772,22772,Medium,Medium,0.03477944204438494,0.034285822652143826,0.9309347353034713
24390,33390,High,High,0.912023490165775,0.0329682717941533,0.05500823804007176
36216,45216,Medium,Medium,0.033712269398679155,0.03250854862602328,0.9337791819752975
23513,32513,High,High,0.9303743726204406,0.03498081111900748,0.03464481626055196
27920,36920,Medium,Medium,0.19279830311782573,0.035262478786506395,0.7719392180956679
35234,44234,Low,Low,0.029496287884581685,0.9371157799530737,0.03338793216234451
19677,28677,High,Medium,0.0330184484108216,0.03347024436683055,0.9335113072223479
6161,15161,Low,Low,0.0289502027630051,0.938790842805226,0.032258954431769106
25769,34769,High,High,0.9165407209649609,0.04633350345468643,0.03712577558035274
26281,35281,Medium,Low,0.03334385524526282,0.7951203374266157,0.17153580732812138
22213,31213,Medium,Medium,0.030606908763174182,0.02902354017714572,0.9403695510596801
17093,26093,High,High,0.9322389020525463,0.03469456818204155,0.03306652976541216
30033,39033,Low,Low,0.031595488864548,0.9249406767945847,0.043463834340867404
30916,39916,Low,Low,0.033411328472183546,0.9281041446485667,0.03848452687924972
17250,26250,Medium,Medium,0.039469924151750296,0.032376098475221035,0.9281539773730287
23290,32290,High,High,0.9393213325135329,0.028419105983039487,0.03225956150342755
14690,23690,High,High,0.9363337492777482,0.03088626581325939,0.03277998490899245
31559,40559,Low,Low,0.0308595905311714,0.9281036484604425,0.04103676100838612
35342,44342,Low,Low,0.03227403733204901,0.9347800193177318,0.03294594335021926
33488,42488,Medium,Medium,0.03873999966472515,0.03364223433669663,0.9276177659985781
798,9798,High,High,0.9372394074450491,0.028689365337785138,0.034071227217165864
30506,39506,Medium,Medium,0.03146034470549334,0.031167587090124033,0.9373720682043826
22307,31307,Low,Low,0.029993038512449503,0.9153852840757627,0.054621677411787854
714,9714,Medium,High,0.9370553206255839,0.02898385041490752,0.03396082895950847
527,9527,High,High,0.9386709303428362,0.029782780772436294,0.031546288884727484
34718,43718,Low,Low,0.03429116196516257,0.731720915503956,0.2339879225308815
11509,20509,Medium,Medium,0.0322127613096397,0.030348749558953933,0.9374384891314064
32760,41760,High,High,0.9380453558194412,0.029292528509468303,0.032662115671090654
16197,25197,High,Low,0.031455472066605226,0.9347925014555715,0.033752026477823334
14121,23121,Low,Medium,0.03292579074147876,0.03640829943676377,0.9306659098217575
35759,44759,Medium,Medium,0.029304238272107926,0.0288851806627928,0.9418105810650993
9635,18635,Medium,Medium,0.03151242568617418,0.03094036409159741,0.9375472102222284
15750,24750,High,High,0.923761176494284,0.03416926423842848,0.042069559267287525
119,9119,Medium,Medium,0.03072215942824863,0.032481194747705354,0.936796645824046
23262,32262,Medium,Medium,0.03045625284830666,0.03486775895140278,0.9346759882002905
27288,36288,Medium,Medium,0.034721130970900856,0.03502643201875297,0.9302524370103461
24239,33239,Low,Low,0.03153495336092426,0.9341708564194157,0.03429419021966029
28375,37375,High,Low,0.030895020388081784,0.9372326162547768,0.031872363357141366
7754,16754,Medium,Medium,0.04379062901334068,0.04206749592143497,0.9141418750652243
23817,32817,Medium,Medium,0.05836567760903261,0.06052497906734101,0.8811093433236264
32471,41471,Medium,Medium,0.04915861662704237,0.04500668317009238,0.9058347002028652
19487,28487,Low,Low,0.038955141303684465,0.8882623054484163,0.07278255324789924
18123,27123,Low,Medium,0.03013165988067545,0.030754194939155738,0.9391141451801689
37887,46887,High,High,0.9158517290721774,0.0354486179230644,0.04869965300475818
12018,21018,Medium,Medium,0.0347460346582971,0.030553892372117007,0.9347000729695859
7443,16443,Medium,Medium,0.05618896679534957,0.03055434915181614,0.9132566840528343
9452,18452,High,High,0.9335303323674712,0.034044096211019885,0.03242557142150881
16991,25991,Medium,Medium,0.03350249612081411,0.031855168605191775,0.9346423352739941
2062,11062,Medium,Medium,0.03635727080860687,0.031660417902318515,0.9319823112890746
11552,20552,Medium,Low,0.02922420698975023,0.9397046675575034,0.031071125452746456
16402,25402,Low,Low,0.030244597162765386,0.9365614264174903,0.033193976419744316
7573,16573,Low,Low,0.03336275255121705,0.9136832028510663,0.052954044597716556
14395,23395,Medium,Medium,0.034473715035496684,0.03416158693551177,0.9313646980289915
6802,15802,Medium,Medium,0.033384165563855976,0.037354057855089925,0.929261776581054
15351,24351,Medium,Medium,0.03092306092935305,0.03069433626698391,0.9383826028036631
21152,30152,Low,Low,0.031129926533717666,0.9373379329253844,0.03153214054089797
15134,24134,Medium,Medium,0.033556746050532216,0.036714402664302766,0.929728851285165
4645,13645,High,High,0.9331938729682885,0.03142990589961077,0.035376221132100705
28178,37178,Low,High,0.7985468283706002,0.03519175962056205,0.16626141200883773
28675,37675,Medium,Medium,0.03397300794741977,0.03265217379834788,0.9333748182542324
3331,12331,Low,Low,0.03230677608900245,0.934529705588559,0.033163518322438613
30731,39731,Medium,Medium,0.042154974495731384,0.035651692054412654,0.9221933334498559
30854,39854,High,High,0.9135226590913064,0.03730790744107917,0.04916943346761454
9481,18481,Medium,Medium,0.031977617895941036,0.033137535722970006,0.9348848463810889
28924,37924,High,High,0.9369937609366445,0.030764267590649486,0.0322419714727059
29158,38158,Medium,Medium,0.03256929706481039,0.0319335311001672,0.9354971718350225
33774,42774,High,High,0.9380280222048297,0.030314570972766398,0.031657406822403866
28833,37833,High,High,0.9349865407828983,0.03036655165418758,0.03464690756291413
9658,18658,Low,High,0.9112979199165941,0.03212849272001297,0.056573587363392824
7241,16241,High,High,0.9308697847858637,0.02944277556887706,0.03968743964525929
5203,14203,Medium,Medium,0.0299197331751499,0.031589667378767214,0.9384905994460828
23055,32055,Medium,Medium,0.03495294114323858,0.03122406942155344,0.933822989435208
23423,32423,Medium,Medium,0.04493188873826953,0.040134475434303075,0.9149336358274273
20752,29752,Medium,Medium,0.0287299462051246,0.02902206687143348,0.9422479869234418
5762,14762,Medium,Medium,0.03877781125486251,0.03582303533735961,0.925399153407778
4567,13567,Low,High,0.9323379900887966,0.03178893818502048,0.035873071726182953
21069,30069,High,High,0.9325985495146853,0.03207530490788355,0.035326145577431044
16556,25556,Low,Low,0.03853806967492465,0.9063173627368134,0.05514456758826197
7362,16362,Medium,Medium,0.036207542701582475,0.353577358274854,0.6102150990235634
27781,36781,Medium,Medium,0.03605984807423374,0.04134414639137025,0.922596005534396
38809,47809,Medium,Medium,0.03366181771953777,0.03389574393524849,0.9324424383452138
22204,31204,Medium,High,0.5305038894460187,0.06577409985885131,0.40372201069513
16044,25044,Medium,Medium,0.03603385391122416,0.032243491351474134,0.9317226547373018
14515,23515,High,High,0.9279057511399436,0.034282265776686666,0.03781198308336983
21146,30146,Medium,Medium,0.03299368172443034,0.032522050862752526,0.9344842674128172
36275,45275,Low,Low,0.03183019783137028,0.9174451223941981,0.050724679774431625
36764,45764,Medium,Medium,0.03726048643366884,0.033080577489807465,0.9296589360765237
25551,34551,High,High,0.9367902033915149,0.031475557672050625,0.031734238936434456
4847,13847,Medium,Medium,0.04481866881401234,0.035866463306139164,0.9193148678798484
31927,40927,High,High,0.9382396944019195,0.029016179081910305,0.032744126516170265
29505,38505,Medium,Medium,0.036902189127297334,0.029702026784556943,0.9333957840881458
15717,24717,Medium,Medium,0.03264084293016292,0.031151020623102484,0.9362081364467345
36021,45021,Medium,Medium,0.031459076817293284,0.028809098156881933,0.9397318250258246
2260,11260,Low,Low,0.029994388087523628,0.9343307025692299,0.035674909343246526
6992,15992,Low,Low,0.030599592104140427,0.9275583290033976,0.041842078892462
8862,17862,Low,Low,0.033152098769760156,0.9322268973432654,0.034621003886974505
11717,20717,Medium,Medium,0.03640157294810714,0.04314805042620048,0.9204503766256925
25201,34201,Medium,Medium,0.05370553279481836,0.032479690002698236,0.9138147772024835
3073,12073,Low,Low,0.044733268181473364,0.9237864412206274,0.031480290597899155
11245,20245,Medium,Medium,0.036784194302277314,0.03222729530420373,0.930988510393519
30348,39348,Low,Low,0.031763832290328586,0.935196972999024,0.0330391947106474
9881,18881,Medium,Medium,0.03180416658073473,0.031008766558549696,0.9371870668607155
18196,27196,Medium,Medium,0.046359598066979,0.03307840303846972,0.9205619988945513
28613,37613,Medium,Medium,0.029666025018654993,0.03181101058813421,0.9385229643932108
39915,48915,High,High,0.9271150453638893,0.029907929015191407,0.04297702562091915
25341,34341,Medium,Medium,0.031989486443106945,0.03034640838096102,0.9376641051759321
25999,34999,Medium,Medium,0.030173030224784254,0.028670768098073136,0.9411562016771428
18785,27785,Medium,Medium,0.03691681264539079,0.42172339869895187,0.5413597886556573
33575,42575,Medium,Low,0.029394023440357537,0.9344875209440193,0.03611845561562324
10692,19692,Medium,Medium,0.038412794223559234,0.03414752680620205,0.9274396789702388
36127,45127,Low,Low,0.031581260502061476,0.9362640342906824,0.03215470520725618
20227,29227,Medium,Medium,0.03387262825558949,0.03069982889855051,0.93542754284586
7556,16556,High,High,0.924216459565402,0.03592936332195482,0.039854177112643226
38038,47038,Low,Low,0.031579260316127004,0.931502662597127,0.03691807708674603
24681,33681,Low,Low,0.03856750808785917,0.9263820337506289,0.03505045816151197
11231,20231,Low,Low,0.030543996308826964,0.9346779630344823,0.034778040656690795
32261,41261,Low,Low,0.03337113356157836,0.9251842911300683,0.04144457530835342
10255,19255,Medium,Medium,0.030610414550098775,0.03107911405629722,0.938310471393604
19704,28704,High,Medium,0.031197248205090438,0.03192364220525384,0.9368791095896557
17905,26905,Low,Low,0.03199585649083528,0.8447320068042458,0.12327213670491904
39177,48177,Low,Low,0.04160390567560183,0.9262479024652664,0.032148191859131765
3562,12562,Medium,Medium,0.051965906283339115,0.03392333681264994,0.914110756904011
28761,37761,Medium,Medium,0.0311073272444479,0.028804739596790876,0.9400879331587612
12519,21519,Medium,Medium,0.032363907806891475,0.03252963104844123,0.9351064611446672
4421,13421,Medium,Medium,0.04183792527820235,0.03347171245383809,0.9246903622679595
89,9089,Medium,Medium,0.031336640450449045,0.02907128513481227,0.9395920744147387
15974,24974,Low,Low,0.036337876087976444,0.9102967191784668,0.05336540473355674
33219,42219,Medium,Medium,0.03239907159735017,0.03322664405105252,0.9343742843515973
30088,39088,Medium,Medium,0.031894912637578696,0.03019460561595605,0.9379104817464653
36200,45200,Medium,Medium,0.030466878251257323,0.029255138211711062,0.9402779835370315
19731,28731,Medium,Medium,0.031008733891824503,0.03555682693150188,0.9334344391766737
9500,18500,High,High,0.9184231703752724,0.03201020892388576,0.049566620700841744
15468,24468,Low,Low,0.02867979672195072,0.940203622158859,0.031116581119190353
34975,43975,High,High,0.9247071769444603,0.035894555201945115,0.0393982678535946
19373,28373,High,High,0.9319107120263403,0.03210420514056947,0.03598508283309018
25171,34171,Low,Low,0.03235302181614142,0.9300347913509768,0.037612186832881755
37078,46078,Low,High,0.9380707669429906,0.029855946423167138,0.03207328663384217
17525,26525,High,High,0.927937185596456,0.03678532338176937,0.03527749102177465
7544,16544,Low,Low,0.03717560353149546,0.9260038644903622,0.03682053197814226
3566,12566,Low,Low,0.029065267714155588,0.9384409761268735,0.032493756158971016
5844,14844,Medium,Medium,0.030294070300825992,0.030183157881033876,0.9395227718181401
16903,25903,Low,Low,0.028747645028791815,0.9399251271118979,0.03132722785931033
16800,25800,Low,Low,0.03525393740865348,0.928489786871852,0.03625627571949457
1474,10474,Low,Medium,0.047980387725065986,0.3813396244827924,0.5706799877921416
3675,12675,Low,Low,0.0339732733492649,0.9343697258764849,0.03165700077425022
10065,19065,Medium,Medium,0.03575171728037166,0.04544092387946952,0.918807358840159
3672,12672,Medium,Low,0.03729720257419053,0.759706249122861,0.20299654830294842
29731,38731,Medium,Medium,0.03094918792296432,0.03646203879524775,0.932588773281788
25659,34659,High,Medium,0.03254696849200996,0.030050966386139938,0.9374020651218501
14149,23149,Medium,Medium,0.031117246975107243,0.03019312855747244,0.9386896244674204
35243,44243,Medium,Medium,0.03144237517239881,0.03217953485077049,0.9363780899768308
20926,29926,Medium,Medium,0.038145277771683306,0.0349065852817858,0.9269481369465309
23850,32850,High,High,0.9399706143008896,0.028844820745120212,0.031184564953990176
38056,47056,Medium,Medium,0.03296567088019132,0.03296554835573424,0.9340687807640745
22969,31969,High,High,0.9361932664178377,0.030845450305133897,0.03296128327702844
28287,37287,Medium,High,0.9362430672278803,0.029660242418892546,0.034096690353227134
33988,42988,Medium,Medium,0.03175708168445494,0.03796983681010606,0.930273081505439
19376,28376,High,High,0.936546631233897,0.031118340094393793,0.0323350286717092
22263,31263,High,High,0.9360229931533265,0.029518302893580522,0.034458703953093
27278,36278,Medium,Medium,0.0650567127835019,0.038634004715501165,0.8963092825009968
36310,45310,Medium,Medium,0.03540561806625659,0.03709095836892337,0.92750342356482
17691,26691,Low,Low,0.03512768917642851,0.9316524710027352,0.03321983982083641
37578,46578,Low,Low,0.03292928437918037,0.9343607659795575,0.03270994964126212
4559,13559,Low,Low,0.04130893873403973,0.9149353494774886,0.04375571178847168
32487,41487,Medium,Medium,0.03222641293492023,0.029464262111729683,0.9383093249533502
20911,29911,Medium,Medium,0.03171581346831546,0.03233627980522327,0.9359479067264612
25478,34478,Medium,Medium,0.03353277132113544,0.03891575585772203,0.9275514728211425
25738,34738,Medium,Medium,0.031204985319288354,0.03688149467833391,0.9319135200023778
39362,48362,Medium,Medium,0.03428205468985987,0.035213219391337626,0.9305047259188025
10307,19307,High,High,0.9312486453562089,0.03142944045572349,0.037321914188067594
35671,44671,Medium,Medium,0.03392974288215025,0.03562785024056774,0.930442406877282
30672,39672,Medium,Medium,0.031068668995434128,0.02933567102914585,0.9395956599754202
14939,23939,Medium,Medium,0.03418920517156678,0.03427578077768161,0.9315350140507516
4244,13244,Medium,Medium,0.040241880315678984,0.03340642158305065,0.9263516981012704
21272,30272,Medium,Medium,0.03386972774857091,0.03219061056541317,0.9339396616860158
29096,38096,Medium,Medium,0.030201432179015556,0.03161592391397584,0.9381826439070086
1320,10320,Low,Medium,0.036511901570922815,0.23956381824123782,0.7239242801878394
5607,14607,Medium,Medium,0.03369153119549818,0.033303222031947,0.9330052467725548
13344,22344,High,High,0.9344538403649366,0.0324660317636553,0.033080127871408155
23314,32314,Medium,Medium,0.032228094951078944,0.03987118815118542,0.9279007168977357
22445,31445,Low,Low,0.03218627453515235,0.9339014933725913,0.03391223209225637
24171,33171,Low,Low,0.05831575336051561,0.903494570108958,0.0381896765305265
16251,25251,High,High,0.9368795765018286,0.030542943595778818,0.03257747990239257
36241,45241,Low,Low,0.03670127334120269,0.9148130740276392,0.04848565263115804
18186,27186,Medium,Medium,0.04283100648607233,0.03219828301102915,0.9249707105028985
5511,14511,Medium,Medium,0.38629334362888806,0.0438823093475588,0.5698243470235532
25187,34187,High,High,0.93641761175236,0.0296208858083227,0.03396150243931718
20677,29677,Medium,Medium,0.03154257591288875,0.03608314434491861,0.9323742797421927
32616,41616,Medium,Medium,0.03536129036687346,0.25085346052810265,0.7137852491050238
25028,34028,Medium,Medium,0.028994876464099564,0.028531922004849247,0.9424732015310511
32948,41948,Medium,High,0.9195050999754389,0.04276794706055322,0.03772695296400782
8863,17863,Medium,Medium,0.03425785707552929,0.03178029379500503,0.9339618491294656
37516,46516,High,High,0.9362080690845572,0.030584798862350725,0.033207132053092066
28643,37643,Low,Medium,0.030819372703901643,0.030167858389353583,0.9390127689067448
18837,27837,Medium,Medium,0.04560698336814061,0.031011111666035273,0.9233819049658241
17490,26490,High,High,0.9385026122170056,0.029448914231044246,0.032048473551950056
5757,14757,Medium,High,0.935642147983517,0.030347806789149806,0.03401004522733319
19063,28063,Low,Low,0.029267602997447045,0.9363497867119444,0.034382610290608684
13128,22128,Medium,Medium,0.03552001105218158,0.043278260146471466,0.9212017288013469
30932,39932,Medium,High,0.9376816659767678,0.029902890015642353,0.0324154440075899
31547,40547,High,High,0.9372529297051022,0.030095009247102095,0.032652061047795805
29230,38230,Medium,Medium,0.03526799767633855,0.06854929821851985,0.8961827041051417
9592,18592,High,High,0.933111149759743,0.03476731427862207,0.03212153596163505
36010,45010,Medium,Medium,0.12080891076315636,0.03720763853346413,0.8419834507033794
25981,34981,Low,Low,0.03898787422315237,0.8948612425060419,0.06615088327080577
37642,46642,High,High,0.9291336222145486,0.031005625477466336,0.0398607523079849
33359,42359,Low,Low,0.03260243483398637,0.9341098096008481,0.033287755565165535
32217,41217,Low,Low,0.03928502920354245,0.9099148861180187,0.05080008467843869
23801,32801,High,Medium,0.03219112809232335,0.03750836664828227,0.9303005052593943
14967,23967,Medium,Medium,0.030746730203784933,0.030568347068701207,0.9386849227275139
20291,29291,High,High,0.9321064315894653,0.03388577139742082,0.034007797013113815
38443,47443,High,High,0.9350524057977799,0.03110496377175322,0.0338426304304669
33980,42980,Medium,Medium,0.044473825408595256,0.032241608026100564,0.9232845665653042
36419,45419,Medium,Medium,0.06453661487690115,0.04575956613386875,0.8897038189892301
19572,28572,Medium,Medium,0.0491867233784996,0.03332881148868207,0.9174844651328183
34021,43021,Medium,Medium,0.03768599496739191,0.043297646548999834,0.9190163584836082
16226,25226,Medium,Medium,0.03546165724893723,0.03463534358065128,0.9299029991704115
11117,20117,Medium,Medium,0.03475519162659176,0.036078416645440675,0.9291663917279674
18381,27381,Low,Low,0.03204803220626771,0.9289245912907917,0.039027376502940476
31581,40581,High,High,0.9308072663132959,0.0305922481253578,0.03860048556134621
36714,45714,Low,Low,0.04042217367861722,0.4984204792169589,0.4611573471044239
36945,45945,Low,Low,0.038229522436989065,0.9292436530216346,0.03252682454137636
25860,34860,Low,Low,0.035689353366741366,0.9307668441071205,0.0335438025261381
12048,21048,Medium,Medium,0.029598562424147074,0.031161513368869468,0.9392399242069834
19458,28458,Low,Low,0.03431758647862265,0.8954589307824113,0.07022348273896585
27627,36627,High,High,0.9318642111599252,0.03239051259602856,0.03574527624404613
35882,44882,Medium,Medium,0.031968865520049836,0.03051849919867146,0.9375126352812787
18268,27268,Medium,Medium,0.041782292504692065,0.03218008626948795,0.92603762122582
31014,40014,Low,Low,0.029614552604684843,0.9332712338961704,0.037114213499144795
38643,47643,Medium,Medium,0.03625081970419542,0.033228995639636834,0.9305201846561678
9449,18449,Medium,Medium,0.03367407255400026,0.03164775304667852,0.9346781743993212
6310,15310,Low,Low,0.030442893557635062,0.934201108256553,0.03535599818581203
25554,34554,Medium,Medium,0.03694352894826676,0.031304755311345314,0.9317517157403881
23306,32306,High,High,0.8958315120032835,0.04816413573072309,0.05600435226599353
7717,16717,High,High,0.9289252031097052,0.030940416673540996,0.040134380216753786
8775,17775,Medium,Medium,0.03484785715102618,0.06278673563220201,0.9023654072167718
15662,24662,Low,Low,0.030086049254888354,0.9367296162120554,0.033184334533056116
6705,15705,High,Low,0.051305746550602334,0.9137876578129241,0.03490659563647356
35608,44608,Medium,Medium,0.033394011956784354,0.040612637895841686,0.9259933501473739
24175,33175,Medium,Medium,0.034722361284594355,0.03498697951120375,0.9302906592042018
16355,25355,Low,Low,0.030317898100563307,0.9363972172273783,0.03328488467205847
6407,15407,Medium,Medium,0.030520632246985258,0.03279769258564564,0.9366816751673689
2051,11051,Medium,Medium,0.030129504076992664,0.03117551058754868,0.9386949853354586
36237,45237,High,Medium,0.03825053335106817,0.032832351462325444,0.9289171151866062
9966,18966,High,High,0.9183488257278386,0.0329095942401165,0.04874158003204478
24449,33449,Medium,Medium,0.03332561365518547,0.032626162631989176,0.9340482237128253
30474,39474,Low,Low,0.031621807022518746,0.9282134484798318,0.040164744497649486
4402,13402,Low,Low,0.031644255592303376,0.9359914739438425,0.03236427046385423
24793,33793,Medium,Medium,0.03485088552997476,0.03557578874323201,0.9295733257267932
37125,46125,Medium,Medium,0.042823499232208816,0.03746767085651532,0.9197088299112758
81,9081,Medium,Medium,0.03122899421171048,0.03483029168802604,0.9339407141002635
7118,16118,Medium,Medium,0.034044457705521086,0.037516387321942006,0.9284391549725369
23615,32615,Medium,Medium,0.032850191295070004,0.03174816079854348,0.9354016479063865
19963,28963,Low,Low,0.030635581785727853,0.9346143746010984,0.03475004361317369
23573,32573,Medium,Medium,0.030097545036968414,0.030748028742979643,0.9391544262200519
15337,24337,Medium,Medium,0.03391863932410738,0.03953070450169668,0.926550656174196
15388,24388,Medium,Medium,0.031453097882850195,0.030182779100666635,0.9383641230164833
33745,42745,Medium,Medium,0.032358635341383904,0.02900541828407043,0.9386359463745456
20308,29308,Medium,High,0.92528087294217,0.03574835841035481,0.0389707686474752
27056,36056,Medium,Medium,0.039302974399389894,0.03419778157548866,0.9264992440251215
2668,11668,Low,Low,0.029472981914712437,0.9259474500034769,0.04457956808181072
19520,28520,High,High,0.9132079275399425,0.039544961268181626,0.04724711119187578
32031,41031,Medium,Medium,0.032696081225606105,0.02977739981191552,0.9375265189624784
25094,34094,Medium,Medium,0.04284458411530865,0.031228145137762852,0.9259272707469286
268,9268,Low,Low,0.04528134695282252,0.9201295895516569,0.03458906349552059
12549,21549,Low,Low,0.029354433189794655,0.9328863269879575,0.0377592398222479
30365,39365,Low,Low,0.03928646438113575,0.8794706616814114,0.08124287393745273
8208,17208,Low,Low,0.031107775016008216,0.7272434229131299,0.2416488020708619
15170,24170,Medium,Medium,0.03358523539964549,0.03480972994800796,0.9316050346523465
28962,37962,Low,Low,0.030551045844651754,0.936351501330368,0.03309745282498015
3209,12209,Low,Low,0.028676310464374338,0.9393775634430321,0.0319461260925935
17091,26091,Medium,Medium,0.03468095859193374,0.03287635117159771,0.9324426902364685
17548,26548,Medium,Medium,0.032791229938864484,0.03147562470111385,0.9357331453600217
11150,20150,Medium,Medium,0.035576900829228396,0.03148998652788674,0.9329331126428849
12847,21847,Medium,Medium,0.03217696981503051,0.029653596595080694,0.9381694335898887
9402,18402,Low,Low,0.030062592019457962,0.9380935094436138,0.031843898536928254
11352,20352,Medium,Medium,0.030318441460906027,0.031946975688189265,0.9377345828509047
22918,31918,Low,Medium,0.03849757556773149,0.038571584881623495,0.922930839550645
17320,26320,Medium,Medium,0.035359302693671844,0.03516743414687489,0.9294732631594531
35160,44160,Medium,Medium,0.03435023252367222,0.030897759703868776,0.934752007772459
35909,44909,Medium,Medium,0.03419373437266824,0.033102019746044334,0.9327042458812874
21561,30561,Medium,Medium,0.03865022358734501,0.04039188294133945,0.9209578934713155
29673,38673,Low,Low,0.04017771438838835,0.9263101697529237,0.03351211585868795
18554,27554,Medium,Medium,0.03523554988013588,0.15233375617784814,0.812430693942016
38971,47971,Medium,Medium,0.4096843294178874,0.05785128079475182,0.5324643897873608
24537,33537,Medium,Medium,0.03373416081560262,0.031323200647273404,0.934942638537124
22669,31669,Medium,Medium,0.034767069555221915,0.03551932785702045,0.9297136025877576
37950,46950,Medium,Medium,0.03364748405025708,0.054872504576074455,0.9114800113736684
29207,38207,Medium,Medium,0.030294247380477885,0.03328105048982812,0.936424702129694
17936,26936,Medium,Medium,0.030216508681258247,0.029395713953165394,0.9403877773655763
25295,34295,Medium,Medium,0.033845052944177834,0.03298064927285266,0.9331742977829696
15500,24500,High,High,0.9267797090345958,0.03747091239947801,0.03574937856592612
33207,42207,Low,Low,0.04024179992534025,0.922392979726011,0.03736522034864862
8625,17625,High,High,0.9222461872263713,0.04327592505927557,0.034477887714352964
16045,25045,Medium,Medium,0.03499840235438486,0.03104368411904727,0.9339579135265678
36465,45465,Medium,Medium,0.03429255979973974,0.035578636559082645,0.9301288036411776
39920,48920,Medium,Medium,0.03661612451033634,0.033048912025355044,0.9303349634643086
39919,48919,Low,Low,0.03253825045505401,0.9301263540056737,0.037335395539272336
4919,13919,Low,Low,0.03257139979201636,0.9175448411357797,0.049883759072203965
38603,47603,High,High,0.9143308964759994,0.033787326701981445,0.051881776822019145
16671,25671,Low,Low,0.028918411569941415,0.9400913527017526,0.030990235728305993
3535,12535,Medium,Medium,0.042980934641837165,0.04078483322713034,0.9162342321310325
25674,34674,High,High,0.9336711808851591,0.031605399341358774,0.03472341977348209
3779,12779,High,High,0.928831459670412,0.03429634700109071,0.0368721933284972
38555,47555,Medium,Medium,0.030065805729603934,0.029481087274169673,0.9404531069962264
6388,15388,Medium,Medium,0.033019667505931466,0.029619045048554112,0.9373612874455145
29306,38306,High,High,0.9354550081932956,0.03279754149174252,0.03174745031496181
38856,47856,Medium,Medium,0.035276183754212424,0.03522642041243925,0.9294973958333483
13565,22565,Medium,Medium,0.040646040160861464,0.04413755558048472,0.9152164042586538
32714,41714,High,High,0.9339678512854445,0.0318909973388809,0.034141151375674667
12120,21120,Medium,Medium,0.032713630252946484,0.03402064056737919,0.9332657291796743
3883,12883,Low,Medium,0.038719538526034575,0.33589586871129445,0.625384592762671
6653,15653,High,Low,0.04366249760886409,0.9208238389392109,0.03551366345192506
30169,39169,Medium,Medium,0.029206614349149645,0.02870910859813468,0.9420842770527157
25643,34643,High,High,0.929543590562627,0.03250328291220659,0.03795312652516631
11930,20930,High,High,0.9382469223272167,0.030022672134076788,0.031730405538706485
15663,24663,Low,Medium,0.40264636918826485,0.047073005287529474,0.5502806255242058
36592,45592,Medium,Medium,0.02995493336278816,0.04073982545119054,0.9293052411860213
22396,31396,Low,Low,0.031176994975323526,0.9359029607734081,0.03292004425126847
2839,11839,High,High,0.8510647888489605,0.03496612539392687,0.11396908575711251
24119,33119,Low,Low,0.032192060220392366,0.9247522052808027,0.04305573449880499
33333,42333,High,High,0.9294073268333607,0.03040328965226259,0.040189383514376786
17607,26607,Medium,Medium,0.03330344012428929,0.03360706925860157,0.9330894906171091
18339,27339,High,High,0.9386017794507336,0.029752839821668656,0.031645380727597726
13757,22757,Medium,Medium,0.034350671452225194,0.030832342069741045,0.9348169864780337
25456,34456,Medium,Medium,0.033013305991749675,0.03573385871859303,0.9312528352896573
19067,28067,Medium,Medium,0.03382217705329891,0.030727276201110428,0.9354505467455908
28796,37796,High,Medium,0.03237256476811351,0.03269924271842031,0.9349281925134663
17379,26379,Low,Medium,0.11102074412423835,0.040423633840406814,0.8485556220353548
7357,16357,High,High,0.9354506433832407,0.03172473034006468,0.032824626276694586
35171,44171,High,High,0.933116485874848,0.031411314297216254,0.035472199827935834
15492,24492,Medium,Medium,0.033268640394752934,0.0345926748436437,0.9321386847616034
35082,44082,Medium,Medium,0.030387318113194284,0.0302066566095207,0.939406025277285
34953,43953,Low,Low,0.03128031311869305,0.929865559055874,0.03885412782543299
20222,29222,Medium,Medium,0.03358686537989431,0.03775386128164108,0.9286592733384648
31700,40700,Medium,Medium,0.03440640343054884,0.031955325457241786,0.9336382711122094
3896,12896,High,High,0.930319354465281,0.03249401200452318,0.03718663353019586
1507,10507,High,Medium,0.03833498977537234,0.03714189161950731,0.9245231186051203
38708,47708,High,High,0.8834539111064371,0.038779178648981734,0.07776691024458117
18632,27632,High,High,0.9241271281239793,0.032460097901570416,0.043412773974450335
29198,38198,Medium,High,0.9086595266421056,0.031449713943523756,0.059890759414370665
2997,11997,Medium,Medium,0.035983660563876446,0.033990273533796085,0.9300260659023274
37128,46128,Medium,High,0.9350460525559016,0.030500828351916875,0.034453119092181635
19869,28869,Medium,Medium,0.029982293683263495,0.030131595069591902,0.9398861112471447
33979,42979,Medium,Medium,0.03021821871340777,0.029278107958116913,0.9405036733284753
7183,16183,Low,Low,0.0360425489644196,0.7709193828689357,0.19303806816664473
27654,36654,Medium,Medium,0.0334404741592591,0.034672554477434586,0.9318869713633063
35474,44474,High,High,0.9397592152313115,0.029058997270513268,0.031181787498175323
16088,25088,Medium,Medium,0.03011783246966589,0.02984208261158283,0.9400400849187512
30631,39631,Low,Low,0.03095271106402296,0.9362926991062945,0.03275458982968247
12894,21894,Low,Low,0.029230223041511988,0.938262506007622,0.03250727095086599
32470,41470,Medium,Medium,0.03518919376288176,0.03159743105837579,0.9332133751787425
2175,11175,Low,Low,0.029190162754101922,0.9381779267363397,0.032631910509558444
6593,15593,Low,Low,0.02958066670436218,0.938002949567489,0.03241638372814886
3385,12385,Low,Low,0.029995982381677565,0.9320998076779615,0.03790420994036096
26705,35705,Low,Low,0.03247039261691286,0.9352672103777686,0.032262397005318494
23592,32592,High,Medium,0.3347280296201746,0.03596812649782215,0.6293038438820032
30870,39870,Medium,Medium,0.03304697788336838,0.03494167973746817,0.9320113423791634
36211,45211,Medium,Medium,0.03953403333125277,0.030848798699747826,0.9296171679689994
31378,40378,Low,Low,0.030368335551692705,0.935576605616465,0.03405505883184209
407,9407,Medium,Medium,0.03263136636246706,0.032811084912932074,0.9345575487246008
26906,35906,Medium,Medium,0.036139982866081895,0.03437012680187256,0.9294898903320457
32193,41193,Low,Medium,0.06422900531513147,0.043429987434846905,0.8923410072500216
27774,36774,High,High,0.9121652645584769,0.04081962767145236,0.04701510777007067
36867,45867,Low,Low,0.04012552853821689,0.9217908645451863,0.03808360691659676
39144,48144,Medium,Medium,0.029617706980194263,0.029698080300500806,0.940684212719305
994,9994,High,High,0.9365244162171232,0.03191157628403412,0.03156400749884269
7305,16305,High,High,0.9152397440978218,0.04992067407847502,0.03483958182370309
17004,26004,Low,High,0.8909728227128357,0.07443796081544503,0.03458921647171926
24404,33404,High,High,0.9355808880841577,0.03055634488710196,0.0338627670287402
39213,48213,Medium,Medium,0.03155928353595599,0.03193644620555903,0.936504270258485
20146,29146,Medium,Medium,0.029199926165398796,0.031565554920133874,0.9392345189144673
21973,30973,Low,Low,0.03114226140549975,0.9303306221856168,0.038527116408883344
36677,45677,Medium,Medium,0.03672066445494757,0.04228146483251006,0.9209978707125424
24059,33059,High,High,0.930992948615613,0.03402385710603786,0.03498319427834916
36630,45630,Medium,Medium,0.03150513381492629,0.03442077164818865,0.9340740945368848
37927,46927,Medium,Medium,0.03316739939396462,0.037233011471166415,0.9295995891348691
7151,16151,High,Medium,0.030214587149331312,0.029887584256736748,0.939897828593932
9798,18798,Low,Low,0.03116201872659582,0.9349581690627731,0.033879812210631056
23761,32761,Medium,Medium,0.04651229613825852,0.33418939461545566,0.6192983092462859
36985,45985,Medium,Medium,0.032421755061987516,0.038738572597176474,0.928839672340836
18241,27241,Medium,Medium,0.04543003746302519,0.034030367958891986,0.9205395945780829
34601,43601,Medium,Medium,0.03235321895794819,0.031650546108774553,0.9359962349332772
31229,40229,Medium,Medium,0.03311356852341408,0.03281115084295096,0.934075280633635
2191,11191,Medium,Medium,0.03346471269465582,0.03846043356096585,0.9280748537443784
17064,26064,High,High,0.9356807254214972,0.03169899404823529,0.03262028053026755
6308,15308,Low,High,0.9360137846713655,0.029362082692476782,0.034624132636157635
3667,12667,Low,Medium,0.03214142188632529,0.0361435222590204,0.9317150558546543
20092,29092,Medium,High,0.9347776210827826,0.03052959439890278,0.03469278451831459
2265,11265,Low,Low,0.031156696759201435,0.9209061474803516,0.04793715576044688
7198,16198,Medium,Medium,0.04121206206499641,0.03651211523321308,0.9222758227017905
35847,44847,Medium,Medium,0.029865887213743596,0.03265692850778871,0.9374771842784676
26703,35703,High,Medium,0.035233067013270426,0.030650962585323977,0.9341159704014056
8366,17366,Medium,Medium,0.05111506315828684,0.0633834829147106,0.8855014539270024
3404,12404,Low,Low,0.031065648772867074,0.8839105958761991,0.08502375535093391
1212,10212,Medium,Medium,0.036216249973937804,0.029410482779975298,0.9343732672460868
18687,27687,Low,Low,0.03321819698580549,0.918599286783118,0.04818251623107644
15485,24485,Medium,Medium,0.04236505076011245,0.03177520237192808,0.9258597468679595
3473,12473,High,High,0.9356412290946747,0.029856999138282308,0.03450177176704299
21855,30855,Medium,Medium,0.030947021486563902,0.03192500475026105,0.9371279737631749
38621,47621,High,Low,0.029980878195355717,0.9368545659265487,0.03316455587809558
26628,35628,Medium,Medium,0.0331261369766602,0.033027495258617375,0.9338463677647223
26040,35040,High,Low,0.029903886464779757,0.9355412522985951,0.034554861236625066
30004,39004,High,High,0.9406814345720166,0.028421472469199276,0.030897092958784223
35355,44355,Low,Low,0.02917537044835765,0.9360049719153536,0.03481965763628873
9825,18825,Low,Low,0.039229178142343855,0.9272896492030863,0.03348117265456979
34172,43172,Medium,Medium,0.031413966477746684,0.029675611338934833,0.9389104221833184
27287,36287,Medium,Medium,0.03680416565163122,0.03718562587417596,0.9260102084741929
33798,42798,Medium,Medium,0.05483358892908897,0.03735468324041894,0.9078117278304921
1793,10793,High,High,0.9377204258962958,0.02994819844886494,0.03233137565483926
4964,13964,Low,Low,0.03327813120435729,0.9334962098245642,0.03322565897107858
27780,36780,Medium,Medium,0.03888592689019669,0.04652954163078719,0.9145845314790161
34568,43568,High,High,0.9095521138719049,0.03528600630386201,0.055161879824233095
1067,10067,Low,Low,0.031015440403819806,0.9325328930972296,0.03645166649895059
34737,43737,Medium,Medium,0.033684696107949816,0.029952012471386468,0.9363632914206637
1872,10872,Medium,Medium,0.03331028212408172,0.0340594275126841,0.9326302903632341
17195,26195,Low,Low,0.029364275392555622,0.9382724982682925,0.032363226339151785
16874,25874,Medium,Medium,0.042557968704970035,0.23734642974544903,0.720095601549581
9872,18872,Medium,Medium,0.03383858277276746,0.04206249784930988,0.9240989193779227
1040,10040,High,High,0.9400167913928547,0.028486948057655174,0.03149626054949017
35537,44537,High,High,0.9288255152221678,0.02975311513647505,0.04142136964135709
5052,14052,High,High,0.9367350190504199,0.029059887170477444,0.0342050937791027
29167,38167,Medium,Medium,0.03239350476868159,0.03914759831297899,0.9284588969183393
10656,19656,Medium,Medium,0.03152753320908994,0.029244133844912108,0.9392283329459978
34752,43752,High,High,0.9094629267429144,0.04585816148919538,0.044678911767890093
3208,12208,Low,Low,0.03493623310722805,0.9007775531864239,0.06428621370634797
19490,28490,High,High,0.9357304323150487,0.0317323506059658,0.03253721707898544
37441,46441,High,Medium,0.03307139899636498,0.0372311235645155,0.9296974774391195
25268,34268,Low,Low,0.03861451953500789,0.9278037018732657,0.03358177859172651
15742,24742,Medium,Medium,0.031188251605350225,0.033565163177426645,0.935246585217223
14295,23295,Medium,Medium,0.03594202434747606,0.030869370662601175,0.9331886049899228
22493,31493,Low,Low,0.029538916783801234,0.9360349260748638,0.03442615714133496
1598,10598,Low,Low,0.030348409460365003,0.9183118424308333,0.05133974810880176
15293,24293,Medium,High,0.677775070461463,0.04526908738204097,0.276955842156496
5780,14780,Medium,Medium,0.031601741624772646,0.029723547238385897,0.9386747111368413
1722,10722,Medium,Medium,0.036372818421518786,0.037859408887565775,0.9257677726909154
14651,23651,Low,Low,0.03117072935233151,0.9345828629616841,0.03424640768598445
11855,20855,Medium,Medium,0.07366692992337488,0.03821031166533892,0.8881227584112862
420,9420,High,High,0.934261059714183,0.02964973302009731,0.03608920726571966
33079,42079,Low,Low,0.044111355632614084,0.9205418997843595,0.035346744583026356
2132,11132,Medium,Medium,0.03010701973315336,0.0331968647542423,0.9366961155126043
22387,31387,Medium,Medium,0.034443683820880054,0.030203205792199993,0.9353531103869198
36883,45883,Medium,Medium,0.04303556557068491,0.033188499375045706,0.9237759350542695
6860,15860,Low,Low,0.03330488633229192,0.9278466057444938,0.03884850792321421
10057,19057,Medium,Medium,0.031120267823514663,0.03215115476454984,0.9367285774119355
17707,26707,Low,Low,0.03267301687590302,0.9268327576108616,0.040494225513235456
15010,24010,Medium,High,0.9360718637862906,0.030483799118507033,0.03344433709520242
14636,23636,Medium,Medium,0.035120035216955746,0.031445632997776404,0.9334343317852678
14279,23279,Medium,Medium,0.038632398828133574,0.03247810357179701,0.9288894976000694
24438,33438,Medium,Medium,0.03131044913960144,0.031867436383781915,0.9368221144766166
23247,32247,High,High,0.9364281224662477,0.029789353793665627,0.033782523740086584
8351,17351,High,High,0.9304216383614251,0.033215558508447714,0.03636280313012713
18288,27288,Low,Medium,0.03347252889479141,0.032868296741650094,0.9336591743635586
4378,13378,Medium,Medium,0.03437342650770411,0.03251321908722168,0.9331133544050743
25336,34336,Medium,Medium,0.030443349519363606,0.030975657012160634,0.9385809934684758
10177,19177,Medium,Medium,0.053984047673916735,0.0589456994123966,0.8870702529136868
37893,46893,Medium,Medium,0.033746036305715356,0.04128322230572647,0.9249707413885582
14877,23877,Medium,Low,0.0564782728656554,0.907575322445832,0.03594640468851262
1307,10307,High,High,0.9389591684546326,0.02815620460009353,0.03288462694527384
31628,40628,Medium,Medium,0.032406230273415874,0.035572266207171584,0.9320215035194126
18942,27942,Low,High,0.9339758349994072,0.03042739806108452,0.03559676693950837
3629,12629,Medium,Medium,0.03227422611938671,0.03243472479115408,0.9352910490894591
19962,28962,High,High,0.9204084584580868,0.04143425414729046,0.038157287394622645
27027,36027,Medium,Medium,0.03116434267780538,0.030120364644573464,0.9387152926776213
31684,40684,High,High,0.9357127981020831,0.030255002446713943,0.034032199451203025
33244,42244,Low,Low,0.03346298734520598,0.9330669192785561,0.033470093376237915
38174,47174,High,High,0.9314598732778019,0.035585370674295826,0.0329547560479023
19576,28576,Medium,Medium,0.030352280114275664,0.031269699580401544,0.9383780203053229
24976,33976,High,Low,0.0333355659198799,0.8941505325265053,0.0725139015536147
17992,26992,Medium,Medium,0.03765740225865896,0.030426348223975486,0.9319162495173655
28757,37757,High,High,0.9297458456162632,0.03361224956599369,0.03664190481774319
33601,42601,Medium,Medium,0.030577613735825657,0.0332559731236025,0.9361664131405719
29781,38781,High,High,0.9400790709306625,0.02882041665525791,0.03110051241407979
35600,44600,Medium,Medium,0.033709501025313775,0.03408371760117499,0.9322067813735112
5224,14224,High,High,0.9325924577404604,0.03182053289396563,0.03558700936557386
1107,10107,Medium,Medium,0.03839493461677692,0.03711540095375687,0.9244896644294661
1478,10478,Low,Low,0.02977879350288068,0.938583123029599,0.03163808346752028
21062,30062,Low,Low,0.029432579277497307,0.9394892142314721,0.03107820649103063
2638,11638,Low,Low,0.04488494210517655,0.9114544527973688,0.0436606050974546
31049,40049,Medium,Medium,0.0354538120590569,0.03220305404251295,0.9323431338984302
39063,48063,High,High,0.9314090958466478,0.03517109369484042,0.03341981045851179
8018,17018,High,High,0.9391561672645218,0.028717527962171193,0.032126304773307114
35230,44230,Medium,Medium,0.0334699822501591,0.03051541970976747,0.9360145980400735
33905,42905,Medium,Medium,0.03238167647290232,0.030020371285144915,0.9375979522419527
23515,32515,Medium,Medium,0.032213745506904375,0.03366941288482821,0.9341168416082675
27132,36132,Low,Medium,0.030977495608804816,0.0330451319032408,0.9359773724879545
33248,42248,High,High,0.9357282441272979,0.0310939643228821,0.033177791549820056
26253,35253,High,High,0.9347541179143327,0.03131693623764644,0.03392894584802098
35525,44525,Medium,Medium,0.032045409596567646,0.03330124760322436,0.9346533428002081
28306,37306,High,High,0.938863144352729,0.028434296237128603,0.03270255941014242
8645,17645,Medium,Medium,0.03033781776400977,0.03192907482384628,0.9377331074121439
6914,15914,Medium,Medium,0.03099961656075152,0.029790612474970862,0.9392097709642776
6826,15826,Medium,Medium,0.031008923262949312,0.028891615006885387,0.9400994617301653
39935,48935,Medium,Medium,0.03578712144007907,0.03349878876861665,0.9307140897913042
8570,17570,Low,Low,0.029419010530941217,0.9313716014719201,0.039209387997138606
11248,20248,High,High,0.9296011847119069,0.034547144847456544,0.035851670440636564
17860,26860,Medium,Medium,0.029965221717662846,0.03265417989561507,0.9373805983867222
38697,47697,Low,Low,0.032008767586515316,0.9334367640353193,0.034554468378165386
36713,45713,Low,Low,0.031020425031345056,0.9326870399479649,0.03629253502069026
18699,27699,High,Low,0.03003052861631539,0.9363906900225937,0.03357878136109099
30343,39343,High,High,0.9325224566507399,0.03119898752911343,0.03627855582014682
5617,14617,Low,Low,0.02994794171520067,0.9310501773818941,0.039001880902905135
13884,22884,High,High,0.9376403827244131,0.02890739079692919,0.0334522264786577
14267,23267,High,High,0.9395135784815479,0.02832725170520174,0.032159169813250246
36754,45754,High,High,0.9373780176228057,0.02883896761014365,0.033783014767050666
448,9448,Medium,Medium,0.029365339697009468,0.03352113956968563,0.9371135207333049
13114,22114,Low,Low,0.029948214081451707,0.9351685087147025,0.03488327720384588
29065,38065,High,High,0.938104830005915,0.02898570650317182,0.03290946349091318
18080,27080,Medium,Medium,0.04920819555393665,0.035604051891213455,0.91518775255485
35924,44924,Low,Medium,0.03868768958713662,0.03620005603908792,0.9251122543737754
5339,14339,Medium,Medium,0.03291886406885153,0.031191307904910964,0.9358898280262374
13936,22936,Medium,Medium,0.031014375101202817,0.02942280620069754,0.9395628186980997
7942,16942,Low,Low,0.030499062872188936,0.9353706034436745,0.03413033368413643
5886,14886,Medium,Medium,0.03223287177890789,0.029580689098576158,0.938186439122516
12094,21094,Medium,Medium,0.03491249436784002,0.03373215702204181,0.9313553486101181
25235,34235,Low,Low,0.030328632414867895,0.8908703366232436,0.07880103096188863
9203,18203,Low,Low,0.034224637460383824,0.9333272860486885,0.03244807649092769
7674,16674,Medium,Medium,0.03178634444972655,0.03410218401187513,0.9341114715383982
21231,30231,Low,Low,0.040127081609809635,0.9169470250642373,0.04292589332595309
26195,35195,Medium,Medium,0.03510231052151822,0.03342485413807272,0.931472835340409
39115,48115,Medium,Medium,0.03348519393996873,0.0299407861400361,0.9365740199199952
33123,42123,High,High,0.9406635490127259,0.028338982137240315,0.03099746885003375
1175,10175,Medium,Medium,0.032624876817667514,0.03386666202448067,0.9335084611578518
39909,48909,Medium,Medium,0.038390948118150824,0.06562993845398214,0.8959791134278671
4721,13721,Medium,Medium,0.03287592859824356,0.03149059246425339,0.9356334789375031
4340,13340,Medium,Medium,0.03809528387162398,0.03838313358890776,0.9235215825394683
24667,33667,Medium,Medium,0.03814300193061851,0.03731008323520807,0.9245469148341735
16533,25533,Medium,Medium,0.0506843269144313,0.03137725306790776,0.9179384200176609
5691,14691,Low,Low,0.03045545740745088,0.9345068655607576,0.03503767703179165
9057,18057,Medium,Medium,0.03861257237290606,0.03277352730277775,0.9286139003243162
27788,36788,Medium,Medium,0.03490654491397337,0.03731753227780127,0.9277759228082253
18792,27792,High,High,0.9366788512510441,0.029678912330679236,0.03364223641827658
28028,37028,Medium,Medium,0.03222727670886404,0.03208401072847691,0.9356887125626591
37770,46770,Medium,Medium,0.03341121879026993,0.029787661821064026,0.9368011193886661
30464,39464,Medium,Medium,0.030107564986123183,0.031008920033321452,0.9388835149805553
35005,44005,Medium,Medium,0.032094979769461476,0.031164917443611957,0.9367401027869265
35228,44228,High,High,0.9287356633003148,0.03376084342535251,0.03750349327433276
15807,24807,Medium,Medium,0.041615652085076206,0.04468598677854709,0.9136983611363766
27597,36597,High,High,0.9065203323211696,0.05474029045899719,0.03873937721983321
10552,19552,Low,Low,0.03000934879564451,0.9336806929492473,0.03630995825510821
33586,42586,Medium,Medium,0.03251853134786014,0.03645523833988055,0.9310262303122592
14586,23586,Medium,Medium,0.03493418978811303,0.03666739307927583,0.9283984171326112
25120,34120,Medium,Medium,0.04104354923234494,0.11147777808709296,0.8474786726805621
2319,11319,Low,Low,0.047142278577975955,0.9213593134149446,0.03149840800707935
1546,10546,Low,Medium,0.03632934360166649,0.4593817553436251,0.5042889010547085
30784,39784,Medium,Medium,0.03164192324813841,0.03973435118441984,0.9286237255674418
7851,16851,High,High,0.9159351109463758,0.03914984559561361,0.04491504345801058
12888,21888,Medium,Medium,0.03389419492880135,0.030080721654431042,0.9360250834167676
15968,24968,High,High,0.9323676475226966,0.03251286970812289,0.03511948276918035
28779,37779,Low,Low,0.035006459461847945,0.5727206416850683,0.3922728988530837
24025,33025,Medium,Medium,0.04829118190828178,0.04347636426607465,0.9082324538256437
5591,14591,High,High,0.9349191162966664,0.031906524097350814,0.03317435960598276
34179,43179,High,High,0.9368206304059519,0.029190691890229496,0.033988677703818616
8088,17088,High,High,0.9253383798943237,0.04125083647438602,0.03341078363129041
6778,15778,Medium,Medium,0.030005585068566983,0.029861689261493324,0.9401327256699398
10300,19300,Medium,Medium,0.03634059719811907,0.04799592561688146,0.9156634771849995
38773,47773,High,High,0.9298227333935514,0.030826453506219428,0.03935081310022922
399,9399,Medium,Medium,0.035465210632788575,0.0933135615692197,0.8712212277979917
3788,12788,Medium,Medium,0.032061989603357106,0.03909553256303954,0.9288424778336033
33635,42635,Medium,Medium,0.02908621136094494,0.02910909388711568,0.9418046947519394
23494,32494,Medium,Medium,0.03858182245171548,0.0338189177347947,0.9275992598134898
35971,44971,Low,Low,0.03169016217498732,0.9370545890248639,0.0312552488001488
31477,40477,High,High,0.9301059648454958,0.034110947301367316,0.035783087853136865
27736,36736,Medium,Medium,0.036034569228107986,0.031627879008685474,0.9323375517632065
7455,16455,Low,Low,0.03995695638207702,0.927950937312573,0.03209210630534989
34160,43160,Low,Low,0.031176950844038126,0.9334650192898488,0.03535802986611299
36382,45382,Medium,Medium,0.03776149398983633,0.03632158271234315,0.9259169232978205
6759,15759,Low,Low,0.041283329757265466,0.9225676337521896,0.0361490364905448
23150,32150,Medium,Medium,0.033332498261387095,0.031446139714509484,0.9352213620241034
26543,35543,Medium,Medium,0.036370866553914964,0.030580230755251635,0.9330489026908334
37668,46668,Medium,Medium,0.032470340781731416,0.03087700252815011,0.9366526566901184
16760,25760,Low,Low,0.03225069636411906,0.928489782275118,0.03925952136076286
23729,32729,Medium,Medium,0.06619838853462857,0.05876398785963279,0.8750376236057386
3512,12512,Low,Low,0.032770943413479255,0.9302992947542541,0.036929761832266685
38906,47906,Medium,Medium,0.03163718151646632,0.03235150376948786,0.9360113147140458
25129,34129,Low,Low,0.03160069237103313,0.9343941638237446,0.03400514380522221
26803,35803,Low,Low,0.032767641560330775,0.924616702154298,0.04261565628537132
3753,12753,High,High,0.9180071117699867,0.03877470339598247,0.043218184834030726
588,9588,High,High,0.9258290195316431,0.03599864618324134,0.03817233428511555
20150,29150,Medium,Medium,0.03158972074391963,0.03436928256816941,0.934040996687911
14714,23714,Medium,Medium,0.029920287774845056,0.03063930458484113,0.9394404076403138
273,9273,Low,Low,0.029816978915545606,0.9381755444103486,0.03200747667410578
17359,26359,High,High,0.9303604812045293,0.034094254029336246,0.035545264766134455
1169,10169,High,High,0.9182745095361396,0.03835905663064643,0.04336643383321396
22811,31811,Medium,Medium,0.042436401644550016,0.09113422946493455,0.8664293688905155
30619,39619,High,High,0.9400342471893163,0.028672759310172328,0.031292993500511436
5396,14396,Medium,Medium,0.030771008925065724,0.03174674196394432,0.9374822491109899
24786,33786,Low,Low,0.0341281899903882,0.8959530691262433,0.06991874088336854
1964,10964,Medium,Medium,0.04112319494140034,0.030283693208598365,0.9285931118500014
34203,43203,Medium,Medium,0.035569076055579525,0.03240173239249897,0.9320291915519215
8608,17608,Low,Low,0.030303770901602783,0.9113433867367212,0.05835284236167607
22489,31489,Medium,Low,0.029192469507057863,0.9399163520505157,0.030891178442426382
21660,30660,Medium,Medium,0.0474408282600464,0.038044783365815425,0.9145143883741381
21447,30447,Medium,Medium,0.034210847517771724,0.031316409697827424,0.934472742784401
36414,45414,Low,Low,0.029123623705455806,0.9374392754188511,0.033437100875693175
29624,38624,Medium,Medium,0.02965449521166087,0.029466660253305983,0.9408788445350331
5501,14501,Low,Low,0.03151790893510877,0.9360619888906311,0.03242010217426009
24067,33067,High,High,0.9350047384691603,0.031422626816292966,0.03357263471454669
9838,18838,High,High,0.9313781781533473,0.03013462247374132,0.03848719937291126
14878,23878,Medium,Medium,0.05028824039907903,0.03563247489907781,0.9140792847018432
22237,31237,Medium,Medium,0.045534360237547915,0.03401871907903543,0.9204469206834167
19706,28706,Low,Low,0.03164411456894808,0.9367962111543102,0.031559674276741834
35779,44779,Medium,Medium,0.038078496757665295,0.03717932319216435,0.9247421800501704
19200,28200,Low,Low,0.028865807657419588,0.9401708913569369,0.030963300985643538
28769,37769,Low,Low,0.02887933945180067,0.9402693506653218,0.030851309882877473
19160,28160,High,Medium,0.03449539064761472,0.0323146340843021,0.9331899752680831
34070,43070,High,High,0.9368149246657315,0.03028615468163059,0.03289892065263802
3954,12954,Low,Low,0.02955936923515837,0.936013847006835,0.03442678375800661
31136,40136,Medium,Medium,0.033051079781320686,0.030983730877127608,0.9359651893415517
39058,48058,Medium,Medium,0.03386714263009279,0.05405462651276432,0.9120782308571429
11011,20011,Medium,Medium,0.049814405524040595,0.03880079343565295,0.9113848010403064
6092,15092,Medium,Medium,0.0310295978037399,0.030222019483731894,0.9387483827125283
3515,12515,Medium,Medium,0.03603796186633176,0.03020446903124178,0.9337575691024265
22290,31290,High,High,0.939294207990344,0.028592131619372147,0.0321136603902839
37760,46760,Medium,Medium,0.03275811750880577,0.03598306923597292,0.9312588132552214
31434,40434,Low,Low,0.03849970936205461,0.6308363573342874,0.3306639333036579
26729,35729,Medium,Medium,0.039196179764393026,0.09342017067867237,0.8673836495569347
7294,16294,Medium,Medium,0.03209561543064159,0.03646469911268018,0.9314396854566782
34081,43081,Medium,Medium,0.030545420305881598,0.03031025097547237,0.939144328718646
28520,37520,High,High,0.9380775308203937,0.029237817085733975,0.032684652093872224
12746,21746,Medium,Medium,0.03254743138746843,0.030439838372550754,0.9370127302399808
35561,44561,Medium,Medium,0.03315413719722852,0.032086636555457744,0.9347592262473138
1877,10877,High,High,0.9338327226114086,0.03216230077585447,0.03400497661273691
6599,15599,Medium,Medium,0.030654020387705445,0.040691663808948224,0.9286543158033463
36498,45498,High,Medium,0.12753258340253595,0.05196469302552345,0.8205027235719405
17087,26087,Medium,Medium,0.0471442477015323,0.0338230588438943,0.9190326934545733
21572,30572,High,High,0.9255343308229859,0.032798492470007934,0.04166717670700613
25272,34272,Low,Low,0.03102281152239014,0.9373441119327471,0.03163307654486267
18018,27018,Low,Low,0.03202849885604241,0.9073305309902538,0.06064097015370368
25859,34859,Low,Low,0.030485242307510662,0.9378025115587908,0.03171224613369856
21551,30551,High,High,0.9046097723363656,0.04540479504976983,0.04998543261386468
29146,38146,Medium,Medium,0.042182974603366306,0.034097817035706655,0.923719208360927
1134,10134,Medium,Medium,0.0329021292587435,0.03347489410486466,0.9336229766363918
21830,30830,High,High,0.9121136818119545,0.05415440272639636,0.033731915461649095
30361,39361,Low,Low,0.030926288507258,0.9209873626236916,0.048086348869050465
7264,16264,Low,Low,0.029832521479331454,0.9386460039218578,0.03152147459881074
15897,24897,Low,Low,0.05188242873704781,0.8657959322987479,0.08232163896420429
30229,39229,Low,Low,0.038273266542840065,0.9258204632947195,0.035906270162440426
28913,37913,Medium,Medium,0.04744107210734996,0.0354251671498689,0.9171337607427811
33976,42976,Medium,Medium,0.03362853923275622,0.029791528075336835,0.936579932691907
7120,16120,Medium,Medium,0.03515744707237362,0.03496254615007123,0.9298800067775552
28737,37737,Medium,Medium,0.03039874018184881,0.03013296657243697,0.9394682932457142
28646,37646,Medium,Medium,0.03155769799918457,0.032865185124981704,0.9355771168758338
16579,25579,High,High,0.9349832198840587,0.029637982213519837,0.035378797902421544
8772,17772,Low,Low,0.031100734980267747,0.9031748253052156,0.0657244397145166
13021,22021,Low,Low,0.033975685028729274,0.908200737490236,0.057823577481034755
18497,27497,Low,Low,0.03137051689113612,0.9203278265680623,0.0483016565408016
21419,30419,Medium,Low,0.030457722592536565,0.9359056002759605,0.03363667713150292
27905,36905,Low,Low,0.03200274299406958,0.9348143074709491,0.03318294953498127
10787,19787,Medium,Medium,0.035185969125213594,0.041941431140116316,0.92287259973467
15762,24762,Medium,Medium,0.03220971910794002,0.03125844000918246,0.9365318408828776
33646,42646,Medium,Medium,0.03190671327877457,0.03187042438923093,0.9362228623319945
20829,29829,Medium,Medium,0.04083712420909672,0.03170923832018417,0.9274536374707192
12150,21150,High,High,0.9265193977302392,0.035693952072753714,0.0377866501970072
12705,21705,High,High,0.9330239384543747,0.0333079587092718,0.03366810283635354
38605,47605,Medium,Medium,0.032559790587872145,0.03628803949222686,0.9311521699199009
39563,48563,High,High,0.9350925839881041,0.03009097493623505,0.034816441075660814
14407,23407,Low,Low,0.03773924486661086,0.9292560066329276,0.03300474850046161
30734,39734,Low,Low,0.039905403577749125,0.501779466608084,0.4583151298141667
24275,33275,High,High,0.9327765414205502,0.032514982292371146,0.034708476287078585
23858,32858,Low,Low,0.034891733650283356,0.9302744608746097,0.034833805475106915
37001,46001,Medium,Medium,0.03274868573160597,0.031970291480985645,0.9352810227874085
4885,13885,Medium,Medium,0.03618532030294893,0.03620023999189833,0.9276144397051528
11757,20757,Medium,Medium,0.03388066552321687,0.03359163556259214,0.932527698914191
20866,29866,Medium,Medium,0.038527152985463886,0.032338835151158866,0.9291340118633773
13745,22745,Low,Low,0.03177501766601564,0.9355636833659234,0.032661298968060866
18257,27257,High,High,0.8324073496366532,0.0394759458178813,0.12811670454546562
37148,46148,Low,Low,0.031147929166993053,0.934263720989084,0.03458834984392299
27216,36216,High,High,0.9348090603951177,0.03012114930805603,0.03506979029682634
16363,25363,Low,Low,0.03006101403142071,0.9376272542138145,0.03231173175476468
28733,37733,Medium,Medium,0.03767233157043925,0.0323768110432874,0.9299508573862734
16399,25399,High,High,0.8696606208771235,0.04234052034357328,0.08799885877930326
6987,15987,High,High,0.9382568416617514,0.029995657139882434,0.03174750119836609
33584,42584,Medium,Medium,0.029820160707145108,0.029592646169870396,0.9405871931229844
30260,39260,High,Low,0.03321301230836567,0.934159999102234,0.03262698858940038
17162,26162,Medium,Medium,0.033773710419393276,0.040010011491493774,0.9262162780891129
17120,26120,Low,High,0.9356824481202923,0.03153410931957199,0.032783442560135614
14022,23022,Medium,Medium,0.04006869117851832,0.03154369324411013,0.9283876155773715
9417,18417,Low,Low,0.030683766280339406,0.9379999849993301,0.031316248720330384
6116,15116,Medium,Medium,0.0402036026037949,0.03794041995301089,0.9218559774431943
28116,37116,Low,Low,0.0298183281371283,0.9316363895129095,0.03854528234996222
21504,30504,Low,Low,0.029262152108467165,0.9330873349038011,0.03765051298773176
13828,22828,Low,Low,0.030634151466726753,0.93083932207337,0.03852652645990331
19061,28061,Medium,Medium,0.03272683812151308,0.031146463837339572,0.9361266980411473
5582,14582,Low,Low,0.036832785431631605,0.9278655086045088,0.03530170596385971
36844,45844,Medium,Medium,0.03158313872678606,0.03004588135553674,0.9383709799176773
25430,34430,Medium,Medium,0.04599106303495607,0.03910848823321488,0.914900448731829
29757,38757,High,High,0.9380043905757306,0.029619683350209217,0.03237592607406027
21367,30367,Low,Low,0.029475981715656588,0.9379455844247854,0.03257843385955817
33741,42741,Medium,Medium,0.03475797830840118,0.03355583003566672,0.9316861916559321
38566,47566,Low,Medium,0.04176588420748573,0.03358005536487114,0.9246540604276431
31978,40978,Medium,Medium,0.035698275354009,0.1777460802153322,0.7865556444306588
23956,32956,Low,Low,0.029302219588848055,0.9395698236725978,0.031127956738554178
10796,19796,Medium,Medium,0.04806977112122766,0.08658347134558807,0.8653467575331844
31716,40716,Low,Low,0.030546357038460464,0.9329762777857954,0.03647736517574405
19778,28778,Medium,Medium,0.046023981717388564,0.03751461283014274,0.9164614054524686
16152,25152,Medium,Medium,0.035486970561745323,0.04294010541829956,0.921572924019955
6083,15083,High,High,0.9363497943538523,0.030036505785181033,0.033613699860966684
37466,46466,Medium,Medium,0.03323118484336402,0.030847045681560478,0.9359217694750755
21475,30475,Medium,High,0.9287996132179602,0.03087185826901581,0.04032852851302395
37923,46923,Low,Low,0.03313729625875008,0.9301666388312655,0.03669606490998445
35328,44328,High,High,0.9273443046914629,0.033709156251877065,0.038946539056660144
4821,13821,Low,Low,0.039682367926247325,0.9280008571182118,0.03231677495554095
2568,11568,Low,Low,0.03346985544643021,0.9232506069592272,0.0432795375943425
22008,31008,Medium,High,0.9355568426749765,0.03238517998433258,0.03205797734069096
27885,36885,Medium,Medium,0.03890200851306865,0.34967060862638705,0.6114273828605444
28371,37371,Medium,Medium,0.03221769794067903,0.032107117075671376,0.9356751849836495
3145,12145,Medium,Medium,0.03933322597939834,0.03409187197609768,0.926574902044504
9178,18178,Medium,Medium,0.033981662593846024,0.0304284524179619,0.935589884988192
39787,48787,Medium,Medium,0.03606224556087825,0.034152684450130116,0.9297850699889917
13693,22693,Medium,Medium,0.03682236387030952,0.033732109569941514,0.929445526559749
17524,26524,High,High,0.9300105606664405,0.03134633069990602,0.03864310863365336
33526,42526,Low,Low,0.029490202127395504,0.9389872738158077,0.0315225240567969
30284,39284,Low,Low,0.03694208483784973,0.9275992652450505,0.03545864991709984
38777,47777,Low,Low,0.029726164049345038,0.9357860165672701,0.03448781938338479
13816,22816,Medium,Low,0.06034674001885365,0.5041971267840627,0.4354561331970836
40016,49016,Medium,Medium,0.03634156073709779,0.036750206710921524,0.9269082325519807
38292,47292,High,Low,0.030041394181176368,0.9318302128826385,0.03812839293618515
3247,12247,Low,Low,0.029660585345503417,0.9387304700373967,0.03160894461709985
28832,37832,High,High,0.9373913806415922,0.0293389218355071,0.03326969752290074
13575,22575,Low,Low,0.03118293887785632,0.9362493801204734,0.03256768100167034
28805,37805,Medium,Medium,0.03624867604141654,0.033147733099305056,0.9306035908592785
12538,21538,Low,Low,0.036076655162539766,0.9319271367073364,0.03199620813012381
27825,36825,Medium,Medium,0.03139899869634682,0.030192253559694137,0.9384087477439591
2344,11344,High,High,0.9297342103577066,0.033467527641879824,0.03679826200041355
37015,46015,Low,Low,0.03126838998490747,0.9363538422491392,0.03237776776595333
15895,24895,Medium,Medium,0.04547285867671225,0.417048047031729,0.5374790942915588
9892,18892,Low,High,0.9313715753053176,0.034722646793229915,0.033905777901452404
33673,42673,Low,Low,0.03217901812653137,0.9339502465644006,0.03387073530906796
5679,14679,Low,Low,0.028981416981033348,0.9400236779440484,0.030994905074918314
2438,11438,High,High,0.9304914121269549,0.030190517942209814,0.03931806993083537
4950,13950,Medium,Medium,0.04170354776727494,0.041792873424150924,0.9165035788085741
27330,36330,Medium,Medium,0.03348059981364144,0.03044292255189651,0.9360764776344621
4873,13873,Medium,Medium,0.03270327949449154,0.03391888908125346,0.933377831424255
13099,22099,High,High,0.9355398683498861,0.031374828158806746,0.03308530349130714
23930,32930,Low,Low,0.03402981772469278,0.9241605938432977,0.04180958843200943
2584,11584,High,High,0.9375086873924463,0.029372225553143394,0.033119087054410225
3240,12240,High,High,0.9366420466358125,0.02929794700227358,0.034060006361913815
31296,40296,Medium,Medium,0.03269792410699409,0.02947948558356807,0.9378225903094379
16289,25289,High,High,0.9361078022078518,0.030697109513124005,0.033195088279024246
6696,15696,Medium,Medium,0.03120947072162748,0.033532137957258075,0.9352583913211143
3277,12277,Medium,Medium,0.03241431244465499,0.03380094742683736,0.9337847401285077
27496,36496,Medium,Medium,0.036692442448320185,0.036250228189735466,0.9270573293619444
11071,20071,Medium,Medium,0.03295698801550818,0.03246767727440283,0.934575334710089
27846,36846,High,High,0.9243185658808027,0.033472816528310155,0.04220861759088713
30820,39820,Medium,Medium,0.028897579262499234,0.028716834039094887,0.942385586698406
18852,27852,Medium,Medium,0.030281850874665988,0.029893987528788152,0.939824161596546
2448,11448,Medium,Medium,0.04181889401032598,0.2624953274111383,0.6956857785785356
2725,11725,Medium,Medium,0.032085815828902055,0.03259831896428017,0.9353158652068178
34600,43600,Low,Low,0.030472970982036274,0.9228565223607519,0.046670506657211834
30562,39562,High,High,0.9305190421876782,0.0341918712540833,0.03528908655823842
29176,38176,Low,Low,0.034860132631013896,0.7211856182681305,0.24395424910085572
26829,35829,Medium,Medium,0.03312291905921219,0.031005960400642685,0.9358711205401451
39224,48224,High,High,0.9348709065591598,0.031908060767084544,0.033221032673755715
6112,15112,Medium,Low,0.04154159855965316,0.6102773067720798,0.3481810946682671
23492,32492,Medium,Medium,0.03554722528928287,0.24077128976288895,0.7236814849478282
12377,21377,Medium,Medium,0.058739522933926515,0.0395422423893211,0.9017182346767524
10927,19927,Low,Low,0.03562907711167332,0.7499025244036265,0.21446839848470026
36041,45041,Medium,Medium,0.03583196754138152,0.03205399358950337,0.932114038869115
5439,14439,Medium,Medium,0.03509844619088975,0.030814796791648932,0.9340867570174614
27818,36818,Medium,Medium,0.03228926172460236,0.03155614023166961,0.936154598043728
36266,45266,Low,Low,0.033233066975492144,0.9077617288417326,0.05900520418277525
28495,37495,Medium,Medium,0.03539670794772434,0.03469333659297071,0.929909955459305
11964,20964,High,High,0.8952119808158513,0.06184159522689687,0.04294642395725185
631,9631,Medium,Medium,0.033277619317175544,0.031408748347670414,0.935313632335154
17039,26039,High,Low,0.03422304623423538,0.9209168299548732,0.04486012381089135
26874,35874,High,High,0.924577965796538,0.03262864164721431,0.04279339255624789
36403,45403,High,High,0.9344872987026817,0.03134127100535963,0.03417143029195869
39943,48943,Low,Low,0.0298033540337595,0.9378302761400672,0.032366369826173184
495,9495,Medium,Medium,0.03174102106858619,0.033677537346443465,0.9345814415849704
36088,45088,High,High,0.9355883474135164,0.03136716025127191,0.033044492335211686
33068,42068,Medium,Medium,0.0375841786274283,0.03727080899518351,0.9251450123773881
39338,48338,High,High,0.9337758048565039,0.03235419154622165,0.033870003597274524
37963,46963,High,High,0.928051261078596,0.032871292680521406,0.03907744624088256
9644,18644,Medium,Medium,0.030856956496797705,0.04108019029930599,0.9280628532038965
202,9202,Medium,Medium,0.07872545345293032,0.04075330571746003,0.8805212408296098
8613,17613,Medium,Medium,0.030658201627770457,0.028874724802746454,0.940467073569483
4617,13617,Low,Low,0.0342484289554183,0.9209177077756344,0.044833863268947116
13618,22618,Medium,Medium,0.03134702093942119,0.03142358120661962,0.9372293978539591
285,9285,High,Medium,0.039508459007131236,0.04546733978154882,0.9150242012113199
26035,35035,Low,Low,0.03061434152561407,0.9377411999688151,0.031644458505570794
8272,17272,Medium,Medium,0.03594268948205032,0.031897477361434605,0.9321598331565152
27058,36058,High,High,0.9308142054254489,0.03277002967413092,0.036415764900420124
4110,13110,Medium,Medium,0.029742763477080308,0.030058646452508785,0.940198590070411
3391,12391,Medium,Medium,0.030761714955965563,0.030125078835156794,0.9391132062088775
21908,30908,Medium,Medium,0.034740981493389146,0.03216765110966981,0.9330913673969411
1322,10322,Low,Low,0.03064248383801638,0.9341781138436257,0.03517940231835795
29906,38906,Medium,Medium,0.031005931616850165,0.03249820005455215,0.9364958683285977
25918,34918,Medium,Medium,0.033609892122816086,0.03161827578995833,0.9347718320872255
25443,34443,Medium,Medium,0.0354299243183456,0.03212230017949417,0.9324477755021604
32210,41210,Medium,Medium,0.03692814330976764,0.03329306472850876,0.9297787919617236
27285,36285,Low,Low,0.030867705229538103,0.9362795089589531,0.03285278581150879
39117,48117,High,Medium,0.03462234634237218,0.03654632269844551,0.9288313309591824
1624,10624,Medium,Medium,0.033864779594538465,0.46994252684166765,0.496192693563794
5535,14535,High,Medium,0.03408830217693989,0.03579616051360517,0.930115537309455
15196,24196,High,High,0.9302100824685757,0.030793832642150732,0.03899608488927355
21165,30165,Medium,Medium,0.03220001384209502,0.03303023434011492,0.9347697518177901
33596,42596,Medium,Low,0.03293353792181145,0.8498655651526249,0.11720089692556361
13831,22831,Medium,Medium,0.0329412064599126,0.03268028620986538,0.934378507330222
36919,45919,Medium,Medium,0.03529590788027571,0.037488859598039485,0.9272152325216848
10827,19827,Low,Medium,0.033653632763774484,0.034400768502479834,0.9319455987337456
24096,33096,Medium,Medium,0.029146517007061817,0.031627908033436326,0.9392255749595018
23302,32302,Medium,Medium,0.029619818574755864,0.030768430282112274,0.9396117511431319
33537,42537,Medium,Medium,0.03896834285231879,0.03627995593803332,0.9247517012096478
35517,44517,Medium,Medium,0.030856723894562774,0.03158326561486128,0.937560010490576
25954,34954,Medium,Low,0.029554167076369504,0.9000365649362302,0.07040926798740033
7853,16853,Medium,Medium,0.03985032164234422,0.03490917891476298,0.9252404994428928
10369,19369,Low,Low,0.029696575068565916,0.9388606716116223,0.03144275331981181
39412,48412,High,High,0.8395151029158615,0.03637394574570602,0.12411095133843242
21782,30782,Medium,Medium,0.04609722628199125,0.03878700542191306,0.9151157682960956
30739,39739,Medium,Medium,0.032834201863299044,0.03519075063499022,0.9319750475017109
4825,13825,High,High,0.9144607284727521,0.03631543361588618,0.04922383791136164
26015,35015,Medium,Medium,0.05104612942812556,0.036035230607249114,0.9129186399646253
29784,38784,High,High,0.9372729219737392,0.030272818382954453,0.03245425964330629
39649,48649,Medium,Medium,0.033064614888173804,0.04352192384175987,0.9234134612700663
3225,12225,Medium,Medium,0.032920728421080715,0.03262735211239191,0.9344519194665274
2043,11043,Medium,Medium,0.030210058414370414,0.028395872972260858,0.9413940686133687
8702,17702,Medium,Medium,0.033123982270194426,0.031265031656596054,0.9356109860732095
13680,22680,Low,Low,0.031830143773007524,0.9374252117104648,0.03074464451652777
20852,29852,Medium,Medium,0.04154612857590712,0.0339980873913591,0.9244557840327339
26704,35704,Low,Low,0.029204351687012586,0.9386821675586079,0.032113480754379475
9045,18045,Low,Low,0.03658070483077117,0.8672461666376625,0.09617312853156633
7539,16539,Low,Low,0.030238348313729946,0.9356526127358841,0.034109038950386035
27606,36606,High,High,0.9375761439518802,0.030429912543483165,0.03199394350463664
4814,13814,Medium,Medium,0.031219813839931516,0.03049320015842012,0.9382869860016484
18249,27249,Low,Low,0.02990105138601923,0.9360064873536015,0.03409246126037929
38296,47296,Medium,Medium,0.03061548086915585,0.029279883443533185,0.940104635687311
29986,38986,High,Medium,0.039206756692500094,0.03756685183850283,0.923226391468997
1768,10768,Medium,Medium,0.03302101332905894,0.03465136672184457,0.9323276199490964
10156,19156,Medium,Medium,0.03214172352348263,0.029940532613127995,0.9379177438633893
17849,26849,Medium,Medium,0.05068935028451741,0.03328160534894283,0.9160290443665398
7699,16699,Low,Low,0.03285052473067115,0.9335648694832273,0.0335846057861017
29874,38874,High,High,0.9316538635778544,0.030121446706143046,0.038224689716002486
33390,42390,Medium,Medium,0.03417085751463262,0.03145266925905079,0.9343764732263167
9672,18672,Medium,Medium,0.0374974198699723,0.03676893573144771,0.92573364439858
12743,21743,Medium,Medium,0.0343149267172371,0.03217072335752767,0.9335143499252352
9065,18065,Medium,Medium,0.03808611577969614,0.03535930223815515,0.9265545819821487
11756,20756,Low,Low,0.13027019856049923,0.810729608327983,0.05900019311151772
36852,45852,Medium,Medium,0.032849754104778243,0.035717168441018854,0.9314330774542028
15465,24465,Low,Low,0.02922024428400442,0.9399266793349085,0.03085307638108722
5135,14135,Medium,Medium,0.03175895547451471,0.03082248954319888,0.9374185549822863
30376,39376,High,Low,0.03484763558710863,0.9228911885590741,0.042261175853817244
6276,15276,Medium,Medium,0.03023236905491844,0.028949487604346746,0.9408181433407349
18835,27835,High,High,0.9345705683568228,0.02976945068150946,0.03565998096166781
13315,22315,High,Medium,0.030300748334715955,0.030897406885828996,0.938801844779455
20889,29889,High,High,0.928965155064128,0.030123814835916186,0.04091103009995581
12641,21641,High,High,0.9324926392902979,0.0332715345505235,0.034235826159178584
19256,28256,Medium,Medium,0.029535027850453772,0.030022561635069517,0.9404424105144767
9751,18751,High,High,0.926092329788541,0.0337571929482254,0.04015047726323371
34065,43065,Low,Low,0.0324370284075825,0.9348468680587843,0.03271610353363331
26423,35423,High,High,0.9363129101940713,0.03053512554524797,0.03315196426068082
19954,28954,Medium,Medium,0.03405636882331066,0.03676408130873971,0.9291795498679497
4975,13975,Medium,Medium,0.03211812881145617,0.0332600379950671,0.9346218331934768
6107,15107,Medium,Medium,0.05212904242929855,0.04309503163940002,0.9047759259313014
36770,45770,Low,Low,0.030655184930138454,0.9248236362410996,0.04452117882876203
28894,37894,Medium,Medium,0.03092925215102345,0.029842587301128515,0.939228160547848
14461,23461,High,High,0.9322709599361906,0.0322627019044511,0.03546633815935826
26157,35157,Medium,Medium,0.033023370313187715,0.03506821668782912,0.9319084129989831
2000,11000,High,High,0.9297278526257253,0.03240139314812201,0.03787075422615273
12260,21260,High,High,0.9399408957767216,0.02797970317902618,0.03207940104425223
13218,22218,Low,Low,0.028722013856530462,0.9380132055239393,0.033264780619530226
4614,13614,Low,Low,0.03884025172112306,0.9284687879596,0.03269096031927684
14832,23832,Low,Low,0.041399328500595856,0.9254385065361171,0.033162164963287055
30540,39540,High,High,0.9395776015378424,0.028321960759217297,0.03210043770294027
30136,39136,Medium,Medium,0.03325079579595341,0.03187504885183574,0.9348741553522109
27822,36822,Low,Medium,0.044289126750760965,0.03410739364751424,0.9216034796017247
14215,23215,Medium,Medium,0.03684661396838996,0.039545636081896846,0.9236077499497132
2428,11428,Medium,Medium,0.030747905487529,0.02973063194871259,0.9395214625637585
12136,21136,High,High,0.9375780697012024,0.03055884873200387,0.0318630815667938
31257,40257,High,High,0.9371982388799373,0.03077530174010433,0.03202645937995834
22367,31367,Low,Low,0.030259205594704398,0.936968612692121,0.032772181713174454
16173,25173,Medium,Medium,0.030470873519955383,0.029145162107521338,0.9403839643725233
15817,24817,Medium,Low,0.029517015117001444,0.938805615446522,0.03167736943647662
36244,45244,Medium,High,0.9336247158650322,0.03122921850469609,0.03514606563027179
525,9525,Medium,Medium,0.03100901325027151,0.030720175102542064,0.9382708116471864
39989,48989,Medium,Medium,0.03077614067791341,0.03049193613876219,0.9387319231833245
2951,11951,High,High,0.9317250491871506,0.03277143781586585,0.03550351299698357
176,9176,Low,Low,0.03150901543121575,0.9321190972900797,0.03637188727870464
9609,18609,High,Medium,0.0315418679438951,0.03274763594443792,0.935710496111667
24132,33132,High,High,0.9386431213426772,0.02947657570690637,0.03188030295041631
4460,13460,Low,Low,0.035555754675312023,0.8825013773938676,0.08194286793082052
38800,47800,Low,Medium,0.03290245459205943,0.0339451134314124,0.9331524319765282
4285,13285,High,High,0.9128512642239274,0.042941984660682976,0.04420675111538968
476,9476,Low,Low,0.03669104338890317,0.9314271953338201,0.03188176127727673
29685,38685,Medium,Medium,0.031248754955598312,0.03184507964450605,0.9369061653998957
8656,17656,Low,Medium,0.03414881570969527,0.03088345701744145,0.9349677272728633
24414,33414,Medium,Medium,0.032253117317963674,0.034431545701670625,0.9333153369803657
12709,21709,Medium,Medium,0.03372865324651326,0.054895289093619654,0.9113760576598672
2822,11822,Medium,High,0.8727183387926957,0.04656685657366427,0.08071480463363995
31245,40245,High,High,0.8237455903037242,0.039459248077022425,0.13679516161925345
31140,40140,High,High,0.9238810429647516,0.03399596635771134,0.04212299067753696
13882,22882,Medium,Medium,0.029990064981849224,0.029853630462490465,0.9401563045556603
10429,19429,Medium,Medium,0.032970769499548934,0.03223382550130379,0.9347954049991474
14038,23038,High,High,0.6131730820146173,0.05619538992910372,0.330631528056279
20042,29042,Medium,Medium,0.03468790837053579,0.034722731203646946,0.9305893604258172
28655,37655,Medium,Medium,0.03825048440808212,0.03309302254333337,0.9286564930485847
23703,32703,Medium,Medium,0.030894033337391855,0.029365794624752865,0.9397401720378552
17997,26997,Medium,Medium,0.03233876357828844,0.03182298494608407,0.9358382514756275
38205,47205,Low,Low,0.03466128498199563,0.9297781036480903,0.03556061136991411
19026,28026,Medium,Medium,0.037985740067361155,0.3039751212763873,0.6580391386562515
24644,33644,Medium,Medium,0.031970799851781355,0.030985313190773994,0.9370438869574446
19011,28011,Medium,Medium,0.03609430311091064,0.036150575339201185,0.9277551215498882
22232,31232,High,High,0.9402691438933047,0.028747939117352267,0.030982916989343027
23689,32689,Medium,Medium,0.04252776955399745,0.030785934333803222,0.9266862961121993
5274,14274,Low,Low,0.028925203352376114,0.9399570816906166,0.03111771495700716
6896,15896,High,High,0.7540624925344309,0.05932441112458542,0.18661309634098353
20671,29671,Medium,Medium,0.03328529794798169,0.032461036920703124,0.9342536651313152
30155,39155,Low,Low,0.028737842592284332,0.9400412256611174,0.03122093174659824
11902,20902,Low,Low,0.03342249183688918,0.825492784869157,0.1410847232939538
39043,48043,Low,Low,0.03276278461866031,0.8894367491169523,0.07780046626438743
2288,11288,Low,Low,0.0314131642158408,0.9298636363889599,0.03872319939519942
804,9804,Medium,Medium,0.045329461981775065,0.03392314214865461,0.9207473958695703
39964,48964,Medium,Medium,0.039880817355853714,0.03879491400522797,0.9213242686389184
25353,34353,High,High,0.9322623434366464,0.033226388774281544,0.034511267789072014
11456,20456,High,High,0.9382953628695301,0.02900189370016157,0.032702743430308406
34244,43244,Medium,Medium,0.03268674231392849,0.030617397872736294,0.9366958598133351
39196,48196,High,High,0.9297424928412719,0.03497407565856193,0.03528343150016621
13349,22349,Medium,Medium,0.03232802755333537,0.030046356586418837,0.9376256158602457
22130,31130,High,High,0.9265419548099834,0.03489163977473972,0.03856640541527689
31075,40075,Low,Low,0.030446826393362696,0.9293944078154421,0.04015876579119521
8555,17555,High,High,0.9343236220189052,0.032954332379721514,0.03272204560137341
20408,29408,Low,Low,0.03035273844540313,0.9326734612349528,0.03697380031964417
30148,39148,Low,Low,0.02882083569691204,0.9402471367194024,0.03093202758368548
11482,20482,Low,Low,0.030919612165347065,0.8929824807695673,0.07609790706508558
34116,43116,Medium,Medium,0.03048670146824796,0.0376798333534964,0.9318334651782557
27088,36088,High,High,0.9360405646312584,0.03154011680221163,0.03241931856652996
38865,47865,Medium,Medium,0.031642268042929717,0.032673080708000554,0.9356846512490696
9523,18523,Medium,Medium,0.03515806217411754,0.04448528163392897,0.9203566561919535
2703,11703,High,High,0.9267869753462868,0.032953043942710654,0.040259980711002535
30577,39577,Medium,Medium,0.04142113374917684,0.030552806041691288,0.9280260602091319
2126,11126,High,High,0.9335650459188183,0.03130993149007882,0.035125022591102846
23229,32229,Medium,Medium,0.03303221808944157,0.03357826399998995,0.9333895179105683
34858,43858,Low,Low,0.029549702017832646,0.9295833206947135,0.04086697728745373
35322,44322,High,High,0.9322127701473416,0.03207306079010134,0.035714169062556984
29992,38992,Medium,Medium,0.03890410374868324,0.0370959130579597,0.9239999831933571
26895,35895,High,High,0.936552061543101,0.03017342874679968,0.03327450971009937
5786,14786,Medium,Medium,0.03439094510529339,0.030525111960000545,0.935083942934706
14345,23345,Medium,Medium,0.031864993211561256,0.031194466121642585,0.9369405406667961
28754,37754,Low,Low,0.030900403315622365,0.9349516730571615,0.03414792362721608
27611,36611,High,High,0.9142849357935509,0.0311598719251603,0.054555192281288876
39074,48074,Medium,Medium,0.03783813749646626,0.03153281923515411,0.9306290432683797
16952,25952,Medium,Medium,0.030428362868630602,0.03192695603764058,0.9376446810937288
15580,24580,Medium,Medium,0.029709957306076756,0.030983448962531135,0.9393065937313921
17577,26577,High,Medium,0.03319539865713289,0.03349117699822757,0.9333134243446395
29153,38153,Low,Low,0.02996964521751691,0.9385911402828592,0.031439214499623974
14634,23634,Low,Low,0.032813483683705576,0.9360770385439375,0.031109477772356956
38959,47959,High,High,0.9352053978533159,0.03212092847556347,0.032673673671120514
16775,25775,High,Medium,0.03578037040316737,0.030929715668485833,0.9332899139283467
17345,26345,High,High,0.9332359102215245,0.03236124787236334,0.034402841906112196
12769,21769,Low,Low,0.03131369050383968,0.9272395744628255,0.041446735033334854
20067,29067,Low,Low,0.032941678434595646,0.9222679554684401,0.044790366096964206
29652,38652,Low,Low,0.029344222973345768,0.9390825089248321,0.03157326810182213
25488,34488,Medium,Low,0.047815138499245374,0.5687232054634214,0.38346165603733323
20328,29328,Medium,High,0.9325267848522639,0.03236549105864722,0.0351077240890887
15678,24678,High,High,0.9324402313865489,0.030576072422124668,0.03698369619132641
34840,43840,Medium,Medium,0.031179891629543904,0.036358839512002486,0.9324612688584536
10720,19720,Medium,Medium,0.028850488541682123,0.028481075361072184,0.9426684360972457
11550,20550,High,High,0.9264806731229385,0.036779274798997015,0.036740052078064564
7797,16797,Medium,Medium,0.035011214216264935,0.0371758388490726,0.9278129469346625
15823,24823,Medium,Medium,0.032514575093445054,0.03200129777512219,0.9354841271314328
12765,21765,High,High,0.934156832865837,0.030456497984417828,0.03538666914974526
39027,48027,High,High,0.9276621159358648,0.03509732745099794,0.0372405566131372
12794,21794,Low,Low,0.028898495497324247,0.9399182180935277,0.03118328640914796
29088,38088,Low,Low,0.03039544008568562,0.9370048175091937,0.03259974240512063
578,9578,Medium,Medium,0.03157553985782346,0.42895134255741363,0.5394731175847629
31884,40884,Medium,Medium,0.034355280422697705,0.032255698361188245,0.9333890212161141
27351,36351,Low,Low,0.039702495658298885,0.9280146995919626,0.03228280474973857
18897,27897,Medium,Medium,0.03212843575487679,0.03334608979274808,0.9345254744523751
33253,42253,Low,Low,0.030807948442193714,0.9352799429302356,0.03391210862757063
37085,46085,Medium,Medium,0.03641003557369566,0.030664966960861934,0.9329249974654426
1874,10874,High,High,0.9343588615728068,0.029837990792417723,0.03580314763477548
28286,37286,Medium,Medium,0.03718497147933438,0.07859795596194136,0.8842170725587243
5669,14669,Medium,Medium,0.12824497491032502,0.04197092127312621,0.8297841038165488
36633,45633,High,Medium,0.03346924202245207,0.030856106750108234,0.9356746512274396
17161,26161,High,High,0.9392787093303127,0.028795177069320346,0.03192611360036695
20375,29375,Medium,Medium,0.031196937374055624,0.03198220226598574,0.9368208603599587
31734,40734,Medium,Medium,0.029283981460379003,0.028485138842066188,0.9422308796975548
5049,14049,High,High,0.9339978356709687,0.0322202497727176,0.033781914556313686
37331,46331,High,High,0.9317048692083131,0.035801755152057316,0.032493375639629576
11494,20494,High,High,0.8940304869165843,0.035959409473073335,0.07001010361034254
31527,40527,Medium,Medium,0.03354563512766889,0.037034753693094315,0.9294196111792368
29241,38241,Medium,Medium,0.03412207288213138,0.03479068765100388,0.9310872394668648
1664,10664,Medium,Medium,0.03297169744382799,0.030120517351065888,0.9369077852051061
30964,39964,High,High,0.9396413381916005,0.02836501990596858,0.031993641902430904
38353,47353,Low,Low,0.04056233970153519,0.9256713195637757,0.03376634073468915
12849,21849,Medium,Medium,0.029484291893043857,0.02877073288066113,0.9417449752262951
20973,29973,High,High,0.9280545572275329,0.035359438989371966,0.036586003783095046
13885,22885,Low,Low,0.03363946598233819,0.9299529470074676,0.036407587010194205
16576,25576,Medium,Medium,0.03382319079995507,0.0909290570895671,0.8752477521104778
25661,34661,Medium,Medium,0.03305276634715088,0.029856994600330644,0.9370902390525185
2567,11567,High,Low,0.03091120826892818,0.9339079279025976,0.03518086382847415
10370,19370,High,High,0.9284999564350617,0.03684162735062469,0.03465841621431368
18878,27878,Low,Low,0.03497628394951691,0.925467475791157,0.039556240259326185
19660,28660,Medium,Medium,0.056321987054806955,0.034351489556658225,0.9093265233885348
4653,13653,Medium,Medium,0.03565946889414033,0.03667632538530748,0.9276642057205522
28905,37905,Medium,Medium,0.03478820965207708,0.03877884258214809,0.9264329477657748
9935,18935,Medium,Medium,0.03486262121882336,0.032573492132907146,0.9325638866482695
11758,20758,Medium,Medium,0.033844169062392314,0.033314444859480145,0.9328413860781274
37537,46537,Medium,Medium,0.03003537694325641,0.02874813755259949,0.9412164855041439
28431,37431,Medium,Medium,0.03438504548830684,0.036058165914253225,0.92955678859744
23602,32602,Medium,Medium,0.031636362252756796,0.03295809290490002,0.9354055448423431
3093,12093,Low,Medium,0.0327116419976684,0.035568604902949504,0.931719753099382
29552,38552,Medium,Medium,0.0331534122350254,0.03454745039312645,0.9322991373718481
873,9873,Medium,High,0.4713616841367543,0.06629391892511259,0.4623443969381332
33013,42013,Low,Low,0.035790484877249874,0.9276216907100908,0.03658782441265932
28578,37578,Medium,Medium,0.03451962129134662,0.030652858058003083,0.9348275206506503
7466,16466,High,High,0.9359036484262289,0.029505741290687948,0.03459061028308316
19360,28360,Low,Low,0.03017207380646893,0.9342840077489726,0.035543918444558516
3490,12490,Medium,Medium,0.03302945854265162,0.03122087497366634,0.9357496664836821
17287,26287,Medium,Medium,0.035106322429156206,0.033242544988439836,0.9316511325824038
307,9307,Medium,Medium,0.03223882645587849,0.031078589584062885,0.9366825839600587
38392,47392,Low,Low,0.03329025397372087,0.9296925632642209,0.03701718276205816
34623,43623,High,Low,0.03728024389665703,0.9287808322096076,0.03393892389373521
21261,30261,High,High,0.9382615565697918,0.028988307049552294,0.032750136380655916
24920,33920,High,Low,0.029363528207927442,0.9389595216162757,0.03167695017579677
6743,15743,Medium,Medium,0.03162345873083081,0.03288926111339261,0.9354872801557765
14103,23103,High,High,0.923905686488058,0.03659192303944733,0.03950239047249456
25538,34538,High,High,0.9358531667576878,0.03026176488644079,0.03388506835587144
18231,27231,Low,Low,0.03425464610022084,0.9311838770404156,0.03456147685936362
18651,27651,High,High,0.9342584504986329,0.03011110307206875,0.03563044642929824
34089,43089,High,High,0.927964507819671,0.035477258090364,0.03655823408996509
9489,18489,Medium,Medium,0.03376765590068901,0.031644952110750656,0.9345873919885603
7783,16783,High,High,0.9361719395988745,0.030027989726255196,0.033800070674870265
33536,42536,Medium,Medium,0.03114282402259333,0.033649080687246535,0.93520809529016
33178,42178,Medium,Medium,0.03832657265831064,0.0312782504029925,0.9303951769386968
4780,13780,Medium,Medium,0.030450403008961416,0.03062442605770474,0.9389251709333338
545,9545,High,High,0.9292683441826646,0.035669631490008964,0.03506202432732644
36695,45695,Medium,Medium,0.032180041316821284,0.03193556610199792,0.9358843925811807
26560,35560,Medium,Medium,0.03348300241754153,0.03181197196848994,0.9347050256139685
7160,16160,Medium,Medium,0.03565767691357106,0.032417361434525595,0.9319249616519034
30201,39201,Low,Medium,0.036803035324907536,0.33796670080065777,0.6252302638744346
2161,11161,Medium,Medium,0.03455666167472523,0.03395957745811631,0.9314837608671583
25451,34451,Medium,High,0.5745922502838768,0.06620261412141891,0.3592051355947043
16230,25230,Medium,Medium,0.030377262812970828,0.03211098609425711,0.9375117510927721
18219,27219,Low,Low,0.043387850444241045,0.9202341649167088,0.036377984639050225
12006,21006,Low,Low,0.029476004947889486,0.9386445060119738,0.031879489040136655
11628,20628,High,High,0.7866085277579821,0.08365865404808202,0.1297328181939358
36578,45578,Medium,Medium,0.03215263698843971,0.03285653890766816,0.9349908241038921
7067,16067,Medium,Medium,0.03785843236996996,0.03492256470930011,0.9272190029207299
23068,32068,Medium,Medium,0.03520934513269578,0.03580794347601716,0.9289827113912871
25605,34605,Medium,Medium,0.03194116338473762,0.034171957625300016,0.9338868789899625
34080,43080,Low,Low,0.029101369510437954,0.9391316699952434,0.031766960494318604
26647,35647,High,High,0.9328208985053417,0.03391056991359723,0.033268531581061
31611,40611,Medium,Medium,0.03132903852134531,0.031511304608725206,0.9371596568699295
29958,38958,Medium,Medium,0.04309959178195954,0.03868878234011503,0.9182116258779254
7345,16345,Medium,Medium,0.03342119812418451,0.03297508706460662,0.933603714811209
19237,28237,Medium,Medium,0.03561136557874726,0.0314490783898817,0.932939556031371
9801,18801,High,High,0.9343336461690749,0.030161355430140414,0.035504998400784554
8652,17652,Medium,Medium,0.031243221034245316,0.030769940586193863,0.9379868383795609
39064,48064,Medium,Medium,0.030931112755063873,0.029492271250883,0.9395766159940532
14242,23242,Low,Low,0.03384056555756786,0.9309084173131429,0.03525101712928913
31936,40936,Medium,Medium,0.03369815441055713,0.0330206350964071,0.9332812104930356
7247,16247,Low,Low,0.03410180112645602,0.933102183414731,0.03279601545881306
27136,36136,High,High,0.9230627794683182,0.03905059203587637,0.037886628495805465
30262,39262,Low,Low,0.03002939781949472,0.9362278061926949,0.03374279598781053
13127,22127,Low,Low,0.03228185559644663,0.9180462815643375,0.04967186283921584
6941,15941,Medium,Medium,0.030584655531724663,0.031040107248999017,0.9383752372192763
5407,14407,Medium,Medium,0.03377972043371146,0.03152633423252769,0.9346939453337608
32232,41232,Medium,Medium,0.0316417965822453,0.03176096722999034,0.9365972361877644
24193,33193,High,High,0.9369237426121955,0.029644023465675236,0.03343223392212918
25445,34445,High,High,0.9379907179135952,0.029055040849836716,0.032954241236568045
20100,29100,High,High,0.857287627499566,0.032793167778594486,0.10991920472183953
9725,18725,Low,Low,0.032274203012968135,0.9344664936988957,0.03325930328813611
3834,12834,Medium,Medium,0.03352922134779391,0.032002280182100364,0.9344684984701058
8037,17037,Medium,Medium,0.04448574060242975,0.03216158358255388,0.9233526758150165
17919,26919,Medium,Medium,0.034328488143082155,0.041312637752138136,0.9243588741047798
33790,42790,Medium,Medium,0.03018405503655801,0.03333479001584496,0.9364811549475971
39487,48487,Medium,Medium,0.03252644796023617,0.03499144110152169,0.9324821109382423
10633,19633,Low,Low,0.031037654664416922,0.9371075036484703,0.031854841687112716
16170,25170,Medium,Medium,0.03120485735890645,0.029743792445844786,0.9390513501952489
36900,45900,Medium,Medium,0.0328505072859864,0.03405730598121601,0.9330921867327976
13764,22764,Medium,Medium,0.04393504561330757,0.03737062554493468,0.9186943288417577
23301,32301,Low,Low,0.03227279234661105,0.9329925010605074,0.03473470659288159
20650,29650,Medium,Medium,0.03054495633811949,0.029703712274216906,0.9397513313876636
13022,22022,High,High,0.9326201767836856,0.032674913201117095,0.034704910015197286
4360,13360,High,High,0.9334526550460779,0.03224243233772497,0.03430491261619718
25998,34998,Medium,Medium,0.035415585874098744,0.03175493330198036,0.9328294808239209
33122,42122,Low,Low,0.06961564489720157,0.8917855860774457,0.03859876902535265
1373,10373,High,High,0.9306741931402117,0.032712614246337375,0.0366131926134507
22015,31015,High,High,0.9235601971701616,0.03212354531223583,0.04431625751760263
36595,45595,Low,Low,0.028651326500452972,0.9399237128655026,0.03142496063404435
4273,13273,High,High,0.9392485583922511,0.029301873484163313,0.0314495681235856
17078,26078,High,Medium,0.046710846230764054,0.0339902230176777,0.9192989307515583
5127,14127,High,High,0.9390075848538523,0.02919920902507617,0.03179320612107155
38149,47149,Medium,Medium,0.029126550741017512,0.029526250361958856,0.9413471988970237
30999,39999,High,High,0.9300522607588162,0.03410194070465017,0.03584579853653366
3926,12926,High,Medium,0.03225360931725775,0.03110811727664814,0.9366382734060942
10115,19115,Medium,Low,0.033615085425843676,0.9319856912922887,0.03439922328186761
1197,10197,Low,Low,0.029027657532118972,0.9356901897934996,0.0352821526743814
2606,11606,Medium,Medium,0.032928195188540454,0.030520593219051678,0.9365512115924078
28240,37240,Medium,Medium,0.038308678814460574,0.04540842820732895,0.9162828929782104
25923,34923,High,High,0.9322085748053267,0.03410917819738174,0.0336822469972915
19450,28450,High,High,0.9324293535863205,0.0332183543087882,0.034352292104891234
3805,12805,Medium,Medium,0.03507311457172202,0.03416695026552317,0.9307599351627549
37407,46407,Low,Low,0.033658874538798934,0.9216463874309632,0.044694738030238074
17810,26810,Low,Low,0.03081178454646759,0.9366058594144694,0.0325823560390631
2307,11307,Medium,Medium,0.030479169017662996,0.02950818994126474,0.9400126410410722
16968,25968,Low,Low,0.04018866549100397,0.9284970244701896,0.031314310038806456
19173,28173,Low,Low,0.030618144409675974,0.9359694416258687,0.033412413964455344
7139,16139,High,High,0.9322989343562882,0.032259217914837233,0.035441847728874605
6043,15043,Medium,Medium,0.037076851920619325,0.040441650833454613,0.9224814972459261
20796,29796,Low,Low,0.03498354546773043,0.9267908369168242,0.03822561761544544
23964,32964,High,High,0.9242257895754385,0.032765413049792365,0.04300879737476912
25748,34748,High,High,0.9389165079094397,0.028233680036957393,0.032849812053602996
21679,30679,Medium,Medium,0.03384014780200367,0.03485583202207727,0.931304020175919
24485,33485,Medium,Medium,0.0403696449912204,0.03267773908671459,0.926952615922065
20863,29863,Low,Low,0.03391217859201246,0.9108644738267849,0.055223347581202585
31032,40032,High,High,0.9045073805815159,0.0328426422850917,0.06264997713339236
34608,43608,Medium,Medium,0.029751646455846114,0.028662805119193353,0.9415855484249605
12055,21055,Medium,Medium,0.036032566496184186,0.05536042281811443,0.9086070106857015
36640,45640,Medium,Medium,0.037255682967844324,0.03165606803574642,0.9310882489964092
8234,17234,High,High,0.9374846757746629,0.030189999790951046,0.03232532443438602
6806,15806,High,High,0.912784178172655,0.05451609107126385,0.03269973075608135
23001,32001,Low,Low,0.02932337411819148,0.9385333342967885,0.032143291585019974
30915,39915,Medium,Medium,0.03238807989394354,0.029620572818286756,0.9379913472877698
35586,44586,Low,Low,0.040521228935707705,0.9005831158832066,0.05889565518108569
33302,42302,High,High,0.9348907371014167,0.030797263863221746,0.03431199903536155
7618,16618,High,High,0.932278642372976,0.034429673864202655,0.033291683762821433
20551,29551,Medium,Medium,0.030366443623293844,0.02977556276955558,0.9398579936071506
650,9650,High,High,0.9346291996169892,0.02955271447038768,0.035818085912623046
8615,17615,Low,Low,0.033061712445186346,0.930487551456951,0.036450736097862695
3591,12591,Low,Low,0.03350157122653238,0.9283856340475255,0.03811279472594204
39913,48913,High,High,0.9386249012014778,0.02935893848774231,0.032016160310779924
7583,16583,High,High,0.9373319428916308,0.029124257413214463,0.03354379969515472
27129,36129,Medium,Medium,0.03179836495056585,0.03017323151076171,0.9380284035386725
28531,37531,Medium,Medium,0.04538375472379343,0.031737482440856,0.9228787628353506
35916,44916,Medium,Medium,0.03628726136839356,0.03697989480774704,0.9267328438238595
12445,21445,Medium,Medium,0.03643464365066305,0.03229710153586077,0.9312682548134762
21764,30764,Low,Low,0.03554796556667494,0.794072733305004,0.17037930112832092
19554,28554,High,High,0.932487288426105,0.034254045485220465,0.03325866608867461
38332,47332,Medium,Medium,0.03185283389644684,0.02910270503961543,0.9390444610639377
8151,17151,High,High,0.9302965464052146,0.031096431898728957,0.038607021696056364
27531,36531,Low,Low,0.03374142016597236,0.9314594406211634,0.03479913921286428
12110,21110,Medium,Medium,0.032649653419065776,0.03564487087126841,0.9317054757096659
7594,16594,Low,Low,0.030793426033220116,0.9378392205469761,0.03136735341980384
9260,18260,Medium,Medium,0.03360480557774252,0.03385895431123336,0.9325362401110242
8670,17670,Medium,Medium,0.03700043865759755,0.03204863780337411,0.9309509235390282
24722,33722,High,High,0.934724285471645,0.03076973064414941,0.03450598388420553
7377,16377,Medium,Medium,0.03555544474998296,0.03387565090473835,0.9305689043452787
31271,40271,Medium,Medium,0.03318396998364804,0.033157477031217915,0.933658552985134
16649,25649,Medium,Medium,0.03501806369545674,0.033242125954190856,0.9317398103503525
24505,33505,Medium,Medium,0.031673318498979815,0.03081132114799265,0.9375153603530274
25426,34426,Medium,Medium,0.03121251670943395,0.03354945719173974,0.9352380260988262
4792,13792,Medium,Medium,0.031751714355740125,0.031464114585838136,0.9367841710584218
27446,36446,Low,Low,0.036937123147972005,0.9300155455675091,0.03304733128451889
3099,12099,Medium,Medium,0.03035565999119282,0.029873334487613742,0.9397710055211933
12602,21602,Low,Low,0.029773171627606745,0.9386751305001768,0.03155169787221645
4028,13028,Medium,Medium,0.031407547783852206,0.029521221949093623,0.9390712302670542
32418,41418,High,High,0.9297349916987891,0.03131238045609246,0.03895262784511846
25955,34955,Medium,Medium,0.033393110845283354,0.03260673225815785,0.9340001568965589
13452,22452,Medium,Medium,0.032672016802717564,0.030888541684936262,0.9364394415123463
13898,22898,Medium,Medium,0.03425759804965811,0.03199450819164845,0.9337478937586935
25874,34874,Low,Low,0.029672813232899803,0.938149684725779,0.0321775020413212
37216,46216,Medium,Medium,0.030375028347525163,0.0313177523187483,0.9383072193337266
35262,44262,Low,Low,0.03191200245628179,0.9275995995413217,0.04048839800239657
17372,26372,Medium,Medium,0.030334196126617582,0.045016201668953204,0.9246496022044292
2682,11682,Medium,Medium,0.03588400183117756,0.03183753365317968,0.9322784645156427
28111,37111,High,High,0.9252715655567788,0.03633855338573885,0.03838988105748232
18242,27242,High,High,0.8210104192375688,0.03651481289259381,0.14247476786983745
22512,31512,Medium,Medium,0.032271099362305884,0.03141652937223771,0.9363123712654565
2255,11255,Medium,Medium,0.03205374868384774,0.029197691791491055,0.9387485595246611
23676,32676,High,High,0.9315068889467614,0.03323383311316736,0.03525927794007131
27735,36735,High,High,0.9188873637236802,0.046899837302761004,0.034212798973558785
25270,34270,Low,Low,0.034857278874272535,0.9317988239728857,0.03334389715284183
9394,18394,Low,Low,0.029272241041680188,0.934947995562068,0.035779763396251794
11789,20789,Medium,Medium,0.03395140737010211,0.0726153590991143,0.8934332335307836
29676,38676,Medium,High,0.9363259546452408,0.030457127805060807,0.033216917549698334
29719,38719,Medium,Medium,0.037743112895919854,0.03293740727355412,0.929319479830526
29800,38800,High,High,0.9328726733057381,0.03114163768813177,0.03598568900613007
33576,42576,Medium,Medium,0.033372605964954526,0.032828387792334525,0.933799006242711
29169,38169,Medium,Medium,0.03070241637437267,0.03213123770932998,0.9371663459162973
32105,41105,Low,Low,0.03498457468501686,0.8519309595087184,0.11308446580626476
7256,16256,Low,Medium,0.030627290622116013,0.03291797224473609,0.9364547371331479
10148,19148,High,High,0.9191945522551981,0.032262751923951075,0.048542695820850836
20529,29529,High,High,0.935276023062059,0.03268853901570962,0.03203543792223134
19569,28569,Medium,Medium,0.035980336284809226,0.033163991565878424,0.9308556721493124
32917,41917,Medium,Medium,0.0355918027533686,0.04938439271596701,0.9150238045306643
30445,39445,Low,Low,0.03828744504723374,0.8932553602931436,0.06845719465962273
36259,45259,Medium,Medium,0.03233797787298095,0.030283722899679857,0.9373782992273392
13175,22175,Medium,Medium,0.03283707896950428,0.03342945306230701,0.9337334679681887
22186,31186,Low,Low,0.030306053136490332,0.923095872523768,0.04659807433974162
27502,36502,Low,Low,0.02972458972140196,0.938531576937586,0.03174383334101189
13847,22847,High,High,0.9373574485327124,0.03024587383655822,0.032396677630729315
36696,45696,Low,Low,0.0352776836885326,0.9189633671304754,0.04575894918099194
30636,39636,Low,High,0.9322096476554472,0.032143296164542985,0.035647056180009816
25651,34651,Low,Low,0.03421309784230411,0.9321029786646547,0.033683923493041196
27209,36209,Medium,Medium,0.035378609552320923,0.03810237371351144,0.9265190167341676
26867,35867,High,High,0.9355235041466815,0.029651838555320404,0.03482465729799806
25066,34066,Low,Low,0.02884435710503717,0.9399509079695747,0.031204734925388177
4424,13424,Low,Low,0.03657801863896581,0.8804295730369839,0.0829924083240504
10133,19133,Medium,Medium,0.04068697753150198,0.03872471986930897,0.9205883025991891
31137,40137,Low,Low,0.03123395457416013,0.932691158244152,0.03607488718168785
33555,42555,High,Medium,0.06018775160906933,0.03565738105876718,0.9041548673321635
30938,39938,Low,Low,0.029488192668293542,0.9371114516762705,0.03340035565543592
26039,35039,Medium,High,0.9386246816968081,0.028599728101647254,0.032775590201544594
39134,48134,High,High,0.921317848801604,0.04523388105765447,0.03344827014074161
17336,26336,High,High,0.9311245816471914,0.030921588730427756,0.03795382962238085
20121,29121,Low,Low,0.030493197388784855,0.9372830428211772,0.03222375979003776
8386,17386,Low,Medium,0.034769162595782964,0.1446677478894187,0.8205630895147985
32633,41633,Medium,Medium,0.032729323669800026,0.02928008040868085,0.937990595921519
30977,39977,Medium,Medium,0.03203366902294868,0.03038029930462256,0.9375860316724287
31013,40013,Medium,Medium,0.03706930828269115,0.043410333104594356,0.9195203586127145
28340,37340,Medium,Medium,0.03162518209476433,0.030658737091492052,0.9377160808137437
11769,20769,Medium,Medium,0.03143680350197146,0.029178053610639684,0.9393851428873888
306,9306,Low,Low,0.03570647087785735,0.9066943285393422,0.05759920058280047
32488,41488,Medium,Medium,0.03358686798960261,0.031035671187136932,0.9353774608232605
30685,39685,Medium,Medium,0.03730873669806358,0.041578120194816014,0.9211131431071204
26226,35226,High,High,0.9255941018908498,0.03583245756229991,0.038573440546850433
10417,19417,Medium,Medium,0.03139142584963687,0.030864331159280566,0.9377442429910826
38049,47049,Low,Low,0.03498813299781251,0.9324604158269884,0.03255145117519912
35609,44609,High,Medium,0.02878002896294707,0.028644299394276273,0.9425756716427767
2256,11256,Low,Medium,0.035453767509231404,0.03179933843063432,0.9327468940601342
33753,42753,Medium,Medium,0.03401741033960722,0.03113411938294509,0.9348484702774478
14843,23843,Medium,Low,0.045753129875700745,0.8939645315280981,0.0602823385962013
9726,18726,Low,Low,0.03195507001749983,0.9346052891236521,0.033439640858847874
16096,25096,Medium,Medium,0.03354631476996927,0.03331843779304316,0.9331352474369875
25089,34089,Low,Low,0.03237803394462879,0.9310988897353383,0.036523076320032904
28010,37010,Low,Low,0.030018305580069335,0.9359354462257032,0.03404624819422746
31098,40098,Low,Low,0.031900204528090954,0.9361839970401,0.031915798431809084
12308,21308,Medium,Medium,0.03208024698303593,0.03150016436066714,0.9364195886562968
7423,16423,High,High,0.9316788955588325,0.03297582177107161,0.03534528267009588
39738,48738,High,High,0.935687686450062,0.03102348234136727,0.03328883120857085
9361,18361,High,High,0.9200623123528401,0.045587021643203475,0.034350666003956365
20477,29477,Low,Low,0.05080523205711964,0.9085776861922846,0.04061708175059559
22177,31177,Low,Low,0.029623627729310764,0.9383914565347492,0.03198491573594017
38612,47612,Medium,Medium,0.03124366416844192,0.036190805488582695,0.9325655303429755
31460,40460,Medium,Medium,0.03401505944569428,0.039772785165159544,0.9262121553891461
434,9434,Medium,Medium,0.03326324992879418,0.030586328365879472,0.9361504217053264
12874,21874,High,High,0.9275070735511911,0.030603016674005373,0.0418899097748035
36044,45044,High,High,0.9288738642091038,0.03141234380628155,0.03971379198461462
22535,31535,Medium,Medium,0.029194204923969225,0.028783973731241305,0.9420218213447895
39774,48774,Medium,Medium,0.03247774064127734,0.03040810167715573,0.937114157681567
12085,21085,High,High,0.9309075252485345,0.031759710902885284,0.037332763848580135
34546,43546,Low,Low,0.02981154108347905,0.936690482896152,0.03349797602036903
3445,12445,Medium,Medium,0.04615465866775503,0.03384269389712743,0.9200026474351176
25024,34024,High,High,0.9329289912981075,0.03378407276154092,0.03328693594035167
1399,10399,Medium,Medium,0.03092273157958106,0.03283306539624126,0.9362442030241777
14497,23497,Low,Low,0.03054522913581144,0.9348031410827633,0.03465162978142531
24534,33534,Medium,Medium,0.0314209961024347,0.03047603088448239,0.9381029730130829
8823,17823,Low,Low,0.02969157972703056,0.9388486298539549,0.031459790419014554
21260,30260,Medium,Medium,0.13979063450772322,0.03433045546699824,0.8258789100252786
37338,46338,Low,Low,0.031613341948184825,0.936191862067341,0.03219479598447422
20618,29618,Medium,Medium,0.042697302983531325,0.04468488226875236,0.9126178147477163
19115,28115,Medium,Medium,0.03348530686084083,0.03257865897719633,0.9339360341619628
20922,29922,Medium,Medium,0.05688906381555934,0.03501511644455727,0.9080958197398834
12513,21513,Medium,Medium,0.0304892802311731,0.034472013001805385,0.9350387067670215
36359,45359,High,High,0.9364407886145294,0.03171006863063087,0.0318491427548399
12164,21164,High,High,0.9275328852574667,0.035678776200783635,0.03678833854174968
3094,12094,Medium,Medium,0.04639060503909193,0.21676382835801414,0.7368455666028938
25631,34631,Low,Low,0.03546079929600874,0.9316556284940364,0.03288357220995504
11987,20987,Medium,Medium,0.03780870735761061,0.04019296864504957,0.9219983239973398
10963,19963,Medium,Medium,0.03923461907358855,0.036147022702610866,0.9246183582238006
8161,17161,Low,Low,0.03302318128201822,0.9223424553863516,0.04463436333163023
12489,21489,High,High,0.9243952320874014,0.03076684822627557,0.04483791968632306
6244,15244,Medium,Medium,0.03135170204381376,0.031055546838721707,0.9375927511174647
38195,47195,Medium,Medium,0.030310636873821684,0.029363226099736545,0.9403261370264419
27365,36365,Low,Low,0.030238509716814518,0.9364840603051171,0.0332774299780683
29258,38258,Medium,Medium,0.0428507664745231,0.037495561529387315,0.9196536719960896
17611,26611,Low,Low,0.029217463203329352,0.9392619817855522,0.03152055501111854
22331,31331,Medium,Medium,0.03525063504207051,0.06470640512094336,0.9000429598369862
21607,30607,Medium,Medium,0.03451288318130106,0.029718955106424232,0.9357681617122746
9899,18899,Low,Low,0.029131372276888095,0.936766630152106,0.03410199757100591
27036,36036,High,High,0.9342786423790198,0.03221277442656099,0.03350858319441911
31887,40887,Medium,Medium,0.0352575752190623,0.32376560860987624,0.6409768161710615
26607,35607,High,High,0.9313701192719724,0.03577964050671074,0.03285024022131676
30224,39224,Medium,Medium,0.030594527752270142,0.03183730973977108,0.9375681625079588
7595,16595,Medium,Medium,0.04219668784416155,0.0378910437491955,0.9199122684066429
1280,10280,Medium,Medium,0.03551026530463434,0.031451052889121804,0.9330386818062438
2961,11961,Medium,High,0.9329942366672962,0.031351040524534114,0.035654722808169774
15661,24661,Medium,Medium,0.030016674610912192,0.030125865594944592,0.9398574597941433
4332,13332,Medium,Medium,0.03793990125207706,0.04284303839810738,0.9192170603498155
21740,30740,Low,Low,0.02989740232604333,0.9354430866655821,0.034659511008374506
15736,24736,Low,Low,0.03288739781187414,0.9326767740027,0.03443582818542581
9088,18088,High,Medium,0.4026564208827903,0.05353350908807286,0.5438100700291368
6788,15788,High,High,0.9328500492004942,0.03224700122440371,0.03490294957510203
18081,27081,Low,Low,0.03972972281210479,0.9193190205303955,0.040951256657499595
19986,28986,Low,Low,0.033976236953380305,0.9309383399559561,0.035085423090663544
28322,37322,High,High,0.9327650721005324,0.030523005417376625,0.036711922482090965
36830,45830,Medium,Medium,0.03311509808144906,0.03081522028907362,0.9360696816294772
34057,43057,Low,Low,0.03331764897126429,0.8941235565919622,0.07255879443677356
618,9618,High,High,0.9341152950790604,0.029476895768699052,0.036407809152240594
3618,12618,Medium,Medium,0.04901255829527107,0.03887012380670273,0.9121173178980263
5167,14167,High,High,0.8999801557559263,0.032501472652622654,0.067518371591451
25623,34623,Low,Low,0.03226341596997328,0.9156502092273885,0.05208637480263823
7841,16841,Low,Low,0.029959754671578676,0.9314367792288492,0.038603466099572166
28290,37290,Medium,Medium,0.032673396087660754,0.031716438961054194,0.9356101649512851
39546,48546,Medium,Medium,0.03183999959576514,0.0324237499294199,0.935736250474815
15761,24761,Low,Medium,0.030344160193340533,0.03534533868772662,0.9343105011189329
5295,14295,Medium,Medium,0.03408970768391859,0.06607651913166765,0.8998337731844138
25849,34849,High,High,0.9347229440905235,0.031239125719358135,0.034037930190118366
33104,42104,High,High,0.9313016525727847,0.03320812228901457,0.03549022513820068
21468,30468,High,High,0.9298087925067815,0.03305856371900273,0.03713264377421583
32462,41462,Medium,Medium,0.031222989555671793,0.030476749152242955,0.9383002612920852
9539,18539,High,High,0.9325212059866624,0.034879647637231455,0.03259914637610604
3520,12520,High,Medium,0.030533709290485187,0.02938284186364209,0.9400834488458726
16093,25093,High,High,0.9331514274327474,0.031063915044484264,0.03578465752276845
38667,47667,Low,Low,0.033063321171270504,0.9357605005018627,0.03117617832686694
22660,31660,Medium,Medium,0.0349703019313836,0.03187283140159775,0.9331568666670188
32949,41949,Low,Low,0.030223458470443786,0.9321793433484308,0.03759719818112548
1170,10170,High,High,0.9386434026483156,0.028881299883747474,0.03247529746793701
23705,32705,Low,Low,0.0334666115439086,0.9341885435914351,0.032344844864656296
5186,14186,High,High,0.9363758729807405,0.031413165117396114,0.03221096190186324
10906,19906,High,High,0.9304463301329334,0.03243928808271856,0.037114381784348
14079,23079,Medium,Low,0.03842837298987387,0.6087075354279012,0.3528640915822248
20256,29256,High,High,0.93549934683583,0.031469602084229616,0.03303105107994028
19045,28045,Medium,Medium,0.03354537457071769,0.03636348501710681,0.9300911404121756
35237,44237,Medium,Medium,0.05914361790484792,0.03526256561197399,0.905593816483178
39404,48404,Medium,Medium,0.030497429172625462,0.02951700085522471,0.9399855699721499
18000,27000,High,High,0.937625122930314,0.029790149684219048,0.03258472738546698
23824,32824,Low,Medium,0.039770056031327876,0.03236385963135987,0.9278660843373122
38673,47673,High,High,0.9357650602083473,0.031004158193124465,0.033230781598528214
25148,34148,High,High,0.9370584128141536,0.029852453049597893,0.03308913413624862
5064,14064,Medium,Medium,0.03135861682021534,0.03046067050560679,0.9381807126741778
33145,42145,Medium,Medium,0.0433387292400447,0.043123279068009564,0.9135379916919457
14030,23030,Medium,Medium,0.03263630614954409,0.030654918870668013,0.9367087749797879
22284,31284,High,High,0.9297580696225166,0.03261101687887047,0.037630913498612965
37447,46447,Low,Low,0.032524955901748594,0.9292680351438687,0.038207008954382865
15059,24059,Low,High,0.9358234536638806,0.02925591363963012,0.03492063269648932
12031,21031,Low,Low,0.04509495934162614,0.9202185762031863,0.034686464455187645
30281,39281,Medium,Medium,0.07907269465553386,0.39770564195211655,0.5232216633923495
466,9466,Medium,Medium,0.030177464414727517,0.04485816381085845,0.924964371774414
33669,42669,High,High,0.9403835136393832,0.02861737300087616,0.030999113359740465
37456,46456,Low,Low,0.044073087471928875,0.9143153607581774,0.041611551769893625
17631,26631,Medium,Medium,0.03938363296917753,0.03819045985452144,0.9224259071763009
29675,38675,Medium,Medium,0.03378368230632425,0.04187775751439874,0.924338560179277
30570,39570,Medium,Medium,0.03430209861716333,0.03597935414349107,0.9297185472393455
28302,37302,Medium,Medium,0.036038617779342884,0.03272504061883088,0.9312363416018262
17151,26151,Low,Low,0.029486795821561673,0.9380474143486465,0.032465789829791876
23970,32970,Medium,Medium,0.03178191872383026,0.03651528752006303,0.9317027937561068
26759,35759,High,High,0.9281286547233387,0.031231421989239578,0.04063992328742184
22247,31247,Medium,Medium,0.03586546196578485,0.04159646731367199,0.9225380707205432
27876,36876,High,Medium,0.02962518966299293,0.030409904396572002,0.939964905940435
21038,30038,Medium,Medium,0.038667798887755726,0.13742765692082778,0.8239045441914165
15091,24091,High,High,0.9328271910482785,0.03174294342229098,0.03542986552943044
14950,23950,Low,Medium,0.029799193311510822,0.030876633366487705,0.9393241733220016
2671,11671,Medium,Medium,0.030000289731989194,0.034414476258811784,0.9355852340091989
10131,19131,Medium,Medium,0.035549973736705626,0.03836708943481505,0.9260829368284793
31310,40310,Medium,Medium,0.04539008959694991,0.03629616350647268,0.9183137468965774
5601,14601,Medium,Medium,0.0287015713737617,0.028349893455439968,0.9429485351707982
37327,46327,Low,Low,0.038119248892843904,0.9223665572886123,0.039514193818543826
11513,20513,Low,Low,0.02931983778598186,0.9328255824333151,0.03785457978070287
30479,39479,High,High,0.9324017127803019,0.030849805335421546,0.036748481884276415
33686,42686,Medium,Medium,0.030530082457075194,0.0292030537646281,0.9402668637782967
26642,35642,High,Medium,0.03131355328660494,0.03455718491983236,0.9341292617935625
5910,14910,Medium,Medium,0.04789198080052861,0.04375093068604036,0.908357088513431
23623,32623,Medium,Medium,0.032506858606570876,0.02951763466579199,0.9379755067276371
35442,44442,Low,Low,0.058982859912567874,0.8984390624808526,0.04257807760657953
27703,36703,Medium,Medium,0.031092323688212933,0.04056796439036103,0.9283397119214261
30646,39646,Medium,Medium,0.05564418358918382,0.04980378769714978,0.8945520287136665
1903,10903,Medium,Medium,0.03493760117511104,0.030009902383257427,0.9350524964416316
13041,22041,High,High,0.9246565442371139,0.033250031625484046,0.042093424137402115
21756,30756,Medium,Medium,0.02924042032844183,0.028682264247388855,0.9420773154241694
32901,41901,Medium,Medium,0.0309717769723552,0.03303841988306903,0.9359898031445758
25246,34246,Medium,Medium,0.034739920853994445,0.03073417989380334,0.9345258992522023
36449,45449,Low,Medium,0.03297023925332355,0.054981483991436673,0.9120482767552399
7400,16400,Low,Low,0.029358774349488987,0.9386403636080948,0.032000862042416235
34117,43117,Medium,Medium,0.04394225937483465,0.030806984244006963,0.9252507563811584
19804,28804,Medium,Medium,0.03249001132939131,0.03073747617839694,0.9367725124922117
39078,48078,Medium,Medium,0.034466981368517925,0.031600710554886155,0.9339323080765961
27244,36244,Low,Low,0.031468786350764395,0.9363877976635183,0.03214341598571726
19578,28578,High,Medium,0.0348723075830275,0.03131520177952716,0.9338124906374454
25703,34703,Medium,Medium,0.0388477330155256,0.03444780441551085,0.9267044625689635
25136,34136,Low,Low,0.03804365667191701,0.9016821858547929,0.0602741574732902
6882,15882,Medium,Medium,0.034881675717990494,0.035209601047298617,0.9299087232347109
18447,27447,High,High,0.9205487239233237,0.03689277355200462,0.042558502524671804
13603,22603,Medium,Low,0.033455784420148425,0.9331534457791916,0.033390769800660004
23276,32276,Low,Low,0.030171648943254973,0.933713375726254,0.03611497533049093
36561,45561,Low,Medium,0.04921329258868425,0.19615036672711303,0.7546363406842027
13029,22029,Medium,Medium,0.04038272649827764,0.03208069266875881,0.9275365808329635
24153,33153,Low,Low,0.03048409843149956,0.9338550495588517,0.035660852009648664
21968,30968,Medium,Medium,0.033529543411580424,0.034006708532588664,0.9324637480558309
21356,30356,High,High,0.9322232253197532,0.03434329457351202,0.0334334801067347
36502,45502,Medium,Medium,0.030727435965560112,0.03348094392288753,0.9357916201115524
24007,33007,Medium,Medium,0.06678464681853731,0.031352453594770104,0.9018628995866925
3688,12688,Medium,Medium,0.029962783069812756,0.03109903670877338,0.938938180221414
687,9687,Medium,Low,0.030936440013078475,0.933041920721497,0.03602163926542447
14849,23849,Low,Low,0.029927078162082326,0.9291657805563448,0.04090714128157291
14111,23111,Low,Low,0.03163464548979915,0.9224721283309636,0.04589322617923733
34406,43406,Medium,Medium,0.03636190597081453,0.034381086272934604,0.9292570077562509
6957,15957,High,High,0.9364523576570072,0.02876194106311666,0.03478570127987609
26775,35775,Medium,Medium,0.02963808338475109,0.029722040116399562,0.9406398764988494
18432,27432,High,High,0.9355605892176113,0.029167712741436518,0.03527169804095203
31761,40761,Medium,Medium,0.0394042508422885,0.4152308011305599,0.5453649480271516
26823,35823,Medium,Medium,0.037797604757818154,0.035050128168763496,0.9271522670734184
19616,28616,Medium,Medium,0.03241285700118249,0.03335688066142951,0.934230262337388
24745,33745,Medium,Medium,0.0342363038268099,0.21611155864438017,0.7496521375288099
18191,27191,Medium,Medium,0.0505315051549465,0.0577470121859858,0.8917214826590677
12179,21179,High,High,0.9366079415506908,0.030717497490642443,0.032674560958666644
3479,12479,Medium,Medium,0.03310899504742224,0.03418923324789091,0.9327017717046869
34164,43164,Low,Low,0.0390043572756515,0.9180660935891479,0.042929549135200605
30048,39048,Medium,Medium,0.03263571902566309,0.037580180036488095,0.9297841009378488
25460,34460,High,High,0.8831331367116694,0.029790539343539552,0.08707632394479108
25213,34213,Medium,Medium,0.030535730374250475,0.032591726504170256,0.9368725431215793
16198,25198,High,High,0.845388423066003,0.03968111156762293,0.11493046536637387
15215,24215,Low,Low,0.03342594855553421,0.9222388982589876,0.04433515318547826
29603,38603,Medium,Medium,0.03290542602709058,0.030576508460148033,0.9365180655127613
30338,39338,High,High,0.9327597679655509,0.0353288286744138,0.03191140336003523
32445,41445,High,High,0.9384617027416152,0.029409367957183945,0.03212892930120095
16577,25577,Medium,Medium,0.03393221836479506,0.03635222684317898,0.9297155547920259
25705,34705,High,High,0.6424335203457211,0.06366927244715155,0.2938972072071275
17954,26954,Low,Medium,0.041945928271361475,0.03830515134310719,0.9197489203855315
19363,28363,Medium,Low,0.029282727415461784,0.9379078590596542,0.03280941352488398
13792,22792,Medium,Medium,0.03609636876109123,0.03324071388544738,0.9306629173534615
28822,37822,Low,Low,0.034300901110053635,0.7227234401391988,0.24297565875074756
3064,12064,Low,Low,0.029309137310780636,0.937884105145934,0.032806757543285325
37812,46812,Medium,Medium,0.2121165589486694,0.053384362740644085,0.7344990783106865
16967,25967,Low,Low,0.02905444846063414,0.9389881594333079,0.03195739210605805
24148,33148,High,High,0.9331280423861082,0.03144281128621427,0.03542914632767758
21222,30222,High,High,0.9376638736719727,0.029971196497424402,0.03236492983060295
8924,17924,Low,Low,0.036764828532329284,0.9299427311097282,0.03329244035794247
36709,45709,Medium,Medium,0.046042077972542485,0.03535640747559815,0.9186015145518592
39755,48755,Medium,Medium,0.033876632239456785,0.03298961010086138,0.9331337576596818
38541,47541,Medium,Medium,0.03234859646570282,0.029858602092737763,0.9377928014415596
25058,34058,Medium,Medium,0.03267534968055896,0.030081527899918057,0.937243122419523
36872,45872,Medium,Medium,0.050249269998103134,0.0650191747151439,0.884731555286753
18858,27858,Low,Low,0.02971559435507899,0.9385742053283272,0.0317102003165937
10967,19967,Low,Low,0.0456445476140038,0.9023220191305464,0.05203343325544984
26769,35769,Medium,Medium,0.03621269520673844,0.029939385407351523,0.93384791938591
14056,23056,Medium,Medium,0.03563214953785387,0.046577857272398104,0.9177899931897481
3825,12825,Medium,Medium,0.03216166607278817,0.06500107949619834,0.9028372544310135
16016,25016,Medium,Medium,0.030139499911791445,0.03671190886338479,0.9331485912248239
33064,42064,High,High,0.9301205050312049,0.03520655603387555,0.0346729389349195
22451,31451,Medium,Medium,0.037157166741615434,0.033816452768652035,0.9290263804897325
39274,48274,High,High,0.9275013965650598,0.03714096620687946,0.03535763722806067
30178,39178,Medium,Medium,0.03528861183227867,0.03412761459686858,0.9305837735708528
29825,38825,High,High,0.9296599550994841,0.03417462906808364,0.03616541583243222
17793,26793,High,High,0.9362494550692668,0.030090656658393482,0.033659888272339705
1584,10584,Low,Low,0.030893310015646325,0.9338020015153913,0.035304688468962495
23318,32318,High,High,0.8988186134112119,0.06068416646447694,0.04049722012431111
23206,32206,High,High,0.9248757474503554,0.032829573425330466,0.04229467912431425
1022,10022,Low,Low,0.0340555545250211,0.9264686442258273,0.03947580124915152
27542,36542,High,High,0.932862532233698,0.029614443463293616,0.03752302430300845
18933,27933,Low,Low,0.034320121075293426,0.9342727759164386,0.03140710300826795
36639,45639,High,High,0.9290964661945411,0.038205511226479465,0.032698022578979434
32728,41728,Medium,Medium,0.04068103337581979,0.030932017792482166,0.9283869488316979
33395,42395,Medium,Medium,0.032768822241084086,0.09950960890859468,0.8677215688503214
3167,12167,Medium,Medium,0.04860317457580963,0.035974452797255106,0.9154223726269354
33491,42491,Low,Low,0.03247764675770103,0.9327378863081169,0.03478446693418204
770,9770,Medium,Medium,0.033072913189933405,0.030659970703967993,0.9362671161060986
9015,18015,Low,Low,0.03015753052478243,0.9388570542335835,0.03098541524163417
17246,26246,High,High,0.9401101026319526,0.028017373376766432,0.031872523991280884
15294,24294,Medium,Medium,0.03078481988762327,0.028623574639718957,0.9405916054726577
19006,28006,High,Medium,0.039394538706458336,0.035197125135748075,0.9254083361577937
25842,34842,Medium,Medium,0.03397983983535352,0.033609875676476324,0.9324102844881702
13749,22749,High,High,0.9408522525461844,0.028164463551530097,0.03098328390228552
16290,25290,Medium,Medium,0.05041738417126403,0.03824711615635724,0.9113354996723787
35739,44739,Medium,Medium,0.03386171819327253,0.03010236135243596,0.9360359204542915
15882,24882,Low,Low,0.03199912322048044,0.9289723391307726,0.039028537648746954
25848,34848,Low,Low,0.030229597345386786,0.9346634080619601,0.035106994592653054
31070,40070,Low,Low,0.029355513348168962,0.937083303030799,0.03356118362103195
8238,17238,Medium,Medium,0.033721215344699185,0.051280616506463796,0.9149981681488372
18057,27057,Medium,Medium,0.033978772974877045,0.034611930506004425,0.9314092965191185
7161,16161,Medium,Medium,0.03410142034942653,0.03420968694268838,0.9316888927078852
38781,47781,Medium,Medium,0.032060193863806985,0.031713252798010176,0.9362265533381828
28834,37834,Medium,Medium,0.03419217841850297,0.03156675755572099,0.934241064025776
10521,19521,Medium,Medium,0.03310174572729461,0.0335252689728308,0.9333729852998746
17555,26555,High,High,0.9377371942156861,0.029145288823359067,0.03311751696095474
38463,47463,Medium,Medium,0.031827198526452986,0.03510082319978163,0.9330719782737654
28014,37014,High,High,0.9340929626964942,0.03185299732013878,0.03405403998336695
5308,14308,Medium,Medium,0.03234128465085855,0.030680742412236322,0.936977972936905
20182,29182,High,High,0.869362264345961,0.08006753031902893,0.05057020533501006
5900,14900,Low,Low,0.03180257295575268,0.9272561422516947,0.04094128479255257
3190,12190,Low,Low,0.03072135933591813,0.9345830181503594,0.03469562251372254
18195,27195,Medium,Medium,0.03493736521975587,0.10703882743117099,0.8580238073490731
27901,36901,Low,Low,0.030629066162176765,0.930951070331802,0.03841986350602118
28829,37829,Low,Medium,0.03969734213725579,0.03756501519262237,0.9227376426701218
12548,21548,Medium,Medium,0.03246682133414202,0.03467638861025981,0.9328567900555983
22020,31020,Medium,Medium,0.03981459816961785,0.030797099366390055,0.9293883024639921
31815,40815,Low,Low,0.0416224983931598,0.9253659307854001,0.0330115708214401
5029,14029,Medium,Medium,0.033090130606561304,0.033168610365936754,0.9337412590275019
3200,12200,High,High,0.9149530582954326,0.042332416261898105,0.04271452544266927
24973,33973,Low,Low,0.02929273212180619,0.9383828825432184,0.032324385334975246
16950,25950,Medium,Medium,0.03300611481706494,0.02868983969455505,0.9383040454883801
3533,12533,Medium,Medium,0.03834407387451202,0.034734934978874046,0.926920991146614
33501,42501,High,High,0.9187743442710327,0.03934688004192852,0.041878775687038856
21391,30391,High,High,0.9369520401239493,0.03015033097627302,0.032897628899777695
5194,14194,High,High,0.9019089141296538,0.03301310844361083,0.06507797742673545
24567,33567,High,Medium,0.03743467690759194,0.03228152534544284,0.9302837977469652
24853,33853,High,High,0.9390854818337145,0.029112605727287355,0.031801912438998124
30926,39926,High,High,0.918615992524308,0.04745963732923695,0.03392437014645505
34472,43472,Medium,Medium,0.03269910792880835,0.03412615193242797,0.9331747401387637
39324,48324,Low,High,0.9332324574091366,0.031715265498486765,0.03505227709237646
19991,28991,High,High,0.9395778210786832,0.028084359321164487,0.03233781960015245
21262,30262,Medium,Medium,0.031776721113055496,0.03624301653356018,0.9319802623533843
19820,28820,Medium,Medium,0.04685798348874276,0.031207296749386566,0.9219347197618705
20625,29625,High,High,0.9338531456141764,0.031412229109788366,0.03473462527603514
21173,30173,High,High,0.9378261519456587,0.029073182473289286,0.033100665581052145
20834,29834,Low,Low,0.0361653026972939,0.8905734794411693,0.07326121786153676
36939,45939,Medium,Medium,0.034350136927041995,0.031558029037240136,0.9340918340357179
39957,48957,High,High,0.9388714758399632,0.029302397213256576,0.03182612694678027
16476,25476,Medium,Low,0.03386122476347778,0.5029338879876425,0.4632048872488797
28294,37294,Low,Low,0.028606299541276827,0.9396049024402792,0.031788798018443996
7337,16337,Low,Low,0.029867106836097973,0.9363395982559956,0.03379329490790648
25673,34673,High,High,0.9339793225091607,0.0316162652273514,0.03440441226348786
39836,48836,High,High,0.9353148551734877,0.031171897941667134,0.03351324688484512
31266,40266,Low,Low,0.03650901564899995,0.8594318533936963,0.10405913095730383
19993,28993,High,Low,0.030000076362506883,0.937660788952377,0.03233913468511604
21887,30887,Medium,Medium,0.031496734987955834,0.029732307058106477,0.9387709579539377
37863,46863,High,High,0.9326527199687683,0.03223889029699619,0.03510838973423539
38884,47884,Low,Low,0.03726302807475412,0.9284266030768266,0.03431036884841939
9157,18157,Medium,High,0.8797378575747204,0.03429555578966547,0.08596658663561396
14186,23186,Low,Low,0.030210097072803244,0.9356556883516234,0.034134214575573474
10396,19396,Low,Low,0.032438027061192816,0.9341397970939314,0.0334221758448759
28429,37429,Medium,Medium,0.03603147245130423,0.07255172123803172,0.891416806310664
10645,19645,Medium,Medium,0.030428527878099593,0.028752841432932247,0.9408186306889682
36084,45084,Medium,Medium,0.03391640386168226,0.03091132047176526,0.9351722756665525
29811,38811,Low,Low,0.028881247024121873,0.9369564166200156,0.03416233635586249
34215,43215,High,High,0.9395838276806235,0.028056996144464972,0.032359176174911436
38346,47346,Low,Low,0.030546458121588113,0.9322576304798629,0.03719591139854895
19682,28682,Medium,Medium,0.03151069839040106,0.030421269210405055,0.9380680323991939
25378,34378,Medium,Medium,0.03218188382324013,0.03134588071429035,0.9364722354624694
36694,45694,High,High,0.9374049826123466,0.029171644018299126,0.033423373369354296
18177,27177,Medium,Medium,0.03152205297657868,0.03270810692020883,0.9357698401032125
17350,26350,High,High,0.9334307489815657,0.03078492229451316,0.03578432872392095
26026,35026,Low,Low,0.033727349098657315,0.9319729905839318,0.03429966031741083
17686,26686,High,High,0.932545918398008,0.030543770371002765,0.03691031123098923
12647,21647,Low,Low,0.04207034905094336,0.9249489800386405,0.03298067091041628
17988,26988,Low,Low,0.04162733708065264,0.7989791680574913,0.15939349486185614
990,9990,Medium,Medium,0.03248878937452144,0.03029974999295008,0.9372114606325285
38435,47435,Medium,Medium,0.031745653418397336,0.03055489741175645,0.9376994491698462
22196,31196,Medium,Low,0.03635890648724879,0.813239766470038,0.1504013270427131
21773,30773,High,High,0.9342910190418919,0.03410440307640931,0.03160457788169873
13557,22557,High,High,0.929462213435097,0.03243230665797993,0.03810547990692307
13118,22118,Medium,Medium,0.029807649952549784,0.030478431663199846,0.9397139183842503
14812,23812,Medium,Medium,0.03035918906790062,0.0299451170343072,0.9396956938977922
22687,31687,Low,Medium,0.04338521285887209,0.04144687566210794,0.91516791147902
19262,28262,Medium,Medium,0.034128015144544305,0.1928891902846377,0.7729827945708179
11311,20311,Medium,Medium,0.032509259434814024,0.07680068107419386,0.8906900594909922
37813,46813,Medium,Medium,0.045147656020625544,0.03730819958321461,0.9175441443961598
17589,26589,Medium,Low,0.029552883918241016,0.936872124133236,0.03357499194852309
28709,37709,Medium,Low,0.04249716191823787,0.7121945490061435,0.24530828907561855
39883,48883,Low,Low,0.03700104794905181,0.9194221152714541,0.04357683677949407
6573,15573,Medium,Medium,0.036157636114721996,0.040972953030963134,0.9228694108543148
19037,28037,Low,Low,0.03877358810006326,0.6609624061416933,0.30026400575824336
19721,28721,Low,Low,0.03356911639757742,0.7473295016315986,0.21910138197082396
4514,13514,High,High,0.9287731981473137,0.03430567965389176,0.036921122198794544
6481,15481,Low,Low,0.032515480676919804,0.9329099918612725,0.03457452746180773
25609,34609,Medium,Low,0.02884449976678632,0.9384773277561869,0.03267817247702682
31747,40747,Medium,Medium,0.0659866914244563,0.05654667649494238,0.8774666320806013
27727,36727,Low,Low,0.02941553908709096,0.9338068956624825,0.036777565250426525
10825,19825,Low,Low,0.04810304050755338,0.917638740015485,0.03425821947696172
30666,39666,High,High,0.9322251286344242,0.03147354770180764,0.036301323663768266
12026,21026,Low,Low,0.02873056761159271,0.9402058471492388,0.031063585239168568
35338,44338,Low,Low,0.035464021634755365,0.9226075609914591,0.0419284173737856
6737,15737,Medium,Medium,0.03355078777238013,0.030773198466455487,0.9356760137611645
35182,44182,Low,Low,0.03370696362649588,0.9313620134603485,0.034931022913155516
5019,14019,Low,Low,0.030864099582347305,0.9369995560907628,0.0321363443268898
13086,22086,Low,Low,0.029585059744490067,0.9271261135148996,0.043288826740610464
20238,29238,Low,Low,0.04067528691076967,0.9272974640260131,0.0320272490632171
2806,11806,High,High,0.9283153974611434,0.03459864112380733,0.03708596141504921
39647,48647,Low,Low,0.0312592512737041,0.9350059209728775,0.033734827753418406
13116,22116,Medium,Medium,0.034713015203664536,0.19789989798325122,0.7673870868130842
11061,20061,Medium,Medium,0.03800721453416337,0.07023361038207826,0.8917591750837582
14986,23986,Low,Low,0.03032862000029082,0.9355333367920305,0.03413804320767861
4828,13828,Low,Low,0.03200640376670035,0.9271364807193324,0.040857115513967195
5868,14868,Medium,Medium,0.03160886708488331,0.03152299180579044,0.9368681411093261
22665,31665,High,High,0.9370331405225985,0.030042470844134823,0.03292438863326683
26502,35502,Medium,Medium,0.03556864900257318,0.031632868919461495,0.9327984820779655
516,9516,Medium,Medium,0.03259055661080511,0.028880965106223455,0.9385284782829716
1378,10378,Medium,Low,0.030934565655888355,0.9368215112406538,0.032243923103457785
4117,13117,Medium,Medium,0.06286802852944152,0.06295044207219845,0.87418152939836
2787,11787,Low,Low,0.040195933380642423,0.91882206226409,0.04098200435526756
11934,20934,Medium,Medium,0.04587300063115659,0.06572561502350584,0.8884013843453374
23614,32614,Low,Low,0.02864071013651076,0.9407561866552901,0.030603103208199072
23098,32098,Low,Low,0.032851779012691394,0.9328378079464784,0.03431041304083002
39970,48970,Medium,Medium,0.03692178247715555,0.4068426875668272,0.5562355299560172
24053,33053,High,High,0.9343047651381938,0.029816736223563383,0.0358784986382428
9768,18768,Medium,Medium,0.030153083006067147,0.028815347209057773,0.941031569784875
34149,43149,Medium,Medium,0.036150553301401385,0.03481014712062759,0.9290392995779709
16320,25320,High,High,0.9385081629472724,0.02919641748450355,0.03229541956822423
15372,24372,Low,Low,0.0333290225696433,0.931637902919047,0.035033074511309596
29483,38483,Medium,Medium,0.030037960615372755,0.037595536733706886,0.9323665026509204
20793,29793,High,High,0.929496942557385,0.033275392289968904,0.03722766515264609
22219,31219,Medium,Medium,0.035032276638341804,0.03079360618030542,0.9341741171813528
21251,30251,Medium,High,0.9285633565861887,0.033970548172165466,0.037466095241645785
39171,48171,Low,Low,0.03176871967793756,0.9173174711411596,0.05091380918090289
13113,22113,Medium,Medium,0.030632520643136252,0.03024573873625838,0.9391217406206054
12446,21446,Medium,Medium,0.02886950780945685,0.02940911911578592,0.9417213730747572
11561,20561,Medium,Medium,0.032367349798470675,0.03434329592631355,0.9332893542752156
24546,33546,High,High,0.9357089831469226,0.030664674675970994,0.03362634217710636
22985,31985,High,High,0.9332173475219268,0.03232181131527453,0.03446084116279871
22814,31814,Medium,Medium,0.03689415755441607,0.03073768157745814,0.9323681608681258
18930,27930,High,High,0.9256765963373885,0.03316725889678109,0.04115614476583043
13720,22720,Low,Low,0.030396869993069658,0.9365640349850817,0.033039095021848694
31500,40500,Medium,Medium,0.03823298527268731,0.031894380255896165,0.9298726344714167
10903,19903,Medium,Medium,0.03079293594890296,0.030129560591437326,0.9390775034596598
27723,36723,Medium,Medium,0.1383200046413263,0.03815840436818634,0.8235215909904873
4160,13160,Medium,Medium,0.035807859306830656,0.270449422283533,0.6937427184096362
20195,29195,Low,Low,0.03466933479579964,0.8595807171948402,0.10574994800936015
25467,34467,Low,Low,0.04178948377863043,0.8478601359142779,0.11035038030709154
12182,21182,Low,Low,0.03404284748086199,0.9282439748331103,0.03771317768602773
6381,15381,Medium,Medium,0.035699783460705424,0.031464798847692085,0.9328354176916025
6609,15609,High,High,0.9407525393752522,0.028504602962876418,0.030742857661871483
38045,47045,Medium,Medium,0.043337981081533083,0.03313373195622668,0.9235282869622402
31570,40570,Medium,Medium,0.0722665154924718,0.035515132711685084,0.892218351795843
3647,12647,High,High,0.9315332505363587,0.03537838404177823,0.033088365421863115
11784,20784,High,High,0.9238757653994402,0.035652237920830776,0.04047199667972902
12050,21050,Medium,Medium,0.03333197006315633,0.03584994772254258,0.9308180822143011
22205,31205,Medium,Medium,0.03619912199499029,0.03691128666914966,0.92688959133586
8744,17744,High,High,0.934744943841905,0.030703792348973136,0.03455126380912169
23166,32166,Low,Low,0.035385704150320545,0.9259231502418753,0.038691145607804234
4999,13999,Medium,Medium,0.030942527682869796,0.02914224618112483,0.9399152261360054
12704,21704,Low,Low,0.03286894945202706,0.92716032686997,0.03997072367800309
1896,10896,Medium,Medium,0.030853757160874958,0.03226879918555072,0.9368774436535744
34367,43367,Low,Low,0.03147497004875158,0.9371536323071391,0.03137139764410933
8822,17822,Low,Low,0.03414293566785339,0.9208667293589036,0.04499033497324304
9031,18031,Low,Low,0.03127130836015516,0.9346057926093438,0.03412289903050105
20441,29441,Medium,Medium,0.031455546961071605,0.03455242666733723,0.9339920263715912
5335,14335,Medium,Medium,0.045799071388370693,0.07625654650376315,0.8779443821078662
945,9945,Medium,Medium,0.0309537732249834,0.030244936097460106,0.9388012906775565
39844,48844,Medium,Medium,0.03212655570295845,0.032862189936582374,0.9350112543604592
5289,14289,High,High,0.9399454456495069,0.02849196917901456,0.031562585171478606
29213,38213,High,High,0.9314947450766101,0.03240084968198089,0.036104405241408975
25441,34441,Medium,Medium,0.03477048891367874,0.14056834215865108,0.82466116892767
26029,35029,Medium,Medium,0.0966230865907991,0.03347228998543259,0.8699046234237683
15841,24841,Medium,Medium,0.03313139234156795,0.03171920242435103,0.935149405234081
21191,30191,Medium,Medium,0.03552914831691339,0.053380063674652346,0.9110907880084342
34542,43542,Medium,Medium,0.02983302583036214,0.032668519471202924,0.937498454698435
20960,29960,High,High,0.9322929170858689,0.030973863217876495,0.03673321969625458
4831,13831,Medium,Medium,0.035735099622959926,0.030027252682190777,0.9342376476948493
21704,30704,High,High,0.9318923548697056,0.03505593726856552,0.03305170786172893
26255,35255,Medium,Medium,0.03084132723545109,0.030281513747549282,0.9388771590169996
13104,22104,High,High,0.9083242168252078,0.04801326519681471,0.04366251797797749
18120,27120,Medium,Medium,0.03142696837530664,0.03250421058608837,0.9360688210386051
32883,41883,Medium,Medium,0.03898254420846305,0.03308678591486757,0.9279306698766693
31040,40040,Low,Low,0.030343877469555774,0.9341111669345898,0.03554495559585436
13874,22874,Low,Low,0.03206362096865154,0.9321328050591475,0.035803573972200915
37701,46701,Low,Low,0.029588356807275697,0.9386414663347743,0.03177017685794999
35786,44786,Medium,Medium,0.03905433774936853,0.04792766393601841,0.913017998314613
23627,32627,Low,Low,0.03185979897568281,0.9270366094617671,0.04110359156255012
5866,14866,Low,Low,0.03050433351039385,0.9319781000346979,0.037517566454908224
35305,44305,Medium,Medium,0.0341503717410087,0.03178870007759239,0.9340609281813989
12556,21556,Medium,Medium,0.03290837483691286,0.030982227009834745,0.9361093981532523
26194,35194,High,High,0.933435829974013,0.03062890939568011,0.03593526063030694
31755,40755,Medium,Medium,0.04822783392994434,0.03286557602334288,0.9189065900467127
31199,40199,High,High,0.9326730405274971,0.029800023556353014,0.03752693591614986
25892,34892,Medium,Medium,0.03348302023759498,0.030250453682674306,0.9362665260797307
3616,12616,Medium,Medium,0.0350599178422871,0.0366910767610859,0.9282490053966269
4615,13615,Low,Low,0.03784472535116378,0.7093455791378886,0.25280969551094756
13510,22510,High,High,0.9334983863473602,0.03264465463109068,0.033856959021549136
23364,32364,Low,Low,0.03248936216728067,0.9343080570440302,0.03320258078868915
39407,48407,High,Medium,0.04141826690520541,0.03153608825543919,0.9270456448393554
36254,45254,Low,Low,0.03242505465046499,0.7263917038265687,0.24118324152296622
12757,21757,Low,Low,0.039763288286281735,0.9225979496942561,0.03763876201946215
22959,31959,High,High,0.9353947897878263,0.030959499799660183,0.03364571041251352
30401,39401,Medium,Medium,0.029137219142499605,0.029078116849230725,0.9417846640082695
7928,16928,Medium,Medium,0.03239199478468019,0.04255490240460439,0.9250531028107155
7637,16637,High,High,0.9390320029171607,0.029342570383108373,0.03162542669973104
3495,12495,Medium,Medium,0.034208383352674454,0.04182267112818374,0.9239689455191419
26273,35273,Medium,Medium,0.05174604988493708,0.032418400540730634,0.9158355495743322
26282,35282,High,High,0.8269756036540875,0.0323743396394935,0.14065005670641903
5503,14503,Low,Low,0.043638463415921,0.9199738459243401,0.03638769065973888
29548,38548,Medium,Medium,0.041541055318186935,0.04960867774550488,0.9088502669363082
8671,17671,Medium,Medium,0.03245702533261361,0.03150094308503391,0.9360420315823524
19292,28292,High,High,0.9354467312769549,0.030861949536745148,0.03369131918629998
27995,36995,High,High,0.934482084616913,0.0329548646815381,0.032563050701549016
2554,11554,Medium,Medium,0.033909337193493955,0.2765645552547767,0.6895261075517295
36724,45724,Medium,Medium,0.04966961398649866,0.033133947745086184,0.917196438268415
18295,27295,High,High,0.9385477011354323,0.028584314824010495,0.03286798404055725
12818,21818,Medium,Medium,0.032825316985413515,0.033891119879495106,0.9332835631350914
16369,25369,Low,Low,0.04052870488419416,0.9235062305115127,0.03596506460429316
13522,22522,Medium,Medium,0.03464385700199137,0.040961906941102764,0.9243942360569058
33184,42184,Low,Low,0.030168857237275495,0.9371874657009315,0.03264367706179295
23153,32153,Low,Low,0.030381628232107213,0.9377019086268371,0.03191646314105564
8475,17475,Low,Low,0.03880367801695884,0.8350194418658018,0.12617688011723935
18569,27569,Low,Medium,0.03268055433659362,0.03722361037295238,0.9300958352904539
9169,18169,Low,Low,0.03324716547016621,0.9339092567956387,0.032843577734195
12023,21023,Medium,High,0.7821903404511804,0.03574709964626034,0.18206255990255923
21676,30676,High,High,0.9353099904473002,0.03218717672074187,0.032502832831957915
7935,16935,Medium,Medium,0.03529222279282617,0.25378340988202946,0.7109243673251443
16244,25244,High,High,0.9368711194576754,0.03050942220254223,0.03261945833978222
15491,24491,Medium,Medium,0.029623671260278584,0.03455588724689921,0.9358204414928223
35465,44465,Low,Low,0.033144869038615306,0.9315669653893949,0.03528816557198978
38639,47639,High,Medium,0.03544796672021933,0.03721329017525601,0.9273387431045247
22565,31565,Medium,Medium,0.03364003541429688,0.033324838856447776,0.9330351257292554
16225,25225,Low,Low,0.03370771426248015,0.93180462016897,0.0344876655685498
36916,45916,Low,Low,0.03101153516604929,0.9357131108847762,0.03327535394917454
4111,13111,High,High,0.9253466746872753,0.03619225470065507,0.03846107061206961
31240,40240,Medium,Medium,0.029587451146842917,0.029252746898207723,0.9411598019549494
26022,35022,High,Low,0.034200803203250446,0.9261035796340437,0.03969561716270585
27582,36582,Medium,Medium,0.03273987293269698,0.03627614110977912,0.930983985957524
33573,42573,Medium,Medium,0.03280349954283373,0.04984772747853963,0.9173487729786266
36662,45662,High,High,0.932512818223905,0.03356300245870133,0.03392417931739363
14189,23189,Low,Medium,0.03610504911461896,0.4464257973839794,0.5174691535014017
20697,29697,Medium,Medium,0.03659524924685321,0.03427531078877782,0.929129439964369
19999,28999,Medium,Medium,0.03041380417004279,0.036175087756641695,0.9334111080733155
5785,14785,Low,Low,0.03224042191997259,0.9343669924399286,0.03339258564009892
20784,29784,High,High,0.9348727290424877,0.03194529046767422,0.03318198048983804
123,9123,Medium,Medium,0.031245482770698562,0.03375069999482611,0.9350038172344753
31161,40161,Medium,Medium,0.0324603176540313,0.034271595777475856,0.9332680865684929
30472,39472,Medium,Medium,0.04241006574846009,0.04218277354382275,0.9154071607077171
34393,43393,Low,Low,0.030098771199025525,0.9370020972578438,0.03289913154313062
2861,11861,Medium,Medium,0.030367281355404147,0.030666531349787335,0.9389661872948086
24761,33761,Low,Low,0.03355938677389864,0.9144477744585181,0.051992838767583226
4489,13489,Low,Low,0.03176815146833256,0.9188915730559538,0.04934027547571352
9321,18321,Medium,Medium,0.02998113939314444,0.02970098698165843,0.940317873625197
9603,18603,Medium,Medium,0.03372083495376341,0.033907658671700376,0.9323715063745363
21089,30089,Medium,Medium,0.03545450433733271,0.02952494580877694,0.9350205498538905
32565,41565,Medium,Medium,0.05944385253130293,0.03152487917908273,0.9090312682896142
23292,32292,High,High,0.9395457735572249,0.028671208381575584,0.03178301806119934
14663,23663,Medium,Medium,0.03876405514932332,0.03196673455838703,0.9292692102922896
8034,17034,Low,Medium,0.033474669159260555,0.04197044356809798,0.9245548872726416
18205,27205,Medium,Medium,0.030567806015526833,0.033914987451634564,0.9355172065328387
3326,12326,High,High,0.9343478487854792,0.029511612922490618,0.03614053829203017
13397,22397,Low,Low,0.03490555532182396,0.9243414787280241,0.04075296595015182
22759,31759,Medium,Medium,0.03173517537994023,0.030792916602140768,0.937471908017919
34760,43760,Medium,Medium,0.029007563136997514,0.028645910779417166,0.9423465260835853
18451,27451,Medium,Medium,0.054697041369480275,0.03259507784885118,0.9127078807816685
30653,39653,Low,Low,0.03142355227807198,0.9367226912766963,0.0318537564452318
4641,13641,Medium,Medium,0.03159462284326728,0.031069735543753984,0.9373356416129788
6880,15880,Low,Low,0.030041679006006985,0.9370164457948453,0.032941875199147555
29400,38400,High,High,0.9115103999470587,0.032495593569468906,0.05599400648347236
3877,12877,Medium,Medium,0.03212156536851171,0.03373546094428496,0.9341429736872033
18414,27414,High,High,0.9404236159197533,0.028571335345029935,0.03100504873521684
1182,10182,High,High,0.9236423978756335,0.03344411480482395,0.0429134873195425
5892,14892,Medium,Medium,0.03050675284659939,0.030598175030782344,0.9388950721226182
39684,48684,High,High,0.9382079810594014,0.028557767055349282,0.033234251885249276
16659,25659,High,High,0.932183957586362,0.030917754162660502,0.036898288250977566
17240,26240,Medium,Medium,0.03577194879911509,0.034227395049033715,0.9300006561518512
24234,33234,High,High,0.9306092252246962,0.034569546377282045,0.03482122839802183
10110,19110,High,Low,0.030493459172062743,0.9361979078185149,0.03330863300942242
22826,31826,Medium,Medium,0.0352828148646175,0.03918981397567726,0.9255273711597053
15828,24828,Low,Low,0.03376597909434862,0.915645760533943,0.050588260371708375
30425,39425,Low,Low,0.035780638843025125,0.923209349400835,0.04101001175613985
24950,33950,Medium,Medium,0.03727364068659612,0.03326270773209141,0.9294636515813125
39155,48155,Medium,Medium,0.03149985586942242,0.030662346962213063,0.9378377971683646
11263,20263,High,High,0.9271481066846369,0.031370964439833025,0.0414809288755302
36654,45654,Medium,Medium,0.036786815560770056,0.06066863417446924,0.9025445502647607
22143,31143,Low,Low,0.03376910641917728,0.9325324497634084,0.033698443817414235
9527,18527,High,High,0.9240699055698878,0.03199560315516811,0.04393449127494412
33937,42937,Medium,Medium,0.035015532515227085,0.03907218778780457,0.9259122796969684
19904,28904,Low,Low,0.030498659240577954,0.9346393942176713,0.03486194654175073
2462,11462,Low,Low,0.03424319105367893,0.7915877099306327,0.17416909901568856
27107,36107,Medium,Medium,0.03790585091796738,0.03299886679632169,0.9290952822857109
34202,43202,Medium,Medium,0.053220029817101604,0.032146026665083184,0.9146339435178152
35099,44099,Low,Low,0.029439221943361894,0.9353952136609021,0.03516556439573591
17688,26688,Medium,Medium,0.05651844478922038,0.033243386456006586,0.910238168754773
44,9044,High,High,0.9334962991789418,0.03243366305262612,0.034070037768432
18324,27324,Medium,Medium,0.0320408644955274,0.03165982027359422,0.9362993152308784
6523,15523,Low,Low,0.03243476500975928,0.9363339390307663,0.031231295959474353
19824,28824,High,High,0.9355971273556429,0.0316889285121413,0.032713944132215705
25258,34258,High,High,0.8673319481601198,0.050014164853983356,0.08265388698589689
11707,20707,Low,Low,0.03125297291743209,0.8652522856771342,0.1034947414054338
11854,20854,Medium,Medium,0.03428942190379427,0.03155947816743418,0.9341510999287715
3506,12506,Medium,Medium,0.030411808334406754,0.031244331643776716,0.9383438600218165
37014,46014,High,High,0.925130571014054,0.04117709742287987,0.03369233156306605
31784,40784,Medium,Medium,0.031690059299743334,0.033322164266095446,0.9349877764341613
32068,41068,Low,Low,0.029650771738400004,0.9346502905392858,0.03569893772231428
27158,36158,Low,Low,0.0319369277876732,0.9345743081084962,0.033488764103830594
401,9401,Low,Low,0.0338136438750272,0.9346578382897514,0.031528517835221426
5675,14675,Medium,Medium,0.032135584293901946,0.029474776520013037,0.938389639186085
31023,40023,High,High,0.9362104624784241,0.030570068706101974,0.03321946881547388
3286,12286,Low,Low,0.029892014734916237,0.9368541442430661,0.033253841022017616
23462,32462,Medium,Medium,0.03332815055137672,0.052447203782578423,0.9142246456660449
17172,26172,Medium,Medium,0.032383016499119406,0.03168360627879412,0.9359333772220865
10770,19770,Medium,Medium,0.032011810350548335,0.031562522434150676,0.936425667215301
37995,46995,High,High,0.9372783672466127,0.029714144405754605,0.03300748834763269
22017,31017,Medium,Medium,0.03489638650482815,0.041213186613873715,0.9238904268812981
25616,34616,Medium,High,0.93693483950859,0.029393010410467633,0.03367215008094237
33414,42414,Medium,Medium,0.0324935882093157,0.029736950419219015,0.9377694613714653
12122,21122,Low,Low,0.03481634723728838,0.9177167037750329,0.04746694898767867
23335,32335,Medium,Medium,0.03488344861178849,0.038222989194107854,0.9268935621941038
4209,13209,Medium,Medium,0.06407539287792897,0.03320655313956138,0.9027180539825096
23230,32230,High,High,0.9331001647526785,0.03200997287825628,0.034889862369065265
27631,36631,Medium,Medium,0.034368127272784786,0.04380037951982744,0.9218314932073878
16623,25623,Low,Low,0.04786051466893792,0.913142776110245,0.03899670922081721
29923,38923,Medium,Medium,0.030292556058171896,0.030726192522626584,0.9389812514192015
8825,17825,Medium,Medium,0.032719061182254074,0.03683942109047466,0.9304415177272712
37595,46595,Medium,Medium,0.03504948913565245,0.04279680327527746,0.9221537075890701
28775,37775,Medium,Medium,0.029683973720107643,0.029207655618211,0.9411083706616813
31728,40728,Medium,Medium,0.03826824574536455,0.03199591126912085,0.9297358429855146
22152,31152,Medium,Medium,0.029139801139764065,0.033170359680058326,0.9376898391801777
6594,15594,High,High,0.9371184511314076,0.028807684957957335,0.0340738639106352
2520,11520,High,High,0.9292996159236644,0.03544929132900957,0.03525109274732596
18936,27936,High,High,0.9350622415954207,0.03334079504780639,0.03159696335677301
37270,46270,Low,Low,0.029706444038680262,0.9348576863933041,0.03543586956801565
7889,16889,Medium,Medium,0.032173435842347,0.03157213669774471,0.9362544274599083
8641,17641,Low,High,0.9323461577759247,0.032922321029302294,0.03473152119477313
20997,29997,Medium,Medium,0.03256978479475803,0.03599912007053455,0.9314310951347075
12592,21592,Low,Low,0.052397865419841955,0.9142138929598415,0.03338824162031646
20606,29606,Medium,Medium,0.03488754721357981,0.03547866706584993,0.9296337857205703
23613,32613,Medium,Medium,0.037184777989421235,0.3260510905077479,0.636764131502831
33440,42440,Low,Low,0.040721393121844675,0.9231117123225475,0.036166894555607905
35910,44910,Medium,Medium,0.03233047552069929,0.07692229936603986,0.8907472251132608
21000,30000,High,Medium,0.03485495924950607,0.03382482483894261,0.9313202159115512
25418,34418,Medium,Medium,0.032459594578772226,0.03217390829843574,0.935366497122792
26640,35640,High,High,0.9231043808871542,0.03666194656723606,0.04023367254560971
9760,18760,Low,Medium,0.031355044968942335,0.03132304573728925,0.9373219092937685
6648,15648,Low,Low,0.0289305852179708,0.9392171962185777,0.03185221856345149
33117,42117,Medium,High,0.9354792581535457,0.03285226184291938,0.03166848000353495
19148,28148,Medium,Medium,0.03620418680515949,0.03270237811078532,0.9310934350840552
19178,28178,Low,Medium,0.036665559674498784,0.036588093046131254,0.9267463472793699
6428,15428,High,Medium,0.030544350968877643,0.03262465701808725,0.936830992013035
33346,42346,Low,Low,0.029525743094722643,0.9372938206662776,0.03318043623899967
619,9619,Medium,Medium,0.038193124647590816,0.03597770845046903,0.9258291669019401
37389,46389,Medium,Medium,0.03619705907597864,0.03360840002450712,0.9301945408995143
24554,33554,Medium,Medium,0.035359926057451,0.032697714076124894,0.9319423598664242
20494,29494,Medium,Medium,0.03323179406003363,0.03321059883324651,0.9335576071067199
14648,23648,Low,Low,0.03127464683328904,0.9362030902414814,0.032522262925229556
39576,48576,High,High,0.9304564719084474,0.03335147471809249,0.03619205337346027
20638,29638,High,High,0.9381473457159091,0.029761186873362145,0.03209146741072872
36212,45212,Medium,Medium,0.031521728383380576,0.031190844901198944,0.9372874267154204
16023,25023,Medium,Medium,0.03091750600027786,0.030510349054386626,0.9385721449453355
31087,40087,Medium,Medium,0.03320793878901069,0.03428581338833737,0.9325062478226519
1062,10062,High,Medium,0.03115852947335603,0.03430952341025866,0.9345319471163854
24405,33405,Medium,Medium,0.0317157599824811,0.03115985367865425,0.9371243863388646
18790,27790,Medium,Medium,0.032029661383425605,0.03364980929445094,0.9343205293221235
23152,32152,Medium,Medium,0.03900708107899059,0.033911000502267336,0.9270819184187421
6676,15676,High,High,0.8814323990680423,0.034300455170298304,0.08426714576165946
5006,14006,High,High,0.9211683152178582,0.03058254789994493,0.04824913688219681
24588,33588,Medium,Medium,0.030122478187254127,0.030163237487401545,0.9397142843253444
8348,17348,Medium,Medium,0.03258392613001293,0.03492340590676554,0.9324926679632215
10418,19418,Medium,Medium,0.033495285545365294,0.03402464930067774,0.9324800651539569
29373,38373,Low,Low,0.037725355257425645,0.9286772434329768,0.03359740130959764
5253,14253,High,High,0.9344218991192653,0.031718302788473124,0.03385979809226138
8287,17287,High,Low,0.046415169012756476,0.9120216886226329,0.041563142364610596
27632,36632,Medium,Medium,0.1326535785227652,0.04722769818191203,0.8201187232953228
39611,48611,Low,Low,0.03857083179334279,0.9301039398610632,0.031325228345594106
14771,23771,Medium,Medium,0.03046279051081598,0.030102553826983607,0.9394346556622004
24297,33297,Medium,Medium,0.034602055239311036,0.030530056132086508,0.9348678886286024
29682,38682,Medium,Medium,0.032631211537484224,0.03485164569803136,0.9325171427644845
8944,17944,Low,Low,0.03131537777335155,0.933285422364475,0.0353991998621734
31077,40077,Medium,Medium,0.031934782273585836,0.03182737651042351,0.9362378412159907
1108,10108,Medium,Medium,0.036742768230807514,0.03257560931012957,0.9306816224590628
20924,29924,High,High,0.9348688507233072,0.031826521699415605,0.033304627577277326
10951,19951,Medium,Medium,0.03164284566643231,0.03259206352454039,0.9357650908090273
37906,46906,Low,Low,0.05444278436951127,0.908094514103683,0.03746270152680564
26770,35770,Low,Low,0.03190265268850784,0.9137984034075769,0.05429894390391532
21049,30049,Low,Low,0.038365174733348904,0.8995057367920847,0.062129088474566434
39930,48930,High,High,0.9332511126893469,0.030011322976106786,0.036737564334546384
38543,47543,Low,Low,0.0327453837030207,0.9291422804017487,0.038112335895230505
11896,20896,High,Low,0.04216342778604749,0.9204486708082847,0.03738790140566781
14450,23450,Medium,Medium,0.029716344283792547,0.032566722551191626,0.9377169331650159
38066,47066,Medium,Medium,0.03379738052377448,0.029130960411553154,0.9370716590646723
11908,20908,Low,Low,0.0437595840933676,0.9200327320354748,0.03620768387115763
18840,27840,High,High,0.9385158853976917,0.028734043192594146,0.03275007140971426
39469,48469,High,High,0.9195553202925529,0.04300969316331474,0.037434986544132375
25656,34656,High,High,0.9118868712267526,0.0351404956790338,0.05297263309421354
20011,29011,Medium,Medium,0.03308615465358149,0.034343635870265364,0.9325702094761533
19172,28172,High,High,0.9269650774382145,0.03474888768158848,0.03828603488019689
8142,17142,Medium,Medium,0.03236085827248895,0.030089355180246063,0.937549786547265
32292,41292,High,High,0.9329805958551031,0.03236832783142218,0.03465107631347475
4259,13259,Medium,Medium,0.03876097046968444,0.03128057988976405,0.9299584496405515
9419,18419,High,High,0.9338498621296041,0.03159805650281415,0.03455208136758185
31248,40248,Medium,Medium,0.031052581171696004,0.030386166345750726,0.9385612524825534
3111,12111,Medium,Medium,0.036783518285418655,0.029444765164005404,0.9337717165505759
35662,44662,Low,Low,0.03349234004676121,0.9303336039620117,0.03617405599122705
29577,38577,Medium,Medium,0.031628314251363386,0.047622228503710985,0.9207494572449256
37723,46723,Low,Low,0.03465131671671176,0.9318196898234371,0.03352899345985108
28213,37213,Low,Low,0.03345650699510495,0.9309168880816309,0.03562660492326408
16130,25130,Low,Medium,0.03452801681455275,0.33113928635495177,0.6343326968304955
38069,47069,Medium,Medium,0.03223852595892044,0.23081386190356054,0.736947612137519
24913,33913,Low,Low,0.03109943931986713,0.9363713987307282,0.03252916194940462
34077,43077,High,High,0.9255425361031476,0.032954986801361524,0.041502477095490854
28430,37430,Medium,Medium,0.033661499661133465,0.03317391744707085,0.9331645828917957
26651,35651,High,High,0.9311141368410082,0.031482995485366747,0.03740286767362506
1375,10375,Medium,Medium,0.0311815947319623,0.031098026786994925,0.9377203784810427
7437,16437,Medium,Medium,0.032403594436278806,0.03069614775100168,0.9369002578127196
37316,46316,Low,Low,0.03332572384531165,0.9340084961381967,0.0326657800164916
234,9234,Medium,Medium,0.03755747557583284,0.046975557668022395,0.9154669667561448
32536,41536,Medium,Medium,0.030950604022269387,0.03149390043718743,0.9375554955405431
39952,48952,Medium,Medium,0.0385036626949812,0.07717506075279651,0.8843212765522223
20867,29867,Medium,Medium,0.0333013090455845,0.03710589477366379,0.9295927961807516
26112,35112,Medium,Medium,0.056768211280852264,0.034999903403064185,0.9082318853160837
34113,43113,High,High,0.9375920761224451,0.029308422454538463,0.03309950142301658
30613,39613,Medium,Medium,0.03487039513010493,0.029793432864647678,0.9353361720052474
2083,11083,Medium,Medium,0.032217509732119926,0.03571318472074604,0.9320693055471341
21581,30581,Medium,Medium,0.04822310493001831,0.03312658479981267,0.9186503102701691
16042,25042,Medium,Medium,0.046104941752629046,0.3255533085131922,0.6283417497341787
661,9661,Medium,Medium,0.03222218134493782,0.03434057446132921,0.933437244193733
4277,13277,Low,Low,0.0363687225728613,0.927417886655309,0.03621339077182976
28785,37785,High,High,0.932513676606252,0.03507598002508822,0.03241034336865987
6943,15943,Medium,Medium,0.03414095010388206,0.03255932246250295,0.933299727433615
37409,46409,Low,Low,0.029547175121637004,0.9380770790182827,0.0323757458600803
25390,34390,Low,Low,0.03493023565755853,0.5863422462936215,0.3787275180488199
30551,39551,High,High,0.9351326850753261,0.032541845097770444,0.03232546982690344
11203,20203,Low,Low,0.03024956369418252,0.9377178101443016,0.03203262616151584
1652,10652,Medium,Medium,0.030620417174613095,0.030174975046401237,0.9392046077789856
10361,19361,Low,Low,0.031772657475954445,0.9348599991172124,0.03336734340683315
20787,29787,Medium,Medium,0.029856084287656712,0.029020739165414044,0.9411231765469292
21097,30097,Medium,Medium,0.03720045652279131,0.03256152331767275,0.9302380201595359
17147,26147,Medium,High,0.9380116469300143,0.029807066724485864,0.03218128634549984
11427,20427,Low,Low,0.057757929540735824,0.8651357376402254,0.07710633281903871
37061,46061,Medium,Medium,0.03166595916580132,0.036214986648673266,0.9321190541855254
21698,30698,Medium,Medium,0.030155777886488027,0.03265193985255221,0.9371922822609599
25844,34844,Medium,Medium,0.03514958944325038,0.030545518997484904,0.9343048915592648
15161,24161,Medium,Medium,0.029858406829877924,0.030227188022711182,0.939914405147411
34222,43222,Low,Low,0.03274803505445736,0.9162893235409971,0.05096264140454548
16388,25388,Medium,Medium,0.03118847264754003,0.030501449228600142,0.9383100781238598
7028,16028,High,High,0.9225810622473626,0.03508954540941509,0.04232939234322223
38701,47701,High,High,0.9310003886501367,0.031199842317815234,0.03779976903204795
8241,17241,High,High,0.9340914315398212,0.03088325100629363,0.03502531745388521
19020,28020,Low,Low,0.07089141655838346,0.859098790561363,0.0700097928802536
16550,25550,Low,Low,0.03268802042279351,0.9274401686708167,0.039871810906389804
27838,36838,High,High,0.9363803369320749,0.03003870452747276,0.033580958540452316
39972,48972,Medium,Medium,0.03490421914044047,0.03885808445989819,0.9262376963996614
38740,47740,Low,Low,0.03378485463515546,0.9325529673015865,0.03366217806325802
1104,10104,Low,High,0.9215750995877743,0.03583673662400939,0.042588163788216386
15585,24585,Medium,Medium,0.03147704566090335,0.037641373176739594,0.9308815811623571
1907,10907,High,High,0.9373360428229066,0.030120546021060703,0.032543411156032785
20702,29702,Low,Low,0.03198394687182978,0.9318036520760616,0.03621240105210858
18148,27148,Low,Low,0.03171522875431943,0.9232094145973501,0.04507535664833048
33791,42791,Low,Low,0.03075818962357617,0.9370976809859807,0.03214412939044301
5661,14661,Low,Low,0.031693621047654864,0.93410563635519,0.03420074259715519
33239,42239,High,High,0.9405970999951573,0.028229427985462897,0.03117347201937981
26158,35158,Low,Low,0.035872287169746546,0.9160683017925639,0.048059411037689466
22647,31647,Medium,Medium,0.03497445189503424,0.03427960777464311,0.9307459403303225
26461,35461,Medium,Medium,0.03647754231494523,0.03535220361929447,0.9281702540657603
17217,26217,Medium,Medium,0.03602375692776742,0.03939041676466617,0.9245858263075664
37283,46283,High,High,0.9339187390326277,0.030182118327898966,0.03589914263947344
4991,13991,Low,Low,0.028965519528022,0.9186034532681316,0.05243102720384644
27377,36377,Low,Low,0.0286591654765946,0.9381114986665434,0.03322933585686189
15184,24184,Medium,Medium,0.03267519602509752,0.03221781791940715,0.9351069860554954
20026,29026,Medium,Medium,0.043166554442872616,0.0353214725774696,0.9215119729796578
28374,37374,Low,Low,0.03390150036273273,0.925396011435153,0.04070248820211423
32347,41347,Low,Low,0.030823926326863246,0.9370131517560337,0.03216292191710308
37019,46019,Low,Low,0.036890595204543915,0.9127250409118693,0.05038436388358667
20717,29717,High,High,0.9274219754407258,0.030315846452392704,0.042262178106881564
25360,34360,Medium,Medium,0.033172883504337225,0.030677908853051338,0.9361492076426114
33924,42924,High,High,0.9374314319445629,0.029234217105161275,0.03333435095027574
18386,27386,Low,Low,0.03215442529427179,0.9312102972807526,0.036635277424975604
30580,39580,Medium,Medium,0.029984198824897407,0.030080427349097643,0.9399353738260049
10671,19671,High,High,0.9337461775953463,0.030370277810553403,0.035883544594100356
34532,43532,Medium,Medium,0.032681701032540124,0.03442230554039741,0.9328959934270625
17727,26727,Medium,Medium,0.03411368118471119,0.032604918641834506,0.9332814001734543
17839,26839,Medium,Medium,0.03111733095937889,0.0350889933524635,0.9337936756881575
35076,44076,Low,Low,0.02907893356263011,0.9386011895658948,0.032319876871475084
15340,24340,Low,Low,0.030404093740849115,0.9369251759553273,0.032670730303823524
31634,40634,Medium,Medium,0.03750477964110554,0.055844265297655044,0.9066509550612394
17044,26044,Low,Low,0.031048991653175942,0.9370961726522428,0.03185483569458136
26072,35072,Low,Medium,0.034599764793185675,0.03759210358474535,0.9278081316220689
2089,11089,Medium,Medium,0.04390181083170356,0.04950828067717469,0.9065899084911218
27543,36543,High,Medium,0.03655531454169805,0.03855194485661916,0.9248927406016828
9478,18478,Medium,Medium,0.03319006567728522,0.04122882719180381,0.9255811071309109
19908,28908,Medium,Medium,0.07672615649685742,0.035304105982222576,0.88796973752092
32018,41018,High,High,0.9320422512577382,0.03169534258018691,0.036262406162074996
11005,20005,Medium,Medium,0.030526082202407514,0.029456436090969474,0.940017481706623
29590,38590,Low,Low,0.040322666413783355,0.8571356966527683,0.10254163693344831
24362,33362,High,High,0.9383835624958067,0.03006105348161239,0.03155538402258095
27262,36262,High,High,0.9137999097421438,0.03301619180793006,0.053183898449926215
4815,13815,Medium,Medium,0.03363874112483773,0.03338137338222921,0.9329798854929331
39342,48342,Medium,Medium,0.03504110032156154,0.3935350083757935,0.5714238913026449
6884,15884,Low,Low,0.030527401406860482,0.9352013554353317,0.034271243157807725
16175,25175,High,High,0.9334495342176145,0.031925220060619215,0.03462524572176633
10463,19463,Medium,Medium,0.031107356480797117,0.03390662911382574,0.9349860144053771
7836,16836,High,High,0.9385484446527572,0.028733936984436534,0.032717618362806206
38427,47427,Low,Low,0.03530422073268064,0.9308989070546961,0.03379687221262318
23579,32579,Medium,Medium,0.03352187910454057,0.030159027387955086,0.9363190935075044
29964,38964,High,High,0.9387222721792435,0.030117891328676077,0.03115983649208034
19266,28266,Medium,Medium,0.0324299784790758,0.03461869511723875,0.9329513264036855
20958,29958,Low,Low,0.031826508510415484,0.9351545173843353,0.03301897410524915
3162,12162,Low,Low,0.034709190789039855,0.7146197773719926,0.25067103183896755
26145,35145,Low,Low,0.034479680169018444,0.9311513454062127,0.03436897442476894
15530,24530,Medium,Medium,0.06643166134839251,0.07248925595898197,0.8610790826926255
13283,22283,High,High,0.9389330889624864,0.028399855886152806,0.03266705515136076
31215,40215,Low,Low,0.031752310480062024,0.9351325232309492,0.03311516628898872
29887,38887,Low,Low,0.031791234723632676,0.9200634508912972,0.04814531438507011
13901,22901,High,High,0.9321471329071184,0.03228925179579269,0.035563615297088964
32179,41179,Medium,Medium,0.08604735084101427,0.03957010209101391,0.8743825470679719
4158,13158,Low,Low,0.03332798037234294,0.9224218999189936,0.044250119708663375
31326,40326,Low,Medium,0.03445773105918701,0.03128148036939756,0.9342607885714155
15068,24068,Low,Low,0.030995397078732917,0.934321031312169,0.03468357160909801
27305,36305,Medium,Medium,0.03176747960423416,0.03157873358225732,0.9366537868135086
8444,17444,Low,Low,0.03063609157001017,0.9366364374394679,0.032727470990521895
4954,13954,High,High,0.9206722616919906,0.03291671542302783,0.04641102288498161
36096,45096,Medium,Medium,0.032185788208560474,0.031244335350264246,0.9365698764411752
38636,47636,Medium,Medium,0.032460365976736356,0.034076975418562784,0.9334626586047009
39236,48236,Low,Low,0.029927405427407575,0.9348975756637256,0.03517501890886688
34890,43890,Medium,Medium,0.03181695562637533,0.04653574610922664,0.9216472982643981
2779,11779,Medium,Medium,0.03336603183216663,0.03013428465830273,0.9364996835095307
39280,48280,Low,Low,0.02931203905892235,0.9389419725933079,0.0317459883477697
20597,29597,Medium,Medium,0.05204968547170461,0.036711455285440286,0.9112388592428551
10977,19977,Low,Low,0.0374987661100135,0.928785539224165,0.033715694665821645
36619,45619,Medium,Medium,0.03375554815849018,0.041195384158988525,0.9250490676825214
25224,34224,Low,Low,0.03281511592021836,0.9256928386387221,0.041492045441059645
12848,21848,High,High,0.8014306846824432,0.034640789551377275,0.16392852576617958
34841,43841,Medium,High,0.9361214627763833,0.030048453799151085,0.03383008342446561
36233,45233,High,High,0.936931312174639,0.028551677993453928,0.034517009831907
24659,33659,Medium,Low,0.031335629239586445,0.9261304888780009,0.04253388188241275
23019,32019,Medium,Medium,0.03793498939980781,0.03305515964559915,0.9290098509545931
8359,17359,High,High,0.9262729983848382,0.03833316554465027,0.035393836070511525
1089,10089,Low,Low,0.038537690398231184,0.7687840319992597,0.19267827760250913
20099,29099,Medium,Medium,0.029799441592746976,0.034330683907452524,0.9358698744998005
14566,23566,Medium,Medium,0.03374651670989433,0.030581782983211504,0.9356717003068941
12877,21877,Medium,Medium,0.0349691510533351,0.0344968116465485,0.9305340373001165
7612,16612,Medium,Medium,0.031459696805559816,0.0311486905810863,0.937391612613354
31848,40848,Medium,Medium,0.04005874092219798,0.19342607966549263,0.7665151794123094
39278,48278,Medium,Medium,0.0301922189644291,0.030451629699047075,0.9393561513365238
23265,32265,Low,Low,0.030808811224466704,0.9367364879568223,0.032454700818711095
4466,13466,High,Medium,0.03309004827668321,0.03225826363165279,0.9346516880916641
1920,10920,Medium,Medium,0.047825137586473075,0.04989098901227527,0.9022838734012518
15816,24816,Medium,Medium,0.031155704170163778,0.0382019375120956,0.9306423583177407
20931,29931,Medium,Medium,0.030880314664930797,0.03032053861205648,0.9387991467230127
39692,48692,Medium,Low,0.03322593067166665,0.9306670124158046,0.036107056912528794
39372,48372,Low,Low,0.031142089457345035,0.9322020765779758,0.03665583396467906
7246,16246,High,High,0.9285486098121156,0.03769710366904805,0.03375428651883632
11693,20693,Medium,High,0.9330734138413791,0.030511661674222344,0.036414924484398585
2398,11398,Medium,Medium,0.036908404237922326,0.04334109272986326,0.9197505030322145
23378,32378,Medium,Medium,0.038987355276866226,0.03542423901289956,0.9255884057102343
3436,12436,Medium,Medium,0.031518518675698354,0.031846433184728094,0.9366350481395735
23944,32944,Medium,Medium,0.03273352173378745,0.0320663013067904,0.9352001769594221
29477,38477,Medium,Medium,0.03666918434296919,0.0387457046268889,0.924585111030142
35201,44201,Low,Low,0.02990736332734383,0.935488819772683,0.034603816899973217
30805,39805,Medium,Medium,0.02977195739282351,0.02979679626168882,0.9404312463454877
32694,41694,Medium,Medium,0.032122199125532325,0.044191724618846934,0.9236860762556208
6128,15128,Low,Low,0.02974601497191567,0.9330628070697683,0.03719117795831614
33930,42930,Medium,Medium,0.033245300894367155,0.03179158559438251,0.9349631135112503
17228,26228,High,High,0.9340693504022259,0.031039464422462058,0.034891185175311965
16030,25030,Medium,Medium,0.041106921955144454,0.04875885733941595,0.9101342207054396
21894,30894,Medium,Medium,0.03570351055999801,0.0332469359201624,0.9310495535198395
23693,32693,High,High,0.923375295596551,0.03613311381552662,0.04049159058792237
11209,20209,Medium,Medium,0.032820632970657425,0.030810142944938886,0.9363692240844036
11501,20501,Medium,Medium,0.03195582194554672,0.032401088627500296,0.9356430894269531
12156,21156,High,High,0.9318373093449271,0.03240510954348379,0.03575758111158918
20469,29469,High,High,0.9381927868703492,0.029305557000582308,0.03250165612906847
15521,24521,Medium,Medium,0.029238832870626088,0.03128563858232114,0.9394755285470527
35402,44402,Low,Low,0.031547233520258504,0.9321491710016584,0.03630359547808324
28253,37253,Medium,Medium,0.033273513795057025,0.03437339245210907,0.9323530937528339
37206,46206,High,High,0.926027495141169,0.03737416704595627,0.03659833781287458
854,9854,High,Medium,0.039533110386711,0.0324156718789882,0.9280512177343008
10791,19791,High,High,0.911970512019442,0.030049134267807833,0.05798035371275025
10961,19961,Medium,Medium,0.03154246197381856,0.033598981954604604,0.9348585560715769
4116,13116,Low,High,0.9311927124259368,0.032519598678042334,0.036287688896020694
21452,30452,Low,Low,0.03675355088873141,0.9211698935700983,0.042076555541170464
29701,38701,Medium,Medium,0.03173273996981815,0.03133588272864895,0.936931377301533
30152,39152,Medium,Medium,0.03583256176995034,0.03594927413438753,0.9282181640956622
13479,22479,Medium,Medium,0.029336325133900363,0.029549055091242813,0.9411146197748569
15702,24702,Medium,Medium,0.03043714446034816,0.04574289709255,0.923819958447102
35186,44186,Medium,Medium,0.033150868268238425,0.030353845263361896,0.9364952864683996
7865,16865,High,High,0.9335746565899798,0.02861043881147646,0.0378149045985438
14301,23301,Medium,Medium,0.03162303111251406,0.03520560558344635,0.9331713633040396
31514,40514,Medium,Medium,0.030385587754313926,0.029851835739096947,0.9397625765065892
14116,23116,Low,Low,0.030793776909325093,0.9322457234312186,0.03696049965945617
30031,39031,Medium,Medium,0.03633813748366644,0.03244302891633726,0.9312188335999964
23091,32091,Medium,Medium,0.036479289776960966,0.11357855052022503,0.8499421597028141
29879,38879,Medium,Medium,0.03564295382902331,0.06263593482481535,0.9017211113461614
7858,16858,Medium,Medium,0.033142725522980594,0.029639883523322707,0.9372173909536966
34104,43104,Low,Low,0.03149508802023634,0.9255965182804279,0.04290839369933578
2304,11304,Low,Medium,0.03202501578337297,0.03233220552331548,0.9356427786933116
36829,45829,Low,Low,0.03409313258767931,0.9186904523923113,0.047216415020009485
3317,12317,Low,Low,0.02967493376768887,0.9271838490281162,0.04314121720419489
18140,27140,Medium,Medium,0.0335632035578789,0.03158956010676197,0.9348472363353592
23451,32451,High,Low,0.03122901842119785,0.9350867068068673,0.03368427477193492
35967,44967,Medium,Low,0.03237355742221536,0.930917727001025,0.03670871557675972
18049,27049,Medium,Medium,0.032763503490985585,0.03294987738079255,0.9342866191282219
31468,40468,Low,Low,0.05800924409147711,0.9066434425467206,0.03534731336180238
33229,42229,Medium,Medium,0.04314640287172164,0.03539530400571427,0.9214582931225642
8572,17572,High,High,0.9343022017884205,0.030949546949204227,0.034748251262375345
11376,20376,Low,Low,0.031024800069013956,0.9232305205937784,0.0457446793372078
2972,11972,Medium,Medium,0.03426054049582852,0.03279424992895064,0.9329452095752209
3639,12639,Medium,Medium,0.031214417907048236,0.029504717145079625,0.9392808649478722
38047,47047,High,High,0.9305872327904741,0.03149657382325178,0.03791619338627412
33156,42156,Medium,Medium,0.03340016588649827,0.0335118387193355,0.9330879953941662
34924,43924,Medium,Medium,0.03218320254143678,0.04300039433354356,0.9248164031250196
34049,43049,High,High,0.9283539251870015,0.030431666764295023,0.041214408048703334
35194,44194,Medium,Medium,0.03207318482550092,0.06587487114397274,0.9020519440305264
2866,11866,Low,High,0.8745338834822806,0.08626073643502112,0.0392053800826984
14791,23791,Low,Low,0.03503216008949817,0.9079786653052256,0.05698917460527612
32839,41839,High,High,0.9302885796240606,0.029269720570111863,0.04044169980582766
21865,30865,Low,High,0.9218677054953007,0.03174639083464303,0.046385903670056156
32432,41432,Medium,Medium,0.032276961010310856,0.03414000787838383,0.9335830311113053
27889,36889,High,High,0.8789939412558593,0.03911252082828372,0.08189353791585709
23140,32140,Low,Low,0.02932464560716119,0.9367075315183572,0.033967822874481475
5078,14078,Low,Low,0.030222741288787217,0.936136252455802,0.0336410062554108
14081,23081,Medium,Medium,0.03590798194795286,0.051185010869625965,0.9129070071824211
30356,39356,Medium,Medium,0.04026286184300973,0.04458889286964984,0.9151482452873405
18544,27544,Medium,Medium,0.03376140590566609,0.03238045777299397,0.93385813632134
5735,14735,High,Medium,0.029304075727231423,0.029594884517133654,0.9411010397556349
5897,14897,Medium,Medium,0.029922984264846974,0.031375205393811285,0.9387018103413417
2124,11124,Medium,Medium,0.03617493247443799,0.031909040370270605,0.9319160271552914
21485,30485,Low,Low,0.03073203192299918,0.9213864540946095,0.04788151398239135
31130,40130,Medium,Medium,0.05477514113643601,0.030591982209637363,0.9146328766539266
7468,16468,Medium,Medium,0.02891631275838723,0.028745815513258263,0.9423378717283545
18346,27346,Medium,Medium,0.031402895865525186,0.032959968215955225,0.9356371359185197
20128,29128,Medium,Medium,0.03143456743040598,0.03374029783572005,0.9348251347338739
2990,11990,Medium,Medium,0.031562745739480924,0.030975478201119424,0.9374617760593997
33775,42775,High,High,0.9227400369100872,0.04336999177407363,0.03388997131583896
3091,12091,High,High,0.9135829427951664,0.04946547049360261,0.036951586711231034
2057,11057,High,Low,0.15327126760374016,0.8051577345290507,0.041570997867209164
933,9933,Medium,Medium,0.0348125723769736,0.03509052381166459,0.9300969038113619
39641,48641,Medium,Medium,0.029750862151647035,0.029087408574372354,0.9411617292739806
37643,46643,High,High,0.9367877780221705,0.029367899170087555,0.033844322807741974
38111,47111,Low,Low,0.03203869455686637,0.9353431351853403,0.03261817025779334
21599,30599,Medium,Medium,0.03300979010607091,0.029649662496561202,0.9373405473973678
35680,44680,Medium,Medium,0.03262374210034787,0.033059632514258475,0.9343166253853937
34746,43746,Medium,Medium,0.030585298622950032,0.03553404014294826,0.9338806612341016
33096,42096,Medium,Medium,0.03262805716953195,0.03667384590205198,0.930698096928416
37511,46511,Medium,Medium,0.03304012097196221,0.03159674120916272,0.9353631378188751
615,9615,High,High,0.933289497005708,0.03154357159032176,0.035166931403970335
28650,37650,Medium,Medium,0.03222134043186912,0.029712691382681677,0.9380659681854491
3637,12637,Medium,Medium,0.03080266242435813,0.030693516794370036,0.9385038207812718
35341,44341,High,High,0.9318761069659844,0.034067386035705145,0.03405650699831037
4850,13850,Medium,Medium,0.03429436981415212,0.047216167041688524,0.9184894631441595
9286,18286,Medium,Medium,0.03477108613401885,0.03471181118865861,0.9305171026773226
29882,38882,Low,Low,0.03672202528634728,0.9179904413987144,0.04528753331493831
10992,19992,Medium,Medium,0.02917074445896341,0.03002743508503229,0.9408018204560044
28569,37569,Low,Low,0.031203370867921753,0.9272189411445444,0.041577687987534064
27283,36283,Medium,Medium,0.03239532823965192,0.043025837938414496,0.9245788338219336
35829,44829,Low,Low,0.032513024975984635,0.934500277316194,0.03298669770782139
4995,13995,High,High,0.9341083623209391,0.032293849201314735,0.033597788477746186
6253,15253,Medium,Medium,0.03314102346944436,0.03294943433420148,0.933909542196354
34385,43385,High,High,0.9182201768198824,0.03381888588851732,0.04796093729160036
37455,46455,Low,Low,0.03280114200822537,0.9329797301588026,0.034219127832971985
5357,14357,Low,Low,0.03139205782493126,0.9339849495346417,0.034622992640427036
32397,41397,Medium,Medium,0.03363988812857285,0.03741873235099235,0.9289413795204348
14799,23799,Low,Low,0.030124229421146165,0.9373145455288686,0.032561225049985126
19141,28141,Low,Low,0.03295202142752244,0.9314394413239283,0.03560853724854921
34135,43135,Medium,Medium,0.05054775900171671,0.04732523984318462,0.9021270011550987
2856,11856,Low,High,0.9293254089757904,0.03489461105152675,0.035779979972682834
21799,30799,Low,Medium,0.272200087703137,0.06224393940422287,0.6655559728926401
37675,46675,Medium,Medium,0.03201210369788678,0.03132520093755355,0.9366626953645597
8371,17371,Medium,Medium,0.03054498000184265,0.03396224763483422,0.9354927723633232
39084,48084,Medium,Medium,0.03275069735115544,0.03453240273682813,0.9327168999120165
2955,11955,High,High,0.9329029883197353,0.031449037154295034,0.03564797452596971
3799,12799,High,High,0.9355024483440971,0.031753202413784286,0.03274434924211849
2917,11917,High,High,0.9342382026701123,0.032547714410621875,0.03321408291926599
23713,32713,Medium,Medium,0.03588948252450928,0.0727253420905342,0.8913851753849565
23819,32819,Medium,Medium,0.031833474946685834,0.03598801023465417,0.93217851481866
33999,42999,Medium,Medium,0.03090754143737219,0.042828739971481844,0.9262637185911461
11459,20459,Low,Low,0.02923465084393466,0.9368906066972617,0.03387474245880378
8908,17908,Low,Low,0.03110455411117391,0.8834281402814127,0.0854673056074133
2603,11603,Medium,Medium,0.03531394445681517,0.03083185135957786,0.933854204183607
5500,14500,Medium,Medium,0.03170751445121469,0.04964301653139818,0.9186494690173871
16807,25807,Medium,Medium,0.03173559123873824,0.03114152641893334,0.9371228823423284
22782,31782,Medium,Medium,0.03647905368847285,0.030443290698633486,0.9330776556128937
6654,15654,Medium,Medium,0.033241562120189576,0.033124597907107894,0.9336338399727024
17857,26857,Medium,Medium,0.031785219123288695,0.028643030138887932,0.9395717507378234
25267,34267,High,Medium,0.0360342139392383,0.03468883369844485,0.9292769523623168
17711,26711,Low,Low,0.03614275602919014,0.9022655363046311,0.06159170766617874
1709,10709,Medium,Medium,0.03706628586325139,0.03250391088943723,0.9304298032473115
15973,24973,Low,Low,0.03299099523863131,0.9050146397063233,0.06199436505504541
13385,22385,Low,Low,0.03162182266303669,0.9357428660499877,0.032635311286975506
9894,18894,Medium,Medium,0.03472687947227615,0.030514009840962888,0.9347591106867608
18250,27250,Medium,Medium,0.032488315367119824,0.031236133283654485,0.9362755513492256
36303,45303,Medium,Medium,0.03426275888328495,0.03300848974748576,0.9327287513692294
28842,37842,Medium,Medium,0.03802676031553638,0.03215189221691719,0.9298213474675464
10950,19950,High,High,0.9383430842990119,0.02925452709771949,0.03240238860326867
37988,46988,High,High,0.9393431218958871,0.028761920444310234,0.03189495765980278
11464,20464,Low,Low,0.03155206881392351,0.9341289830638148,0.03431894812226174
32473,41473,Medium,Medium,0.03979666141539503,0.03068992450991252,0.9295134140746925
24086,33086,Medium,Medium,0.032939268784014264,0.033515310570577446,0.9335454206454082
2105,11105,Medium,Medium,0.03347551629045076,0.033419702017122126,0.933104781692427
21217,30217,Medium,Medium,0.034706240681691404,0.034160947001697334,0.9311328123166113
36638,45638,Low,Low,0.03415703173040094,0.9304295022447594,0.03541346602483967
36388,45388,Low,Medium,0.04076453752291389,0.41575787818389215,0.5434775842931939
10221,19221,High,High,0.9309533439688783,0.0366660371736742,0.03238061885744762
28590,37590,Medium,Medium,0.04056916972020438,0.05064347176209139,0.9087873585177042
31279,40279,Low,Low,0.03668232277539097,0.8353289201830917,0.12798875704151724
29653,38653,Low,Low,0.030166681451223986,0.9362300985553357,0.03360321999344023
13326,22326,High,High,0.934468740413431,0.03233596636568609,0.03319529322088297
35420,44420,Medium,Medium,0.03226125416506421,0.0318102517734506,0.9359284940614852
18521,27521,Medium,Medium,0.032689450007808006,0.032961880645235024,0.9343486693469569
951,9951,Medium,Medium,0.2544432784374514,0.05772640906751173,0.6878303124950369
33964,42964,High,High,0.9359988955687263,0.03067083912987592,0.03333026530139775
4710,13710,Low,Low,0.03309382579866308,0.9286172674673834,0.038288906733953534
10610,19610,Medium,Medium,0.036145028654142194,0.033036527298203514,0.9308184440476542
5319,14319,High,High,0.9315860617572259,0.034425799352389555,0.03398813889038462
13337,22337,Low,Low,0.032128971622975656,0.9362611150049571,0.03160991337206724
18712,27712,High,High,0.9356746542200742,0.03172848684923072,0.03259685893069506
23018,32018,Medium,Medium,0.034498826753834526,0.03700307835385671,0.9284980948923088
6758,15758,Medium,Medium,0.0359492497356245,0.032097049883138294,0.9319537003812371
28118,37118,Medium,Medium,0.0319372345946824,0.03197774958437325,0.9360850158209444
1528,10528,Low,Low,0.028849253374472184,0.9367231997457823,0.03442754687974547
5810,14810,Medium,Medium,0.029193776850052533,0.02863534790867305,0.9421708752412744
24110,33110,Medium,Medium,0.03236561215747722,0.0326396822798862,0.9349947055626365
11534,20534,High,High,0.9320193639116202,0.032562840477490106,0.03541779561088966
29159,38159,Medium,Medium,0.03591427900687207,0.03338685185222839,0.9306988691408996
36271,45271,Medium,Medium,0.03138559237000404,0.03310500409828268,0.9355094035317132
31420,40420,Low,Medium,0.0360430900746161,0.15777715735602746,0.8061797525693564
19107,28107,Medium,Medium,0.031695617420441656,0.031087453048004005,0.9372169295315542
20941,29941,High,High,0.9201098479790915,0.038104234235362626,0.041785917785546085
16763,25763,High,High,0.9394318183382696,0.02839266388482477,0.03217551777690559
29057,38057,Medium,Medium,0.034129344625594846,0.03622636074544172,0.9296442946289635
24043,33043,Medium,Medium,0.040459934615412335,0.033220579053446136,0.9263194863311415
3508,12508,Medium,Medium,0.031509690271885216,0.02945950372758122,0.9390308060005337
32975,41975,Medium,Medium,0.03308671972437749,0.03874519545016308,0.9281680848254595
4431,13431,Medium,Medium,0.03617484734063003,0.07194197694649461,0.8918831757128753
25046,34046,High,High,0.9342813553481427,0.03236461017077264,0.033354034481084656
888,9888,High,High,0.9342178193623014,0.031225009121786173,0.034557171515912484
20064,29064,Low,Low,0.034941016114278335,0.9321963787291639,0.032862605156557666
28189,37189,Medium,Medium,0.03389879913096302,0.029796188305105317,0.9363050125639317
6375,15375,High,High,0.9374640397774111,0.029223536294730096,0.0333124239278589
31869,40869,Medium,Medium,0.03256548880385152,0.031530434323692166,0.9359040768724562
30751,39751,Medium,Medium,0.03266447682140147,0.030937848011387034,0.9363976751672114
17904,26904,High,High,0.9329603329786645,0.03171389229272811,0.03532577472860738
3722,12722,Medium,Medium,0.03614696520964022,0.037304782440409474,0.9265482523499503
12287,21287,Medium,Medium,0.07389221285582416,0.039263354064308954,0.8868444330798669
11241,20241,Medium,Medium,0.032073437558092235,0.03255932042531587,0.9353672420165919
2289,11289,Low,Low,0.032341422017488505,0.9320822935728454,0.035576284409666016
23045,32045,High,High,0.931543750744534,0.034765774910949516,0.033690474344516386
702,9702,Medium,Medium,0.036082736576738994,0.035993333414260996,0.927923930009
26581,35581,Low,Low,0.03349573879012983,0.8930583436693147,0.07344591754055542
11190,20190,Medium,Medium,0.036960939014936356,0.04323600266244867,0.919803058322615
31943,40943,Medium,Medium,0.03231325984174455,0.02976901618751979,0.9379177239707356
18102,27102,Medium,Medium,0.03185747916264862,0.03435002586534621,0.9337924949720051
9517,18517,High,High,0.9367842393173156,0.029722794255385404,0.03349296642729895
12504,21504,Low,Low,0.02889128799480281,0.9370510929405983,0.03405761906459874
39922,48922,Low,Low,0.030187954035231057,0.8993160261622434,0.07049601980252546
7352,16352,Medium,Medium,0.040807887547233856,0.03551201629962691,0.9236800961531393
16875,25875,Low,Low,0.035675544213216025,0.9132604151286036,0.051064040658180376
7392,16392,Low,Low,0.028798182920437492,0.9401894106864069,0.031012406393155594
34714,43714,High,High,0.932188025316573,0.030763578081533776,0.03704839660189317
27115,36115,High,High,0.8841805048670444,0.06051164964771063,0.05530784548524498
13091,22091,Low,Low,0.03241164071688634,0.9342458278727056,0.03334253141040805
30696,39696,Low,Low,0.03277914980538229,0.9272710945117265,0.03994975568289121
38088,47088,Low,Low,0.028863723833886853,0.9382831375648278,0.03285313860128527
22519,31519,Medium,Medium,0.03647939748310212,0.03403236563813644,0.9294882368787615
16845,25845,High,High,0.9343903022783838,0.029602044665668643,0.03600765305594752
24098,33098,Medium,Medium,0.03241212105566698,0.0324434483631901,0.9351444305811429
12829,21829,Medium,Medium,0.029911495428813138,0.033855098897164,0.9362334056740229
9763,18763,Medium,Medium,0.03064464611289473,0.030921540133443077,0.9384338137536622
34190,43190,High,High,0.9372259249629634,0.029140025103326705,0.03363404993370982
4745,13745,Low,Low,0.034713759267903266,0.5787300597870239,0.386556180945073
12992,21992,Medium,Medium,0.030568199432177878,0.03208879587008239,0.9373430046977397
27336,36336,High,High,0.935320681120038,0.032104991808643756,0.03257432707131846
23010,32010,Low,Low,0.030253119214312646,0.9239952455478807,0.045751635237806725
1994,10994,Medium,Medium,0.031449213941605145,0.030292603641781546,0.9382581824166133
33773,42773,High,High,0.933693391769718,0.03230023469936831,0.034006373530913646
5165,14165,Medium,Medium,0.03151625568488047,0.03277400962159857,0.9357097346935209
1323,10323,Medium,High,0.9390690701157142,0.02990197599569711,0.031028953888588607
30049,39049,Medium,Medium,0.032208174641272416,0.03212520827889189,0.9356666170798357
17038,26038,Low,Low,0.03203612845214906,0.9359534494535859,0.032010422094264905
38501,47501,High,High,0.9357725339416256,0.03122033586058283,0.033007130197791466
30091,39091,Medium,Medium,0.033533121371082136,0.03604775481238844,0.9304191238165295
27314,36314,Medium,Medium,0.0335524477968099,0.04476269764581225,0.9216848545573778
22601,31601,Medium,Medium,0.0825268119633565,0.03714714815526723,0.8803260398813763
39347,48347,Medium,Medium,0.03600861210461767,0.03379686838614293,0.9301945195092394
32940,41940,Medium,Medium,0.039046147552984425,0.033119001789912735,0.9278348506571028
5956,14956,High,High,0.921396023882639,0.04255302718458378,0.0360509489327773
17166,26166,Low,Low,0.030736322644985298,0.9309528357332547,0.038310841621759996
3191,12191,Medium,Medium,0.03174617156747303,0.0315899805605691,0.9366638478719578
32117,41117,Low,Low,0.02899409860964443,0.9382567389251214,0.03274916246523424
19128,28128,High,High,0.9284471108992923,0.035016316518238756,0.036536572582468806
5498,14498,Medium,Medium,0.033610294332923556,0.030920848562581236,0.9354688571044952
16690,25690,Medium,Medium,0.03045370491667171,0.028860608297927536,0.9406856867854007
7022,16022,Medium,Medium,0.07856918587783397,0.030988537338848043,0.8904422767833179
15387,24387,Low,Low,0.052911411552547805,0.9104296351929065,0.03665895325454567
15233,24233,Medium,Medium,0.031408526489995474,0.04066031699086085,0.9279311565191436
34955,43955,Medium,Medium,0.044935046058497956,0.03126843410864118,0.9237965198328607
986,9986,Low,Low,0.030098915565737,0.9337776757857036,0.03612340864855947
26614,35614,Medium,Medium,0.03173870101197393,0.031572975014358386,0.9366883239736676
21917,30917,High,Medium,0.032673097083975707,0.03251010712781105,0.9348167957882133
17911,26911,Medium,Medium,0.05194172659560823,0.04818292681296047,0.8998753465914313
20405,29405,Medium,Medium,0.033084338521314836,0.030832230736721793,0.9360834307419634
28274,37274,Low,Low,0.03284411876999877,0.9294885206430044,0.037667360586997004
19620,28620,Medium,Medium,0.041826633315923345,0.03158935997418735,0.9265840067098893
18466,27466,High,High,0.9328564187816765,0.0309150287166082,0.03622855250171539
33374,42374,Medium,Medium,0.034084150320995814,0.0331340729124967,0.9327817767665074
32642,41642,Medium,Medium,0.047355917183258635,0.03668711657933788,0.9159569662374034
20613,29613,High,High,0.9344377326723573,0.0325471712956093,0.033015096032033515
24608,33608,Low,Low,0.031959890190904706,0.9349709916709806,0.03306911813811466
9170,18170,High,High,0.9337225118217688,0.030373826402127383,0.035903661776103685
20900,29900,High,High,0.9318369242978989,0.03285348191009602,0.035309593792005066
39312,48312,Medium,Medium,0.029912925588745077,0.030531719506385956,0.939555354904869
17174,26174,Medium,Medium,0.0330972932570457,0.032035380103326315,0.934867326639628
8271,17271,High,High,0.9317341581399998,0.0320375941232783,0.03622824773672189
24636,33636,Medium,Medium,0.031533025387252625,0.03261351739166577,0.9358534572210816
14932,23932,Medium,Medium,0.04500642209113135,0.03397161612739343,0.9210219617814751
20631,29631,High,High,0.9314675894302308,0.0319851787480044,0.036547231821764815
18301,27301,High,High,0.9339564305766433,0.0321290360542742,0.033914533369082664
28851,37851,High,Medium,0.06360743071920069,0.035140558710125086,0.9012520105706742
12594,21594,Medium,Medium,0.036512832098593795,0.03553936566067326,0.9279478022407329
31069,40069,Medium,Low,0.04466185978916833,0.5551132093700192,0.40022493084081273
26562,35562,Medium,Medium,0.030575352383646132,0.03564351563433334,0.9337811319820205
8253,17253,Medium,Medium,0.0484490254202616,0.03169461120767308,0.9198563633720654
14981,23981,High,High,0.9361918031708826,0.028909780378608804,0.03489841645050868
8332,17332,Medium,Medium,0.03225037744143063,0.02950771173424832,0.938241910824321
39265,48265,Low,Low,0.03115086270055123,0.9310251741125809,0.03782396318686776
5403,14403,High,High,0.9330858122502436,0.03123103337279014,0.035683154376966404
1029,10029,Low,Low,0.03116794749867628,0.9295760451053477,0.039256007395976074
31292,40292,Medium,Medium,0.036401679857114365,0.03637818185056074,0.9272201382923249
18507,27507,High,High,0.932905292636244,0.031245956344174226,0.03584875101958166
376,9376,High,High,0.9359047246314528,0.030084269616858634,0.03401100575168862
33569,42569,Medium,Medium,0.03353859900918142,0.030097136411863377,0.936364264578955
23459,32459,Medium,Medium,0.030975759134698674,0.031923000724943945,0.9371012401403572
6031,15031,Medium,Medium,0.0317948726191353,0.031299841018324816,0.9369052863625399
20414,29414,Medium,Medium,0.03858458591513792,0.03173625624120265,0.9296791578436595
14378,23378,High,Medium,0.034528073722894695,0.029956779488698928,0.9355151467884064
13789,22789,High,High,0.9374219159635252,0.029538565021581514,0.033039519014893215
2842,11842,High,High,0.9388601963603039,0.028857551286196315,0.032282252353499796
32797,41797,Medium,Medium,0.03647394340853171,0.033572243172543044,0.9299538134189252
39066,48066,High,Low,0.029494094787847147,0.937510730740732,0.032995174471420856
30147,39147,Low,Low,0.034448827606844284,0.9214484636143391,0.044102708778816634
26093,35093,Medium,Low,0.11118524487797543,0.49489304747836393,0.3939217076436606
25783,34783,Low,Low,0.03364699325581478,0.9163913319127777,0.0499616748314075
37370,46370,High,High,0.9298712755549358,0.035243739419405805,0.03488498502565842
11136,20136,Medium,Medium,0.030519780330009932,0.036821859684244194,0.9326583599857458
34411,43411,Medium,Medium,0.02981348693191461,0.031326865237790665,0.9388596478302947
39733,48733,Medium,Medium,0.04230392079671902,0.04536663007469175,0.9123294491285893
23533,32533,High,High,0.9352170807538145,0.032279897092837274,0.032503022153348285
18283,27283,Low,Low,0.028998252584081303,0.935840796913456,0.03516095050246262
39852,48852,Medium,Medium,0.03046814394691158,0.030894810559192715,0.9386370454938957
36994,45994,Medium,Medium,0.030436116147150777,0.030532206390656,0.9390316774621931
12697,21697,Medium,Medium,0.033174477958707455,0.04359018562835304,0.9232353364129394
17724,26724,Low,Low,0.029795846602321856,0.9386659260789377,0.03153822731874055
464,9464,High,Medium,0.030839421623954838,0.030720091694041374,0.9384404866820036
5823,14823,High,High,0.9172010546820494,0.031649363777696914,0.05114958154025371
31599,40599,Medium,Medium,0.035847428772297955,0.03608045013674377,0.9280721210909583
25882,34882,High,High,0.9315139508638967,0.03103197304830706,0.037454076087796336
11533,20533,Low,Low,0.030206657716135777,0.9256301089378485,0.04416323334601574
1841,10841,Medium,Medium,0.03096419184207908,0.03085236345590568,0.9381834447020153
10717,19717,High,High,0.9283080823790683,0.03180977448520667,0.03988214313572519
3095,12095,Low,Low,0.03179865706900093,0.9360994048604158,0.03210193807058323
35458,44458,Low,Low,0.02943640756873651,0.9390482010046425,0.03151539142662096
38528,47528,High,High,0.936028151105868,0.029145536496125238,0.034826312398006806
25861,34861,Medium,Medium,0.04672372378946752,0.03209821037321405,0.9211780658373184
34502,43502,Low,High,0.9050868849787813,0.04791392908299039,0.04699918593822827
33399,42399,Low,Low,0.031421446367440174,0.9369031118390162,0.031675441793543584
16882,25882,Medium,Medium,0.031100571798691943,0.03311688677806421,0.9357825414232438
29348,38348,Medium,Medium,0.035191258083751564,0.03193334832617618,0.9328753935900723
34533,43533,High,High,0.9381189892306775,0.028004585676055363,0.033876425093267215
10406,19406,High,High,0.9143835965394024,0.03779667873999607,0.04781972472060145
16578,25578,Medium,Medium,0.03091573497402854,0.03249587288173758,0.936588392144234
31277,40277,High,High,0.9305591432697998,0.03555929398106295,0.033881562749137235
36682,45682,Medium,Medium,0.030918772819371675,0.029608374910404148,0.9394728522702241
19459,28459,Low,High,0.9378976204252356,0.028971496164616722,0.03313088341014766
16384,25384,Low,Low,0.03410928407014735,0.929030808426739,0.036859907503113694
31529,40529,Medium,Medium,0.03576264716237817,0.049419199516382246,0.9148181533212396
13597,22597,Medium,Medium,0.03547014461246461,0.03618535535733735,0.9283445000301981
12839,21839,Medium,Medium,0.03130147536517239,0.03621086540002021,0.9324876592348073
7053,16053,Medium,Medium,0.03366483811895305,0.06398866427842312,0.902346497602624
29255,38255,Low,Low,0.029959789046947,0.9300653895912917,0.0399748213617614
22529,31529,Low,Low,0.029091800368689306,0.9386152956124209,0.03229290401888982
998,9998,Medium,Medium,0.03714358838008664,0.030683343756019037,0.9321730678638943
18184,27184,Low,Medium,0.032119832439433615,0.04482866895843726,0.9230514986021291
22830,31830,High,High,0.9327172377851255,0.034526495887465175,0.03275626632740949
20836,29836,High,High,0.9228541830225173,0.04218368103036781,0.03496213594711485
2306,11306,Medium,Medium,0.041061889766849546,0.04185199421518229,0.9170861160179681
34094,43094,Medium,Medium,0.03687380737852907,0.03568605982938746,0.9274401327920835
11569,20569,Medium,Medium,0.034538368460962234,0.03759679152149061,0.9278648400175472
8117,17117,Medium,Medium,0.031003392338694435,0.030169561226143476,0.9388270464351622
30323,39323,Low,Medium,0.031138376511792475,0.0532103649382377,0.9156512585499699
22003,31003,Medium,Medium,0.03018886971536991,0.02995761051387465,0.9398535197707555
17502,26502,Low,Low,0.035116591588044414,0.9202947401507636,0.04458866826119199
845,9845,Medium,Medium,0.029415372699026235,0.0296591712973126,0.9409254560036611
12817,21817,Medium,Medium,0.033827506259736045,0.03710336403910805,0.9290691297011558
1646,10646,Medium,Medium,0.03183514891586627,0.034374021524265656,0.933790829559868
27972,36972,High,Low,0.030802220787643064,0.936690149858662,0.03250762935369499
27323,36323,High,High,0.9299112965175987,0.03259546935608824,0.037493234126313064
11656,20656,Medium,Medium,0.02998251502373034,0.03565968161829388,0.9343578033579757
11791,20791,Medium,Medium,0.02949876479627687,0.029639058282732986,0.9408621769209901
38432,47432,Medium,Medium,0.03085609900300008,0.03344790140629766,0.9356959995907022
37477,46477,Medium,Medium,0.03172104155241493,0.033120892765592186,0.935158065681993
37848,46848,High,High,0.9209141381297606,0.0347774168280311,0.044308445042208155
36937,45937,Low,Low,0.02972329711638809,0.9314848490831428,0.038791853800469185
7147,16147,Low,Low,0.032484938899725535,0.9202475130098824,0.047267548090392096
3154,12154,Medium,Medium,0.0333522384209953,0.02982374622888424,0.9368240153501205
13269,22269,Low,Low,0.030074371773275172,0.9357542983864087,0.03417132984031613
32170,41170,Medium,Medium,0.03365251199162057,0.03189573290309952,0.9344517551052798
22820,31820,High,High,0.9327010274342031,0.030132573999327516,0.037166398566469326
32686,41686,Medium,Medium,0.03212226715776788,0.033724731056477476,0.9341530017857546
22609,31609,Low,Low,0.04285777212058551,0.9114004237706119,0.045741804108802554
7367,16367,Medium,Medium,0.033035132779286935,0.029858062234854266,0.9371068049858589
6021,15021,Low,Low,0.03201716835365429,0.9370305580887274,0.030952273557618305
15859,24859,Medium,Medium,0.03597449995136886,0.03747999210327177,0.9265455079453595
26190,35190,Medium,Medium,0.03286209993529937,0.03212386769414057,0.9350140323705601
39316,48316,High,Medium,0.03437647809417508,0.056544154587685656,0.9090793673181393
19739,28739,High,High,0.9351606615009449,0.03234666614582591,0.032492672353229196
33110,42110,Low,Low,0.034194879469144755,0.9303629256980509,0.035442194832804315
27690,36690,High,High,0.9274144286389507,0.03247839445704883,0.040107176904000584
6715,15715,Low,Low,0.03133379084741602,0.9214247562451655,0.047241452907418637
5155,14155,High,High,0.9374525210874102,0.029651923204001843,0.03289555570858789
7601,16601,Medium,Low,0.045990481462228984,0.7577517623698315,0.19625775616793947
22743,31743,Medium,Medium,0.03501410347596784,0.031042984783548028,0.9339429117404842
38036,47036,Medium,Medium,0.030420079054156886,0.031755984945887585,0.9378239359999555
33922,42922,Medium,Medium,0.03181917239056389,0.035741715047661625,0.9324391125617746
24276,33276,Medium,Low,0.03016484585420413,0.937998827546816,0.031836326598979704
30239,39239,High,High,0.9388264497290049,0.029377968167551494,0.03179558210344363
27913,36913,High,High,0.9278137684904685,0.03326166390802241,0.03892456760150914
2472,11472,Medium,Medium,0.03089787462018885,0.0331103824386501,0.935991742941161
21826,30826,High,High,0.9303701335163487,0.034265199250067054,0.03536466723358409
36229,45229,High,High,0.9317946675070705,0.03509035651072747,0.03311497598220204
31657,40657,Medium,Medium,0.031575447180813385,0.032960215688970985,0.9354643371302157
4017,13017,High,High,0.9291649114782047,0.029867582864789133,0.04096750565700611
18441,27441,Medium,Medium,0.033216960857053834,0.12005728214902134,0.8467257569939249
13039,22039,Medium,Medium,0.034754412600041217,0.030139454052931298,0.9351061333470275
189,9189,Medium,Medium,0.03429223944046932,0.037877478259739916,0.9278302822997908
32492,41492,Medium,Medium,0.03189231539878463,0.03202603215386864,0.9360816524473466
20362,29362,Medium,Medium,0.03531403779054237,0.03183304063123562,0.9328529215782219
12622,21622,High,High,0.9114390284573953,0.04466053757984007,0.043900433962764634
11385,20385,High,Medium,0.055799155425251164,0.049467028442398954,0.89473381613235
6738,15738,Medium,Medium,0.031193349082495492,0.03715573861056995,0.9316509123069346
6068,15068,Medium,Low,0.040397154266954276,0.9269641304500591,0.03263871528298668
2232,11232,High,High,0.9272763023103202,0.03525959857957963,0.03746409911010013
34483,43483,Medium,Medium,0.04094074723613914,0.06633942812424966,0.8927198246396112
16833,25833,Medium,Medium,0.04909721586461457,0.03850490147757362,0.9123978826578117
2053,11053,High,High,0.9398398418028137,0.029098611612349518,0.03106154658483697
24,9024,High,High,0.9236473871533685,0.030207795363189915,0.04614481748344159
2749,11749,Low,Medium,0.033874468967957476,0.0327328990356441,0.9333926319963984
12275,21275,Low,Low,0.03137114808454933,0.9267541397669529,0.04187471214849794
185,9185,High,High,0.9174187933472293,0.03287043623764638,0.049710770415124284
12041,21041,Medium,Medium,0.03619696908297838,0.03765997431624701,0.9261430566007746
13735,22735,High,High,0.9368798835271693,0.030322076615646634,0.03279803985718404
4832,13832,High,High,0.9122968226902121,0.03258311937692084,0.055120057932867145
193,9193,Medium,Medium,0.03267943867632849,0.03902608655776133,0.9282944747659102
23208,32208,Medium,Medium,0.0325652489584839,0.033101498690984214,0.934333252350532
31270,40270,Medium,Medium,0.0334009376648772,0.07007786793802384,0.8965211943970989
36187,45187,Low,Low,0.038662629632086006,0.9176163335708871,0.04372103679702683
33535,42535,High,High,0.9359220808307623,0.028970303396922106,0.03510761577231561
5017,14017,High,High,0.9343971033762936,0.032006272799684383,0.03359662382402195
20077,29077,Medium,Medium,0.03344036700922526,0.03182363656354781,0.9347359964272268
17205,26205,Low,Low,0.0396932798998371,0.6654029688651192,0.2949037512350438
36395,45395,High,High,0.9202355788379433,0.034193497763938784,0.045570923398118045
5888,14888,Medium,Low,0.03214908699633661,0.9344592645493366,0.03339164845432675
3894,12894,High,High,0.9319502427157458,0.031235425453195045,0.036814331831059276
18269,27269,Medium,Medium,0.03389798562949111,0.03905915022276438,0.9270428641477446
13701,22701,Medium,Medium,0.03477014591317087,0.03359902659350292,0.9316308274933262
51,9051,High,Medium,0.03197003375645789,0.03724963441247032,0.9307803318310718
33951,42951,Low,Low,0.037148467629673415,0.9270580867112272,0.0357934456590995
8573,17573,High,High,0.9253153938872075,0.03759516418997098,0.037089441922821494
2883,11883,High,High,0.9320486902627917,0.02998066298948789,0.03797064674772041
22837,31837,High,High,0.9349168515182239,0.029964652016088816,0.03511849646568719
2134,11134,Low,Low,0.03324118910022587,0.9336596352479013,0.033099175651872904
20220,29220,High,High,0.9290379056965513,0.03445826888181928,0.03650382542162936
3262,12262,Medium,Medium,0.030183838902969717,0.031920013875787946,0.9378961472212423
36601,45601,Medium,Medium,0.031799349680998644,0.032578735429392616,0.9356219148896088
15404,24404,High,High,0.9304078653307162,0.028309882523823892,0.04128225214545992
14529,23529,High,High,0.9266287280430997,0.03501411222197696,0.03835715973492332
2562,11562,High,Low,0.03075403436779714,0.9213762171541998,0.047869748478003064
29444,38444,Medium,Medium,0.23144318004163386,0.05077058670798889,0.7177862332503772
23779,32779,Medium,Medium,0.0312058287935624,0.03197503677941976,0.9368191344270179
17869,26869,High,High,0.9294604001182982,0.0336021354215198,0.036937464460182035
3904,12904,Medium,Medium,0.032453339128992086,0.034552603255169546,0.9329940576158383
29706,38706,Low,Low,0.041700145737300943,0.9190327466061493,0.039267107656549775
18745,27745,High,High,0.9337349630947522,0.03166407064211715,0.03460096626313059
15861,24861,High,High,0.9359753823232596,0.029623568026921603,0.034401049649818834
29512,38512,Medium,Medium,0.03229655736906991,0.03217721305787783,0.9355262295730523
18513,27513,High,High,0.9277851071322901,0.030527997061673515,0.04168689580603637
8480,17480,Medium,Medium,0.029624779592313116,0.029952211270402245,0.9404230091372846
2298,11298,High,High,0.9357968061840882,0.03137484140467031,0.03282835241124152
34995,43995,Low,Low,0.0317651395104595,0.9335532148548494,0.03468164563469105
13247,22247,Medium,Medium,0.03243050525474511,0.05582982152477386,0.911739673220481
28603,37603,Medium,Medium,0.03473777482732041,0.03497972560806419,0.9302824995646154
36431,45431,High,High,0.9175374924819142,0.03205001073224953,0.050412496785836425
3818,12818,Medium,Medium,0.029536924124764354,0.029761123866031334,0.9407019520092045
24758,33758,Low,Low,0.03290185332843804,0.9342800045333073,0.03281814213825465
18800,27800,Low,Low,0.03185190376971697,0.9127122153851817,0.05543588084510139
16641,25641,Low,Low,0.03021958529315985,0.9338403341676198,0.03594008053922032
6639,15639,Medium,Medium,0.04811813867103571,0.033269540771111265,0.9186123205578531
37903,46903,Medium,Medium,0.030778770305169994,0.031708732009542294,0.9375124976852877
26741,35741,Medium,Medium,0.03632158435823499,0.03164890349473176,0.9320295121470332
9070,18070,Low,Low,0.03004702830262911,0.9331478651927902,0.03680510650458065
10885,19885,Medium,Medium,0.03297433505423103,0.030181533426698243,0.9368441315190706
18261,27261,High,High,0.9352712348918159,0.029080330055632642,0.035648435052551414
25373,34373,Medium,Medium,0.03059920201076513,0.03524254191938813,0.9341582560698468
31588,40588,Medium,Medium,0.030870409926895742,0.03243354531500129,0.936696044758103
519,9519,Low,Low,0.03082195350462098,0.9360427684147262,0.033135278080652794
5462,14462,Medium,Medium,0.03354940108341071,0.02951446608620507,0.9369361328303842
25544,34544,Medium,Medium,0.035719672573638235,0.03038039014566245,0.9338999372806994
18220,27220,Low,Medium,0.04486581627485046,0.030131763386450388,0.9250024203386992
23561,32561,Medium,Medium,0.0413285774762549,0.049785562844671116,0.908885859679074
1858,10858,Low,Medium,0.033412634510675804,0.04405531265957219,0.9225320528297519
29091,38091,Medium,Medium,0.03297579837147727,0.033687039851891115,0.9333371617766316
18478,27478,Medium,Medium,0.02968813969744241,0.03419009828759143,0.9361217620149661
3879,12879,High,High,0.9358412146728883,0.02970314075270762,0.03445564457440406
17150,26150,Medium,Medium,0.036764775544413875,0.032975849525805664,0.9302593749297805
9939,18939,Medium,Medium,0.038616626458472095,0.08149906470359365,0.8798843088379343
30043,39043,Medium,Medium,0.03244428908020124,0.03132213819795417,0.9362335727218446
26293,35293,High,High,0.9365002696498888,0.029586576456779506,0.03391315389333182
35022,44022,Medium,Medium,0.03107601481030324,0.030413074666716656,0.9385109105229801
36305,45305,High,Medium,0.030619572455370492,0.035229836684238604,0.934150590860391
25363,34363,High,High,0.8992678120423347,0.030632493103158433,0.07009969485450677
23506,32506,Medium,Medium,0.03914335621726034,0.04520583235397047,0.9156508114287693
38365,47365,Low,Low,0.029293340372460275,0.9318470109948542,0.03885964863268548
14844,23844,High,High,0.9347454836622928,0.03186533474452766,0.03338918159317955
22234,31234,High,High,0.9364790375659182,0.03200118784758122,0.03151977458650052
32200,41200,Medium,Medium,0.1851753975391448,0.0384773708652524,0.7763472315956029
36909,45909,Medium,High,0.927582781047764,0.03793790769622383,0.034479311256012155
28532,37532,Medium,Medium,0.04028056004765175,0.03978481258745889,0.9199346273648894
21389,30389,High,High,0.9290074554236987,0.03459910573025939,0.03639343884604189
24064,33064,Low,Low,0.029341970851972498,0.9342073111792293,0.03645071796879825
32751,41751,High,High,0.9329421428739307,0.033480459057468416,0.03357739806860089
39896,48896,Medium,Medium,0.03278266024245497,0.034764808326235054,0.93245253143131
38841,47841,Medium,Medium,0.03621861765887601,0.03383495748602857,0.9299464248550953
7780,16780,Medium,Low,0.037383074730371606,0.8940602582578517,0.06855666701177655
21372,30372,Medium,Medium,0.030009482158961747,0.03239052357940469,0.9375999942616335
3598,12598,Medium,Medium,0.03125472127251839,0.031929569845530144,0.9368157088819515
15225,24225,Medium,Medium,0.03469065003896867,0.03156139558235361,0.9337479543786777
7711,16711,Low,Low,0.030341024192663577,0.9362175071830975,0.03344146862423889
19189,28189,Low,Low,0.04421395476494371,0.9197487674396932,0.03603727779536298
25893,34893,Low,Low,0.029657043734529372,0.9365594320223677,0.033783524243102915
19334,28334,Low,Low,0.03264924622963339,0.9342240193370849,0.03312673443328171
11332,20332,Medium,Medium,0.0302819704936735,0.031240970066854824,0.9384770594394717
30030,39030,High,High,0.9364820632123609,0.030526641509485242,0.0329912952781538
24775,33775,Medium,Medium,0.037853419048695845,0.05842592511006178,0.9037206558412424
18226,27226,Medium,Medium,0.0327842822198338,0.03086640232080427,0.936349315459362
29290,38290,High,High,0.935117484565211,0.032143477902387634,0.03273903753240139
3314,12314,Medium,Medium,0.03048713743513183,0.03298908569403105,0.9365237768708372
14632,23632,Low,Low,0.03136680424942284,0.9365883448053737,0.03204485094520345
20989,29989,Medium,Medium,0.035122831632327434,0.055304167571021724,0.9095730007966508
38619,47619,High,High,0.9377479916492325,0.030342232927943236,0.03190977542282415
20114,29114,Medium,Medium,0.04160920908398713,0.03491260925860658,0.9234781816574064
39086,48086,Medium,Medium,0.03549684456146918,0.0348081354526418,0.929695019985889
24773,33773,Low,Low,0.030098563965697073,0.9354951869897216,0.03440624904458132
24126,33126,High,High,0.9343305738378458,0.030964783705298298,0.034704642456855846
11270,20270,High,High,0.927980015669213,0.03192519763842935,0.040094786692357755
12020,21020,High,High,0.9371011598831188,0.030410451677176754,0.03248838843970438
22274,31274,Medium,Medium,0.04529743461371625,0.03596400812606598,0.9187385572602178
2837,11837,Medium,Medium,0.03396919063081392,0.032880450540823974,0.9331503588283621
32843,41843,Medium,Medium,0.03576263265890709,0.04582594871230227,0.9184114186287906
20246,29246,Medium,Medium,0.03658637263290682,0.04363684411533451,0.9197767832517587
22025,31025,Low,Low,0.029829969201068483,0.9346962750468939,0.03547375575203764
35014,44014,Medium,Medium,0.030487542679087418,0.03130546546460753,0.9382069918563051
3907,12907,High,High,0.9345438310137094,0.030803956549172753,0.034652212437117934
6921,15921,High,Low,0.03016663741863058,0.931283894303017,0.0385494682783525
9812,18812,Medium,Medium,0.032851481113870346,0.03294921389269571,0.934199304993434
26333,35333,High,High,0.9328759963291126,0.03137922012525338,0.03574478354563413
26920,35920,Medium,Medium,0.03822766079611265,0.03559411603819713,0.9261782231656902
30838,39838,Low,Low,0.02982427391736292,0.9374530811038121,0.032722644978825106
31383,40383,High,High,0.9149797683737703,0.049458615199568325,0.03556161642666145
1614,10614,Medium,Medium,0.035208076937444495,0.03295809000671628,0.9318338330558392
34076,43076,High,High,0.9228186251259728,0.032129594699604226,0.04505178017442294
8239,17239,Medium,Medium,0.038649203947815826,0.029396984517910753,0.9319538115342733
38866,47866,Medium,Medium,0.03198371562928029,0.030049337251347934,0.9379669471193718
39925,48925,Medium,Medium,0.035249246984234574,0.04221088874985421,0.9225398642659112
22448,31448,Medium,Medium,0.029813997417702204,0.029161077562580462,0.9410249250197174
18553,27553,High,High,0.9352550556835721,0.030172048183135725,0.034572896133292154
37352,46352,High,High,0.9352940845037575,0.029440321827252747,0.03526559366898975
17364,26364,High,High,0.7554966931877299,0.03485245746042854,0.20965084935184133
37328,46328,Medium,Medium,0.035319712186603534,0.03848131553157485,0.9261989722818216
21620,30620,Medium,Medium,0.03218364021463255,0.03616619542167146,0.931650164363696
32164,41164,Medium,Medium,0.032978141589770534,0.03201844244311886,0.9350034159671106
20394,29394,Low,Low,0.03052700360961814,0.9244698790004255,0.04500311738995636
7756,16756,High,High,0.9389432029360797,0.02858149621493185,0.03247530084898845
12361,21361,Medium,Medium,0.03445794421252456,0.029539735611390474,0.936002320176085
11897,20897,Medium,Medium,0.03412546837787921,0.03930693861162279,0.926567593010498
26743,35743,Medium,Medium,0.034558015621955186,0.04000194391015652,0.9254400404678883
38476,47476,Medium,Medium,0.04650870154808181,0.03406765461345278,0.9194236438384654
1902,10902,Medium,Medium,0.03166535442167328,0.045646454649071605,0.9226881909292551
5728,14728,Medium,Medium,0.033478356433907334,0.03480038396108225,0.9317212596050105
9234,18234,Medium,Medium,0.03178361135813989,0.032455675601277996,0.9357607130405823
36126,45126,Medium,Medium,0.030387892745538467,0.03904263853762368,0.9305694687168377
23834,32834,Low,Low,0.0342090831842554,0.9261708941011356,0.03962002271460908
8281,17281,Medium,Medium,0.03605697677040768,0.032905244586011496,0.931037778643581
33541,42541,Medium,Medium,0.034275220638454305,0.030705134460877376,0.9350196449006684
26033,35033,Medium,Medium,0.034946242282720856,0.06827278840835126,0.8967809693089278
32285,41285,High,High,0.9373462462647728,0.02932752979251797,0.033326223942709295
18410,27410,Low,Low,0.029685623306354474,0.9271961274835064,0.04311824921013895
23543,32543,Low,Low,0.03642463621167059,0.9187298433366893,0.04484552045164019
19890,28890,Medium,Medium,0.03239489189409831,0.03311091335992473,0.934494194745977
21520,30520,High,High,0.9389507171212307,0.02945272641305767,0.031596556465711474
11504,20504,High,High,0.9329277068048244,0.032684845024603976,0.03438744817057156
17449,26449,High,Medium,0.031232738800068955,0.02890726739478391,0.9398599938051472
23523,32523,Low,Low,0.02941101139828173,0.9382552482560405,0.032333740345677944
39711,48711,Low,Low,0.04000389577806529,0.8036152430747004,0.1563808611472343
28078,37078,Medium,Medium,0.04191316232605763,0.03366028081644542,0.924426556857497
37151,46151,Medium,Medium,0.03246812090168399,0.03165784564710621,0.9358740334512098
12961,21961,Medium,Medium,0.033514753420407294,0.03561392078015079,0.9308713257994419
16505,25505,High,High,0.9150831594146789,0.03155803574058236,0.0533588048447386
3002,12002,Medium,Medium,0.04087201985353627,0.0534648994743675,0.9056630806720962
14421,23421,Low,Low,0.028800222062396946,0.9380149138018772,0.03318486413572581
10249,19249,Low,Low,0.032503968412571665,0.9316707503969278,0.03582528119050055
35282,44282,Low,Low,0.02988824529908166,0.9389226135756013,0.03118914112531701
10910,19910,High,High,0.9336715966578195,0.030575449362477813,0.03575295397970273
29424,38424,High,High,0.9362819447754106,0.03033791838080484,0.03338013684378449
16188,25188,High,High,0.9364517976617281,0.02995547075579445,0.03359273158247742
39418,48418,High,High,0.9368173383690208,0.03123872884493446,0.031943932786044744
34810,43810,Low,Low,0.03199872950816395,0.9309644789228121,0.037036791569023855
17627,26627,Medium,Medium,0.03063539102998585,0.033455260953167455,0.9359093480168467
10079,19079,Medium,Medium,0.04018226820163612,0.03346913267344315,0.9263485991249207
28235,37235,Medium,Medium,0.031926070948671524,0.030652754058278994,0.9374211749930494
16715,25715,High,High,0.9378356767109297,0.028898782583003133,0.033265540706067166
29679,38679,High,High,0.7414424604195885,0.03416330814522368,0.22439423143518775
29425,38425,High,High,0.9366732515641477,0.029122388237595404,0.03420436019825678
18314,27314,High,High,0.9365217184024898,0.031250430083213245,0.03222785151429713
12296,21296,Medium,Medium,0.03789761868931326,0.035504788334950695,0.9265975929757361
6209,15209,Medium,Medium,0.0465135042436454,0.06133110048536774,0.8921553952709869
31097,40097,Low,Low,0.04495611512226749,0.919594078627191,0.035449806250541574
4234,13234,Medium,Medium,0.0317754326675292,0.03473697529674376,0.9334875920357271
27342,36342,Low,Medium,0.03615823702759396,0.33868822016998684,0.6251535428024192
12,9012,High,Low,0.03166181985535224,0.9282815123664939,0.04005666777815369
20447,29447,High,High,0.9363984815262176,0.03125453093920501,0.03234698753457725
29980,38980,Medium,Medium,0.03165900068130003,0.03229489439136775,0.9360461049273323
2581,11581,Medium,Medium,0.03439753860251537,0.06493713120670257,0.900665330190782
27704,36704,High,High,0.9333817849269607,0.030247230422399362,0.0363709846506399
37319,46319,Medium,Medium,0.034006648435427084,0.034334974669376316,0.9316583768951965
28485,37485,Medium,Medium,0.029726847290052972,0.029092919875738806,0.9411802328342082
10491,19491,Medium,Medium,0.03477363556456957,0.039678707502244205,0.9255476569331863
16350,25350,Low,Low,0.02936870818796034,0.9383957203041392,0.032235571507900594
1900,10900,Low,Low,0.03608034254051274,0.9064559773407078,0.05746368011877934
22004,31004,Medium,Medium,0.030748345143660528,0.053203747829014325,0.9160479070273252
32050,41050,Low,Low,0.03090056020243617,0.9373520366884031,0.031747403109160764
14910,23910,Low,Low,0.030953133393677154,0.9274735832007797,0.04157328340554319
14835,23835,Medium,Medium,0.04528302578873195,0.20477886064370562,0.7499381135675623
35504,44504,Low,Low,0.029701384187021476,0.9346222647872144,0.03567635102576417
6942,15942,Medium,Medium,0.031014662162744348,0.028555699970190408,0.9404296378670652
22724,31724,High,High,0.9373939841170652,0.029095415736729923,0.033510600146204925
34122,43122,High,High,0.9155980800801999,0.03891344393810164,0.04548847598169847
9995,18995,High,High,0.9353706161056828,0.03170877046772319,0.032920613426593894
8165,17165,Medium,Medium,0.036007664574889124,0.034290726754229846,0.929701608670881
18733,27733,Low,Low,0.03646035936252888,0.9264018476061242,0.0371377930313469
32556,41556,Medium,Medium,0.03593968511762121,0.032001579687898137,0.9320587351944806
25238,34238,Medium,Medium,0.031042566644788494,0.030951740279005418,0.9380056930762061
18515,27515,Medium,Medium,0.03419578393427347,0.03110825869114489,0.9346959573745816
39727,48727,Medium,Medium,0.06290526901223513,0.037620151851849255,0.8994745791359154
22365,31365,High,Medium,0.034517442017211956,0.03330022764566798,0.9321823303371201
7520,16520,Low,Low,0.036436422347182564,0.5698419587806786,0.3937216188721389
12712,21712,High,High,0.936022835365551,0.03031049070928198,0.033666673925167055
27545,36545,Low,Low,0.03148706043596989,0.9330227982268472,0.035490141337182986
5860,14860,Low,Low,0.04500855749004686,0.8924327490193105,0.0625586934906427
25679,34679,Medium,Medium,0.03023979197591319,0.030624751696885093,0.9391354563272017
27928,36928,Medium,Medium,0.03038103902260737,0.02959784081831333,0.9400211201590795
29602,38602,Medium,Medium,0.03145883539858934,0.03048700142723115,0.9380541631741796
6512,15512,Medium,Medium,0.03576731358149651,0.04945738276579356,0.9147753036527099
6494,15494,Low,Low,0.03658542334074084,0.9295871632755551,0.0338274133837039
31950,40950,High,High,0.9329251872572256,0.030829383144129002,0.036245429598645476
38721,47721,Low,Low,0.033832876365131596,0.8678489399767454,0.09831818365812305
33831,42831,Medium,Medium,0.04217100205348375,0.05571094705463003,0.9021180508918861
38484,47484,Medium,Medium,0.03231318262170823,0.032269221296935484,0.9354175960813563
23941,32941,Medium,Medium,0.031095083230935894,0.029077835823985248,0.9398270809450788
10062,19062,Medium,Medium,0.03369760940442031,0.033671470678564394,0.9326309199170152
14564,23564,High,High,0.9218506187913769,0.03770865797463343,0.04044072323398973
8481,17481,Medium,Medium,0.053990741045577495,0.03250173861880314,0.9135075203356194
20489,29489,Medium,Medium,0.03540509085987281,0.03582856098819871,0.9287663481519285
17731,26731,Medium,Medium,0.03776011961217712,0.03362624597863459,0.9286136344091882
23839,32839,Medium,Medium,0.03544981884801778,0.03327446992287494,0.9312757112291071
8132,17132,High,High,0.9333272246495019,0.03244588954500437,0.034226885805493816
36911,45911,High,High,0.9314932825918154,0.02996947156514478,0.03853724584303985
927,9927,Medium,Medium,0.03263987527370015,0.03317888795127046,0.9341812367750294
1773,10773,Medium,Medium,0.039578189896898326,0.04457697676299512,0.9158448333401066
7813,16813,Medium,Medium,0.037107739935145934,0.16768843726476526,0.7952038228000887
14057,23057,High,High,0.9259479354899152,0.03783029086102251,0.03622177364906231
28634,37634,Low,Low,0.02937901801173859,0.9389832929936652,0.03163768899459622
28068,37068,Low,Medium,0.03409860768512752,0.037115940111610235,0.9287854522032623
38223,47223,Medium,Medium,0.03256681168711694,0.033212679056933835,0.9342205092559492
20582,29582,High,High,0.9384947418118789,0.028752317974549354,0.03275294021357194
35684,44684,High,Medium,0.04072953080319062,0.034932485317410084,0.9243379838793992
17508,26508,Medium,Medium,0.03384100014065671,0.038773666079896414,0.9273853337794469
17392,26392,Medium,Medium,0.032727751545021395,0.041912525295041914,0.9253597231599366
11898,20898,Medium,Medium,0.03253276542905768,0.03248915319426198,0.9349780813766803
34325,43325,High,High,0.9338429850102608,0.030185737067184155,0.035971277922555056
31190,40190,Medium,Medium,0.03152618044997538,0.0346742172808197,0.9337996022692048
10830,19830,Medium,Medium,0.036756620639300776,0.03485011935385502,0.9283932600068442
7315,16315,High,High,0.939189848853568,0.029513625915091834,0.03129652523134024
37304,46304,Medium,High,0.6671472090604187,0.04102292338874249,0.29182986755083884
4577,13577,Medium,Medium,0.031054875610426913,0.03144642292425526,0.9374987014653179
1095,10095,Medium,Medium,0.03301889012884088,0.036538266280349375,0.9304428435908098
33973,42973,Low,Low,0.034827009539096766,0.8888108823272267,0.07636210813367643
6775,15775,Medium,Medium,0.036323232771256674,0.05289839765225964,0.9107783695764837
30876,39876,Low,Low,0.030050646541367177,0.9358789844427148,0.03407036901591806
39979,48979,Medium,Medium,0.035379568368233805,0.03436648493671902,0.9302539466950472
23851,32851,Low,Low,0.03611781712281709,0.9296664837098171,0.03421569916736584
23512,32512,High,High,0.9371717258361528,0.030051066104108487,0.03277720805973864
3372,12372,High,Medium,0.03245831264977362,0.03678887304694509,0.9307528143032813
34759,43759,Medium,Medium,0.04013738485154912,0.038428255538810546,0.9214343596096404
15189,24189,Low,Low,0.0352425330544951,0.9187942815393143,0.045963185406190564
15693,24693,Medium,Medium,0.04951126550040052,0.031320695214788315,0.9191680392848113
27164,36164,Medium,Medium,0.04511926421749204,0.03396271346296146,0.9209180223195466
2085,11085,Medium,Medium,0.03432044133353396,0.07262631446279398,0.893053244203672
10376,19376,High,High,0.9343600422218717,0.03144254828273374,0.03419740949539448
26213,35213,Medium,Medium,0.029415616984759058,0.02983529468928695,0.9407490883259539
2734,11734,Medium,Medium,0.030505844397824066,0.032023271455358784,0.9374708841468172
19953,28953,Medium,Medium,0.03716507203057534,0.033021649285934096,0.9298132786834904
1665,10665,High,Medium,0.029047352908692092,0.028519417029898454,0.9424332300614093
8914,17914,Low,Low,0.034340736883849594,0.9328284988871488,0.03283076422900153
14971,23971,High,High,0.9343295452116971,0.031249746757423983,0.0344207080308789
10304,19304,Low,Low,0.03199999504847722,0.9342965926338552,0.033703412317667485
26873,35873,Medium,Medium,0.034719318951028096,0.038479704559023206,0.9268009764899486
29008,38008,Medium,Medium,0.03293870789366626,0.030360540405792145,0.9367007517005416
17231,26231,Medium,Medium,0.0382224661672891,0.033797887781292175,0.9279796460514187
17275,26275,Medium,Medium,0.02988928385407837,0.029511243093512735,0.940599473052409
18194,27194,Medium,Medium,0.0347792210039563,0.03213016240256081,0.9330906165934829
27992,36992,Low,Low,0.02994277498382167,0.9360107054648278,0.034046519551350476
21034,30034,Medium,Medium,0.031076804980255907,0.031512480055739964,0.9374107149640042
33029,42029,Medium,Medium,0.04853484306294531,0.06343980618542147,0.8880253507516332
33327,42327,Low,Low,0.03175944542885046,0.9340435807383859,0.034196973832763544
37351,46351,High,High,0.933257676161176,0.03146420322319541,0.035278120615628523
21991,30991,Medium,Medium,0.033779629478105026,0.031449911824925784,0.9347704586969693
221,9221,High,High,0.9299235363547997,0.028929839189220086,0.041146624455980184
16768,25768,Medium,Medium,0.04432294217632644,0.04065329450587112,0.9150237633178024
25788,34788,Medium,Medium,0.031169202395703505,0.03592865314890568,0.9329021444553908
29628,38628,Medium,Medium,0.042572652323714495,0.03653156176581196,0.9208957859104735
8530,17530,High,High,0.933773101247604,0.02856089965884064,0.03766599909355533
13064,22064,Low,Low,0.030049527964315415,0.9390220495364634,0.030928422499221234
7445,16445,Low,Medium,0.03722396013868085,0.037357420079654875,0.9254186197816643
17556,26556,High,High,0.9366224708447342,0.03025247200542414,0.033125057149841756
4776,13776,High,High,0.9080414480417532,0.04945532433945383,0.042503227618793014
29137,38137,Medium,Medium,0.050130072385287584,0.03130298685925124,0.9185669407554612
36357,45357,High,High,0.8869512397928364,0.031708402426328684,0.08134035778083491
14700,23700,High,High,0.925514326217535,0.03555489871053364,0.038930775071931364
3427,12427,Medium,Medium,0.02981234033401171,0.030130146835656384,0.9400575128303319
20078,29078,Low,Low,0.029198714624771287,0.9391462171153764,0.03165506825985233
25627,34627,Low,Low,0.03340771261700875,0.9302288510136334,0.03636343636935793
25717,34717,High,High,0.9348252767547495,0.03230941776560181,0.03286530547964859
39111,48111,Medium,Medium,0.03050379820449695,0.029177946328156058,0.9403182554673469
33099,42099,Medium,Medium,0.0428955824348446,0.031827929194401944,0.9252764883707535
23311,32311,Medium,Medium,0.031122265761912637,0.03171685739071107,0.9371608768473764
24618,33618,Medium,Medium,0.031769766081455944,0.03681763895145349,0.9314125949670906
21051,30051,Medium,Medium,0.03162011916475751,0.03148249135589123,0.9368973894793514
35002,44002,Medium,Medium,0.07774291045831051,0.0448113821754496,0.87744570736624
8184,17184,Medium,Medium,0.03459652701272541,0.032954995969883334,0.9324484770173912
8178,17178,Medium,Medium,0.034018515761876866,0.07565757295187063,0.8903239112862525
9384,18384,High,High,0.9387440889436238,0.02895248954805249,0.03230342150832381
7152,16152,Medium,Medium,0.038019751928141214,0.03148820758664095,0.9304920404852178
541,9541,Medium,High,0.937255833191572,0.03128867380762985,0.03145549300079825
372,9372,Low,Low,0.03413521493960097,0.9249095602730025,0.04095522478739658
6991,15991,High,High,0.9343162857922057,0.03075825062189197,0.03492546358590229
22414,31414,High,High,0.9023575973318501,0.03836251413780763,0.059279888530342384
18910,27910,Low,Low,0.032629321572175414,0.9346929321576654,0.032677746270159264
18125,27125,Low,Low,0.03180559720046627,0.9180113106951385,0.05018309210439523
27224,36224,Medium,Medium,0.030505070557262887,0.028916744263014067,0.940578185179723
35614,44614,Low,Low,0.02888633172948703,0.9403279296549636,0.030785738615549462
24511,33511,Medium,Medium,0.03626255552618272,0.04088882703882762,0.9228486174349896
20504,29504,High,High,0.9367199592120823,0.03002483225686453,0.0332552085310533
30444,39444,High,High,0.9386927652971041,0.02937890273544688,0.03192833196744902
5352,14352,High,High,0.9208293165665075,0.035963740729155876,0.043206942704336726
11468,20468,Medium,Medium,0.03261902556110035,0.03281165457939427,0.9345693198595054
36189,45189,Medium,Medium,0.040582402248596466,0.3064473582308839,0.6529702395205196
26430,35430,Medium,Medium,0.03162904377494224,0.029518954742657578,0.9388520014824002
5489,14489,Low,Low,0.0318247818415482,0.9342556855747555,0.03391953258369641
20769,29769,High,High,0.9357289965073647,0.030007704491864254,0.034263299000771075
5091,14091,Low,Low,0.030382427565441652,0.9381588988338695,0.03145867360068883
31711,40711,Low,Low,0.034852177797878366,0.7816420779884653,0.1835057442136563
39203,48203,Low,Low,0.02932975083408357,0.9387596424774042,0.03191060668851228
16977,25977,Medium,Medium,0.03045603522750097,0.030949078506747527,0.9385948862657516
37781,46781,High,High,0.9267315962888718,0.038651113692584,0.034617290018544127
31683,40683,High,High,0.9351695391088737,0.030673042452587368,0.03415741843853892
27123,36123,High,Low,0.03143807579656755,0.9298457557416211,0.03871616846181134
19120,28120,High,High,0.9363714256137413,0.03188947640978195,0.0317390979764767
17825,26825,Low,Low,0.03385918168557753,0.9173021249191541,0.04883869339526831
8445,17445,Medium,Medium,0.2455685266576114,0.05482047792192827,0.6996109954204602
24206,33206,High,High,0.9280041121857029,0.031187051707106356,0.04080883610719074
38316,47316,Medium,Medium,0.032554709571084174,0.03334672503992359,0.9340985653889922
1762,10762,Low,Low,0.028700263798255146,0.9407054231259478,0.030594313075797016
16147,25147,High,High,0.9301109087788987,0.031027694834822053,0.03886139638627932
34286,43286,High,High,0.9317790942697314,0.033522619894825634,0.03469828583544299
8246,17246,Low,Low,0.030964417078774297,0.9350680097031326,0.033967573218093176
35233,44233,High,High,0.93239206346363,0.03511271300377786,0.03249522353259222
6931,15931,Medium,Medium,0.03977169267293646,0.034592416057543485,0.9256358912695202
24550,33550,Medium,Medium,0.029012723028994953,0.02817147919464769,0.9428157977763574
19636,28636,High,High,0.9104946550667141,0.03802789765683885,0.051477447276447076
15793,24793,Medium,Medium,0.03253287912968209,0.03172830334383533,0.9357388175264826
14453,23453,High,High,0.931631134041428,0.03291298116252709,0.03545588479604488
32991,41991,High,High,0.9344657991368021,0.031197648490861447,0.0343365523723364
16327,25327,Medium,Medium,0.03309948822745796,0.03357416025795641,0.9333263515145857
28720,37720,Medium,Medium,0.030017327490079303,0.029435840003336242,0.9405468325065843
25724,34724,Medium,Medium,0.03426222319361605,0.03149334497854465,0.9342444318278393
20034,29034,Medium,Medium,0.03560636002854945,0.03057003617489071,0.9338236037965598
4813,13813,Low,Low,0.03799322741692321,0.9132647542461401,0.04874201833693662
12350,21350,Medium,Medium,0.03231252408663637,0.029544770906117235,0.9381427050072464
36580,45580,Low,Low,0.037039609144373695,0.9228311379972883,0.04012925285833794
652,9652,Medium,Medium,0.030843109974779803,0.030661109837358508,0.9384957801878618
20147,29147,Low,Low,0.03596950234217723,0.8475307402327594,0.1164997574250634
24934,33934,Medium,Medium,0.03265797723691708,0.03917664192190288,0.9281653808411799
35434,44434,Medium,Medium,0.03769745638966515,0.04142415887781591,0.9208783847325188
32614,41614,Medium,Medium,0.03871077756398439,0.03702244672176041,0.9242667757142552
24458,33458,High,High,0.9347338318058794,0.029802983635609345,0.03546318455851114
24752,33752,Low,Low,0.03737178704547104,0.8222728035679335,0.14035540938659538
27408,36408,Medium,Medium,0.04745618747931849,0.03410591648735516,0.9184378960333263
28141,37141,Low,Low,0.03158855976874925,0.9240983806102273,0.04431305962102345
34724,43724,High,High,0.9368320931114645,0.02978903467355649,0.033378872214978865
18704,27704,Low,Low,0.03342631013050993,0.9302822212352112,0.036291468634278796
26506,35506,Low,Low,0.028767986945482372,0.9403788212264669,0.030853191828050835
24235,33235,High,High,0.9223742608765492,0.035743583181917164,0.04188215594153366
36422,45422,Medium,Medium,0.03381539121645367,0.03218557189665341,0.933999036886893
4165,13165,Medium,Medium,0.0316798444763067,0.03090602331446621,0.9374141322092271
35884,44884,Medium,Medium,0.039038336057319135,0.05051872404848725,0.9104429398941937
21484,30484,High,High,0.9249828188900012,0.03965228325802327,0.03536489785197547
3680,12680,Medium,Medium,0.03594864480348733,0.0350988625315691,0.9289524926649436
36890,45890,Low,Low,0.044643201598704635,0.9154822653749717,0.03987453302632368
20315,29315,Low,Low,0.034107717293095474,0.9314651792358992,0.03442710347100528
6346,15346,Low,Low,0.03300867213740618,0.9355112061495855,0.031480121713008284
5514,14514,High,High,0.8847650960586789,0.05032592870223742,0.06490897523908369
26369,35369,Low,Low,0.030909332588399865,0.9285857417967742,0.04050492561482594
7901,16901,Medium,Medium,0.03341817537365547,0.031098287461240715,0.9354835371651039
22571,31571,High,High,0.919906308993596,0.033179805868753014,0.046913885137651025
21507,30507,High,Low,0.038437959350270764,0.9244375460657576,0.03712449458397168
16888,25888,High,High,0.9350316618874227,0.02840353190593577,0.03656480620664157
4678,13678,Medium,Medium,0.031108527837801072,0.03230833250909134,0.9365831396531076
21078,30078,Low,Low,0.03002294013953351,0.9354078049493659,0.03456925491110058
27540,36540,Low,Low,0.030910833398332376,0.9351100041442479,0.03397916245741974
11936,20936,Medium,Medium,0.0354813050507359,0.034714981663828685,0.9298037132854354
6784,15784,Medium,Medium,0.03243878896168372,0.03595594568271091,0.9316052653556054
34493,43493,Low,High,0.9345496370893787,0.029808235085590894,0.035642127825030546
22763,31763,Low,Low,0.03398936307538825,0.9325286527125803,0.033481984212031586
26185,35185,High,High,0.9284584393061337,0.03548377173352,0.036057788960346344
32474,41474,High,High,0.9100661082988327,0.037552271487938986,0.052381620213228335
21689,30689,Medium,Medium,0.03252079233000412,0.03065355515334826,0.9368256525166476
7182,16182,Medium,Medium,0.03265941551182345,0.03194273350495238,0.9353978509832243
16727,25727,High,High,0.9277256568287441,0.03630769201596643,0.035966651155289416
12160,21160,Medium,Medium,0.06381897233472486,0.317021235841687,0.6191597918235882
16473,25473,Low,Low,0.0294314476333092,0.9375856453211577,0.03298290704553298
30801,39801,Low,Low,0.030340223257061233,0.937630732523914,0.032029044219024715
16919,25919,Low,Low,0.032406145970329855,0.9318269069771006,0.03576694705256947
5412,14412,Medium,Medium,0.04784497923817532,0.03901478300149492,0.9131402377603296
17890,26890,High,High,0.934334435336526,0.03195225965315796,0.03371330501031602
4602,13602,Medium,Medium,0.03245795861668985,0.04048442874166889,0.9270576126416413
4192,13192,High,High,0.9369098480972994,0.029569432700661234,0.0335207192020394
7485,16485,Low,Low,0.0309984216229202,0.9309589287992602,0.03804264957781953
22087,31087,Low,Low,0.03016363318805718,0.9379679067526263,0.03186846005931647
614,9614,Medium,Medium,0.0418464053531919,0.04005882138501935,0.9180947732617888
36245,45245,High,High,0.9351456700761666,0.031683447864135676,0.03317088205969775
22712,31712,Medium,Medium,0.03121137493900046,0.029440742057348437,0.9393478830036511
19960,28960,Medium,Medium,0.031074900754752676,0.030460960814614177,0.9384641384306333
29723,38723,High,High,0.9334191035565569,0.032031683307927133,0.034549213135515934
