row_index,PlayerID,true_label,predicted_label,prob_High,prob_Low,prob_Medium
33212,42212,High,Medium,0.04074478649157815,0.03336373521897544,0.9258914782894464
32450,41450,High,Low,0.039327335331663944,0.9204375404499553,0.040235124218380665
25718,34718,High,High,0.9326410468423473,0.02764994202052108,0.03970901113713163
25647,34647,Medium,Medium,0.057536489704804294,0.03164037945199339,0.9108231308432023
6697,15697,Medium,Medium,0.032413248584913124,0.04621820372706261,0.9213685476880243
9578,18578,Low,Low,0.03343562089060247,0.9244051032489566,0.04215927586044088
22418,31418,Low,Low,0.03119038623779286,0.9224644073122764,0.046345206449930766
13852,22852,High,High,0.9320934266429161,0.027856042356979152,0.04005053100010489
35559,44559,Medium,Medium,0.029230734259754514,0.031227433050467074,0.9395418326897783
37904,46904,Low,Low,0.029814728067480905,0.9289621855472937,0.041223086385225496
336,9336,Medium,Medium,0.029402558233711507,0.028270644637953406,0.9423267971283352
22261,31261,Medium,Medium,0.03237825643590246,0.032236774452839435,0.935384969111258
13433,22433,High,Low,0.029507803633325915,0.9302814057118433,0.04021079065483071
6518,15518,Low,Low,0.02960441920686567,0.9307289838175715,0.039666596975562816
33043,42043,Medium,Medium,0.032039369902763536,0.03919500808214461,0.9287656220150918
10916,19916,Medium,Medium,0.03823118279729016,0.0349040962028729,0.9268647209998369
38118,47118,Medium,Medium,0.036878024671645256,0.03185813337378282,0.9312638419545719
14589,23589,Medium,Medium,0.07682003188962752,0.046621680165207124,0.8765582879451653
14029,23029,High,High,0.9055778527744082,0.031641407003103576,0.0627807402224882
11815,20815,High,Medium,0.03168303899310334,0.03344388550326399,0.9348730755036326
24102,33102,Medium,Low,0.02898781426306365,0.9272520615957833,0.04376012414115297
37284,46284,Medium,Medium,0.03559327127730426,0.03816426397447612,0.9262424647482197
37439,46439,Low,Low,0.028854315459366463,0.9317540027379976,0.03939168180263608
4840,13840,Medium,Medium,0.036558526863848306,0.04679530530613743,0.9166461678300143
30694,39694,High,High,0.9277155196843786,0.03076243801350136,0.04152204230212025
27993,36993,Medium,Medium,0.03334202569421549,0.038422340033523836,0.9282356342722607
22606,31606,Medium,Medium,0.03356232893413539,0.03455847618464597,0.9318791948812186
22737,31737,Medium,Medium,0.033168286088997405,0.04879964849270019,0.9180320654183025
36934,45934,High,High,0.9241251985605672,0.0287454373999466,0.04712936403948618
33527,42527,Medium,Medium,0.042147693059847814,0.031551603635957666,0.9263007033041945
21911,30911,Medium,High,0.9245406519715523,0.029838583567241127,0.04562076446120641
3413,12413,Low,Low,0.029110895488944567,0.9309737153485221,0.039915389162533205
31047,40047,Medium,Medium,0.032008411628535245,0.03831061089649255,0.929680977474972
8262,17262,Medium,Medium,0.03529106939074395,0.032192274310432395,0.9325166562988235
22731,31731,Low,Low,0.03495643993379562,0.6812442745523305,0.2837992855138739
31333,40333,High,High,0.9322672468277364,0.028189320839185437,0.039543432333078304
5141,14141,Medium,Medium,0.02960151258195663,0.02953641032574834,0.940862077092295
17425,26425,Medium,Medium,0.029658741364552443,0.028988301837982688,0.9413529567974649
32600,41600,Medium,Medium,0.03452346233767554,0.03141077309406428,0.9340657645682602
28493,37493,High,High,0.9213097666066662,0.028823753611298252,0.049866479782035504
5848,14848,Low,Low,0.032189514548249025,0.9237102892370596,0.04410019621469146
36108,45108,Low,Low,0.034022751776671856,0.866097688754126,0.09987955946920214
35044,44044,Low,Low,0.033016428382658614,0.9217428948717719,0.04524067674556955
38564,47564,High,High,0.9310058096432127,0.02883220262095973,0.04016198773582764
32873,41873,High,Medium,0.030239761329600625,0.02878621879783141,0.9409740198725679
23508,32508,Low,Low,0.029181614220949684,0.9307355833629009,0.040082802416149664
11440,20440,Low,Low,0.03146979880322578,0.9275998906463858,0.040930310550388434
33801,42801,Medium,Medium,0.0332852884819577,0.032226491731281545,0.9344882197867608
194,9194,Medium,Medium,0.03219936633826869,0.031489559141609336,0.936311074520122
33709,42709,High,High,0.9256035580465912,0.029481830899548117,0.04491461105386071
24753,33753,Medium,Medium,0.03909748928134756,0.041609486411221794,0.9192930243074305
3652,12652,High,High,0.9287391182122541,0.030467458322968835,0.04079342346477701
24245,33245,Medium,High,0.9158208483195945,0.029977869700993042,0.05420128197941241
4900,13900,Medium,Medium,0.03284499987308818,0.03386518569019371,0.9332898144367182
39248,48248,Low,Medium,0.03835068917108304,0.0304054000471142,0.9312439107818028
37207,46207,Medium,Medium,0.03762074816654648,0.03082920033403989,0.9315500514994137
4,9004,Medium,Medium,0.039553847970352336,0.033650055722233084,0.9267960963074146
29799,38799,Medium,Medium,0.03439739733523634,0.037506401764762075,0.9280962009000016
13620,22620,High,High,0.9279852550168034,0.029472494293262663,0.042542250689933926
877,9877,Low,Low,0.034713650887494785,0.8615092431809032,0.10377710593160201
22784,31784,Medium,Medium,0.037529217192980996,0.04403217345566069,0.9184386093513582
31713,40713,High,High,0.9220428799085588,0.03260509627178438,0.04535202381965673
5018,14018,Low,Low,0.0296734187134709,0.9274507920674875,0.04287578921904162
39432,48432,High,High,0.921477445317469,0.029458430612473996,0.04906412407005708
37268,46268,Medium,Medium,0.031985573408767586,0.028724486352898673,0.9392899402383338
24481,33481,Low,Medium,0.03453207497569102,0.030610562072289096,0.9348573629520199
26361,35361,Low,Low,0.03145502325192249,0.9019132324288713,0.06663174431920611
16948,25948,Low,Low,0.02906437802585791,0.9302845996858458,0.04065102228829635
23116,32116,Low,Low,0.028755417448064775,0.9313073718176286,0.039937210734306665
9856,18856,High,Medium,0.15049013272828599,0.038548326923966175,0.8109615403477478
21634,30634,Medium,Medium,0.031273847896982114,0.030425820811692827,0.938300331291325
27799,36799,Medium,Medium,0.030174698303668483,0.02903722215814197,0.9407880795381897
16445,25445,High,High,0.9314577829314499,0.02835915253344227,0.04018306453510793
31904,40904,Low,Medium,0.03741669819269938,0.09402630293976266,0.8685569988675379
31763,40763,Medium,Medium,0.03123641609344786,0.03911844078171255,0.9296451431248395
6945,15945,Medium,Medium,0.02927313020854626,0.02999118595956479,0.940735683831889
7350,16350,High,High,0.929212594052236,0.029585113728906372,0.041202292218857586
6060,15060,Medium,Medium,0.045412861953266305,0.03036768470420784,0.9242194533425258
4186,13186,Medium,Medium,0.04446947570050186,0.033962816505901335,0.9215677077935968
4354,13354,Medium,High,0.6139287168214608,0.03562631988180929,0.3504449632967299
14818,23818,Medium,Medium,0.03891697002583148,0.03132645311683319,0.9297565768573354
34621,43621,Medium,Medium,0.032620280206980705,0.030963270896528478,0.9364164488964907
20920,29920,Low,Low,0.030807399889818773,0.9240857434420677,0.04510685666811346
21495,30495,Medium,Medium,0.03757500217042858,0.037757572925339274,0.9246674249042321
35775,44775,High,Low,0.028709034298626968,0.9320132557103649,0.0392777099910081
1059,10059,Medium,Medium,0.041218278437171026,0.20647411871719176,0.7523076028456371
14512,23512,High,High,0.9301965966744902,0.029608743548402428,0.040194659777107455
32464,41464,Medium,High,0.9300302396631301,0.02981023583105677,0.04015952450581316
30934,39934,Medium,Medium,0.033931226130472364,0.037970976208116826,0.9280977976614108
4963,13963,Medium,Medium,0.03748544201111636,0.09157786853958548,0.8709366894492981
10603,19603,Medium,Medium,0.031848178066600605,0.029252581843077736,0.9388992400903217
34010,43010,Medium,Medium,0.034006107431924455,0.0422964009897919,0.9236974915782836
20018,29018,Medium,Medium,0.02996961984437888,0.04187704420405746,0.9281533359515638
25753,34753,High,High,0.9282130663722524,0.030342855378085953,0.04144407824966166
27532,36532,High,High,0.9244542824610482,0.034258007012477026,0.04128771052647479
1807,10807,High,High,0.9265185229355019,0.02912828700680924,0.04435319005768896
28432,37432,Medium,Medium,0.03992898430728186,0.035543546223946156,0.9245274694687718
38988,47988,Medium,Medium,0.034084306086001666,0.034583365555788025,0.9313323283582103
15857,24857,High,High,0.9297434301000796,0.029902727841727372,0.04035384205819289
33246,42246,Low,Low,0.03592623331788464,0.7890693252426647,0.1750044414394507
33970,42970,Low,Low,0.03920417241307895,0.7451937752849549,0.21560205230196627
19239,28239,Medium,Medium,0.03966247623337937,0.03276288365916033,0.9275746401074603
5827,14827,Low,Low,0.03126427424666438,0.8977856245322403,0.07095010122109525
23983,32983,Medium,High,0.9301688689503452,0.028774203212863628,0.04105692783679099
17317,26317,Medium,Medium,0.03319401305188884,0.031379062191357686,0.9354269247567535
10748,19748,High,High,0.9290775800764329,0.030244298662237084,0.04067812126133005
9104,18104,Low,Low,0.034389003348125856,0.9011564059865104,0.06445459066536376
28186,37186,Low,High,0.9195192139372589,0.03301476970400655,0.04746601635873441
11073,20073,High,High,0.9292423576839509,0.028941235623020534,0.04181640669302853
9883,18883,Low,Low,0.038356815844153604,0.9200853617205681,0.04155782243527818
14348,23348,Medium,Medium,0.031115518198660194,0.03010508268698536,0.9387793991143544
39537,48537,Medium,Medium,0.03233972228273262,0.03432591738276236,0.9333343603345051
28513,37513,Medium,Medium,0.03029443409539244,0.03230216383011043,0.9374034020744971
12690,21690,Medium,Medium,0.029468224104986295,0.04417829874323843,0.9263534771517753
16869,25869,Low,Low,0.03296158790709014,0.9265927602178116,0.04044565187509832
26421,35421,Low,Low,0.02902048016732534,0.9314578616630128,0.03952165816966186
7990,16990,Medium,Medium,0.032135853958917875,0.0286749359445707,0.9391892100965112
33393,42393,High,High,0.9236686240614737,0.02988927258579141,0.04644210335273504
10477,19477,Low,Low,0.02871798167096516,0.9319501567864155,0.039331861542619306
7175,16175,Medium,Medium,0.0306611145440977,0.02916958375788109,0.9401693016980213
25567,34567,High,High,0.920548220541312,0.03472703463188446,0.04472474482680352
21885,30885,Medium,Medium,0.03509056158346976,0.03242265828958516,0.9324867801269452
36573,45573,High,Low,0.029727109893339407,0.9283660814255553,0.04190680868110517
13632,22632,Medium,Medium,0.032055528609155906,0.03434430606171637,0.9336001653291276
21111,30111,Medium,Medium,0.029839204784623808,0.028423677168229435,0.9417371180471467
11974,20974,Low,Low,0.03343691933954042,0.9215119419645196,0.045051138695939984
11924,20924,Medium,Medium,0.034397875287939125,0.033151045795656024,0.9324510789164048
13363,22363,Medium,Medium,0.030266058379721836,0.030143229271521268,0.9395907123487569
25126,34126,Low,Low,0.0349533913559055,0.9147840421240964,0.05026256651999809
16482,25482,High,High,0.906266687675112,0.04630568575951149,0.04742762656537664
20646,29646,Medium,Medium,0.039083609251758085,0.0352696696193702,0.9256467211288717
9564,18564,Medium,Medium,0.03204882284407246,0.030277641989771967,0.9376735351661556
38590,47590,Low,Low,0.029382735097616106,0.9301787522271056,0.040438512675278426
18348,27348,Medium,Medium,0.03137725416220904,0.0302243175847291,0.9383984282530619
19052,28052,High,High,0.9315693572082383,0.028143668187811822,0.04028697460394984
8009,17009,High,High,0.9239827118640366,0.03532770548274724,0.04068958265321621
16040,25040,High,High,0.932232515397852,0.02778310280973789,0.03998438179241007
21445,30445,Medium,Medium,0.03104371016955759,0.03497250085586574,0.9339837889745767
1449,10449,Medium,Medium,0.04250645797204728,0.04473170020825131,0.9127618418197013
19740,28740,Medium,Medium,0.054001147253179005,0.037137564523505334,0.9088612882233157
35327,44327,High,High,0.9212673234789847,0.03698358244341383,0.041749094077601634
16108,25108,Medium,Medium,0.03290101752992989,0.03597527513636227,0.9311237073337079
18926,27926,High,Medium,0.032323328957353355,0.03308914434388727,0.9345875266987594
27191,36191,High,High,0.9291400555429008,0.029673269684730236,0.04118667477236895
10353,19353,High,High,0.9144354454901089,0.044231723972971294,0.04133283053691975
34015,43015,Medium,Medium,0.03614933848267412,0.03567044535481759,0.9281802161625082
27621,36621,High,High,0.9239390270331843,0.03395429400531356,0.04210667896150217
30660,39660,Low,Low,0.030881567768739144,0.9239617990452093,0.04515663318605182
5923,14923,Medium,Medium,0.03376548814934116,0.031229649712847325,0.9350048621378114
4699,13699,Low,Low,0.030448343567810763,0.9203582890251498,0.04919336740703945
4115,13115,High,High,0.8885084943854812,0.057357325563173654,0.0541341800513453
34833,43833,Medium,Medium,0.034670417591212664,0.05529500761279754,0.9100345747959898
27823,36823,Medium,Medium,0.03454472894809418,0.035467341628626914,0.9299879294232789
38428,47428,Medium,Medium,0.031537639483986184,0.031126782242754798,0.9373355782732591
33360,42360,High,Low,0.035667625900008604,0.48984089372128053,0.47449148037871086
2439,11439,Medium,Medium,0.04049394494940247,0.03150393509244876,0.9280021199581489
19205,28205,Medium,Medium,0.0298806483430645,0.03402225306158955,0.936097098595346
11881,20881,Low,Low,0.03076663821649354,0.9277772211769792,0.041456140606527116
16929,25929,High,High,0.9326007897223997,0.027945519915986834,0.03945369036161347
4091,13091,Medium,Medium,0.031105780530639615,0.03155166902949834,0.9373425504398621
33435,42435,Medium,Medium,0.03160265011398777,0.032128796445618946,0.9362685534403932
12507,21507,Medium,Medium,0.033380363359142275,0.03405119108484561,0.9325684455560123
39003,48003,Medium,Medium,0.031802982164686584,0.029139583652234523,0.939057434183079
296,9296,Medium,Medium,0.031798458070937084,0.029403009305303863,0.9387985326237591
27168,36168,Medium,Medium,0.029532664120926935,0.028013802853979804,0.9424535330250933
11289,20289,Low,Low,0.0317056403266383,0.9233908279715796,0.04490353170178215
11643,20643,Low,Low,0.03282772208831796,0.9271139166267179,0.04005836128496412
6898,15898,Medium,Medium,0.06767689349513327,0.03268537706910036,0.8996377294357664
24346,33346,High,High,0.9310896039879584,0.028415320653500217,0.04049507535854156
4916,13916,High,High,0.932646328946238,0.027736859587950424,0.03961681146581158
21317,30317,Medium,Medium,0.03401077509853615,0.029320490609910207,0.9366687342915535
253,9253,Medium,Medium,0.02971986217125988,0.02886302719239467,0.9414171106363455
4084,13084,High,High,0.9276726032114269,0.02900057712548501,0.043326819663088156
3028,12028,Low,Medium,0.0360881516766759,0.05060968712184003,0.9133021612014841
9624,18624,High,High,0.9311328142537639,0.02806658244906099,0.0408006032971751
26340,35340,High,High,0.9280553281446559,0.030084154539803325,0.04186051731554088
13198,22198,Low,Low,0.031350294678412334,0.9202015847835786,0.04844812053800907
1393,10393,Medium,Medium,0.03485176993449556,0.034442545183939084,0.9307056848815654
34398,43398,Medium,Medium,0.03091812586929325,0.03172572326926739,0.9373561508614395
38242,47242,High,High,0.9197923364687695,0.03555607610069953,0.04465158743053111
36488,45488,Medium,Low,0.031160846962381018,0.925518293657058,0.0433208593805611
13318,22318,High,High,0.9336070169998907,0.027602491475870298,0.03879049152423895
33742,42742,Low,Low,0.029130513868753965,0.927258406277999,0.043611079853247005
11246,20246,Medium,Medium,0.03384656502568204,0.04331494949997413,0.9228384854743439
31364,40364,Medium,Medium,0.0364212865638359,0.03903898785241874,0.9245397255837453
2541,11541,Medium,Medium,0.032319023716695705,0.03207866858390627,0.9356023076993981
23205,32205,Medium,Medium,0.03684479019061279,0.04033037482227082,0.9228248349871163
32051,41051,Medium,Medium,0.058940503488050876,0.02949321695564258,0.9115662795563065
35753,44753,Medium,Medium,0.03288530924637322,0.03410198854790286,0.9330127022057239
25190,34190,High,Medium,0.0324623598148653,0.03099682635897144,0.9365408138261633
22586,31586,Medium,Medium,0.03189992798279475,0.031874338796009725,0.9362257332211955
6125,15125,High,High,0.931371543180043,0.028298981108320787,0.040329475711636247
9821,18821,Medium,Medium,0.03102010150904203,0.03235543462388924,0.9366244638670688
33700,42700,Medium,Medium,0.030729109857443936,0.031784159944714376,0.9374867301978416
13910,22910,High,High,0.9106244047899034,0.03802872050196695,0.05134687470812954
14923,23923,Medium,Medium,0.03584928982634331,0.03174129962987853,0.9324094105437782
34470,43470,Low,Low,0.03393783558284472,0.9245092792036282,0.04155288521352702
8229,17229,Medium,Medium,0.03751755584438288,0.030001616884114634,0.9324808272715025
33523,42523,Low,Low,0.02911272107405574,0.9287914844337782,0.04209579449216613
30071,39071,Medium,Medium,0.03871246381097895,0.030001172392990483,0.9312863637960307
14546,23546,Medium,Medium,0.41312742241683104,0.0390730259573708,0.5477995516257982
39062,48062,High,High,0.8043718976013357,0.06735767741165415,0.1282704249870102
32266,41266,Low,Low,0.04380632499301662,0.9062761519007583,0.049917523106225097
19320,28320,High,High,0.9292717545907991,0.031168373637187757,0.0395598717720132
12796,21796,Medium,Medium,0.03981465535217681,0.030836910181128538,0.9293484344666947
24038,33038,High,Medium,0.03173972750356142,0.03207629387489059,0.936183978621548
9120,18120,Medium,Medium,0.030030353044899743,0.14267389562755678,0.8272957513275436
32515,41515,Medium,Medium,0.03194777877664569,0.04481540682395868,0.9232368143993956
3851,12851,Medium,Medium,0.03187681248593629,0.03352276535464408,0.9346004221594196
2909,11909,Low,Low,0.02954823939724896,0.9289919859865313,0.04145977461621983
5952,14952,Medium,Medium,0.036169829067489764,0.06331237207328265,0.9005177988592274
5086,14086,High,High,0.9302836544839002,0.028445613107974246,0.041270732408125725
35583,44583,High,High,0.9325920117539873,0.027858628707182972,0.03954935953882969
32154,41154,Low,Low,0.030390708198865177,0.9274766042007202,0.042132687600414574
36610,45610,Low,Low,0.03339474906535983,0.8892901180533023,0.07731513288133786
2908,11908,Medium,Medium,0.029480165166792912,0.03038703424075088,0.9401328005924562
177,9177,Medium,Medium,0.03255102926926876,0.033353053055759176,0.9340959176749721
14168,23168,Medium,Medium,0.040539952191177474,0.4114140523510093,0.5480459954578132
20487,29487,High,High,0.9319048211202029,0.0283207385128864,0.03977444036691069
16269,25269,Low,Low,0.029748636331883568,0.9259855243894156,0.04426583927870085
26666,35666,Medium,Medium,0.04510244377696654,0.0434665933605937,0.9114309628624397
4548,13548,Low,Medium,0.031238288517826063,0.034303122718478234,0.9344585887636957
11056,20056,Low,Low,0.03684016254407122,0.8915426801600832,0.07161715729584558
1326,10326,Medium,Medium,0.030235815557810197,0.029279009000034953,0.9404851754421548
1626,10626,High,Medium,0.03126782487752375,0.029436856075673087,0.9392953190468031
19987,28987,Low,Low,0.028993422431670107,0.9304980266719917,0.04050855089633832
10481,19481,Low,Low,0.03454500167204341,0.9236664347698845,0.04178856355807206
19322,28322,Medium,Medium,0.03638797346118225,0.033018810289665315,0.9305932162491525
7265,16265,Medium,Medium,0.03304316369529536,0.02886165869996013,0.9380951776047445
36022,45022,High,High,0.9301164943460151,0.028414441264291154,0.0414690643896939
24292,33292,Medium,Low,0.02950350795867011,0.9167029690638498,0.05379352297748002
20641,29641,Medium,Medium,0.034750131184035644,0.02998130747841363,0.9352685613375508
32455,41455,Medium,Medium,0.030710262970423164,0.030468203917927126,0.9388215331116497
11365,20365,High,High,0.9322495197671999,0.0284240494274015,0.039326430805398604
2559,11559,Medium,Medium,0.03721970554777184,0.04089024537041803,0.92189004908181
32998,41998,Medium,Medium,0.03735054939518373,0.030420380338131253,0.932229070266685
3298,12298,Medium,Medium,0.0341099265931821,0.034834741885974345,0.9310553315208437
28860,37860,Low,Low,0.034181546031799744,0.920076810576839,0.045741643391361275
5883,14883,Medium,Medium,0.030623492116836928,0.033970707715116684,0.9354058001680464
30990,39990,Low,Medium,0.03201856446079718,0.02977342474574565,0.9382080107934572
7845,16845,Medium,Medium,0.03000775019892042,0.030074017987185387,0.9399182318138942
31171,40171,Medium,Medium,0.03554560839370826,0.03425988318884609,0.9301945084174456
9666,18666,Medium,Medium,0.03679050178881043,0.03781488805556365,0.925394610155626
18958,27958,Low,Low,0.03120843430894889,0.9247839732173393,0.04400759247371188
6529,15529,Medium,Medium,0.028754877315435783,0.03113338729196646,0.9401117353925977
27520,36520,Medium,Medium,0.038076569639854334,0.03413888202659614,0.9277845483335495
31900,40900,Low,Medium,0.032439154377742065,0.029603217888324318,0.9379576277339337
17450,26450,Medium,Medium,0.07025229967088668,0.051591149816745036,0.8781565505123682
22788,31788,High,High,0.9262113507516633,0.029020589830199093,0.0447680594181377
15904,24904,High,High,0.9300194913028772,0.030265274892564153,0.03971523380455851
37197,46197,High,High,0.9270374155290674,0.029294883710151282,0.0436677007607813
7469,16469,Medium,Medium,0.031788031385927666,0.030487300056591043,0.9377246685574813
18844,27844,Low,High,0.9299938817357617,0.029985502419951692,0.040020615844286574
18586,27586,Medium,Medium,0.030360860671115198,0.03553890943668464,0.9341002298922
12573,21573,Medium,Medium,0.03325345393334121,0.03156109040623339,0.9351854556604254
6575,15575,Low,Low,0.033261506733175475,0.9245300409082509,0.04220845235857368
38096,47096,Medium,Low,0.039159123459884294,0.5246955461390997,0.4361453304010161
13065,22065,Medium,Medium,0.030129747311662125,0.03695574929952284,0.932914503388815
6709,15709,Medium,Medium,0.06938298688708887,0.04214843744007188,0.8884685756728393
36301,45301,Medium,Medium,0.03513989790542727,0.03466418336508656,0.9301959187294861
3785,12785,Medium,Medium,0.03056819716754511,0.030261851228402203,0.9391699516040527
999,9999,High,High,0.9304665751783515,0.02933511520343456,0.04019830961821391
24823,33823,Low,Low,0.031023961224816512,0.8997397530783783,0.06923628569680512
10386,19386,Medium,Medium,0.030105897779945334,0.02945185357829923,0.9404422486417553
26160,35160,Medium,Medium,0.032826889198499014,0.09977869466837545,0.8673944161331256
17651,26651,Medium,Medium,0.029958391868521197,0.03022579407519968,0.9398158140562791
31555,40555,Medium,Medium,0.03706006037276651,0.029105215575937916,0.9338347240512955
815,9815,High,High,0.9309047254753514,0.029094775656940658,0.04000049886770796
6280,15280,Medium,Medium,0.03093768682312355,0.02998524329362563,0.9390770698832508
761,9761,High,High,0.9324518810142401,0.027696823713436496,0.03985129527232344
39264,48264,Medium,Medium,0.0348947228711625,0.02841710218706087,0.9366881749417767
5594,14594,Low,Low,0.029564593952858806,0.9165902980682992,0.05384510797884201
20266,29266,High,High,0.9299938276023824,0.02838078361537205,0.04162538878224549
5386,14386,Medium,Medium,0.029629260276330855,0.035035096413566974,0.9353356433101023
9404,18404,Medium,High,0.9136131920127633,0.0327737756945868,0.053613032292649986
14011,23011,Medium,Medium,0.029901937721103587,0.030862412011179636,0.9392356502677167
6544,15544,Low,Low,0.02981622414341135,0.9298072360441446,0.04037653981244393
19650,28650,Medium,Medium,0.03436195439419821,0.036713785778964086,0.9289242598268377
2248,11248,Low,Low,0.030913398898525134,0.9177712043797964,0.05131539672167851
24402,33402,Low,Low,0.02860816016296258,0.9320321997946355,0.03935964004240203
16962,25962,Medium,Medium,0.03404875618752993,0.0302579264576046,0.9356933173548653
22708,31708,High,High,0.9320147661554028,0.02762206981048472,0.04036316403411256
14674,23674,Medium,Medium,0.060572784538845105,0.03406747053479592,0.905359744926359
35842,44842,Medium,Medium,0.03475800898688319,0.032830587364723864,0.932411403648393
22955,31955,Medium,Medium,0.03117323406381575,0.030315006322860567,0.9385117596133236
7767,16767,Medium,Medium,0.050026550240709566,0.03679547797333332,0.9131779717859572
18013,27013,Low,Low,0.03126991231812668,0.9179472577100175,0.050782829971855785
642,9642,High,High,0.920762974855955,0.037082480515216815,0.04215454462882811
27,9027,High,High,0.9324107025920451,0.027909929524421926,0.039679367883532886
21324,30324,Medium,Medium,0.040255735550902116,0.034001404570021064,0.9257428598790768
38559,47559,Medium,Medium,0.02945971960959122,0.02894659138131291,0.941593689009096
3593,12593,Low,Low,0.02871929061888892,0.9316302892573037,0.03965042012380731
10643,19643,Low,Low,0.029490778763114806,0.9292609052528698,0.04124831598401543
14355,23355,Low,Low,0.0346726436343067,0.7613010645578235,0.20402629180786971
28582,37582,Medium,Medium,0.031213204943280688,0.0331335029822293,0.9356532920744899
35318,44318,Medium,Medium,0.030941190163215813,0.031292685579655206,0.9377661242571289
17922,26922,Medium,Medium,0.03101462420459326,0.028770390946598393,0.9402149848488084
14785,23785,Medium,Medium,0.033832588976010845,0.032256298532117235,0.9339111124918719
32736,41736,Low,Medium,0.04832579910696997,0.1756580249387987,0.7760161759542313
6641,15641,High,High,0.47560460169166846,0.052967198143766665,0.4714282001645649
16242,25242,Medium,Low,0.032289374950115454,0.796484462268022,0.1712261627818625
22065,31065,Low,Low,0.029801704806979582,0.9273939718125724,0.04280432338044803
38783,47783,Medium,Medium,0.033710285407617904,0.08221394994725521,0.8840757646451269
25889,34889,Medium,High,0.9284831457491785,0.03057714710154816,0.04093970714927348
17726,26726,Medium,Medium,0.04296484268291851,0.03304259131195606,0.9239925660051255
11068,20068,Medium,Medium,0.05457963913183698,0.034343347047420765,0.9110770138207421
34547,43547,High,High,0.9309858695596476,0.02816358800475426,0.04085054243559829
9736,18736,Medium,Medium,0.031118120295226693,0.031554884749383595,0.9373269949553897
34960,43960,Medium,Medium,0.02902782440431211,0.029526838401529226,0.9414453371941588
37933,46933,Low,Medium,0.033771870769350044,0.033234443044966616,0.9329936861856832
31618,40618,High,High,0.9334857362787874,0.02757850918291209,0.038935754538300595
14908,23908,Medium,Medium,0.03051296875715266,0.03571809725954798,0.9337689339832993
16766,25766,Medium,Medium,0.03438917802499585,0.029911117360280615,0.9356997046147235
12974,21974,Medium,Medium,0.029464173196689373,0.03121697332051666,0.939318853482794
26665,35665,Low,Low,0.03630227523113256,0.913188118960465,0.05050960580840225
20462,29462,Low,Low,0.03019897779785372,0.9228062423406982,0.046994779861448156
29040,38040,Medium,Medium,0.03748959455722769,0.040101300401017594,0.9224091050417549
28316,37316,High,High,0.9231697779603363,0.02898037751761316,0.0478498445220506
38554,47554,Medium,Medium,0.03770377315683616,0.041401680129056005,0.9208945467141079
13083,22083,High,High,0.9299014515806237,0.029522196650507728,0.040576351768868694
20655,29655,Low,Low,0.039096057398868025,0.9121873888676774,0.048716553733454626
34299,43299,Medium,Medium,0.03500719310930206,0.031219318269241392,0.9337734886214565
14555,23555,Medium,Medium,0.030538594653428144,0.030934786995990865,0.9385266183505809
15955,24955,Low,Low,0.034003158236261356,0.6182842142301626,0.34771262753357607
19758,28758,High,High,0.9322863414030648,0.028370334237905734,0.03934332435902957
390,9390,Low,Low,0.03048551828914676,0.9218692446054266,0.04764523710542654
3938,12938,Medium,Medium,0.03103195038548592,0.03124503703746927,0.9377230125770448
30918,39918,Low,Low,0.032574089670594546,0.9262787693004605,0.04114714102894512
25965,34965,High,High,0.9268311503283039,0.028713628439837772,0.044455221231858355
22987,31987,Medium,Medium,0.043374865587711975,0.034960411542956135,0.9216647228693319
7691,16691,Medium,Medium,0.0325106205528525,0.032713431495376095,0.9347759479517714
27425,36425,Low,Low,0.03077534121729637,0.9267169341352032,0.04250772464750039
39257,48257,Low,Low,0.030747756600055923,0.9271030007640122,0.04214924263593184
14935,23935,High,High,0.9311052977374862,0.029149579093061876,0.0397451231694519
31371,40371,Medium,Medium,0.029659230434702127,0.028835398799234996,0.9415053707660629
34359,43359,Medium,Medium,0.03322009595998022,0.03608748465811897,0.9306924193819008
30873,39873,High,High,0.9290575701486784,0.03017572754874118,0.0407667023025804
17454,26454,Medium,Medium,0.030541697835899564,0.0346397138729777,0.9348185882911227
12330,21330,Medium,Medium,0.0360355513097731,0.05596787607091581,0.907996572619311
37413,46413,High,High,0.9250533255886476,0.03232284110992564,0.04262383330142682
26992,35992,High,High,0.9312028903929779,0.028749184272049186,0.0400479253349729
19983,28983,Medium,Medium,0.031051514097451317,0.029556506066287513,0.9393919798362611
35973,44973,Low,Low,0.030534920103908184,0.9191306444520494,0.05033443544404253
13533,22533,Medium,Medium,0.03298117445907664,0.02953369885192593,0.9374851266889975
29936,38936,Medium,Low,0.028883257798024836,0.9305941284645032,0.040522613737472034
22264,31264,Medium,Medium,0.029498423284526325,0.030208017750279353,0.9402935589651943
2944,11944,Low,Medium,0.029571128911481104,0.03254507248690385,0.9378837986016152
66,9066,Medium,Medium,0.032001075241602644,0.03273820196273055,0.9352607227956667
30070,39070,Low,Low,0.02986140334321857,0.9300165647453893,0.040122031911392075
5246,14246,Low,Low,0.032584324033710386,0.9270344256768489,0.04038125028944067
31426,40426,Low,Low,0.033711328002188214,0.9168564081397813,0.049432263858030484
24603,33603,Medium,High,0.92752219214933,0.029063572117393258,0.04341423573327666
14594,23594,Medium,Medium,0.03126355906206854,0.02884792134489565,0.9398885195930359
20446,29446,Medium,Medium,0.05094669026983175,0.03274037579388714,0.9163129339362811
5315,14315,High,Low,0.030626903300169223,0.9173699978883322,0.05200309881149865
3715,12715,Low,Low,0.029223131033715554,0.9313866987249693,0.039390170241315046
9815,18815,Medium,Medium,0.029187234010397457,0.03035397539150539,0.9404587905980972
36381,45381,High,Medium,0.03092917150489777,0.03249453672737505,0.9365762917677273
33799,42799,Low,Low,0.031203910656962885,0.9276467964183297,0.041149292924707315
5761,14761,Low,Medium,0.09889991336945787,0.27944613888699116,0.6216539477435509
4003,13003,Medium,Medium,0.029388356736750026,0.0292839346605224,0.9413277086027275
8399,17399,Medium,Medium,0.0320835815441931,0.029483428061399548,0.9384329903944074
7966,16966,Medium,Medium,0.04469334699747172,0.03368178924172373,0.9216248637608045
29961,38961,Low,Medium,0.034761052143946945,0.031181150670339667,0.9340577971857132
295,9295,High,High,0.9151770236175656,0.03091789614617735,0.05390508023625706
24857,33857,Medium,Medium,0.15235876584687635,0.03611863185602881,0.8115226022970949
33266,42266,High,High,0.916177010637533,0.03710083995113963,0.04672214941132736
164,9164,Low,Low,0.029826534194345156,0.9306252757583134,0.0395481900473413
20780,29780,Medium,Medium,0.03235310516806738,0.029240459556225507,0.938406435275707
9378,18378,Low,Low,0.037969155953837284,0.9208409285444622,0.0411899155017005
29753,38753,Medium,Medium,0.03328626562004896,0.029883732497902816,0.9368300018820482
11047,20047,Medium,Medium,0.03240830778603477,0.032051919035141006,0.9355397731788243
38298,47298,Low,Low,0.03257150673757896,0.8436353493977311,0.12379314386468983
12914,21914,High,High,0.9264474493142898,0.030790280660077617,0.042762270025632564
25564,34564,High,High,0.9258831269430847,0.028665668323259678,0.04545120473365566
10941,19941,Low,Medium,0.03162598967931296,0.03435965749787371,0.9340143528228134
32603,41603,Low,Low,0.030004061156417322,0.9290242635414624,0.04097167530212025
28645,37645,Medium,Medium,0.03400164531943928,0.03109541422131692,0.9349029404592438
13347,22347,Low,Low,0.028951212614780623,0.9312551593371389,0.03979362804808039
597,9597,High,High,0.923032804829394,0.03420526771431199,0.04276192745629389
3726,12726,Low,Low,0.032806629132869546,0.9274493176307622,0.039744053236368225
4206,13206,Low,Low,0.031888236576533675,0.9272374663512858,0.04087429707218059
21349,30349,High,High,0.931141432058124,0.028687215522366128,0.0401713524195098
21257,30257,Medium,Medium,0.03033200996252067,0.028836975153006553,0.9408310148844728
40026,49026,High,High,0.9297842167903546,0.028525748125875675,0.04169003508376972
20388,29388,Medium,Medium,0.039185438444272476,0.03193669267872489,0.9288778688770026
3786,12786,High,High,0.9299629058808154,0.02927419331319686,0.040762900805987844
39612,48612,High,High,0.9300605518340374,0.02811776078293157,0.04182168738303108
4909,13909,Medium,Medium,0.040005902813286455,0.04045231239334359,0.9195417847933699
12054,21054,High,High,0.9255442731225058,0.03363865095758085,0.04081707591991344
4005,13005,Low,Low,0.028501733854689976,0.9319108496974972,0.03958741644781288
27225,36225,Low,Low,0.02883671660275806,0.9308614944584215,0.04030178893882042
38718,47718,High,High,0.9265476088368662,0.03160370627678526,0.04184868488634852
16493,25493,Low,Low,0.0325144633656908,0.9225047721735434,0.04498076446076576
35512,44512,High,High,0.9298758244521657,0.03031733686806286,0.0398068386797714
38937,47937,Medium,Medium,0.029208307482661306,0.03060627067079066,0.940185421846548
34812,43812,Low,Low,0.03022614004911324,0.9296734174221529,0.040100442528733814
37884,46884,Low,Low,0.037125699322203665,0.9187576111155602,0.044116689562235994
14231,23231,Low,Low,0.03715040796583687,0.9216252843939432,0.041224307640219955
3088,12088,Low,Low,0.02938599698447897,0.9284154586801093,0.0421985443354117
34293,43293,Medium,Medium,0.032119597273584904,0.03008413194212557,0.9377962707842894
17847,26847,Medium,Medium,0.033064800790238394,0.04019580915017675,0.9267393900595849
22108,31108,Low,Low,0.03191637596021366,0.8657849074673805,0.1022987165724059
37162,46162,High,High,0.9297793457900699,0.029003323314860132,0.041217330895069924
31653,40653,Low,Low,0.028863945454649615,0.929182688575041,0.041953365970309214
2691,11691,High,High,0.9291842448188566,0.029611091572346038,0.04120466360879716
32149,41149,Medium,Medium,0.02982984384992557,0.02935447406530249,0.940815682084772
32237,41237,Medium,Medium,0.029680891103478765,0.02888170034640862,0.9414374085501126
25698,34698,Medium,Medium,0.032271643535834095,0.03154389334791353,0.9361844631162524
11333,20333,Medium,Medium,0.04776744560878241,0.3170053864974604,0.6352271678937571
22775,31775,Medium,Medium,0.044343542213106185,0.041622904744487585,0.9140335530424061
1706,10706,Low,Low,0.03349169091291495,0.924498790538974,0.04200951854811113
25325,34325,High,High,0.8218185989267135,0.0786824585613558,0.09949894251193066
319,9319,Low,Low,0.02966409036520391,0.9309727454981092,0.039363164136686966
36249,45249,Medium,Medium,0.040098754097850346,0.035917714803946114,0.9239835310982034
23616,32616,Medium,Medium,0.031228223882226184,0.032011922416517284,0.9367598537012566
38926,47926,High,Medium,0.06978408586181609,0.10480418311226418,0.8254117310259197
16676,25676,Low,Low,0.029440642722092996,0.9297685792187704,0.04079077805913659
39349,48349,Low,Low,0.03830435613429611,0.9198030883972986,0.04189255546840522
1338,10338,Medium,Medium,0.06363896524678679,0.07619527719394126,0.8601657575592719
5082,14082,Low,Low,0.02912050482081553,0.9317783304904995,0.03910116468868494
515,9515,Medium,Medium,0.03488407648399907,0.030938869297785457,0.9341770542182154
29557,38557,Medium,Medium,0.032763005146840884,0.029860914216572724,0.9373760806365863
7334,16334,Medium,Medium,0.03455790652452422,0.03224934218525287,0.9331927512902229
28654,37654,Medium,Medium,0.036524230599506574,0.034702690319863096,0.9287730790806304
12667,21667,Medium,Medium,0.03537822321538998,0.029508622518264558,0.9351131542663454
6749,15749,Low,Low,0.029593263023103496,0.9301315258887758,0.04027521108812065
9504,18504,Low,Low,0.029561824884435654,0.9299331718577902,0.04050500325777417
6344,15344,Medium,Medium,0.03110312531080196,0.02853597240640096,0.9403609022827971
27546,36546,Medium,Medium,0.03541052779678571,0.03060581765284623,0.933983654550368
39146,48146,Medium,Medium,0.032137887612317596,0.032233167127954376,0.9356289452597281
27714,36714,High,High,0.9313160808308661,0.028619352461135034,0.04006456670799885
39212,48212,Low,Low,0.0296906004993595,0.9291878113380059,0.041121588162634594
15656,24656,Medium,Medium,0.02995717020159927,0.028976848288039803,0.9410659815103609
13520,22520,Low,Low,0.031030792018451787,0.9230290557939992,0.0459401521875491
24938,33938,Low,Medium,0.03269398657639969,0.030242069880156337,0.937063943543444
16492,25492,Low,Low,0.030440971665625583,0.8936457777525472,0.07591325058182724
21422,30422,High,High,0.9271618362886384,0.02954760249938651,0.043290561211975075
12841,21841,Medium,Medium,0.03210325287521853,0.0316232694607537,0.9362734776640278
33358,42358,Medium,Medium,0.032673182511254485,0.035000627409361364,0.9323261900793841
33550,42550,High,High,0.9266834534647849,0.02946793772875833,0.04384860880645702
2699,11699,Medium,Medium,0.037113234450721316,0.03481565951312024,0.9280711060361585
14287,23287,High,High,0.9326720351909529,0.02802501424609491,0.039302950562952334
29334,38334,High,High,0.9295548491370048,0.030207669333839476,0.040237481529155676
35623,44623,Medium,Medium,0.03296100057444166,0.03146530899977382,0.9355736904257844
6968,15968,Low,Low,0.02930060033196752,0.9304082626369606,0.04029113703107174
28522,37522,High,High,0.8705658926267453,0.0862791367711782,0.04315497060207646
20419,29419,Medium,Medium,0.029532298612238772,0.029599974492135767,0.9408677268956254
8581,17581,Medium,Medium,0.0476350759894665,0.03197178494412353,0.9203931390664101
33803,42803,High,High,0.9073364738205156,0.03971024044831288,0.05295328573117141
34872,43872,High,High,0.9306519568253792,0.028495705718181507,0.04085233745643935
21020,30020,Medium,Medium,0.03213332371903594,0.030594186210743963,0.9372724900702201
9752,18752,High,High,0.9281335078947587,0.02960454792087588,0.04226194418436544
21011,30011,Medium,Medium,0.06551396364584743,0.039689134512851394,0.8947969018413011
16010,25010,Low,Low,0.029834493382860584,0.9296498969802874,0.04051560963685192
35836,44836,Medium,Medium,0.049434653635400665,0.04069799346459293,0.9098673529000063
30744,39744,High,High,0.9328180523059171,0.028061914786195696,0.039120032907887306
14621,23621,High,High,0.9321964710814296,0.028328287724412513,0.03947524119415797
38966,47966,Low,Low,0.029373756239217216,0.930289199085753,0.040337044675029715
30567,39567,High,High,0.9316810760798181,0.028378675240331303,0.039940248679850604
30118,39118,Low,Low,0.028977561378962315,0.9316046382121147,0.03941780040892315
30432,39432,High,High,0.9320451984740369,0.02773189047258844,0.0402229110533747
20475,29475,High,High,0.9322906013886891,0.028540098136828687,0.03916930047448206
28243,37243,Medium,Medium,0.1990012923880585,0.03569701313927277,0.7653016944726688
38653,47653,Medium,Medium,0.033315582042372165,0.032973520020414156,0.9337108979372136
24446,33446,Medium,Medium,0.03276900759493668,0.03143319193767991,0.9357978004673835
19241,28241,Medium,High,0.9325614231229579,0.027815264116628904,0.03962331276041326
14712,23712,Medium,Medium,0.053699062286303,0.03839855447248438,0.9079023832412126
34998,43998,Medium,Medium,0.02963831476059543,0.029072854524416696,0.9412888307149879
22576,31576,Low,Low,0.03095773698988916,0.9231091122778263,0.04593315073228447
4481,13481,Low,Medium,0.04407180098566701,0.030780948721702877,0.9251472502926301
12673,21673,Medium,Medium,0.03543908379699933,0.029714107085289404,0.9348468091177112
906,9906,Medium,Medium,0.03036827267065127,0.02945757641613737,0.9401741509132112
26257,35257,Medium,Medium,0.03062002895867874,0.029261330456327183,0.9401186405849941
11505,20505,Low,Medium,0.03313653782641141,0.02872057295403699,0.9381428892195515
34799,43799,Medium,Low,0.0289381171615908,0.9298565733023954,0.04120530953601387
8108,17108,Medium,Medium,0.030263084251859248,0.0316000815663243,0.9381368341818165
11175,20175,High,High,0.9304408552892767,0.029722074167461657,0.03983707054326164
32326,41326,High,High,0.9290563703576202,0.029690716254203015,0.04125291338817682
23342,32342,Medium,Medium,0.03841607627494168,0.03942780635472271,0.9221561173703355
6470,15470,High,High,0.9301158172916512,0.029543187566896178,0.04034099514145256
7365,16365,Low,Low,0.028936251458896684,0.9318482135110671,0.039215535030036254
19337,28337,Low,Low,0.02948122617647862,0.9311139445143809,0.03940482930914046
8544,17544,Low,Low,0.035264953762691176,0.9215065596185278,0.04322848661878104
14332,23332,Medium,Medium,0.02968311815899559,0.028529550946219243,0.9417873308947852
4078,13078,Medium,Medium,0.036342743826007516,0.03459757504345588,0.9290596811305366
11152,20152,Low,Low,0.03631884764772888,0.9160905470581028,0.04759060529416842
8109,17109,Medium,Medium,0.035983440403893285,0.030580330805766425,0.9334362287903403
10781,19781,High,High,0.9262899439584027,0.02938936947632695,0.04432068656527047
37976,46976,Low,Medium,0.04575266512002272,0.048582129463340985,0.9056652054166364
10516,19516,Medium,Medium,0.03338397986051132,0.14701469172548579,0.8196013284140028
14033,23033,High,High,0.9298926753778213,0.027805883058272585,0.04230144156390623
30717,39717,Medium,Medium,0.03511574105818047,0.036085751219745464,0.9287985077220741
34495,43495,Medium,Medium,0.036548572153439686,0.034631407174238675,0.9288200206723216
33285,42285,High,High,0.9310913956333512,0.028522031186932906,0.04038657317971594
7822,16822,Medium,Medium,0.03219795876626249,0.03847183233601142,0.929330208897726
7007,16007,Low,Low,0.02944507708644002,0.9311306150215839,0.03942430789197606
34238,43238,Medium,Medium,0.03170534888747691,0.031967681312512534,0.9363269698000106
21059,30059,Low,Low,0.029783551616979962,0.9269485328491389,0.043267915533881186
16698,25698,Medium,Medium,0.030394401265291887,0.030052873574133856,0.9395527251605742
29381,38381,High,High,0.583559534579242,0.046999917499880826,0.36944054792087727
21375,30375,High,High,0.932061499915692,0.02838173066557474,0.03955676941873334
32076,41076,Medium,Medium,0.030395055690046493,0.03470370515058078,0.9349012391593727
21877,30877,Low,Low,0.03027990238729475,0.9273050908545065,0.04241500675819863
8767,17767,Low,Low,0.03182054288554472,0.9095411492263364,0.05863830788811891
31244,40244,Low,Low,0.029261828887032455,0.9308060785400573,0.03993209257291027
9675,18675,Low,Low,0.030662280295336703,0.8570697483480424,0.11226797135662085
37945,46945,High,High,0.9326116284861691,0.028174828982830715,0.039213542531000234
12456,21456,Medium,Medium,0.031430703985786325,0.05898821443026774,0.9095810815839459
20857,29857,Low,Low,0.030172222368601304,0.9297481614852258,0.04007961614617298
21171,30171,Medium,Medium,0.043018238703947775,0.46563748867316984,0.49134427262288244
39735,48735,Medium,Medium,0.03141029504632276,0.030866837517302667,0.9377228674363746
18666,27666,Low,Low,0.030144056482811696,0.9297415832226822,0.04011436029450598
5552,14552,Medium,Medium,0.035917257548588634,0.04191429105982577,0.9221684513915855
33909,42909,Medium,Medium,0.04049460330359001,0.03734195325933815,0.9221634434370718
3292,12292,High,Low,0.03472306554794343,0.9250350186390041,0.04024191581305242
20168,29168,Medium,Medium,0.04660769721912495,0.03790084769946938,0.9154914550814057
15003,24003,Medium,Medium,0.031560513864760116,0.034743083588129525,0.9336964025471103
32203,41203,Medium,Medium,0.031260261381143316,0.03228483835048281,0.936454900268374
332,9332,Medium,Medium,0.030442952934622857,0.0283901963365121,0.9411668507288651
3656,12656,Low,Low,0.03246589852108884,0.924740444325615,0.042793657153296145
12964,21964,Medium,Medium,0.029482712860147295,0.029604964557685964,0.9409123225821666
4924,13924,Medium,Medium,0.04364501918437778,0.04480272351304456,0.9115522573025775
32315,41315,Medium,Medium,0.029826978308085426,0.033664735186113126,0.9365082865058013
32304,41304,Medium,Medium,0.03309538356004105,0.029264750428283942,0.937639866011675
17706,26706,Medium,Medium,0.04318802641420155,0.038134824153554216,0.9186771494322442
10853,19853,Low,Low,0.032122548594469225,0.9249866535841864,0.04289079782134442
25358,34358,Low,Low,0.031766077530869206,0.9287795278756761,0.03945439459345471
4773,13773,Low,Low,0.031025248654351256,0.9278619642281044,0.04111278711754444
29847,38847,Medium,Medium,0.034006719722597896,0.03104407207552007,0.934949208201882
967,9967,High,Medium,0.030190338865462605,0.029455685400139774,0.9403539757343976
19599,28599,Low,Low,0.02880397766875702,0.9267829573473835,0.044413064983859364
8664,17664,Low,Low,0.028702999582124054,0.9317215635630439,0.0395754368548319
9140,18140,High,High,0.929619826643111,0.0303250256648291,0.040055147692059874
113,9113,Low,Low,0.02988551755361481,0.8882351765412239,0.08187930590516125
274,9274,Medium,Medium,0.03205745432519895,0.030390799546120728,0.9375517461286803
28640,37640,Medium,Medium,0.028942481775146855,0.030849727070003285,0.9402077911548498
30074,39074,Low,Low,0.028734342783604316,0.930798299981303,0.04046735723509268
2576,11576,Medium,Medium,0.03086534342318901,0.030852286452635713,0.9382823701241753
27990,36990,Low,Low,0.02854244650795748,0.9318791343503618,0.03957841914168062
29838,38838,Low,Low,0.035835814883528445,0.9092620899175818,0.05490209519888978
38475,47475,Medium,Medium,0.05196516395101087,0.06897488348754337,0.8790599525614459
24895,33895,Medium,Medium,0.03441992354077184,0.03988659253133291,0.9256934839278953
4247,13247,Medium,Medium,0.0345084570337074,0.03415417662246845,0.9313373663438241
25104,34104,High,High,0.9304055350126363,0.028373423852159605,0.04122104113520412
26042,35042,Medium,Medium,0.032726143120325756,0.035931654913325485,0.9313422019663488
6618,15618,Medium,Medium,0.029516345363233266,0.028736669121759623,0.9417469855150071
36838,45838,Medium,Medium,0.03086533716806206,0.02945952692896144,0.9396751359029766
35857,44857,Medium,Medium,0.06268445165863706,0.036018680918026715,0.9012968674233361
21608,30608,Medium,Medium,0.03468456635260406,0.030350716428150945,0.9349647172192449
30145,39145,Medium,Medium,0.029415722142444783,0.02809458974666727,0.9424896881108878
10470,19470,High,High,0.9288081111149014,0.030212945631734062,0.04097894325336457
37822,46822,High,High,0.9151080962600151,0.03135532812666106,0.05353657561332389
11962,20962,Medium,Medium,0.03251810734403862,0.03269349952903927,0.9347883931269222
19382,28382,Medium,Medium,0.03084714291049341,0.028755069452283455,0.940397787637223
1518,10518,High,High,0.9255747759592466,0.03199674643648363,0.04242847760426972
8879,17879,Low,Low,0.0324095834731841,0.9236887018058152,0.0439017147210005
19070,28070,Medium,Medium,0.03441926009243865,0.029262590146437437,0.9363181497611239
18126,27126,Medium,Medium,0.036625228009802724,0.02994205530918147,0.9334327166810157
17183,26183,Medium,Medium,0.04100403187041002,0.03755285060268021,0.9214431175269097
22119,31119,High,High,0.9319761522882236,0.028665556015786853,0.03935829169598945
35496,44496,Medium,Medium,0.032946024626940275,0.03742460017593793,0.9296293751971217
18648,27648,Medium,Medium,0.0465854285117925,0.03143812873345052,0.9219764427547569
22574,31574,High,High,0.9312920691552251,0.029133481770476297,0.03957444907429864
36073,45073,Medium,Medium,0.03328662429708033,0.03148377666743433,0.9352295990354853
30093,39093,Low,Low,0.030324223940649802,0.9296184773370332,0.04005729872231695
28103,37103,Medium,Medium,0.034958729431132624,0.03032039013471637,0.9347208804341509
9207,18207,Low,Low,0.04949085205936162,0.9062932663572582,0.04421588158338021
4966,13966,High,High,0.9314443095231577,0.028207650139016337,0.04034804033782597
33644,42644,Medium,Medium,0.034957162118213043,0.4323748192278453,0.5326680186539416
29669,38669,High,High,0.9258304563206248,0.03172302721895795,0.042446516460417284
14018,23018,High,High,0.9249235031788668,0.029163372534378094,0.04591312428675506
26180,35180,Medium,Medium,0.03646495029818894,0.02995961292657134,0.9335754367752397
25675,34675,Medium,Medium,0.03207860124857182,0.034992932381019505,0.9329284663704085
4587,13587,Medium,Medium,0.04773352608393052,0.03240813821087387,0.9198583357051957
8801,17801,Medium,Medium,0.031597207261124055,0.03152526243504583,0.9368775303038301
37178,46178,Low,Low,0.035298960985622574,0.9132766842245524,0.05142435478982496
39436,48436,Medium,Medium,0.03489806644940056,0.0308598159469582,0.9342421176036413
3295,12295,High,High,0.8808991995775989,0.045160051843495204,0.07394074857890591
4713,13713,High,High,0.9309816958725629,0.02846356583553535,0.04055473829190182
8841,17841,Low,Low,0.03449655292693867,0.923615541073325,0.04188790599973644
37548,46548,High,High,0.9262224110948359,0.03074182121231711,0.043035767692847005
9212,18212,Medium,Medium,0.033777958365362105,0.03346207659052136,0.9327599650441165
6551,15551,Low,Low,0.029050791501128857,0.9312469737418501,0.03970223475702104
8026,17026,Low,Low,0.02886670392611528,0.9316441887217408,0.039489107352143935
2046,11046,Medium,Medium,0.03259048572554538,0.04204415980092996,0.9253653544735246
5320,14320,High,High,0.9311364066731266,0.028832677269538958,0.04003091605733446
17356,26356,High,High,0.9287204432863517,0.029082516511712814,0.04219704020193552
344,9344,Medium,Medium,0.03621081886343228,0.029892385550572203,0.9338967955859956
4746,13746,High,High,0.9150990803960047,0.03344507839594527,0.051455841208050045
26822,35822,Medium,Medium,0.03034311023383966,0.03450445645248837,0.9351524333136719
8267,17267,Medium,Medium,0.03442945271384119,0.03077364812818505,0.9347968991579738
24766,33766,Medium,Medium,0.0320795755976513,0.03244769871657036,0.9354727256857783
26089,35089,Medium,Medium,0.028891342561562502,0.02800066146503501,0.9431079959734024
36960,45960,Medium,Medium,0.03145728633431561,0.02958300230871683,0.9389597113569675
14471,23471,Low,Low,0.029006533765915717,0.9317337591637814,0.03925970707030285
9220,18220,High,High,0.9323168886833401,0.027657443600613563,0.0400256677160464
23863,32863,Medium,Medium,0.03695243781174664,0.03174559034480639,0.931301971843447
647,9647,Medium,High,0.9277471187177899,0.030192335473776446,0.04206054580843362
30764,39764,Medium,Medium,0.16544470089878208,0.0353383574044645,0.7992169416967534
20533,29533,High,High,0.9309246807855582,0.029635239495141814,0.03944007971929991
23079,32079,High,Medium,0.036300946880343334,0.035731269900384215,0.9279677832192724
7472,16472,Low,Low,0.035920368952410124,0.9143010625968188,0.049778568450771075
28248,37248,Low,Low,0.028694701506362313,0.9301014363607596,0.04120386213287814
13212,22212,High,High,0.9248689230951413,0.03160524090322955,0.04352583600162916
4043,13043,Medium,Medium,0.0653081504058512,0.03834297512476711,0.8963488744693816
39582,48582,Medium,Medium,0.030949591988345113,0.03205008915625817,0.9370003188553966
1502,10502,Medium,Medium,0.0310351045776375,0.03174234960523978,0.9372225458171228
14329,23329,Low,Medium,0.03270026497126302,0.03642462295864727,0.9308751120700899
1993,10993,High,High,0.9316410373612104,0.02842198214365629,0.039936980495133334
18535,27535,High,High,0.9319566516939443,0.028222548705813283,0.039820799600242415
1389,10389,Medium,Medium,0.02933175779964402,0.02889602699439388,0.9417722152059621
19627,28627,Low,Low,0.030478810240958155,0.928617808763133,0.040903380995908754
36667,45667,High,High,0.9264289217163627,0.029982215318958047,0.04358886296467928
22858,31858,Low,Low,0.03332130385297818,0.9198661438541434,0.04681255229287834
32564,41564,Medium,Medium,0.03481729304152672,0.03207654865346935,0.9331061583050039
33780,42780,Medium,Medium,0.03244881574832785,0.030929859277446462,0.9366213249742258
33097,42097,High,High,0.9305852160515582,0.02845106566072753,0.04096371828771423
8185,17185,Low,Low,0.03219272912284805,0.9090333359406809,0.05877393493647115
3830,12830,Low,Low,0.02876688526473882,0.9317366348490417,0.03949647988621935
6711,15711,Medium,Medium,0.029669534549008125,0.03279782067493061,0.9375326447760614
26881,35881,Medium,Medium,0.02927931566605362,0.02860532774037061,0.9421153565935759
37234,46234,Medium,Medium,0.0331400075142657,0.032022397122539854,0.9348375953631946
30511,39511,Low,Low,0.02980826975660937,0.9281077501833437,0.042083980060046905
30861,39861,Medium,Medium,0.03699421420157762,0.03539084878281896,0.9276149370156034
23740,32740,High,High,0.9280261532602077,0.030757440608728526,0.04121640613106382
25093,34093,Low,Low,0.0296903137745234,0.9285807461814098,0.04172894004406677
21555,30555,Medium,Medium,0.0626779287514644,0.03253021461872187,0.9047918566298137
14299,23299,Low,Low,0.03065338094847242,0.9171928685151055,0.05215375053642216
39927,48927,Medium,Medium,0.0326326427135662,0.030011216529031038,0.9373561407574026
23154,32154,Low,Low,0.032461145126852685,0.9209437652969003,0.04659508957624716
8535,17535,High,High,0.919949242056025,0.030208861643934132,0.04984189630004082
2680,11680,Medium,Medium,0.03518336129090568,0.030430860345060567,0.9343857783640338
6608,15608,Medium,Medium,0.03021797921249413,0.02957277001729666,0.9402092507702092
10078,19078,Low,Low,0.030170054591475967,0.929345589588133,0.04048435582039114
6046,15046,Medium,Medium,0.030244580438076457,0.02924696797295413,0.9405084515889693
30780,39780,Low,Medium,0.032961385017182536,0.03106505429690659,0.9359735606859109
32892,41892,High,High,0.9257826951218023,0.033538206064135455,0.040679098814062155
14833,23833,Medium,Medium,0.032257270947661405,0.030138143192043224,0.9376045858602954
13989,22989,Low,Low,0.034174120230013955,0.924848856792138,0.040977022977848034
28735,37735,High,High,0.9295647545877461,0.030578606453435353,0.03985663895881842
13209,22209,High,High,0.93147467161703,0.028791302559559084,0.03973402582341085
13186,22186,Medium,Medium,0.03252812654469699,0.030885922378208388,0.9365859510770947
28952,37952,High,High,0.9317856719647729,0.028293521733452245,0.039920806301774844
5110,14110,Low,Low,0.02866232139607715,0.9303974204182887,0.0409402581856341
18496,27496,Medium,High,0.917832132559369,0.03177590222329125,0.05039196521733965
30483,39483,Low,Low,0.029020935808306867,0.9304327151981436,0.04054634899354933
5287,14287,Medium,Medium,0.03397787802457474,0.07037621885432219,0.8956459031211031
1521,10521,Medium,Medium,0.03928454954205308,0.03478845268477787,0.9259269977731691
8562,17562,High,High,0.9127557773457738,0.03298205573333191,0.054262166920894216
23570,32570,Medium,Medium,0.030767119549838004,0.03026551283890969,0.9389673676112523
36679,45679,Low,Low,0.03513029519446119,0.9135285946569333,0.05134111014860548
380,9380,Medium,Medium,0.03402882412170277,0.033710510211074185,0.932260665667223
634,9634,Medium,Medium,0.032220816262965815,0.028572359239660644,0.9392068244973736
26708,35708,High,High,0.930636035975613,0.02866641745318046,0.04069754657120649
15553,24553,Medium,Medium,0.03368380326228116,0.03518475469017759,0.9311314420475413
7234,16234,Medium,Medium,0.03222650619240683,0.06537967076184122,0.902393823045752
20014,29014,High,High,0.9282915507667813,0.03130290436231518,0.04040554487090367
27307,36307,Low,Low,0.030328107077018444,0.928434268365269,0.04123762455771263
24746,33746,Low,High,0.9308401685372595,0.028969797782982674,0.0401900336797579
3140,12140,High,High,0.9305436665766763,0.03006628443539794,0.03939004898792572
25819,34819,Medium,Medium,0.03651519592214816,0.02891751922017774,0.9345672848576742
6297,15297,Low,Low,0.0294354067685335,0.9305486294861792,0.040015963745287174
29919,38919,High,High,0.9297374690275371,0.028543123917045204,0.04171940705541768
21617,30617,Medium,Medium,0.03292737870486654,0.031876769578162524,0.935195851716971
19303,28303,High,High,0.9290593160072547,0.030241910233243397,0.04069877375950191
2889,11889,Medium,Medium,0.03684473765626667,0.05703791835951647,0.9061173439842168
38352,47352,Low,Low,0.03015644906513169,0.9299655426084844,0.03987800832638392
18626,27626,High,High,0.9304431089735313,0.029449186892920653,0.04010770413354801
27019,36019,Low,Low,0.030312149202634572,0.9263266166594674,0.043361234137898046
2844,11844,Medium,Medium,0.03839722917483886,0.03276205058166137,0.9288407202434997
28441,37441,High,High,0.9330446554861407,0.02778656125687849,0.03916878325698072
8242,17242,Medium,Medium,0.03205792925719073,0.030636170356633238,0.937305900386176
17304,26304,High,High,0.931266803491518,0.028546320828295144,0.04018687568018689
14501,23501,Low,Low,0.029190041118334623,0.9290585171183823,0.04175144176328308
20231,29231,High,High,0.9276767227672208,0.030165205600264505,0.04215807163251454
31038,40038,Low,Low,0.028866571381796238,0.9318614652428883,0.03927196337531544
35545,44545,High,High,0.9320451830978923,0.028332806794869825,0.03962201010723795
12713,21713,Medium,Medium,0.03181636263527851,0.2946913444849368,0.6734922928797847
31086,40086,High,High,0.9282129926605647,0.029971899152055823,0.04181510818737962
11321,20321,Medium,Medium,0.038746900467560165,0.031752757699530516,0.9295003418329094
1132,10132,Medium,Medium,0.0327997954817874,0.028660598898228497,0.9385396056199841
33816,42816,Low,Low,0.02941159943390922,0.9306115179750627,0.03997688259102818
11563,20563,Medium,Medium,0.03581899628819899,0.0358867421266024,0.9282942615851986
31306,40306,Low,Low,0.029802103043644394,0.9275714521630225,0.04262644479333303
26533,35533,High,High,0.9247345487516205,0.03016298597139802,0.04510246527698136
27488,36488,Low,Medium,0.030155129697909722,0.03473633680649757,0.9351085334955928
11434,20434,Medium,Medium,0.04491501539255302,0.03539868140384284,0.9196863032036041
19907,28907,Medium,Medium,0.03841429879236328,0.03186550949133602,0.9297201917163007
30478,39478,High,High,0.9231793685073032,0.03560605032289708,0.04121458116979968
24100,33100,Medium,Medium,0.03340814012935809,0.03904786120530571,0.9275439986653362
14556,23556,Medium,Medium,0.031055915604731175,0.03396000977024402,0.9349840746250249
14755,23755,Medium,Medium,0.031685334676892406,0.029117504094556854,0.9391971612285507
36466,45466,High,High,0.9321837002808433,0.02807631043236777,0.03973998928678874
16422,25422,Medium,Medium,0.03706226332760622,0.03427437068835293,0.9286633659840408
37363,46363,High,High,0.907737733393647,0.03248603956215088,0.05977622704420216
887,9887,High,Low,0.03919149942073591,0.9097870276278631,0.05102147295140098
1814,10814,Low,Low,0.04140639010765883,0.7321285132993273,0.22646509659301392
4957,13957,High,High,0.9229927924234604,0.030878725295428507,0.046128482281111084
31048,40048,Medium,Medium,0.03551048323767684,0.03222387563307388,0.9322656411292493
11879,20879,Medium,Medium,0.037587502490796065,0.029817919544646968,0.932594577964557
22400,31400,Medium,Medium,0.03180752296553075,0.029263404412788924,0.9389290726216805
12965,21965,Low,Low,0.02946861879691366,0.9312151784723982,0.039316202730688136
18631,27631,Medium,Medium,0.033459897356815836,0.03101300281497041,0.9355270998282137
14490,23490,Medium,Medium,0.03487791624241057,0.031098076680614695,0.9340240070769749
23872,32872,Medium,Medium,0.037596493800103846,0.030440692953267994,0.9319628132466281
11508,20508,Medium,Medium,0.029964280201279458,0.03128755324086904,0.9387481665578514
39314,48314,Low,Low,0.03270271662902078,0.924595317978005,0.042701965392974106
7986,16986,High,High,0.9308700918841661,0.028763732019385035,0.04036617609644872
31566,40566,High,High,0.9308948351643135,0.02789161977354779,0.04121354506213879
5190,14190,Medium,Medium,0.03259233522533397,0.04624457859259285,0.9211630861820733
28031,37031,Medium,Medium,0.036435715450494434,0.04204966721396728,0.9215146173355383
31975,40975,High,High,0.9236294064304166,0.03556230416508686,0.040808289404496524
32896,41896,High,High,0.9318839050241637,0.028644908761337348,0.039471186214498966
32718,41718,Medium,Medium,0.029663886026389197,0.028757358381754264,0.9415787555918566
12248,21248,Medium,Medium,0.032706904143518546,0.038302365729560466,0.928990730126921
30953,39953,High,High,0.9301167958504587,0.029790058958267,0.040093145191274326
36933,45933,High,High,0.9307643643589961,0.028913853040107084,0.040321782600896854
36427,45427,High,High,0.930727792619729,0.028385798085546782,0.04088640929472414
13689,22689,Medium,Medium,0.03114139300975162,0.03930540162289083,0.9295532053673575
28215,37215,Low,Low,0.03778191467434794,0.9181157979995156,0.044102287326136524
9357,18357,Low,Low,0.02896091944416078,0.9301099728613762,0.04092910769446305
10501,19501,High,Medium,0.03215708933631883,0.028905694629168237,0.938937216034513
8124,17124,Medium,Medium,0.03283601000039935,0.03516422750087473,0.9319997624987258
9929,18929,Medium,Medium,0.029110033318139227,0.028420008334130567,0.9424699583477302
37182,46182,Low,Low,0.02928179839956467,0.9289700467457687,0.04174815485466667
35809,44809,Medium,Medium,0.030703242891843178,0.029962984133876557,0.9393337729742802
39994,48994,Low,High,0.9299852886267157,0.028394673724112196,0.0416200376491721
34713,43713,Medium,Medium,0.042473920432607254,0.04213659816931489,0.9153894813980777
21204,30204,Low,Low,0.029883440546378096,0.9267491198218581,0.043367439631763816
18234,27234,High,High,0.929082333537011,0.030060051327099702,0.04085761513588939
20583,29583,Low,Low,0.029481837196306798,0.9283242953478762,0.042193867455817054
5928,14928,Medium,Medium,0.03159670841572954,0.03289223090579593,0.9355110606784746
26629,35629,Medium,Medium,0.030563101105502446,0.028726913297159175,0.9407099855973383
36846,45846,Medium,High,0.9307454595669432,0.029417401573530396,0.03983713885952625
29495,38495,Medium,Medium,0.03166883108365728,0.029698150243485547,0.9386330186728572
5420,14420,Low,Low,0.030482287902986207,0.9292820189983032,0.04023569309871063
19429,28429,High,High,0.9243761453009137,0.03470667157565082,0.0409171831234355
36346,45346,High,High,0.9276824343894164,0.029859678562987036,0.042457887047596586
12545,21545,Medium,Low,0.03522786043931036,0.8229376165210013,0.14183452303968844
4887,13887,Medium,Medium,0.04552562663532681,0.39521927980109667,0.5592550935635765
36690,45690,Medium,Medium,0.035506071409875876,0.03725771480577059,0.9272362137843535
11942,20942,High,High,0.931487454972942,0.02864452042171965,0.03986802460533841
26714,35714,Low,Low,0.030825674539628426,0.925524668053762,0.04364965740660947
3377,12377,High,High,0.9325673536012163,0.028260896575240158,0.0391717498235434
24946,33946,Low,Low,0.0308522759183722,0.9242507407858547,0.044896983295773164
21624,30624,High,High,0.9145804471099637,0.04429709349548131,0.04112245939455502
10039,19039,Medium,Medium,0.0316163321151167,0.030315549723067353,0.9380681181618159
14197,23197,High,High,0.932263250225899,0.028438571919684918,0.03929817785441606
25571,34571,High,High,0.9316076743783559,0.02859859213224247,0.03979373348940165
23612,32612,Low,Low,0.030957183409958844,0.9210161639037177,0.04802665268632348
12306,21306,Medium,Medium,0.03102646077998378,0.03034444089402938,0.9386290983259867
5938,14938,Medium,Medium,0.039922478117476616,0.05266750345782397,0.9074100184246995
21580,30580,Medium,Medium,0.035577645995836286,0.03819635418900267,0.926225999815161
35746,44746,High,Medium,0.22199493202967577,0.049339704449936565,0.7286653635203876
18542,27542,Medium,Medium,0.030304531851700844,0.03841281393704577,0.9312826542112534
16574,25574,High,Medium,0.041943434446308714,0.11301671739554953,0.8450398481581418
36048,45048,High,High,0.9300893348377466,0.02833563645111593,0.041575028711137337
7722,16722,Medium,Medium,0.029512423866056847,0.029019841362800156,0.9414677347711429
25265,34265,High,Medium,0.03289208469327526,0.038674396789862044,0.9284335185168627
439,9439,Medium,Medium,0.03966466391259165,0.07184679856663836,0.8884885375207698
18801,27801,Medium,Medium,0.04185696506391299,0.030961824676642116,0.9271812102594449
35077,44077,High,High,0.929470784073184,0.030512486341479166,0.04001672958533686
30375,39375,Low,Low,0.03536938774718581,0.923421977531234,0.04120863472158017
23933,32933,Medium,Medium,0.03182337374727552,0.03445538663487253,0.933721239617852
3496,12496,High,High,0.926567719592703,0.03240307631640881,0.041029204090888234
8870,17870,Medium,Medium,0.03162376115853627,0.04756264081038378,0.9208135980310798
24135,33135,Low,Low,0.030086780562336945,0.9266838542694157,0.043229365168247456
28629,37629,High,Medium,0.029997992040213195,0.02936685450068897,0.9406351534590979
241,9241,Medium,Medium,0.04257412452244989,0.040960259955006274,0.9164656155225438
509,9509,Medium,Medium,0.03137627355808718,0.032183113499755535,0.9364406129421573
27438,36438,Low,Low,0.029304488243397542,0.9289649136911233,0.041730598065479164
10653,19653,High,High,0.93089715973702,0.029198660541562716,0.039904179721417195
12216,21216,Medium,Low,0.035730068838717245,0.9210306468499506,0.04323928431133197
19298,28298,Medium,Medium,0.031143951522909826,0.030082781019557678,0.9387732674575325
33058,42058,High,High,0.9307352136208417,0.028204978194227816,0.04105980818493062
14285,23285,Medium,Medium,0.030576718761801985,0.030797293084887198,0.9386259881533108
26865,35865,Low,Low,0.03247284431009469,0.9252581420957018,0.04226901359420345
17893,26893,Low,Low,0.02952968702664772,0.93058673877433,0.03988357419902244
6506,15506,Medium,Medium,0.03662132066350216,0.030515088164647087,0.9328635911718507
27707,36707,Low,Low,0.02929410934808531,0.923825914305853,0.04687997634606162
38256,47256,Medium,Medium,0.03050620894469183,0.03766453636737114,0.931829254687937
10401,19401,High,Medium,0.030842127007339303,0.03247294060535111,0.9366849323873095
7094,16094,Medium,Medium,0.030890564976833956,0.03303238537080346,0.9360770496523626
31489,40489,Medium,Low,0.029540920051400032,0.9303242583537935,0.04013482159480649
24140,33140,Medium,Medium,0.03364683629314261,0.031806612092150084,0.9345465516147073
36027,45027,High,High,0.9263089538311725,0.03326435003864143,0.040426696130186186
23220,32220,Low,Low,0.03862511671966334,0.9207052254015062,0.040669657878830485
25953,34953,Medium,Medium,0.03218122059886392,0.038367088203173916,0.9294516911979621
23261,32261,Medium,Medium,0.03132645057410339,0.03445591823768434,0.9342176311882122
22961,31961,High,Medium,0.04952036048945772,0.029814518978439303,0.9206651205321029
13273,22273,High,High,0.9303354951755008,0.028567169623597604,0.04109733520090158
23917,32917,High,High,0.90196460329497,0.04513159277720722,0.052903803927822735
36603,45603,Low,Low,0.029343596716579396,0.9259725809753596,0.04468382230806107
28891,37891,High,High,0.9276167649570555,0.03166680061213237,0.04071643443081208
26662,35662,High,High,0.9320090380620645,0.028010690170631677,0.03998027176730382
39277,48277,Medium,Medium,0.030116456274620975,0.029354366958118137,0.9405291767672609
29172,38172,Medium,Medium,0.03255499792222096,0.02943698520068122,0.9380080168770979
9663,18663,Low,Low,0.03018860565905591,0.9292192887278704,0.040592105613073595
23279,32279,Medium,Medium,0.040665777682890786,0.03489530316926329,0.9244389191478458
2898,11898,Medium,Medium,0.0349138725733317,0.03381833823294462,0.9312677891937238
10807,19807,Low,Low,0.02953962189457583,0.9288804893564224,0.04157988874900184
34537,43537,Low,Low,0.030174071832399663,0.9266403330271212,0.04318559514047918
10797,19797,Medium,Medium,0.0328820286889327,0.03137031034668872,0.9357476609643786
20775,29775,Medium,Medium,0.030774885835781113,0.029839831317599392,0.9393852828466196
35091,44091,Low,Low,0.031673907251678284,0.9265040401742822,0.041822052574039446
15989,24989,Low,Low,0.029730356362750482,0.9284981415101164,0.04177150212713301
31079,40079,Medium,Medium,0.037426591803103336,0.03605962093637062,0.926513787260526
34693,43693,Low,Low,0.03181038076871855,0.9283973570771907,0.03979226215409087
24732,33732,Medium,Medium,0.03413593206030233,0.030128346978802484,0.9357357209608952
8384,17384,Medium,Medium,0.0369325847181486,0.20036390646258626,0.7627035088192651
13521,22521,Medium,Medium,0.033404280751810386,0.07383689939227997,0.8927588198559095
26088,35088,Medium,Medium,0.03201687024613351,0.030332248716585478,0.937650881037281
2275,11275,High,High,0.9284050850162066,0.030507897062972647,0.04108701792082085
28278,37278,Medium,Medium,0.04003988908790765,0.05677115625068488,0.9031889546614075
6876,15876,Medium,Medium,0.03565047297100359,0.03214862253582048,0.9322009044931759
38220,47220,Medium,Medium,0.03559705204916545,0.0357427647365177,0.9286601832143169
33683,42683,Medium,Medium,0.03049562909075615,0.030603309811495782,0.9389010610977481
16433,25433,Low,Low,0.03321153914859015,0.9247535492903105,0.04203491156109932
33397,42397,Medium,Medium,0.029694698329466414,0.02819296454602795,0.9421123371245056
30493,39493,Low,Medium,0.0328569381240723,0.4218507026835427,0.545292359192385
27645,36645,Low,Low,0.03104096719559429,0.9285885679507123,0.04037046485369339
34351,43351,Medium,Medium,0.037530798078381285,0.03003094377008848,0.9324382581515303
39724,48724,Medium,Medium,0.029070033925343294,0.02986198519039925,0.9410679808842574
18738,27738,Medium,Medium,0.03351295486965478,0.03261428032370852,0.9338727648066367
27563,36563,Medium,Medium,0.03473608645589455,0.03417896345640952,0.9310849500876959
3524,12524,Medium,Medium,0.03352245594729581,0.03208293387401751,0.9343946101786867
19460,28460,High,High,0.9264606148870046,0.031242829893353474,0.04229655521964191
38051,47051,Medium,Medium,0.34651100782186806,0.05217477739304031,0.6013142147850915
6496,15496,High,High,0.9300574125622999,0.03019518515036744,0.03974740228733265
24328,33328,Medium,Medium,0.031470043851730405,0.030153291423365616,0.938376664724904
14781,23781,Medium,Medium,0.03514908866768765,0.031074454750276915,0.9337764565820353
20864,29864,Low,Low,0.031079720862270937,0.9278090137251929,0.04111126541253619
10778,19778,Medium,Medium,0.02951763334310953,0.03314784695220534,0.9373345197046851
20059,29059,Medium,Medium,0.031790632616140534,0.03142809189288748,0.936781275490972
18322,27322,Medium,Medium,0.03139421544037214,0.03108350476014819,0.9375222797994797
37563,46563,High,High,0.9191546210600486,0.03669988492106797,0.044145494018883354
6432,15432,High,High,0.9297457562852346,0.0280948438833646,0.042159399831400775
34280,43280,Medium,Medium,0.029551987314033728,0.02906575952964635,0.9413822531563198
18134,27134,Medium,Medium,0.03756992910415185,0.0882947699662372,0.8741353009296109
36931,45931,Medium,Medium,0.05052678321133103,0.04087889186771617,0.9085943249209528
6557,15557,Low,Low,0.029685986601076478,0.9284609104848336,0.04185310291408977
25800,34800,Low,Low,0.03025283244659942,0.9296383717703639,0.04010879578303679
26946,35946,Low,Low,0.03016088531690601,0.9296098304064312,0.04022928427666291
9509,18509,Low,Low,0.03494469481476364,0.9181844486447894,0.04687085654044696
33776,42776,Medium,Medium,0.030905268812115052,0.028719430622499556,0.9403753005653854
11577,20577,Medium,Low,0.04946367600494889,0.5939374005397321,0.356598923455319
9144,18144,Low,Medium,0.035115978721488424,0.380150662074898,0.5847333592036136
1618,10618,Medium,Medium,0.05385727621283709,0.03076972553079112,0.9153729982563719
7693,16693,Medium,Medium,0.03195539102722227,0.029453868270638717,0.9385907407021391
28847,37847,High,High,0.924012423439082,0.03457219305387512,0.04141538350704278
38880,47880,High,High,0.9323249619593595,0.02808008719723574,0.03959495084340469
24734,33734,Low,Low,0.031310260927637404,0.9266553487059211,0.04203439036644141
14002,23002,Medium,Medium,0.03826756033908648,0.03415326606874668,0.9275791735921669
27529,36529,High,High,0.9272912580335438,0.0309737710433248,0.041734970923131255
7584,16584,Medium,Medium,0.034902977415086654,0.031201126376480898,0.9338958962084325
4301,13301,High,High,0.9276407170481011,0.028789901014544667,0.04356938193735411
19130,28130,Medium,Medium,0.032637018639888916,0.03535985585202773,0.9320031255080834
13605,22605,Low,Low,0.09389300649227246,0.8634400576650406,0.042666935842686944
22785,31785,Low,Medium,0.033889257471767825,0.03195538838263298,0.9341553541455991
34587,43587,High,High,0.9317570172631809,0.027954073037807215,0.040288909699011735
6796,15796,Medium,Medium,0.03341237808272593,0.030499782811823455,0.9360878391054506
18005,27005,High,High,0.9293016504440894,0.029319928308088397,0.04137842124782213
35394,44394,High,High,0.9282140829835069,0.030561052661442076,0.041224864355051065
25736,34736,Medium,Medium,0.043018603949219004,0.056874825142382936,0.9001065709083981
19639,28639,Low,Low,0.03917876715521556,0.7831873241593398,0.1776339086854447
36150,45150,Medium,Medium,0.03250971749236629,0.0314105316263226,0.9360797508813112
3962,12962,Medium,Low,0.03688138703382316,0.6312113176827934,0.3319072952833835
24637,33637,Medium,Medium,0.033286436338198055,0.029976342693458436,0.9367372209683436
5531,14531,High,High,0.9320406733025351,0.02820605140071916,0.03975327529674565
29643,38643,High,Low,0.034007938745157625,0.9257462838804459,0.04024577737439659
37030,46030,Medium,Medium,0.030417445134300752,0.02900398017895023,0.9405785746867491
35534,44534,Low,Low,0.03662855060813666,0.8768793959880021,0.08649205340386114
11616,20616,Low,Low,0.0346603749829807,0.9183625124297615,0.046977112587257695
11579,20579,Medium,Medium,0.04482633211306655,0.37354400503221635,0.5816296628547171
28599,37599,High,High,0.9317050905397278,0.028532320228109285,0.03976258923216284
4505,13505,Medium,Medium,0.03245733319211381,0.0701431291105687,0.8973995376973175
12747,21747,High,High,0.8220112054969869,0.03907983747578785,0.13890895702722514
39666,48666,Low,Low,0.029151322240036904,0.9287327163039433,0.042115961456019875
876,9876,Medium,Medium,0.03056648037178247,0.03154658731990236,0.9378869323083152
38248,47248,Medium,Medium,0.03183507817870221,0.03149048773848633,0.9366744340828115
36484,45484,Low,Low,0.03300985712221128,0.9270467417014833,0.03994340117630547
12195,21195,Medium,Medium,0.03263173420890838,0.03051639861493012,0.9368518671761614
12521,21521,Medium,Medium,0.03042695774101714,0.029391217988989814,0.9401818242699931
30355,39355,Low,Low,0.030449717385565702,0.9285702083968093,0.04098007421762494
23085,32085,Medium,Medium,0.04160464315526795,0.036590160415429986,0.9218051964293021
4106,13106,Medium,Medium,0.05980820728333938,0.0328776582435589,0.9073141344731016
22722,31722,Low,Low,0.03316713068540914,0.9237228764380653,0.043109992876525484
38001,47001,Medium,High,0.9320467546311106,0.027886881402919002,0.04006636396597047
2578,11578,Medium,Medium,0.029404665892373717,0.02838801317132285,0.9422073209363034
24036,33036,Medium,Medium,0.03356881458563097,0.0302610199157292,0.9361701654986397
32334,41334,Medium,Medium,0.02967836010309006,0.02908619505242013,0.9412354448444898
13586,22586,Medium,Medium,0.03327487044560166,0.03179938949666518,0.9349257400577331
34412,43412,Medium,Medium,0.0307398159658361,0.032656286091648605,0.9366038979425153
453,9453,Medium,Medium,0.05286280142356096,0.029337193010682928,0.917800005565756
34513,43513,Medium,Medium,0.04124468402417177,0.03013068154831554,0.9286246344275125
36559,45559,Low,High,0.9278776137992408,0.031048937518772746,0.04107344868198638
96,9096,Low,Low,0.029636087062472564,0.9300512042435064,0.040312708694020954
21783,30783,Medium,Medium,0.0302346028230257,0.02882288098870563,0.9409425161882686
19465,28465,Low,Low,0.031145273925421657,0.9080789084711937,0.06077581760338471
37311,46311,Low,Medium,0.0318592163601514,0.030021668286540387,0.9381191153533083
9696,18696,Medium,Medium,0.030667653188265642,0.03083313117073123,0.938499215641003
23678,32678,Medium,Medium,0.03222540421382609,0.033758130491574515,0.9340164652945994
18073,27073,Medium,Medium,0.03336202382686576,0.03033588733856338,0.9363020888345709
10629,19629,Medium,Medium,0.03600326878714554,0.03243061052727675,0.9315661206855776
17826,26826,High,High,0.9280170483884397,0.029447471449169968,0.04253548016239043
5076,14076,Medium,Medium,0.035388060019742686,0.030252799141575176,0.9343591408386821
4129,13129,High,High,0.9313404798755544,0.029184400428049873,0.03947511969639591
1384,10384,High,High,0.9292820732207187,0.027779401042645795,0.04293852573663546
20106,29106,High,High,0.9309406055663252,0.029068679716622733,0.03999071471705196
23441,32441,Medium,Medium,0.04405594944395947,0.03240516593877457,0.923538884617266
449,9449,Low,Medium,0.03267698543519232,0.029236239320013156,0.9380867752447947
3090,12090,Low,Low,0.031233334849199112,0.925384684543733,0.043381980607067744
12742,21742,Low,Low,0.02920720162490541,0.9315048362571859,0.03928796211790873
32968,41968,Low,Low,0.03027022064445543,0.928027907498414,0.041701871857130514
27449,36449,High,High,0.9288664817613955,0.030795055810458688,0.04033846242814576
36256,45256,Medium,Medium,0.05772371294145453,0.043480759620279634,0.8987955274382659
32055,41055,High,High,0.9246330313809042,0.03064323653726796,0.044723732081827804
13120,22120,High,High,0.9305210703047923,0.029784460629172366,0.03969446906603554
13861,22861,Medium,Medium,0.03353680348263254,0.057574293331016914,0.9088889031863504
7017,16017,Medium,Medium,0.08615574471260228,0.03368480095245905,0.8801594543349386
39244,48244,Medium,Medium,0.03226743253917324,0.29039553139225716,0.6773370360685695
9147,18147,High,High,0.9292757693076995,0.03036350853643339,0.04036072215586693
22296,31296,Low,Low,0.029244762951419746,0.9298104768159351,0.04094476023264512
13163,22163,Low,Low,0.032960599077321746,0.9176876144673933,0.04935178645528506
21961,30961,Low,Low,0.030636782415295962,0.9249357274321609,0.044427490152543055
10032,19032,Medium,Medium,0.02897750246938192,0.02814004219261722,0.942882455338001
8545,17545,Low,Low,0.03473099823666887,0.9243832244497986,0.04088577731353243
30755,39755,Medium,Medium,0.029782615916538597,0.029606203923913443,0.9406111801595479
9895,18895,Medium,Medium,0.035201243808718814,0.03274539730338644,0.9320533588878948
15214,24214,High,High,0.9328118753561543,0.027788229605610948,0.03939989503823478
33214,42214,High,High,0.930511684776878,0.029327545751588274,0.040160769471533735
13154,22154,Medium,Medium,0.029817378786252857,0.030934535310502425,0.9392480859032447
7980,16980,High,High,0.9270773225706611,0.02873894937465481,0.044183728054684034
9255,18255,Medium,Medium,0.03285265089027802,0.028726897488165978,0.938420451621556
31247,40247,Medium,Medium,0.03663142161926338,0.1376754051931062,0.8256931731876304
4943,13943,Low,Low,0.028706715839073138,0.9264770680325775,0.04481621612834936
20444,29444,High,High,0.9303690636850847,0.028794338456066004,0.04083659785884938
37827,46827,Low,High,0.9239581762244948,0.03549319577282784,0.04054862800267722
18613,27613,High,High,0.9301851080055697,0.028639444923219386,0.04117544707121082
39455,48455,High,High,0.9314035422579724,0.02860640703754194,0.03999005070448566
14003,23003,Medium,Medium,0.033259614420774596,0.029776181973069662,0.9369642036061557
3263,12263,Medium,Medium,0.031482412833346116,0.029175102140851724,0.9393424850258021
30852,39852,Low,Low,0.03019095737295813,0.9292588196949109,0.04055022293213114
34303,43303,High,High,0.9286213977207503,0.03083998424758423,0.04053861803166566
18557,27557,Low,Low,0.02986680054254905,0.9250043260705674,0.045128873386883615
6137,15137,High,High,0.9327401142448611,0.027807568538275748,0.03945231721686319
35890,44890,High,Low,0.02869800802942682,0.9322250301212561,0.039076961849316916
9755,18755,Medium,Medium,0.03018528017208769,0.031431058865013024,0.9383836609628992
215,9215,Medium,Medium,0.02868654292276754,0.02862542351433875,0.9426880335628939
2146,11146,Low,Low,0.03230606469470286,0.9272962515168803,0.04039768378841669
21669,30669,High,High,0.9278378702871093,0.02930660708925179,0.04285552262363884
35433,44433,Medium,Medium,0.03066742371687216,0.03355756729501772,0.9357750089881103
10714,19714,Medium,Medium,0.030982954222489867,0.04250131787957597,0.9265157278979341
8874,17874,Low,Low,0.030062832583428237,0.9305964915047791,0.03934067591179268
37070,46070,Medium,Medium,0.033090644825324485,0.03219717431674819,0.9347121808579274
22827,31827,Medium,Medium,0.032845521429516945,0.03265986801274164,0.9344946105577415
34428,43428,High,High,0.9321493330530748,0.028535522399148333,0.03931514454777699
18427,27427,Medium,Medium,0.03833486243969412,0.03418530585836528,0.9274798317019407
6510,15510,Medium,High,0.9255869079840428,0.03401525040916251,0.04039784160679475
35833,44833,Low,Low,0.028978173718758826,0.9309353951979512,0.040086431083290054
15628,24628,Low,Low,0.028947294572566395,0.9308995845086026,0.04015312091883089
2200,11200,High,High,0.9317518735550944,0.028620371377558147,0.03962775506734743
4565,13565,Low,Low,0.03092848017256623,0.9280354043808453,0.041036115446588424
22733,31733,Low,Low,0.031617042899908264,0.9028668778955629,0.06551607920452877
4119,13119,Medium,Medium,0.02898821235649356,0.02957126278210871,0.9414405248613976
26222,35222,Medium,Medium,0.0333840541651921,0.03349170831031858,0.9331242375244893
24693,33693,High,High,0.9294049452805507,0.028935936150338206,0.04165911856911102
5596,14596,Medium,Medium,0.029462256552867962,0.02985058098787707,0.940687162459255
27756,36756,High,High,0.9261806402307909,0.03049432787121428,0.04332503189799491
17333,26333,Medium,Medium,0.04227953580835214,0.033046091067911336,0.9246743731237367
13362,22362,Low,Low,0.02936271922735621,0.9292756681873414,0.0413616125853025
22666,31666,High,High,0.9146082098060971,0.029919050571964968,0.05547273962193788
28975,37975,Low,Low,0.03169493585554032,0.9251531405257207,0.04315192361873896
18165,27165,Low,Low,0.03507886117449249,0.9048922853681939,0.0600288534573136
16017,25017,High,High,0.9152657425383296,0.0320097792047487,0.052724478256921836
29994,38994,Medium,Medium,0.03043681467727025,0.02978487324469455,0.9397783120780353
8110,17110,Medium,Medium,0.03349273514002043,0.03161655868700815,0.9348907061729714
21596,30596,Low,Low,0.02869507333478152,0.9321065673662655,0.03919835929895305
27372,36372,Low,Low,0.029102976312775697,0.9311577435094543,0.03973928017776999
15156,24156,Medium,Medium,0.030138272106375038,0.027773324322265428,0.9420884035713595
31377,40377,Medium,Medium,0.030285230661754533,0.039279614855070255,0.9304351544831752
37203,46203,High,High,0.9296037752096605,0.02928611648454692,0.04111010830579265
17717,26717,High,High,0.9309252939299141,0.028734025157224532,0.040340680912861436
33945,42945,Low,Low,0.029147554462105384,0.9288792271677809,0.04197321837011367
12183,21183,Low,Low,0.029288162658562305,0.9314368622910051,0.039274975050432544
2495,11495,Medium,Medium,0.030404921165795785,0.031284833675766226,0.938310245158438
30659,39659,High,High,0.9288062217896118,0.02959297517066457,0.0416008030397237
27049,36049,Medium,Medium,0.03198623710789199,0.034212832055816836,0.933800930836291
12473,21473,High,Medium,0.029720983692810694,0.02944089527227217,0.9408381210349172
38416,47416,High,High,0.9313838618259401,0.028884118171397494,0.03973202000266232
39616,48616,Low,Low,0.029612135712213813,0.9304056499749493,0.039982214312836876
13447,22447,Medium,Medium,0.033564288674819504,0.030666720422621363,0.9357689909025592
695,9695,Low,Low,0.028625514057133896,0.9314744755999361,0.03990001034292992
27180,36180,Medium,Medium,0.03112818401235661,0.03595827736017903,0.9329135386274645
3794,12794,Medium,Medium,0.03010768925928269,0.028866648414564475,0.9410256623261528
38062,47062,High,High,0.9326149081579341,0.027849745529074987,0.03953534631299093
746,9746,Low,Low,0.029873737039182575,0.9291699043652818,0.04095635859553559
4052,13052,High,High,0.9271832844993472,0.029303499472361504,0.04351321602829128
35557,44557,High,High,0.9330863482449306,0.027641508939282355,0.03927214281578705
4118,13118,High,High,0.9315205244803956,0.02827971662265583,0.04019975889694854
793,9793,Low,Low,0.028540213119924218,0.9322553299705674,0.03920445690950839
17872,26872,Low,Low,0.03469051492514066,0.9230753364957366,0.0422341485791227
767,9767,Medium,Medium,0.03194581688954879,0.03574425775301676,0.9323099253574346
29382,38382,Medium,Medium,0.03247810168018584,0.0319241697377095,0.9355977285821048
1649,10649,Low,Low,0.029661912340821273,0.9285069859368823,0.04183110172229645
4829,13829,Medium,Medium,0.036204501741071676,0.039323735995429716,0.9244717622634986
8774,17774,High,High,0.9291538867381824,0.03130151200732163,0.03954460125449579
14418,23418,High,High,0.9306009216305021,0.02853503912726481,0.04086403924223315
14584,23584,Low,Low,0.030131868766039113,0.9272470137583285,0.04262111747563235
2827,11827,Medium,Medium,0.03207646354462408,0.03248618055853756,0.9354373558968384
984,9984,Low,Low,0.029881645788787936,0.9273504452255761,0.04276790898563602
9508,18508,Low,Low,0.03392252016444434,0.923272535662195,0.04280494417336054
9526,18526,Medium,Medium,0.1733363890118834,0.09684313618420697,0.7298204748039098
13798,22798,High,High,0.930255743754635,0.029198696635112154,0.04054555961025275
571,9571,High,High,0.930941215533757,0.029044531469845748,0.04001425299639727
20276,29276,High,High,0.9276583252506702,0.03111399565731887,0.04122767909201091
21557,30557,High,High,0.9278971000488374,0.030377393579110092,0.04172550637205242
36560,45560,Medium,Medium,0.03021473427079446,0.0367160730387187,0.9330691926904868
36634,45634,Medium,Medium,0.0353946649229483,0.029530624369846204,0.9350747107072056
9240,18240,High,High,0.9239993819439482,0.03319819767413492,0.04280242038191697
37645,46645,High,High,0.9263868085909257,0.030642306562571664,0.04297088484650254
32973,41973,High,High,0.9311756974039357,0.028919125097412086,0.039905177498652196
5963,14963,Medium,Medium,0.028746873833187043,0.02899818745291592,0.942254938713897
29090,38090,Medium,Medium,0.029335390142718104,0.028452000837088428,0.9422126090201934
35277,44277,Medium,Medium,0.028807281203811916,0.02874865842831929,0.9424440603678689
28751,37751,Medium,Medium,0.030342192737823542,0.028282309565980924,0.9413754976961956
11389,20389,Medium,Medium,0.039753645338856725,0.031842852669366546,0.9284035019917768
10333,19333,High,High,0.9319548808096291,0.02824539782860948,0.0397997213617614
29299,38299,Low,Low,0.029882127497367655,0.9278464632428832,0.042271409259749
32658,41658,Medium,Medium,0.032160485677608465,0.029662217754087037,0.9381772965683046
4680,13680,Medium,High,0.9275532942297638,0.028766212606074492,0.04368049316416161
9360,18360,High,High,0.93217943016632,0.027727067202417285,0.0400935026312628
35146,44146,Medium,Medium,0.03335792280944613,0.03346393936704346,0.9331781378235103
24965,33965,Medium,Medium,0.04204331099980449,0.03450359134835035,0.9234530976518451
12540,21540,Medium,Medium,0.037952799012828387,0.029255134395508253,0.9327920665916632
12028,21028,Low,Low,0.034218595498322346,0.9245142345284663,0.04126716997321147
19655,28655,High,High,0.9284980106817345,0.029880675920954045,0.04162131339731134
2120,11120,Medium,Medium,0.03323209341067723,0.03246636201391078,0.934301544575412
6087,15087,Low,Medium,0.031031239832323854,0.03235350754709626,0.9366152526205799
29140,38140,Low,Low,0.03236335865740875,0.9250951601713325,0.04254148117125883
26269,35269,Low,Low,0.02877283711885789,0.9312956929287949,0.039931469952347094
35754,44754,Medium,Medium,0.030289939360662543,0.03149146648805042,0.9382185941512869
2572,11572,High,High,0.8972685799197708,0.055618147529208205,0.047113272551020956
10584,19584,Medium,Medium,0.12077826378759876,0.03821475565651488,0.8410069805558863
22498,31498,Medium,Medium,0.037259183171047594,0.13544894459137327,0.8272918722375792
24431,33431,Low,Low,0.029856300966229227,0.9303925800231291,0.039751119010641635
16375,25375,Medium,Medium,0.10909866465300931,0.03128958047343201,0.8596117548735588
36632,45632,Medium,Medium,0.03332636731566261,0.031524318169721954,0.9351493145146154
26366,35366,Medium,Medium,0.033589021065278064,0.029541410393155988,0.936869568541566
5257,14257,Low,Low,0.029167756810364515,0.9311599343988409,0.03967230879079456
19105,28105,Medium,Medium,0.09759896103118083,0.03179017452883028,0.8706108644399889
11965,20965,Low,Low,0.03041173153160052,0.9249468756942522,0.04464139277414722
33428,42428,Medium,Low,0.04944178691620559,0.500185335448527,0.4503728776352674
32657,41657,Medium,Medium,0.03022617068990745,0.03417853014114006,0.9355952991689525
27804,36804,High,High,0.9280742784315973,0.029246502656511974,0.042679218911890755
30952,39952,Low,Low,0.029951249682374514,0.9264346844983838,0.043614065819241564
20898,29898,Medium,Medium,0.04901066224275056,0.03184726005169811,0.9191420777055512
35760,44760,High,High,0.9318843581712356,0.028423262033417582,0.039692379795346726
31202,40202,Medium,Medium,0.029965272476721618,0.03127338052818545,0.938761346995093
26051,35051,Low,Low,0.05637161523705611,0.755442837160525,0.1881855476024188
27906,36906,High,High,0.8959300902042496,0.03809314488168417,0.06597676491406616
34755,43755,Medium,Medium,0.03134709603949126,0.029981395575574016,0.9386715083849347
2178,11178,Medium,Medium,0.09830968695563652,0.04194515196872456,0.8597451610756389
2213,11213,Medium,Medium,0.03137429040715629,0.03075077730283936,0.9378749322900043
2399,11399,Low,Low,0.032374534782466956,0.927684121860454,0.03994134335707898
32135,41135,Low,Low,0.028546567784829686,0.9320204310203778,0.03943300119479253
23437,32437,Medium,Medium,0.029654166407010966,0.03302273290301127,0.9373231006899777
5887,14887,Medium,Medium,0.03988443182135198,0.03570942056949958,0.9244061476091484
3531,12531,Low,Low,0.029281340657706684,0.9305403821050297,0.04017827723726361
9202,18202,Low,Low,0.031067208376033037,0.9246365466316044,0.04429624499236242
37356,46356,Low,Medium,0.04455423030665936,0.03337691908726518,0.9220688506060754
4868,13868,High,High,0.9298318332122947,0.03021317131627359,0.03995499547143178
23790,32790,Medium,Medium,0.062326851545185157,0.03193020730569827,0.9057429411491166
21400,30400,Medium,Medium,0.030208195501926615,0.02785236652193619,0.9419394379761372
24072,33072,High,High,0.9250594647996496,0.03442480163221001,0.0405157335681402
33802,42802,High,High,0.9231981228826687,0.032344997873387876,0.04445687924394348
13700,22700,Low,Medium,0.031243627011808935,0.0338508032544412,0.9349055697337499
24125,33125,Low,Low,0.029817588940172904,0.9250334266482024,0.0451489844116247
27734,36734,Medium,Medium,0.034959524612431125,0.028503005799180598,0.9365374695883882
32982,41982,Medium,Medium,0.03810894335526068,0.02917283457547738,0.9327182220692619
5441,14441,Low,Low,0.0293839558902485,0.9303457856347187,0.04027025847503288
3137,12137,Medium,Medium,0.044703260688933516,0.03121103905922623,0.9240857002518403
32373,41373,High,High,0.9271579878681765,0.030279266207172795,0.04256274592465059
5540,14540,Low,Medium,0.03150307798369228,0.03200663092599842,0.9364902910903092
22761,31761,Medium,Medium,0.03165664666811946,0.03956710626640321,0.9287762470654773
5398,14398,Medium,Medium,0.03017231060584846,0.0297835388797891,0.9400441505143625
1583,10583,Medium,Medium,0.03154078212184918,0.0328538815844403,0.9356053362937105
34026,43026,Medium,Medium,0.0364486842650319,0.02920799501000244,0.9343433207249657
22611,31611,High,High,0.9246149674511311,0.030276881303556148,0.04510815124531272
13889,22889,Medium,Medium,0.03068866234274965,0.028439321554167715,0.9408720161030827
12919,21919,High,High,0.9321031581671925,0.02832110176006516,0.03957574007274226
32911,41911,Medium,Medium,0.03564824052446957,0.031221992854340113,0.9331297666211903
13457,22457,Medium,Medium,0.030356294764581265,0.02966563254953736,0.9399780726858813
4009,13009,Low,Low,0.032098038315638976,0.9268369728280533,0.04106498885630774
9135,18135,Low,Low,0.029349708584336887,0.9280021687022314,0.04264812271343172
7825,16825,Medium,Medium,0.03796197733076011,0.037682344640796804,0.9243556780284431
19042,28042,High,High,0.9270478918117693,0.0334561242944608,0.03949598389376994
36806,45806,High,Medium,0.37013987650683045,0.04969805121296927,0.5801620722802002
11489,20489,High,High,0.9314496768119329,0.028677180797120057,0.039873142390947004
4705,13705,High,High,0.9284329275962041,0.0305641767645846,0.04100289563921127
12891,21891,Medium,Medium,0.03339375123197713,0.04063854375315091,0.9259677050148719
17298,26298,Medium,Medium,0.036165893510377405,0.03755220019698242,0.9262819062926403
26407,35407,Medium,Medium,0.030333595100815614,0.05675404150617225,0.9129123633930121
3482,12482,Medium,Medium,0.030506121248197644,0.029036320366765723,0.9404575583850366
33050,42050,Low,Low,0.028965229073581327,0.9308095751745672,0.04022519575185154
31793,40793,Medium,Medium,0.03213944305137845,0.031388071149031645,0.93647248579959
28400,37400,Medium,Medium,0.037771947968894264,0.03823573221727624,0.9239923198138295
13817,22817,High,Medium,0.031069016174094456,0.02927275671528827,0.9396582271106174
6771,15771,High,High,0.9317181548469252,0.02892301764592803,0.039358827507146595
19590,28590,High,High,0.9286171376656146,0.03062414595373653,0.0407587163806488
26403,35403,Medium,Medium,0.030277039155682573,0.03283755303628298,0.9368854078080343
9180,18180,High,High,0.929111757916847,0.030914463342269657,0.03997377874088334
5765,14765,Low,Low,0.03007894021648998,0.9296417909379336,0.04027926884557631
29618,38618,High,High,0.6743772707427022,0.03660229149578855,0.28902043776150926
32769,41769,Low,Low,0.030863003129075455,0.9256972282244055,0.043439768646519133
18873,27873,Medium,Medium,0.03832128163319717,0.05981743286659944,0.9018612855002034
18889,27889,Medium,Medium,0.03506488921528145,0.034655534728019376,0.9302795760566992
9710,18710,Low,Low,0.04079361252145943,0.9061033172328835,0.053103070245657
24869,33869,Low,Low,0.029269982804583233,0.9308831794644302,0.03984683773098657
37090,46090,High,High,0.9261373670501518,0.030192585494917726,0.04367004745493056
7567,16567,High,Medium,0.03014690780104466,0.02948396535001563,0.9403691268489397
12527,21527,High,Low,0.029771773120558245,0.9298921044851595,0.04033612239428216
12191,21191,High,High,0.9253820779374239,0.030824431008027574,0.043793491054548495
9274,18274,Medium,Medium,0.03018695339570382,0.028857307273303018,0.9409557393309931
31613,40613,High,High,0.9155694737685227,0.029442208702744683,0.054988317528732476
31150,40150,Medium,Medium,0.03735326545075397,0.033191065795765994,0.9294556687534801
16547,25547,Low,Low,0.03003458126444078,0.9255643968361648,0.04440102189939449
37109,46109,High,High,0.9310922621219079,0.027988882953264845,0.0409188549248272
25131,34131,High,Low,0.04005987215941718,0.6728263378677711,0.28711378997281173
2058,11058,Low,Low,0.047022810119725096,0.8254476026748487,0.1275295872054262
16848,25848,Low,Low,0.041613116601113546,0.7854259144685823,0.1729609689303041
37229,46229,High,High,0.920335133009789,0.034218355171140115,0.04544651181907095
13583,22583,Low,High,0.927212609120232,0.03277509282567013,0.040012298054097804
36620,45620,Medium,Medium,0.029746720903924672,0.028678092456117337,0.941575186639958
25677,34677,Medium,Low,0.029304017795918028,0.9283974952157746,0.042298486988307266
39808,48808,Low,Low,0.03593200738035314,0.744017335893326,0.22005065672632082
5430,14430,Medium,Medium,0.029131897086208974,0.030069233566538622,0.9407988693472524
26570,35570,Low,Low,0.03042871087634399,0.9271335263230359,0.04243776280061992
34617,43617,Low,Low,0.02925149812333877,0.9281643549466404,0.04258414693002083
3330,12330,Medium,High,0.9319049774958353,0.028315105224815864,0.039779917279348743
32756,41756,Low,Low,0.03145355437032201,0.9249857476895801,0.043560697940097835
8064,17064,High,High,0.9311811372820223,0.02893284646745363,0.039886016250523945
26907,35907,High,High,0.9302578032069526,0.029208757195185685,0.04053343959786153
23596,32596,Low,Low,0.03430784744043603,0.9252971174869957,0.04039503507256825
4632,13632,Low,Low,0.028580120166097536,0.93234054387331,0.039079335960592404
28281,37281,Medium,Medium,0.03407728400550136,0.031152494659872767,0.934770221334626
21630,30630,Medium,Medium,0.029827506794615193,0.03077395892568266,0.9393985342797021
16494,25494,Low,Low,0.20932201982551432,0.7456787283150863,0.04499925185939927
24330,33330,Medium,Medium,0.03434166237914119,0.03244944247911368,0.9332088951417452
18477,27477,High,Medium,0.031536988593354284,0.028939974084151495,0.9395230373224942
9560,18560,Low,Low,0.029352163370225472,0.9293501369770846,0.04129769965268998
27227,36227,Medium,Medium,0.03405333611140021,0.033514427915392365,0.9324322359732075
29194,38194,Medium,Medium,0.040745024075932515,0.04031231458827681,0.9189426613357906
17236,26236,High,High,0.9250099463381699,0.03151687815417054,0.04347317550765945
10313,19313,Medium,Medium,0.047053056702637264,0.08016114714869271,0.87278579614867
16094,25094,Medium,Medium,0.03168264027716154,0.03002310324166056,0.9382942564811779
22303,31303,Low,Low,0.03211108990306129,0.9283090537758936,0.03957985632104522
22713,31713,Medium,Medium,0.04757643939126401,0.05123983283981789,0.9011837277689182
9193,18193,High,High,0.9313976652169634,0.027971915247604246,0.04063041953543231
12934,21934,Low,Low,0.03891541952034441,0.9203366540179584,0.04074792646169731
1222,10222,Medium,Medium,0.06972870161721226,0.031961328950225236,0.8983099694325626
39382,48382,Low,Low,0.029999839557276305,0.9266220619284526,0.043378098514270956
32013,41013,Medium,Medium,0.03385649204370189,0.1035841861564948,0.8625593217998033
20112,29112,High,High,0.9292360589538547,0.02979195957930676,0.04097198146683851
9820,18820,Medium,Medium,0.03642267476477847,0.050506219113608565,0.9130711061216129
18202,27202,Medium,Medium,0.030591859479119913,0.028354611989024604,0.9410535285318554
32362,41362,High,High,0.932082237893015,0.027893030936561525,0.040024731170423454
21994,30994,Low,Low,0.03008035375240495,0.9279601363734956,0.041959509874099445
9715,18715,High,High,0.9312086664034703,0.02883778407045473,0.039953549526074855
3660,12660,Medium,Medium,0.03381513101446171,0.03188247595600686,0.9343023930295313
38771,47771,Medium,Medium,0.0302616599412819,0.05784083628868514,0.911897503770033
17259,26259,High,Low,0.029335428213282194,0.9304270950445096,0.040237476742208136
16859,25859,Medium,Medium,0.0363355118350412,0.031166279133560678,0.9324982090313982
812,9812,Low,Low,0.030088124931667404,0.92235859605408,0.04755327901425263
35374,44374,High,High,0.9306598338738205,0.029287489078991816,0.0400526770471877
3289,12289,Low,Low,0.029397782005845776,0.9272689301213753,0.043333287872778785
24736,33736,Low,Low,0.03743735502920119,0.6975014977375095,0.2650611472332893
38024,47024,Medium,Medium,0.03278035644215825,0.030539698229336238,0.9366799453285056
16898,25898,Low,Low,0.030244418666557596,0.9286777816172008,0.0410777997162415
24658,33658,Medium,Medium,0.031822302936536984,0.03335975887700524,0.9348179381864578
13770,22770,Low,Low,0.029323034501821253,0.9301954680485629,0.040481497449615746
18947,27947,Low,Low,0.12049464283231433,0.8367118146535665,0.04279354251411923
21087,30087,Medium,Medium,0.033232588354539315,0.03247139626893093,0.9342960153765297
7366,16366,Medium,Medium,0.033066782134993006,0.031107284059073453,0.9358259338059335
18758,27758,Medium,Medium,0.039842995276749636,0.035123061868690415,0.9250339428545601
31563,40563,Low,Low,0.029100129397423142,0.9231423231544259,0.047757547448150896
2601,11601,Medium,Medium,0.03097168407984789,0.03068641528671673,0.9383419006334354
38730,47730,Medium,Medium,0.030582460411794434,0.029147352870813478,0.9402701867173922
26987,35987,Medium,Medium,0.030008844241151772,0.029399105904894796,0.9405920498539534
6881,15881,Low,Low,0.029142793506476392,0.929687576188018,0.04116963030550558
23182,32182,High,Low,0.02874619702084294,0.929732500330199,0.041521302648957946
28421,37421,Medium,Medium,0.03360385961845679,0.07638136637825013,0.890014774003293
34982,43982,Low,Low,0.0422624726367039,0.9105883282196906,0.0471491991436055
37883,46883,Low,Low,0.03303765881573931,0.9244235579284449,0.042538783255815706
22633,31633,Low,Low,0.02863894105402485,0.9311382935572009,0.04022276538877434
12078,21078,Medium,Medium,0.03136757020456487,0.029594086727605547,0.9390383430678296
21105,30105,Low,Low,0.029963668395212504,0.9293529589502656,0.04068337265452187
23405,32405,Low,Low,0.029935518489066185,0.9299862475929769,0.040078233917956965
33172,42172,Medium,Medium,0.028842554933494025,0.028660929908019522,0.9424965151584864
21741,30741,Medium,Medium,0.02900103508328417,0.029574153794266738,0.9414248111224491
29284,38284,Medium,High,0.9187158468168567,0.03690424222638203,0.04437991095676128
28247,37247,High,High,0.8808129392647791,0.04889020124464231,0.07029685949057853
7870,16870,Low,Low,0.043664919317907,0.5327081588948094,0.42362692178728373
2427,11427,Medium,Medium,0.035530448977070396,0.03964993154605912,0.9248196194768704
29534,38534,Medium,Medium,0.035670107853153984,0.03452368368230416,0.9298062084645418
19860,28860,Low,Low,0.029197407521265095,0.9300964720144344,0.04070612046430063
3401,12401,Low,Medium,0.036331815442463965,0.04880373868901793,0.9148644458685181
29079,38079,Medium,Medium,0.10135506216566624,0.03122598722522138,0.8674189506091124
14316,23316,Low,Low,0.03017590834491544,0.929657457415761,0.04016663423932345
24474,33474,Medium,Medium,0.0325438474464032,0.07140092387372708,0.8960552286798698
32262,41262,High,High,0.9095492177221857,0.04888409285449188,0.041566689423322485
28024,37024,Medium,Medium,0.035355978002645276,0.04294832987178943,0.9216956921255653
3682,12682,Medium,Medium,0.03441524125690181,0.02857243855482498,0.9370123201882733
24858,33858,High,High,0.9225061063644585,0.035296270546746826,0.04219762308879461
21423,30423,Medium,Medium,0.030754436946760725,0.032992689714264216,0.936252873338975
2160,11160,High,High,0.9285623155218167,0.031212382141091687,0.04022530233709159
28752,37752,High,High,0.9329737655032818,0.028029839873152513,0.038996394623565654
3787,12787,Medium,Medium,0.0418830878014848,0.028522932842994064,0.9295939793555211
31354,40354,Medium,Medium,0.03504728003592219,0.03197656264437657,0.9329761573197013
20377,29377,High,High,0.9240116181117441,0.031022752675083223,0.04496562921317258
22730,31730,Medium,Medium,0.0368174185092446,0.031327415138449194,0.9318551663523063
31368,40368,Medium,Medium,0.05111920405251439,0.043965456064919535,0.9049153398825661
33959,42959,High,High,0.9276938155697657,0.03043717935003773,0.041869005080196454
38103,47103,High,High,0.9318297298006675,0.028594097601767787,0.03957617259756471
28433,37433,High,High,0.9276884640975052,0.02852077530030116,0.04379076060219372
10882,19882,High,High,0.9248498914259722,0.028699987624342404,0.04645012094968539
4266,13266,Low,Low,0.029558671207265113,0.9284006049781577,0.042040723814577165
27747,36747,Medium,Medium,0.03451389042020759,0.0357421191115074,0.929743990468285
14130,23130,Medium,Medium,0.037530133040466936,0.033939812487921335,0.9285300544716119
1692,10692,Low,Low,0.03220363528382067,0.9053643390860792,0.06243202563010033
4806,13806,Medium,Medium,0.03437552664268611,0.04287613196549911,0.9227483413918147
7481,16481,High,High,0.9294569210000246,0.030358647964055244,0.04018443103592014
20688,29688,Medium,Medium,0.029596397079381748,0.028776187968916307,0.9416274149517019
8717,17717,Medium,Medium,0.029272144180142765,0.03227490727233289,0.9384529485475243
12435,21435,High,High,0.9161296223051187,0.04043716999572709,0.04343320769915413
10913,19913,Medium,Medium,0.033417942865580884,0.029878787926302122,0.9367032692081171
8139,17139,Medium,Medium,0.044182416517148194,0.029821226639182744,0.9259963568436689
3033,12033,Medium,Medium,0.03432664058498407,0.02860985122451423,0.9370635081905018
12912,21912,Medium,Medium,0.031201158937222778,0.02964359005609381,0.9391552510066834
23413,32413,Medium,Low,0.028650326349107497,0.9319266985808327,0.03942297507005981
33863,42863,Medium,Medium,0.03635636134327313,0.03325258835440803,0.930391050302319
26551,35551,Medium,Medium,0.04110060771531335,0.3661977509258714,0.5927016413588152
1152,10152,Low,Low,0.02877266641395398,0.9320475513719052,0.03917978221414097
3223,12223,Medium,Medium,0.033983202700844685,0.03222432419304719,0.933792473106108
22903,31903,Medium,Medium,0.04103918486730635,0.03143968545077962,0.9275211296819141
13307,22307,Medium,Medium,0.030079375658552895,0.029072438798466216,0.9408481855429809
24209,33209,Low,Low,0.03763842530661615,0.9215512723832298,0.04081030231015415
15967,24967,Medium,Medium,0.03214184127985001,0.039109162432569226,0.9287489962875807
20428,29428,High,High,0.9303908616185218,0.029772347028835605,0.03983679135264263
35674,44674,High,High,0.9309944764394293,0.029600323849583405,0.03940519971098716
13616,22616,Medium,Medium,0.029125005957240407,0.030075882585113557,0.940799111457646
37960,46960,Low,Low,0.030442223202630597,0.9213642813449178,0.04819349545245155
21525,30525,Medium,Medium,0.029283099063837036,0.02895166812827553,0.9417652328078874
32569,41569,Medium,Medium,0.03513778124606534,0.03457818526378103,0.9302840334901537
19137,28137,Medium,Medium,0.03665170627060014,0.03063730945021829,0.9327109842791815
25054,34054,High,High,0.8673614015012315,0.09115383412147665,0.041484764377291865
17467,26467,Low,Low,0.029167162384567236,0.9307547428462518,0.04007809476918101
20722,29722,Medium,Medium,0.03265934269595388,0.02909099668784557,0.9382496606162004
34661,43661,Low,Low,0.029499939675906906,0.9309194182723376,0.039580642051755564
15488,24488,High,High,0.7296567357471017,0.051514962447153846,0.2188283018057445
17787,26787,Medium,Medium,0.032252147535098946,0.028897632757542507,0.9388502197073585
12580,21580,Medium,Medium,0.043867611362704916,0.03206154967636773,0.9240708389609273
9109,18109,Medium,Medium,0.04283757270324918,0.037902406117987376,0.9192600211787635
20880,29880,Medium,Medium,0.02956161188055248,0.02927276764635781,0.9411656204730896
8814,17814,High,High,0.9315447692179578,0.028190219388473128,0.04026501139356919
8505,17505,High,High,0.9285550476026795,0.030885922582569957,0.04055902981475051
18280,27280,Medium,Medium,0.07769869493040181,0.034588051461518964,0.8877132536080792
15947,24947,Medium,Medium,0.03156029845937507,0.03470793888253466,0.9337317626580903
16064,25064,Medium,Medium,0.034633945931440285,0.031215720037101834,0.9341503340314579
6894,15894,High,High,0.9297972295260747,0.029184141933919813,0.04101862854000559
4566,13566,Medium,Medium,0.0298906362476701,0.028541475300043067,0.9415678884522868
9908,18908,Low,Low,0.03130818898536311,0.9210682542760376,0.04762355673859934
28041,37041,Medium,Medium,0.03091549597311004,0.03205924424322203,0.937025259783668
1253,10253,Low,Low,0.03101280700839422,0.9291840275368607,0.03980316545474499
2250,11250,Low,Low,0.029026756897905126,0.9286609599126606,0.042312283189434224
19623,28623,Medium,Medium,0.033620421032354374,0.032973477915334067,0.9334061010523116
1381,10381,Low,Low,0.030316308529724917,0.9203923222452648,0.04929136922501037
17257,26257,Medium,Medium,0.03228774593669812,0.032581797818334875,0.9351304562449668
14474,23474,Medium,Medium,0.03030544411292349,0.029260225691310832,0.9404343301957656
23385,32385,Medium,Medium,0.04128548903966615,0.03381509210976109,0.9248994188505728
35057,44057,Medium,Medium,0.037538227104751645,0.029889452562780357,0.932572320332468
15085,24085,Low,Low,0.03121544535957159,0.9252494003397697,0.04353515430065885
14745,23745,Medium,Medium,0.03281871348874496,0.029685556223454184,0.9374957302878008
32431,41431,Medium,Low,0.032371475086538724,0.8690471301450189,0.09858139476844241
32199,41199,Low,High,0.9258610195252309,0.03043084200261056,0.04370813847215845
3862,12862,Low,Low,0.04227277609276586,0.8665983442086831,0.09112887969855114
18609,27609,Low,Low,0.03275558886286151,0.4929707751402874,0.47427363599685113
30245,39245,High,High,0.9325240489125055,0.027945568998887237,0.03953038208860718
14561,23561,Medium,Low,0.03796025829776903,0.59102671889424,0.3710130228079909
22628,31628,Low,Low,0.03081150856389388,0.9291015009770697,0.0400869904590365
11423,20423,Medium,Medium,0.04006731380818685,0.03915231133319757,0.9207803748586155
2123,11123,Low,Low,0.029318638412260085,0.9187169815432267,0.051964380044513085
14964,23964,Low,Low,0.029774795849094492,0.9295807646046034,0.04064443954630214
7044,16044,Medium,Medium,0.03346818271919391,0.034394835969896204,0.93213698131091
28321,37321,Medium,Medium,0.03455413411638537,0.03043361978466187,0.9350122460989528
30944,39944,Low,Low,0.029070918619909944,0.9308415736238901,0.04008750775619993
37114,46114,Medium,Medium,0.03161910504195892,0.031283922705694446,0.9370969722523466
24755,33755,Medium,Medium,0.07653507499397112,0.03889235637514673,0.8845725686308822
11811,20811,Medium,Medium,0.04531613797960016,0.08831787946437662,0.8663659825560233
29824,38824,Medium,Medium,0.0301765224941169,0.030558153457218757,0.9392653240486643
4317,13317,Medium,Medium,0.02974221183818938,0.029634497567110996,0.9406232905946997
10476,19476,Medium,Medium,0.03329651868412987,0.0534530816098046,0.9132503997060656
15623,24623,Medium,Medium,0.036545002298273184,0.03220581425346764,0.9312491834482591
7216,16216,Medium,Medium,0.04460845007073868,0.035579263303591,0.9198122866256702
16782,25782,Low,Low,0.02957122366411112,0.9277808157200792,0.042647960615809645
11909,20909,Low,Low,0.030985451584265872,0.9279146051058863,0.04109994330984774
6240,15240,Medium,Medium,0.03387642438838049,0.031687541981940154,0.9344360336296793
27131,36131,High,High,0.9279572283372955,0.02862706766784812,0.04341570399485634
36928,45928,High,High,0.9272867670109415,0.03023533528425068,0.04247789770480784
21330,30330,Low,Low,0.028577294393108372,0.9318262992936509,0.039596406313240594
37714,46714,High,High,0.9194045398775555,0.031714044599120715,0.04888141552332392
3567,12567,Medium,Medium,0.031052021495409615,0.03527020860550753,0.9336777698990829
2445,11445,Low,Low,0.03948336305330897,0.816603705231772,0.14391293171491912
4743,13743,High,Medium,0.4346961229479389,0.039007414652015786,0.5262964624000452
31782,40782,Medium,Medium,0.03543894886739395,0.029813866450121684,0.9347471846824843
9311,18311,Low,Low,0.029147141405442323,0.9298436378774699,0.04100922071708788
28996,37996,Medium,Medium,0.03321949054476723,0.033249212217004574,0.9335312972382281
27210,36210,High,High,0.9325846054865172,0.028318144315246586,0.0390972501982361
4010,13010,Medium,Medium,0.039338704478089626,0.033088703642281614,0.9275725918796288
37917,46917,Low,Low,0.029859308078061707,0.9303652601589686,0.039775431762969805
27534,36534,Medium,Medium,0.03505763523651853,0.035448624833922984,0.9294937399295585
18993,27993,High,High,0.9226237576466585,0.029584459628195406,0.04779178272514606
36550,45550,Medium,Medium,0.04362097923227106,0.03403352521488825,0.9223454955528406
16282,25282,Medium,Medium,0.03136907698939614,0.030184664467785307,0.9384462585428186
15329,24329,High,High,0.9303585507420724,0.029760327729534006,0.03988112152839356
2040,11040,Medium,Medium,0.04031716675733745,0.03201870087293084,0.9276641323697317
29898,38898,Medium,Medium,0.03512723501708448,0.03091546881593187,0.9339572961669836
20406,29406,Medium,Medium,0.03827102642584145,0.03469676155159857,0.92703221202256
5957,14957,Low,Low,0.029460443707590697,0.928659993785951,0.0418795625064583
36504,45504,Low,Low,0.03020020979028742,0.9289132474168408,0.04088654279287174
4970,13970,Low,Low,0.03500548499523606,0.9172839417100825,0.047710573294681397
4229,13229,Medium,Medium,0.033886657914599015,0.046439193237212996,0.919674148848188
12453,21453,Low,Low,0.030267417892084786,0.9272025387974923,0.04253004331042289
27820,36820,Low,Low,0.029317743795360448,0.9271105346134337,0.043571721591205766
24200,33200,Medium,Medium,0.028968490909960634,0.028569908890145646,0.9424616001998937
29910,38910,Low,Low,0.03194245225456902,0.9276966829667413,0.04036086477868981
18029,27029,Low,Low,0.029500210826735717,0.9300212951493453,0.040478494023919044
36376,45376,Medium,Medium,0.033235682129574,0.030971339942734013,0.935792977927692
3965,12965,High,High,0.932013089753097,0.028603916944556402,0.03938299330234654
29107,38107,High,High,0.9315446829107303,0.028957179678484726,0.039498137410785006
37032,46032,High,High,0.9305869942709429,0.028730991580168314,0.0406820141488887
23744,32744,Medium,High,0.9322958548719288,0.0280336379506292,0.03967050717744195
12267,21267,High,High,0.9191032874254059,0.030226444564631322,0.050670268009962736
5745,14745,High,High,0.931083428645756,0.02894498820679114,0.039971583147452874
31313,40313,Medium,Medium,0.04321413588994849,0.0297479390694855,0.9270379250405659
35800,44800,Medium,Medium,0.02975107122751715,0.028498079288584287,0.9417508494838986
29024,38024,Medium,Medium,0.030540445841060453,0.03166748136264033,0.9377920727962993
16627,25627,Low,Low,0.03206341788650419,0.9201320680534287,0.04780451406006714
26968,35968,Medium,Medium,0.032008434154610264,0.0329125951678429,0.9350789706775468
22798,31798,Medium,Medium,0.0365298838319002,0.0498332253690324,0.9136368907990674
25743,34743,Medium,Medium,0.03567614055979256,0.03178285201000438,0.9325410074302031
37273,46273,Medium,Medium,0.034273178208934135,0.03187053607399145,0.9338562857170745
39596,48596,Low,Low,0.029275602809584158,0.9312694560221098,0.03945494116830612
5905,14905,Medium,Medium,0.03138179596243836,0.0285358914312896,0.940082312606272
9153,18153,High,High,0.9241491000460597,0.03221872034873532,0.04363217960520499
32791,41791,Medium,Medium,0.03323229287838463,0.034244636783447524,0.9325230703381678
21508,30508,Medium,Medium,0.030406622019119024,0.029480778761458586,0.9401125992194223
8046,17046,Low,Low,0.03397702433408608,0.9258233518013004,0.040199623864613426
26716,35716,Medium,Medium,0.13755498004618374,0.0660588365532328,0.7963861834005833
24208,33208,Low,Low,0.03005377626846487,0.9276469670206312,0.04229925671090417
35239,44239,Medium,Low,0.02863534062227538,0.9321404465439539,0.03922421283377069
34466,43466,High,High,0.9224624129619391,0.03324646912261805,0.04429111791544294
9163,18163,Medium,Medium,0.05904154197550576,0.042541605542801175,0.898416852481693
32414,41414,Medium,Medium,0.03218507508362702,0.030167620022399266,0.9376473048939737
15089,24089,Low,Low,0.031033622159833,0.9240370160865128,0.044929361753654196
26958,35958,High,High,0.9258307630090642,0.03401121600368446,0.040158020987251415
26658,35658,Medium,Medium,0.034909909951017275,0.09769050997667524,0.8673995800723074
28071,37071,Medium,Medium,0.03257097677987628,0.030290621415178885,0.9371384018049449
25912,34912,Low,Low,0.02879646163300446,0.9320436955746624,0.03915984279233308
32704,41704,Medium,Medium,0.03935932066080121,0.030207738104583715,0.9304329412346152
32167,41167,Medium,Medium,0.03614671903502893,0.04542288864724261,0.9184303923177285
29815,38815,Medium,Medium,0.02957589061401725,0.028252118548538725,0.9421719908374441
6730,15730,Medium,Medium,0.036712345558134206,0.14021354438450215,0.8230741100573636
13297,22297,High,High,0.9311646963994998,0.02931713960603564,0.039518163994464506
37612,46612,Medium,High,0.9314479364311031,0.028492152345146144,0.040059911223750876
10769,19769,Low,Low,0.02908189858456987,0.9271923892826525,0.04372571213277773
12383,21383,Low,Low,0.03290802950886633,0.921691790594565,0.04540017989656872
5464,14464,High,High,0.9314239686909493,0.028465163545159603,0.040110867763891105
16019,25019,Low,Low,0.030175615942610493,0.9262158342311048,0.04360854982628463
18689,27689,Medium,Medium,0.03334503141227391,0.040942262990724045,0.925712705597002
28086,37086,High,Low,0.030405664072539394,0.9208199641863036,0.0487743717411569
30538,39538,Low,Low,0.02873983020465694,0.9311709691216289,0.040089200673714236
23952,32952,Medium,High,0.9292567973937566,0.0282682212680932,0.04247498133815016
8036,17036,Medium,Medium,0.03520582284116164,0.03160843719828251,0.9331857399605559
36045,45045,Medium,Medium,0.041912448331669495,0.032449176556074856,0.9256383751122557
308,9308,Medium,Medium,0.031689484973284936,0.028825594508930408,0.9394849205177848
7635,16635,High,High,0.9280387370174606,0.03101236082062382,0.04094890216191558
4915,13915,Low,Low,0.03002540994975632,0.9277603810312715,0.042214209018972125
32656,41656,Medium,Medium,0.030326423835869958,0.030675184050071382,0.9389983921140587
3873,12873,Medium,Medium,0.02873520360261837,0.02931082247599769,0.9419539739213839
10143,19143,Medium,Medium,0.04205057712173501,0.030393681591772356,0.9275557412864925
28548,37548,Low,Low,0.03167905384363642,0.9228749479946549,0.04544599816170869
5818,14818,Low,Low,0.02984508558569872,0.9283488853569061,0.04180602905739511
28084,37084,Low,Low,0.03256999002158951,0.9072080180117745,0.06022199196663595
20453,29453,Medium,Medium,0.03264706085939483,0.029069163948136828,0.9382837751924683
30834,39834,Medium,Medium,0.034224302645024934,0.029437891468329005,0.9363378058866462
1060,10060,Medium,Medium,0.03094587147420146,0.030302839048558374,0.9387512894772402
6975,15975,High,High,0.9247316508493447,0.0350456298136789,0.040222719336976305
14730,23730,Medium,Medium,0.036613854646001226,0.03325531526309298,0.9301308300909058
37542,46542,High,High,0.9298044604938444,0.029918053309483158,0.04027748619667248
24037,33037,Medium,Medium,0.03373647172763931,0.036321099818972684,0.929942428453388
26317,35317,High,Medium,0.0380110236450393,0.031714313914475406,0.9302746624404853
7537,16537,Medium,Medium,0.042770953194984696,0.02973177238366402,0.9274972744213513
26079,35079,Low,Low,0.030720304352527067,0.9035527324938704,0.06572696315360273
19333,28333,Low,Low,0.02968474267802298,0.9306473921298829,0.03966786519209408
22878,31878,Medium,Medium,0.03199639944285204,0.03425025160466094,0.9337533489524871
34205,43205,Medium,Medium,0.03101971777492552,0.03100435880733622,0.9379759234177382
18217,27217,Low,High,0.9242497577840852,0.02999898417898081,0.04575125803693389
6169,15169,Medium,Medium,0.02999896700084888,0.029464790776252452,0.9405362422228986
37275,46275,Low,Low,0.02977995742746396,0.9288280557244583,0.04139198684807771
24265,33265,High,High,0.9305322605295793,0.027736722383875378,0.04173101708654531
4049,13049,Medium,Low,0.030567815969667466,0.9240871605527561,0.045345023477576456
6196,15196,Medium,Medium,0.033972201587671835,0.03513783995980824,0.93088995845252
39942,48942,Low,Low,0.029548051050549532,0.9285538064259068,0.04189814252354381
24408,33408,Medium,Medium,0.04174476226660442,0.03255394203411476,0.9257012956992808
30802,39802,Medium,Medium,0.030521406006375488,0.02886679397158348,0.9406118000220411
23644,32644,Low,Low,0.03647980961222604,0.8742283020000005,0.08929188838777347
2338,11338,High,High,0.9306525471060366,0.028638396739955375,0.040709056154007946
20505,29505,Medium,Medium,0.034209681593829776,0.033008517373621704,0.9327818010325485
31736,40736,Medium,Medium,0.033040462351025694,0.04518770170479077,0.9217718359441834
5080,14080,Medium,Medium,0.03473646689587028,0.40165637419830774,0.5636071589058219
7208,16208,High,High,0.9307587559147042,0.028732091928989536,0.040509152156306204
32299,41299,High,High,0.9288852883912241,0.029208115153968813,0.04190659645480716
35530,44530,Medium,Medium,0.030701152271234693,0.03533039707265753,0.9339684506561078
30315,39315,Medium,Medium,0.03597261856442211,0.034715976723031526,0.9293114047125464
5974,14974,High,High,0.9265702066326843,0.028208348598063326,0.04522144476925229
1097,10097,Low,High,0.9292098516450977,0.028840249208064852,0.04194989914683731
19886,28886,Medium,Medium,0.03450865084316051,0.029609641640913096,0.9358817075159264
7193,16193,High,High,0.9322184833970645,0.02835843399507269,0.039423082607862765
17955,26955,High,Low,0.031927368606483784,0.9269769402743081,0.04109569111920804
2241,11241,Medium,Medium,0.03163641526668871,0.0334130391758499,0.9349505455574615
37579,46579,Low,Low,0.02983896934533414,0.9300555393557103,0.04010549129895553
3586,12586,High,High,0.9315101431771798,0.02872400329942049,0.03976585352339947
16463,25463,High,High,0.9286871845188038,0.031136446597116497,0.04017636888407971
1966,10966,Medium,Medium,0.3752838672370109,0.032914059415146905,0.5918020733478421
33468,42468,Low,Low,0.03366836448072746,0.8123355513914121,0.1539960841278604
8118,17118,Low,Low,0.029726316380456978,0.926636653799061,0.04363702982048196
35506,44506,Medium,Medium,0.0331341753185807,0.029374081656849602,0.9374917430245698
357,9357,Medium,Medium,0.030753584299809733,0.03529828530540929,0.9339481303947809
23295,32295,Low,Medium,0.03218511178042329,0.03221451735338387,0.9356003708661929
27765,36765,Low,Low,0.03502754054849642,0.9240108289144379,0.04096163053706583
1744,10744,Medium,High,0.9306007496200325,0.029071817187754506,0.04032743319221293
34008,43008,Low,Low,0.03144048792477764,0.9275257162539731,0.0410337958212492
5622,14622,Low,Low,0.032029622987110755,0.843346026537107,0.12462435047578235
32915,41915,Medium,Medium,0.05593568958309338,0.03467594812532334,0.9093883622915833
20435,29435,Low,Low,0.03904005962424646,0.9147767091963851,0.046183231179368366
16496,25496,Medium,High,0.9328137693602115,0.028278382280056708,0.03890784835973172
14383,23383,High,Medium,0.04587440274575744,0.02958278996410689,0.9245428072901358
2509,11509,Medium,High,0.9308801712625977,0.028398227431538883,0.0407216013058633
8916,17916,Low,High,0.9281490883254785,0.03145961676814627,0.04039129490637521
10242,19242,Low,Medium,0.03554600636608948,0.035404003372796956,0.9290499902611136
1052,10052,Medium,Medium,0.029859923978757846,0.03381210917363887,0.9363279668476032
16934,25934,Medium,Medium,0.030211768201249694,0.030061675270542543,0.9397265565282078
8368,17368,High,High,0.929761747269818,0.02901070520159217,0.04122754752858986
31624,40624,Medium,Medium,0.03100315982876699,0.031352653286544435,0.9376441868846888
28789,37789,Low,Low,0.029502531188623227,0.9240434592277874,0.04645400958358942
26130,35130,Low,Low,0.029246171188415063,0.9308796358304713,0.03987419298111355
25977,34977,Medium,Medium,0.03014247929320346,0.03042148328912463,0.9394360374176719
15186,24186,Low,Low,0.029120899901870556,0.9310237142953165,0.039855385802813025
29086,38086,High,High,0.9291055444761858,0.028996302577701735,0.041898152946112543
5307,14307,Medium,Medium,0.03536428104160166,0.036077253265806235,0.9285584656925921
25533,34533,High,High,0.9208243786791465,0.037163493554389714,0.04201212776646385
8335,17335,Medium,Medium,0.04516516058454584,0.029345473566838098,0.9254893658486161
31956,40956,High,High,0.9290140799841694,0.03019170298820566,0.040794217027625
27802,36802,Medium,Medium,0.03371373077932513,0.031497615752355386,0.9347886534683195
37939,46939,Medium,Medium,0.029429072604963413,0.029768116724875022,0.9408028106701615
21366,30366,High,Medium,0.031296672555674344,0.03175857257388608,0.9369447548704395
18562,27562,Medium,Medium,0.02875158422979603,0.029538470056638167,0.9417099457135659
34126,43126,High,Low,0.029541481819533453,0.9215840926403716,0.04887442554009497
32784,41784,Medium,Medium,0.03310860119309881,0.03333115816362849,0.9335602406432727
39458,48458,Medium,Medium,0.03332703970876896,0.03381685186514894,0.932856108426082
26286,35286,Low,Low,0.03148875368495455,0.9255679633857633,0.04294328292928209
5759,14759,Medium,Medium,0.03566800013127792,0.032294257875488376,0.9320377419932336
35083,44083,Low,Low,0.030210240346224937,0.9291645727479888,0.04062518690578619
15371,24371,Medium,Medium,0.03395031183425943,0.03293178729047184,0.9331179008752688
25110,34110,Medium,Medium,0.029137981492193255,0.03171302716261063,0.9391489913451961
2852,11852,Medium,Medium,0.03340774560546998,0.029230977470661928,0.937361276923868
9051,18051,High,High,0.9281312369561774,0.03086681324784189,0.041001949795980715
10260,19260,High,High,0.919636821211086,0.03039991936972013,0.04996325941919374
21974,30974,High,High,0.8371694597027073,0.03639874552240214,0.12643179477489055
33417,42417,Low,Low,0.029909830530603712,0.9255716206913543,0.04451854877804184
13293,22293,High,High,0.9331657220279984,0.027818587561030544,0.039015690410971166
1131,10131,Medium,Medium,0.029736263933333885,0.02908436646997792,0.9411793695966882
8320,17320,Medium,Medium,0.02933746381495744,0.02860995381522112,0.9420525823698215
279,9279,Low,Low,0.030675770398891664,0.880233515897371,0.08909071370373733
14966,23966,Low,Low,0.030984566491959086,0.9282196471402312,0.040795786367809804
24296,33296,Low,Low,0.0406609031435973,0.48909037941595557,0.4702487174404472
32207,41207,Medium,Medium,0.029498631455564615,0.031046357648181002,0.9394550108962544
20138,29138,Medium,Medium,0.03049573203871329,0.031247457778434334,0.9382568101828523
4166,13166,Medium,Medium,0.03011356681150529,0.03385426939690582,0.9360321637915888
14330,23330,High,High,0.9323802112977773,0.02790025846726134,0.039719530234961435
38250,47250,Medium,Medium,0.02910082425282351,0.030722261850148286,0.9401769138970281
5206,14206,Low,Low,0.030653004313628014,0.9266847424639911,0.042662253222380785
31796,40796,Medium,Medium,0.034834354707108335,0.029028911997194415,0.9361367332956972
13803,22803,Low,Low,0.030489827881923864,0.9292065961851527,0.04030357593292346
10444,19444,Medium,Medium,0.03039325475580046,0.030428041434201594,0.9391787038099979
9426,18426,Medium,Medium,0.03745340704272421,0.03161740518980905,0.9309291877674667
21284,30284,Medium,Medium,0.034979020771995266,0.048627083218836124,0.9163938960091684
13726,22726,Medium,Medium,0.033421502490423194,0.031443369133566046,0.9351351283760106
22256,31256,Low,Low,0.031188207512258027,0.9278799016909393,0.040931890796802546
28470,37470,High,High,0.8885257776930692,0.030628125751328884,0.08084609655560193
17340,26340,Medium,High,0.9321961533251848,0.028026132016183005,0.039777714658632286
2919,11919,High,High,0.9321462145977151,0.027965175252100002,0.03988861015018505
40024,49024,Medium,Medium,0.030172706799689707,0.0344365464952785,0.9353907467050319
21772,30772,High,High,0.928653210924443,0.02893005695246897,0.042416732123088004
23286,32286,High,High,0.9321760064648279,0.028317718937049898,0.03950627459812229
13148,22148,Medium,Medium,0.0406106238988635,0.03350147704549165,0.925887899055645
35978,44978,High,High,0.9278274897534592,0.02931217367629281,0.04286033657024807
5471,14471,Medium,Medium,0.03172224540499833,0.030683335409751312,0.9375944191852503
33198,42198,Low,Low,0.03379292503667771,0.9262094323297703,0.03999764263355196
23925,32925,Medium,Medium,0.035466145059817905,0.030584591412241225,0.9339492635279408
3846,12846,Medium,Medium,0.03310856506611159,0.029096846065979606,0.9377945888679089
9350,18350,High,High,0.926369782153098,0.03192323608009213,0.04170698176680996
26800,35800,Low,Low,0.02969580810483037,0.9293014169772831,0.04100277491788659
23097,32097,Low,Low,0.03817313199892264,0.9173577760891215,0.0444690919119557
15996,24996,High,High,0.9314308321928303,0.028400845644851045,0.040168322162318686
8107,17107,Low,Low,0.030533280381771503,0.9266152902150498,0.04285142940317869
38006,47006,High,High,0.9202672459083097,0.03720653623731799,0.04252621785437232
15772,24772,Low,Low,0.02971031466594286,0.9308473325351744,0.039442352798882925
1525,10525,Medium,Medium,0.03901164720258349,0.03076014613049648,0.9302282066669201
15867,24867,Low,Low,0.029765642034909192,0.930817585623676,0.03941677234141483
34389,43389,Medium,Medium,0.033855015483892734,0.030974578703842747,0.9351704058122646
26262,35262,Low,Low,0.029898122171969767,0.9267093011938788,0.04339257663415146
12472,21472,Medium,Medium,0.046566496502470245,0.034086653898814705,0.9193468495987153
24748,33748,Low,Low,0.029656265183051072,0.9311109295965575,0.039232805220391305
35541,44541,Medium,Medium,0.040639208796965906,0.036714114029780816,0.9226466771732532
2871,11871,Medium,Medium,0.0293666706084387,0.029456755006530316,0.9411765743850308
3249,12249,High,High,0.9292675162682488,0.030944782132063517,0.03978770159968781
1694,10694,Low,Low,0.033711286090915,0.892476727498923,0.07381198641016218
9776,18776,Medium,Low,0.030456828836022996,0.5586416304144853,0.41090154074949164
35568,44568,Low,Low,0.03970984022387717,0.7089447881753254,0.25134537160079745
32342,41342,Medium,Medium,0.03233940411772561,0.03430765153969426,0.9333529443425802
10631,19631,High,High,0.9283833443110568,0.0289215252070803,0.04269513048186274
22061,31061,Medium,Medium,0.032090047767935066,0.02805889985783076,0.9398510523742343
16885,25885,High,High,0.8843608351591844,0.0362164544629817,0.07942271037783398
11913,20913,Medium,Medium,0.03207865628487712,0.029339950461490186,0.9385813932536328
6208,15208,High,High,0.9326095639592972,0.02789278976908803,0.039497646271614874
33240,42240,Medium,Medium,0.03169473949807544,0.03293353874079764,0.9353717217611269
16090,25090,High,High,0.9262326796377417,0.029835371399054584,0.043931948963203814
36645,45645,High,High,0.9306648659449933,0.028470458293427304,0.04086467576157941
24388,33388,Medium,Medium,0.037338454847191845,0.03058871103920663,0.9320728341136015
29168,38168,High,Medium,0.0329119845504236,0.03222632034226008,0.9348616951073163
39592,48592,Medium,Medium,0.02951017574254587,0.028741213970634227,0.9417486102868199
39558,48558,High,High,0.9305482226793118,0.029184313971306237,0.040267463349381874
35931,44931,Medium,Medium,0.033275356095327696,0.03123183833388436,0.9354928055707878
27277,36277,Low,Medium,0.041497675108599884,0.0361736801033318,0.9223286447880684
9556,18556,High,High,0.9300194005725048,0.02952771792358215,0.04045288150391296
26797,35797,High,High,0.9263095892163687,0.02927077846384439,0.04441963231978685
9599,18599,High,Medium,0.03847275892175045,0.03550682827903402,0.9260204127992155
6972,15972,Low,Low,0.029890487570426283,0.8960221604481644,0.07408735198140931
34949,43949,Medium,Medium,0.033202329626873056,0.0313927172778577,0.9354049530952692
4709,13709,Medium,Medium,0.03302641340039972,0.03037173400425003,0.9366018525953503
28123,37123,Medium,Medium,0.047906273911936414,0.03572213918685191,0.9163715869012118
17896,26896,High,Medium,0.04099988955521801,0.033675877400546526,0.9253242330442356
33160,42160,Medium,Medium,0.03163125845208118,0.03182901263490986,0.9365397289130089
1265,10265,Low,Low,0.03028736308216774,0.9236515510270563,0.046061085890775975
33612,42612,High,High,0.9312126023164303,0.02942560385418272,0.039361793829387086
33813,42813,High,Low,0.04171192808439717,0.7017037279866343,0.2565843439289686
14794,23794,Low,Low,0.028572847229625876,0.931653999689741,0.03977315308063311
33534,42534,Low,Low,0.031641446910893996,0.9233404605241043,0.045018092565001694
39805,48805,Medium,Medium,0.044348795781665944,0.09238709606253952,0.8632641081557946
3893,12893,High,High,0.9271897415735889,0.02873298615692674,0.044077272269484324
6086,15086,Low,Low,0.028704397477163218,0.931416094219253,0.03987950830358366
38061,47061,Medium,Medium,0.03166195710310921,0.030047719385698436,0.9382903235111923
4224,13224,High,High,0.9297930410186384,0.028556632633955043,0.041650326347406584
11940,20940,Medium,Medium,0.031445815111882776,0.05867488945564483,0.9098792954324724
39741,48741,High,High,0.9321550345027338,0.02851143846949339,0.03933352702777266
14284,23284,Low,Low,0.03387368434455398,0.9166573508348721,0.04946896482057384
4801,13801,Low,Medium,0.03100579343366634,0.02955020112938458,0.939444005436949
29965,38965,High,High,0.9281754628645086,0.02863520148680802,0.043189335648683456
17597,26597,Medium,Medium,0.03369089016674109,0.03379550115032983,0.9325136086829291
29556,38556,Medium,Medium,0.035630231235357586,0.03542094065590039,0.928948828108742
17924,26924,Medium,Medium,0.03036315670821819,0.029177222163992825,0.9404596211277889
760,9760,Low,Low,0.02893444552834618,0.9310706674625279,0.039994887009126
39819,48819,High,High,0.9314388479494365,0.02808213958436745,0.04047901246619595
28138,37138,Medium,Medium,0.03445911192577588,0.3779238733181784,0.5876170147560458
3998,12998,Medium,Medium,0.030506041460723204,0.03183036799221351,0.9376635905470634
12649,21649,Medium,Low,0.031790895423447395,0.9280819131301334,0.04012719144641916
30494,39494,High,Low,0.06245442141266916,0.8613893731526941,0.07615620543463669
10040,19040,High,High,0.932723236157976,0.02795845297755321,0.039318310864470775
8190,17190,Medium,Medium,0.030954095952261524,0.029046414912383616,0.9399994891353548
15970,24970,High,Medium,0.03981273019003004,0.03210759064368941,0.9280796791662805
39764,48764,Low,High,0.9245016411198478,0.029236605523550754,0.04626175335660141
28314,37314,Medium,Medium,0.0401611531899785,0.030185192558662043,0.9296536542513595
4452,13452,High,High,0.9275160333386778,0.029758523043787177,0.042725443617535046
19366,28366,Low,High,0.926355917506623,0.03189442140443397,0.04174966108894296
31544,40544,Medium,Medium,0.031062764721806347,0.03300800553417447,0.9359292297440192
13506,22506,Low,Low,0.03190966095788734,0.9275451321929782,0.04054520684913444
11065,20065,High,High,0.924991800397065,0.031524484615138695,0.043483714987796386
36712,45712,Low,Low,0.02930300302029043,0.9306788173431052,0.0400181796366044
12417,21417,Medium,Medium,0.032860553231785446,0.034128172008468106,0.9330112747597464
23867,32867,Medium,Medium,0.032961716517153704,0.0296322032580492,0.9374060802247971
38415,47415,Low,Low,0.03030712908909371,0.9218369218732688,0.04785594903763749
24274,33274,High,High,0.9324712671087246,0.027998966517206996,0.03952976637406844
14478,23478,Medium,Medium,0.03913243905834723,0.039955083004218996,0.9209124779374337
26911,35911,Medium,Medium,0.03000927850249602,0.034466362768531905,0.9355243587289722
24055,33055,Low,Low,0.03106947928673379,0.9216086469131887,0.047321873800077595
27634,36634,Medium,Medium,0.034398887871863515,0.028756230484728505,0.9368448816434078
30869,39869,Medium,Medium,0.03458621287424503,0.03631309724884493,0.92910068987691
2086,11086,High,High,0.9242729914618772,0.03225335010531214,0.04347365843281047
22517,31517,Medium,Medium,0.029297460022500357,0.028802791445875765,0.941899748531624
36385,45385,High,High,0.9264052458872533,0.028756796867632165,0.04483795724511446
33083,42083,Low,Low,0.03640490113069995,0.9010323542505926,0.06256274461870744
2394,11394,Medium,Medium,0.033917937653723335,0.0317296097562436,0.9343524525900331
16500,25500,Medium,Medium,0.029338495115714402,0.03317911539438719,0.9374823894898984
1835,10835,Medium,Medium,0.031088830541938787,0.029423923243470027,0.9394872462145911
7576,16576,Medium,Medium,0.03226109498025064,0.03335755066553467,0.9343813543542145
38074,47074,Medium,Medium,0.031821305588931155,0.028863784400112266,0.9393149100109567
21682,30682,High,High,0.9331290580013917,0.02780273076608909,0.039068211232519294
32000,41000,High,High,0.932067513721608,0.027986925917636657,0.03994556036075522
29833,38833,High,High,0.9292179771398619,0.029979017615563153,0.0408030052445749
19681,28681,Low,Low,0.029368784858864124,0.9288732920310351,0.0417579231101009
25271,34271,High,Low,0.03179095621710614,0.908287494802592,0.059921548980301775
21587,30587,High,High,0.9313134489227147,0.028443015182384294,0.040243535894901074
27743,36743,Medium,Medium,0.03665261786071381,0.03234825990074306,0.9309991222385431
18688,27688,Medium,Medium,0.02961821845082116,0.030017329642861523,0.9403644519063175
16136,25136,Medium,Medium,0.03586185583076573,0.032547717523945065,0.9315904266452892
18918,27918,Medium,Medium,0.038363027501314796,0.05257794031890117,0.9090590321797839
31783,40783,Medium,Medium,0.0356445311831124,0.032180816280367695,0.9321746525365199
38676,47676,High,High,0.9326120542816375,0.027866309125118918,0.03952163659324371
37616,46616,High,High,0.9274556511023082,0.028159478782074508,0.04438487011561726
31817,40817,Medium,Medium,0.030417060265023804,0.02876560879585339,0.9408173309391228
33782,42782,High,High,0.9270878469888139,0.03135986633853098,0.04155228667265512
22173,31173,High,High,0.9262836487863703,0.03300295470572919,0.040713396507900596
23940,32940,Low,Low,0.03066978542906702,0.9272575496665624,0.04207266490437051
3563,12563,Low,Low,0.028700906193718862,0.9317169574361186,0.03958213637016263
34832,43832,Medium,Medium,0.0330899463140156,0.033738465674198595,0.9331715880117858
18847,27847,Low,Low,0.07043827615207733,0.5992251182163136,0.33033660563160905
27911,36911,Medium,Medium,0.036569061085933684,0.03491508583950551,0.9285158530745609
18182,27182,Medium,Medium,0.03457976031748975,0.030173023517084518,0.9352472161654258
7891,16891,Medium,Medium,0.03725130601214694,0.031226904319291343,0.9315217896685616
38276,47276,High,Medium,0.03915067167883001,0.03534363435285987,0.9255056939683101
28155,37155,Medium,Medium,0.03386716187878021,0.030488489199476665,0.9356443489217431
18698,27698,High,High,0.916276253200544,0.028418048424095562,0.05530569837536047
29313,38313,Medium,Medium,0.029866505238475633,0.03032476519310683,0.9398087295684175
34885,43885,Medium,Medium,0.1250978558513284,0.029591090292590373,0.8453110538560812
27218,36218,Medium,Medium,0.03238810742094437,0.03395000494980801,0.9336618876292476
6365,15365,Medium,Medium,0.03339155315293635,0.029714430654607733,0.9368940161924559
12392,21392,Low,Low,0.042452645497384194,0.9133942484126948,0.04415310608992102
31109,40109,Medium,Medium,0.031387260642472464,0.06860917487823413,0.9000035644792934
23580,32580,Low,Low,0.03443959710818724,0.9254420740487849,0.040118328843027885
19117,28117,Medium,Medium,0.03281513524307398,0.031982161277615724,0.9352027034793103
7685,16685,High,High,0.9281787825043882,0.031931813932385866,0.039889403563226004
26429,35429,Medium,Medium,0.03044456808136888,0.02963097724120073,0.9399244546774304
26140,35140,Medium,Medium,0.0348994642652462,0.035011467772633496,0.9300890679621202
28538,37538,Low,Low,0.029285374236989962,0.921207467145812,0.04950715861719814
24498,33498,Medium,Medium,0.04683488380046407,0.03752206169298878,0.9156430545065471
18591,27591,Medium,Medium,0.031778322724227724,0.03187897985371101,0.9363426974220613
37894,46894,Medium,Medium,0.03076428404420235,0.029837287829059023,0.9393984281267386
18109,27109,Medium,High,0.7360673772406373,0.061936259894808166,0.20199636286455447
29551,38551,Medium,Medium,0.031058967918546464,0.028891503216069935,0.9400495288653836
24684,33684,Medium,Medium,0.028931712145912402,0.028793819287956723,0.942274468566131
15718,24718,High,High,0.932017935877663,0.028624180946898486,0.039357883175438604
24882,33882,Medium,Medium,0.03471243047933088,0.03038362170850289,0.9349039478121663
30110,39110,Medium,Medium,0.03394081013910188,0.054738009705073754,0.9113211801558244
11110,20110,Medium,Medium,0.03508538728504434,0.04875919265726494,0.9161554200576907
30036,39036,Medium,Medium,0.03356716786625759,0.03642333022329669,0.9300095019104457
30897,39897,Medium,Medium,0.03288843678977649,0.04896813509575256,0.918143428114471
23871,32871,Low,Low,0.03308661775102826,0.9190507401271449,0.04786264212182669
11615,20615,High,High,0.9323465586572702,0.028179235613734466,0.03947420572899533
17177,26177,Medium,Medium,0.03658052943032694,0.03667179297505119,0.926747677594622
9756,18756,Medium,Medium,0.03213306423314502,0.03178557052524672,0.9360813652416082
39208,48208,Medium,Medium,0.04292496129597185,0.03384446415410791,0.9232305745499203
7967,16967,High,High,0.9072337518164693,0.03622138550033359,0.05654486268319717
5684,14684,Medium,Medium,0.028676492766845266,0.02862453539594839,0.9426989718372063
15453,24453,Low,Medium,0.03785961381198142,0.033547491687768896,0.9285928945002496
26081,35081,Medium,Medium,0.032448006672443346,0.039002906405282124,0.9285490869222747
4512,13512,High,High,0.9307303131141772,0.029160519493003103,0.040109167392819604
8373,17373,High,High,0.9275572704524125,0.03075002541150956,0.0416927041360779
37654,46654,Medium,Medium,0.03566787756482292,0.044727072118330026,0.919605050316847
17757,26757,Low,Low,0.030306324651543464,0.9301790692580568,0.03951460609039988
34721,43721,Low,Low,0.030839551350887524,0.9278720644848973,0.04128838416421513
15289,24289,Medium,Medium,0.03730528352639436,0.03699980077205224,0.9256949157015534
19273,28273,Medium,Medium,0.034223358614312006,0.031680598712163825,0.9340960426735242
10164,19164,Medium,Medium,0.03318852191875833,0.03200868250661645,0.9348027955746252
18452,27452,High,High,0.9127690274285459,0.028635321891985283,0.05859565067946889
28648,37648,Low,Low,0.03237900296360358,0.9186182797887811,0.049002717247615395
38535,47535,Medium,Medium,0.03407787992141322,0.03412668392511483,0.931795436153472
10870,19870,Medium,Medium,0.029711521465008568,0.031507670326245234,0.9387808082087462
15929,24929,Low,Low,0.03511285953132051,0.9154656837670974,0.04942145670158201
38696,47696,Medium,Medium,0.037845121719402054,0.034079815643916274,0.9280750626366817
2117,11117,Low,Low,0.030145544900101618,0.9298721446483951,0.039982310451503265
29438,38438,Medium,Medium,0.02943566860672746,0.029846001535850153,0.9407183298574223
21100,30100,Medium,Medium,0.031218370223804238,0.032432286843047525,0.9363493429331483
8571,17571,High,High,0.6150332768129859,0.04665624972455257,0.3383104734624614
22335,31335,Low,Low,0.028722793115544376,0.9321760111446369,0.039101195739818746
1950,10950,High,High,0.9302008808076329,0.029245456239215692,0.04055366295315132
34474,43474,Medium,Low,0.0480321871418136,0.8323856050727834,0.119582207785403
2650,11650,Low,Low,0.02911614648102412,0.9305097382616482,0.04037411525732771
30092,39092,Medium,Medium,0.03086952904635212,0.03356405460941994,0.9355664163442278
3600,12600,Low,Low,0.030542913358280008,0.9070993546122765,0.06235773202944339
14862,23862,Medium,Medium,0.030585673164152862,0.031084535212749953,0.9383297916230973
13456,22456,High,High,0.9321072633286449,0.028653539107874926,0.039239197563480106
31220,40220,Medium,Medium,0.0346655668920234,0.03005650623942691,0.9352779268685497
9214,18214,Low,Low,0.03198032666171135,0.916283792628505,0.05173588070978361
31967,40967,Medium,Medium,0.03177865956023008,0.03410098938104593,0.9341203510587239
22769,31769,Medium,Medium,0.02952183969371128,0.030120394638186967,0.9403577656681016
35319,44319,Low,Low,0.03035977524953637,0.9051660457963527,0.06447417895411087
1945,10945,Low,High,0.9283119747599312,0.03143805319137571,0.04024997204869315
186,9186,High,High,0.9142908430017612,0.0398826608231707,0.04582649617506799
27328,36328,High,Medium,0.03343250921651458,0.03666526932959401,0.9299022214538915
7406,16406,High,High,0.9239059130117727,0.03480432621336244,0.04128976077486481
24495,33495,High,High,0.9045499559833065,0.03430296205366851,0.06114708196302515
28276,37276,Medium,Medium,0.04731952003912945,0.03494469235617859,0.917735787604692
13640,22640,Medium,Medium,0.03651130830410624,0.044740500245767534,0.9187481914501262
15379,24379,High,High,0.9293500825813985,0.02990854014573989,0.04074137727286161
1391,10391,Medium,Medium,0.02997586023176324,0.02941472634795671,0.9406094134202799
23250,32250,Low,Low,0.032099234691089336,0.893363491339089,0.07453727396982167
12075,21075,Medium,Medium,0.0310724590924908,0.030020947022970784,0.9389065938845383
30530,39530,Medium,Medium,0.02986321777968221,0.028974050817330333,0.9411627314029875
37583,46583,Low,High,0.9303771811773185,0.02890895707777257,0.04071386174490894
31913,40913,Low,Low,0.029237479152709484,0.9221886050131599,0.04857391583413059
12745,21745,Medium,Medium,0.04654631731329595,0.0509450150952854,0.9025086675914187
24375,33375,Medium,Medium,0.03298173708526129,0.03397068923952203,0.9330475736752168
27267,36267,Medium,Medium,0.04055396957774158,0.05025766222737823,0.9091883681948802
15657,24657,Medium,Medium,0.030820358064366126,0.03177705900544447,0.9374025829301894
28673,37673,High,High,0.9253348172633867,0.029358520337072914,0.04530666239954024
6389,15389,Low,Low,0.02885838158341963,0.9307753872098621,0.04036623120671846
2496,11496,Medium,Medium,0.21493836999646843,0.038765836795867724,0.7462957932076639
27622,36622,Medium,Medium,0.03765979726945774,0.27252982992254426,0.689810372807998
28026,37026,Low,Low,0.031545119676996976,0.7873258597431011,0.18112902057990202
32024,41024,Low,Low,0.02950115754257623,0.9233270956487695,0.04717174680865419
5149,14149,Medium,Medium,0.029198422082240615,0.02939254696993678,0.9414090309478226
22381,31381,Low,Low,0.029620480917830195,0.9102953876961412,0.06008413138602869
21871,30871,Medium,Medium,0.03156576790774912,0.032182256857634234,0.9362519752346167
32777,41777,Medium,Medium,0.045080553535014396,0.16166922062900949,0.7932502258359762
37451,46451,Medium,Low,0.02910551872823104,0.9310764034213396,0.039818077850429415
10757,19757,Medium,Medium,0.03051867886630195,0.031744277406469505,0.9377370437272284
3101,12101,Medium,Medium,0.02991082117758928,0.04067538877278087,0.9294137900496299
29353,38353,Medium,Medium,0.034298084657077475,0.044725397906217955,0.9209765174367045
29741,38741,Medium,Medium,0.044165051007582286,0.1387302047043233,0.8171047442880944
16061,25061,High,High,0.8653354053604074,0.057598628644303505,0.0770659659952891
23802,32802,Low,High,0.9311312282405174,0.029076000667909954,0.03979277109157259
1079,10079,High,High,0.931478187819253,0.028679699027448474,0.03984211315329851
27628,36628,High,High,0.9297621236811251,0.029769817474970563,0.04046805884390422
25262,34262,High,High,0.9327921815050529,0.027695618611775243,0.03951219988317183
35963,44963,Medium,Medium,0.04913053503851659,0.04416936808393035,0.906700096877553
32932,41932,Medium,Medium,0.03197837706823128,0.03333960923432753,0.9346820136974413
30180,39180,High,Medium,0.42350721540678077,0.11566267500715388,0.46083010958606535
37706,46706,High,High,0.9275431715536503,0.03173050264758933,0.04072632579876042
35058,44058,Low,Low,0.03149425847379461,0.9135004666867931,0.055005274839412414
5400,14400,High,High,0.9298038215928083,0.029110882990895506,0.041085295416296214
38373,47373,Medium,Medium,0.06769154991120734,0.0356346481881268,0.8966738019006658
1278,10278,Medium,High,0.9305631082631987,0.02921498027731981,0.040221911459481514
19365,28365,Low,Medium,0.030879700231874935,0.03124148539044964,0.9378788143776754
19088,28088,Low,Low,0.04055493359082387,0.9186651387076163,0.040779927701559804
35229,44229,Medium,High,0.539097849728461,0.03364766382873425,0.4272544864428047
18691,27691,High,High,0.931848589602189,0.028779810448120557,0.039371599949690424
16365,25365,Low,Low,0.02906048215777295,0.9309015022089193,0.040038015633307694
205,9205,High,High,0.9306720006059749,0.029483912343953627,0.03984408705007141
21390,30390,High,High,0.9325854709420495,0.028408228362605398,0.039006300695345136
25846,34846,Low,Low,0.030762594710479724,0.9281085941047111,0.041128811184809155
10471,19471,Medium,Medium,0.03325407906028832,0.03081230829049772,0.935933612649214
34129,43129,High,High,0.931278642758226,0.028692904236273655,0.040028453005500286
4216,13216,High,Low,0.04056062436321153,0.9174607666385756,0.04197860899821298
10216,19216,High,High,0.926447531253853,0.030033063678899786,0.043519405067247184
19537,28537,Medium,Medium,0.03017232900592381,0.030057062494063633,0.9397706085000125
38483,47483,Low,Low,0.029608006477905638,0.9296666367063248,0.04072535681576953
5226,14226,Medium,Medium,0.030136434039193482,0.029865981372658792,0.9399975845881476
10107,19107,Low,Low,0.028726434645117236,0.9312388929965946,0.04003467235828819
32859,41859,Medium,Medium,0.046406743373802566,0.03648887880569254,0.9171043778205048
3368,12368,High,High,0.9288227694478355,0.029332029757153325,0.041845200795011174
11601,20601,Low,Low,0.02922207494430726,0.9306479450458082,0.04012998000988453
17358,26358,Medium,Medium,0.03507865017585666,0.046203427267340925,0.9187179225568024
39189,48189,Medium,Medium,0.03299796635207683,0.03827082326630394,0.9287312103816193
25471,34471,Medium,Medium,0.037645519438167165,0.03017343928176421,0.9321810412800686
6947,15947,Medium,Medium,0.04100136682833614,0.039491245656961355,0.9195073875147025
20570,29570,Medium,Medium,0.06822574178320712,0.053096495782277243,0.8786777624345157
28424,37424,Medium,Medium,0.02975573681232725,0.028443611865593982,0.9418006513220788
11159,20159,Low,Low,0.030531669522328417,0.9262596735849553,0.04320865689271625
24581,33581,High,High,0.9307894997909839,0.028451017423828006,0.040759482785188
37968,46968,Low,Low,0.030485890348567014,0.928365778771162,0.04114833088027094
11991,20991,Medium,Medium,0.03751083474535812,0.039208842883310425,0.9232803223713314
7248,16248,High,High,0.9310849822390374,0.02912929698152748,0.039785720779435145
12327,21327,High,High,0.9283120237353918,0.030074827672939296,0.04161314859166896
31007,40007,High,High,0.9322018550858401,0.02781275265311275,0.039985392261047144
26757,35757,Low,Low,0.030151906058000683,0.9270403612608416,0.042807732681157874
2708,11708,High,High,0.9047631420099599,0.05049028618242696,0.044746571807613066
1429,10429,Medium,Medium,0.032207207368169094,0.029929449369846605,0.9378633432619843
18156,27156,Medium,Medium,0.03061075046097699,0.03140542600263868,0.9379838235363843
8119,17119,High,High,0.9315014954447577,0.028964397200812866,0.03953410735442947
32376,41376,Medium,High,0.7725353347452358,0.03117368100173429,0.19629098425302985
15100,24100,Low,Low,0.030659373021320047,0.9227111983543312,0.046629428624348664
10670,19670,Low,Low,0.04909518370462873,0.905428022984118,0.04547679331125327
1863,10863,Medium,Medium,0.03254045859142637,0.0341600147092709,0.9332995266993028
29630,38630,Low,Low,0.03052347691089663,0.9298344894712732,0.039642033617830134
20039,29039,Low,Low,0.029290628326598216,0.9237952212157733,0.046914150457628534
29084,38084,High,High,0.9291475187976954,0.028196418586381094,0.04265606261592355
29034,38034,Medium,Medium,0.032549976315614966,0.030454749775206378,0.9369952739091786
18756,27756,Medium,Medium,0.030224190808051277,0.03421742963619491,0.9355583795557537
35888,44888,Medium,Medium,0.033499555762828016,0.0573635552903331,0.909136888946839
19934,28934,Low,Low,0.03395266302234355,0.924306427870038,0.041740909107618414
37072,46072,High,High,0.9264567536728378,0.028320633356448074,0.04522261297071417
36627,45627,Low,Low,0.02978300737878006,0.9284523985485302,0.04176459407268975
6564,15564,Medium,Medium,0.031337693067726116,0.029973839240650103,0.9386884676916237
33708,42708,Low,Medium,0.03254385607092789,0.14346355599619748,0.8239925879328748
24300,33300,Low,Low,0.03136412652752015,0.9263966880408979,0.04223918543158187
35290,44290,Low,Low,0.0290930575437517,0.9240203686413527,0.04688657381489553
14221,23221,High,High,0.9293089993322695,0.028917297814660542,0.04177370285306997
2920,11920,Low,Low,0.029087377784261917,0.9299790876123694,0.04093353460336869
16027,25027,Medium,Medium,0.03846180567663659,0.03919672502645285,0.9223414692969105
3957,12957,High,High,0.9331850429717364,0.02769413483016042,0.03912082219810304
38536,47536,Low,Low,0.03770610443527219,0.9160876128605446,0.046206282704183206
6956,15956,Medium,High,0.9035895330631719,0.037164367997629046,0.05924609893919902
11078,20078,Medium,Medium,0.09822734269497761,0.04776179788391466,0.8540108594211078
16667,25667,Medium,Medium,0.033413585256217626,0.03582718039905109,0.9307592343447313
35345,44345,High,High,0.9237795880558234,0.03136940599446841,0.04485100594970818
8946,17946,Low,Low,0.02936091664853335,0.9279409807529309,0.04269810259853585
9804,18804,High,High,0.9301419575602329,0.02947367362922028,0.040384368810546856
30860,39860,Low,Low,0.03129904510197722,0.9188064877894445,0.04989446710857837
11781,20781,Medium,Medium,0.03420097037758707,0.033304024596682136,0.9324950050257308
11374,20374,Low,Low,0.029887241825281633,0.9281210608139355,0.04199169736078278
7260,16260,Medium,Medium,0.03019393702767555,0.02888390376013632,0.9409221592121882
7524,16524,High,High,0.9323979872711751,0.028173161887063314,0.03942885084176161
24219,33219,High,High,0.8679009763572982,0.034323655937555146,0.09777536770514662
25191,34191,Medium,High,0.54471209542821,0.038174884586084624,0.41711301998570544
4393,13393,Medium,High,0.9205837988446542,0.03727467366214502,0.042141527493200694
39932,48932,Low,High,0.9318728783123831,0.028484915497303392,0.03964220619031361
17750,26750,High,High,0.925286719796878,0.030674250216427414,0.04403902998669442
32427,41427,Medium,Medium,0.037356296219028536,0.03935161177733765,0.9232920920036337
36879,45879,Medium,Medium,0.04422501584260991,0.03996128366538108,0.9158137004920089
28605,37605,Medium,Medium,0.03188586317923544,0.029627274793065903,0.9384868620276986
16477,25477,Low,Low,0.03098116436258355,0.9287028872712276,0.040315948366188716
27870,36870,High,Low,0.029897324001500386,0.9302686483818308,0.03983402761666894
6537,15537,Medium,Medium,0.032954010232858294,0.07709771111187307,0.8899482786552687
31252,40252,Low,Low,0.029412497738786653,0.9308941487662191,0.039693353494994234
29037,38037,High,High,0.9304641750864926,0.0281856896580933,0.041350135255414054
15126,24126,High,High,0.9295735521691358,0.029852503027205494,0.04057394480365861
33202,42202,High,High,0.9202546241978902,0.037230824467224116,0.04251455133488576
31133,40133,Medium,Medium,0.032936145235260075,0.031440379528309734,0.9356234752364302
39588,48588,Low,Low,0.033510321223356156,0.9202152813193095,0.0462743974573343
28904,37904,Medium,Medium,0.03201130825797967,0.03611062250212743,0.9318780692398928
18789,27789,Medium,Medium,0.033462687118704475,0.03092883905877918,0.9356084738225162
14093,23093,Medium,Medium,0.02979903082501036,0.028371906862211905,0.9418290623127777
1642,10642,Low,Low,0.029022056531016926,0.9307340354541377,0.04024390801484525
30524,39524,High,High,0.9329744229751623,0.027952125697461316,0.039073451327376364
38724,47724,Low,High,0.9315172110587165,0.028848665389411433,0.03963412355187208
19880,28880,High,High,0.9278100239733917,0.03211658518472874,0.040073390841879546
21761,30761,Low,Low,0.04044238315909826,0.9193881776193357,0.040169439221566176
28220,37220,Medium,Medium,0.029829014616199506,0.03131802930911174,0.9388529560746887
14363,23363,High,High,0.9315983773121178,0.028751634785528515,0.039649987902353724
629,9629,High,High,0.9288163645811635,0.02825447478666616,0.04292916063217045
34052,43052,Medium,Medium,0.046899729965329894,0.03308627236055787,0.9200139976741122
16253,25253,High,High,0.9328779209729428,0.02769660958677667,0.0394254694402805
35198,44198,Low,Low,0.02871404395251696,0.9312491796673089,0.040036776380174194
4517,13517,Medium,Medium,0.02965299482761259,0.029769908586996144,0.9405770965853911
9997,18997,Medium,Medium,0.04012534760504594,0.05823492382872663,0.9016397285662273
28976,37976,Medium,Medium,0.02840020883461138,0.02766907574012763,0.9439307154252611
4689,13689,Medium,Medium,0.02918135521276051,0.03680313554104105,0.9340155092461985
26458,35458,Medium,Medium,0.029793450371353253,0.02953406506359699,0.9406724845650497
21765,30765,Medium,Medium,0.0311527222107829,0.03409541683368466,0.9347518609555324
38755,47755,High,High,0.9305287826608337,0.02849788783033408,0.04097332950883243
36261,45261,Medium,Medium,0.029915608033665452,0.02806424665011382,0.9420201453162207
25038,34038,Medium,Medium,0.04054165448190727,0.036284901382040206,0.9231734441360525
3981,12981,Medium,Medium,0.032059299745801934,0.029276599585461947,0.9386641006687362
21166,30166,Medium,Medium,0.031257407953647155,0.03149862902006385,0.9372439630262891
27477,36477,Medium,Medium,0.0612130017521915,0.02966925594034674,0.9091177423074619
13840,22840,Medium,Medium,0.031386510399054386,0.031062944268169263,0.9375505453327763
4391,13391,Medium,Medium,0.030759968878990063,0.029934732541598397,0.9393052985794116
9574,18574,High,High,0.9244320449732847,0.030038663671822004,0.04552929135489333
8097,17097,High,High,0.9312901605650591,0.028902059073728895,0.03980778036121195
2129,11129,Low,Low,0.04531443838277028,0.7252483016505961,0.22943725996663375
29989,38989,Medium,Medium,0.03584209899044876,0.036795660695845354,0.9273622403137058
30753,39753,Medium,High,0.9320284318795667,0.02837750169087176,0.03959406642956151
23781,32781,Low,Low,0.029250323523314466,0.930049885825219,0.04069979065146647
19265,28265,Medium,Medium,0.035791028655463436,0.029519924626831142,0.9346890467177055
37784,46784,Medium,Medium,0.03587842949207256,0.03273952366992175,0.9313820468380057
17440,26440,Medium,Medium,0.04185584473828744,0.03493813936604505,0.9232060158956674
37742,46742,Low,Low,0.032016912599598414,0.9231134703764196,0.04486961702398201
2840,11840,Low,Medium,0.035304075388202995,0.03281511945008257,0.9318808051617143
31478,40478,Medium,Medium,0.03299495723812829,0.029598885380892757,0.937406157380979
12619,21619,High,Medium,0.03043199865030519,0.028219936911298288,0.9413480644383966
17028,26028,High,High,0.9185606196435564,0.03250440134478528,0.04893497901165833
17243,26243,Medium,Medium,0.0313079878101766,0.03879969718543844,0.929892315004385
353,9353,Medium,Medium,0.030671838997381188,0.03139021398270594,0.937937947019913
37046,46046,High,High,0.9256063572622516,0.0304470010922669,0.04394664164548148
28702,37702,Low,Low,0.032800503686347515,0.9262702119023566,0.04092928441129592
19715,28715,Low,Medium,0.03330912471853969,0.04077231436607856,0.9259185609153816
5687,14687,Medium,Medium,0.03281932207208033,0.037562899145071604,0.929617778782848
777,9777,High,High,0.9304584158584145,0.029429841294983477,0.04011174284660194
32535,41535,Medium,Medium,0.029024955734017668,0.028675504765990557,0.9422995394999919
3045,12045,Medium,Medium,0.0337585213598069,0.030291231592812926,0.9359502470473801
25397,34397,Medium,Medium,0.03125978269312931,0.02947221637066337,0.9392680009362073
15096,24096,Medium,Medium,0.02915184656702745,0.02839572227496009,0.9424524311580124
12354,21354,High,High,0.9330482612979395,0.027920742096634286,0.039030996605426194
25170,34170,Medium,Medium,0.031718830147912096,0.03178532494765001,0.9364958449044378
12208,21208,Medium,Medium,0.03533337915612692,0.03353954626448696,0.9311270745793861
39606,48606,Medium,Medium,0.0312811791822307,0.028339675772928414,0.9403791450448408
10768,19768,Medium,Medium,0.031734250819163624,0.037445866967671514,0.9308198822131649
15751,24751,Medium,Medium,0.030531746085465886,0.03525476400820034,0.9342134899063338
9,9009,High,Medium,0.25185478527781985,0.07775223963343464,0.6703929750887454
20433,29433,Medium,Medium,0.03131776031907869,0.03073464888865966,0.9379475907922616
11954,20954,Medium,Medium,0.033863938064646305,0.03436080940772946,0.9317752525276242
25184,34184,Medium,Medium,0.031270446875048256,0.034146306027646615,0.9345832470973051
19851,28851,High,Low,0.029836507266596868,0.9288651137259869,0.04129837900741615
8669,17669,Low,Low,0.030123117823493136,0.9302025638979781,0.03967431827852886
28719,37719,Medium,Medium,0.030797718348579747,0.028265248093422294,0.940937033557998
20855,29855,Medium,Medium,0.029421345977508628,0.028709637528445745,0.9418690164940456
17665,26665,High,High,0.9305753951658523,0.028392508987987508,0.04103209584616013
6776,15776,Medium,Medium,0.0316425430609737,0.030177407188119853,0.9381800497509065
39050,48050,High,High,0.7592531912250223,0.03751081940822504,0.20323598936675258
2035,11035,High,High,0.9311168496173091,0.02889658053764028,0.03998656984505063
37852,46852,Medium,Medium,0.043409948459915526,0.26785620823031664,0.6887338433097678
13849,22849,Medium,Medium,0.030622563860545196,0.03324282163607289,0.936134614503382
26224,35224,High,High,0.9308229820702065,0.02888565615886758,0.04029136177092594
28687,37687,Low,Low,0.028985489078038707,0.9306914903418457,0.04032302058011553
37646,46646,High,High,0.9286987666625975,0.030408004467012528,0.04089322887039004
33958,42958,Low,Low,0.028763077419388595,0.9319152300096333,0.039321692570978097
14190,23190,Medium,Medium,0.032680967747679,0.03521467232898607,0.9321043599233348
18876,27876,Low,Low,0.029871396167275414,0.9286042615721805,0.04152434226054411
22375,31375,High,High,0.9183988059098569,0.028365573322261566,0.053235620767881665
2282,11282,Low,Low,0.029790149933094794,0.9296860821943723,0.040523767872532944
23338,32338,Low,Low,0.032777868637760936,0.9224445121677859,0.04477761919445327
7638,16638,Medium,Medium,0.03301206955741647,0.029260829918034196,0.9377271005245493
19614,28614,Low,Low,0.029169365742672235,0.9300335865917958,0.040797047665532056
18377,27377,Medium,Medium,0.04376589500013974,0.028814096152625857,0.9274200088472343
18628,27628,Medium,Medium,0.036435710695438044,0.03232468118771084,0.9312396081168511
5581,14581,Medium,Medium,0.031062969200743043,0.058276928385537725,0.9106601024137193
10919,19919,Medium,Medium,0.0302890593779661,0.03018215062734045,0.9395287899946935
1530,10530,Medium,Medium,0.03359490813233752,0.033877144214534215,0.9325279476531283
16110,25110,High,High,0.9305473271642958,0.029461591609447595,0.03999108122625659
34629,43629,High,High,0.9259802461158871,0.03289872772667505,0.04112102615743789
39420,48420,Medium,Medium,0.05056292238896254,0.03903097571647774,0.9104061018945598
25096,34096,Low,Medium,0.03549914096564957,0.42823081556651177,0.5362700434678387
20307,29307,Medium,Medium,0.03158897453085608,0.029378609187015386,0.9390324162821285
14909,23909,Low,Low,0.03563769833657047,0.910484387584059,0.05387791407937054
7299,16299,High,High,0.9297736861352082,0.029254955516340424,0.040971358348451566
24542,33542,High,High,0.930756963423779,0.029596336085303335,0.03964670049091782
24584,33584,Low,Low,0.030839165675039693,0.9275822594331058,0.04157857489185456
32343,41343,Low,Low,0.030763613520340183,0.9252201417588729,0.04401624472078699
28095,37095,High,High,0.930575823546547,0.029165541808989198,0.040258634644463734
1299,10299,High,High,0.9311468320097566,0.028458816032506908,0.04039435195773652
14691,23691,Medium,Medium,0.03333675208519446,0.034073068407775235,0.9325901795070303
6458,15458,Medium,Medium,0.031171322154708515,0.031271334202021654,0.9375573436432699
23467,32467,Medium,Medium,0.02954814518744643,0.030771011391912153,0.9396808434206414
6231,15231,Medium,Medium,0.029575189121771827,0.035619620182627654,0.9348051906956005
8298,17298,High,Medium,0.03144437629251278,0.03216248199173712,0.93639314171575
4474,13474,Low,Low,0.03225185867748725,0.9269162356554311,0.040831905667081565
18983,27983,Low,Low,0.029197307808971975,0.9297429044943418,0.041059787696686084
26059,35059,Medium,Medium,0.06431698310977498,0.02874296823787406,0.906940048652351
39747,48747,Medium,Medium,0.029037618267067633,0.03296350667279171,0.9379988750601407
14343,23343,High,High,0.9270402004858149,0.030739338744116,0.04222046077006905
17850,26850,Medium,Medium,0.036543678610958086,0.033629510338495115,0.9298268110505467
29626,38626,Medium,High,0.9283549416874908,0.028512981596251204,0.04313207671625811
6466,15466,High,High,0.9225770637666159,0.033404594208844486,0.044018342024539664
25526,34526,Medium,Medium,0.03381868679986912,0.032374186640892096,0.9338071265592388
17291,26291,Medium,Medium,0.03452386401532979,0.18634741908641442,0.7791287168982558
33330,42330,Low,Low,0.030413359703375522,0.9070654137649864,0.06252122653163807
15873,24873,Medium,Medium,0.03758644475309068,0.035054125747311614,0.9273594294995977
17800,26800,High,High,0.9295515838290259,0.029324375873441944,0.04112404029753215
27050,36050,Medium,Medium,0.03561012471260728,0.043103414148825014,0.9212864611385677
15613,24613,Medium,Medium,0.03737115103550163,0.03293932732171754,0.9296895216427807
30060,39060,High,High,0.930580838998679,0.02823844662436085,0.04118071437696008
37915,46915,Medium,Medium,0.03777367877151295,0.03592778495231284,0.9262985362761743
5541,14541,Medium,Medium,0.03453351401122848,0.030908764329334464,0.9345577216594371
31051,40051,High,High,0.9311623321131924,0.02919730911038175,0.03964035877642578
30243,39243,Medium,Medium,0.03078828330656781,0.040744562824939164,0.9284671538684931
25771,34771,High,High,0.92910513074815,0.031195879217753922,0.03969899003409591
25940,34940,Medium,Medium,0.03761896614063543,0.03749125251211217,0.9248897813472524
33211,42211,Medium,Medium,0.046068142914297054,0.037695949903443354,0.9162359071822596
3844,12844,Low,Low,0.03136997335463122,0.92822703214253,0.040402994502838734
1548,10548,High,High,0.9256249310347835,0.03222529375530179,0.04214977520991465
25387,34387,Medium,Medium,0.03002159756202177,0.045882897658176935,0.9240955047798014
19909,28909,Medium,Medium,0.03602512641075161,0.037443118038403146,0.9265317555508452
7958,16958,High,High,0.9198935659282399,0.031293890828774575,0.04881254324298553
17615,26615,Low,Medium,0.028932862893249322,0.028341625732644243,0.9427255113741064
38240,47240,Low,Low,0.030347270779368187,0.9218732482304955,0.047779480990136326
9657,18657,High,High,0.9285182811767619,0.029479212123128058,0.042002506700109875
27002,36002,High,High,0.9295809850698878,0.027786129098214273,0.042632885831897886
22734,31734,High,High,0.7926620428568535,0.035615014133567,0.17172294300957955
23538,32538,Low,Low,0.029911442337890448,0.9286283179055731,0.04146023975653645
31756,40756,High,High,0.9303187711035087,0.02947660254301993,0.04020462635347149
17187,26187,Medium,Low,0.035302396422433206,0.8460132571468142,0.1186843464307525
22081,31081,Medium,Medium,0.03104048088017976,0.031155221935458156,0.9378042971843622
31091,40091,Medium,Medium,0.029579744913995412,0.033205035398509504,0.9372152196874951
34633,43633,Low,Low,0.03176398485707743,0.9223562789342316,0.04587973620869084
6329,15329,High,Low,0.030819867406598186,0.9246882120526815,0.04449192054072029
17158,26158,Medium,Medium,0.03803498791526524,0.034569637732478196,0.9273953743522565
36173,45173,Medium,Medium,0.04560967791719974,0.04126644454976647,0.9131238775330338
15280,24280,Medium,High,0.5267798001127906,0.046380766097244785,0.4268394337899646
9209,18209,Medium,Medium,0.0338279560501775,0.03531821600491349,0.930853827944909
33587,42587,High,High,0.9295552223108458,0.02856649094409165,0.04187828674506263
32209,41209,Low,Medium,0.03445972412954923,0.032096263803366346,0.9334440120670845
23417,32417,Medium,Medium,0.031508650402886765,0.03208588644873742,0.9364054631483758
9735,18735,Medium,Medium,0.031421631029820776,0.031504863407248805,0.9370735055629305
20804,29804,Medium,Medium,0.03668992098758137,0.030309954868078724,0.93300012414434
36963,45963,Medium,Medium,0.037605358756894434,0.03916209426247178,0.9232325469806338
1181,10181,Medium,Medium,0.03437880313391818,0.0324109939229664,0.9332102029431154
10928,19928,Low,Low,0.03134577233990179,0.928243272375096,0.04041095528500221
15515,24515,Low,Low,0.030029077116786335,0.9302597058873928,0.03971121699582108
35764,44764,High,High,0.9204663355921604,0.03620363840440056,0.04333002600343925
18997,27997,Low,Medium,0.042214195788939,0.03171985798313186,0.9260659462279291
23214,32214,Low,Low,0.02888304802333465,0.9307528104727583,0.040364141503907096
21101,30101,Medium,Medium,0.03340251968807759,0.03594395592195463,0.9306535243899678
36383,45383,Low,Low,0.028813419116699667,0.9319458247965589,0.03924075608674155
13742,22742,Medium,Medium,0.03243508643740701,0.030340875412164108,0.937224038150429
32674,41674,Medium,Medium,0.0560005657857949,0.03638678188104996,0.9076126523331552
15877,24877,High,High,0.931508097074258,0.028702770895251074,0.03978913203049103
19543,28543,Medium,Medium,0.03348451150984523,0.04230540895887793,0.9242100795312768
2517,11517,Low,Low,0.04163236213148513,0.9112643104073305,0.04710332746118428
27501,36501,Low,Low,0.030107996366719413,0.9284880907316078,0.04140391290167273
26972,35972,Low,Low,0.03126071792821051,0.9281295514546771,0.04060973061711248
23947,32947,Medium,Medium,0.0355088335865682,0.03355868835568617,0.9309324780577456
3701,12701,Low,Low,0.029764894357451627,0.929180854712457,0.0410542509300912
4334,13334,Low,Low,0.0295819059527813,0.9287755587741614,0.041642535273057446
16646,25646,Medium,Medium,0.034032671897712356,0.03421102567032688,0.9317563024319607
9676,18676,Medium,Medium,0.03422749485068056,0.030168144479369247,0.9356043606699501
11973,20973,Low,Low,0.031665328436167574,0.9239351066411192,0.04439956492271326
1346,10346,Medium,Medium,0.030097639456744905,0.028631306307894584,0.9412710542353605
34838,43838,Medium,Medium,0.041705897493440995,0.03327043664586004,0.9250236658606991
30517,39517,Low,Low,0.03001956061796084,0.9248046041074832,0.04517583527455598
18674,27674,Low,Low,0.03147540574260359,0.9221726244959308,0.04635196976146563
10103,19103,High,High,0.9306325943720658,0.028957857549148033,0.040409548078786196
30457,39457,Medium,Medium,0.03135082132881881,0.03884379557024439,0.9298053831009367
26785,35785,High,High,0.9295583256792109,0.029832547730396824,0.04060912659039227
20727,29727,Low,Low,0.02874715380155164,0.9316656463091794,0.03958719988926897
27294,36294,Medium,Medium,0.040713156458795675,0.035327684205921604,0.9239591593352827
23537,32537,Low,Low,0.029717648402818982,0.9286028883383176,0.041679463258863375
10550,19550,Medium,Medium,0.03252755091567235,0.030911411297656663,0.936561037786671
9235,18235,Low,Low,0.02864997478646582,0.9309297998473826,0.040420225366151634
47,9047,Low,Low,0.03584694223311544,0.8049589552430473,0.15919410252383734
36354,45354,High,High,0.9322803122261957,0.027990545035377,0.039729142738427294
7155,16155,Medium,Medium,0.02930478953616904,0.02893096701700146,0.9417642434468294
22029,31029,Medium,Medium,0.02952354090947662,0.030237952854643268,0.9402385062358801
30794,39794,Low,Low,0.034780790740203925,0.9256304196623503,0.039588789597445724
29296,38296,Low,Low,0.031015563972854893,0.8407682512364721,0.12821618479067307
30941,39941,Low,Low,0.031434960945167754,0.9186845966429518,0.04988044241188038
16421,25421,Medium,Medium,0.037503406303827876,0.04052121258038647,0.9219753811157857
16622,25622,Medium,Medium,0.04190970371433845,0.03163775144061624,0.9264525448450452
17102,26102,Medium,Medium,0.031146002514555213,0.032223437333098466,0.9366305601523464
256,9256,Medium,Medium,0.029702879976221713,0.02912567107687926,0.941171448946899
13414,22414,Medium,Medium,0.37699538174365355,0.045493586124486556,0.5775110321318598
34534,43534,Medium,Medium,0.03271211457751681,0.030956367116624462,0.9363315183058587
24060,33060,Low,Low,0.029470376689023425,0.930711188326407,0.039818434984569634
2845,11845,Low,Low,0.03253701821216368,0.927481510487924,0.03998147129991237
28464,37464,High,High,0.9308153254994168,0.02887981316335129,0.04030486133723176
29896,38896,Medium,Medium,0.03005723472241656,0.032278386221733575,0.93766437905585
32628,41628,Medium,Medium,0.034532378122668454,0.03153028975069864,0.933937332126633
1041,10041,Low,Low,0.030573617509183016,0.9280821051615012,0.04134427732931567
22437,31437,Medium,Medium,0.04111593440365025,0.030464098894105878,0.9284199667022438
22197,31197,High,High,0.930412365119429,0.028496088830920127,0.04109154604965084
31854,40854,Medium,Medium,0.07040384012216885,0.03200316154635047,0.8975929983314807
18681,27681,High,High,0.9302228230720405,0.028583749766859953,0.04119342716109953
22151,31151,Low,Low,0.0299159305057967,0.9304826556143168,0.039601413879886506
35159,44159,Medium,Medium,0.031078831778219896,0.02898430361203828,0.9399368646097418
27982,36982,High,High,0.9296291785956309,0.028315688700463987,0.04205513270390524
9068,18068,Low,Medium,0.0315880702757513,0.029366459667884353,0.9390454700563643
26952,35952,Medium,Medium,0.03619643383161559,0.029299553804798522,0.9345040123635858
33655,42655,High,High,0.932640921568649,0.028212319063034008,0.03914675936831704
511,9511,Medium,Medium,0.03636271207365333,0.031084313700175708,0.9325529742261711
26428,35428,Medium,Medium,0.029000268819420475,0.028660082570644913,0.9423396486099346
20674,29674,Low,Low,0.02988735714084904,0.9305419922125573,0.03957065064659369
10288,19288,Medium,Medium,0.030528019473134355,0.03594036123044868,0.9335316192964171
38518,47518,Medium,Medium,0.029290703348142693,0.028758512391366082,0.9419507842604912
33418,42418,Medium,Medium,0.03434216382966552,0.033617986529590894,0.9320398496407437
1206,10206,Low,Low,0.02973085560214683,0.928299929836899,0.04196921456095413
9129,18129,High,High,0.9117759041220124,0.029835380422790842,0.058388715455196964
8999,17999,Low,Low,0.03243111904609592,0.9221628555274536,0.04540602542645036
29791,38791,Medium,Medium,0.03128712385483543,0.03175527202581948,0.9369576041193451
25807,34807,Medium,Medium,0.03371937848017575,0.03139856544545431,0.9348820560743699
21565,30565,Medium,Medium,0.03496985651024986,0.029932401616900278,0.9350977418728498
16340,25340,High,High,0.9320419194278248,0.02853949039802661,0.039418590174148734
11086,20086,High,High,0.9306492000689522,0.029055471500232938,0.04029532843081481
36717,45717,Low,Low,0.03287205752810879,0.9241072907038542,0.043020651768036905
26237,35237,Medium,Medium,0.034485279727478564,0.038130533835691406,0.92738418643683
16647,25647,Low,Low,0.02887269427218524,0.9282555302815682,0.04287177544624651
6583,15583,Low,Low,0.02917088666589869,0.9290226823600968,0.04180643097400446
25394,34394,Medium,Medium,0.050407817961217495,0.050966389796386215,0.8986257922423962
14359,23359,Medium,Medium,0.030501085145396855,0.032979914492453556,0.9365190003621496
18144,27144,Medium,Medium,0.029622768456644608,0.031124754045774417,0.9392524774975811
1955,10955,High,High,0.9268485139937215,0.029272737938154256,0.04387874806812428
8987,17987,Medium,Medium,0.03412389801746529,0.03233382423501521,0.9335422777475196
22777,31777,Medium,Medium,0.03517372963350946,0.036605220443947456,0.9282210499225431
22050,31050,High,High,0.92350991335648,0.03163267373455228,0.044857412908967685
31698,40698,Medium,Low,0.03745222627032855,0.749888203593622,0.2126595701360495
28896,37896,Medium,Medium,0.03338238657231984,0.03218927549850453,0.9344283379291758
31297,40297,Medium,Medium,0.030589124563412066,0.030843871951419268,0.9385670034851686
6069,15069,High,High,0.9281042083649745,0.030603971877073217,0.04129181975795224
16972,25972,Medium,Medium,0.040930905426952456,0.028823988687661006,0.9302451058853866
333,9333,Medium,Medium,0.04644377148644172,0.039578691160151905,0.9139775373534063
20547,29547,Medium,Medium,0.03054078989816822,0.030591522433070614,0.9388676876687612
23641,32641,Medium,Medium,0.02968766790660704,0.029222732555026304,0.9410895995383667
39434,48434,Medium,Medium,0.0344018981148149,0.03384436549224568,0.9317537363929395
22904,31904,Medium,Medium,0.03236309201905573,0.038639934242431076,0.9289969737385132
8053,17053,High,High,0.932496775527281,0.028285048034255994,0.03921817643846284
17424,26424,High,High,0.9220122977562918,0.03572078627318754,0.04226691597052063
37185,46185,Medium,Medium,0.03085315057994172,0.031312158500570404,0.9378346909194878
39518,48518,Medium,Medium,0.030910145297165858,0.029879481437461716,0.9392103732653724
23371,32371,Low,Low,0.02949833456229313,0.9185330385351386,0.051968626902568406
6421,15421,High,High,0.929407307577491,0.0305454938449955,0.040047198577513446
38853,47853,Medium,Medium,0.02954416916160506,0.02825023506421473,0.9422055957741803
2149,11149,Medium,Medium,0.038625823502168824,0.029805538425044634,0.9315686380727866
13818,22818,Medium,Medium,0.03177186891795349,0.030705847195298164,0.9375222838867483
17385,26385,Low,Low,0.029862803409956524,0.9295645903872946,0.04057260620274894
32443,41443,Medium,Medium,0.0337232869594723,0.031972411214554616,0.9343043018259731
5527,14527,High,High,0.9287927408977822,0.03013710370023907,0.04107015540197886
23798,32798,High,High,0.9307452347418771,0.029070755830614248,0.04018400942750865
11177,20177,High,High,0.9306753188748836,0.02958162235071637,0.03974305877440004
8032,17032,High,High,0.9321532875585259,0.02759474969639592,0.040251962745078265
33473,42473,Low,Low,0.042767677285675106,0.9125673182532891,0.04466500446103589
2147,11147,High,High,0.9335846108434347,0.02755708795787515,0.038858301198690264
9870,18870,Medium,Medium,0.03153819600826341,0.03134070552669462,0.9371210984650421
37362,46362,Low,Low,0.03681760499158148,0.7928074332600054,0.17037496174841318
14593,23593,Low,Medium,0.0342929890086732,0.030068764743082555,0.9356382462482443
18959,27959,Medium,Medium,0.03610407330131288,0.392259807425883,0.571636119272804
9747,18747,Low,Low,0.02889720784824723,0.9315280063385938,0.03957478581315893
11054,20054,High,High,0.9296178149967496,0.02906580768060144,0.041316377322648916
24249,33249,High,High,0.9297938103298463,0.028726661161678668,0.041479528508475
19735,28735,Medium,Medium,0.038147324795097935,0.035738148045211325,0.9261145271596908
11882,20882,High,High,0.9308208667671218,0.02836371468748804,0.04081541854539008
30104,39104,Medium,Medium,0.03966146400542759,0.036672014177654234,0.9236665218169181
29039,38039,Medium,Medium,0.037710183625668324,0.032841089592791924,0.9294487267815398
33886,42886,Low,Low,0.029146908867040505,0.93017084992328,0.040682241209679525
25730,34730,Medium,Medium,0.03203003608099605,0.03191189745985415,0.9360580664591498
8039,17039,High,High,0.9316776307749616,0.02794000053025873,0.0403823686947798
9690,18690,Medium,Medium,0.03572730600752147,0.0355853528650042,0.9286873411274744
856,9856,High,High,0.9261948643612526,0.030196255060419137,0.04360888057832831
36272,45272,High,High,0.9158322321868981,0.02950797043070227,0.05465979738239952
30711,39711,Medium,Medium,0.0332743562303036,0.031449397491931846,0.9352762462777647
15328,24328,Medium,Medium,0.032512885609031046,0.05828933074648571,0.9091977836444832
5807,14807,Low,Low,0.02943349873322518,0.9288739543846747,0.04169254688210017
39885,48885,High,High,0.9305840747180522,0.0283041777970353,0.04111174748491258
7232,16232,Medium,Medium,0.03329425819268018,0.033330380472204185,0.9333753613351158
35738,44738,Medium,Medium,0.031405607530871425,0.031187938287188483,0.9374064541819399
4203,13203,High,High,0.9293686058696286,0.030213643744478703,0.04041775038589264
29121,38121,Medium,Medium,0.0510046821708924,0.05054885426145245,0.8984464635676551
27181,36181,Medium,Medium,0.035269341253582887,0.04579845794858328,0.9189322007978339
24996,33996,Medium,Medium,0.10754652272733893,0.037746941214237155,0.854706536058424
2218,11218,High,High,0.9330275704680157,0.027826582259403817,0.03914584727258044
17434,26434,Medium,Medium,0.0482604432184033,0.03916896094283408,0.9125705958387625
38616,47616,Medium,Low,0.033382346778162646,0.9197403413294182,0.04687731189241906
10804,19804,High,High,0.9285133428390454,0.030722494528181876,0.04076416263277267
21955,30955,Medium,Medium,0.03284106801839055,0.03062753142938576,0.9365314005522237
20189,29189,Medium,Medium,0.03460554617171657,0.03091521773502354,0.9344792360932598
32142,41142,Medium,Medium,0.03873637900976187,0.03519753414439026,0.9260660868458478
37673,46673,High,High,0.9267516168081608,0.03171413092964306,0.041534252262196196
5248,14248,Low,Low,0.04079523250150118,0.9167153799772031,0.04248938752129572
25549,34549,Medium,Medium,0.032565484420755623,0.028905861992095327,0.9385286535871491
32091,41091,Medium,Medium,0.03464614232245943,0.03255264281529019,0.9328012148622502
34227,43227,High,High,0.9277928588664105,0.032229089654884406,0.0399780514787051
28053,37053,Low,Low,0.02933315169402552,0.9306910122599502,0.03997583604602438
22546,31546,Medium,Medium,0.032913685271391636,0.031160321337514656,0.9359259933910936
21012,30012,Low,Low,0.032092836504355494,0.9177467067004801,0.0501604567951644
6300,15300,High,High,0.9232096470999899,0.029791598096571805,0.04699875480343835
19967,28967,Low,Low,0.031078336210080024,0.9289844149104004,0.03993724887951958
24202,33202,Medium,Medium,0.03892303684144846,0.03851773594863812,0.9225592272099133
34937,43937,High,High,0.9304771214365969,0.029014594001318148,0.04050828456208493
27337,36337,Medium,Medium,0.033878319215566687,0.03828838822932137,0.9278332925551118
14118,23118,Low,Low,0.029631349601869247,0.9293694162046652,0.040999234193465635
16344,25344,Medium,Medium,0.039303710470749396,0.036412049695126514,0.9242842398341241
37875,46875,High,High,0.9317310921381566,0.02828324208205524,0.03998566577978811
33952,42952,Medium,Medium,0.030398027766325175,0.029169059600400078,0.9404329126332748
8910,17910,Low,Low,0.029501960570505043,0.9294113935147049,0.04108664591478999
36339,45339,High,High,0.914496073306588,0.04300702893976235,0.04249689775364976
39806,48806,Medium,Medium,0.029137329964290748,0.028542481264580793,0.9423201887711284
33740,42740,Low,Low,0.028961664380175434,0.9305177458127468,0.04052058980707774
9116,18116,Medium,Medium,0.032037328917146446,0.032149726000627966,0.9358129450822256
13721,22721,High,High,0.920724441120885,0.030490523695673826,0.04878503518344112
30972,39972,Medium,Medium,0.04085675375950468,0.05156264210113104,0.9075806041393643
3624,12624,Low,Low,0.029181292171442066,0.931163047936029,0.03965565989252898
20687,29687,Low,Low,0.028808866669689664,0.9292709596439973,0.04192017368631296
13379,22379,Medium,Medium,0.029565356812345928,0.02966738850357258,0.9407672546840814
29651,38651,Medium,Medium,0.03123259320644702,0.029301524950376277,0.9394658818431766
18816,27816,High,High,0.9311755779694092,0.029163492017331403,0.03966093001325943
8448,17448,High,High,0.9160755941802344,0.04262687528593056,0.04129753053383511
30745,39745,Medium,High,0.927773273000709,0.03104354774208513,0.04118317925720573
37474,46474,High,High,0.8907282908391037,0.03268050527902085,0.07659120388187553
39809,48809,Low,Low,0.02936590150797255,0.930978490229197,0.03965560826283037
23020,32020,Low,Low,0.06078008753498223,0.8848035718704548,0.05441634059456313
3374,12374,High,High,0.9302821084903957,0.02873413201459163,0.04098375949501257
605,9605,Low,Medium,0.02857978713848673,0.02845377695842243,0.942966435903091
34358,43358,Medium,Medium,0.029294259211228243,0.03294324827398923,0.9377624925147826
39822,48822,High,High,0.9283626604997158,0.028793265732406214,0.04284407376787786
23440,32440,Medium,Medium,0.032489411036754644,0.052094914544151494,0.9154156744190938
36007,45007,High,High,0.9319725312192325,0.028273061559410183,0.03975440722135747
4948,13948,Low,Low,0.08959328711974883,0.8622338360298931,0.048172876850358086
11891,20891,Medium,Medium,0.03137669935741022,0.3118696693000705,0.6567536313425193
11094,20094,Medium,Medium,0.03223034730622492,0.037145917020167306,0.9306237356736079
32888,41888,Medium,Medium,0.029548167868074893,0.02811297006862583,0.9423388620632992
17622,26622,High,High,0.9310092413518111,0.029235143392248104,0.03975561525594071
27692,36692,Medium,Medium,0.031043446720176043,0.02815418464920899,0.940802368630615
20010,29010,Low,Medium,0.03628021755907535,0.03776593966045059,0.925953842780474
37732,46732,Medium,Medium,0.042700435298800875,0.17602615074363506,0.781273413957564
30735,39735,Medium,High,0.9283253643691327,0.03012085165826066,0.041553783972606596
29,9029,Low,Low,0.03319279760036468,0.8402355433623511,0.1265716590372844
13636,22636,Medium,Medium,0.029853231194232277,0.02773024504703071,0.942416523758737
29762,38762,High,Medium,0.029973122536883518,0.030051847117471428,0.939975030345645
22740,31740,Medium,Medium,0.054855592774504476,0.02882594797196586,0.9163184592535297
34611,43611,Medium,Medium,0.03153525747720964,0.03228387932533857,0.9361808631974519
7200,16200,Low,Low,0.030037762014764633,0.9278981791893007,0.04206405879593459
34740,43740,Medium,Medium,0.03090118275873069,0.03152876297877697,0.9375700542624923
2609,11609,High,High,0.9311959888142661,0.029025812004210425,0.039778199181523456
6489,15489,Low,Low,0.04190074821398584,0.8461736142398529,0.11192563754616129
19807,28807,Medium,Medium,0.03491933344755471,0.03745975391741375,0.9276209126350315
28743,37743,High,High,0.9246089317867012,0.03131060130289505,0.04408046691040365
12385,21385,Low,Low,0.03214827534395675,0.9040058363361058,0.06384588831993758
21860,30860,Low,Low,0.0298454618108152,0.9274956212641031,0.04265891692508169
25653,34653,Medium,Medium,0.036095633732963935,0.029780723728265134,0.934123642538771
24780,33780,High,High,0.9293874116411831,0.029306513478081792,0.041306074880735025
29405,38405,Low,Low,0.029718353692199686,0.9301323968476388,0.04014924946016147
13805,22805,Medium,Medium,0.03315571730709546,0.03053589362306869,0.9363083890698358
8871,17871,Medium,High,0.9266755778362699,0.030545044768139545,0.04277937739559049
26921,35921,Medium,Medium,0.03544490920000709,0.03119622927389638,0.9333588615260965
36895,45895,Medium,Medium,0.03420211195898041,0.04156391311222237,0.9242339749287972
3636,12636,Low,Low,0.029908244548076977,0.9259729315603907,0.0441188238915323
1219,10219,High,Medium,0.04105703758926306,0.05151699001133616,0.9074259723994009
18390,27390,Medium,Medium,0.032916747709269,0.03309924421697832,0.9339840080737526
19814,28814,Low,Low,0.03235852865938201,0.9177752570182344,0.04986621432238362
11218,20218,Medium,Medium,0.02891878636814089,0.04308286857693849,0.9279983450549206
39303,48303,High,High,0.9274717599758354,0.030585748102355124,0.04194249192180949
23550,32550,High,High,0.9317037735926933,0.028399038119093407,0.03989718828821314
32660,41660,Low,Low,0.029520110129485518,0.9266601492160752,0.04381974065443924
13159,22159,Low,Low,0.030861849094923084,0.9262948508897546,0.04284330001532231
21939,30939,Low,Low,0.02888012957363414,0.9315232185098185,0.03959665191654755
27122,36122,Low,Low,0.029410509413665242,0.9304065246695404,0.040182965916794273
32383,41383,Medium,Medium,0.02993389086390102,0.029044592318641854,0.941021516817457
22494,31494,Low,Medium,0.03141038871526846,0.029656329064639872,0.9389332822200916
4479,13479,Medium,Medium,0.03053511366366717,0.03403082496932911,0.9354340613670037
33904,42904,High,High,0.9288061185007761,0.030295922515185442,0.04089795898403842
2237,11237,Low,Low,0.031115242120980862,0.9291235498323004,0.039761208046718746
26187,35187,High,Low,0.03285204966219495,0.9265397567756001,0.04060819356220493
39376,48376,High,High,0.5831314210980358,0.034043150278354625,0.3828254286236095
32643,41643,Low,Low,0.028821176909236315,0.9292199054434276,0.04195891764733614
31758,40758,High,High,0.927373356375869,0.030875348536855748,0.04175129508727529
16679,25679,Medium,Medium,0.03276285211790439,0.02913372485856185,0.9381034230235338
7511,16511,High,High,0.9313486911436176,0.028532272036448193,0.040119036819934256
26884,35884,Medium,Medium,0.03974597274815695,0.32133931387229436,0.6389147133795486
36823,45823,Medium,Medium,0.03521309352257838,0.03097975721396432,0.9338071492634574
28162,37162,High,High,0.9313334043723538,0.029113599323923378,0.039552996303722755
11610,20610,Medium,Medium,0.06395561198220419,0.031174682666716653,0.9048697053510791
38608,47608,Medium,Medium,0.040315996586720804,0.4645070080282639,0.4951769953850153
3976,12976,High,High,0.9146656797046463,0.033371119696402635,0.051963200598950925
27101,36101,High,High,0.9317306754254241,0.028507244118947724,0.03976208045562812
27917,36917,Medium,Medium,0.03395750881118082,0.03531902867671577,0.9307234625121034
23810,32810,Medium,Low,0.030082917016578226,0.8939864301291512,0.07593065285427048
24222,33222,Low,Low,0.03446287366212497,0.9259324787354952,0.039604647602379854
35985,44985,Medium,Medium,0.03721918015833083,0.03377049927761997,0.9290103205640493
16462,25462,High,High,0.9315999752453358,0.02846955919896967,0.03993046555569469
15920,24920,Low,Medium,0.03419811145319108,0.029206218535384316,0.9365956700114246
26860,35860,High,Medium,0.03070144744332352,0.0326235247766801,0.9366750277799963
19297,28297,Medium,Medium,0.02975697280525716,0.030551099360520865,0.9396919278342221
980,9980,Medium,Medium,0.028836769947827152,0.028300442012574752,0.9428627880395982
12463,21463,High,High,0.9311781674780351,0.029034676928793746,0.03978715559317117
15381,24381,Medium,Medium,0.03184798557823682,0.030966638135850197,0.937185376285913
24984,33984,High,High,0.9260030809530061,0.033085018630366364,0.04091190041662751
24500,33500,Medium,Medium,0.029187545910303637,0.028452712424003546,0.9423597416656927
2048,11048,Medium,Medium,0.030681689065214807,0.028714971957528274,0.9406033389772569
9794,18794,Medium,Medium,0.03041419454905908,0.02910265644236837,0.9404831490085725
18212,27212,Low,Low,0.035528183234197354,0.9130727181942516,0.05139909857155103
39677,48677,High,High,0.9304841780251355,0.029034279317324326,0.04048154265754011
31089,40089,High,Low,0.02934023249601111,0.9284860279285496,0.04217373957543921
27678,36678,Medium,Medium,0.03243621613758756,0.03670035942281672,0.9308634244395956
19153,28153,Medium,Medium,0.03245726692519272,0.03171306188404971,0.9358296711907576
14830,23830,Medium,Medium,0.0299671867180507,0.031174639230616547,0.9388581740513327
13060,22060,Medium,Medium,0.03561169604396119,0.03431862389800174,0.930069680058037
28748,37748,Low,High,0.9304063472043945,0.029937269732571103,0.03965638306303442
7860,16860,High,High,0.9302632676817768,0.02912889606403719,0.04060783625418605
34860,43860,Low,Low,0.03475081719503503,0.9098118115570758,0.05543737124788922
22012,31012,Medium,Medium,0.042896325664588196,0.029602154544672576,0.9275015197907392
15260,24260,Low,Low,0.028826060107538676,0.9320701691434482,0.0391037707490132
1448,10448,Low,Low,0.030935760528470257,0.9253407841406647,0.043723455330865156
14058,23058,Medium,Medium,0.03456041815446973,0.030634280114501405,0.9348053017310289
2798,11798,Low,Low,0.02872360418500651,0.9317510060219499,0.0395253897930436
25091,34091,Medium,Medium,0.03394040349028929,0.08307613755443527,0.8829834589552755
38637,47637,High,High,0.9201850247653756,0.03873839409491118,0.04107658113971321
6976,15976,Medium,Medium,0.0313304324237775,0.030527356102191663,0.9381422114740309
35861,44861,High,High,0.93122067442168,0.029160311951238676,0.03961901362708118
26419,35419,Medium,Medium,0.029464531208042002,0.02826448299618256,0.9422709857957755
37496,46496,Low,Low,0.029244253775006446,0.9275999114238612,0.043155834801132255
28836,37836,Medium,Medium,0.03067949563589496,0.034973155281794836,0.9343473490823101
19984,28984,Medium,Medium,0.029646584082898438,0.030563128738924694,0.9397902871781768
28918,37918,High,High,0.56347470777476,0.038332390775772836,0.3981929014494672
19827,28827,Medium,Medium,0.032067441782206337,0.030422811282173483,0.9375097469356201
27859,36859,Medium,Medium,0.030210776780266,0.03095185831253879,0.9388373649071952
23263,32263,High,High,0.931015754715224,0.02922977771060907,0.039754467574166896
31001,40001,Low,Low,0.030100842884568445,0.925442095094505,0.04445706202092655
11484,20484,Low,Low,0.030113341589372605,0.9109302368172371,0.05895642159339026
32081,41081,Medium,Medium,0.03103252277711287,0.03161117747816163,0.9373562997447255
8551,17551,High,Medium,0.037677274430590484,0.41320007572065304,0.5491226498487566
21900,30900,Low,Low,0.0369263759466499,0.9180663284570221,0.045007295596327955
3304,12304,Low,Low,0.03710242155966887,0.8875635094390675,0.07533406900126367
38487,47487,High,High,0.9268058273304347,0.032715221560277785,0.040478951109287536
38888,47888,High,High,0.9314484817269996,0.028673585358492373,0.03987793291450809
5811,14811,Low,Low,0.02975450163991632,0.9260581981156752,0.04418730024440847
37177,46177,Low,Low,0.02922699523117049,0.9312511768111326,0.039521827957696924
33071,42071,High,High,0.929680933465539,0.029157542744298073,0.041161523790162934
21688,30688,Low,Low,0.02875806585298996,0.9317137586398915,0.039528175507118596
29582,38582,High,High,0.930932433104946,0.027847000565172583,0.04122056632988153
9692,18692,Low,Low,0.02945472319140451,0.9305248605756743,0.04002041623292132
23031,32031,Low,Low,0.02889321343746047,0.9298205043987329,0.04128628216380671
17616,26616,Medium,Medium,0.03119748949573135,0.03160597495350823,0.9371965355507603
18634,27634,Medium,Medium,0.029742438413713948,0.03252447331454381,0.9377330882717422
5260,14260,Medium,Medium,0.03299129222583443,0.029283087447002813,0.9377256203271628
32116,41116,Medium,Medium,0.03365535619264509,0.033659209858461846,0.932685433948893
31374,40374,High,High,0.9306662592018483,0.029466837808001387,0.03986690299015036
17347,26347,High,High,0.9321352927593841,0.028222556805457714,0.03964215043515804
6095,15095,High,High,0.9313681959859581,0.02929148461711191,0.03934031939692994
26126,35126,Low,Low,0.03178890541598644,0.9229931317777479,0.04521796280626558
31787,40787,Low,Low,0.030645441424153538,0.9193152450193963,0.05003931355645038
1083,10083,Low,Medium,0.033864101061931606,0.041433334481657196,0.9247025644564112
20947,29947,Medium,Medium,0.03237653100136859,0.028497800688311658,0.9391256683103197
38785,47785,Medium,Medium,0.0324889135461438,0.031855266081446565,0.9356558203724097
35235,44235,Medium,Medium,0.03119556581137989,0.03153021100766184,0.9372742231809582
9545,18545,Low,Low,0.028882718584682884,0.9316319066542823,0.03948537476103469
23826,32826,Low,Low,0.028913596588923732,0.9292838844777614,0.04180251893331488
7011,16011,Medium,Medium,0.03102692428738418,0.038443929552553054,0.9305291461600628
32109,41109,Medium,Medium,0.0387271289592272,0.03166191501391392,0.929610956026859
18030,27030,Medium,Medium,0.03066571582130101,0.03269745825333221,0.9366368259253668
19628,28628,Low,Low,0.039839568968006965,0.9164862498172872,0.04367418121470588
18529,27529,Medium,Low,0.03923190456803385,0.755512320045077,0.20525577538688924
13655,22655,Low,Low,0.030700899468494035,0.929846395372096,0.0394527051594099
34783,43783,Medium,High,0.9316006606094661,0.02819286006827518,0.04020647932225873
14484,23484,Low,Low,0.039462000317955714,0.913396906095795,0.04714109358624916
26355,35355,High,High,0.9291155610659697,0.030910674532368076,0.03997376440166225
34834,43834,Medium,Medium,0.02952659778528205,0.02991924535951229,0.9405541568552057
13149,22149,Medium,Medium,0.03217146923427296,0.03261651330318576,0.9352120174625412
27737,36737,Low,Low,0.028844943972535623,0.93174517823138,0.039409877796084236
28840,37840,High,High,0.930041095718214,0.02806532661217101,0.04189357766961511
22802,31802,Low,Low,0.02977519196429469,0.9279617397466066,0.04226306828909874
14842,23842,Low,Medium,0.03236605376618723,0.02998097189206574,0.9376529743417471
28739,37739,Medium,Medium,0.0294064161623535,0.030723043509325382,0.9398705403283211
37437,46437,Medium,Medium,0.0332965920650015,0.03377151009410361,0.9329318978408949
30317,39317,Low,Low,0.02964108711319108,0.9306528639247716,0.039706048962037215
36738,45738,High,High,0.9282531764255659,0.02965940443987346,0.042087419134560565
18394,27394,Low,Low,0.031157085626489837,0.9282079482500363,0.040634966123473816
34284,43284,Medium,Medium,0.029776743907716143,0.033825534323365485,0.9363977217689184
34156,43156,Low,Low,0.028825197398854696,0.9320060963341917,0.03916870626695355
24197,33197,Medium,Medium,0.04170246870238295,0.14282361333877414,0.8154739179588429
38280,47280,Medium,Medium,0.03196552530303113,0.029088504260690883,0.938945970436278
29829,38829,High,High,0.9256423853521146,0.028626116816143105,0.045731497831742185
19421,28421,Medium,Medium,0.03249794609983241,0.02922089595264754,0.9382811579475202
33606,42606,Medium,Medium,0.03153984799859393,0.029225982261211297,0.9392341697401948
27953,36953,High,High,0.9308179870909491,0.030034823209753758,0.03914718969929724
30287,39287,Medium,Medium,0.03639544287650257,0.04602119701579644,0.917583360107701
5090,14090,Low,Low,0.03606306000111648,0.8937400376716486,0.07019690232723509
36780,45780,Low,Low,0.028776181685449723,0.9307261209110974,0.040497697403453055
32909,41909,Medium,Medium,0.030066238690802063,0.03467711432178828,0.9352566469874096
4663,13663,High,High,0.9300403122697504,0.028460344823869083,0.04149934290638055
11764,20764,High,High,0.930634556566714,0.029480110869284742,0.03988533256400128
38671,47671,High,High,0.927216797184772,0.029237094954640375,0.04354610786058751
17094,26094,Medium,Medium,0.03002908019883198,0.033250835659929284,0.9367200841412388
11171,20171,Medium,Medium,0.029769980554936088,0.032289991140001896,0.937940028305062
34848,43848,High,High,0.922836266012205,0.030200928388950804,0.046962805598844186
32250,41250,High,High,0.9299368251504913,0.028181201189216926,0.04188197366029187
31594,40594,Medium,Low,0.030497056907262735,0.9300686853016331,0.03943425779110412
18510,27510,High,High,0.9294808998383015,0.029149291222811593,0.04136980893888693
27840,36840,Medium,Medium,0.030888220113034673,0.0317856617421731,0.9373261181447923
23195,32195,High,Medium,0.03244901356351609,0.03027101354918359,0.9372799728873003
33787,42787,Medium,Medium,0.031924774273119697,0.031719042165575334,0.9363561835613051
9957,18957,Medium,Medium,0.030878765013907582,0.03042666692016636,0.9386945680659261
33853,42853,Low,Low,0.02972455825206995,0.9243902524009808,0.04588518934694937
36594,45594,Medium,Medium,0.03591856071102692,0.29185652022412034,0.6722249190648527
39723,48723,Low,Medium,0.038725111122563605,0.031198533821284055,0.9300763550561523
5519,14519,Medium,Medium,0.032806994471247054,0.038213839715595894,0.928979165813157
17344,26344,High,High,0.926448355264263,0.03130516246098674,0.04224648227475039
10674,19674,Medium,Medium,0.035927343719961466,0.038437334278215295,0.9256353220018232
1243,10243,Medium,Medium,0.031317745537885563,0.02904510436963589,0.9396371500924786
9319,18319,Low,Low,0.03055139187587998,0.9156708633426943,0.053777744781425746
37487,46487,Medium,Medium,0.033530454198195246,0.04260183256341974,0.9238677132383849
10500,19500,High,High,0.918170478944286,0.03922224279467932,0.04260727826103459
19468,28468,Medium,Medium,0.04089707927024014,0.15419021238668976,0.8049127083430702
35208,44208,Medium,Medium,0.030857056380365955,0.029589468686146536,0.9395534749334876
20158,29158,Medium,Medium,0.20345574494842036,0.031950782654454966,0.7645934723971246
23021,32021,Low,Low,0.031009048236893783,0.9278656535467165,0.04112529821638979
32692,41692,High,High,0.930827375587635,0.028318105388721232,0.04085451902364387
19269,28269,Low,Low,0.030392803738848864,0.9261615034825544,0.04344569277859672
19005,28005,Medium,Medium,0.03043108512942708,0.03593698635816889,0.933631928512404
20549,29549,Low,Low,0.028625586566214247,0.9318539051503922,0.03952050828339338
14933,23933,Low,Low,0.030456602205599898,0.9281592389334964,0.041384158860903825
31597,40597,Medium,Medium,0.029452150426230225,0.030150721485099705,0.9403971280886699
1477,10477,High,High,0.9315244277253966,0.02817564371536292,0.04029992855924038
19877,28877,Medium,Medium,0.034106809405738646,0.03511484508711319,0.9307783455071482
13786,22786,Medium,Medium,0.03313389142833687,0.034247068526046816,0.9326190400456164
17258,26258,Low,Low,0.029802514264886528,0.9264604813484486,0.043737004386664995
33718,42718,Medium,Medium,0.030440309599205018,0.028971986221058944,0.940587704179736
22813,31813,Low,Low,0.02972122921833933,0.8992220907969651,0.07105667998469538
30339,39339,High,High,0.8757596325519668,0.031659867237152105,0.09258050021088114
12226,21226,Low,Medium,0.02956535565332563,0.030441264736218086,0.9399933796104563
14311,23311,Low,Low,0.03138391003443191,0.9284135244331914,0.04020256553237674
28279,37279,Medium,Low,0.05754020657616288,0.8930197907559606,0.04944000266787644
14386,23386,Medium,Medium,0.04615120706096434,0.030218101702110662,0.9236306912369251
37293,46293,Medium,High,0.9331310593132182,0.027878200572970618,0.038990740113811186
19542,28542,High,Medium,0.04172426978299588,0.03988311834314446,0.9183926118738596
39330,48330,Medium,Medium,0.031642589910607345,0.029868024897372406,0.9384893851920202
8993,17993,Low,Low,0.031426793190081286,0.922401094354146,0.04617211245577274
17059,26059,Low,Low,0.03198017713465499,0.9268312463638262,0.04118857650151881
36849,45849,Low,Low,0.029956398231327355,0.9292201925227838,0.04082340924588896
36508,45508,Low,Low,0.03168533860643219,0.8921672505830666,0.0761474108105012
32344,41344,Medium,Medium,0.028765177879811712,0.028440988642603745,0.9427938334775846
27086,36086,Medium,Medium,0.031799897499521314,0.032849548293251284,0.9353505542072273
9315,18315,High,High,0.9273708469293273,0.03089518231650748,0.04173397075416524
35785,44785,Low,Low,0.031247073462709538,0.9266653657868628,0.04208756075042777
39890,48890,Medium,Medium,0.03744052311853956,0.034851755350078346,0.9277077215313821
36089,45089,Low,Low,0.029900185715535068,0.9263765725823152,0.04372324170214965
1155,10155,Low,Low,0.030256038276243236,0.9300876531537572,0.03965630856999963
16752,25752,Medium,Medium,0.032989423780198125,0.03012504886521666,0.9368855273545854
14735,23735,Medium,Medium,0.036172669000506065,0.029406996641280898,0.934420334358213
25007,34007,Low,Low,0.03393767646106177,0.916923597334285,0.04913872620465325
13048,22048,Medium,Medium,0.03305176240626204,0.03612478061518822,0.9308234569785497
4328,13328,High,High,0.8741394201784072,0.037335438801544295,0.08852514102004842
10485,19485,High,High,0.9296287318107949,0.02854871039570983,0.04182255779349529
13314,22314,Medium,Medium,0.029294588509949995,0.028481109763159276,0.9422243017268906
13203,22203,High,High,0.9309708774025639,0.02882680683337575,0.040202315764060394
26036,35036,High,High,0.9324255079718774,0.027961817788168256,0.03961267423995432
6684,15684,Low,Low,0.039088670844980536,0.9094955848031595,0.05141574435185994
18104,27104,Low,Low,0.032839554639274494,0.8242264791394843,0.14293396622124124
38695,47695,High,High,0.9184040469636064,0.029248765688253412,0.052347187348140124
8030,17030,High,High,0.6375774250918507,0.052166581669421265,0.31025599323872805
25504,34504,High,High,0.9268843118660323,0.03269062575027986,0.04042506238368796
34023,43023,Medium,Medium,0.032807951677267924,0.030208998531304248,0.9369830497914279
7309,16309,Medium,Medium,0.03393750066767029,0.030892158012153153,0.9351703413201765
23593,32593,Medium,Medium,0.03441960779455735,0.030906011622422156,0.9346743805830205
3444,12444,Medium,Medium,0.03144116439535705,0.028272002787274323,0.9402868328173687
12802,21802,Low,Low,0.029798462775533465,0.9302639515200073,0.03993758570445923
5122,14122,High,High,0.9301036144464758,0.029503951082818478,0.04039243447070579
18656,27656,Low,Low,0.03284066589012134,0.9203623827271198,0.046796951382758835
1445,10445,Medium,Medium,0.041644536049173016,0.031239423140320872,0.9271160408105062
38757,47757,High,High,0.9302726726191887,0.027931982332245132,0.041795345048566225
15431,24431,Medium,Medium,0.03149635597761786,0.032473947019917265,0.9360296970024647
291,9291,Low,Low,0.028771053266326386,0.9315050240309541,0.039723922702719384
20921,29921,Low,High,0.9304866780877288,0.028730514733057665,0.040782807179213613
30273,39273,High,High,0.9110029684100521,0.03202036512689133,0.0569766664630565
33250,42250,Medium,Medium,0.031676772040698624,0.03988157033871496,0.9284416576205864
1622,10622,Medium,High,0.891129165568779,0.036102421331018535,0.07276841310020248
20818,29818,Medium,Medium,0.038807928961187496,0.03228954736097707,0.9289025236778355
34761,43761,High,High,0.7671761315234636,0.03949525851978683,0.19332860995674947
14669,23669,Medium,Medium,0.0347555254164705,0.03643975439017439,0.9288047201933551
18343,27343,Medium,Medium,0.030860639964060802,0.030536170263801548,0.9386031897721376
8230,17230,Medium,Medium,0.03672112578972798,0.04911452413167719,0.9141643500785949
11330,20330,Low,Low,0.03012721114517389,0.9296343462342181,0.040238442620607995
33712,42712,High,Medium,0.030358200336182917,0.030105717729275967,0.939536081934541
14114,23114,Medium,Medium,0.030207732300028562,0.029160618220596374,0.9406316494793749
17159,26159,Low,Low,0.03133665373995808,0.9245993847772739,0.04406396148276803
2179,11179,Medium,Medium,0.0318343476252302,0.031224995392108258,0.9369406569826616
20963,29963,Medium,Medium,0.030764763960010554,0.030794404954939552,0.93844083108505
8461,17461,Medium,Medium,0.03551904246505505,0.04070484637903766,0.9237761111559073
1440,10440,Medium,Medium,0.03460621941950578,0.03278215655725175,0.9326116240232425
14687,23687,Medium,Medium,0.04481334245233231,0.03165965449384874,0.923527003053819
22684,31684,Low,Low,0.031825237155399165,0.9034921175573939,0.064682645287207
27946,36946,Medium,Medium,0.029671420619705,0.030465780994967565,0.9398627983853274
1080,10080,Medium,Medium,0.04208048240447911,0.03937343388134198,0.9185460837141788
4399,13399,High,Medium,0.039771156815347264,0.03528777410641691,0.9249410690782359
10879,19879,Low,Low,0.029087063395057566,0.9314407023722996,0.039472234232642865
5235,14235,Medium,Medium,0.03518754996247304,0.035888689274014035,0.9289237607635129
33565,42565,Medium,Medium,0.033103024468168145,0.39809988438413163,0.5687970911477003
2956,11956,Low,Low,0.031088898485387734,0.9275982308281513,0.041312870686460994
39899,48899,Medium,Medium,0.030197106224075416,0.03054090507106001,0.9392619887048644
22564,31564,Medium,Low,0.03252145757704339,0.9275966483604939,0.03988189406246262
24785,33785,Medium,Medium,0.029530671478648875,0.028753548197275717,0.9417157803240753
29327,38327,High,High,0.8706418741753724,0.04040463079987447,0.0889534950247532
27487,36487,Low,Low,0.02880780496820695,0.9305047581917764,0.040687436840016654
29049,38049,Low,Low,0.03019765274207199,0.929450916853992,0.04035143040393618
11593,20593,Medium,Medium,0.03608424944949101,0.029896390081235232,0.9340193604692737
14368,23368,Medium,Medium,0.030148938368788042,0.033379369790236556,0.9364716918409753
32198,41198,Medium,Medium,0.03272863302306825,0.0315858419199349,0.9356855250569969
36396,45396,Medium,Medium,0.02967020229299086,0.030336137815351338,0.9399936598916577
9434,18434,Low,Low,0.029808495247528835,0.9166292211847309,0.053562283567740336
29177,38177,High,High,0.9326433998462296,0.028094398088669675,0.0392622020651009
36658,45658,Low,Low,0.029189835509749417,0.9306648345442236,0.040145329946027104
4250,13250,Low,Low,0.03221099942568278,0.9239820986297248,0.043806901944592504
23112,32112,High,High,0.9287900455018355,0.029688647962659315,0.041521306535505155
22480,31480,High,High,0.9227750116877749,0.031948640453657105,0.045276347858567906
1836,10836,High,High,0.929955775922705,0.029288057671072346,0.04075616640622263
12204,21204,Medium,Medium,0.04280611921691512,0.036080282971583326,0.9211135978115016
6782,15782,Medium,Medium,0.03554508483624503,0.03513845219385243,0.9293164629699024
17790,26790,Medium,Medium,0.041708757157423525,0.03161111351199485,0.9266801293305816
38997,47997,High,High,0.9316369580580157,0.028677401418617354,0.03968564052336691
23253,32253,Medium,Medium,0.03913871425851284,0.08430250117590708,0.8765587845655801
10172,19172,Low,Low,0.030869836689506717,0.9061610661242198,0.06296909718627357
7543,16543,Medium,Medium,0.03192016615913551,0.03806462352937378,0.9300152103114908
6328,15328,Low,Medium,0.03359424262249313,0.038809240529822625,0.9275965168476842
19008,28008,Medium,Medium,0.030643168020626808,0.03392173981914053,0.9354350921602327
33770,42770,High,High,0.9303217421549151,0.029268241436978537,0.040410016408106264
33303,42303,Low,Low,0.029059520192892003,0.9311606345330299,0.03977984527407812
29704,38704,Low,Low,0.029855365308906215,0.9304005696485437,0.03974406504255024
6029,15029,Low,Low,0.030327841603038586,0.9282948682229084,0.04137729017405294
26655,35655,Medium,Medium,0.03324419663067423,0.029873608227054288,0.9368821951422716
10120,19120,Low,Low,0.030460761138810882,0.9290167894562061,0.04052244940498297
21109,30109,High,Low,0.028810704560335344,0.9311555746275837,0.040033720812080786
30709,39709,High,High,0.9172805035083961,0.0390108873519705,0.043708609139633425
28615,37615,Low,High,0.9298720491541355,0.02869448585160646,0.04143346499425792
4056,13056,Low,Medium,0.03477280926259732,0.12282680157503849,0.8424003891623641
29920,38920,Medium,Low,0.03125437931070541,0.9288386202253919,0.0399070004639027
20510,29510,Low,Low,0.03185310538825387,0.9059831589081709,0.062163735703575244
26892,35892,High,High,0.9328988230758042,0.028071125348605997,0.03903005157558976
27324,36324,High,High,0.9295705988731185,0.028035880984911613,0.042393520141969836
31063,40063,Low,Medium,0.029206513419590133,0.034476441832940304,0.9363170447474696
32223,41223,Medium,Medium,0.034716507844612096,0.154829176695928,0.8104543154594599
13622,22622,Medium,Medium,0.03293110506053554,0.0336430994947353,0.9334257954447293
19772,28772,High,High,0.9306200492789624,0.028861357892681353,0.04051859282835631
33515,42515,Medium,Medium,0.03082969906802664,0.028573603160234818,0.9405966977717385
6940,15940,Low,Low,0.02892625209121738,0.9283976057970879,0.04267614211169479
35069,44069,Low,Low,0.02905442153862697,0.9307418701942693,0.040203708267103656
39763,48763,Medium,Medium,0.029224247749068982,0.030535828057721908,0.9402399241932091
1647,10647,High,High,0.9325685443440079,0.027763714051031656,0.03966774160496053
17915,26915,Medium,Medium,0.029717022207105957,0.03064670112012341,0.9396362766727706
14577,23577,Medium,Medium,0.033896313098089825,0.03700090166645778,0.9291027852354524
9117,18117,High,High,0.9272611317712416,0.029247263874517173,0.043491604354241285
38479,47479,Low,Low,0.030041208456041617,0.9276551222021133,0.04230366934184506
26017,35017,Medium,Medium,0.030456813074790288,0.0311553388425508,0.9383878480826588
27208,36208,Low,Low,0.031379909566053334,0.9172562804624228,0.051363809971523754
17613,26613,High,High,0.9260227182875646,0.03117388201779674,0.04280339969463878
33429,42429,Low,Low,0.029492887155360595,0.9199086995383158,0.05059841330632353
27966,36966,Medium,Medium,0.030399870095655406,0.03214426630698533,0.9374558635973592
27312,36312,High,High,0.9249677372505319,0.032249013000856044,0.042783249748611994
4985,13985,Medium,Medium,0.030115556107061518,0.03214463580505509,0.9377398080878834
23481,32481,Low,Low,0.02878456941740908,0.9312171725778984,0.03999825800469239
36038,45038,Low,Low,0.029410244969192936,0.9288165376242891,0.041773217406518015
12638,21638,Medium,Medium,0.035496360484769555,0.03163979681838396,0.9328638426968464
23162,32162,Medium,Medium,0.029372895505813724,0.02838512148382417,0.9422419830103621
1005,10005,Medium,High,0.9290800053669828,0.029953213094443387,0.0409667815385737
4268,13268,Low,Medium,0.03674807291506022,0.029253757595853868,0.9339981694890858
22083,31083,High,High,0.9274627503797207,0.029050512494380735,0.04348673712589857
25427,34427,Medium,Medium,0.03481381554800294,0.03310715565989065,0.9320790287921064
30526,39526,Medium,Medium,0.031941561745603836,0.0303367688986442,0.937721669355752
3990,12990,Medium,Medium,0.035080107849701565,0.04446430838183521,0.9204555837684633
5250,14250,Medium,Medium,0.03256475756852907,0.04359336058223582,0.9238418818492352
35558,44558,Low,Low,0.029648637203364386,0.928130818924811,0.042220543871824535
13359,22359,Low,Low,0.031008997972271576,0.9255051335608432,0.04348586846688524
28043,37043,Medium,Medium,0.034344354306586326,0.030340937724350855,0.9353147079690628
9303,18303,Medium,Medium,0.03988206188893663,0.0396852074106527,0.9204327307004107
11704,20704,Medium,Medium,0.03561959683716679,0.03762170764808659,0.9267586955147467
14176,23176,High,High,0.9282479128763397,0.031096415907188885,0.040655671216471435
21429,30429,Low,Low,0.033343435668220636,0.9063976163456933,0.060258947986086185
26404,35404,Low,Low,0.03817633706613949,0.9146181296882627,0.04720553324559785
21606,30606,High,High,0.930843680872771,0.029148468735984135,0.040007850391244874
23351,32351,Medium,Medium,0.03407968285369948,0.03459663426244966,0.9313236828838508
27600,36600,High,High,0.9323967031818635,0.028192902717561624,0.03941039410057486
9174,18174,Medium,Medium,0.030085281525578673,0.03064791065883263,0.9392668078155886
31974,40974,Low,Low,0.029075706182525484,0.9288024274671383,0.042121866350336185
11052,20052,Medium,Medium,0.03159376652870151,0.033219764936322733,0.9351864685349757
36487,45487,High,High,0.9308267430904601,0.02883234513733673,0.04034091177220315
34163,43163,Medium,Low,0.029579670223145223,0.9148852579726331,0.0555350718042216
22333,31333,High,High,0.9326687854803257,0.028102475354512768,0.03922873916516156
38472,47472,Medium,Medium,0.03158425380189865,0.03071647537546529,0.9376992708226362
10924,19924,Low,Low,0.031196290790576356,0.9030330254231288,0.06577068378629485
37269,46269,Low,Low,0.029512187200279028,0.9275737390253883,0.042914073774332685
37707,46707,Low,Low,0.03315891123808675,0.9257255426128471,0.04111554614906609
38939,47939,Medium,Medium,0.03154323162013419,0.02875285593272026,0.9397039124471456
9549,18549,Medium,Medium,0.03351879412786709,0.03135519587784888,0.935126009994284
22350,31350,Medium,Medium,0.03235326178612657,0.029478463601823834,0.9381682746120497
20781,29781,Medium,Medium,0.038684786688458116,0.03498843988457776,0.9263267734269641
11293,20293,High,High,0.9310656789143931,0.029335886910190748,0.039598434175416135
28388,37388,Low,Low,0.029729304961905335,0.930913589174439,0.03935710586365564
10944,19944,Medium,Medium,0.03582652842458929,0.03717018580289149,0.9270032857725191
15782,24782,High,High,0.9283844624873253,0.02953894152160846,0.04207659599106622
32836,41836,Medium,Medium,0.09939713770625469,0.03543132013222785,0.8651715421615175
18573,27573,Medium,Medium,0.030099533036146365,0.0287830765711382,0.9411173903927154
14183,23183,Medium,Medium,0.04264316023188646,0.029853736629199004,0.9275031031389145
15844,24844,Medium,Medium,0.03195334488304593,0.029134051915631908,0.9389126032013221
13837,22837,High,High,0.9301391082843872,0.02975883848962509,0.04010205322598776
27114,36114,Medium,Medium,0.035223525568926495,0.034103529864883984,0.9306729445661895
5561,14561,Medium,Medium,0.03786702491011393,0.030066728666058046,0.932066246423828
6057,15057,High,High,0.9284594694754634,0.028855477182729305,0.042685053341807444
1701,10701,Medium,Medium,0.03566271618711201,0.03012159252894649,0.9342156912839416
34511,43511,Low,Low,0.02866948260357827,0.9320954026444223,0.03923511475199949
27226,36226,Low,Low,0.03021073794963385,0.9251495169221098,0.04463974512825638
16091,25091,High,High,0.9269868605810251,0.03095572420888669,0.04205741521008816
5070,14070,Low,Low,0.0312446512113502,0.9276862398895761,0.041069108899073704
24320,33320,Medium,Medium,0.02901227289965318,0.03220371140038541,0.9387840156999614
1113,10113,Low,Low,0.03348705110490242,0.9252521717638057,0.04126077713129193
18276,27276,Medium,Medium,0.044651475473939155,0.03741540083778285,0.917933123688278
13265,22265,High,High,0.9274671392960961,0.02956823731555111,0.042964623388352774
10232,19232,High,High,0.9218515243531501,0.0320062498482065,0.046142225798643445
26982,35982,Medium,Medium,0.032367976628976496,0.029277853379818263,0.9383541699912051
19919,28919,Low,Low,0.06835146950300852,0.8576877814031464,0.0739607490938451
34440,43440,Low,Low,0.029078493405850423,0.9308675567682404,0.040053949825909235
810,9810,Low,Low,0.03210044468713626,0.9236526055330957,0.04424694977976807
9018,18018,Medium,Medium,0.04130122875842247,0.03175413029804885,0.9269446409435287
16319,25319,High,High,0.9314217585733808,0.029139227622441626,0.03943901380417745
37524,46524,Medium,Medium,0.032337428184918436,0.044084763481742395,0.9235778083333392
37842,46842,Low,Low,0.031249133433302323,0.9216593268446801,0.047091539722017635
31018,40018,High,High,0.9220450234000278,0.03066567787458321,0.04728929872538907
5512,14512,High,High,0.9325425665958201,0.027679649030681226,0.039777784373498694
11307,20307,Medium,Medium,0.03372836977584124,0.03121703587129498,0.9350545943528639
1360,10360,Medium,Medium,0.02974722778968796,0.03034171949991019,0.9399110527104019
22671,31671,High,High,0.9322039794863367,0.028442584132660893,0.03935343638100242
36296,45296,Medium,Medium,0.03730194455732163,0.36971758431598367,0.5929804711266946
29620,38620,Medium,Medium,0.0392077986489405,0.03252061316972971,0.9282715881813298
39586,48586,Medium,Medium,0.03667096418854038,0.04381275737993238,0.9195162784315274
22901,31901,Medium,Medium,0.02998729996416441,0.045358600537997645,0.9246540994978378
33407,42407,High,Medium,0.031095712067270586,0.03048670110481246,0.9384175868279169
27202,36202,Low,Low,0.03218437206901664,0.925925151385632,0.04189047654535124
31301,40301,Medium,Medium,0.049570958202242395,0.03237162052467905,0.9180574212730787
14784,23784,Medium,High,0.9302352845081484,0.02972083820180108,0.04004387729005042
22992,31992,Medium,Medium,0.029311071861709958,0.028920207040702247,0.9417687210975879
6636,15636,High,Medium,0.03110252257764921,0.030532980280969995,0.9383644971413808
35616,44616,Medium,Medium,0.0355179503362765,0.029890063306811394,0.9345919863569122
29002,38002,Medium,Medium,0.030821878110338003,0.028388802151732315,0.9407893197379297
9423,18423,Low,Low,0.0317514059731372,0.9245191685830288,0.043729425443833896
16742,25742,Medium,Medium,0.03926376933576891,0.03913357232203105,0.9216026583422
5589,14589,Medium,Medium,0.03051974792629226,0.028591616076494557,0.9408886359972133
31535,40535,Low,Low,0.030169785293770752,0.9266799900350664,0.04315022467116284
26008,35008,Low,Low,0.030661673038034024,0.9222080089977899,0.04713031796417616
8363,17363,High,High,0.9289308126137424,0.031086050150906663,0.03998313723535101
29181,38181,Medium,Medium,0.03917491100268663,0.03545307107757503,0.9253720179197383
11105,20105,Medium,Medium,0.03263394606014351,0.02826131071194085,0.9391047432279156
37483,46483,Medium,Medium,0.034297316758799594,0.0318983842819823,0.9338042989592181
5925,14925,Low,Low,0.032597053471888175,0.9238771563597744,0.043525790168337436
19509,28509,Medium,Medium,0.03269312317807292,0.028634325750930206,0.9386725510709969
12277,21277,High,High,0.9326855375281236,0.027894238945500426,0.039420223526375885
13917,22917,Medium,Medium,0.03136754367012748,0.03229761678441868,0.9363348395454539
38575,47575,High,High,0.930305021203005,0.02823827590999796,0.0414567028869969
32850,41850,High,High,0.9287904693146646,0.03139630054683198,0.03981323013850344
38364,47364,High,Low,0.03223424310077981,0.9262090154735235,0.041556741425696514
15511,24511,Low,Low,0.03023209713463371,0.9233744136546403,0.04639348921072597
25638,34638,Medium,Medium,0.031258580978542456,0.03192663146283622,0.9368147875586214
32014,41014,Low,Low,0.029111756016165603,0.9302047301511597,0.04068351383267466
484,9484,High,Medium,0.03621849875499945,0.034461694858343855,0.9293198063866566
16060,25060,Medium,Medium,0.03066998599578567,0.031819117234742185,0.9375108967694721
10985,19985,Medium,Medium,0.03164896856653061,0.030541233702989917,0.9378097977304796
27130,36130,Medium,Medium,0.03541910824035402,0.03522264780524098,0.9293582439544049
32547,41547,Medium,Medium,0.05120897269692265,0.05176877363851388,0.8970222536645635
39341,48341,High,High,0.9317596120331921,0.028088489555996087,0.04015189841081177
4491,13491,Medium,Medium,0.031814932730159326,0.03084882710391545,0.9373362401659252
31996,40996,High,High,0.9319684096694063,0.02835647056789073,0.039675119762703076
10368,19368,High,High,0.9271463971155586,0.030589075215249475,0.042264527669191976
2348,11348,Medium,Medium,0.04576354596492116,0.031268219789672126,0.9229682342454066
22449,31449,Medium,Medium,0.03075157103110597,0.030563518910183694,0.9386849100587104
37332,46332,High,Medium,0.030621389631448986,0.029534688028141895,0.9398439223404091
25164,34164,Medium,High,0.9296535205461561,0.02830951199390101,0.04203696745994293
13279,22279,Low,Low,0.030619578864000612,0.9272741829709635,0.04210623816503586
27040,36040,High,High,0.9019058620953343,0.05670150407231109,0.04139263383235462
18480,27480,High,Medium,0.039677548053611,0.05021665926350893,0.91010579268288
35885,44885,Medium,Medium,0.03060172650584497,0.032657261326609406,0.9367410121675457
14523,23523,High,Medium,0.0380558644248973,0.031139988932841228,0.9308041466422615
5081,14081,High,High,0.9296630529729994,0.02953016914315328,0.040806777883847324
5655,14655,Low,Low,0.046450836802591884,0.8987422046343254,0.05480695856308268
13489,22489,High,High,0.9261222218359575,0.032831829471387054,0.04104594869265546
18068,27068,Low,Low,0.03767252200597105,0.9210846878960047,0.04124279009802421
35854,44854,Low,Low,0.02885095640326579,0.9311051728242953,0.04004387077243892
25245,34245,High,Low,0.037264991635338716,0.9206711362576369,0.04206387210702447
11235,20235,High,High,0.9129640150676215,0.045883349441324474,0.041152635491054114
36950,45950,High,High,0.9325199892423036,0.02792564837290309,0.039554362384793325
38741,47741,High,High,0.9294724736636738,0.02958341038136188,0.04094411595496428
36979,45979,Medium,Medium,0.028927660389858872,0.02825908607665723,0.9428132535334838
38491,47491,Medium,Medium,0.03090662828016061,0.029409951678486895,0.9396834200413524
18265,27265,Medium,Medium,0.03937614512359209,0.03186078600690651,0.9287630688695013
14701,23701,Low,Low,0.03368496249451896,0.5554852653110286,0.4108297721944525
11400,20400,Medium,Medium,0.03352163856002031,0.029592799298974168,0.9368855621410055
32253,41253,High,High,0.9289957799056618,0.027907434430964783,0.04309678566337336
26238,35238,High,High,0.9232685979739704,0.028112541159383473,0.048618860866646046
12744,21744,Low,Low,0.029537783807979334,0.9274392708844568,0.04302294530756384
39160,48160,Medium,Medium,0.03163720286256634,0.03169394533125156,0.9366688518061821
21417,30417,Low,Low,0.029168370711662825,0.9305921633065487,0.04023946598178851
11066,20066,Medium,Medium,0.03213436673661032,0.029767285333920725,0.938098347929469
39636,48636,Low,Low,0.031059727753139903,0.9127714121718697,0.05616886007499036
36169,45169,Medium,Medium,0.03266779518095209,0.030753436872635275,0.9365787679464126
4861,13861,Medium,Medium,0.03494041836346285,0.3582799821764808,0.6067795994600563
15986,24986,High,High,0.9306825462415517,0.028957850370229975,0.04035960338821839
25825,34825,Low,Low,0.02903564072323069,0.9313352412367584,0.03962911804001098
11223,20223,Low,Low,0.02905518305609749,0.9310585438546234,0.03988627308927904
27712,36712,Medium,Medium,0.033723761592303364,0.03163522165995522,0.9346410167477415
1198,10198,Medium,Medium,0.03726711646035788,0.04056614338375296,0.9221667401558892
35751,44751,Medium,Medium,0.035156571755810044,0.029370975659400413,0.9354724525847896
771,9771,Medium,Medium,0.03187828338481701,0.10696094834855019,0.8611607682666328
6781,15781,Medium,Medium,0.05193420078473778,0.03339323077570846,0.9146725684395537
19593,28593,Medium,Medium,0.044138767568375536,0.0320098353010412,0.9238513971305832
33826,42826,Low,Low,0.028762184241356254,0.9311473767107165,0.04009043904792731
13487,22487,High,High,0.9327477411803704,0.02774609014308894,0.0395061686765406
26801,35801,Medium,Medium,0.03167510986646709,0.046962657453519886,0.9213622326800129
35757,44757,Medium,Medium,0.03364959685196987,0.036607550125245976,0.929742853022784
27562,36562,Low,Low,0.0300213810563971,0.9222168214373335,0.047761797506269445
10390,19390,High,High,0.9147135545099063,0.030384747302815943,0.0549016981872778
32868,41868,Medium,Medium,0.04578057863529752,0.036553076192974744,0.9176663451717277
35851,44851,Medium,Medium,0.03285651950625638,0.030798416889241297,0.9363450636045023
2321,11321,Low,Low,0.029333218952161757,0.9261004785170494,0.044566302530788804
20400,29400,Medium,Medium,0.059078023252459845,0.028977205700185218,0.9119447710473549
28575,37575,Medium,Medium,0.033897725638332425,0.03245533709518046,0.9336469372664871
12493,21493,High,High,0.932447578151607,0.02820432631896298,0.039348095529429965
35877,44877,High,High,0.928749653940902,0.02927245581621792,0.04197789024288004
38262,47262,Medium,Medium,0.03372245559969699,0.03550352134487165,0.9307740230554313
32594,41594,Low,Low,0.03430989499369143,0.9229107908830351,0.04277931412327358
24457,33457,Medium,Medium,0.03406585074718871,0.0383785274889998,0.9275556217638115
23991,32991,Low,Low,0.032399896126357776,0.9278046177057656,0.0397954861678766
39973,48973,Low,Medium,0.03705935929324545,0.04036859060286377,0.9225720501038909
2599,11599,Medium,Medium,0.03851900563318922,0.04426664728562082,0.91721434708119
13778,22778,Medium,Medium,0.033952058521461055,0.030005288248431617,0.9360426532301073
436,9436,Low,Low,0.028845077128411337,0.9287765896290826,0.04237833324250594
31439,40439,High,High,0.9288250346288329,0.029561003110028582,0.04161396226113848
3419,12419,High,Low,0.029570810557710926,0.9301591119191315,0.04027007752315767
27121,36121,High,High,0.9300758364609104,0.02835756612529376,0.041566597413795724
16971,25971,Low,Low,0.03266053721935197,0.9214906757594884,0.04584878702115963
36029,45029,Low,Low,0.0313010965865905,0.9270810660404695,0.041617837372939975
5213,14213,High,High,0.9314323833244358,0.02866974547054935,0.03989787120501492
29278,38278,Medium,Medium,0.03684933394551566,0.03313680645583092,0.9300138595986533
22189,31189,High,High,0.931880809702914,0.028270461023892496,0.03984872927319356
26721,35721,Low,Low,0.030655787110493854,0.8978193400999563,0.07152487278954987
37611,46611,High,High,0.9293820117692603,0.028375797804960887,0.04224219042577879
36543,45543,Medium,Medium,0.031777188158385934,0.03180177984883481,0.9364210319927793
30480,39480,Medium,Medium,0.029135558760272146,0.02909468803070278,0.9417697532090251
34781,43781,Medium,Medium,0.03560812432824217,0.032950106007257667,0.9314417696645002
27363,36363,Low,Low,0.030240578824671127,0.9274789924688772,0.04228042870645173
30500,39500,Medium,High,0.6895638965316512,0.032787319748906384,0.2776487837194425
37329,46329,High,High,0.9279310154842504,0.03109369016822211,0.040975294347527565
29998,38998,High,High,0.9289196979124988,0.029221794990521095,0.04185850709698017
36085,45085,Low,Low,0.029899077245608047,0.928116045824175,0.04198487693021691
34797,43797,Medium,Medium,0.029778565580394004,0.029085379710416776,0.9411360547091893
3752,12752,High,High,0.9278847684916789,0.02915529556002056,0.0429599359483006
11100,20100,Medium,Medium,0.034467042167532436,0.03132465166447936,0.9342083061679882
31216,40216,Medium,Medium,0.039456788620389406,0.2605442386117716,0.6999989727678391
4060,13060,High,High,0.9322306383680593,0.028023180410539448,0.03974618122140141
19464,28464,Low,Low,0.028642457631098444,0.9316776714546667,0.039679870914234874
37025,46025,Low,Low,0.031845096246221775,0.9246575307430431,0.043497373010735065
23560,32560,Low,Low,0.044975266100382445,0.7577122426309107,0.19731249126870676
15587,24587,Medium,Medium,0.08740498990178143,0.033870929737431436,0.8787240803607871
25793,34793,Low,Low,0.033003594120844526,0.8616708801747448,0.10532552570441066
24931,33931,Low,Low,0.028759028152164624,0.9319146720019305,0.03932629984590505
29655,38655,High,High,0.9299297908930791,0.029961557653219447,0.040108651453701405
9600,18600,Low,Low,0.029917430050438593,0.9287317584808771,0.04135081146868439
14825,23825,Low,Low,0.029312429518173897,0.9304460151228926,0.040241555358933534
38580,47580,Medium,Medium,0.031292947209893146,0.029647641105246102,0.9390594116848606
31712,40712,Medium,Medium,0.04449604469533294,0.03893385008290954,0.9165701052217575
31681,40681,High,High,0.7842301100584118,0.07724762561832646,0.13852226432326173
35080,44080,High,Medium,0.03150240590412546,0.03030183331613158,0.938195760779743
29566,38566,High,High,0.930591610716665,0.028127763024294875,0.04128062625904009
15940,24940,High,High,0.9047098279168647,0.05150632523612298,0.04378384684701225
36482,45482,Low,Low,0.036822965609439394,0.9227537919502437,0.040423242440316996
31399,40399,Low,Low,0.03629773941831623,0.9165873175651665,0.047114943016517204
32578,41578,Medium,Medium,0.04290454767738467,0.10063672206458123,0.8564587302580341
15409,24409,Medium,Medium,0.02907196696453845,0.030277789065384236,0.9406502439700773
1689,10689,Medium,Medium,0.02971912541285321,0.029326290356605524,0.9409545842305413
31988,40988,High,High,0.918133354275478,0.031385757551782266,0.05048088817273958
39549,48549,High,High,0.9309449769849149,0.02861799747023477,0.040437025544850375
33063,42063,High,High,0.9304032697219179,0.0289189213365052,0.040677808941576805
5458,14458,Medium,Medium,0.037663267916699265,0.23118343615760784,0.7311532959256928
1985,10985,Medium,Medium,0.034181640096121985,0.03269526236537864,0.9331230975384993
7723,16723,Low,High,0.931929447475165,0.02828769608099561,0.03978285644383928
9989,18989,Low,Low,0.029247735326415076,0.9147165888696346,0.05603567580395042
13249,22249,Medium,Medium,0.02875480649439047,0.028003776817236394,0.9432414166883731
4749,13749,Low,Low,0.030590887513625747,0.9097707478567164,0.059638364629657825
35422,44422,Medium,Medium,0.035753776027662526,0.035207640124607385,0.9290385838477301
6982,15982,High,High,0.9320390308301792,0.028334666124110532,0.03962630304571028
5748,14748,Medium,Medium,0.03399674355016486,0.028960367733292375,0.9370428887165428
38229,47229,High,High,0.9327406834175308,0.02763356509936786,0.039625751483101435
16670,25670,Medium,Medium,0.0455312255450526,0.044093011207225495,0.910375763247722
12960,21960,High,High,0.6438769702044072,0.03308599490458053,0.3230370348910123
31338,40338,High,High,0.9226743727913127,0.030036727666318323,0.047288899542368985
24040,33040,High,High,0.9306484655730171,0.028513734365235372,0.04083780006174754
30408,39408,Medium,Medium,0.05793986041991478,0.032069674499003636,0.9099904650810817
24115,33115,Low,Low,0.036100579381491193,0.9224330603412643,0.04146636027724455
21652,30652,Medium,Medium,0.07001165402049922,0.03274885916095893,0.8972394868185418
28395,37395,Medium,Low,0.029505926064010535,0.9055848368342625,0.06490923710172687
29956,38956,Medium,Medium,0.032974743307717984,0.04010808398723605,0.9269171727050459
8251,17251,Medium,Medium,0.0328566691090105,0.04872053373209928,0.9184227971588902
14976,23976,Low,Low,0.030423092386235463,0.9135013269799225,0.05607558063384203
32598,41598,High,High,0.914226978165971,0.044834088056263016,0.040938933777765994
12007,21007,High,Medium,0.033187301262162884,0.03237123170636516,0.9344414670314721
38142,47142,Medium,Medium,0.03273191900584784,0.03537089383067224,0.93189718716348
21978,30978,High,Low,0.03223536346264639,0.9231804289076102,0.04458420762974342
20311,29311,Medium,Medium,0.03591716888284667,0.029808641740092474,0.9342741893770609
4800,13800,High,High,0.9287655820512871,0.029278968586879044,0.04195544936183373
7140,16140,Medium,Medium,0.03267682303315649,0.03139025884313917,0.9359329181237044
15479,24479,Medium,Medium,0.03125909693262811,0.029631123436780326,0.9391097796305917
2002,11002,Medium,Medium,0.03390227950472554,0.03109684468921994,0.9350008758060545
4997,13997,High,High,0.9290784443428692,0.030782907882404384,0.04013864777472637
17068,26068,High,High,0.9302837423142742,0.028333053085332138,0.04138320460039358
32876,41876,Low,Low,0.029895589293247055,0.922980492109776,0.04712391859697699
24170,33170,Low,Low,0.04417486563823455,0.914882471066714,0.04094266329505148
29973,38973,Medium,Medium,0.03116674635629743,0.030046444614343682,0.9387868090293588
2047,11047,Low,Low,0.030890383194863296,0.806584578270012,0.16252503853512468
17181,26181,Low,Medium,0.03820031711333249,0.1391559400143473,0.8226437428723202
11670,20670,Low,Low,0.0304011348141886,0.9297201106655245,0.03987875452028683
28228,37228,High,High,0.9192732436858021,0.030250746920043346,0.05047600939415454
24960,33960,Medium,Medium,0.035121705936312655,0.04080775352041014,0.9240705405432772
12352,21352,Low,Low,0.028720830065128183,0.9320102763137648,0.03926889362110708
12458,21458,High,High,0.9316525982285212,0.028309519493905727,0.040037882277573045
17318,26318,Low,Low,0.029781795831860525,0.9287989046511944,0.04141929951694502
25543,34543,High,High,0.9319671276052572,0.028356871140053252,0.039676001254689536
9379,18379,Low,Low,0.03511052324791936,0.9130616614424655,0.051827815309615166
16633,25633,Medium,Medium,0.032393300384223174,0.03088993904696845,0.9367167605688085
31780,40780,Low,Low,0.02942945228840577,0.931374591235139,0.0391959564764552
32744,41744,Medium,Medium,0.04116098076617511,0.043727781264100894,0.9151112379697239
3439,12439,Medium,Medium,0.05935771170358969,0.22984786204219698,0.7107944262542133
22698,31698,High,High,0.9325770934230667,0.028435020179636904,0.03898788639729645
7304,16304,Low,Low,0.030021109651046898,0.9239100571521789,0.04606883319677412
4457,13457,Low,Low,0.029452789599295415,0.9308749959959113,0.03967221440479322
23194,32194,High,Medium,0.05033866784652665,0.030491033168763792,0.9191702989847096
12792,21792,High,High,0.9303399553564722,0.028087274225711768,0.041572770417816096
24220,33220,Medium,Medium,0.033415957062997007,0.028957314213354447,0.9376267287236485
1094,10094,Medium,Low,0.029107029125882936,0.9301419265281318,0.040751044345985414
23349,32349,Medium,Medium,0.030689312876446006,0.030805893496820794,0.9385047936267332
27065,36065,High,High,0.931367466709765,0.028830997410202328,0.03980153588003262
37383,46383,Medium,Medium,0.031237422759252818,0.030556835194208622,0.9382057420465385
5466,14466,Medium,Medium,0.030992216177175458,0.028569456385784068,0.9404383274370405
4322,13322,Medium,Medium,0.037708195590221864,0.06522643542749777,0.8970653689822804
25778,34778,Low,Medium,0.031284072159793876,0.03145436082941167,0.9372615670107943
35436,44436,High,High,0.9271023880316654,0.03191450411134098,0.04098310785699355
33294,42294,Medium,Medium,0.0352029382986186,0.0386605342994619,0.9261365274019194
38827,47827,Medium,Medium,0.032306695627113344,0.0350943628590663,0.9325989415138204
8486,17486,Medium,Medium,0.03128938024429501,0.03207878821251675,0.9366318315431883
22703,31703,Low,Low,0.02960817569107166,0.9279742780701131,0.04241754623881516
35958,44958,Medium,Low,0.030638278768059583,0.8744758157220301,0.09488590550991029
20043,29043,High,High,0.93186942450617,0.028794461758377327,0.039336113735452566
1799,10799,Low,Low,0.031004021996763043,0.9289713144458732,0.04002466355736367
9278,18278,Medium,Medium,0.030215644577056822,0.029799858854247536,0.9399844965686958
34028,43028,Medium,Medium,0.030024704304544125,0.03116153962707773,0.9388137560683781
10411,19411,Medium,Medium,0.03591896483483512,0.03440476739205973,0.9296762677731052
3217,12217,Low,Low,0.032958531641145504,0.92614029437607,0.04090117398278444
27651,36651,Low,Low,0.039057291658987005,0.9178959833672544,0.04304672497375856
26203,35203,Medium,Medium,0.03932415888261208,0.03528097563488284,0.925394865482505
6211,15211,Low,Low,0.028867403250670404,0.9320313808175684,0.039101215931761205
21823,30823,High,High,0.931870294760477,0.028550298755618056,0.03957940648390487
5890,14890,Medium,Medium,0.031352181802209104,0.03321553315141756,0.9354322850463733
26086,35086,High,High,0.9270090073963205,0.029437583231345866,0.043553409372333506
24894,33894,Medium,Medium,0.03255535790838424,0.031417983008653394,0.9360266590829625
1208,10208,Medium,Medium,0.030835036464683413,0.028854388342389167,0.9403105751929274
37490,46490,Medium,Medium,0.05578079959073803,0.04255617166224727,0.9016630287470146
27211,36211,High,High,0.9292909140309161,0.03010589901429024,0.04060318695479364
9271,18271,Low,Low,0.0338939676297288,0.9259048617107092,0.040201170659561976
6794,15794,High,High,0.9307864671786142,0.029007902011635504,0.04020563080975028
25754,34754,Medium,Medium,0.03565213849198822,0.03611261731840752,0.9282352441896043
34901,43901,Medium,High,0.924325075757058,0.0292351319609951,0.046439792281946925
2375,11375,Low,Low,0.03128098153819331,0.9019035366934199,0.06681548176838675
4760,13760,Low,Low,0.02898833560514418,0.928365559563154,0.04264610483170186
27005,36005,Medium,Medium,0.04416233968557207,0.031816862399182244,0.9240207979152456
11291,20291,Low,Low,0.029098904050892684,0.9304928482384337,0.04040824771067363
1120,10120,Medium,Medium,0.030623834342505384,0.03371563295431749,0.9356605327031772
22465,31465,Low,Low,0.028669046265557534,0.9320433447205275,0.039287609013914794
6037,15037,Medium,Medium,0.032480175069871754,0.03499910960802697,0.9325207153221013
32088,41088,High,High,0.9301849815269757,0.029941357641724273,0.03987366083130017
35209,44209,Low,Low,0.0293670913668853,0.9297465977034848,0.04088631092962988
11792,20792,Low,Low,0.028890696465496895,0.929953759454674,0.041155544079829194
28937,37937,High,High,0.6421662606656481,0.031828451680454686,0.3260052876538973
6356,15356,Medium,Medium,0.03058592743521071,0.03162763803941942,0.9377864345253699
35289,44289,Medium,Medium,0.03321888335050271,0.032016676853734,0.9347644397957633
19705,28705,High,High,0.9310833066432682,0.028641264283685786,0.04027542907304596
2068,11068,Medium,Medium,0.03535541353623354,0.032865071642940585,0.931779514820826
28459,37459,Medium,Medium,0.2601487589626331,0.03245817203512492,0.707393069002242
35051,44051,Medium,Medium,0.029801471356661446,0.028652065944760257,0.9415464626985782
39562,48562,Medium,Medium,0.03088838982958164,0.03422513456643896,0.9348864756039794
9023,18023,High,High,0.9317654297816201,0.0281775747893446,0.04005699542903518
21046,30046,Medium,Medium,0.038183404945009665,0.03142308675530805,0.9303935082996824
12245,21245,Medium,Medium,0.032264122582360576,0.028521114545854095,0.9392147628717854
654,9654,Low,Low,0.029720096925951105,0.9234713306156963,0.046808572458352626
1382,10382,Low,Low,0.031519130924349235,0.9199675180561103,0.04851335101954027
10968,19968,Medium,Medium,0.03831624202924894,0.03587851668540762,0.9258052412853434
13119,22119,Medium,Medium,0.029758724947930425,0.037170508297051395,0.9330707667550181
29736,38736,Low,Low,0.029422715752079647,0.9312103710513843,0.039366913196536214
33286,42286,Medium,Medium,0.1548154647126814,0.06280014102373441,0.7823843942635843
19394,28394,Low,Low,0.03158164015575184,0.9175473318647152,0.05087102797953306
2967,11967,Medium,Medium,0.03296046268196734,0.03658791455435562,0.9304516227636771
37967,46967,Low,Low,0.04029545312173832,0.9167247903951591,0.04297975648310248
31482,40482,Low,High,0.9255781603190409,0.03324062841119154,0.04118121126976757
34744,43744,Medium,Medium,0.033498759254735395,0.041125272131144655,0.92537596861412
82,9082,Medium,Medium,0.03632816006758213,0.031866029995778124,0.9318058099366398
16085,25085,Low,Low,0.033105723848219346,0.9206529562143461,0.04624131993743439
18437,27437,Medium,Medium,0.03463324521835759,0.03617729011026644,0.929189464671376
29095,38095,Low,Low,0.028958894678725183,0.9297705314608308,0.04127057386044417
15572,24572,High,High,0.932377475339312,0.028428155895962582,0.039194368764725394
26220,35220,Medium,Medium,0.031114619148805214,0.03019127578498641,0.9386941050662084
28508,37508,Low,Low,0.02961279194499955,0.9108751737669875,0.05951203428801285
39661,48661,Medium,Medium,0.028947359236002963,0.029377375973796582,0.9416752647902005
15277,24277,Medium,Medium,0.06071688518470525,0.03274614897443293,0.9065369658408619
7869,16869,High,High,0.9279533490891881,0.03154364897622797,0.04050300193458388
37296,46296,Medium,Medium,0.03692011266740724,0.036244822093015945,0.9268350652395768
38668,47668,High,High,0.9315958557323792,0.028617239953761742,0.03978690431385917
8282,17282,Medium,Medium,0.043112199779896145,0.034465520338874685,0.9224222798812293
31981,40981,Low,Low,0.03267743272605095,0.8939079496993686,0.07341461757458041
4006,13006,High,High,0.9295414891176023,0.030226315919977348,0.04023219496242053
11497,20497,Medium,Medium,0.029277375842692206,0.02975208366435401,0.9409705404929539
12116,21116,Low,Low,0.029204143748530254,0.9291221618036728,0.04167369444779684
27133,36133,Low,Low,0.02925553064573057,0.9122345681813789,0.05850990117289059
35565,44565,Low,Low,0.031199976326245032,0.9251717989945871,0.04362822467916783
25612,34612,Medium,Medium,0.03399412726592491,0.03245638807302542,0.9335494846610497
18483,27483,Medium,Medium,0.03741798960693787,0.030159184886056012,0.9324228255070062
13425,22425,Medium,Medium,0.03376047848005567,0.030487991431079997,0.9357515300888642
34001,43001,Medium,Low,0.033786600514005304,0.880415721579717,0.08579767790627758
7452,16452,Medium,Medium,0.030865072562823986,0.03088788513541903,0.9382470423017569
13505,22505,Low,Low,0.033649051494115866,0.866334792345414,0.1000161561604701
24251,33251,High,High,0.9209656362813742,0.03237861527893327,0.046655748439692446
28669,37669,Medium,Medium,0.05120754181979618,0.03888931042812402,0.9099031477520798
24927,33927,Low,Low,0.02916956868957626,0.930804760317795,0.04002567099262868
4394,13394,Medium,Low,0.037696684782441925,0.5951181106663023,0.3671852045512558
24475,33475,Medium,Medium,0.04362560467224295,0.032007704541393116,0.924366690786364
21755,30755,Low,Low,0.03041897720565565,0.9264051100022507,0.04317591279209382
7786,16786,Medium,Medium,0.02958550785783055,0.02838237867377351,0.9420321134683961
16772,25772,Medium,Medium,0.3716306487740923,0.03973603198485779,0.5886333192410499
29664,38664,Low,Low,0.029479100947985896,0.9284903431045176,0.04203055594749661
24189,33189,Low,Low,0.030995061651743126,0.9282542814767146,0.040750656871542335
18913,27913,Medium,Medium,0.03324183517850291,0.03571077105097395,0.9310473937705231
16795,25795,Low,Low,0.02906317451864597,0.9316472785681773,0.03928954691317671
20598,29598,Medium,Medium,0.035977686709863364,0.031118644548479967,0.9329036687416566
35177,44177,High,High,0.9277276530823165,0.02913202142459757,0.043140325493085975
14006,23006,High,High,0.9289537255725318,0.030150164312126543,0.04089611011534181
27316,36316,Medium,Medium,0.03406557900573551,0.050997113101449276,0.9149373078928152
5516,14516,Low,Low,0.030754969759390068,0.9235462841041505,0.045698746136459266
4722,13722,Medium,Medium,0.031768716462146414,0.03242299209749477,0.9358082914403588
21116,30116,High,High,0.9266196199084226,0.03131016594619306,0.042070214145384255
26353,35353,Medium,Medium,0.036292021535517756,0.05079328061831322,0.9129146978461691
25506,34506,High,High,0.8750744554792312,0.0692742008493722,0.0556513436713967
38100,47100,Low,Low,0.03420625001663618,0.9258769324173799,0.03991681756598396
20258,29258,Low,Medium,0.0395718560014763,0.0342393775646947,0.926188766433829
19281,28281,Medium,Low,0.02894848561924381,0.9299541554897687,0.04109735889098753
32303,41303,Medium,Medium,0.03101774135447712,0.029769556302078736,0.9392127023434442
11614,20614,High,High,0.9258578483984388,0.032477310413017046,0.04166484118854407
24828,33828,High,High,0.9258238571121984,0.030600456393719985,0.04357568649408164
21531,30531,High,High,0.931188102759504,0.02776756214828111,0.0410443350922148
34492,43492,Medium,Medium,0.030639944477727846,0.03135950415035989,0.9380005513719123
10046,19046,Medium,Medium,0.036300172548582,0.032873042953837785,0.9308267844975803
1961,10961,Medium,Low,0.02885790316008283,0.9304859959645745,0.040656100875342584
22468,31468,Medium,Medium,0.18733224738928878,0.033054348417467024,0.7796134041932442
19644,28644,Medium,Medium,0.04982718048076897,0.03201843364483751,0.9181543858743936
12266,21266,High,High,0.9306336727746007,0.028874164923746694,0.0404921623016526
22639,31639,Medium,Medium,0.032747459924691254,0.03414603652855904,0.9331065035467496
15834,24834,Medium,Medium,0.03022270989408916,0.029244727803741433,0.9405325623021694
27547,36547,Medium,Medium,0.0318979161847043,0.029386363153556538,0.938715720661739
9493,18493,Medium,Medium,0.03120460026982938,0.030946599326794416,0.9378488004033763
14088,23088,Medium,High,0.9297552828311897,0.02842740668706543,0.04181731048174486
8146,17146,High,High,0.9320635871854869,0.028193150926834557,0.039743261887678544
21067,30067,Medium,Medium,0.03045628853897539,0.029045011206792967,0.9404987002542317
29680,38680,High,High,0.932918821139885,0.027937236967081388,0.03914394189303364
1217,10217,Medium,Medium,0.035635367520691526,0.030925852799200387,0.9334387796801081
872,9872,High,High,0.9214380741343596,0.03744378513359985,0.04111814073204045
7343,16343,Medium,Medium,0.03112659198875237,0.03160653328824401,0.9372668747230036
1377,10377,Low,Low,0.029949528755706407,0.9176502791538482,0.05240019209044544
30094,39094,Low,Low,0.03040962959619861,0.9270587228725584,0.042531647531242917
17693,26693,Low,Low,0.03295721251511178,0.9222246458678515,0.04481814161703677
2590,11590,Low,Low,0.02862394920037462,0.9321808151839606,0.0391952356156648
37132,46132,Medium,Medium,0.038428959008325964,0.04406499364445541,0.9175060473472186
6679,15679,High,High,0.9283470727339193,0.029908620450048207,0.04174430681603255
21496,30496,High,High,0.9278586500233487,0.030144349689816104,0.041997000286835194
15476,24476,High,Low,0.029021108612611316,0.9312960018022206,0.03968288958516807
4979,13979,Medium,Medium,0.03038378079929503,0.029477466386684817,0.9401387528140202
1981,10981,Medium,Medium,0.35325596319817554,0.04978518720983843,0.5969588495919861
26184,35184,Medium,Medium,0.02959484678766601,0.031892780459281435,0.9385123727530527
33090,42090,Low,Low,0.030615982210416715,0.9204300694534723,0.048953948336111004
2617,11617,Low,Low,0.029011742500423123,0.9312721349220793,0.03971612257749752
21342,30342,Medium,Medium,0.034568090161328224,0.03312900379247936,0.9323029060461924
5624,14624,Medium,Medium,0.030731840842540176,0.03529462771642263,0.9339735314410372
1400,10400,Medium,Medium,0.02997268108082365,0.030806053196619526,0.9392212657225568
32828,41828,Medium,Medium,0.03121001180317351,0.032051809995009145,0.9367381782018175
39130,48130,Low,Low,0.028628397199357433,0.9320848753529688,0.03928672744767396
22469,31469,Low,Low,0.033537681516487006,0.9218048336021237,0.04465748488138918
27397,36397,Low,Low,0.02904234527947637,0.9274520958825264,0.04350555883799731
11148,20148,High,Medium,0.049464942341855084,0.03058821268890057,0.9199468449692443
25851,34851,Medium,Medium,0.03179023560385786,0.038225833142007615,0.9299839312541346
2925,11925,Low,Low,0.028824128830422593,0.9313712332315432,0.039804637938034244
17368,26368,Medium,Medium,0.03295415210836456,0.03944265095855445,0.927603196933081
24933,33933,Low,Low,0.028822372359334558,0.9310741190905353,0.040103508550130146
4543,13543,High,High,0.9239907900785361,0.03183918634477632,0.044170023576687596
31372,40372,Medium,Medium,0.043698738044706927,0.04157148744904005,0.9147297745062529
2713,11713,Medium,Medium,0.03108274054973489,0.08910573358743427,0.8798115258628308
9525,18525,Medium,Medium,0.032818871722440156,0.03529693618338639,0.9318841920941735
25034,34034,Medium,Medium,0.029608848055758193,0.02899292878779459,0.9413982231564472
26266,35266,Low,Low,0.028605349543044778,0.9300995904606456,0.04129505999630968
35873,44873,Medium,Medium,0.04136760022588231,0.03234186421544932,0.9262905355586684
9138,18138,High,High,0.9163010028307932,0.04350777198582301,0.04019122518338381
32466,41466,Medium,Medium,0.03051405275487097,0.030344272407144022,0.9391416748379849
3402,12402,Medium,Medium,0.04465834848757372,0.0397830167175906,0.9155586347948357
30628,39628,Medium,Medium,0.04545973303947037,0.03176581918810361,0.9227744477724261
3527,12527,Low,Low,0.03177598288169828,0.9281439349715273,0.040080082146774464
27367,36367,Medium,Medium,0.069154316913146,0.19336327260266187,0.737482410484192
30923,39923,Low,Low,0.030128003514997097,0.9297808725895519,0.040091123895450984
9261,18261,High,High,0.9319824045290704,0.02859100477374965,0.03942659069717977
28651,37651,Medium,Medium,0.029208080708334,0.029839679232510116,0.9409522400591559
38513,47513,Medium,Medium,0.03160005309576725,0.03378551874611165,0.9346144281581209
10005,19005,High,High,0.9312445896482965,0.02902233366112084,0.03973307669058262
15532,24532,Medium,Medium,0.035752309325298055,0.02918886581585602,0.935058824858846
31991,40991,Medium,Medium,0.029186245557905662,0.02787814865831652,0.9429356057837778
9627,18627,High,High,0.9097709986464638,0.03274162368814368,0.05748737766539242
7401,16401,High,High,0.9302604522550623,0.028169712717787825,0.04156983502715009
23316,32316,Medium,Medium,0.03432338905930759,0.03177074066806914,0.9339058702726232
29462,38462,Medium,Medium,0.030875787926626125,0.06585122926250035,0.9032729828108734
19064,28064,Medium,Medium,0.044320282615974614,0.03175392656047971,0.9239257908235458
34593,43593,Medium,Medium,0.035600146788384336,0.03939784131289153,0.9250020118987242
4984,13984,High,High,0.7620563198775118,0.05193619119073262,0.18600748893175564
32047,41047,Medium,Medium,0.029826693389255556,0.028879133408514276,0.9412941732022301
11666,20666,High,High,0.9233007268414299,0.03385843011737241,0.04284084304119757
38031,47031,Low,Low,0.03934888346264521,0.5863390619454337,0.37431205459192113
37527,46527,High,High,0.9296649240899879,0.029020710244118102,0.04131436566589416
34702,43702,High,High,0.9280355486095022,0.030601723318743983,0.041362728071753785
3646,12646,High,Medium,0.03285445270244736,0.07165827353260257,0.8954872737649501
3242,12242,Medium,Medium,0.032030725864735224,0.029729290045689524,0.9382399840895753
36417,45417,High,High,0.8425298158475676,0.04378649626895708,0.11368368788347533
17682,26682,Medium,Medium,0.031415468348704255,0.034281534083263794,0.9343029975680319
24307,33307,High,High,0.9311377812937011,0.028789899541196484,0.04007231916510247
7547,16547,High,High,0.917423716366503,0.04004747573994774,0.04252880789354924
23852,32852,High,High,0.931183111735827,0.027675108642596816,0.041141779621576134
35664,44664,Low,Low,0.03607905446999029,0.9199095813658899,0.04401136416411978
14852,23852,High,High,0.9227717142077223,0.03651073611315764,0.04071754967912009
8066,17066,Low,Low,0.02916459061215784,0.9311859898483948,0.039649419539447395
23454,32454,Medium,Medium,0.03413870768148976,0.03732652590515547,0.9285347664133549
24158,33158,Low,Low,0.030767955936007046,0.926772894620988,0.042459149443004975
22893,31893,Medium,Medium,0.03184724995796951,0.03334664723929515,0.9348061028027354
24181,33181,High,High,0.9319014973601162,0.02816770998441862,0.0399307926554651
2233,11233,High,High,0.5964719333329979,0.03040191846760092,0.3731261481994011
13296,22296,Medium,Medium,0.04372284235903845,0.0326989610845855,0.9235781965563761
21866,30866,Low,Low,0.031167572265347342,0.8925158719286111,0.07631655580604153
17031,26031,Low,Low,0.03177291548549987,0.9280206993534929,0.04020638516100734
34086,43086,Low,Low,0.03057085425586729,0.9265925804085281,0.04283656533560476
20399,29399,Medium,Medium,0.03491132377435499,0.03326016891810927,0.9318285073075359
24215,33215,Low,Low,0.03359799034500807,0.9211685303186573,0.04523347933633461
4619,13619,Medium,Medium,0.03148838228296189,0.03092968096476172,0.9375819367522764
16558,25558,Low,Low,0.030021989617028386,0.9265068265171598,0.043471183865811745
12087,21087,Low,Low,0.037759319329193124,0.9224590966043688,0.03978158406643822
16528,25528,Medium,Medium,0.036048057947691566,0.032319685236865604,0.9316322568154428
20309,29309,Medium,Medium,0.03584363794188153,0.03407872813552229,0.9300776339225961
5507,14507,Medium,Medium,0.02921046550837102,0.030751333703957957,0.9400382007876712
26244,35244,Medium,Medium,0.029710830039257785,0.03270947876911506,0.9375796911916271
21242,30242,Medium,Medium,0.03247524004824503,0.03582444704831449,0.9317003129034404
3147,12147,High,High,0.9321374686362742,0.028411747050994973,0.039450784312730795
29025,38025,High,High,0.9302449207958813,0.029489277276545278,0.040265801927573446
31395,40395,Low,Low,0.029025153465502235,0.9298645544209897,0.04111029211350819
21616,30616,Low,Low,0.02971707622785477,0.9276351514548368,0.04264777231730841
33371,42371,Medium,Medium,0.02952575443015298,0.028716622163474148,0.9417576234063728
24104,33104,Low,Low,0.02896273836171327,0.9318514296241401,0.03918583201414656
14547,23547,High,High,0.9285620408031553,0.02954063218728528,0.041897327009559344
39329,48329,High,High,0.9255794468407199,0.028807332148408003,0.0456132210108722
35271,44271,Medium,Medium,0.039924197037991827,0.04781516405961834,0.9122606389023898
10499,19499,Low,Low,0.029089815567503178,0.9313690322963533,0.03954115213614355
2240,11240,Medium,Medium,0.030405440959259577,0.03191364241065046,0.9376809166300899
34375,43375,High,High,0.9322479380376821,0.028172760660398487,0.039579301301919355
28218,37218,Medium,Medium,0.04366673741176779,0.06975237687012352,0.8865808857181087
5350,14350,Medium,Medium,0.032596640266298126,0.03941645284117009,0.9279869068925318
36018,45018,Low,Low,0.03052459918303789,0.928920213983535,0.04055518683342715
3592,12592,High,High,0.93186818094905,0.027646778080935224,0.040485040970014895
2270,11270,High,High,0.9293848608740015,0.030428452479704996,0.040186686646293636
17817,26817,Medium,Medium,0.035583216851995864,0.033294724966589216,0.9311220581814149
3453,12453,Medium,Medium,0.02884902620179078,0.029190350341504707,0.9419606234567045
18228,27228,Medium,Medium,0.029887381669881447,0.028461289743255683,0.9416513285868628
33237,42237,Medium,Medium,0.033326402397071284,0.055403894295030974,0.9112697033078977
19176,28176,Medium,Medium,0.03203595474089858,0.028792736328431972,0.9391713089306695
38747,47747,Medium,Medium,0.07447980603147958,0.061744025748972,0.8637761682195485
13225,22225,Low,Low,0.029908500771853943,0.9298795210120919,0.04021197821605409
26578,35578,Medium,Medium,0.03094675178984732,0.02852672140211161,0.9405265268080413
20234,29234,Low,Low,0.0386511456664744,0.9121983411008427,0.04915051323268291
13316,22316,Medium,Medium,0.035399836581430054,0.031161558750061342,0.9334386046685085
8114,17114,Medium,Medium,0.03299010300969628,0.03128347859521007,0.9357264183950936
6892,15892,High,High,0.9294395174381589,0.02943761624913419,0.04112286631270696
16780,25780,High,High,0.9309223679947102,0.029041101306259157,0.04003653069903059
31511,40511,Medium,Medium,0.043546054664715915,0.03477297359361727,0.9216809717416669
34563,43563,Medium,Medium,0.028881973034846093,0.02883106458348297,0.942286962381671
6554,15554,Low,Low,0.028745380745193522,0.9319541837839042,0.03930043547090231
13319,22319,Medium,Medium,0.03174849300838585,0.03265295767644391,0.9355985493151703
7925,16925,Medium,Medium,0.03299227010984676,0.03139302896315608,0.9356147009269972
22824,31824,High,High,0.9305893884283775,0.028774659478085652,0.04063595209353687
4174,13174,Low,High,0.914346052998971,0.04243709690356797,0.043216850097460964
6245,15245,Medium,Medium,0.03647765965237788,0.03218795730909305,0.931334383038529
881,9881,Low,Low,0.029561721326611334,0.9307615960286806,0.03967668264470794
2957,11957,Medium,Medium,0.035764306676152324,0.04071744240148608,0.9235182509223616
34915,43915,Medium,Medium,0.0332242063545905,0.031837385908124634,0.934938407737285
22749,31749,Medium,Medium,0.03554907248115125,0.0335721568883511,0.9308787706304976
19369,28369,Low,Medium,0.033814081475284724,0.048297544881392686,0.9178883736433225
17740,26740,Medium,Medium,0.03660690681107781,0.03205630249136406,0.931336790697558
462,9462,High,High,0.9318259846220535,0.028441258865870248,0.03973275651207625
11373,20373,Low,Low,0.03109765372382756,0.8942607093628404,0.07464163691333212
14806,23806,Medium,Medium,0.036372825092647124,0.030310158698200917,0.933317016209152
20166,29166,Medium,Medium,0.031893686816825015,0.030858736657009986,0.9372475765261651
39704,48704,Medium,Medium,0.03087864490169882,0.02859530273294808,0.9405260523653531
4021,13021,High,High,0.930152121051557,0.030261486652662557,0.03958639229578042
36882,45882,Medium,Medium,0.041146808190871256,0.07394149153521903,0.8849117002739098
21301,30301,Medium,Medium,0.0319411729039279,0.029184629830327494,0.9388741972657445
8084,17084,Medium,Medium,0.03218341265020819,0.03159293200033123,0.9362236553494606
35059,44059,High,High,0.9310865935779381,0.028769062873852388,0.04014434354820933
29012,38012,High,High,0.9298569574917913,0.029114177366719996,0.041028865141488666
23638,32638,Medium,Medium,0.035688500090744125,0.033673067743215185,0.9306384321660407
6592,15592,Medium,Medium,0.044502328009140425,0.04194290505947493,0.9135547669313847
34705,43705,Medium,Medium,0.03232987423286244,0.03463062209080612,0.9330395036763314
31339,40339,Medium,Medium,0.032776103134096034,0.030290683592241064,0.9369332132736629
33736,42736,Low,Low,0.0290923075391539,0.9312047240245159,0.039702968436330095
23215,32215,Low,Low,0.0321527811158974,0.9268619650543561,0.04098525382974654
20061,29061,Low,Low,0.030711682506365856,0.928385112940927,0.040903204552707066
7077,16077,Low,Low,0.029495376799403398,0.9295224247666813,0.040982198433915325
13224,22224,Medium,Medium,0.03693967910901299,0.03540217429131005,0.9276581465996769
13312,22312,High,High,0.9315137932237825,0.0286351739713409,0.03985103280487653
7500,16500,Low,Low,0.034806016752691904,0.9160965668208041,0.04909741642650405
2532,11532,Low,Low,0.03385841755994582,0.9240483325108951,0.042093249929159006
10905,19905,Low,Low,0.03072981094645208,0.9212954114562631,0.047974777597284864
26013,35013,Medium,Medium,0.02975183725751877,0.03470436266844016,0.9355438000740411
24848,33848,Medium,Medium,0.042707589475539785,0.03956066968955305,0.917731740834907
24622,33622,Medium,Medium,0.03210702978195889,0.028702402583908476,0.9391905676341326
10602,19602,Medium,Medium,0.030328591387095954,0.028435100299612843,0.9412363083132913
16454,25454,Medium,Medium,0.031470519997319445,0.028857183769190584,0.93967229623349
98,9098,Medium,Medium,0.03339788813933032,0.03328718446127785,0.9333149273993918
24977,33977,Medium,Medium,0.028669981965586743,0.02796439153233075,0.9433656265020826
22675,31675,Medium,Medium,0.04191287418273525,0.03995939348680664,0.9181277323304581
31349,40349,Medium,Medium,0.03216775325879399,0.03420664886382994,0.9336255978773761
26055,35055,Low,Low,0.02927545413375643,0.9311757775943211,0.03954876827192245
8055,17055,Low,Low,0.031367752468779604,0.9276823079894729,0.0409499395417475
10013,19013,Low,Low,0.03238146266590077,0.9229548211441609,0.04466371618993831
10753,19753,Medium,Medium,0.029863651788545328,0.029746353104280535,0.9403899951071741
20571,29571,High,High,0.9315864582919385,0.028644557477276223,0.0397689842307852
10266,19266,High,High,0.8934410677001906,0.05163926052414325,0.05491967177566611
33977,42977,Medium,Medium,0.02960941659724593,0.04618335601236162,0.9242072273903924
7554,16554,Low,Low,0.02962304668767556,0.924929086428031,0.04544786688429344
31499,40499,Low,Low,0.02899017024813041,0.9300539566868645,0.04095587306500498
34950,43950,Low,Low,0.02961917103719311,0.9273513505559614,0.043029478406845546
39674,48674,Medium,Medium,0.03287918738116661,0.03284145292209272,0.9342793596967406
1988,10988,Medium,Medium,0.05972389459489041,0.036041715061196945,0.9042343903439126
7358,16358,Low,Low,0.0339836386000582,0.9237215016394673,0.04229485976047457
5361,14361,Medium,Medium,0.032960245994088595,0.030913928579112477,0.936125825426799
39863,48863,Medium,Medium,0.03158345717566496,0.031009880344455624,0.9374066624798795
31833,40833,High,High,0.9313487437215358,0.029238909466244477,0.0394123468122198
34866,43866,High,High,0.9042809505962467,0.03244409183626629,0.06327495756748695
5791,14791,Low,Low,0.03026670115927399,0.9287199146467809,0.041013384193944964
1939,10939,Low,Low,0.028628761273406394,0.9319793491198761,0.03939188960671747
23212,32212,Medium,Medium,0.029756897435088303,0.03253493411224309,0.9377081684526688
26923,35923,Medium,Medium,0.031713893296524354,0.0348541495697527,0.933431957133723
405,9405,High,High,0.8977426572389162,0.03213341492817154,0.07012392783291223
22122,31122,Low,Low,0.02905186100021927,0.9315768077404157,0.039371331259364935
8873,17873,High,High,0.9178435685182346,0.035894049566325685,0.04626238191543982
28837,37837,Medium,Medium,0.04266370225736594,0.03408907373814527,0.9232472240044888
24871,33871,Medium,Medium,0.03223758001488954,0.02989353674969757,0.9378688832354128
10572,19572,Low,Low,0.03178331674960455,0.9179318786867422,0.05028480456365333
11826,20826,High,High,0.9282144294854037,0.03084974310443613,0.04093582741016017
20241,29241,Medium,Medium,0.031940325497374016,0.03254143261852171,0.9355182418841043
18434,27434,Medium,Medium,0.03164538945867923,0.030410395600916757,0.937944214940404
10295,19295,High,High,0.9013926144431031,0.03691321920696055,0.06169416634993621
8513,17513,Medium,Medium,0.03144587213094919,0.031038797812701472,0.9375153300563493
37368,46368,High,High,0.9253774771620299,0.03070546861282128,0.04391705422514889
11379,20379,Medium,Medium,0.030780454758271607,0.03168218994140268,0.9375373553003258
28790,37790,Low,Low,0.029435685679770885,0.9266548547840937,0.043909459536135315
31605,40605,High,High,0.926943726384771,0.029934194652800988,0.04312207896242817
14208,23208,Low,Low,0.031352933950342485,0.9264263472236952,0.04222071882596231
24247,33247,Low,Low,0.045935781454099496,0.8986048203143803,0.055459398231520275
17037,26037,Medium,Medium,0.02941218995503995,0.030315842580155444,0.9402719674648045
24185,33185,Medium,Medium,0.0324068017785282,0.037872251977902664,0.929720946243569
37985,46985,Low,Low,0.029737445693623604,0.9298079583557349,0.04045459595064164
29519,38519,Medium,High,0.9171914716018682,0.03026109038990002,0.05254743800823173
29041,38041,Low,Low,0.03132112591620153,0.9196543642134904,0.04902450987030804
4561,13561,Medium,Medium,0.03084894455736829,0.0322277078696325,0.9369233475729993
19139,28139,High,High,0.9328386158130378,0.02801119736449013,0.03915018682247214
30417,39417,High,High,0.9332254004302207,0.027818278447470802,0.038956321122308506
24501,33501,High,High,0.9295792379529922,0.03000656269578282,0.04041419935122495
13069,22069,High,High,0.9305480387385723,0.0291250126960052,0.040326948565422516
21339,30339,Medium,Medium,0.033793162495128315,0.037450519416608284,0.9287563180882633
31995,40995,Medium,Medium,0.03464068105976378,0.0984472919333127,0.8669120270069235
1282,10282,Medium,Medium,0.030243365918214773,0.030841309574209875,0.9389153245075753
17118,26118,High,Medium,0.03396241661966626,0.030745601915360493,0.9352919814649733
6990,15990,Low,Low,0.029781310308793458,0.9256380773011222,0.0445806123900843
7518,16518,Medium,Medium,0.0313485813622268,0.030837976171586304,0.9378134424661869
26832,35832,Medium,Medium,0.03183568869537345,0.029747797831129786,0.9384165134734967
12644,21644,Medium,Medium,0.0324557761276449,0.02972386722626676,0.9378203566460884
15032,24032,High,High,0.9290070806559992,0.031390884468427874,0.039602034875572845
12700,21700,High,Medium,0.03165951018860864,0.029391833830221065,0.9389486559811703
21972,30972,High,High,0.9254796510836427,0.031361524932643825,0.04315882398371345
4937,13937,Low,Low,0.032483058176061036,0.764844100219861,0.20267284160407786
15951,24951,Medium,Medium,0.03152069815431004,0.03244072425668337,0.9360385775890068
29357,38357,High,High,0.9284060132458798,0.03103780223575296,0.040556184518367365
18121,27121,Medium,Medium,0.043569129954534457,0.030002070671236183,0.9264287993742294
21890,30890,High,High,0.9250759823945081,0.03104199442789236,0.0438820231775996
3869,12869,Medium,Medium,0.0329293303402954,0.03590737606777052,0.9311632935919341
329,9329,Medium,Medium,0.04242392988004182,0.029843563015853194,0.927732507104105
9764,18764,Medium,Medium,0.03030838124052258,0.0287216085432633,0.9409700102162142
14837,23837,Low,Low,0.03135392551073962,0.9232832610354599,0.045362813453800575
21120,30120,Medium,Medium,0.029888294718092887,0.02916442749949702,0.94094727778241
23806,32806,Medium,Medium,0.029146467767068234,0.02885728457084251,0.9419962476620892
5525,14525,Medium,Medium,0.03592743983195285,0.4241257937167522,0.5399467664512949
23039,32039,High,High,0.9299898860801576,0.02877365262140229,0.041236461298440115
16360,25360,Medium,Medium,0.0625949942179479,0.030599501601321494,0.9068055041807307
18439,27439,Low,Low,0.034142625682730625,0.9158405673332513,0.05001680698401806
16112,25112,High,High,0.9260723951852391,0.030422662655278054,0.04350494215948283
25030,34030,Medium,Medium,0.042420279336246196,0.04187273511201608,0.9157069855517377
25894,34894,Medium,Medium,0.03830458058352064,0.031058353209742207,0.9306370662067373
25040,34040,High,High,0.6457275643190309,0.036778272762774754,0.3174941629181944
19866,28866,Medium,Medium,0.03369991544777449,0.036144396768937936,0.9301556877832876
25581,34581,Medium,Medium,0.03043340770147389,0.04087405397572802,0.9286925383227981
29760,38760,Medium,Medium,0.029659986929863272,0.03096451270870319,0.9393755003614336
19752,28752,Medium,Medium,0.03239795134366297,0.03181405256440092,0.9357879960919361
32542,41542,High,High,0.9325500822682621,0.027994041804306712,0.03945587592743111
37817,46817,High,High,0.9272373000133224,0.029683433087641525,0.04307926689903616
17861,26861,High,High,0.9243752610143973,0.03069093968998797,0.04493379929561467
23949,32949,Medium,Medium,0.032232723598442974,0.03586495383979213,0.9319023225617649
18762,27762,High,High,0.9292598896638768,0.031049597389553225,0.03969051294656988
27929,36929,Medium,Medium,0.031173337821161277,0.028905175446447096,0.9399214867323917
29872,38872,High,High,0.9266117183015662,0.0290456885830165,0.04434259311541725
38241,47241,Low,High,0.929125246901397,0.029589089598819753,0.04128566349978331
29681,38681,Low,Medium,0.029257923928166674,0.028619284087870647,0.9421227919839626
9783,18783,Low,Low,0.029444867274250847,0.9304118077801832,0.04014332494556597
23712,32712,Medium,Medium,0.03314979575934717,0.032450932436889644,0.9343992718037631
25256,34256,High,High,0.9304219076093151,0.028969600228749892,0.04060849216193509
27484,36484,Low,Low,0.030869599237347122,0.9056088930107178,0.06352150775193499
18593,27593,Low,Low,0.029087036744249877,0.9301931746589673,0.0407197885967829
38226,47226,Low,Low,0.029481508554125572,0.9271166429465879,0.04340184849928643
4252,13252,Low,Low,0.0337423403687851,0.9118838300972896,0.0543738295339253
7148,16148,Low,Low,0.029689677420770694,0.9279493905388257,0.04236093204040356
33659,42659,Low,Low,0.030120191462489693,0.9306450870222859,0.03923472151522445
10335,19335,Low,Low,0.03142205107616577,0.9262931629583258,0.0422847859655085
9287,18287,Medium,Medium,0.03286652635835301,0.030378532866035268,0.9367549407756118
20710,29710,High,High,0.9312416987682458,0.02898677279267886,0.039771528439075346
23757,32757,Medium,Medium,0.0375731676443011,0.052166188076370364,0.9102606442793286
19198,28198,Low,Low,0.03176694875030934,0.9283170280593099,0.039916023190380685
21200,30200,Medium,Medium,0.03184877737067301,0.037337389583534185,0.9308138330457928
14148,23148,Medium,Medium,0.03663754642153035,0.047905579028294946,0.9154568745501748
33185,42185,Medium,Medium,0.03208003231478367,0.03217217533307488,0.9357477923521414
31777,40777,Low,Low,0.029836768744755316,0.9295328340337012,0.04063039722154343
29344,38344,Medium,Medium,0.035447637712907216,0.03412167695391479,0.930430685333178
30363,39363,Medium,Medium,0.028999532285544916,0.0278547509838855,0.9431457167305696
20723,29723,Medium,Medium,0.030918587567298515,0.036343713032176476,0.932737699400525
5990,14990,Low,Low,0.034345486229053375,0.9194979422057551,0.046156571565191575
23754,32754,High,Medium,0.03282479112595698,0.033421540130539905,0.9337536687435031
31840,40840,High,High,0.9330831517771355,0.027920823641340974,0.03899602458152359
16701,25701,Low,Low,0.0313017849333689,0.9268814671640682,0.041816747902562894
2557,11557,Low,Low,0.029211401991811003,0.9240386092216416,0.04674998878654741
31914,40914,Low,Low,0.03502708282971235,0.9029388445848947,0.06203407258539298
2882,11882,Low,Low,0.02931933770134723,0.930000023213155,0.04068063908549774
16469,25469,Medium,Medium,0.03520467337132169,0.09583830726108515,0.8689570193675932
35574,44574,Medium,Medium,0.03235337840018401,0.030127237593355196,0.9375193840064607
27595,36595,Medium,Medium,0.04185272679405894,0.03620438759835265,0.9219428856075885
227,9227,Low,Low,0.029705460490839764,0.9291399583704982,0.041154581138662084
7795,16795,High,Low,0.03395095442141916,0.9215135327124004,0.044535512866180425
39753,48753,High,High,0.9280285933642474,0.028076263503367394,0.043895143132385274
10269,19269,Medium,Medium,0.03601364780998503,0.03342052136012106,0.9305658308298939
39951,48951,Medium,Medium,0.029266394020618407,0.02891711484669014,0.9418164911326915
25143,34143,Medium,Medium,0.03531265900138971,0.03496150592807829,0.9297258350705321
1594,10594,High,High,0.9316945029742772,0.028460464011299466,0.03984503301442311
14798,23798,Low,Low,0.03069021344172841,0.9264906903911406,0.04281909616713104
5809,14809,High,High,0.9320412809688605,0.02862111085947218,0.03933760817166729
14264,23264,High,High,0.9291723352652542,0.028644440668557845,0.0421832240661879
13891,22891,High,High,0.9323190860239295,0.02800921497718062,0.039671698998889816
36676,45676,Medium,Medium,0.035751128453987736,0.0338793182393425,0.9303695533066697
26805,35805,Medium,High,0.9294806578370713,0.028164916447008536,0.04235442571592021
12529,21529,Medium,High,0.925801097514595,0.032009054288652576,0.042189848196752304
35381,44381,Medium,Medium,0.039480200216994464,0.03961150495816221,0.9209082948248434
15490,24490,Medium,Medium,0.040288796489557695,0.040110430931388934,0.9196007725790535
11002,20002,Medium,Low,0.03184567776198948,0.9185897528168575,0.049564569421153004
19815,28815,High,High,0.9179938318371063,0.03449818210699343,0.04750798605590045
21775,30775,Medium,Medium,0.030602498705357792,0.06645106802959258,0.9029464332650496
19995,28995,High,Low,0.029368670094455738,0.9283261509367339,0.042305178968810454
6370,15370,Medium,Medium,0.03149946437446106,0.030224996473105403,0.9382755391524337
19926,28926,Medium,Medium,0.030022719845888182,0.030276588587797134,0.9397006915663147
3801,12801,Low,Low,0.039088111131320484,0.822908416947279,0.13800347192140033
27939,36939,Low,Low,0.03291131378434781,0.8546950545670265,0.11239363164862566
37902,46902,Low,Low,0.03348335649537714,0.9240205617811702,0.04249608172345264
22340,31340,Low,Low,0.03817698355572937,0.8585838975676222,0.10323911887664844
6474,15474,Medium,Medium,0.031425228298941336,0.030916094112120155,0.9376586775889385
32792,41792,Low,Low,0.028548820682737976,0.9320343094958989,0.03941686982136302
11051,20051,Medium,Low,0.03501972678365908,0.9200769090008248,0.044903364215516085
34362,43362,Medium,Medium,0.03442109604275601,0.041140318804757096,0.9244385851524868
20490,29490,Medium,Medium,0.033880118848978014,0.04791637776117441,0.9182035033898476
24410,33410,Medium,Medium,0.03049312196355483,0.04800195746396768,0.9215049205724775
31770,40770,High,High,0.9320307264702906,0.02863091531180667,0.03933835821790285
11740,20740,Medium,Medium,0.0360312246933715,0.033608932160993095,0.9303598431456354
3992,12992,High,High,0.9284453557217877,0.03135131357357023,0.04020333070464197
14728,23728,High,High,0.928977064054231,0.029099967065097872,0.04192296888067107
16291,25291,Medium,Medium,0.03503457177196731,0.03676447702117386,0.9282009512068589
32662,41662,Medium,Medium,0.030559822253960044,0.029052215740035987,0.9403879620060039
7898,16898,Medium,Medium,0.0311281194660101,0.03427469251291381,0.9345971880210762
20393,29393,High,High,0.9313825978021977,0.02875757735164079,0.03985982484616146
40,9040,Medium,Medium,0.03299230804360522,0.029941029108891803,0.9370666628475028
11736,20736,High,High,0.929743123732019,0.029415998776386426,0.04084087749159476
35669,44669,Low,Low,0.029046037257995372,0.928562987747026,0.042390974994978646
24259,33259,Medium,Medium,0.037744973892715444,0.040080026632285354,0.9221749994749993
4312,13312,Low,Low,0.030269226104446958,0.9224485117304134,0.04728226216513947
11580,20580,Low,High,0.9320312843590446,0.027959061192213603,0.04000965444874171
19833,28833,Medium,Medium,0.029439022814924495,0.031400585586610394,0.939160391598465
16519,25519,High,High,0.9158296405059736,0.03990995464497874,0.044260404849047634
27297,36297,Medium,Medium,0.03003295106737573,0.029864769308067907,0.9401022796245564
27264,36264,High,High,0.928554378356859,0.031311271682674745,0.040134349960466276
6568,15568,Medium,Medium,0.030587754685966823,0.030742779006445852,0.9386694663075873
31593,40593,Medium,Medium,0.030769040974076022,0.03018490617177406,0.9390460528541499
25646,34646,Medium,Medium,0.029011935350250036,0.029699952672748414,0.9412881119770016
461,9461,Medium,Medium,0.03109003734953536,0.03228306032295124,0.9366269023275132
25328,34328,High,High,0.9230582483052765,0.032001676315235456,0.044940075379488055
6817,15817,Low,Medium,0.033827755775115036,0.03450653997783521,0.9316657042470498
3866,12866,Low,Low,0.02890285120370446,0.9306562932901912,0.040440855506104385
36132,45132,Low,Low,0.03034029646589588,0.9267691592816535,0.0428905442524506
36566,45566,High,High,0.930744647499667,0.028528576686335447,0.04072677581399744
21181,30181,Low,Low,0.02925624739282216,0.9312075086330616,0.03953624397411631
6176,15176,Medium,Medium,0.03971757032886105,0.03326775246858483,0.9270146772025543
875,9875,Medium,Medium,0.03068274161504726,0.034335795093298434,0.9349814632916543
459,9459,Medium,Medium,0.05410690544218749,0.03260979454791776,0.9132833000098949
15157,24157,Medium,Medium,0.06905209992974465,0.03078742703745087,0.9001604730328046
29485,38485,Medium,Medium,0.03302548977776531,0.02978745458046386,0.9371870556417708
28260,37260,High,Medium,0.030434741016048344,0.029786423364276695,0.9397788356196749
37614,46614,Medium,Medium,0.030679555214378373,0.03220405565503204,0.9371163891305896
39813,48813,High,High,0.9303316802906378,0.029342266603668885,0.04032605310569321
12981,21981,Medium,Medium,0.05286419560630542,0.035072268639933235,0.9120635357537613
38084,47084,High,High,0.9310028713765428,0.02892980842883355,0.04006732019462363
5673,14673,Medium,Medium,0.03513623778072497,0.03402689281471737,0.9308368694045578
25542,34542,Low,Low,0.029153514677872725,0.9301888848390693,0.04065760048305812
16154,25154,Low,Low,0.02977941629705827,0.9247470170307629,0.04547356667217884
3784,12784,Medium,Medium,0.05061742585301098,0.03549624218898887,0.9138863319580003
6855,15855,Medium,Medium,0.03551618231994042,0.0371914050404713,0.9272924126395883
22315,31315,Medium,Medium,0.038185751800493904,0.03580018748106233,0.9260140607184438
29860,38860,Medium,Medium,0.03062189882789741,0.02934198942890649,0.9400361117431961
15422,24422,Medium,Medium,0.04726143618737977,0.036053600888408956,0.9166849629242112
22295,31295,Low,Low,0.046104686163344594,0.9124844755044021,0.04141083833225318
32375,41375,Medium,Medium,0.03084142595311948,0.03258517028350989,0.9365734037633707
17119,26119,Low,Low,0.02926091172781407,0.9289570880595558,0.04178200021263013
14346,23346,Low,Low,0.036675219209923775,0.9192922330940517,0.044032547696024486
30864,39864,High,High,0.9309770341361405,0.028945877289522446,0.04007708857433699
12621,21621,Low,Low,0.04067310411060224,0.9085609654643972,0.05076593042500053
8647,17647,Low,Low,0.02915702941740649,0.9301541783259896,0.040688792256603906
29787,38787,Low,Low,0.029251424938457986,0.9284121665816262,0.04233640847991593
11081,20081,High,High,0.9313883346231191,0.02850472122597433,0.04010694415090664
3997,12997,Medium,Medium,0.03119237891194322,0.04024569299241567,0.9285619280956411
29379,38379,Medium,Medium,0.03253799060231181,0.03392030247824698,0.9335417069194412
14089,23089,Medium,Medium,0.03647481331073363,0.09916810101307928,0.8643570856761871
13107,22107,Medium,Medium,0.03844308283005599,0.03251465650383368,0.9290422606661103
21201,30201,Low,Low,0.028479608974528902,0.9323140922880665,0.03920629873740453
21084,30084,High,High,0.9140129923606665,0.031171910611355696,0.05481509702797784
23530,32530,High,High,0.9202269073772831,0.02925766825448826,0.050515424368228624
18655,27655,Medium,Medium,0.03520994635074423,0.03309146854593507,0.9316985851033208
22747,31747,Medium,Medium,0.032123659828213226,0.03904874092570419,0.9288275992460827
38542,47542,Low,Low,0.028889291015857698,0.9306284930632857,0.04048221592085668
33625,42625,Medium,Medium,0.03926996166974358,0.03568648361635288,0.9250435547139034
13767,22767,Low,Low,0.03095863167292899,0.9273085900118311,0.04173277831523973
13933,22933,Medium,Medium,0.03201333773981587,0.03260179774116238,0.9353848645190217
39965,48965,High,High,0.9292815020223416,0.02881847301898102,0.041900024958677395
8913,17913,Medium,Medium,0.039599820261553335,0.05092269247300765,0.909477487265439
23535,32535,Medium,Medium,0.03835838882383786,0.030998753330350123,0.9306428578458119
36311,45311,Medium,Medium,0.03364796028391034,0.03592260882500814,0.9304294308910815
13629,22629,High,High,0.9306439509572693,0.029355646748918034,0.04000040229381273
29932,38932,Medium,Medium,0.03366554882338721,0.033243770624404,0.9330906805522089
10159,19159,Medium,Low,0.035117662877309684,0.8167152325596138,0.1481671045630766
22932,31932,High,High,0.9296538687398738,0.02897306364803871,0.041373067612087526
9750,18750,Medium,Medium,0.02920591869390896,0.0295215012692939,0.9412725800367973
30847,39847,Medium,Medium,0.03233455836939223,0.030357946320538093,0.9373074953100696
6889,15889,Low,Low,0.029696944911872348,0.929339461384007,0.04096359370412076
19539,28539,Medium,Medium,0.03218623093296999,0.030644437948762357,0.9371693311182677
2646,11646,Low,Low,0.029305448478525703,0.9312161544064446,0.03947839711502968
14486,23486,High,High,0.9122225447372312,0.03238178126781696,0.05539567399495194
15784,24784,Medium,Medium,0.033078209037824984,0.03795023216268164,0.9289715587994932
9842,18842,Medium,Medium,0.03276324908120142,0.03553609727004146,0.9317006536487571
33124,42124,Medium,Medium,0.03530185255140845,0.03961912869429471,0.9250790187542967
29423,38423,High,High,0.9303370254495634,0.02937247365360568,0.040290500896830894
929,9929,Medium,Medium,0.03438906733663207,0.032521043455037014,0.9330898892083308
8078,17078,High,High,0.9284355858685897,0.02968943282054724,0.041874981310863126
2665,11665,Low,Low,0.029848869358283594,0.9120584240785391,0.0580927065631772
19053,28053,Low,Low,0.02902797458136398,0.9303378045733456,0.04063422084529026
21971,30971,Medium,Medium,0.031741679999802715,0.029466882500134257,0.938791437500063
35923,44923,Medium,Medium,0.03168166767744377,0.031445511617370116,0.9368728207051861
6228,15228,Medium,Medium,0.037422070199034124,0.0337204447747304,0.9288574850262356
26576,35576,Medium,Medium,0.03266394687944115,0.030167012787305974,0.9371690403332528
33498,42498,Medium,Medium,0.26986324474671003,0.031067375778955863,0.6990693794743342
11777,20777,Medium,Medium,0.030386322793673853,0.029491632087467065,0.940122045118859
29426,38426,High,High,0.9308934966912843,0.02809299738187648,0.04101350592683919
5605,14605,Medium,Medium,0.03200820589769463,0.031214927325812603,0.9367768667764927
10014,19014,Low,Low,0.029167915146273222,0.9309454104534738,0.039886674400252974
28798,37798,High,High,0.9275849564702542,0.029695147738111338,0.04271989579163432
17551,26551,Medium,Medium,0.03602756733708926,0.029595046897836458,0.9343773857650742
22916,31916,Medium,Medium,0.03176412189680343,0.02924404349103067,0.9389918346121658
1070,10070,High,High,0.9293328425430212,0.030560038841115925,0.04010711861586286
31973,40973,High,High,0.923986760235767,0.029760543199618072,0.04625269656461493
14219,23219,Medium,Medium,0.03411680017469122,0.03356532934548124,0.9323178704798276
18399,27399,Medium,Medium,0.12841823764623747,0.03334582871146779,0.8382359336422947
20270,29270,Medium,Medium,0.030750234109192084,0.028140204466232065,0.9411095614245758
22990,31990,High,High,0.9269031968918245,0.030164750719261335,0.04293205238891413
22156,31156,Medium,Medium,0.031350527430024436,0.030351835511251635,0.938297637058724
35078,44078,Medium,Medium,0.03438440046034805,0.03242766295635322,0.9331879365832987
5739,14739,Medium,Medium,0.030032675830304886,0.028786308185078286,0.9411810159846169
508,9508,Medium,Medium,0.030730598199825255,0.031191984639600948,0.9380774171605738
35321,44321,Low,Low,0.03533149768170044,0.9024792784654544,0.062189223852845234
943,9943,High,High,0.9304844949851502,0.029855729473003575,0.03965977554184625
25839,34839,Low,Low,0.033487271447543744,0.9257188474633281,0.0407938810891281
13947,22947,High,High,0.9258176418491896,0.03422593171170618,0.03995642643910424
15333,24333,High,High,0.9239994496836585,0.03236639418269425,0.043634156133647045
16794,25794,Low,Low,0.034669704247281725,0.922421004947677,0.04290929080504124
31825,40825,High,High,0.9319263292626974,0.02773855579356554,0.040335114943737
2888,11888,Low,Low,0.03125952885590125,0.9205056018931269,0.04823486925097175
38003,47003,Medium,Medium,0.03898468778229806,0.029834061888838307,0.9311812503288638
32010,41010,Medium,Medium,0.030998771610810837,0.02990295556606132,0.9390982728231277
15937,24937,Low,Low,0.029333679303474764,0.9279654520719598,0.04270086862456548
23955,32955,Medium,Medium,0.03902097283924678,0.08415201875080904,0.8768270084099442
18361,27361,Low,Low,0.030647694715253027,0.9287454114878201,0.04060689379692692
28246,37246,Low,Low,0.030725364058676787,0.9253770962024501,0.04389753973887306
25618,34618,Medium,Medium,0.029140722981635666,0.03256009518273766,0.9382991818356267
6188,15188,High,High,0.9309220044061944,0.02852091912347941,0.04055707647032604
15358,24358,High,High,0.5456841788364151,0.03578470843784617,0.4185311127257389
30664,39664,Medium,Medium,0.032363322658371003,0.029390337892314728,0.9382463394493143
10461,19461,Low,Low,0.03071047495177936,0.9271022236924688,0.04218730135575196
29195,38195,Medium,Medium,0.04238512722196886,0.033426150363773145,0.9241887224142579
28333,37333,Medium,Medium,0.034436120534946796,0.031029072307602126,0.9345348071574512
19803,28803,Medium,Medium,0.032786244703568786,0.030872108229753035,0.9363416470666782
37174,46174,High,High,0.9310522567236745,0.027925171605490785,0.04102257167083461
29378,38378,Medium,Medium,0.03020707390910196,0.03014151402678511,0.939651412064113
9772,18772,Low,High,0.9309079424703454,0.028424072002036616,0.040667985527618085
24619,33619,Low,Medium,0.03929212333376195,0.4758685842625894,0.4848392924036487
35865,44865,Low,Low,0.029647067924983728,0.9278699316101919,0.04248300046482428
3080,12080,Low,Low,0.02923739559518809,0.9308683459107757,0.03989425849403624
27319,36319,Low,Low,0.029956271631485443,0.9107608397289765,0.059282888639538005
20612,29612,High,High,0.9238637315568371,0.03091694348676226,0.04521932495640068
6983,15983,Medium,Medium,0.0320665916087802,0.032648119434824104,0.9352852889563957
33383,42383,Low,Low,0.0293726738461511,0.9300389916961708,0.04058833445767814
2308,11308,High,High,0.9303422364177787,0.029810940943548667,0.03984682263867257
17886,26886,Medium,Medium,0.030266044391922875,0.03233862199660548,0.9373953336114716
37755,46755,Medium,Medium,0.029693156245933588,0.058497978118757066,0.9118088656353094
21553,30553,Medium,Medium,0.03126294550965578,0.03244981335609847,0.9362872411342459
35427,44427,High,High,0.9328594764291953,0.0280583708094914,0.03908215276131335
24291,33291,Medium,Medium,0.029404114888595737,0.030089691543753308,0.940506193567651
6677,15677,High,High,0.9269650401360895,0.0316758501727887,0.041359109691121776
30220,39220,Medium,Medium,0.03127736216083441,0.028872936342653508,0.939849701496512
5797,14797,Low,Low,0.029086664416298178,0.9295571985094364,0.04135613707426545
19323,28323,Medium,Medium,0.054129626452381265,0.03451758368923558,0.9113527898583832
39918,48918,Medium,Medium,0.03065138674552055,0.03186769854416776,0.9374809147103117
1726,10726,Medium,Medium,0.029945791761639962,0.029467494106332006,0.940586714132028
17703,26703,Medium,Medium,0.031084857735923687,0.034295268902952696,0.9346198733611235
15884,24884,High,Medium,0.03444676478089952,0.030029633970076654,0.9355236012490238
2774,11774,Medium,Medium,0.03295242602878961,0.03221326153713097,0.9348343124340794
4949,13949,Medium,Medium,0.03186536591032391,0.0315540870223716,0.9365805470673045
3816,12816,High,High,0.9254228284695696,0.03277856612484729,0.041798605405583056
6999,15999,High,High,0.9236897610734914,0.030485012720858806,0.04582522620564983
325,9325,High,Medium,0.20076621582639279,0.0618231954838915,0.7374105886897158
22804,31804,Medium,Medium,0.03422176410629029,0.04091363096932019,0.9248646049243895
26913,35913,Medium,Medium,0.0340731479754579,0.032735509262434105,0.933191342762108
10459,19459,Low,Low,0.02978832957992353,0.9058649279211312,0.06434674249894537
28678,37678,Medium,Medium,0.035541085048656995,0.03825452276348592,0.9262043921878571
32296,41296,Medium,Medium,0.0341805825467676,0.03057981414285796,0.9352396033103744
39984,48984,Medium,Medium,0.032340147283436864,0.03171335015220312,0.93594650256436
8304,17304,Medium,Medium,0.03068119206680132,0.03302279400262236,0.9362960139305763
35589,44589,Medium,Medium,0.03521567615423021,0.036075572610785034,0.9287087512349846
3827,12827,Low,Low,0.030959827990427763,0.9285504142376445,0.04048975777192771
28362,37362,Medium,Medium,0.03244827446066079,0.03404341248927104,0.9335083130500682
23884,32884,High,High,0.9305417707580407,0.029618335956943714,0.03983989328501559
1142,10142,High,High,0.9269394901651071,0.031465494218629986,0.041595015616262866
10801,19801,Medium,Medium,0.037853336981784766,0.03634296279739594,0.9258037002208194
15198,24198,High,High,0.932081061237577,0.027913010724180305,0.04000592803824269
7460,16460,Medium,Medium,0.03012181583565035,0.029992256912968928,0.9398859272513808
36579,45579,Medium,Medium,0.03280702803477329,0.030739533154474166,0.9364534388107525
23017,32017,High,High,0.596397735240204,0.03175469647321003,0.37184756828658605
6307,15307,High,High,0.9271567828010653,0.030469058683189804,0.042374158515744886
20974,29974,Medium,Medium,0.03251245258529656,0.030715259744133434,0.93677228767057
22621,31621,Low,Low,0.02932509413801016,0.9255341102528473,0.04514079560914245
23971,32971,Medium,Medium,0.031191436192301164,0.028538938420435894,0.940269625387263
12780,21780,Low,Low,0.030823113686051184,0.9229714341278664,0.046205452186082414
37905,46905,High,High,0.9311251474036544,0.028236938459157562,0.040637914137188036
10852,19852,Medium,Medium,0.03419387084493269,0.030881915553454802,0.9349242136016125
12147,21147,Medium,Medium,0.24452512269096718,0.03378346506026916,0.7216914122487635
23484,32484,Medium,Medium,0.031874707219931527,0.04057342810321738,0.9275518646768511
31260,40260,Medium,Medium,0.04720694969721329,0.3573166418422034,0.5954764084605833
37418,46418,Low,Low,0.04487603667698068,0.908859211642997,0.04626475168002226
5549,14549,Medium,Medium,0.03023845161282516,0.04299751535846192,0.9267640330287129
19171,28171,Medium,Medium,0.044800763284099133,0.11398062538087128,0.8412186113350296
38126,47126,High,High,0.9304271613873761,0.02904844169147343,0.04052439692115047
31497,40497,Medium,Medium,0.030863852387943005,0.035507278090724674,0.9336288695213323
39620,48620,Medium,Medium,0.031497811301315584,0.02975668652836633,0.938745502170318
18077,27077,Medium,Medium,0.029594655348872678,0.02872967125103067,0.9416756734000966
31121,40121,High,High,0.9277676159574377,0.029795348680051625,0.04243703536251069
13380,22380,High,High,0.9306883531585765,0.028525687845882986,0.04078595899554069
29494,38494,Medium,Medium,0.029887660278888718,0.028279596796619608,0.9418327429244918
31971,40971,High,High,0.8687014009801355,0.03247559266873124,0.09882300635113328
24846,33846,Medium,Medium,0.03145366402383625,0.033193254296038276,0.9353530816801254
37715,46715,Low,Medium,0.035036389492182025,0.03254974587942953,0.9324138646283884
36140,45140,Medium,Medium,0.033818435174177076,0.04669972978073713,0.9194818350450858
4151,13151,Medium,Medium,0.028845609082590307,0.02851066347505805,0.9426437274423516
36207,45207,Low,Low,0.030202691406099515,0.9292683978593934,0.040528910734507075
14815,23815,Medium,Medium,0.03803330451650012,0.03519564421066035,0.9267710512728397
31843,40843,Medium,Medium,0.031874791280993096,0.02979803216618744,0.9383271765528195
6596,15596,Medium,Medium,0.03117052428803575,0.028499492641868674,0.9403299830700956
21731,30731,Medium,Medium,0.03405055738588205,0.02928717414943435,0.9366622684646836
20068,29068,Medium,Medium,0.03412510952364901,0.03315501983781284,0.9327198706385381
3373,12373,Medium,Medium,0.03362687502005298,0.035598669312583826,0.9307744556673633
6692,15692,High,High,0.9243313006919868,0.030620594023154226,0.04504810528485912
23835,32835,Low,Medium,0.034999227189511546,0.04732357542486643,0.9176771973856219
5169,14169,Medium,Medium,0.032341688805678115,0.02895458394135747,0.9387037272529644
39581,48581,Medium,Medium,0.03342375316186349,0.030794637734944338,0.9357816091031922
39284,48284,Medium,High,0.9104792183251159,0.04586691770951271,0.04365386396537132
5568,14568,Medium,Medium,0.033961107379125034,0.029333824702429293,0.9367050679184458
6084,15084,Medium,Medium,0.029296785963393145,0.02954052646428115,0.9411626875723257
28200,37200,Medium,Medium,0.03224172093204716,0.03972873805186004,0.9280295410160928
16133,25133,Low,Low,0.029060549750098124,0.9310995026534651,0.03983994759643684
37970,46970,Medium,Medium,0.031056096348024753,0.028454924260862588,0.9404889793911128
12703,21703,Medium,Medium,0.03020123833780211,0.0312614329264256,0.9385373287357724
236,9236,Low,Low,0.028987954935174438,0.9311930109576064,0.03981903410721909
29654,38654,Low,Low,0.03082878743907316,0.9284212851032714,0.040749927457655356
24741,33741,Medium,Medium,0.03267826957235246,0.0408042885918174,0.9265174418358301
6528,15528,Medium,Medium,0.0554053638658449,0.03217823976522646,0.9124163963689287
11932,20932,High,High,0.9322623160581638,0.028204623343045687,0.03953306059879058
14911,23911,High,Medium,0.03278164261824086,0.030819800459737565,0.9363985569220216
14298,23298,Medium,Medium,0.02994296646967785,0.028503422128071807,0.9415536114022505
28966,37966,Medium,Medium,0.032849517957634154,0.030661875606593714,0.9364886064357721
17155,26155,Medium,Medium,0.030605831571753183,0.03032247347292386,0.9390716949553229
35405,44405,Low,Low,0.029893890829160195,0.9295583739902219,0.04054773518061793
7721,16721,High,High,0.9298274338504613,0.030030066614267988,0.040142499535270625
30486,39486,Medium,Medium,0.1642704345833276,0.0382802840469112,0.7974492813697612
35932,44932,Medium,Medium,0.03101008496291413,0.03372745294140898,0.935262462095677
34625,43625,High,High,0.9246636997928271,0.030548251329000548,0.04478804887817233
26602,35602,Medium,Medium,0.028650471094977925,0.027771778254575285,0.9435777506504467
34648,43648,Low,Low,0.030319287321771887,0.88888619698008,0.08079451569814833
35385,44385,High,High,0.929709175127579,0.028618563188259238,0.04167226168416188
31254,40254,Medium,Medium,0.033525074766110746,0.029709123987021777,0.9367658012468675
11180,20180,Medium,Medium,0.031192159006262443,0.03271750351817651,0.936090337475561
1034,10034,High,High,0.8400339658001122,0.04494811535178458,0.1150179188481031
34037,43037,Low,Low,0.03150405551367241,0.9284570547840723,0.040038889702255366
23787,32787,High,High,0.6918097168787082,0.24496397683962778,0.0632263062816639
36787,45787,High,High,0.9325435715855321,0.027975109059987634,0.03948131935448029
35124,44124,Low,Medium,0.03192127110115261,0.032747860544146835,0.9353308683547006
4211,13211,Low,Low,0.03377467837768667,0.9046042075577801,0.06162111406453332
1753,10753,Low,Low,0.03248298444060702,0.9005843640252835,0.06693265153410938
24047,33047,Low,Low,0.031015982990181018,0.9268511926749977,0.04213282433482144
22225,31225,Low,Low,0.02924207026053709,0.9289878073900469,0.04177012234941602
35936,44936,High,High,0.9304672990717447,0.028915258956531617,0.04061744197172371
34034,43034,Medium,Medium,0.029190070887335034,0.028165675834501348,0.9426442532781637
27271,36271,Low,Low,0.032104401559630576,0.9264088198706176,0.04148677856975169
12016,21016,Medium,Medium,0.02903179976847051,0.03053619883171976,0.9404320013998096
14052,23052,Low,Low,0.031211011766603527,0.9207930207431078,0.04799596749028869
37758,46758,Medium,Medium,0.033183607921362046,0.33943971339750495,0.6273766786811329
27358,36358,Low,Low,0.029337421427943555,0.9284687287641002,0.0421938498079561
9551,18551,High,High,0.929716026584773,0.029512234210942772,0.04077173920428424
9414,18414,Medium,Medium,0.039224490668724334,0.028849921903361497,0.9319255874279143
19726,28726,Low,Low,0.03610544406586378,0.8813117063002941,0.0825828496338421
15114,24114,Low,Low,0.029363414802013387,0.9306236722635179,0.040012912934468646
10969,19969,High,High,0.9302621262379646,0.02824651648348588,0.0414913572785495
18520,27520,High,High,0.9294179218937787,0.030676515831205464,0.03990556227501578
27971,36971,High,High,0.9310263131531147,0.02911826985877619,0.039855416988109196
20069,29069,Medium,Medium,0.030900180803820815,0.032090744415413486,0.9370090747807657
19711,28711,Medium,Medium,0.03584531565215902,0.03297326394849875,0.9311814203993422
31882,40882,Low,Low,0.028781955706654778,0.9315937039557792,0.039624340337566115
22464,31464,Medium,Medium,0.031108568858628043,0.029035292356035153,0.9398561387853368
9250,18250,Low,Medium,0.02979434260683499,0.030516229389106253,0.9396894280040587
16285,25285,Medium,Medium,0.03283023669847708,0.030744856423070965,0.9364249068784519
7593,16593,Low,Low,0.03452202349572698,0.923783214717843,0.04169476178643008
17968,26968,High,Medium,0.03342231472911626,0.03161940335204544,0.9349582819188385
34022,43022,Medium,Medium,0.03530168471346132,0.03598540365586084,0.9287129116306779
30467,39467,Low,Low,0.03438570150919304,0.8861361127344839,0.07947818575632308
3255,12255,Medium,Medium,0.03918517967602359,0.029190370807480447,0.9316244495164959
24593,33593,Medium,Medium,0.0347420179085536,0.06204949345036274,0.9032084886410837
1301,10301,High,High,0.9296640613858503,0.028960499775007545,0.04137543883914211
25897,34897,Low,Low,0.03058676620016419,0.9170579975419431,0.052355236257892714
21752,30752,Low,Low,0.037503758431548385,0.9106763278534632,0.05181991371498831
5633,14633,Low,Low,0.03849163769997268,0.894747856458522,0.06676050584150538
19773,28773,Low,Low,0.029511025105210295,0.9309448800988651,0.03954409479592466
31677,40677,High,High,0.9300460441883022,0.029050023578538753,0.04090393223315917
12452,21452,Medium,Medium,0.21723978292004165,0.040058819001941935,0.7427013980780163
12892,21892,High,High,0.9312722946688764,0.028223298523513917,0.04050440680760974
39907,48907,Low,Low,0.030635756559762518,0.9273338836241655,0.042030359816072005
15597,24597,Low,Low,0.02979928111453618,0.9303412233388295,0.03985949554663421
9346,18346,High,Medium,0.03535362347967009,0.03335239993885971,0.9312939765814702
38153,47153,Medium,Low,0.0405776856180295,0.7484870484609493,0.21093526592102138
3770,12770,Medium,Medium,0.0341910729029064,0.04120609480540621,0.9246028322916873
12603,21603,Medium,Medium,0.08870929640072016,0.03090420458689372,0.8803864990123861
23341,32341,Low,Low,0.028846973404895004,0.9304597175027856,0.040693309092319434
3666,12666,High,High,0.9297327702346249,0.03040677677683251,0.039860452988542655
7382,16382,Low,Low,0.031758839392482065,0.9204100518606267,0.04783110874689112
39444,48444,High,High,0.9285984437898959,0.02940618680453384,0.04199536940557041
19977,28977,High,High,0.930756247401953,0.028616463262110023,0.040627289335937074
37480,46480,Medium,Medium,0.030876718459873803,0.02905519839726442,0.9400680831428617
1661,10661,Medium,Medium,0.029976691751752712,0.03071501720366295,0.9393082910445844
39388,48388,Medium,Medium,0.030578289233101862,0.02946340794451342,0.9399583028223848
23854,32854,High,High,0.9323436857683527,0.028527534776807455,0.03912877945483976
12073,21073,Low,Low,0.036229001564180525,0.8678115125301477,0.09595948590567181
17987,26987,High,High,0.9316021242880802,0.028451918092863637,0.03994595761905603
34638,43638,Medium,Low,0.038431709368838406,0.6608512845935232,0.30071700603763835
35404,44404,Low,Low,0.02927940774808753,0.9310933228040756,0.03962726944783688
7257,16257,High,High,0.9295373073565876,0.028361211985825918,0.04210148065758656
36903,45903,Medium,Medium,0.03275016746087051,0.031916795862863605,0.9353330366762659
5050,14050,Low,Low,0.037687381861187016,0.9110754942713047,0.05123712386750825
37094,46094,High,High,0.9298989660025994,0.030150217080594916,0.039950816916805854
34381,43381,Medium,Medium,0.03031482131533351,0.029858231991202355,0.9398269466934641
16372,25372,High,High,0.9331597554457826,0.027625824313270198,0.03921442024094734
5915,14915,Low,Low,0.03392440599200549,0.9259991088438783,0.04007648516411633
12457,21457,High,High,0.9278235336481009,0.031495890698305086,0.04068057565359392
1957,10957,Medium,Medium,0.030182193280250156,0.02863388406592686,0.9411839226538229
30292,39292,High,High,0.9265134283396849,0.027987392919481005,0.04549917874083418
4525,13525,Medium,Medium,0.02947220356933945,0.02939274898784443,0.9411350474428161
4352,13352,Low,Low,0.029700305452654965,0.9284954031168148,0.04180429143053033
39036,48036,High,High,0.9269507612279253,0.02848357063480002,0.0445656681372747
27364,36364,Medium,Medium,0.03220885581287299,0.036717178019416166,0.9310739661677109
11030,20030,High,Medium,0.03142069423861901,0.02837171931718489,0.940207586444196
29436,38436,Medium,Medium,0.03114399194132017,0.03131124023902208,0.9375447678196579
27985,36985,Low,Low,0.029911703140365047,0.9296246070887779,0.040463689770856966
20955,29955,Low,Low,0.02922782320226133,0.9311482038132376,0.03962397298450109
1817,10817,Medium,Medium,0.03246571259078671,0.032268473352450505,0.9352658140567628
17747,26747,Low,Low,0.029736785099059335,0.9282942644458085,0.04196895045513216
27085,36085,Low,Low,0.033642721353953985,0.8182187040809388,0.14813857456510732
11598,20598,Medium,Low,0.035372944494172914,0.5435130265101616,0.42111402899566536
3356,12356,Medium,Medium,0.030944235904666117,0.03442070021687346,0.9346350638784605
17868,26868,High,High,0.9291808723844871,0.030181842395539366,0.04063728521997348
7884,16884,Medium,Medium,0.029829580483283838,0.030946089311104416,0.9392243302056117
5801,14801,Low,Low,0.02906463551200136,0.9313898537844043,0.03954551070359432
30548,39548,Medium,Medium,0.03090532885955463,0.028226497326130435,0.940868173814315
22587,31587,Medium,Medium,0.03238909370801794,0.028285534861103283,0.9393253714308787
7702,16702,Medium,Medium,0.03464494624665965,0.039400915991446295,0.925954137761894
12560,21560,Medium,Medium,0.033928225106083294,0.034715118749085984,0.9313566561448307
6495,15495,High,High,0.9191786659941981,0.032068735434028973,0.04875259857177305
34669,43669,Medium,Medium,0.03270939995667934,0.028617519000823443,0.9386730810424972
12305,21305,Medium,Medium,0.029507433429935292,0.03297683415489266,0.937515732415172
21127,30127,Medium,Medium,0.0327395004393722,0.04109311396415794,0.9261673855964698
32570,41570,Medium,Medium,0.03054477933925723,0.03012523246317807,0.9393299881975649
8905,17905,High,High,0.9270146131909524,0.03132152263739676,0.041663864171650994
23460,32460,High,High,0.9224150603114608,0.03258022653679347,0.04500471315174571
1463,10463,Low,Low,0.029595860190422926,0.9307196732088419,0.03968446660073532
30174,39174,Medium,Medium,0.03404809811131105,0.032158823740555,0.933793078148134
2473,11473,Medium,Medium,0.03743340038969143,0.03461496889405787,0.9279516307162506
25750,34750,Low,Low,0.028895838178194005,0.9316454734072308,0.0394586884145752
7564,16564,Medium,Medium,0.033363641116963265,0.03301219402292492,0.9336241648601118
34185,43185,High,High,0.9317921403718522,0.027921871517507288,0.040285988110640374
26134,35134,Medium,Medium,0.02977739490744838,0.03189635151502163,0.93832625357753
1473,10473,Medium,Medium,0.03118544172115593,0.032772152841866437,0.9360424054369777
31207,40207,High,High,0.9261633883958669,0.028399711708593,0.04543689989554004
30441,39441,High,High,0.9306989592217493,0.028198604654094992,0.04110243612415567
11570,20570,Low,Low,0.02983847154636701,0.9302424785119903,0.039919049941642734
16989,25989,Low,Low,0.030674782946389294,0.9249223534745555,0.04440286357905513
19581,28581,High,High,0.9320593405464658,0.027721907307963357,0.040218752145570996
25913,34913,Medium,Medium,0.03415595695159185,0.031186413095136433,0.9346576299532717
12825,21825,Medium,Medium,0.12316950981135426,0.032075601113652374,0.8447548890749935
29541,38541,Low,Low,0.02934392104246784,0.9299569543394185,0.04069912461811361
27207,36207,Low,Low,0.02916950689019236,0.930035653356661,0.04079483975314655
29361,38361,Low,Low,0.031612888870577754,0.9254166774024194,0.04297043372700293
27480,36480,Low,Low,0.03233104385261372,0.8882530296504564,0.0794159264969299
27000,36000,High,High,0.9277224790564009,0.029562833813941865,0.042714687129657064
18320,27320,Medium,Medium,0.030362159706704417,0.029382269097953672,0.9402555711953419
31832,40832,Low,Low,0.03133627931862857,0.922854007320722,0.04580971336064945
35075,44075,Medium,Medium,0.05257899367444555,0.030404758859886416,0.9170162474656681
22637,31637,High,Medium,0.029762777011105395,0.029240412314518693,0.9409968106743759
23883,32883,Medium,Medium,0.02982555572608066,0.029863937190084937,0.9403105070838343
7149,16149,Low,Low,0.03105650212048744,0.9274502396549226,0.041493258224589886
30172,39172,Medium,Medium,0.03159628574180789,0.029086604128670753,0.9393171101295213
1423,10423,Low,Low,0.030978753464930054,0.9211015033867193,0.04791974314835065
27517,36517,Low,Low,0.030012089013857532,0.9293813553448067,0.04060655564133578
1671,10671,Medium,Medium,0.03141967131151063,0.03336396123654973,0.9352163674519396
222,9222,Medium,Medium,0.24302527251436934,0.05710927913412365,0.699865448351507
39006,48006,High,Medium,0.032884392519045756,0.030123319773710047,0.9369922877072442
10441,19441,Medium,Medium,0.03677129393744722,0.030502641125716046,0.9327260649368369
27576,36576,Medium,Low,0.030164517373957724,0.9298477148429214,0.039987767783120846
38818,47818,Low,Low,0.037224374847475844,0.8374965243862537,0.12527910076627047
37054,46054,Medium,Medium,0.05086105548771166,0.032403064586824536,0.9167358799254638
30067,39067,Low,Low,0.0300060835618194,0.9298354550011378,0.04015846143704268
24411,33411,Medium,Medium,0.03784072793108518,0.07027931269998018,0.8918799593689347
33648,42648,Low,Low,0.031072693041992686,0.9106819545577544,0.058245352400252935
27104,36104,Medium,Medium,0.03571371085060592,0.03302390935716846,0.9312623797922256
18264,27264,Medium,Medium,0.03205524915479992,0.030469453067161468,0.9374752977780386
34896,43896,Medium,Low,0.03722693434934881,0.5589777173918711,0.40379534825878016
13257,22257,High,High,0.923688941473373,0.032692161942232865,0.043618896584394135
7789,16789,Low,Medium,0.03847733112609736,0.29076445486331476,0.670758214010588
7656,16656,Low,Low,0.030379013481753692,0.9245265447179135,0.04509444180033289
19850,28850,Medium,Medium,0.03528218672927879,0.04036102645647178,0.9243567868142494
39500,48500,Medium,Medium,0.031687147254099525,0.02906897833847497,0.9392438744074255
16985,25985,High,High,0.9312053683001283,0.02863710182726885,0.04015752987260284
32083,41083,Medium,Medium,0.030853645547561048,0.03155032065776542,0.9375960337946735
36795,45795,Medium,Medium,0.029806567276281056,0.029608845715532222,0.9405845870081867
20803,29803,High,High,0.9297077946331891,0.029973456849031837,0.04031874851777913
28617,37617,Medium,Medium,0.03826194930132234,0.03802082372247808,0.9237172269761996
1328,10328,High,High,0.9264763757657061,0.030718435563411615,0.042805188670882406
31053,40053,Medium,Low,0.0319027563029644,0.5598636672996675,0.40823357639736796
24919,33919,High,High,0.9253547566264185,0.02880305587371727,0.04584218749986419
10573,19573,Medium,Medium,0.029138818570038635,0.028775337765827625,0.9420858436641337
15238,24238,High,High,0.9308015369529095,0.029096878125515344,0.04010158492157518
15418,24418,High,High,0.9203656226700293,0.03162081657486825,0.04801356075510238
2331,11331,Medium,High,0.9251850146861353,0.030304181711283396,0.044510803602581306
27238,36238,High,High,0.9307856146483907,0.028521078277960226,0.04069330707364908
32339,41339,Low,Low,0.03035992305867517,0.9263174498643788,0.043322627076945945
6751,15751,Medium,Medium,0.029200645856474333,0.03848785573621293,0.9323114984073128
23424,32424,Medium,Medium,0.035747580267813044,0.051235753682136675,0.9130166660500502
2418,11418,Low,Low,0.030790384859135284,0.9291353440904965,0.04007427105036831
35246,44246,High,High,0.9237131390100183,0.03602366146575085,0.04026319952423079
20219,29219,High,High,0.9297209666207441,0.030280188193449565,0.03999884518580641
5353,14353,Low,Low,0.031039970955891182,0.9277715665692101,0.04118846247489872
33866,42866,Medium,Medium,0.03304289018710336,0.029327337832233385,0.9376297719806633
28560,37560,Medium,Medium,0.030652197988322222,0.0344161464590382,0.9349316555526396
19526,28526,Low,Low,0.02997819086653065,0.9294720282385992,0.04054978089487007
36901,45901,Medium,Medium,0.03695311154805961,0.03150117037428803,0.9315457180776523
15694,24694,Low,Low,0.029824051629322435,0.9265567109254734,0.04361923744520402
15082,24082,Medium,Medium,0.030729799792195995,0.030733912121162676,0.9385362880866414
34442,43442,Medium,Medium,0.31341885508277884,0.043004863025777024,0.6435762818914441
36178,45178,Low,Low,0.03127148396054119,0.9253078092449516,0.04342070679450733
24152,33152,Medium,Medium,0.032996128418854326,0.03209835798116071,0.934905513599985
28156,37156,Medium,Medium,0.03560184228256021,0.03200200508998808,0.9323961526274517
26684,35684,Medium,Medium,0.031586110754328635,0.03263483575494364,0.9357790534907277
11899,20899,High,High,0.9276439476208456,0.03174526933026258,0.04061078304889179
21808,30808,Medium,Medium,0.03459532777417997,0.03200515674254359,0.9333995154832765
1810,10810,Medium,Medium,0.034464663107452886,0.035751708398418625,0.9297836284941284
15573,24573,High,Medium,0.031099738504212732,0.029070839108144276,0.939829422387643
35693,44693,High,High,0.9203585555767061,0.03096974626674801,0.04867169815654585
15496,24496,Medium,Medium,0.0540181369094014,0.030506286938293197,0.9154755761523053
9125,18125,Low,Low,0.029361033638477977,0.9304217367246497,0.040217229636872326
15307,24307,Low,Low,0.029692690574824956,0.923050534961988,0.04725677446318711
18404,27404,High,High,0.9239009282553381,0.03286984196645299,0.04322922977820893
3113,12113,Low,Medium,0.05952211057899961,0.03239026079500742,0.9080876286259931
10923,19923,Medium,Medium,0.03678803204821258,0.03204612262533525,0.9311658453264521
20977,29977,High,High,0.9300828150083166,0.030507734359607148,0.03940945063207627
11368,20368,Medium,Medium,0.033988675325347745,0.046092287652620224,0.9199190370220319
33012,42012,Medium,Medium,0.030120500562890968,0.028161336437576522,0.9417181629995325
21162,30162,Low,Low,0.032805576416785,0.8688292058716214,0.09836521771159366
34658,43658,Medium,Medium,0.03666566299899188,0.18975101254828242,0.7735833244527258
23948,32948,Medium,Medium,0.030442405764266833,0.03029109189863836,0.9392665023370949
33966,42966,Medium,Medium,0.029586485743602193,0.048497474903684334,0.9219160393527135
36181,45181,Low,High,0.9307500975310349,0.028115374718572183,0.041134527750393
26363,35363,Low,Low,0.03038318650978036,0.9146220890308996,0.05499472445932007
27777,36777,Medium,Medium,0.03092368923967495,0.039463775703292965,0.9296125350570321
1813,10813,Low,Low,0.03018189366593874,0.9277052066126279,0.04211289972143336
38009,47009,Low,Low,0.0288175357587709,0.9318131375557753,0.039369326685453704
5678,14678,Medium,Low,0.03917796289601525,0.5620376387494472,0.39878439835453755
25745,34745,High,High,0.9269992731154563,0.03184051000474893,0.04116021687979491
37807,46807,Low,Medium,0.029315197560609685,0.03209079901006631,0.938594003429324
36452,45452,Medium,Medium,0.031066662354110774,0.039611932166430386,0.9293214054794589
2432,11432,Medium,Medium,0.03338695734189941,0.03320678394711208,0.9334062587109885
6226,15226,Medium,Medium,0.03298843188213823,0.03317403102252022,0.9338375370953415
26889,35889,High,High,0.9284654366142578,0.027818402303109776,0.04371616108263232
37840,46840,Medium,Medium,0.034003072895220365,0.0538105737863581,0.9121863533184215
13240,22240,High,High,0.9283189732163998,0.0306020116473027,0.04107901513629759
15608,24608,Medium,Medium,0.029520039164074818,0.03101053213757345,0.9394694286983518
22090,31090,High,High,0.9314707460423174,0.02885447535180827,0.03967477860587437
1575,10575,Medium,Medium,0.04037653362087435,0.030820198441158204,0.9288032679379675
38760,47760,Medium,Medium,0.3902265668801197,0.0595612546425666,0.5502121784773136
7657,16657,High,High,0.9207468732733185,0.030821318044828277,0.04843180868185328
20982,29982,Medium,Medium,0.030090471772672562,0.028846688628310007,0.9410628395990174
18159,27159,Medium,Medium,0.040046269271678946,0.0317222389330326,0.9282314917952886
33713,42713,Low,Low,0.03008186244261259,0.9242130165835062,0.04570512097388124
33960,42960,High,High,0.9074687332236137,0.03014767585799662,0.06238359091838974
9786,18786,High,High,0.9327118058409324,0.028240354686178495,0.039047839472889215
23848,32848,Medium,Medium,0.042034438718753064,0.36689255489053246,0.5910730063907144
39081,48081,Low,Low,0.028802850118408243,0.9316629398315469,0.03953421005004484
29333,38333,Medium,Medium,0.03316985024926688,0.03184236241377143,0.9349877873369618
37398,46398,Low,Low,0.03854062650007745,0.9205686009330324,0.04089077256689023
33449,42449,High,High,0.9218101814241414,0.03844323208888955,0.039746586486969056
12403,21403,Medium,Medium,0.043364553571121754,0.041238006993054126,0.9153974394358242
37674,46674,High,High,0.9308932236772437,0.029583738269893373,0.03952303805286289
38002,47002,Medium,Medium,0.03128068430297037,0.03689529209652073,0.9318240236005089
15348,24348,Medium,Medium,0.029954461610144135,0.03911495120263137,0.9309305871872245
553,9553,High,High,0.9165859843168103,0.028399897735981436,0.05501411794720834
37881,46881,Medium,Medium,0.061532656179680206,0.03369239655346724,0.9047749472668526
39768,48768,Medium,Medium,0.03499655815964059,0.04228016692814728,0.9227232749122122
20282,29282,Low,High,0.9311618017906724,0.028980731429686754,0.039857466779640825
18505,27505,Medium,Medium,0.06293487010165431,0.03184661170913378,0.905218518189212
2678,11678,Medium,Medium,0.037850217868353936,0.03052259407670316,0.9316271880549429
38278,47278,High,High,0.9279166031773197,0.028479813040746076,0.043603583781934296
21928,30928,Low,Low,0.02897825291209029,0.9298658740950746,0.041155872992834984
10015,19015,Low,Low,0.0298472505158006,0.9303023567134451,0.03985039277075448
34433,43433,Medium,Medium,0.031184310135560316,0.030305002658650215,0.9385106872057895
37600,46600,Medium,Medium,0.03564439774959051,0.035319978370826406,0.929035623879583
2497,11497,High,High,0.9304937361127613,0.02990476188842177,0.039601501998816825
35729,44729,Low,Low,0.029633059054267274,0.9294697333978107,0.040897207547922
39080,48080,Medium,Medium,0.03557096359029271,0.03242984554111077,0.9319991908685966
13982,22982,Medium,Medium,0.032498302712913874,0.039104903572949934,0.9283967937141361
16635,25635,High,High,0.9310136063832785,0.028518080725110362,0.04046831289161125
33817,42817,High,High,0.9305586358999679,0.029091833935912997,0.0403495301641191
37479,46479,Low,Low,0.03740891933069862,0.8121343613460875,0.15045671932321394
21680,30680,Low,Low,0.031405278542386277,0.9216960028676316,0.046898718589982125
29826,38826,Low,Low,0.0296830392668325,0.9284039623724857,0.041912998360681665
16051,25051,High,Medium,0.039270246217241254,0.03970830510889177,0.921021448673867
25153,34153,Low,High,0.9091204909949723,0.04450905697602528,0.046370452029002335
23752,32752,Low,Low,0.029411321400027484,0.9305936177389973,0.03999506086097534
21054,30054,Medium,Medium,0.08685523394095973,0.23431255843000018,0.6788322076290401
31327,40327,Medium,Medium,0.030631919099836258,0.03043555388032533,0.9389325270198384
21920,30920,Medium,Medium,0.030355247355411008,0.038152742270450735,0.9314920103741383
13919,22919,Medium,Medium,0.03813091080185216,0.03165693521899458,0.9302121539791534
37138,46138,Medium,Low,0.032435396471206815,0.8172035578339694,0.15036104569482375
12084,21084,Medium,Medium,0.030740034612658756,0.02949689871015758,0.9397630666771836
33891,42891,Low,Low,0.03162306821262928,0.9272620471534917,0.04111488463387895
26848,35848,Low,Low,0.030260009423395757,0.9296898269964045,0.04005016358019972
39827,48827,Low,Medium,0.03468896231939119,0.034954077063306936,0.9303569606173019
35425,44425,Medium,Medium,0.03922592966318464,0.030682680750499902,0.9300913895863153
39262,48262,Medium,Medium,0.0328481139809942,0.029842868306329904,0.937309017712676
3155,12155,Low,Medium,0.032607535610600695,0.03313049771920989,0.9342619666701895
2006,11006,Low,Low,0.0292391858593872,0.9237925498160154,0.04696826432459738
5192,14192,High,High,0.9259252868961269,0.028252256940084774,0.04582245616378827
17646,26646,Medium,Medium,0.029694866715843135,0.02907528717867346,0.9412298461054833
2949,11949,Low,Low,0.03176511484042063,0.9264040135133401,0.04183087164623919
19668,28668,Low,Low,0.029281870631794698,0.925289254859735,0.04542887450847008
35060,44060,Low,Low,0.03016664919934528,0.9294093194594275,0.04042403134122727
4275,13275,High,Medium,0.039990531426215836,0.04593925832716194,0.9140702102466222
16517,25517,Low,Low,0.030873675694479758,0.9269198328272165,0.04220649147830364
23080,32080,High,High,0.9310967659608108,0.02908973475940804,0.039813499279781214
26342,35342,High,High,0.9308547354687672,0.02964329207633141,0.03950197245490151
4026,13026,High,High,0.9315283255017833,0.02790385055079433,0.04056782394742239
25200,34200,High,High,0.9307207730787864,0.029541621506725065,0.03973760541448849
3878,12878,High,High,0.9323708327642669,0.027811173768969664,0.0398179934667634
26313,35313,High,High,0.9240615743835076,0.03096042005400654,0.04497800556248585
15140,24140,High,High,0.7337404529159682,0.031814531742215636,0.23444501534181617
3944,12944,Medium,High,0.7344468194635053,0.09874842495557162,0.16680475558092303
19927,28927,High,High,0.9294668344830646,0.03008815357855534,0.04044501193838021
16083,25083,High,High,0.9287565828277152,0.03187259502336411,0.03937082214892062
4260,13260,Medium,Medium,0.03781027241660062,0.034765475323079637,0.9274242522603197
28367,37367,High,High,0.9315980041903019,0.028952713345266806,0.039449282464431155
18805,27805,Medium,Medium,0.03051205502145277,0.03381130751027107,0.935676637468276
31487,40487,Medium,Medium,0.03127263242350847,0.03025370279585532,0.9384736647806363
18172,27172,Medium,Medium,0.034677140889655095,0.03965017506403101,0.925672684046314
38715,47715,Medium,Medium,0.029082031837253736,0.02873691689775833,0.942181051264988
26522,35522,Medium,Medium,0.03149318206025357,0.0626002211922685,0.905906596747478
37914,46914,Low,Low,0.030038108724179797,0.9261509433391749,0.04381094793664527
11832,20832,Low,Low,0.029339044891003956,0.9258061439543123,0.044854811154683726
1259,10259,High,Low,0.03038462957761794,0.9300566562899691,0.03955871413241296
6501,15501,Low,Low,0.02957210303055112,0.9304829762653141,0.039944920704134856
26073,35073,Low,Low,0.02950408349711241,0.9309253085750563,0.03957060792783133
30495,39495,High,High,0.9273639173686453,0.02957663990944601,0.04305944272190873
25398,34398,Low,Low,0.029288361625292192,0.928659016883203,0.042052621491504856
10276,19276,Medium,Medium,0.03435670200114405,0.03202979289576296,0.9336135051030929
20676,29676,Medium,Medium,0.030690333454739163,0.032884087488192264,0.9364255790570687
33681,42681,Medium,Medium,0.03976633545868766,0.03118431119555118,0.9290493533457612
11787,20787,Low,Low,0.03165997087793679,0.9260450000471646,0.04229502907489868
39192,48192,Medium,Medium,0.03023061687751108,0.03190239466750556,0.9378669884549833
700,9700,Medium,Medium,0.02975915516531136,0.029492842790569778,0.9407480020441188
15939,24939,Medium,Medium,0.03324648496240484,0.03214845960552541,0.9346050554320698
13876,22876,High,High,0.9321524037450932,0.028366184810829472,0.03948141144407736
4377,13377,High,High,0.9290910695371304,0.029509619257893995,0.041399311204975545
8182,17182,Medium,Medium,0.03181805084719405,0.03350366672340678,0.9346782824293992
35795,44795,Medium,Medium,0.030537741490493302,0.03243536946990116,0.9370268890396055
37860,46860,High,High,0.9258072348500868,0.03262045210464476,0.0415723130452684
39154,48154,High,High,0.9312619973960223,0.029103893588473245,0.039634109015504466
10730,19730,Medium,Medium,0.029323539917328556,0.03550842731283036,0.9351680327698412
12137,21137,Medium,Medium,0.035042987705846684,0.03100465589392413,0.9339523564002291
1919,10919,Medium,Medium,0.03407108448138719,0.029548498361647673,0.9363804171569652
29262,38262,Medium,Medium,0.10757313583658308,0.03893926826426309,0.8534875958991538
5305,14305,Low,Low,0.030546806918235903,0.9136370457741788,0.055816147307585266
27376,36376,Medium,Medium,0.03189577199496293,0.03323818673692071,0.9348660412681163
37053,46053,Medium,Medium,0.06843859856621602,0.2769846114921182,0.6545767899416658
19219,28219,Low,Low,0.03136034877868273,0.9243445388245948,0.04429511239672246
25529,34529,Medium,Medium,0.03380106490555185,0.036104365617575844,0.9300945694768723
8907,17907,Medium,Medium,0.03840463306770495,0.04133824690666967,0.9202571200256253
31830,40830,Medium,Medium,0.048110352661772826,0.030290895993128026,0.921598751345099
13239,22239,Medium,Medium,0.03560413645051597,0.033054890248389514,0.9313409733010944
14012,23012,High,High,0.9328514342089383,0.0278392306519429,0.0393093351391188
33935,42935,Medium,Medium,0.032361734629496354,0.042595502505775096,0.9250427628647285
13986,22986,Medium,Medium,0.044321719641055336,0.03612092748616765,0.9195573528727771
8983,17983,Medium,Medium,0.03710498581656783,0.037110002182677425,0.9257850120007548
1238,10238,Medium,Medium,0.036443391374703815,0.04068984617732696,0.9228667624479692
3078,12078,Low,Low,0.02963542670229415,0.9270978916607165,0.0432666816369893
21614,30614,High,High,0.9254830726442034,0.032686023528910084,0.04183090382688651
38961,47961,High,High,0.9267690720795292,0.02903463248908372,0.04419629543138725
7064,16064,Low,Low,0.030011127841863067,0.9280381386824721,0.04195073347566489
31463,40463,Medium,Medium,0.04719333140080684,0.037537592909004276,0.915269075690189
6258,15258,Medium,Medium,0.03356703581306113,0.036175818218291335,0.9302571459686476
17015,26015,Low,Low,0.031453616505910505,0.9198191531316123,0.04872723036247704
16467,25467,Medium,Medium,0.03570414058386226,0.03676550632088582,0.927530353095252
7032,16032,Medium,Medium,0.03169096273937453,0.032309260277556186,0.9359997769830694
34229,43229,Low,Low,0.029403490334191245,0.9291200187120144,0.0414764909537943
7435,16435,Low,Medium,0.03609291512547639,0.31991286535738256,0.643994219517141
10275,19275,Medium,Medium,0.029461560437873163,0.028811699822536316,0.9417267397395905
10284,19284,Medium,Medium,0.03525879588951394,0.029889918907377966,0.9348512852031082
3057,12057,Medium,Medium,0.030715201762639647,0.029971079130761722,0.9393137191065987
19224,28224,Medium,Medium,0.03128605817477548,0.030947799471889543,0.9377661423533349
16437,25437,High,High,0.930785800480277,0.029225506881951673,0.039988692637771266
1755,10755,Medium,Medium,0.02941761945031891,0.030105188816120763,0.9404771917335603
28660,37660,Low,Low,0.029110731636728615,0.9309315855653398,0.039957682797931514
1915,10915,Medium,High,0.9305869400541932,0.029182863850082816,0.040230196095724056
2632,11632,Medium,Medium,0.031944860083373765,0.031070644141142353,0.9369844957754839
5835,14835,Low,Low,0.02977223083662919,0.9297428743654713,0.040484894797899386
22317,31317,Medium,Medium,0.036392539804671796,0.034633477200106504,0.9289739829952217
9713,18713,Medium,Medium,0.03076903223439549,0.0314138481976848,0.9378171195679196
5903,14903,High,High,0.9314819540575016,0.028563500023235655,0.03995454591926284
24224,33224,Low,Low,0.031718807961501914,0.9207231280032709,0.047558064035227034
21797,30797,Medium,Medium,0.03676932158595487,0.03915320161168598,0.9240774768023593
28636,37636,Medium,Medium,0.03161259210209975,0.031471440681366196,0.936915967216534
11429,20429,Medium,Medium,0.03012603218909564,0.03125158441751968,0.9386223833933847
17640,26640,Low,Low,0.02929665217727263,0.9296496502909548,0.04105369753177265
31765,40765,Medium,Medium,0.035542471915524225,0.03307578682865587,0.93138174125582
12202,21202,High,High,0.9286002392796454,0.031441451364288345,0.039958309356066174
35227,44227,Low,Low,0.029824654765811795,0.9282706614209769,0.04190468381321125
21039,30039,Medium,Medium,0.03213596734256768,0.03380491899818751,0.9340591136592448
5842,14842,Medium,Medium,0.032041205312159336,0.03092921547070356,0.9370295792171371
28205,37205,High,High,0.9216458122324874,0.02876803113482571,0.04958615663268685
20413,29413,Medium,Medium,0.04080645846722829,0.029765229299371268,0.9294283122334005
29297,38297,Low,Low,0.029327538321757916,0.9304907861513135,0.04018167552692861
196,9196,Low,Low,0.028756239103516563,0.9320632778538239,0.03918048304265954
10530,19530,High,High,0.9306517728779826,0.02939468508631923,0.03995354203569822
6588,15588,High,High,0.9294407607509388,0.02951028483631174,0.04104895441274931
19016,28016,Medium,Medium,0.03632060813001977,0.03461047261474632,0.9290689192552338
32049,41049,Medium,Medium,0.031013534360118472,0.030048722951656157,0.9389377426882254
5475,14475,High,High,0.9259685063440407,0.03311386876043043,0.04091762489552881
23142,32142,Medium,Medium,0.029114541065842034,0.027966804986769803,0.9429186539473883
2483,11483,Medium,Medium,0.030698339462701313,0.028831002487700198,0.9404706580495984
24309,33309,High,High,0.9317200893434526,0.028045510576910574,0.04023440007963681
24884,33884,Medium,Medium,0.03574067911524563,0.031831267091853806,0.9324280537929006
28109,37109,Medium,Medium,0.03302266627284539,0.04584554714992898,0.9211317865772256
2785,11785,Low,Low,0.03003923187395205,0.9254747787004695,0.04448598942557841
5917,14917,Medium,Medium,0.03810571385989687,0.031200613535798203,0.9306936726043049
5112,14112,Low,Low,0.02960327054577294,0.9298857117100389,0.04051101774418831
24664,33664,Medium,Medium,0.03211858304763409,0.029726620061885155,0.9381547968904806
34776,43776,Medium,Medium,0.03671528783202611,0.048907964829896254,0.9143767473380776
27960,36960,Medium,Medium,0.030452487974803683,0.029335008014819836,0.9402125040103764
15090,24090,Low,Low,0.02892064198509407,0.929904473542298,0.04117488447260797
27579,36579,Medium,Medium,0.04176664165537844,0.028979556489623703,0.929253801854998
22036,31036,Medium,Medium,0.030442007846775573,0.029434459457760926,0.9401235326954636
18076,27076,Medium,Medium,0.029738408215991847,0.028618166555508487,0.9416434252284995
23486,32486,Medium,Medium,0.03790803884244447,0.039104509503362465,0.922987451654193
31071,40071,Medium,Medium,0.038266043886509414,0.032719325850647456,0.9290146302628431
15324,24324,Medium,Medium,0.034567982625478826,0.032246164161188744,0.9331858532133324
8558,17558,High,High,0.926725260385619,0.028389518921049333,0.04488522069333172
13018,22018,Low,Low,0.028874063751713364,0.9314962606054493,0.03962967564283737
12380,21380,Medium,Medium,0.032417980360486855,0.03222909822085918,0.9353529214186539
6070,15070,High,High,0.9078274876383908,0.03220447321665728,0.05996803914495197
23907,32907,Medium,Medium,0.02886641123992047,0.029266954823862056,0.9418666339362174
4549,13549,Low,Low,0.03180280688397325,0.9269080738119232,0.04128911930410364
3832,12832,High,High,0.9308004503304715,0.027912423441717144,0.04128712622781122
19453,28453,High,High,0.9278464330277885,0.028477848741578094,0.04367571823063349
25962,34962,High,High,0.9163848810160254,0.038798777121807425,0.044816341862167146
1809,10809,Medium,Medium,0.0365771934070697,0.03296299493535612,0.9304598116575741
23199,32199,Low,Low,0.02916546118422181,0.9297637003422269,0.04107083847355122
10809,19809,Low,Low,0.02930519998418642,0.9297742223599537,0.04092057765585988
4983,13983,Medium,Medium,0.032071150960965626,0.0327991160325253,0.935129733006509
34895,43895,Low,Medium,0.04437866768478264,0.03686439944199718,0.9187569328732201
17069,26069,High,High,0.9226718858946216,0.028723181772507364,0.04860493233287095
18713,27713,High,High,0.9304321442360558,0.028322057629147596,0.0412457981347965
34988,43988,Low,Low,0.03477656308469747,0.8997857361526455,0.06543770076265713
10613,19613,High,High,0.9118620958530617,0.042040729393330034,0.046097174753608285
5492,14492,Medium,Medium,0.24166545001460227,0.06272253485551184,0.6956120151298859
11029,20029,Medium,Medium,0.040216253472395755,0.04000338459201128,0.9197803619355929
30943,39943,Medium,Medium,0.03288415189993458,0.03121846216348877,0.9358973859365767
37031,46031,Medium,Medium,0.036470474713392896,0.02877325980227874,0.9347562654843283
31155,40155,Low,Low,0.030031893414268155,0.9293112095775419,0.040656897008189974
21323,30323,Medium,Medium,0.030896368449935156,0.03449038021939257,0.9346132513306723
6505,15505,High,High,0.929782766124605,0.028360742318869148,0.04185649155652584
3945,12945,High,High,0.9275234840318985,0.03191011205032597,0.04056640391777552
301,9301,Medium,Medium,0.03718366886119571,0.03514700176357497,0.9276693293752293
16609,25609,Low,Low,0.030094808098366652,0.9281430685986441,0.04176212330298912
26957,35957,Medium,Medium,0.03363531626604438,0.08290495390376625,0.8834597298301894
32731,41731,Low,Low,0.028636558113855303,0.9298464548908032,0.04151698699534149
12292,21292,Low,Low,0.028936861260182318,0.9290313982230362,0.04203174051678161
31737,40737,Medium,Medium,0.029897279480605683,0.029943246333279005,0.9401594741861153
21667,30667,Low,Low,0.029444457377135896,0.9309756280412405,0.03957991458162365
8314,17314,High,High,0.9285712283952966,0.030831559968537786,0.040597211636165614
25990,34990,Medium,Medium,0.030560631022529667,0.029994737230666892,0.9394446317468034
29479,38479,High,High,0.931130557639149,0.028658785853059934,0.040210656507791216
32809,41809,Low,Low,0.02994489800281831,0.9233961629526289,0.046658939044552816
11765,20765,Low,Low,0.030347216017350975,0.9276334494747526,0.042019334507896446
28853,37853,Medium,Medium,0.03360508126172561,0.03401090343316082,0.9323840153051135
24050,33050,High,High,0.801421375828784,0.03426318216083984,0.16431544201037612
6850,15850,Low,Medium,0.029708531924673556,0.030543883321296993,0.9397475847540294
30704,39704,High,Medium,0.030637040643303082,0.030265186630753532,0.9390977727259434
20719,29719,Medium,Medium,0.0342186080031275,0.033946594182863964,0.9318347978140086
38227,47227,Low,Low,0.029978939511118075,0.9293242444536677,0.04069681603521441
25813,34813,Medium,Medium,0.029214156413785834,0.03025273667578564,0.9405331069104287
30911,39911,High,High,0.9312569185197869,0.02864284273890301,0.04010023874131
15734,24734,Medium,Medium,0.03772459617396376,0.03367410148811718,0.928601302337919
26931,35931,Low,Low,0.02881304744861646,0.9317265048939666,0.03946044765741693
30300,39300,Low,Low,0.029122508399720835,0.9295821306394704,0.04129536096080887
11244,20244,Medium,Medium,0.03094102676678635,0.02924297558885548,0.9398159976443582
23658,32658,Low,Low,0.029519636926538532,0.9285171635737233,0.04196319949973809
26715,35715,High,High,0.9331710739017836,0.027716779400677172,0.03911214669753916
19982,28982,Medium,Medium,0.043012205495199206,0.037726813966702986,0.9192609805380979
12568,21568,Medium,Medium,0.0306427089313453,0.03052804208494499,0.9388292489837097
31648,40648,Medium,Medium,0.03333048383338706,0.03249617190252501,0.9341733442640879
15994,24994,Medium,High,0.9326197057306299,0.028047218444598437,0.03933307582477172
26747,35747,Medium,Medium,0.032130498066787534,0.10467998235744362,0.8631895195757688
12633,21633,High,High,0.9313257651071171,0.02851140309273648,0.04016283180014634
9206,18206,Low,Low,0.03230710922492804,0.9253512235054596,0.04234166726961219
11362,20362,Medium,Medium,0.03905754543072304,0.03333482061653711,0.9276076339527398
12913,21913,High,High,0.9305625892482436,0.02899842699428587,0.0404389837574704
18502,27502,Medium,Medium,0.03852984767221972,0.034694888484955104,0.9267752638428252
4210,13210,Medium,Medium,0.033714755576030805,0.035574228509396184,0.930711015914573
26186,35186,Medium,Medium,0.036786252347985035,0.030679782671646533,0.9325339649803684
12596,21596,Medium,Medium,0.04356404785763982,0.03467030395560423,0.921765648186756
32717,41717,High,High,0.9323122776056483,0.028412830520463252,0.03927489187388845
38765,47765,Medium,Medium,0.03058472466678033,0.03574764435079144,0.9336676309824282
9577,18577,Medium,Medium,0.03083223777741427,0.02915166655359976,0.9400160956689859
28598,37598,Low,Low,0.029292116150614316,0.9314528224000558,0.03925506144932995
16377,25377,High,High,0.9286333058466464,0.030227452015267785,0.04113924213808586
10752,19752,Medium,Medium,0.03685953208700384,0.03081345527847547,0.9323270126345206
38108,47108,Low,Low,0.03005300206767444,0.9302957693956831,0.03965122853664256
24464,33464,Medium,Medium,0.030651574601937598,0.03015464621899999,0.9391937791790624
12760,21760,High,High,0.9299637318376043,0.029388700983104383,0.04064756717929138
14091,23091,Low,Low,0.03330068880007996,0.9216571755823727,0.045042135617547406
6580,15580,Low,Low,0.03395508143367213,0.9250261628673471,0.0410187556989809
977,9977,Low,Low,0.029099767891689592,0.9168332128565119,0.05406701925179861
33619,42619,Medium,Medium,0.02878609885058436,0.028331055777346154,0.9428828453720696
20810,29810,High,High,0.9288585915124479,0.029355062183024982,0.04178634630452712
12469,21469,Low,Low,0.029150884301633054,0.9310894443558109,0.03975967134255609
37049,46049,Medium,Medium,0.03206028731749572,0.03007872575709661,0.9378609869254076
22844,31844,Medium,Medium,0.030212694731346416,0.028845573319166328,0.9409417319494873
1541,10541,Low,Low,0.031235584884160963,0.923670917571329,0.04509349754451
16955,25955,High,High,0.9324702608231249,0.028184264292586025,0.039345474884289
15035,24035,Medium,Medium,0.034192938639446564,0.03588803279179912,0.9299190285687543
314,9314,Low,Low,0.03042676197796644,0.9260286235785906,0.043544614443442986
31416,40416,Medium,Medium,0.03224505900703913,0.030542525910433396,0.9372124150825275
21269,30269,Medium,High,0.9320583093322888,0.028518063317855922,0.03942362734985519
12021,21021,Medium,Medium,0.030505548713536407,0.033506545054029176,0.9359879062324344
34624,43624,Medium,Medium,0.03513707035155709,0.03420374901752508,0.9306591806309178
10932,19932,High,High,0.9201653773237103,0.030316581328257975,0.04951804134803184
39948,48948,High,High,0.9276691077328003,0.030624324076172254,0.041706568191027325
13201,22201,Medium,Medium,0.033883305788042696,0.036769814007289646,0.9293468802046677
6099,15099,Low,Low,0.02878868389763774,0.9313587210103048,0.039852595092057345
2721,11721,Medium,Medium,0.03338997184536963,0.03725441498431987,0.9293556131703106
63,9063,High,High,0.9316323054006554,0.02812426845089881,0.04024342614844579
16137,25137,Medium,Medium,0.03933451018311921,0.03521183389115076,0.9254536559257301
14353,23353,High,High,0.9242417649876907,0.030155636515790115,0.0456025984965191
34969,43969,Low,Low,0.029963960504281326,0.9112935787901484,0.05874246070557032
27432,36432,High,High,0.9292838554557669,0.03004225261226068,0.04067389193197236
37446,46446,High,High,0.9252485669031246,0.03409586980377763,0.04065556329309778
33404,42404,Medium,Medium,0.03446732843244422,0.033829285253080044,0.9317033863144757
2382,11382,Low,Low,0.028961996359558772,0.9298154049743235,0.04122259866611779
17362,26362,High,High,0.9313346241995067,0.02872417198809038,0.0399412038124028
14150,23150,High,High,0.9307677921921119,0.0288070351889959,0.040425172618892224
28411,37411,Medium,Medium,0.03111235186400647,0.030238690343360092,0.9386489577926335
35949,44949,High,High,0.9184126124766837,0.03103052616013774,0.05055686136317858
14721,23721,Medium,Medium,0.03622993051824699,0.03367158709630975,0.9300984823854432
37315,46315,Medium,Medium,0.03097709651036949,0.029845167535876436,0.939177735953754
24156,33156,High,High,0.9273163396874676,0.030131396448570585,0.04255226386396172
7609,16609,High,High,0.9312875630740937,0.028584471792422347,0.04012796513348398
30002,39002,Medium,Medium,0.0296708186164344,0.028204685154854376,0.9421244962287113
19378,28378,Medium,Medium,0.061946768789635155,0.03432878206709113,0.9037244491432737
26552,35552,High,Medium,0.030260321633913446,0.03104751008229011,0.9386921682837964
26052,35052,Medium,Medium,0.02904985985894415,0.028221243377888488,0.9427288967631674
7461,16461,Medium,Low,0.03553936947422191,0.9099601228695845,0.05450050765619366
2719,11719,Medium,Medium,0.028894380825943738,0.02888203624271819,0.9422235829313381
2273,11273,Low,Low,0.03028216619467119,0.9258297601259233,0.04388807367940555
28597,37597,Medium,Medium,0.03486696766616777,0.03099761942931627,0.934135412904516
38071,47071,High,High,0.9301647444115155,0.028443045970088805,0.041392209618395626
2709,11709,Low,Low,0.029564628272253077,0.9234255704237095,0.047009801304037376
21153,30153,Medium,High,0.9314146855784738,0.02850382705286329,0.040081487368662884
32533,41533,Medium,Medium,0.0401111640583784,0.03121069198811413,0.9286781439535075
5359,14359,Low,Low,0.029590449294281996,0.9305874931753616,0.03982205753035633
16385,25385,High,High,0.9330476139744849,0.02778934173657133,0.03916304428894388
35389,44389,Medium,Medium,0.030069565651951555,0.028979175372078936,0.9409512589759697
19392,28392,Medium,Medium,0.02897656826585517,0.028243272101571636,0.9427801596325732
39215,48215,Medium,Medium,0.03160443357490472,0.03013602697631837,0.9382595394487768
5539,14539,Medium,Medium,0.04490759812144868,0.030847287519078614,0.9242451143594727
28446,37446,Medium,Medium,0.03634474514598285,0.03143605497159837,0.9322191998824189
38393,47393,High,High,0.9318446021464811,0.028225992061393607,0.03992940579212532
35313,44313,Medium,Medium,0.03242708153577151,0.029761048783927282,0.9378118696803012
10424,19424,Medium,Medium,0.030700297991800865,0.02894265462562427,0.9403570473825749
8893,17893,Medium,Medium,0.030941527292920212,0.028753927881477837,0.9403045448256019
7592,16592,Medium,Medium,0.033317366994954405,0.03092812996336701,0.9357545030416786
5106,14106,High,High,0.9237549171990321,0.03389885423982172,0.04234622856114609
33892,42892,Medium,Medium,0.03296341173649498,0.04230630079039402,0.924730287473111
26719,35719,Low,Low,0.029790179957768545,0.928373426475304,0.04183639356692748
13985,22985,Medium,Medium,0.032813900721241435,0.03033831702419355,0.936847782254565
34112,43112,Medium,Medium,0.17958855643942961,0.03664985259645753,0.7837615909641128
22794,31794,Low,Low,0.02869899097131162,0.9316932627562545,0.03960774627243379
2360,11360,Low,Low,0.028627151413802825,0.9318684757619912,0.039504372824206054
1535,10535,Medium,Medium,0.03526371618362418,0.03419059270612869,0.9305456911102471
20174,29174,Low,Low,0.028852015924653526,0.9254732658304438,0.045674718244902664
2388,11388,Low,Low,0.029036213899061126,0.9315532244255312,0.03941056167540763
39990,48990,High,High,0.9316509139559997,0.02825317124203107,0.04009591480196919
28504,37504,Medium,Medium,0.03267891637104816,0.037036393945029146,0.9302846896839227
24523,33523,Low,Low,0.03060136590478733,0.926976564353322,0.0424220697418907
35301,44301,Medium,Medium,0.029293906448170436,0.02820125842650209,0.9425048351253276
5513,14513,Low,Low,0.029616301737395642,0.9235464065160338,0.046837291746570475
3718,12718,Medium,Medium,0.02855855771926455,0.02824226776294081,0.9431991745177947
4597,13597,High,High,0.9329292313381569,0.027654417238799644,0.03941635142304347
23975,32975,Medium,Medium,0.029226459884952954,0.03257693334232826,0.9381966067727188
22401,31401,Medium,Medium,0.054374602214483536,0.03766378935847533,0.9079616084270411
3854,12854,High,High,0.9273406280383506,0.030082191854596457,0.042577180107053
17070,26070,Medium,Medium,0.04064025478392926,0.031740636814879784,0.927619108401191
39187,48187,Medium,Medium,0.03354000826871626,0.23603316381179829,0.7304268279194854
16149,25149,Medium,Medium,0.0436349279735652,0.05761735186882666,0.8987477201576081
32366,41366,Low,Low,0.029830652476775427,0.9286316412002075,0.04153770632301706
34274,43274,High,High,0.9294724854187427,0.029905343854782968,0.04062217072647436
38439,47439,Medium,Medium,0.031055208338377594,0.030452375231958,0.9384924164296645
28688,37688,High,High,0.9290350017839891,0.02906110026086213,0.04190389795514868
35020,44020,High,High,0.9323682234700472,0.028344485580375178,0.039287290949577475
30998,39998,High,High,0.9109345229017172,0.03704501383706219,0.052020463261220694
36701,45701,Low,Low,0.06563874270493898,0.8802332240837435,0.054128033211317574
28435,37435,High,High,0.9320719138846313,0.02839036558232309,0.039537720533045655
26782,35782,Low,Low,0.02888437848319206,0.9316471145362281,0.039468506980579805
17714,26714,Medium,Medium,0.03502195825847237,0.03564330380443862,0.929334737937089
4276,13276,High,High,0.9315472032541153,0.027837284529398206,0.04061551221648661
23670,32670,Low,Medium,0.04177051135480162,0.031696087382525766,0.9265334012626726
7030,16030,Low,Low,0.0404133942455874,0.7491895585855791,0.21039704716883337
13040,22040,High,High,0.9307152899377251,0.0287830984463822,0.040501611615892545
36720,45720,Medium,Medium,0.03041775179702305,0.02946764831684052,0.9401145998861363
26616,35616,Low,Low,0.030123937201911363,0.9033110987071123,0.06656496409097627
13410,22410,Medium,Medium,0.034103395174884664,0.030009358559819677,0.9358872462652957
32360,41360,Medium,Medium,0.03175137906390624,0.03087545713834873,0.937373163797745
14802,23802,Medium,Medium,0.031124225500708497,0.030145791837566802,0.9387299826617247
21647,30647,Low,High,0.9305342182597398,0.029725341444636826,0.03974044029562337
28984,37984,Medium,Medium,0.03886108137931927,0.029697261364468475,0.9314416572562124
26778,35778,Medium,Medium,0.043912946220018824,0.05351680861870036,0.9025702451612808
22999,31999,High,High,0.9278234989412094,0.0299785696665211,0.04219793139226951
32779,41779,Medium,Medium,0.0387903665203773,0.07362776757638978,0.887581865903233
11260,20260,Medium,Medium,0.03234180465274645,0.03079249802777342,0.9368656973194801
20387,29387,Medium,Medium,0.02902599353108434,0.0308558180142824,0.9401181884546332
19528,28528,Medium,Medium,0.03174032335647403,0.02819685221581625,0.9400628244277098
669,9669,Low,Low,0.03334831311460224,0.9233359053227735,0.04331578156262406
37547,46547,Medium,Medium,0.031558345932363,0.031158571528798768,0.9372830825388383
9121,18121,Low,Medium,0.034360062361376446,0.03647405431528015,0.9291658833233435
35072,44072,Low,Low,0.031366849813497084,0.9232955366370099,0.04533761354949293
34124,43124,Low,Low,0.02914000825153849,0.9284442938650255,0.04241569788343611
38210,47210,High,Medium,0.031024798094570944,0.03014191852805055,0.9388332833773786
23876,32876,Medium,Medium,0.032400320739973544,0.045463794080604976,0.9221358851794214
16823,25823,Medium,Medium,0.03241818573090805,0.034761882436906026,0.9328199318321859
29623,38623,Low,Low,0.03031968842012021,0.9296895292637356,0.03999078231614419
25654,34654,Low,Low,0.03000002555801586,0.9289699290506065,0.0410300453913778
16793,25793,High,High,0.9199416826230298,0.03759143367683209,0.042466883700138146
28601,37601,Low,Low,0.028663736741814577,0.9304648748017876,0.04087138845639776
33170,42170,Medium,Medium,0.03142087886800431,0.02886268326683244,0.9397164378651633
12239,21239,Low,Low,0.028786156505200982,0.9317540477142924,0.03945979578050656
12297,21297,Medium,Medium,0.030378743453744816,0.02848010187389022,0.941141154672365
7129,16129,High,High,0.928614200780055,0.02917413462618555,0.0422116645937593
7073,16073,Low,Low,0.030136746381438897,0.9291700281215372,0.040693225497023776
4363,13363,Medium,Medium,0.02974033592178608,0.02945794950425713,0.9408017145739569
24925,33925,Medium,Medium,0.033722386593578596,0.03536750359712803,0.9309101098092935
28875,37875,Low,Low,0.030028143883883196,0.9268971563319476,0.04307469978416934
17353,26353,Medium,Medium,0.06749728738615156,0.030141239197749803,0.9023614734160987
34147,43147,Low,Low,0.028968881744345743,0.9311642011666215,0.03986691708903281
39141,48141,Medium,Medium,0.03384469571607753,0.03143791542004854,0.9347173888638739
13376,22376,Medium,Medium,0.03153662986023401,0.0372382190316339,0.9312251511081321
23003,32003,Medium,Medium,0.032186085608042904,0.03386950696181129,0.9339444074301458
31034,40034,High,High,0.9248171767641146,0.03438988041658422,0.04079294281930126
9239,18239,High,High,0.9297342651734386,0.029972835572021694,0.04029289925453972
23141,32141,High,High,0.9318465589068287,0.02771586712905651,0.040437573964114806
12856,21856,High,High,0.9295212790972841,0.028662737351296836,0.04181598355141897
35673,44673,Medium,Medium,0.03180504972607847,0.029560520675578388,0.9386344295983431
14143,23143,Medium,Medium,0.029959465871339613,0.028673324431615896,0.9413672096970446
31524,40524,Low,Low,0.02976454843980557,0.9309446396841446,0.03929081187604979
2757,11757,Medium,Medium,0.03088914728203231,0.034504284005131204,0.9346065687128364
10358,19358,Low,Low,0.03264477629719901,0.8330354931654878,0.13431973053731316
33306,42306,Medium,Medium,0.034284707699098665,0.03083466136073676,0.9348806309401646
8100,17100,High,High,0.9265024692944687,0.031210409491562174,0.042287121213969235
36156,45156,Low,Low,0.03251849825081435,0.8260044770233406,0.14147702472584509
39814,48814,High,High,0.9203150177417282,0.03471662089598868,0.044968361362283084
25464,34464,Low,Low,0.029559384697765534,0.9299451136285497,0.04049550167368461
15138,24138,Low,Low,0.03460825381574611,0.876154206066495,0.08923754011775896
1196,10196,Medium,Medium,0.033339361379657366,0.03642480968361562,0.930235828936727
28989,37989,Low,Low,0.03204939446550515,0.9278537276202158,0.04009687791427911
24488,33488,High,High,0.9113456602044351,0.028854974560189258,0.05979936523537562
6098,15098,Low,Low,0.03728976309024885,0.8065464164381563,0.15616382047159494
15952,24952,Medium,Medium,0.02903087283742736,0.030223445007704765,0.9407456821548679
20620,29620,Medium,Low,0.033149801995326474,0.8797477566905062,0.08710244131416733
11146,20146,Low,Low,0.03549472539859059,0.9185008509865216,0.04600442361488783
28854,37854,Medium,Medium,0.04019070981512079,0.03162676853701465,0.9281825216478645
24004,33004,Medium,Medium,0.030446014084779035,0.028022032924389265,0.9415319529908316
24034,33034,High,High,0.9274722843874909,0.031392954477394895,0.04113476113511416
32715,41715,High,High,0.9262879159067352,0.030582736576702452,0.0431293475165623
21144,30144,Medium,Medium,0.029820191598661182,0.03153505452037763,0.9386447538809612
39780,48780,Medium,Medium,0.033661531199167115,0.0316536497197999,0.9346848190810331
3499,12499,High,High,0.9284225406089401,0.029517385909377854,0.042060073481682086
22270,31270,Low,Low,0.03478283429722393,0.9012678981477421,0.06394926755503412
15914,24914,Medium,Medium,0.03245479942225246,0.040302033993217294,0.9272431665845303
37993,46993,High,High,0.9315463858720223,0.028574628392583856,0.03987898573539387
33242,42242,Medium,Medium,0.033631414040899775,0.04122911610483603,0.9251394698542642
20998,29998,High,High,0.9308709617419503,0.028536388063390743,0.04059265019465894
35391,44391,Medium,Medium,0.03192998539011264,0.02986346244482189,0.9382065521650654
4544,13544,Medium,Medium,0.032484968456433914,0.032268150415250274,0.9352468811283159
36252,45252,Low,Low,0.03207118739870532,0.9201432399275253,0.047785572673769365
39294,48294,Low,Low,0.03864646304208844,0.9157335700612892,0.045619966896622434
30168,39168,High,High,0.9292742102634318,0.030326291411174166,0.0403994983253941
4686,13686,Medium,Medium,0.031122613390022407,0.029321635710488497,0.9395557508994891
38703,47703,Medium,Medium,0.031013703546894134,0.029370359697420845,0.939615936755685
8665,17665,Medium,Medium,0.03113159448508787,0.03164053228244121,0.9372278732324709
24560,33560,Medium,Medium,0.02986730591696056,0.0351186727157004,0.9350140213673391
16420,25420,Medium,Medium,0.03863196832770108,0.032021914033914904,0.929346117638384
799,9799,High,High,0.9327854134953469,0.02796294053629117,0.03925164596836201
2596,11596,High,High,0.929187488125932,0.029210294755706606,0.04160221711836142
12707,21707,Medium,Medium,0.04621249701418584,0.035509301002808545,0.9182782019830057
24035,33035,Low,Low,0.029077892966228997,0.9268041494527952,0.04411795758097572
11448,20448,High,High,0.9272336829242634,0.030817732718972937,0.041948584356763796
29468,38468,Medium,Medium,0.03188389387855787,0.029057008470723966,0.9390590976507182
37037,46037,High,High,0.9304139782085219,0.028787421480494898,0.040798600310983216
27711,36711,High,High,0.9320503591777983,0.028187693533710718,0.03976194728849095
24183,33183,Low,Low,0.02900652428918053,0.9314513942993429,0.03954208141147659
25888,34888,Medium,Medium,0.05277535861368787,0.03612222936451795,0.9111024120217942
21234,30234,Low,Low,0.03020660799964212,0.9293329723168156,0.04046041968354233
16233,25233,Low,Medium,0.13924211063002848,0.06152777346933736,0.7992301159006342
28263,37263,Medium,Medium,0.030883323255049226,0.0308854235552183,0.9382312531897323
32514,41514,Low,Low,0.029364318898263343,0.9302211018711567,0.04041457923058004
35533,44533,Medium,Medium,0.032428194401142675,0.03367540243178995,0.9338964031670675
14987,23987,Low,Low,0.029224517222678766,0.930127797555666,0.04064768522165535
8420,17420,High,Medium,0.05036974584207646,0.04238063064479902,0.9072496235131245
13748,22748,Medium,Medium,0.029297789430141986,0.03045788769457058,0.9402443228752876
31278,40278,Medium,Medium,0.029149516468700693,0.02897887751288675,0.9418716060184126
34078,43078,Low,Low,0.02874805037638346,0.9315695375743182,0.03968241204929827
19306,28306,Low,Low,0.030345820307227243,0.9262522425169792,0.0434019371757936
34127,43127,Low,Low,0.029474197727102195,0.9300605542648689,0.04046524800802894
2021,11021,Low,Low,0.03246259673620772,0.9210355245249292,0.046501878738863085
36446,45446,Medium,Medium,0.037027780174906814,0.07968531940098407,0.8832869004241091
14240,23240,High,High,0.9321232101066913,0.027847971131820498,0.04002881876148845
38339,47339,High,High,0.907252436193894,0.04090913797149352,0.05183842583461259
22585,31585,Low,Low,0.03176383466539436,0.9267261629273983,0.04151000240720725
39700,48700,Medium,Medium,0.033648592281187654,0.04910890225674199,0.9172425054620703
7826,16826,High,High,0.9313777853631819,0.02888846079879902,0.03973375383801902
10503,19503,Medium,Medium,0.04321862043896202,0.03323410723100276,0.9235472723300351
22103,31103,Low,Low,0.03357304450998813,0.9244717301268336,0.04195522536317842
15384,24384,Medium,Low,0.032231232679667814,0.9196858604099404,0.0480829069103919
12348,21348,Medium,Medium,0.032982198050257344,0.042348874608375275,0.9246689273413674
38411,47411,Medium,Medium,0.04704154921236461,0.041644560567663975,0.9113138902199713
23586,32586,Medium,Medium,0.03127894550851595,0.029557828488762417,0.9391632260027216
28349,37349,Medium,Medium,0.03136162498413646,0.030971288847510364,0.9376670861683533
5609,14609,Medium,Medium,0.029811448234016515,0.028941453356424864,0.9412470984095588
26490,35490,Medium,Medium,0.05986872540953784,0.04484371712435,0.8952875574661121
6472,15472,High,High,0.93068490172005,0.029532224372175935,0.039782873907774
2092,11092,Medium,Medium,0.03309397426915666,0.03296903787372477,0.9339369878571185
12019,21019,Low,Low,0.029964098933519836,0.9235608794390658,0.046475021627414216
10525,19525,High,High,0.9308090283152094,0.029765898651047975,0.03942507303374255
707,9707,Medium,Medium,0.03196350407165194,0.02911723608385909,0.938919259844489
6769,15769,Low,Low,0.04268081366852145,0.8845913394287829,0.0727278469026955
27619,36619,Low,Low,0.031219214492623635,0.9169656926651477,0.05181509284222866
16489,25489,Medium,Medium,0.02990544981421428,0.03010109473989091,0.9399934554458947
29576,38576,Medium,Medium,0.045347575509867434,0.03213647870605572,0.9225159457840769
38967,47967,High,High,0.9254668260239153,0.030848305770473327,0.04368486820561135
22252,31252,Low,Low,0.032687812617016206,0.9218413857240294,0.045470801658954396
1654,10654,Medium,Medium,0.02996729303883867,0.031827766107309134,0.9382049408538523
11778,20778,Medium,Medium,0.04263577208475954,0.03397505305954173,0.9233891748556987
31924,40924,Medium,Medium,0.03255129323290632,0.031077174695072207,0.9363715320720215
6460,15460,Medium,High,0.666028926692674,0.04548827808511766,0.2884827952222082
22940,31940,Medium,Medium,0.03103637997576464,0.03015118448292507,0.9388124355413104
18955,27955,High,High,0.931202870034296,0.028592067638630054,0.04020506232707388
34414,43414,Low,Low,0.030249659344732154,0.9285942343931457,0.041156106262122134
21717,30717,High,Low,0.02967535726170846,0.9235695519597277,0.046755090778563844
506,9506,High,High,0.9081770480525256,0.029217518907763806,0.06260543303971058
33001,42001,Medium,Medium,0.030804114494935624,0.030317728619953604,0.9388781568851107
25530,34530,Low,Low,0.03515098979248371,0.9187164160455178,0.046132594161998504
25105,34105,Medium,Medium,0.03174840056673874,0.032047843461824245,0.936203755971437
36697,45697,Medium,Low,0.039820076016869356,0.519080897193323,0.4410990267898078
23258,32258,Medium,Medium,0.04063263407030053,0.03143988084825828,0.9279274850814412
4156,13156,High,High,0.7869159881660194,0.035866567952156585,0.177217443881824
32180,41180,High,High,0.93140397756518,0.028754950181817285,0.03984107225300281
4289,13289,Medium,Medium,0.03319594773464369,0.03365401110185139,0.9331500411635049
7412,16412,Low,Low,0.03152181796293493,0.9217967304949664,0.04668145154209869
25316,34316,Medium,Medium,0.03415080260426263,0.03605210321261175,0.9297970941831256
2514,11514,Low,Low,0.03667461059307645,0.9227523865068453,0.0405730029000782
9570,18570,Medium,Medium,0.03075855877764296,0.03593873486047554,0.9333027063618814
3438,12438,Medium,Medium,0.03863808173968649,0.03135543892040671,0.9300064793399067
29648,38648,High,High,0.9318545538070686,0.02860979959307133,0.03953564659986004
15376,24376,Medium,Medium,0.034501528530673634,0.03401976143905633,0.9314787100302699
18834,27834,High,High,0.932082198219455,0.02831157840612408,0.03960622337442082
16190,25190,Medium,Medium,0.04472315549161002,0.0317698121754503,0.9235070323329397
39421,48421,Low,Low,0.03223988435086735,0.9245735741786612,0.043186541470471435
32287,41287,Low,Low,0.02988916688950838,0.9283483227279948,0.041762510382496655
13971,22971,Low,Low,0.033103625451702055,0.8154253379361825,0.15147103661211533
3408,12408,High,High,0.928465065831266,0.031003320486402305,0.04053161368233164
7785,16785,Medium,Medium,0.03111260688678712,0.0311709163043634,0.9377164768088496
20129,29129,Medium,Medium,0.039619589914779936,0.23137287246412788,0.7290075376210922
1918,10918,Medium,Medium,0.030963360420538825,0.030531341291121398,0.9385052982883398
22646,31646,Low,Medium,0.029603397491928394,0.02914954018016481,0.9412470623279069
27024,36024,Medium,Medium,0.030514532399735953,0.04669287654738425,0.9227925910528798
32758,41758,Medium,Medium,0.03561110613241878,0.24613776304631899,0.7182511308212624
37445,46445,Low,Medium,0.030354860724077514,0.03116767100521825,0.9384774682707043
29709,38709,Medium,Medium,0.029318381151318785,0.02894904877868379,0.9417325700699974
27414,36414,Medium,Medium,0.03528425405764277,0.03468028487782523,0.9300354610645319
29138,38138,High,High,0.9312914499893187,0.02885237621516205,0.039856173795519194
13825,22825,Medium,Medium,0.03162411273145916,0.03140514035813046,0.9369707469104104
25966,34966,Low,Low,0.031510760473651755,0.9244870809610585,0.044002158565289655
34614,43614,Medium,Medium,0.029918692650827926,0.029966649497017744,0.9401146578521543
12351,21351,High,High,0.9334227651297512,0.027693486683013937,0.038883748187234786
37131,46131,High,High,0.9242439322791841,0.030951732036431822,0.04480433568438408
3110,12110,Low,Low,0.030043638643321272,0.9304411826782198,0.03951517867845881
10689,19689,High,High,0.9261670263147224,0.033638036112487044,0.04019493757279066
14754,23754,Medium,Medium,0.044293275852429786,0.03298079974772075,0.9227259243998495
28157,37157,Low,Low,0.03080220374630036,0.9284885802172105,0.04070921603648928
1332,10332,Low,Low,0.06078045364926788,0.8982279525818169,0.040991593768915334
31789,40789,Medium,Medium,0.034041327189789694,0.029938521307299362,0.9360201515029108
6259,15259,High,High,0.8334824336344155,0.04049372104338605,0.12602384532219835
29156,38156,Low,Low,0.04554242185002022,0.9109874531089538,0.043470125041025987
28786,37786,Medium,Medium,0.03213619392778929,0.031658833153358816,0.9362049729188519
32617,41617,Medium,Medium,0.032460814403730644,0.04357245878315841,0.923966726813111
27705,36705,Low,Low,0.028596797555591927,0.9312769521147564,0.040126250329651746
11074,20074,High,High,0.9294966346755067,0.028709292993685905,0.0417940723308074
24645,33645,Low,Low,0.028748081147003012,0.9310641523901877,0.040187766462809305
13918,22918,Medium,Medium,0.03195556819129402,0.031037333309338822,0.9370070984993673
35440,44440,High,High,0.8897734303987407,0.03321686879144511,0.07700970080981417
10669,19669,High,High,0.931094060575766,0.02885247230969602,0.04005346711453798
32732,41732,Low,Low,0.030621188151775985,0.9243503695492948,0.04502844229892908
6157,15157,High,High,0.927060932211733,0.03022325218352909,0.04271581560473808
27215,36215,Medium,Medium,0.03123837610520501,0.03103544338257522,0.9377261805122199
1600,10600,High,High,0.9282313004475634,0.02995993316888258,0.041808766383553964
30176,39176,Medium,Medium,0.03352533063040075,0.03645665068713539,0.9300180186824639
14358,23358,High,High,0.9308563863395377,0.029116090268011128,0.040027523392451116
23073,32073,High,Medium,0.0338580647973809,0.035343557794883636,0.9307983774077355
7177,16177,High,High,0.9327759586578832,0.027762305281618684,0.039461736060497986
1348,10348,High,Low,0.029050934492691177,0.9246004095865191,0.04634865592078969
20037,29037,High,High,0.9283533659486908,0.02881446538106505,0.042832168670244246
20294,29294,High,High,0.9296469916268301,0.0294630311419591,0.04088997723121087
29672,38672,Low,Low,0.02911613979773847,0.9306510898020438,0.04023277040021765
38247,47247,High,High,0.913012532626119,0.032149162227631284,0.05483830514624979
4842,13842,High,High,0.9294440443993276,0.02878860997816814,0.04176734562250422
16748,25748,Medium,High,0.9302900011112372,0.028929945936752296,0.04078005295201058
4080,13080,Medium,Medium,0.030571873295781888,0.0290441760665341,0.940383950637684
30448,39448,Low,Medium,0.029691145484447106,0.029211101838678245,0.9410977526768747
33208,42208,High,High,0.9317638034980069,0.027631468736674995,0.04060472776531809
6041,15041,Medium,Medium,0.0330411038050431,0.03498062560550225,0.9319782705894548
5074,14074,High,High,0.9322409539717946,0.02806843153892277,0.03969061448928251
4655,13655,High,Medium,0.03128407632346062,0.03751704221655049,0.9311988814599889
25197,34197,High,High,0.9306054319409242,0.028810879990014485,0.04058368806906146
964,9964,Low,Low,0.030207851686492527,0.9289572949823848,0.040834853331122745
27143,36143,High,High,0.9235048321246849,0.03390258696371187,0.042592580911603305
22500,31500,Medium,Medium,0.03571910055694385,0.030927089839685073,0.933353809603371
12824,21824,Medium,Medium,0.18772085081593806,0.1483477412868255,0.6639314078972364
16867,25867,Medium,Medium,0.03368869012318359,0.049227913541964284,0.9170833963348523
18954,27954,Medium,Medium,0.03242721278254771,0.03126746998192021,0.936305317235532
8957,17957,Low,Low,0.029247298010377443,0.9211975501389847,0.04955515185063778
38775,47775,Medium,Medium,0.039360855700151014,0.03275374113997389,0.9278854031598751
29358,38358,High,High,0.9258820784578884,0.02984128720054366,0.04427663434156789
4359,13359,Medium,Medium,0.033414096918622814,0.09253455556227967,0.8740513475190975
18545,27545,High,Medium,0.02923155705415506,0.02891108489328402,0.941857358052561
12272,21272,High,High,0.9318409984284576,0.028862615618780882,0.03929638595276145
12271,21271,Medium,Medium,0.030378602682094035,0.0405062497295067,0.9291151475883993
26723,35723,Medium,Medium,0.03239054739639224,0.03315860438811829,0.9344508482154895
31495,40495,Medium,Medium,0.02943295462952264,0.029643618947338028,0.9409234264231393
16783,25783,High,High,0.9234270285466395,0.0294149326483119,0.04715803880504859
3196,12196,High,High,0.9242389672390608,0.029611481628537422,0.04614955113240173
19566,28566,Low,Low,0.03288775559917082,0.7551566071098165,0.21195563729101274
36285,45285,Medium,Medium,0.02936911586862719,0.02834222918854494,0.9422886549428279
19586,28586,High,High,0.931454574652319,0.02840257885314222,0.04014284649453878
35025,44025,Low,Low,0.031228155465613073,0.9284250775773545,0.04034676695703254
5712,14712,Medium,Medium,0.030190421959658733,0.036664740663218225,0.9331448373771231
14423,23423,High,High,0.929453236907895,0.030849919606975945,0.03969684348512908
34271,43271,Medium,Medium,0.03274461784798097,0.03359556098982893,0.9336598211621902
10911,19911,Medium,Medium,0.034775282430209026,0.04200335054479573,0.9232213670249951
9035,18035,Low,Low,0.032847594289479046,0.9235965763302684,0.043555829380252535
10063,19063,Low,Low,0.02884476921875756,0.9315142638630706,0.03964096691817196
5556,14556,Low,Low,0.02894843979292852,0.9227117519140421,0.04833980829302942
10526,19526,Medium,Medium,0.0316276088901247,0.03121261648534737,0.9371597746245278
30840,39840,Medium,Medium,0.07087412860205208,0.05929190652446215,0.8698339648734857
34517,43517,Medium,Medium,0.02958906507959599,0.02959395412209756,0.9408169807983064
14218,23218,Medium,Medium,0.03723410757710092,0.029621026676681695,0.9331448657462174
24005,33005,Low,Low,0.031108055490288698,0.9291355454258646,0.03975639908384652
9312,18312,Low,Low,0.031218223638625753,0.9283945700282782,0.040387206333096136
31690,40690,Medium,Medium,0.03217952907354348,0.03016626938643746,0.9376542015400191
26329,35329,Low,Low,0.029263631073330233,0.9240433472322449,0.0466930216944248
34421,43421,High,High,0.932218247771412,0.028608000889256645,0.03917375133933145
36533,45533,High,Medium,0.03130104104476664,0.03021041779282656,0.9384885411624069
6477,15477,High,Low,0.029335088564853267,0.926113043008271,0.04455186842687573
2656,11656,Low,Low,0.030389924034930543,0.9287726368553325,0.04083743910973694
23934,32934,Medium,Medium,0.036131817469166126,0.03202378797876151,0.9318443945520724
25583,34583,Medium,Medium,0.03317588137035643,0.036472805478511554,0.9303513131511321
24380,33380,Low,Low,0.029675634243074882,0.9293448679958609,0.040979497761064215
35268,44268,Medium,Medium,0.028930776503392208,0.03078384569756216,0.9402853777990456
2267,11267,Medium,Medium,0.030963549291357906,0.030148228117120934,0.9388882225915213
37851,46851,Medium,Medium,0.039545844068898134,0.055764503341759586,0.9046896525893423
2782,11782,High,High,0.7760089758313962,0.031455853590321596,0.19253517057828215
18415,27415,Medium,Medium,0.033437033666169784,0.02919243030185954,0.9373705360319707
7359,16359,Medium,Medium,0.029647535948076925,0.028126947081858953,0.9422255169700642
2230,11230,Medium,Medium,0.03158237231643627,0.033201469175150766,0.935216158508413
39178,48178,Medium,Medium,0.05321128700049707,0.044703339537931125,0.9020853734615718
27867,36867,Medium,Medium,0.030159313714064075,0.03246155026395937,0.9373791360219764
30954,39954,Medium,Low,0.030462768502257435,0.9236107086643752,0.04592652283336731
39009,48009,Medium,Medium,0.04067132647563785,0.036163392591533304,0.9231652809328287
16981,25981,Medium,Medium,0.029147494424875343,0.028188494633373185,0.9426640109417516
3133,12133,High,High,0.9325463232504863,0.028314728627710284,0.03913894812180346
10612,19612,Medium,Medium,0.04290159586241663,0.18671292065949763,0.7703854834780857
16362,25362,Low,Low,0.028848631162406557,0.929029398933408,0.042121969904185465
30253,39253,Medium,Medium,0.028916582338552304,0.02910949912249831,0.9419739185389494
39939,48939,High,High,0.9300575486382657,0.02868170544027542,0.04126074592145875
26857,35857,Medium,Medium,0.03462629279059682,0.03113329386868831,0.9342404133407148
20371,29371,Medium,Medium,0.05019503135295531,0.0331088703042334,0.9166960983428113
11621,20621,Medium,Medium,0.05793430736808389,0.035045961553365444,0.9070197310785506
26349,35349,Low,Low,0.029610589628361276,0.9302306339689072,0.040158776402731626
37794,46794,Medium,Medium,0.03129728597625606,0.030759597594272395,0.9379431164294715
9175,18175,Low,Low,0.030233467955935664,0.9285610276982968,0.04120550434576749
7759,16759,High,High,0.9317403971313144,0.02828693952981609,0.03997266333886966
16217,25217,High,High,0.9263242363002483,0.028563428961929063,0.04511233473782283
32499,41499,Low,Low,0.029442650992694257,0.9310431855280482,0.03951416347925755
31718,40718,Low,Low,0.031015967131986025,0.7378651224282433,0.23111891043977065
27629,36629,High,High,0.9328877247311369,0.027852218268836396,0.03926005700002672
8630,17630,Medium,Medium,0.03480301498534279,0.04152484622569972,0.9236721387889575
17912,26912,Medium,Medium,0.07525759300040817,0.037068754645602116,0.8876736523539898
12625,21625,Medium,Medium,0.035054132860292415,0.029770336847615316,0.9351755302920922
7701,16701,Medium,Medium,0.029083486220976573,0.02878443894333613,0.9421320748356873
36043,45043,Medium,Medium,0.038048388256435715,0.03463280052226623,0.9273188112212981
3947,12947,Low,Low,0.032861851224592654,0.9033003888471095,0.06383775992829775
27155,36155,Medium,Medium,0.02983629558823246,0.03415391293931066,0.9360097914724569
34801,43801,High,High,0.931003079880066,0.02847820177162937,0.04051871834830453
36203,45203,Medium,Medium,0.032956161018394554,0.03230560432464718,0.9347382346569582
24971,33971,High,High,0.9200867172955091,0.03183941528999746,0.04807386741449352
27302,36302,Medium,Medium,0.03279142169589618,0.034561428768547606,0.9326471495355563
38310,47310,Medium,Medium,0.03244657832166648,0.04505903477428133,0.9224943869040523
29421,38421,Medium,Medium,0.03559495297216076,0.03489028825562642,0.9295147587722129
18795,27795,Medium,Medium,0.04215203776700588,0.04443146486403619,0.9134164973689579
15290,24290,Medium,Medium,0.061957139674094795,0.03624033993575933,0.9018025203901457
27422,36422,High,High,0.9283262268792338,0.031277184089436215,0.040396589031329776
14765,23765,Medium,Medium,0.031027810050862414,0.033891534628790805,0.9350806553203467
20161,29161,Medium,Medium,0.03655929973176016,0.03143821939157395,0.9320024808766659
36450,45450,Low,Low,0.0385483447287896,0.6524432249367402,0.3090084303344701
38162,47162,Medium,Medium,0.030307728469332204,0.06142081425377339,0.9082714572768943
13440,22440,High,High,0.9306645125098183,0.029023620750901844,0.040311866739279785
18248,27248,Medium,Medium,0.0432280794275594,0.0317917358982047,0.9249801846742359
2098,11098,Low,Low,0.0345328446700444,0.9229818530775953,0.04248530225236034
9601,18601,High,High,0.9289961440946554,0.02993881973982811,0.04106503616551654
10563,19563,Medium,Medium,0.031209134664364205,0.032439630136271824,0.936351235199364
10228,19228,Low,Low,0.029576342836601485,0.9284068502302937,0.04201680693310498
23726,32726,Medium,Medium,0.03211329006046623,0.03189893384889941,0.9359877760906343
725,9725,High,High,0.9313327248730952,0.02806790353404867,0.040599371592856204
25004,34004,High,High,0.9296821716108649,0.029987126127005492,0.0403307022621296
26474,35474,Medium,Medium,0.028910658224190085,0.029564437849914513,0.9415249039258954
9290,18290,High,High,0.9162973003371687,0.029967212936540272,0.05373548672629097
5916,14916,High,High,0.8023086025149762,0.03693077588914734,0.16076062159587642
18122,27122,Low,Low,0.031000117416799648,0.8791674473565622,0.08983243522663827
9042,18042,Low,Low,0.04167714934151689,0.7850832150332824,0.17323963562520076
31003,40003,Medium,Medium,0.03044060858826746,0.03022463048183138,0.9393347609299011
29569,38569,Medium,Medium,0.0349452800917452,0.03354221915726897,0.9315125007509858
5720,14720,High,High,0.9302064228046184,0.029824816011249377,0.03996876118413211
40005,49005,Medium,Medium,0.03086370943366129,0.07311000653276113,0.8960262840335775
25596,34596,Medium,Medium,0.02969796383127972,0.02906647145723751,0.9412355647114827
39801,48801,High,High,0.9279250085781395,0.030769795669897737,0.041305195751962856
15112,24112,Medium,Medium,0.03822680691714256,0.03641067780662608,0.9253625152762314
33754,42754,Low,High,0.931241615760657,0.028531201928254896,0.04022718231108827
23069,32069,High,High,0.9251180618614132,0.030036448401121824,0.04484548973746503
11977,20977,Low,Low,0.05934464256371282,0.8979500185086758,0.04270533892761124
37907,46907,High,High,0.9294366109255656,0.02904699724387223,0.04151639183056218
24512,33512,Medium,Medium,0.02946761235361264,0.030820684652525923,0.9397117029938614
39657,48657,High,Medium,0.0857787986194528,0.21078886184658488,0.7034323395339622
17066,26066,High,High,0.9316474551325485,0.02862702012726338,0.039725524740188055
5119,14119,Medium,Medium,0.03262362922835872,0.02996124287055023,0.937415127901091
16683,25683,Medium,Medium,0.02965956178136225,0.033903111177663425,0.9364373270409744
14572,23572,Medium,Medium,0.035736926381878094,0.04232588301559805,0.9219371906025238
11015,20015,Medium,Medium,0.099921176746028,0.03430879215805987,0.8657700310959121
11976,20976,High,Medium,0.03889780093742686,0.0432383178735308,0.9178638811890424
24216,33216,Low,Low,0.028852775129354413,0.9251614276360636,0.04598579723458195
31036,40036,High,High,0.9300439139328235,0.02870549372728681,0.04125059233988975
3186,12186,High,High,0.9255991575071701,0.02890028428668435,0.045500558206145604
36636,45636,Medium,Medium,0.02910919450221426,0.030483615250265505,0.9404071902475203
21750,30750,Medium,Medium,0.0378831966881947,0.038810601233304515,0.9233062020785008
17489,26489,High,High,0.9323117757556435,0.028451681147272728,0.03923654309708379
17171,26171,High,High,0.9238538689352339,0.030594540752887724,0.0455515903118783
2666,11666,Medium,Low,0.23478409103588702,0.4365763311164699,0.3286395778476431
7415,16415,Medium,Medium,0.030670435863233814,0.030760775144443666,0.9385687889923225
23271,32271,Medium,Medium,0.03709405536007422,0.03458124087059869,0.9283247037693272
11353,20353,Medium,Medium,0.03421750362361342,0.03512007143368554,0.930662424942701
14447,23447,Medium,Medium,0.03458565091477456,0.04498750431861856,0.9204268447666069
6720,15720,Medium,Medium,0.03370875069933171,0.042029581568027045,0.9242616677326412
35018,44018,High,High,0.924294408754061,0.03128093463022202,0.04442465661571702
3475,12475,High,High,0.9277123934729424,0.031733668969283105,0.0405539375577744
3176,12176,Medium,High,0.9297912987557485,0.029946624635395633,0.040262076608855814
31217,40217,High,High,0.9318263037163917,0.028682451514008306,0.03949124476959991
5902,14902,Medium,Medium,0.03239469521022321,0.02950423373512832,0.9381010710546486
30278,39278,Medium,Medium,0.03319016711824553,0.03213258748989476,0.9346772453918598
15995,24995,Low,Low,0.033561048903724904,0.9239264165975234,0.04251253449875159
387,9387,Low,High,0.9281777117469341,0.02967531436195602,0.04214697389110995
38057,47057,Medium,Medium,0.028888285390506224,0.03258869837687362,0.9385230162326201
10662,19662,High,Medium,0.030650908805320804,0.03205395723268934,0.9372951339619898
15007,24007,Medium,Medium,0.06823207734067795,0.030931414754846034,0.9008365079044761
21196,30196,High,High,0.9247352926080262,0.03145280854417366,0.04381189884780023
14432,23432,High,High,0.9287454193123988,0.02874060307070812,0.04251397761689307
2510,11510,Medium,Medium,0.060801564937595996,0.029770539791814186,0.9094278952705898
29714,38714,Low,Low,0.029243112991277246,0.9296923513593218,0.041064535649401
11325,20325,Low,Low,0.02925809114199478,0.9275251327817325,0.04321677607627258
24077,33077,Low,Low,0.028616136278315916,0.9320849650062198,0.039298898715464436
14891,23891,High,High,0.9281777300760029,0.029764108922242686,0.04205816100175438
31839,40839,High,High,0.9311565480654366,0.028724972552592976,0.040118479381970516
26571,35571,High,Medium,0.047718703457084205,0.04207188380808541,0.9102094127348304
30258,39258,Medium,Medium,0.045332107705769974,0.043000172578373,0.9116677197158571
3955,12955,Low,Low,0.03120953004344416,0.9266678220760326,0.04212264788052334
28909,37909,Medium,Medium,0.037026749864437124,0.0321256907373875,0.9308475593981754
37111,46111,Medium,Medium,0.08588865163475157,0.03059635014372078,0.8835149982215276
29759,38759,Medium,Medium,0.031807645692760504,0.029809446259376534,0.938382908047863
4283,13283,High,High,0.9325294023818103,0.028102752277085506,0.03936784534110432
13508,22508,Low,Low,0.034435793168573835,0.9186193944172221,0.04694481241420408
33423,42423,Medium,Medium,0.05298417522020742,0.03315225276541022,0.9138635720143825
16153,25153,High,High,0.9324140634640354,0.02831631341719787,0.03926962311876659
21480,30480,Low,Low,0.03157227547900207,0.9281695459836375,0.04025817853736039
2744,11744,Medium,Medium,0.033129540982217015,0.03271669036981883,0.9341537686479641
14191,23191,High,High,0.9283786610224354,0.031159523863934797,0.0404618151136297
32311,41311,High,High,0.9306338889743575,0.029415397818530087,0.03995071320711247
33139,42139,High,High,0.9283129770664843,0.03205745245428661,0.039629570479228986
22956,31956,High,High,0.9296388680514349,0.03000018277449565,0.040360949174069426
14297,23297,Low,Low,0.02964579518553283,0.912642535896684,0.05771166891778317
36097,45097,Low,Low,0.030643377458571486,0.9286907363135007,0.04066588622792781
3769,12769,High,High,0.9308556573879866,0.028804937112401924,0.04033940549961144
22223,31223,High,High,0.9289317537031087,0.031153538133498863,0.03991470816339254
20837,29837,Medium,Medium,0.033014318571764116,0.029466286108663933,0.9375193953195721
36606,45606,Medium,Medium,0.03961032790257533,0.07131679662246727,0.8890728754749574
33228,42228,High,High,0.8522642695775332,0.033611658505426335,0.11412407191704033
26469,35469,Low,Low,0.03184869530744589,0.9236189499260025,0.044532354766551575
30969,39969,High,High,0.7576208252397686,0.03920418373805159,0.20317499102217984
3993,12993,Medium,Medium,0.031256090064264,0.03423126440910484,0.9345126455266312
39967,48967,High,High,0.9197966724598329,0.0378687987462633,0.042334528793903814
27459,36459,Low,Low,0.044621258209338016,0.9091422829531113,0.04623645883755074
21936,30936,Low,Low,0.030372582163668355,0.9288281170424865,0.04079930079384517
6606,15606,High,High,0.9038033983357451,0.03465944703673953,0.061537154627515356
5391,14391,Low,Low,0.02966323401651967,0.9304568176465574,0.03987994833692301
32477,41477,Medium,Medium,0.03951982416209262,0.3179684525691217,0.6425117232687857
18729,27729,Low,Medium,0.02949224145866551,0.028540133199089556,0.941967625342245
12285,21285,High,High,0.8852892760536721,0.032062854849644544,0.08264786909668341
13877,22877,Medium,Medium,0.03353871358265607,0.03362804108753519,0.9328332453298088
29021,38021,Medium,Medium,0.03120147049964973,0.03253123246950465,0.9362672970308455
2042,11042,Low,Low,0.036734568747847855,0.9216085930624462,0.04165683818970598
6652,15652,Low,Low,0.032063840783506325,0.9277405416947171,0.04019561752177661
35637,44637,Medium,Medium,0.03252165494078534,0.035400730400665326,0.9320776146585494
10588,19588,Medium,Medium,0.031154704783943183,0.03031864632489867,0.9385266488911581
9376,18376,Low,Low,0.028973799461612673,0.929639644746186,0.04138655579220124
7173,16173,High,High,0.929382523268386,0.029323447336770208,0.04129402939484362
660,9660,Medium,Medium,0.03632583948804155,0.04587251832449862,0.9178016421874599
33309,42309,Medium,Medium,0.03509466367772799,0.03992782811067425,0.9249775082115979
1061,10061,Medium,Medium,0.033851896278752534,0.03158520873944627,0.9345628949818012
26351,35351,Medium,Medium,0.03576171118426319,0.11389762267051319,0.8503406661452236
5178,14178,Medium,Medium,0.03349581077348274,0.03642154914964701,0.9300826400768702
5553,14553,High,High,0.9307124948266093,0.029540263228222313,0.039747241945168266
6312,15312,Medium,Medium,0.046932953230534515,0.1562213944792368,0.7968456522902287
18570,27570,Low,Low,0.030365024434596617,0.9281914241194521,0.04144355144595114
20521,29521,High,High,0.9262658781408656,0.034058135790533496,0.03967598606860101
29572,38572,Medium,Low,0.030536347217041238,0.9284305846178259,0.04103306816513278
23700,32700,High,High,0.9305161550472766,0.027964666038773445,0.04151917891395001
30509,39509,Low,Low,0.030005607535000128,0.9295915263934411,0.040402866071558706
38453,47453,Medium,Medium,0.03409084668279961,0.029155571592380414,0.9367535817248199
23345,32345,Medium,Medium,0.04007018590831933,0.039440522089547035,0.9204892920021338
20455,29455,Low,Medium,0.0336012377930693,0.029461816032347946,0.9369369461745828
8437,17437,Medium,Medium,0.030937037360487318,0.03895169581420429,0.9301112668253083
3114,12114,Low,Low,0.02933256197044314,0.9259767213387956,0.044690716690761356
2392,11392,Medium,Medium,0.12179085350958853,0.04641387844009392,0.8317952680503176
4634,13634,Medium,Medium,0.04463474810091062,0.031007829372627527,0.9243574225264618
7775,16775,Low,Low,0.03514157788047384,0.9170144483451311,0.047843973774395095
21921,30921,Low,Low,0.030170875222438952,0.9294676576140132,0.040361467163547875
33438,42438,High,High,0.9316311057129205,0.02848215231973102,0.03988674196734832
27473,36473,Medium,Medium,0.05022515039585121,0.03403265454920188,0.9157421950549468
27849,36849,High,Medium,0.033063313074500375,0.03357449682308238,0.9333621901024172
15985,24985,Medium,Medium,0.029566086008352088,0.02835344840364404,0.9420804655880038
26991,35991,Low,Low,0.028734632218654767,0.9314394158682701,0.03982595191307529
6016,15016,Medium,Medium,0.03380182218575251,0.031306202720052835,0.9348919750941946
36978,45978,High,High,0.9307671016794914,0.029354929571920197,0.03987796874858843
32788,41788,Low,Low,0.029518440151003956,0.9294161245964485,0.04106543525254756
38538,47538,Medium,Medium,0.03793759375216305,0.03628516182573087,0.9257772444221061
26964,35964,Low,Low,0.030033229413994278,0.9305785339770049,0.039388236609000954
7964,16964,Medium,Medium,0.031759838876352336,0.03043804285231425,0.9378021182713333
16297,25297,Medium,Medium,0.03387401103400211,0.035257023575912545,0.9308689653900855
16115,25115,Low,Low,0.02907594051569108,0.9277917570457617,0.043132302438547265
15713,24713,Low,Low,0.029793396109480185,0.9263587813934094,0.04384782249711041
19515,28515,Low,Low,0.029451621435412727,0.9305354542938294,0.040012924270757776
33402,42402,Medium,Low,0.034341402957972444,0.9144020858448728,0.0512565111971548
31050,40050,Medium,Medium,0.034784461005294996,0.03333369400064661,0.9318818449940585
36827,45827,High,Low,0.039221362118166674,0.8174457130262024,0.14333292485563104
14841,23841,High,High,0.9120101498988089,0.04600883939017945,0.041981010711011534
25160,34160,Medium,Medium,0.03100209715800009,0.03076914935882838,0.9382287534831716
6559,15559,Medium,Medium,0.032600176127305557,0.0349697884873962,0.9324300353852982
34009,43009,High,High,0.9290132309326076,0.03057250776437066,0.04041426130302183
17131,26131,High,High,0.9295631024962746,0.029967256185887473,0.0404696413178379
7560,16560,Medium,Medium,0.030589801999396062,0.03154278989791844,0.9378674081026855
24489,33489,Low,Low,0.029507413352588847,0.9300673210965765,0.04042526555083473
23067,32067,Medium,Medium,0.033163647640840795,0.094843010989475,0.8719933413696842
13394,22394,High,High,0.9293909819004149,0.029418127950138193,0.041190890149446845
32653,41653,High,High,0.9312095188918385,0.02892608155588623,0.0398643995522753
12304,21304,Medium,Medium,0.035106494362818624,0.03294660719886584,0.9319468984383156
24374,33374,Low,Medium,0.04215567648462191,0.33385468576991123,0.6239896377454668
39288,48288,Low,Low,0.03216435713573338,0.9268976298868261,0.040938012977440576
2162,11162,Low,Low,0.030214953781014853,0.9259720635903809,0.043812982628604176
14508,23508,High,High,0.9304250118324969,0.02949896924387181,0.040076018923631246
9372,18372,High,High,0.9271483451057866,0.030557776257220726,0.04229387863699278
13177,22177,Medium,Medium,0.031797662146539424,0.03072267570567515,0.9374796621477853
33507,42507,High,High,0.8454771014004585,0.05396682272210452,0.10055607587743694
33658,42658,Low,Low,0.02928282006569843,0.9272817580452449,0.04343542188905663
24948,33948,Low,Low,0.030827321496167844,0.9286176280636579,0.040555050440174364
5668,14668,Medium,Medium,0.035911262261783504,0.032226817425150774,0.9318619203130658
20806,29806,Medium,Medium,0.03151867116866137,0.03178826254599839,0.9366930662853402
39622,48622,Medium,Medium,0.029177785443720072,0.02979235112281374,0.9410298634334663
28144,37144,Low,Low,0.03576846995360314,0.9155494870269963,0.04868204301940062
7467,16467,Low,Low,0.02878852486956156,0.9318426616348902,0.03936881349554813
4435,13435,Low,High,0.9252507086181003,0.029589562270117453,0.04515972911178231
26875,35875,Low,Low,0.03002287045286585,0.9299436867871281,0.04003344276000601
19043,28043,Medium,Medium,0.029903000057827273,0.03263559561607807,0.9374614043260946
6369,15369,High,High,0.9316014553784259,0.02811542011561757,0.04028312450595658
14498,23498,Medium,Medium,0.03531056768936844,0.03010115843013882,0.9345882738804927
10101,19101,Medium,Medium,0.040631103608631196,0.03796677629179875,0.92140212009957
26144,35144,Medium,Medium,0.03141508212876564,0.02951427690279441,0.9390706409684401
34678,43678,Medium,Medium,0.032843911151311946,0.032647242341963124,0.9345088465067249
30962,39962,Medium,Medium,0.02998496187948839,0.03207690423431544,0.9379381338861962
15064,24064,High,High,0.931303814089741,0.028405496560557197,0.04029068934970175
3232,12232,Medium,Medium,0.029688958113158328,0.03615108889052689,0.9341599529963148
20016,29016,Medium,Medium,0.03022472541321991,0.03384241164768024,0.9359328629390999
2066,11066,Medium,Medium,0.03135617726439594,0.05862056963966675,0.9100232530959373
27660,36660,Low,Low,0.029095943545766934,0.93151792173941,0.039386134714823245
19142,28142,Medium,Medium,0.03592141958523018,0.0318985047628225,0.9321800756519473
27204,36204,Medium,Medium,0.029250533242440657,0.030967065492105834,0.9397824012654535
14642,23642,High,High,0.7412404964589401,0.03670371266615275,0.2220557908749071
19618,28618,Medium,Medium,0.03647988778410183,0.06757224540194749,0.8959478668139508
19208,28208,Medium,Medium,0.041019265094900094,0.0395890531665953,0.9193916817385047
10454,19454,High,High,0.9148082193266583,0.03487863736167904,0.05031314331166259
2593,11593,Medium,Medium,0.02960479463134146,0.030798778428485257,0.9395964269401733
35903,44903,Low,Low,0.03074858343609163,0.9292449051819682,0.040006511381940106
36061,45061,High,High,0.9310514996550471,0.02867492466865919,0.04027357567629373
31877,40877,High,High,0.9322099425458813,0.028218661576502147,0.03957139587761651
31464,40464,High,High,0.924861769218292,0.03279381975882636,0.04234441102288166
28672,37672,Low,Low,0.029965797235861253,0.9283999221919895,0.04163428057214933
5175,14175,Low,Low,0.02938066502214043,0.930129401256773,0.04048993372108669
15271,24271,High,High,0.9225879370768109,0.03588063418728735,0.041531428735901876
13657,22657,Medium,Medium,0.03076434734943699,0.03096425313377804,0.938271399516785
38868,47868,Medium,Medium,0.0347717540603317,0.03831189120061631,0.9269163547390521
33162,42162,Medium,Medium,0.03074510859664682,0.034247131491855855,0.9350077599114973
27963,36963,Medium,Medium,0.03005575382705014,0.03236637301759047,0.9375778731553592
20993,29993,Medium,Medium,0.030246786716782718,0.02968577812708591,0.9400674351561312
29963,38963,Medium,Medium,0.034038518295605946,0.04474194718946951,0.9212195345149246
24792,33792,Medium,Medium,0.03035443019321239,0.03036458171816431,0.9392809880886231
32369,41369,High,High,0.9295144288012622,0.029826160491140036,0.04065941070759771
15474,24474,Medium,Medium,0.029195081668751857,0.027959541254749014,0.9428453770764992
30687,39687,High,High,0.9318223671321298,0.028515396472240998,0.039662236395629095
32735,41735,Low,Low,0.02982521133152925,0.9242314254459041,0.04594336322256667
33008,42008,Low,Low,0.02881599994278929,0.9301296713082823,0.041054328748928476
5517,14517,Medium,Medium,0.03149459293498908,0.03300886173378578,0.9354965453312252
3517,12517,Medium,Medium,0.03412023843406782,0.03042886302949371,0.9354508985364385
4557,13557,Low,Low,0.031572417487650356,0.9255688299196804,0.04285875259266927
9712,18712,High,High,0.9296978393034273,0.03021853935023908,0.04008362134633353
22351,31351,High,High,0.6551213729442593,0.0529324395356282,0.29194618752011253
5158,14158,Medium,Medium,0.21254105942684423,0.03952639650211101,0.7479325440710447
17459,26459,Medium,Medium,0.0314211774818911,0.03665045180694897,0.93192837071116
23036,32036,Medium,Medium,0.03491781797148911,0.03345115899863788,0.9316310230298729
32579,41579,High,High,0.9316816821924429,0.028584639119453942,0.0397336786881032
8394,17394,Medium,Medium,0.03055000394206918,0.032088295176482935,0.937361700881448
20422,29422,Medium,Medium,0.03128545173837743,0.04396640455065955,0.9247481437109631
3898,12898,Medium,Medium,0.03582958498255508,0.03406414539291125,0.9301062696245337
328,9328,High,High,0.9285888298040507,0.03023987296963959,0.04117129722630986
25249,34249,Medium,Medium,0.03222316326233777,0.03910277288297555,0.9286740638546868
32620,41620,High,High,0.9268821223996265,0.03078398898191494,0.042333888618458604
11776,20776,Medium,Medium,0.03495216644861346,0.03758710140943645,0.9274607321419501
10472,19472,Medium,Medium,0.035697154731757226,0.030707055153122272,0.9335957901151205
3361,12361,Low,Low,0.030694100845967104,0.9267884907770653,0.042517408376967714
25115,34115,Medium,Medium,0.03548580744365986,0.06542930364903078,0.8990848889073093
38315,47315,Low,Low,0.028822720952888015,0.9309692220791147,0.040208056967997306
26899,35899,Medium,Medium,0.0361520198791149,0.03061712881018316,0.9332308513107019
28589,37589,Low,Low,0.03565831443478364,0.9174567081453812,0.04688497741983516
35761,44761,Low,Low,0.029111305379053574,0.9312415929059631,0.03964710171498329
33020,42020,High,High,0.9324906872895286,0.02794421364306475,0.03956509906740679
6753,15753,Medium,Medium,0.033920342568468535,0.04534289280549016,0.9207367646260414
17008,26008,Medium,Medium,0.031086979646802085,0.2329012101813663,0.7360118101718315
12428,21428,Medium,Medium,0.03459373795516459,0.028652448459721844,0.9367538135851136
32972,41972,High,High,0.9214473673011904,0.029177672207351703,0.04937496049145788
19444,28444,Medium,Medium,0.029169014388834697,0.03186640694363771,0.9389645786675276
18486,27486,Low,Low,0.031022148174449666,0.9171533379753244,0.051824513850225955
7427,16427,Medium,Medium,0.04251709725558603,0.04675290465652712,0.9107299980878869
24750,33750,High,Low,0.03278284927955698,0.8612614962213808,0.10595565449906208
33375,42375,Medium,Medium,0.04193671604192021,0.04958384274726518,0.9084794412108145
33622,42622,Low,Low,0.03138530897183294,0.9198665657779518,0.04874812525021535
13006,22006,Medium,Medium,0.03612927535062161,0.036313444647699304,0.927557280001679
38375,47375,Medium,Medium,0.03333298248596029,0.029728319927168914,0.9369386975868707
39807,48807,Low,Low,0.0323870915140927,0.87997673443856,0.08763617404734736
37218,46218,High,High,0.9334150069003814,0.02763519243961891,0.038949800659999735
1426,10426,High,High,0.9298494690387664,0.028698017677337345,0.04145251328389626
26172,35172,Low,Low,0.03207393281040477,0.9263170947838087,0.041608972405786655
34161,43161,Medium,Medium,0.03794157719519182,0.04133082641580386,0.9207275963890044
37938,46938,Medium,Medium,0.030120299662416167,0.028981739106766994,0.9408979612308168
13235,22235,Medium,Medium,0.05684646148830493,0.07861775668886961,0.8645357818228255
1523,10523,Medium,Medium,0.031642042601957764,0.030626344530570854,0.9377316128674714
15881,24881,Medium,Medium,0.03262620886708587,0.02952594115225496,0.9378478499806592
26054,35054,Medium,Medium,0.03588236163194731,0.03425142144948946,0.9298662169185633
36854,45854,Medium,Medium,0.03123790372152246,0.02902824176061246,0.9397338545178652
1215,10215,Low,Low,0.029676158018081517,0.9280908601001933,0.0422329818817253
21371,30371,High,High,0.8974480769356301,0.04059172458666091,0.06196019847770904
4590,13590,Low,Medium,0.04326863467019298,0.062098169748801925,0.8946331955810051
1651,10651,Medium,Medium,0.034283479002214685,0.046871092941333514,0.9188454280564519
12958,21958,High,High,0.9298618220219687,0.029014313168644817,0.04112386480938641
36334,45334,Medium,Medium,0.029861936508599547,0.029248469438426346,0.9408895940529742
25563,34563,Low,Low,0.031225746471108207,0.9284264640372824,0.040347789491609415
39210,48210,Medium,Medium,0.03355018833961426,0.06924375729327192,0.8972060543671138
24331,33331,Medium,Medium,0.029639267990564183,0.041328259758649226,0.9290324722507867
13445,22445,High,High,0.9315405445087857,0.028116716072905275,0.04034273941830901
4308,13308,High,High,0.9323199138366557,0.02788188954079607,0.03979819662254829
32267,41267,Low,Low,0.029472335844921333,0.9306916747994197,0.0398359893556591
38828,47828,Low,Low,0.02979457584514489,0.9295390149604076,0.040666409194447646
26540,35540,Medium,Low,0.05262664895731481,0.482704371695773,0.46466897934691215
30532,39532,High,High,0.9156776251471849,0.04095102213618831,0.04337135271662675
38441,47441,Medium,Medium,0.04974975166974351,0.03321372908305351,0.917036519247203
39505,48505,Medium,Low,0.03923314784225209,0.9206571632460508,0.040109688911697056
13695,22695,Medium,Medium,0.03593587220448009,0.02893510032172682,0.935129027473793
35217,44217,Low,Low,0.030318674891746115,0.9287823423647716,0.040898982743482255
38321,47321,Medium,Medium,0.03280291233485353,0.033920699345552925,0.9332763883195936
20312,29312,Low,Low,0.03244148036096085,0.9269901442619256,0.040568375377113414
15549,24549,Low,Low,0.03203765769744545,0.9280110429070046,0.039951299395549894
21771,30771,Low,Low,0.030333657877232755,0.920246710123859,0.049419631998908316
6688,15688,Medium,Medium,0.032701223818864956,0.028880710387434616,0.9384180657937004
9754,18754,High,High,0.8958876412749741,0.052874050753844305,0.05123830797118164
36480,45480,Low,Low,0.028832002954535335,0.9318769859539408,0.03929101109152381
34964,43964,Low,Medium,0.030324051545318285,0.048060692921538674,0.9216152555331432
39828,48828,Medium,Medium,0.029976000884450932,0.028614245596463722,0.9414097535190855
32820,41820,Medium,Medium,0.03077487233930974,0.030167159552096562,0.9390579681085938
21923,30923,Medium,Medium,0.033160838485864305,0.03475661194249427,0.9320825495716415
1956,10956,Medium,Medium,0.03125787331839751,0.029045661158097136,0.9396964655235053
26263,35263,High,High,0.9296289472870449,0.02987363991931429,0.04049741279364082
30139,39139,Low,Low,0.02918737581810851,0.9308529606661587,0.03995966351573278
24982,33982,Medium,Medium,0.03527792282193303,0.03294121766225328,0.9317808595158136
32456,41456,Medium,Medium,0.031590784380808666,0.029974841804296336,0.938434373814895
28351,37351,Medium,Medium,0.03137125023465769,0.031905487260387395,0.936723262504955
30383,39383,Low,Low,0.03938184432124784,0.9170883031854803,0.04352985249327187
17618,26618,Low,Low,0.029328274417733783,0.9289942488372102,0.04167747674505607
9976,18976,Medium,Medium,0.03304951770317239,0.032926872008528923,0.9340236102882988
13997,22997,High,High,0.9289466347341241,0.03116762464056541,0.039885740625310494
29242,38242,High,High,0.9265713078353096,0.02904160184759783,0.04438709031709274
24643,33643,Medium,Medium,0.029484682889092895,0.02868583868393582,0.9418294784269712
27383,36383,Medium,Medium,0.03432436864990971,0.028336039923417808,0.9373395914266723
25047,34047,Medium,Medium,0.029302641810299967,0.028266995033671777,0.9424303631560282
32498,41498,Medium,Medium,0.03420015041121257,0.032697280754761686,0.9331025688340256
2560,11560,High,High,0.9293927767511954,0.03078752505170876,0.03981969819709589
11700,20700,Medium,Medium,0.03794189016232152,0.03196442007926276,0.9300936897584157
39698,48698,Medium,Medium,0.029923434638863017,0.03329153421193821,0.9367850311491986
28390,37390,Medium,Medium,0.03203463781991999,0.030225356819106073,0.937740005360974
23811,32811,High,Medium,0.4148168503379928,0.035436032817600105,0.549747116844407
35964,44964,Low,Low,0.03023493903716254,0.9292241094169897,0.04054095154584772
34615,43615,Medium,Medium,0.03649605824235606,0.36975827819206514,0.5937456635655789
6840,15840,Low,Low,0.029134112967807185,0.9302173646503925,0.040648522381800195
26531,35531,Medium,Medium,0.03256089027033476,0.0289310486254257,0.9385080611042396
7222,16222,Medium,Medium,0.02978306638835042,0.030454057155557476,0.939762876456092
25781,34781,High,Low,0.028760160813972074,0.9317319983491775,0.03950784083685038
14866,23866,High,High,0.9275460035603196,0.03194451778935297,0.04050947865032746
18142,27142,Low,Low,0.028812875275653915,0.9285936587577256,0.042593465966620454
37771,46771,High,High,0.9306241022900416,0.029620596650071617,0.03975530105988689
16784,25784,Medium,Medium,0.036125092209762816,0.03181893723474081,0.9320559705554964
2859,11859,High,High,0.9249541608624741,0.030868059985045545,0.04417777915248031
12480,21480,Medium,Medium,0.05475937419722914,0.03541601257901345,0.9098246132237575
2181,11181,Medium,Medium,0.03256876960590416,0.037173035197050584,0.9302581951970453
33522,42522,Medium,Medium,0.06557892133358446,0.05080188455993979,0.8836191941064757
7821,16821,Medium,Medium,0.03753963104408019,0.08688209161804243,0.8755782773378774
20366,29366,Low,Low,0.028796516938037378,0.9297315004799563,0.041471982582006316
6010,15010,Medium,Medium,0.03088897493627525,0.028919647299191224,0.9401913777645334
28015,37015,Medium,Medium,0.02892181442377378,0.029294956554924256,0.941783229021302
38947,47947,Medium,Medium,0.030627437202717763,0.02838576952989283,0.9409867932673893
10893,19893,Medium,Medium,0.030477231434688307,0.0403459787297304,0.9291767898355813
15017,24017,Low,Low,0.05527397391134891,0.7774995518173293,0.16722647427132173
32599,41599,Medium,Medium,0.04240680043907421,0.03704199950401486,0.9205512000569108
39483,48483,Medium,Medium,0.03501736597602392,0.03225762325324102,0.9327250107707351
10475,19475,High,High,0.9306508751107128,0.02876518055525516,0.040583944334032014
10237,19237,High,High,0.9295135912261467,0.030802217340525517,0.03968419143332775
32483,41483,Low,Low,0.029741841714782544,0.9306514953936169,0.039606662891600586
14135,23135,Medium,Medium,0.03245749388025974,0.030229077673384536,0.9373134284463558
11727,20727,High,High,0.9244989882265596,0.03454102814615621,0.040959983627284154
29081,38081,Low,Low,0.04359704620764255,0.8808579392751557,0.0755450145172017
21984,30984,Medium,Medium,0.029287243630325536,0.03045651912109022,0.9402562372485842
9964,18964,Medium,Medium,0.029994191188670305,0.029084419928988706,0.9409213888823409
31160,40160,Medium,Medium,0.03397236366487744,0.033475280996425084,0.9325523553386974
30528,39528,Low,Medium,0.031329109300581186,0.030069002417478476,0.9386018882819404
2789,11789,High,High,0.9297759630232189,0.029426391771252457,0.040797645205528726
19134,28134,High,High,0.9324723865580987,0.028235989924750193,0.03929162351715108
30537,39537,Medium,Medium,0.03148820255470771,0.04293139290318121,0.925580404542111
10729,19729,Medium,Medium,0.030692513731716792,0.028942132819750676,0.9403653534485326
15484,24484,Low,Low,0.02908956659908006,0.9313963536557056,0.03951407974521424
35064,44064,Low,Low,0.02999920148330787,0.9269708961855866,0.04302990233110541
21628,30628,Medium,Medium,0.030323200990645015,0.028868119316025304,0.9408086796933297
20407,29407,Medium,Medium,0.031179189769780197,0.030404107233085478,0.9384167029971343
19547,28547,Medium,High,0.9317058346654794,0.02838430384113776,0.03990986149338286
39490,48490,Medium,Medium,0.06528335981944232,0.03093462184281522,0.9037820183377424
34805,43805,Low,Low,0.031638124445968106,0.9213023845367957,0.04705949101723623
6283,15283,Medium,Medium,0.03469034235663013,0.0332807125777999,0.93202894506557
23329,32329,High,High,0.9197010840040591,0.03550871750139081,0.04479019849454998
37056,46056,High,High,0.9212349305366555,0.02950990536367393,0.04925516409967053
32113,41113,High,High,0.9257594306882265,0.02888109588692347,0.04535947342485012
19057,28057,High,High,0.9323380905793242,0.028297971300706326,0.039363938119969605
11831,20831,High,High,0.9292953313339889,0.030219622172456977,0.04048504649355408
12993,21993,Low,Low,0.02911874910665534,0.9314970260624337,0.03938422483091109
1344,10344,Low,Low,0.02902046596050668,0.9304447727262365,0.0405347613132569
7360,16360,High,Medium,0.03142251806822745,0.03303741245159623,0.9355400694801762
24192,33192,Medium,Medium,0.3014738209130195,0.05292506324819548,0.645601115838785
22362,31362,High,High,0.9318930762267009,0.028611289848198575,0.03949563392510061
40014,49014,Medium,Medium,0.05207702386288035,0.031933769610827716,0.9159892065262919
19356,28356,Medium,Medium,0.030836420946391063,0.030440650742879646,0.9387229283107293
9843,18843,Low,Low,0.028607074607595245,0.929890591122314,0.041502334270090764
14707,23707,High,High,0.9265557386662054,0.033598698883199725,0.03984556245059496
10494,19494,High,High,0.9313949918445915,0.02939007705380699,0.03921493110160148
29180,38180,High,High,0.9253492747473958,0.028357181249679776,0.04629354400292434
22545,31545,Low,Low,0.0288129105143419,0.9315681383637026,0.039618951121955605
7361,16361,Low,Low,0.03112999189871284,0.9273940642256022,0.04147594387568484
26630,35630,Medium,Medium,0.02973395920836952,0.03382974078745577,0.9364363000041745
3537,12537,High,High,0.9287160378672112,0.02912811038117186,0.042155851751616846
7873,16873,Low,Low,0.029576730879565263,0.9293454125703646,0.04107785655007005
21796,30796,Medium,Medium,0.04578525456366935,0.037406072716475045,0.9168086727198556
17074,26074,High,High,0.9262319243341389,0.03044107649224323,0.043326999173617986
17653,26653,Low,Low,0.03869231829212625,0.6028634225354749,0.35844425917239886
10030,19030,Medium,Medium,0.03245482281129333,0.04034011006358732,0.9272050671251194
9272,18272,High,High,0.9172224976293234,0.035394664079841216,0.0473828382908355
24021,33021,Medium,Low,0.03786200847064103,0.858468599178935,0.1036693923504239
25937,34937,Medium,Medium,0.03249298270413587,0.03710926353750025,0.9303977537583639
18630,27630,Medium,Medium,0.029126258454733864,0.028152795297399422,0.9427209462478667
9242,18242,High,High,0.9313895493637453,0.028161981765797844,0.04044846887045695
26742,35742,Low,Low,0.030308992849934102,0.9180080901941651,0.05168291695590075
22166,31166,High,High,0.9276568096231528,0.028970006816650313,0.04337318356019706
23837,32837,Medium,Medium,0.04580167906637301,0.036608266556918324,0.9175900543767087
13752,22752,Low,Low,0.02869878011707404,0.9319243605483138,0.03937685933461216
10518,19518,High,High,0.9098516174253705,0.032511354432438265,0.05763702814219137
8504,17504,Medium,Low,0.04287944184648315,0.5622755121835608,0.3948450459699562
33446,42446,High,High,0.9297949697273621,0.03039049041890814,0.03981453985372967
14901,23901,Medium,Medium,0.035203844107361285,0.03176286433045977,0.933033291562179
36338,45338,Medium,Medium,0.029820532819772778,0.03001297854471981,0.9401664886355073
19785,28785,Medium,High,0.774544672957409,0.041201978768225976,0.18425334827436501
2390,11390,Medium,Medium,0.0362693827865391,0.031884326326576805,0.9318462908868841
29314,38314,Medium,Medium,0.03623561206633013,0.036465754461954866,0.9272986334717149
32856,41856,Low,Low,0.029839942502956966,0.9288478683921509,0.04131218910489202
5275,14275,High,High,0.9236665175047619,0.029322128814521425,0.04701135368071671
36179,45179,Low,Low,0.031083773067992763,0.9269391856624659,0.04197704126954127
3772,12772,Medium,Medium,0.03185575048386264,0.03119163779512733,0.9369526117210101
8786,17786,Medium,Medium,0.03169122194979663,0.03221376378064473,0.9360950142695587
31393,40393,Medium,Medium,0.03139367343384744,0.03127596580219932,0.9373303607639533
35460,44460,Medium,Medium,0.02989911972407076,0.0337174629529259,0.9363834173230033
8911,17911,Medium,Medium,0.2334755033883277,0.03920652984466096,0.7273179667670112
10392,19392,Low,Low,0.03632079274431236,0.9196947489363955,0.04398445831929212
11426,20426,High,High,0.9264466141410814,0.03105008729141448,0.04250329856750406
38322,47322,Medium,Medium,0.03606679747569825,0.035149862956789034,0.9287833395675128
8789,17789,Low,Low,0.029260510511819274,0.9296983438911014,0.04104114559707939
14895,23895,Medium,Medium,0.03196414106051986,0.030390913964750965,0.9376449449747292
1483,10483,Low,Low,0.02978466385041838,0.9241168364656712,0.04609849968391039
36878,45878,High,High,0.9319810377102659,0.02872925778731375,0.03928970450242037
35127,44127,Medium,Medium,0.030230483126509767,0.030785106641904047,0.9389844102315862
14233,23233,Low,Low,0.02861680282472014,0.931879722905697,0.03950347426958283
4344,13344,Medium,Medium,0.10382907326370801,0.0372046205814742,0.8589663061548177
25194,34194,Low,Low,0.030000558147189407,0.9283202888416059,0.041679153011204735
26019,35019,High,High,0.9311115551503685,0.028961513820992754,0.03992693102863868
28549,37549,High,High,0.9267023029051865,0.0328930855809347,0.04040461151387884
13411,22411,Low,Low,0.02923055492926352,0.928117061921058,0.042652383149678445
11822,20822,Low,Low,0.03032519451326596,0.9097387994408804,0.05993600604585362
5199,14199,Medium,Medium,0.03150156269803548,0.030891113819064814,0.9376073234828995
14372,23372,Low,Low,0.029641161060044673,0.9278903396015473,0.042468499338408024
3449,12449,Medium,Medium,0.02886132980697288,0.028290624334862655,0.9428480458581645
21005,30005,High,High,0.9270605020455301,0.02950194510007879,0.043437552854391076
31081,40081,Medium,Medium,0.03275869469326506,0.03750908950826797,0.929732215798467
17206,26206,Medium,Medium,0.029563619976090347,0.0307356267672332,0.9397007532566765
17778,26778,Medium,Medium,0.03375339625649388,0.03203216145867873,0.9342144422848273
35354,44354,Medium,Low,0.10382267810808281,0.6812132312356168,0.21496409065630037
34131,43131,Medium,Medium,0.03130589769041115,0.029388673217898436,0.9393054290916903
18253,27253,High,High,0.9321729296644531,0.028383838391015433,0.03944323194453136
10880,19880,Medium,Medium,0.06603211603636779,0.030626115630027373,0.9033417683336048
19411,28411,Low,Low,0.029083147264893222,0.931556225004394,0.03936062773071275
39531,48531,Medium,Medium,0.03070261410421624,0.028677581832017632,0.9406198040637661
5806,14806,Medium,Medium,0.03471541478772972,0.0361233611057129,0.9291612241065573
11003,20003,Medium,Medium,0.036876092434454964,0.04006323491711272,0.9230606726484324
7623,16623,Medium,Medium,0.035758331434878214,0.3394048609540159,0.6248368076111058
28624,37624,Medium,Medium,0.036980524149517226,0.030600109165439832,0.9324193666850428
6094,15094,Medium,Medium,0.03346216075875114,0.03246868135108301,0.9340691578901659
22613,31613,Low,Low,0.03033522046739631,0.9288306272157921,0.04083415231681161
4001,13001,Low,Low,0.030556462661837532,0.9235526143508702,0.04589092298729231
27978,36978,Low,Low,0.0312317231102739,0.9266602349578904,0.04210804193183579
16359,25359,High,Medium,0.03817072454858785,0.042645713295834026,0.9191835621555781
19484,28484,Medium,Medium,0.03550275916051188,0.04485049361255281,0.9196467472269353
18769,27769,High,High,0.9298304600841373,0.029819733827433498,0.04034980608842945
3587,12587,Medium,Medium,0.03841029633156358,0.03706601692420742,0.9245236867442289
21957,30957,Medium,Medium,0.030310246238014416,0.02869377981058847,0.9409959739513972
18484,27484,Medium,Medium,0.042991907149072826,0.07526194796469082,0.8817461448862364
7084,16084,Low,Low,0.03534014331808092,0.920262736736448,0.044397119945471165
34965,43965,High,High,0.9311658161637233,0.028539910618797914,0.04029427321747892
13364,22364,High,High,0.929176106131424,0.0290094311309247,0.04181446273765154
36104,45104,Low,Low,0.031148460130044447,0.9273199166787749,0.041531623191180665
23728,32728,Low,Low,0.03350331586336857,0.918818998990233,0.04767768514639844
32890,41890,Low,Low,0.03164900654613095,0.9237176232723029,0.044633370181566163
11780,20780,High,High,0.9285534720798668,0.02918223384467741,0.0422642940754557
10261,19261,Medium,Medium,0.03902895841391413,0.03722162062577614,0.9237494209603098
6546,15546,Medium,Medium,0.03678003750505313,0.03247498906632034,0.9307449734286265
16700,25700,Medium,Medium,0.03028811650779023,0.029213042726505448,0.9404988407657043
3489,12489,High,High,0.9049144988358346,0.05225682951807653,0.04282867164608886
29082,38082,High,High,0.9286895159728985,0.029343869260009633,0.04196661476709168
7798,16798,Low,Low,0.028958208789069625,0.9311867650931199,0.03985502611781049
33822,42822,Low,Low,0.02893252080197528,0.9314963422743281,0.03957113692369659
3218,12218,Medium,Medium,0.039286560091850026,0.0323126267642567,0.9284008131438933
8293,17293,Medium,Medium,0.03681503734613542,0.030522071843676047,0.9326628908101885
6812,15812,Medium,Medium,0.036527657409605424,0.032903748695942835,0.9305685938944516
23621,32621,High,High,0.9316856149063294,0.02833139996728362,0.03998298512638691
32887,41887,Medium,Medium,0.029080946569528938,0.03164785335311385,0.9392712000773572
3705,12705,Medium,Medium,0.031532952797222624,0.03223729252210941,0.936229754680668
38307,47307,Medium,Medium,0.04767314755584315,0.03733675316828595,0.9149900992758709
6241,15241,Medium,Medium,0.0312760506689872,0.030752210172921828,0.937971739158091
9782,18782,Medium,Medium,0.029720343736835967,0.02828746781332744,0.9419921884498366
23356,32356,High,High,0.9286542323082592,0.03091470107574022,0.04043106661600063
8044,17044,High,High,0.8780929321113181,0.033594209640819876,0.08831285824786196
35778,44778,High,High,0.9308413983262863,0.02907427729372398,0.04008432437998966
35578,44578,Medium,Medium,0.03189392157283513,0.031482298667041574,0.9366237797601235
15462,24462,Low,Low,0.029479585383265044,0.9298266206949285,0.04069379392180645
29897,38897,Low,High,0.9287346749260585,0.03020810032188657,0.04105722475205495
26726,35726,Low,Low,0.02897495128499983,0.9303790325654178,0.040646016149582444
2406,11406,High,Medium,0.030053522560490074,0.031216379221154823,0.9387300982183552
27748,36748,High,High,0.9322123124422138,0.028404794245349432,0.039382893312436766
27580,36580,High,Medium,0.03254024718496357,0.03134411949958337,0.936115633315453
609,9609,Low,Low,0.03155490874640258,0.9287350342566127,0.03971005699698472
28694,37694,Medium,Medium,0.04337165251646576,0.04640824275816527,0.910220104725369
38622,47622,Medium,Medium,0.032025309775115265,0.06634481270989184,0.9016298775149929
14460,23460,High,High,0.9302502269631269,0.029982976125455824,0.039766796911417296
35929,44929,Medium,Medium,0.029910075781648976,0.032489907290417265,0.9376000169279338
23686,32686,Low,Low,0.03302809851186176,0.9029161103381348,0.0640557911500035
16361,25361,Low,Low,0.029170289808746752,0.9309008022036577,0.03992890798759548
34664,43664,High,High,0.9233409018244244,0.033849154438054065,0.04280994373752156
31293,40293,Medium,Medium,0.0344708550396462,0.029025166064517827,0.9365039788958359
18566,27566,Low,Low,0.029095129199718166,0.931731358876005,0.03917351192427681
4751,13751,Medium,Medium,0.035678395434291375,0.030830343961410833,0.9334912606042978
7281,16281,Low,Low,0.03667218183697659,0.9217670274536792,0.041560790709344285
28034,37034,High,High,0.7887430968296417,0.16552863542507604,0.045728267745282346
19716,28716,Medium,Medium,0.03655334965966118,0.029975837202132222,0.9334708131382067
11470,20470,High,High,0.9301672666532417,0.029996624936404426,0.0398361084103539
14772,23772,High,Low,0.029916773598905474,0.9249528577379461,0.04513036866314842
27373,36373,High,High,0.926696146062452,0.03067210705844522,0.04263174687910291
19924,28924,Medium,Medium,0.029448089006251944,0.033211530609188265,0.9373403803845598
16182,25182,High,High,0.9322335188860161,0.028195495490270506,0.03957098562371333
39426,48426,High,High,0.9299836859399462,0.028637639125774744,0.04137867493427905
19719,28719,Low,Low,0.02905935158440427,0.9304872788660296,0.040453369549566
19409,28409,High,High,0.9300773931237032,0.028833534162592152,0.041089072713704704
8639,17639,Medium,Medium,0.03745545718357196,0.0345340176852744,0.9280105251311536
37635,46635,Medium,Medium,0.03699433060666288,0.02906181801449777,0.9339438513788395
27652,36652,Low,Low,0.030102233101756457,0.9304249213186148,0.03947284557962873
23855,32855,Medium,High,0.9316248497703681,0.02855006244050048,0.03982508778913147
12637,21637,Low,Low,0.031968538572240156,0.9268380959504575,0.04119336547730226
15671,24671,Medium,Medium,0.036188336040544444,0.45573939273898323,0.5080722712204724
11072,20072,Medium,Medium,0.034153933942668684,0.03792311853107091,0.9279229475262604
36437,45437,High,High,0.9323773706427024,0.028298333291505523,0.039324296065792075
31753,40753,Medium,Medium,0.03246537358351739,0.03541881924088754,0.932115807175595
37254,46254,High,High,0.9173576549648388,0.031808522730853446,0.05083382230430766
1688,10688,Low,Low,0.034348237999524536,0.845944858027403,0.11970690397307249
20985,29985,High,High,0.9321306920322826,0.02837600484700173,0.03949330312071556
31929,40929,High,High,0.9303649412856724,0.029205552273293283,0.04042950644103436
22620,31620,Medium,Medium,0.033709582991496366,0.041467340144058666,0.924823076864445
18614,27614,Medium,Medium,0.0648786847198083,0.035454730624882407,0.8996665846553092
32984,41984,High,High,0.928239150900667,0.0307850723749348,0.04097577672439818
32967,41967,Medium,Medium,0.03507519238527485,0.06825151065712526,0.8966732969576
2136,11136,High,High,0.9317939244292802,0.028495423370382803,0.03971065220033684
37866,46866,Medium,Medium,0.029595562741337827,0.03128868203287862,0.9391157552257835
39833,48833,Low,Low,0.028712746581215212,0.932106097657125,0.03918115576165971
22390,31390,Medium,Medium,0.030172492525306877,0.03510979172731043,0.9347177157473827
27944,36944,High,Medium,0.02988086368181157,0.0889208981698789,0.8811982381483096
31897,40897,High,High,0.9102885318305068,0.031620255405437066,0.05809121276405602
13777,22777,Low,Low,0.03247938753326827,0.822316082392117,0.14520453007461478
23046,32046,High,High,0.9292737960241304,0.03000447899058331,0.040721724985286346
26044,35044,High,High,0.9278232098651874,0.030212582976099692,0.04196420715871297
3424,12424,Medium,Medium,0.028614006396381925,0.02884307086400786,0.9425429227396102
21045,30045,Medium,Medium,0.030714188016834728,0.04920539021054671,0.9200804217726185
35556,44556,High,High,0.8840671195377778,0.04090733391020781,0.07502554655201438
5054,14054,High,High,0.9250512823523324,0.030313637445108527,0.04463508020255913
39694,48694,Medium,Medium,0.03293744793324726,0.03781997398938048,0.9292425780773722
16573,25573,Low,Low,0.10038370204349395,0.8359430742384092,0.06367322371809701
26734,35734,Low,Medium,0.03422688697573397,0.03476260708997018,0.9310105059342958
26174,35174,High,High,0.9268240882488917,0.030702498101873244,0.04247341364923494
37991,46991,High,High,0.9289340079420946,0.029012195451900435,0.04205379660600487
1114,10114,Medium,Medium,0.03377707293653801,0.03079191149482256,0.9354310155686395
39478,48478,Medium,Medium,0.03547346603772091,0.033736694999281745,0.9307898389629973
11265,20265,Low,Low,0.03232047634266285,0.9255089860602036,0.0421705375971336
2658,11658,Medium,Medium,0.03268707715076049,0.028605554657114143,0.9387073681921253
6443,15443,Medium,Medium,0.05936634978064636,0.03380389502574934,0.9068297551936043
2696,11696,High,Medium,0.031384695639312184,0.030645248741931894,0.9379700556187559
8299,17299,Medium,Medium,0.031289197659089996,0.03174521405486209,0.9369655882860478
7483,16483,Medium,Medium,0.2754774456188586,0.03802407827260278,0.6864984761085386
36687,45687,Medium,Medium,0.03335896388713699,0.03280310708400428,0.9338379290288588
17266,26266,Medium,Low,0.03720634400729866,0.886760253196807,0.07603340279589423
1334,10334,Medium,Medium,0.032152376463202584,0.03052603350135666,0.9373215900354408
32802,41802,Medium,Medium,0.02892337204197637,0.02940029828921904,0.9416763296688045
23856,32856,Medium,Medium,0.03017420875242251,0.02928251624243519,0.9405432750051425
24808,33808,Medium,Medium,0.0400707227182723,0.049890674345647236,0.9100386029360804
17876,26876,Low,Low,0.03164493383433658,0.9108483288717082,0.05750673729395525
38944,47944,High,High,0.9286621570958364,0.03149426505415658,0.039843577850007084
1943,10943,Low,Low,0.030034742356048014,0.9278308708430454,0.04213438680090662
1787,10787,Low,Low,0.029480721215803616,0.9265413547647737,0.04397792401942266
36977,45977,Medium,Medium,0.039735542966998626,0.04133753072669257,0.9189269263063089
38813,47813,Medium,High,0.9317177794924337,0.028463932288078312,0.039818288219488
22033,31033,Low,Low,0.03177756567039311,0.9260091202914805,0.04221331403812628
10675,19675,Low,Low,0.031406258897210465,0.8669081485200317,0.10168559258275793
36917,45917,Medium,Medium,0.04940142712362322,0.03530239720860645,0.9152961756677703
5509,14509,Low,Low,0.03287788855088553,0.9271163324851305,0.04000577896398389
12017,21017,Medium,Medium,0.04038618500065459,0.03147509843000538,0.92813871656934
34881,43881,Medium,Medium,0.03391923005035045,0.03292029986307945,0.9331604700865701
16704,25704,Low,Low,0.030019121526737455,0.9287398423019928,0.041241036171269806
28082,37082,Low,Low,0.03066470045296821,0.9277048593859774,0.041630440161054466
11782,20782,High,High,0.922615379069096,0.02913956167730018,0.048245059253603916
36063,45063,Medium,Medium,0.029872217395122053,0.031036062155220163,0.9390917204496577
18391,27391,Low,High,0.9279516280382091,0.028690504592636917,0.043357867369153945
10490,19490,Medium,Medium,0.03847450782188954,0.0345356321095135,0.926989860068597
36163,45163,Medium,Medium,0.03149546643195738,0.03180826608120215,0.9366962674868405
37242,46242,Medium,Medium,0.04171011408315204,0.0323812396681896,0.9259086462486584
37729,46729,High,High,0.9299439166452889,0.029413494523767725,0.040642588830943314
30586,39586,Low,Low,0.029068262632740382,0.9288911684034034,0.04204056896385624
19661,28661,High,High,0.9304260910688608,0.027767483954807604,0.04180642497633167
34666,43666,Low,Low,0.030451759944435525,0.9300765575473827,0.039471682508181664
39593,48593,Medium,Medium,0.03257720714334311,0.031742375002119946,0.9356804178545369
18181,27181,High,High,0.915053508769163,0.03369339306529481,0.05125309816554219
8947,17947,Medium,Medium,0.032641494998499714,0.029916470323775906,0.9374420346777245
25949,34949,Low,Low,0.035317128638530496,0.9248222391735487,0.039860632187921
36672,45672,High,High,0.9315830794385467,0.02828769045035669,0.04012923011109661
4696,13696,Medium,Medium,0.03112264199364084,0.030807672956662462,0.9380696850496967
16281,25281,High,High,0.9253126000545874,0.03189222801232577,0.04279517193308694
23197,32197,Medium,Medium,0.03671541058386024,0.06000403635288365,0.903280553063256
19225,28225,Medium,Medium,0.030443320468315733,0.030445500341136588,0.9391111791905477
4886,13886,High,High,0.9282952184011762,0.03017997412007792,0.04152480747874588
23321,32321,Medium,Medium,0.03122078553890553,0.03350798879749725,0.9352712256635972
18669,27669,High,High,0.9311996886384635,0.028659597839698864,0.04014071352183776
10844,19844,High,High,0.9320799910697243,0.028260627947487016,0.03965938098278892
8926,17926,High,High,0.9334143182873439,0.027640494016937786,0.038945187695718385
2735,11735,High,High,0.9121106582598276,0.03747664333396379,0.05041269840620852
34209,43209,Medium,Medium,0.031387959408327705,0.03391994231640789,0.9346920982752644
25084,34084,Medium,Medium,0.033563786541726474,0.03376664748243021,0.9326695659758433
3226,12226,High,High,0.9278998969476699,0.03055294897079175,0.04154715408153817
5491,14491,Medium,Medium,0.03555029232675166,0.034732261545416955,0.9297174461278314
18724,27724,Low,Low,0.029884258342145625,0.9303050004195427,0.039810741238311576
24610,33610,Medium,Medium,0.029743188704759078,0.031873590983896805,0.9383832203113441
13766,22766,High,High,0.9248554518349491,0.032859506903203765,0.04228504126184703
37175,46175,Medium,Medium,0.03373964519085126,0.028099127227828046,0.9381612275813206
24873,33873,High,High,0.9307261749508279,0.02937011440734202,0.03990371064183022
7019,16019,Low,Low,0.03052688449160591,0.9270573940680288,0.04241572144036534
24294,33294,Medium,Medium,0.04321682272138814,0.24835686412041136,0.7084263131582005
38303,47303,Medium,Medium,0.03385671385599254,0.029455788108205472,0.936687498035802
3383,12383,High,Medium,0.0337361704283321,0.03177374322029536,0.9344900863513725
17049,26049,High,High,0.9301540315581103,0.029996665855623435,0.03984930258626623
18653,27653,Low,Low,0.030891331440548304,0.9242017361182487,0.04490693244120305
15467,24467,Low,Low,0.028681854820909004,0.9313724827646949,0.03994566241439609
21998,30998,High,High,0.8786649637869878,0.07478080728674007,0.04655422892627223
22768,31768,High,High,0.9263197603332559,0.031534251830034395,0.04214598783670958
35718,44718,High,Low,0.028918796342546457,0.9310039546096568,0.04007724904779681
23635,32635,Low,Low,0.029195650252827235,0.9307910095832757,0.04001334016389714
9807,18807,High,High,0.9082678196075826,0.03512872150232412,0.056603458890093265
36965,45965,Medium,Medium,0.031756277082558744,0.03263120420331083,0.9356125187141303
31719,40719,High,High,0.9246908257935417,0.034900123658228234,0.04040905054823
14795,23795,Medium,Medium,0.0387181779354524,0.031165419391377625,0.93011640267317
6484,15484,Medium,Medium,0.032867436632283885,0.03150527525231266,0.9356272881154034
31406,40406,Medium,Medium,0.030632145550982055,0.029953824519048367,0.9394140299299697
23398,32398,Medium,Medium,0.053522755076451545,0.06946692807924328,0.8770103168443052
32698,41698,High,High,0.8750256054888715,0.032382345184090285,0.09259204932703813
30568,39568,High,High,0.928612817396765,0.028619364563091765,0.04276781804014327
7220,16220,Medium,Medium,0.03090039642289095,0.031086080606169336,0.9380135229709397
28076,37076,High,High,0.9272938972759505,0.02889403387085003,0.04381206885319955
13826,22826,Low,Low,0.02997721091524409,0.922685486906626,0.047337302178129835
27042,36042,High,Medium,0.46119612121498577,0.03519157757219129,0.503612301212823
10917,19917,Low,Low,0.03190628534437759,0.9161924441776922,0.051901270477930334
3136,12136,High,High,0.9223890215874432,0.03337356141481353,0.044237416997743334
18114,27114,High,High,0.9301920510956645,0.02863727698754251,0.04117067191679297
24164,33164,Low,Low,0.029617852582532706,0.9309400339995785,0.03944211341788869
12572,21572,Medium,Medium,0.03482501892348253,0.04371101086001721,0.9214639702165003
6463,15463,Medium,Medium,0.02947036355363707,0.028060118293521272,0.9424695181528415
20438,29438,High,High,0.9303753521315722,0.029415226492790252,0.04020942137563749
21190,30190,Medium,Medium,0.03806967790639962,0.0374462794767298,0.9244840426168706
25174,34174,Medium,Medium,0.03139881418506629,0.032198247958622674,0.936402937856311
385,9385,High,High,0.9319971545156823,0.028268576772666202,0.039734268711651526
19916,28916,Medium,Medium,0.04131876547232419,0.03443750309943194,0.9242437314282439
25527,34527,Medium,Medium,0.030772414271911654,0.0731361921540916,0.8960913935739967
17564,26564,Low,Low,0.028563837614564953,0.9323029171104409,0.03913324527499407
32654,41654,Medium,Medium,0.035363564383628476,0.45404398236124227,0.5105924532551294
33735,42735,Low,Low,0.02873061091854362,0.9277808601551737,0.04348852892628263
18830,27830,Low,Low,0.03082082762007124,0.9268395975668114,0.042339574813117294
25365,34365,Low,Low,0.02884873302926899,0.9316327833387543,0.039518483631976686
492,9492,High,High,0.9327488926048275,0.0278390388008968,0.03941206859427584
39164,48164,Low,Low,0.030363288157477145,0.9287600881847774,0.040876623657745435
18995,27995,Medium,Medium,0.03346341539874848,0.04029148078971051,0.926245103811541
4522,13522,Low,Low,0.030073524732058626,0.9290209163511589,0.04090555891678254
8868,17868,High,High,0.9309988278143623,0.028137295231181567,0.040863876954456
26885,35885,Medium,Medium,0.029340835714207873,0.030474462741469494,0.9401847015443225
27437,36437,Medium,Medium,0.04205608038003156,0.05719970825423242,0.900744211365736
8797,17797,Medium,Medium,0.029255443728887085,0.030401011628237194,0.9403435446428757
26818,35818,Low,Low,0.02862348604943595,0.9318901082223477,0.03948640572821612
3171,12171,Low,Low,0.03188924458427883,0.9279310817293215,0.04017967368639981
27222,36222,Medium,Medium,0.03321449031288956,0.03287853067469411,0.9339069790124164
21239,30239,Low,Low,0.02921935100597116,0.9310357695778038,0.03974487941622517
9386,18386,Medium,Medium,0.031345844064394494,0.03366992779985261,0.934984228135753
28081,37081,Low,Low,0.03034009609991038,0.9270446614890403,0.04261524241104923
32584,41584,High,High,0.9221654346236487,0.029519671610232473,0.048314893766118805
15076,24076,Medium,Medium,0.029742257582215922,0.031264253975065416,0.9389934884427187
35733,44733,Low,Low,0.028703530202695643,0.9311433999169684,0.04015306988033599
9974,18974,High,High,0.9323781975749865,0.028613348667228315,0.03900845375778518
15364,24364,Medium,Medium,0.03476453460425626,0.0342146527484965,0.9310208126472471
34162,43162,High,High,0.9306258975223282,0.02873716620891789,0.040636936268754115
2685,11685,Low,Low,0.02877428421267743,0.9307087104930094,0.04051700529431302
38901,47901,Medium,High,0.9290064754741479,0.02880807480892934,0.042185449716922695
28766,37766,High,High,0.9121330374386242,0.03684935918543378,0.05101760337594204
39237,48237,Medium,Medium,0.03911065289070169,0.035149294973140004,0.9257400521361583
32566,41566,High,High,0.9061438211273224,0.030104820060205845,0.06375135881247163
8631,17631,Low,Low,0.03645522657948542,0.9202619134404312,0.04328285998008339
3673,12673,Medium,Medium,0.030796701642906363,0.028684169723285746,0.9405191286338078
39065,48065,High,High,0.925384033675976,0.030090926663406552,0.044525039660617584
22391,31391,Medium,Medium,0.031738727120399816,0.03365349306698081,0.9346077798126196
35339,44339,Medium,Low,0.04327676364992714,0.6211473738520001,0.3355758624980727
36141,45141,High,High,0.929654144720935,0.02896888969385882,0.04137696558520625
22674,31674,Medium,Medium,0.031637317979434046,0.031500774614880635,0.9368619074056853
36337,45337,Medium,Medium,0.03525849519262996,0.03823313825212545,0.9265083665552446
12451,21451,High,High,0.9160237982978622,0.032476878087069415,0.05149932361506837
17650,26650,Medium,Medium,0.038693423420655064,0.03825559702632824,0.9230509795530167
2363,11363,Medium,Medium,0.03162251434528617,0.03344044726006102,0.9349370383946528
24729,33729,High,High,0.9315543631030891,0.028520099667961703,0.03992553722894913
29678,38678,Medium,Medium,0.031575058973413284,0.02954392171389124,0.9388810193126954
33595,42595,Low,Low,0.03338871299011879,0.7988097298283652,0.1678015571815162
27668,36668,Medium,Medium,0.03354263587505177,0.03381387613700401,0.9326434879879443
38,9038,Medium,Medium,0.03183115627275123,0.030309456214831988,0.9378593875124167
8730,17730,High,High,0.9291017947722827,0.030660277429884697,0.04023792779783262
15677,24677,Medium,Medium,0.032091646628035854,0.030429768244776847,0.9374785851271873
33734,42734,Medium,Medium,0.02937403308673174,0.03565515736479543,0.9349708095484729
39001,48001,Low,Low,0.0294419289444813,0.9297499770775604,0.04080809397795832
25577,34577,Medium,High,0.9325448895983168,0.028323822510357876,0.0391312878913252
1396,10396,Medium,Medium,0.0308259047768456,0.030913809050901825,0.9382602861722527
10776,19776,High,High,0.9261665022771034,0.031309389467450356,0.042524108255446336
27258,36258,High,Medium,0.033286064456074814,0.033642660975294565,0.9330712745686308
28368,37368,High,High,0.9320640153911807,0.028184547931869364,0.039751436676950115
33183,42183,Medium,Medium,0.036554460992337307,0.032873797067828926,0.9305717419398339
26649,35649,High,High,0.9270287982777318,0.030611958206729517,0.04235924351553874
14160,23160,Medium,Medium,0.03345405933908723,0.03219465173045238,0.9343512889304604
23103,32103,Medium,Medium,0.02920691052314053,0.029264887407852866,0.9415282020690067
21706,30706,High,High,0.9298523272396126,0.02824988741129489,0.04189778534909252
33271,42271,Medium,Medium,0.030648155103606675,0.030283648653381012,0.9390681962430123
11411,20411,High,High,0.9277059616124516,0.030525241776468925,0.041768796611079594
24499,33499,Medium,Medium,0.02892463410603573,0.02800741556552684,0.9430679503284374
22636,31636,Low,Low,0.03168953193145598,0.9236238394965888,0.044686628571955246
13519,22519,High,High,0.9297122055420761,0.02902978865508338,0.04125800580284054
31549,40549,Medium,Medium,0.03301262901249416,0.029660925687409117,0.9373264453000968
979,9979,Medium,Medium,0.033798657893118714,0.03129327777671861,0.9349080643301627
6248,15248,Low,Low,0.04406363973005626,0.9122610497903466,0.04367531047959718
21610,30610,Medium,Medium,0.04200063695830356,0.03497948711508053,0.9230198759266158
2444,11444,Medium,Medium,0.03784225624532,0.04215768302905113,0.9200000607256289
497,9497,Low,Low,0.03202698195810965,0.8965703489644102,0.07140266907748012
33963,42963,High,High,0.920145904700946,0.02928109419289165,0.050573001106162314
7060,16060,Medium,Medium,0.029163674598465358,0.028633973673158643,0.9422023517283761
14680,23680,Medium,Medium,0.0364584682024188,0.042881727542471604,0.9206598042551096
11393,20393,Medium,Medium,0.03169681547490691,0.0320908337760702,0.936212350749023
11354,20354,Medium,Medium,0.03158097631391296,0.029906574145035406,0.9385124495410516
23160,32160,High,High,0.931260757265675,0.028980729900112873,0.03975851283421216
19497,28497,Medium,Medium,0.03155891666708873,0.03265194221723703,0.9357891411156741
17416,26416,Medium,Medium,0.034468156586321234,0.03293360836614515,0.9325982350475335
20028,29028,High,High,0.9313836838226894,0.02884440777849091,0.03977190839881961
18271,27271,Medium,Medium,0.03158558065299675,0.034731408284110095,0.9336830110628931
25370,34370,Medium,Medium,0.037023356365456624,0.03405944506099583,0.9289171985735475
10582,19582,Medium,Medium,0.03262458298119562,0.032950682317115516,0.9344247347016889
31575,40575,Medium,Medium,0.032150990365872316,0.03482772006698493,0.9330212895671427
35518,44518,High,High,0.9315664566208538,0.028629447894991767,0.039804095484154374
35954,44954,Medium,Medium,0.03238739006155218,0.2086658058227097,0.758946804115738
31004,40004,High,High,0.926330954250845,0.028666033011271668,0.04500301273788338
4407,13407,Low,Low,0.032871790663977406,0.8626703014473666,0.10445790788865605
33730,42730,Medium,Medium,0.031523888622164424,0.030888442405644822,0.9375876689721908
32665,41665,Medium,Medium,0.0539499793346974,0.08464997151634397,0.8614000491489585
29831,38831,Medium,Medium,0.029840362558550243,0.028923399676152397,0.9412362377652973
10229,19229,Low,Low,0.031228541310287142,0.9244107444384703,0.044360714251242626
19653,28653,Medium,Medium,0.03165604842622099,0.03136189969825771,0.9369820518755212
15323,24323,Low,Low,0.0375641610519662,0.5540329882948382,0.40840285065319565
16902,25902,Low,Low,0.030579620309746775,0.9217901247338243,0.047630254956428954
3046,12046,Medium,Medium,0.029376046813076956,0.029554519783868246,0.9410694334030548
2177,11177,Low,Low,0.028664282159705696,0.931507606764483,0.0398281110758113
9211,18211,Low,Low,0.03390478849823416,0.9251847677730961,0.040910443728669775
9351,18351,Low,Low,0.04027357485983155,0.4982103928788355,0.4615160322613329
34861,43861,High,Medium,0.030871729071161213,0.030599479779311895,0.9385287911495269
27380,36380,Low,Low,0.03223435382144095,0.9219185954415768,0.045847050736982135
19327,28327,Medium,Medium,0.03137086725366802,0.031110733745499834,0.9375183990008322
31586,40586,Medium,Medium,0.037745030515457724,0.03174125263213945,0.9305137168524027
28292,37292,High,High,0.9269892861135419,0.028697323448902367,0.04431339043755575
162,9162,Medium,Medium,0.03561590165559759,0.03652546738011594,0.9278586309642866
6337,15337,Medium,Medium,0.031447856613619686,0.03830461186679075,0.9302475315195896
23987,32987,Medium,Medium,0.03120606278801476,0.04050677763490988,0.9282871595770752
25446,34446,Low,Low,0.029191186513196826,0.9284722073686403,0.04233660611816283
5173,14173,High,Medium,0.03363774633981081,0.03199754213286111,0.9343647115273281
36019,45019,Medium,Medium,0.03524317950465312,0.04281980432974735,0.9219370161655994
13010,22010,Medium,Low,0.030103928383843792,0.903410969396706,0.06648510221945031
3928,12928,Low,Low,0.029596632488943567,0.9142841665486485,0.05611920096240793
18892,27892,Medium,Medium,0.031001714212938486,0.02921482967650167,0.9397834561105598
12496,21496,High,High,0.9278365096634132,0.0299547956860812,0.04220869465050564
120,9120,High,High,0.9299084097128231,0.028818973037584867,0.04127261724959218
20744,29744,Medium,Medium,0.029311217665994992,0.029359074560404808,0.9413297077736003
33368,42368,Low,Low,0.029620666152360295,0.9295156336802309,0.0408637001674088
8245,17245,Medium,Medium,0.0328315055574376,0.02927124495896502,0.9378972494835974
15554,24554,High,High,0.9330279127588775,0.027768877085345294,0.03920321015577714
11584,20584,Medium,Medium,0.03002815899602453,0.0294713906490139,0.9405004503549615
12771,21771,Medium,Medium,0.0330376771917982,0.03491562661359274,0.9320466961946091
34682,43682,Medium,Medium,0.03504568403710192,0.040269513726649546,0.9246848022362485
6965,15965,Medium,Medium,0.03232000059002683,0.03167513842460676,0.9360048609853665
26218,35218,Medium,Medium,0.03613491974637905,0.045287697683265654,0.9185773825703553
36166,45166,Low,Low,0.03218946186297941,0.92083781082002,0.04697272731700066
27298,36298,Low,Low,0.03621453153381285,0.9234545038628369,0.04033096460335022
30011,39011,Medium,Medium,0.05096435864646184,0.04109210246169553,0.9079435388918426
1527,10527,High,High,0.9288911441170491,0.02859485752083339,0.042513998362117444
21408,30408,Medium,Medium,0.03607529082862605,0.034292077612869704,0.9296326315585043
34454,43454,Low,Low,0.030228695863955185,0.9274971172284951,0.04227418690754981
26505,35505,High,High,0.9292330946924946,0.028837800251902437,0.041929105055602926
1071,10071,Medium,Medium,0.03827133054553039,0.03054444249715531,0.9311842269573143
23769,32769,Medium,Medium,0.03145767411477974,0.037168132392139154,0.931374193493081
1605,10605,Medium,Medium,0.035382939867780995,0.02952363284259678,0.9350934272896222
15440,24440,Medium,Medium,0.03132499430486519,0.03174727274271331,0.9369277329524214
25352,34352,Medium,Medium,0.028738808391959626,0.028691723041655737,0.9425694685663846
15240,24240,Medium,Medium,0.042598173327437115,0.04133651451406283,0.9160653121585002
28478,37478,Medium,Medium,0.02998497776568188,0.028167239549245698,0.9418477826850724
14647,23647,Medium,Medium,0.03549738827017178,0.036418488359723215,0.928084123370105
13532,22532,Medium,Medium,0.0304927585056211,0.02881454360604327,0.9406926978883355
12069,21069,Medium,Medium,0.03694150272543714,0.03842825786780844,0.9246302394067544
29305,38305,Low,Low,0.032767023692806534,0.923838545914876,0.04339443039231741
29453,38453,High,High,0.9278207873743525,0.02856736415751697,0.04361184846813062
33616,42616,Medium,Medium,0.029832908855899315,0.031192106710034626,0.9389749844340659
23111,32111,Medium,Medium,0.03358622407984158,0.030584103144669333,0.9358296727754891
7642,16642,High,High,0.925848195358575,0.03216414344017242,0.04198766120125257
33151,42151,Medium,Medium,0.030872422157770998,0.03030608657044354,0.9388214912717855
28818,37818,Medium,Medium,0.035060693185039966,0.031648348469034686,0.9332909583459253
2065,11065,Low,Low,0.029812261391661307,0.9269718766636789,0.04321586194465976
29300,38300,Low,Low,0.02997863846822699,0.9289694671833423,0.04105189434843077
29282,38282,Medium,Medium,0.03689743995156242,0.03342143698465917,0.9296811230637784
31187,40187,High,High,0.9246767583282826,0.032919523490822174,0.04240371818089524
30573,39573,Medium,Medium,0.04116783772707006,0.0881492212040852,0.8706829410688447
19518,28518,Medium,Medium,0.03987143824740063,0.03865887305760125,0.9214696886949981
6384,15384,Low,Low,0.028788966782873817,0.931537116299316,0.03967391691781013
16164,25164,High,Low,0.03019152377842003,0.9263318717395683,0.0434766044820117
21884,30884,Medium,Medium,0.03233649514675625,0.036222428053505645,0.9314410767997381
39759,48759,Medium,Medium,0.03283964774546907,0.035313488401418465,0.9318468638531124
22311,31311,High,High,0.9313608794568863,0.028571032120393452,0.04006808842272031
39503,48503,High,Medium,0.06649664093421608,0.03351755172552156,0.8999858073402626
12276,21276,Medium,Medium,0.03090664587960266,0.031301187210066646,0.9377921669103308
125,9125,Medium,Medium,0.0302845934195666,0.03738760274964614,0.9323278038307872
24742,33742,Low,Low,0.03151078659953802,0.9269164182196067,0.0415727951808554
34806,43806,Low,High,0.9299686700294031,0.030008871661660413,0.04002245830893649
24334,33334,High,Medium,0.03181485307821922,0.029983630695393833,0.9382015162263868
37172,46172,Medium,Medium,0.03594703481529596,0.04477385314535074,0.9192791120393533
38026,47026,Low,Low,0.029543360287171774,0.9268124977258413,0.043644141986986955
23585,32585,Low,Low,0.029503147716814282,0.9302967008833742,0.04020015139981151
23445,32445,Low,Low,0.02982183731864815,0.9265654791920777,0.0436126834892742
31108,40108,High,High,0.9331590900456789,0.02786955590186142,0.038971354052459634
5584,14584,Low,Low,0.040145460450854785,0.8867878302703035,0.07306670927884172
35593,44593,High,High,0.9325882196292423,0.027959814713169526,0.039451965657588094
27609,36609,High,High,0.9008936532063911,0.03173171820258553,0.06737462859102337
20870,29870,High,Medium,0.03250000618132063,0.030564005749254847,0.9369359880694246
6733,15733,Low,Low,0.029012033604388348,0.931461257031716,0.039526709363895685
31267,40267,High,High,0.9316632612820932,0.02868784405097787,0.039648894666928905
11043,20043,Low,Low,0.029597691773794062,0.930165094938222,0.040237213287984075
6377,15377,High,High,0.931904429365289,0.02834376662994563,0.0397518040047652
35409,44409,Medium,Medium,0.029756806172200053,0.02815457547293348,0.9420886183548665
3001,12001,Low,Low,0.028912475375945185,0.9298483285608147,0.04123919606324029
20314,29314,High,High,0.9302558825863674,0.028842589932429177,0.04090152748120351
22672,31672,Medium,Medium,0.04946050049525628,0.15433664492545018,0.7962028545792935
16992,25992,Low,Medium,0.03297636592358084,0.45573022604233243,0.5112934080340867
22293,31293,High,High,0.9306497229096911,0.029075854138498405,0.04027442295181063
20303,29303,High,High,0.9230631064665923,0.037251818282555756,0.03968507525085202
1345,10345,Low,Low,0.02903620890519229,0.927597805630059,0.043365985464748825
26510,35510,Medium,Medium,0.03542022980113965,0.08005149782343347,0.884528272375427
30543,39543,Low,Low,0.02976861198955537,0.9300406666658395,0.04019072134460507
21197,30197,Medium,Medium,0.051207963079624115,0.045359849384291606,0.9034321875360843
18891,27891,High,High,0.9085468982164165,0.0488338509724221,0.04261925081116135
1129,10129,Low,Low,0.031083706256684846,0.9280001201538685,0.04091617358944678
35579,44579,Medium,Medium,0.03055446034103999,0.030941418401906413,0.9385041212570536
34859,43859,Medium,Medium,0.031160027281028152,0.0304584362756726,0.9383815364432992
10026,19026,Low,Low,0.030667587474652615,0.9245393015663339,0.044793110959013456
8891,17891,Low,Low,0.029179576166423343,0.9302990992795109,0.04052132455406579
2705,11705,Medium,Medium,0.06155067268877382,0.03808083031051684,0.9003684970007093
10554,19554,High,High,0.9260524154655384,0.03215521225198054,0.04179237228248117
2464,11464,High,High,0.9289935445529602,0.028955193005912625,0.04205126244112717
25802,34802,Medium,Medium,0.03141739182188416,0.029308578943532587,0.9392740292345834
25125,34125,Medium,Medium,0.033061777453719084,0.03951211820034567,0.9274261043459352
1380,10380,High,High,0.9312697853175179,0.02877781121467278,0.03995240346780942
19615,28615,Low,Low,0.029382193715089988,0.9282805671576968,0.04233723912721326
14347,23347,High,High,0.9284297859115065,0.03100368588585629,0.04056652820263728
1112,10112,Medium,Medium,0.03223083078980544,0.032490198879746364,0.9352789703304482
30158,39158,Medium,Medium,0.033808882596648576,0.07456470377905512,0.8916264136242962
6798,15798,Low,High,0.9319437300330149,0.028855064953090637,0.03920120501389435
30341,39341,Medium,Medium,0.02959508457680807,0.029393788293577177,0.9410111271296148
33942,42942,Low,Low,0.03509934396242135,0.9201332183456192,0.044767437691959434
26299,35299,High,High,0.9321564464580362,0.028137041464432078,0.039706512077531834
6454,15454,High,High,0.9251521378448914,0.033758004349532085,0.041089857805576446
21753,30753,Medium,Medium,0.038738595308958734,0.0370036715206864,0.9242577331703549
29708,38708,Low,Low,0.028857163949657233,0.931079139504989,0.04006369654535363
2524,11524,Low,Medium,0.04070878886311851,0.03611412853442977,0.9231770826024518
22297,31297,High,High,0.9313957924032863,0.028350975592280253,0.04025323200443361
11292,20292,Low,Low,0.028745541973681777,0.9319250410239497,0.03932941700236851
28136,37136,Low,Medium,0.03107498096076507,0.030893417617213922,0.938031601422021
9474,18474,Medium,Medium,0.05698544153708233,0.04985537554641733,0.8931591829165004
1496,10496,Medium,Medium,0.0319451537326663,0.031112848468461463,0.9369419977988723
20065,29065,Low,Low,0.03198755166443952,0.9245526017538458,0.043459846581714735
20600,29600,Low,Low,0.02928352116200944,0.9310555727815263,0.03966090605646414
31102,40102,High,High,0.9177879000735931,0.03746140083467645,0.044750699091730385
14369,23369,Medium,Medium,0.03166980353608878,0.029102268185976138,0.9392279282779352
732,9732,High,High,0.9221060906365884,0.03641014117454041,0.04148376818887115
16491,25491,High,High,0.9317956429858828,0.02848315508029417,0.03972120193382298
26612,35612,High,High,0.9127753454343832,0.03593852332991521,0.0512861312357015
28394,37394,Medium,Medium,0.03045013363331803,0.030418527407975567,0.9391313389587065
12371,21371,Medium,Medium,0.030131447970198278,0.03085390021093641,0.9390146518188653
13047,22047,High,Medium,0.030667644894153124,0.02979201716113344,0.9395403379447135
38133,47133,Low,Low,0.05420244595172368,0.9001679859257563,0.04562956812251997
33355,42355,Medium,Medium,0.030780771757249182,0.031032622827763093,0.9381866054149878
11990,20990,High,High,0.9308330404714603,0.02988497861918243,0.03928198090935716
35421,44421,Medium,Medium,0.03400067019854596,0.029254368647028173,0.936744961154426
2698,11698,High,High,0.9306036520491792,0.029208038364732836,0.040188309586088024
17792,26792,High,High,0.9304197100926804,0.029333808693176727,0.040246481214142676
5612,14612,High,High,0.9295505166740226,0.030986709710545065,0.03946277361543235
16213,25213,Medium,Medium,0.03357328094887483,0.03428333924554274,0.9321433798055825
3703,12703,Medium,Medium,0.031261519469196905,0.03191678408866651,0.9368216964421365
20239,29239,Medium,Medium,0.03197687102951401,0.048522310359260634,0.9195008186112252
37599,46599,High,High,0.9310199754058939,0.02913635693510248,0.03984366765900387
15,9015,High,High,0.9289789330562807,0.03008659470574017,0.040934472237979226
10622,19622,Medium,Medium,0.03829532879832328,0.04383724840592332,0.9178674227957534
13772,22772,Medium,Medium,0.03360630678692106,0.03146189962087351,0.9349317935922055
24390,33390,High,High,0.9120171608514838,0.03374126120591911,0.05424157794259702
36216,45216,Medium,Medium,0.030509170431522046,0.02926062043952733,0.9402302091289506
23513,32513,High,High,0.9297081094741079,0.030291970002605317,0.039999920523286776
27920,36920,Medium,Medium,0.19552302364322724,0.04330616850608793,0.7611708078506848
35234,44234,Low,Low,0.028973522929423196,0.9301767685274293,0.040849708543147574
19677,28677,High,Medium,0.032825845572792334,0.031013530688292486,0.9361606237389152
6161,15161,Low,Low,0.028924255867374016,0.9306198700451453,0.04045587408748067
25769,34769,High,High,0.9050097755530011,0.04240661764124353,0.05258360680575538
26281,35281,Medium,Low,0.029315341002256898,0.9200325380056205,0.05065212099212268
22213,31213,Medium,Medium,0.029403833910735717,0.02849812920653616,0.9420980368827282
17093,26093,High,High,0.9307543794658608,0.028926175575101243,0.04031944495903795
30033,39033,Low,Low,0.0313416366456676,0.9256756756414942,0.042982687712838225
30916,39916,Low,Low,0.030419482873076425,0.9264840450333285,0.04309647209359513
17250,26250,Medium,Medium,0.06328351178846821,0.03193668560475026,0.9047798026067816
23290,32290,High,High,0.9327122675124336,0.027659065423631665,0.039628667063934614
14690,23690,High,High,0.9303219132042561,0.02977566803612899,0.039902418759614894
31559,40559,Low,Low,0.02901077295196906,0.9264140081871731,0.04457521886085781
35342,44342,Low,Low,0.030189111927644785,0.929585924074059,0.04022496399829618
33488,42488,Medium,Medium,0.04041306663355543,0.03422780117549807,0.9253591321909466
798,9798,High,High,0.93235668881211,0.028022089343051216,0.03962122184483885
30506,39506,Medium,Medium,0.031905438357463574,0.03109145908033355,0.937003102562203
22307,31307,Low,Low,0.029490969501556098,0.9248883005911576,0.045620729907286335
714,9714,Medium,High,0.9297180236654841,0.028493948841777972,0.041788027492738
527,9527,High,High,0.9300571201151348,0.030226148506400183,0.03971673137846523
34718,43718,Low,Low,0.03521470973664644,0.8287738059766383,0.1360114842867153
11509,20509,Medium,Medium,0.03266452213662657,0.030005790317663192,0.9373296875457102
32760,41760,High,High,0.9313152896499268,0.02851066100331608,0.040174049346757223
16197,25197,High,Low,0.029683842923617327,0.9302915833199076,0.040024573756475064
14121,23121,Low,Medium,0.03224806283844477,0.032562719671634884,0.9351892174899205
35759,44759,Medium,Medium,0.028833580864437755,0.02879312476851484,0.9423732943670474
9635,18635,Medium,Medium,0.03505524077986202,0.031119258717143355,0.9338255005029946
15750,24750,High,High,0.9261003559071209,0.031902611782976764,0.04199703230990239
119,9119,Medium,Medium,0.030524869383403125,0.03132616261725274,0.9381489679993441
23262,32262,Medium,Medium,0.029458336154882563,0.033614884308125946,0.9369267795369915
27288,36288,Medium,Medium,0.0326587469815159,0.03285273603479638,0.9344885169836877
24239,33239,Low,Low,0.029228480892672964,0.930564461651596,0.040207057455731145
28375,37375,High,Low,0.029069109692544327,0.930609529386844,0.040321360920611664
7754,16754,Medium,Medium,0.04629436968262953,0.03368731718906495,0.9200183131283054
23817,32817,Medium,Medium,0.03250400088238856,0.03789012742895836,0.9296058716886532
32471,41471,Medium,Medium,0.04156114754582182,0.04381776515885183,0.9146210872953264
19487,28487,Low,Low,0.04229898215629151,0.905888905165449,0.05181211267825934
18123,27123,Low,Medium,0.029371350358865376,0.028794689739697846,0.9418339599014368
37887,46887,High,High,0.9217339183427221,0.03278654620709794,0.04547953545017996
12018,21018,Medium,Medium,0.03220877040795111,0.028781165100602673,0.9390100644914462
7443,16443,Medium,Medium,0.052408695436895046,0.0297142481157382,0.917877056447367
9452,18452,High,High,0.930673612908799,0.029928865588588194,0.039397521502612685
16991,25991,Medium,Medium,0.03280573742998335,0.029721493470497018,0.9374727690995197
2062,11062,Medium,Medium,0.034183689576747694,0.031118192837983404,0.934698117585269
11552,20552,Medium,Low,0.029046019528805866,0.931653883080953,0.0393000973902412
16402,25402,Low,Low,0.02970077983102636,0.9297968802325945,0.04050233993637909
7573,16573,Low,Low,0.030867956890133247,0.9257685264557386,0.043363516654128166
14395,23395,Medium,Medium,0.03329692484209771,0.03213605927279102,0.9345670158851114
6802,15802,Medium,Medium,0.03146379086316187,0.04311903274005047,0.9254171763967877
15351,24351,Medium,Medium,0.03201993396257863,0.03064834045045833,0.937331725586963
21152,30152,Low,Low,0.02943055437874094,0.930875881768135,0.03969356385312401
15134,24134,Medium,Medium,0.033409875894637904,0.03296447492812874,0.9336256491772333
4645,13645,High,High,0.9268755286156537,0.030557792826390383,0.042566678557955956
28178,37178,Low,High,0.8813599764215815,0.03422974949424444,0.08441027408417413
28675,37675,Medium,Medium,0.032523115944799945,0.030718615393135324,0.9367582686620647
3331,12331,Low,Low,0.03148163324663076,0.9276079391427117,0.04091042761065768
30731,39731,Medium,Medium,0.044585649006483985,0.03243094813347943,0.9229834028600364
30854,39854,High,High,0.9191435423535195,0.03183378893312638,0.049022668713354096
9481,18481,Medium,Medium,0.03236163528911734,0.03288239432260604,0.9347559703882765
28924,37924,High,High,0.9306306000576822,0.029822505829447187,0.03954689411287061
29158,38158,Medium,Medium,0.03189778109831206,0.032480421678081794,0.9356217972236062
33774,42774,High,High,0.9307723783217793,0.028430821994208835,0.04079679968401199
28833,37833,High,High,0.9316209564828601,0.028157075183050936,0.04022196833408884
9658,18658,Low,High,0.9176361670928804,0.03340754878929137,0.048956284117828146
7241,16241,High,High,0.9247224175840104,0.028470677784324206,0.04680690463166548
5203,14203,Medium,Medium,0.029371118523068406,0.029439770517776003,0.9411891109591556
23055,32055,Medium,Medium,0.031885557324137864,0.03201780693035182,0.9360966357455104
23423,32423,Medium,Medium,0.047466645953272824,0.04377541242733504,0.9087579416193922
20752,29752,Medium,Medium,0.0285647394062639,0.028953418933441635,0.9424818416602944
5762,14762,Medium,Medium,0.036615620438693486,0.03411790009812161,0.9292664794631849
4567,13567,Low,High,0.9302531206341395,0.029225333493377928,0.04052154587248275
21069,30069,High,High,0.9300893589631585,0.02988744395184691,0.04002319708499471
16556,25556,Low,Low,0.03371395793581856,0.9173106635758197,0.048975378488361726
7362,16362,Medium,Medium,0.037012361646760784,0.3046732895367848,0.6583143488164543
27781,36781,Medium,Medium,0.03570268144515106,0.04334333556402185,0.920953982990827
38809,47809,Medium,Medium,0.031108827897801745,0.031518003693775415,0.9373731684084229
22204,31204,Medium,High,0.6336923739428756,0.057017257137883755,0.30929036891924067
16044,25044,Medium,Medium,0.03731443801800163,0.03133589438471034,0.9313496675972881
14515,23515,High,High,0.9269898530722358,0.02962790384653276,0.04338224308123139
21146,30146,Medium,Medium,0.03167026120639291,0.031301276235257,0.93702846255835
36275,45275,Low,Low,0.029796675109516668,0.9241042970026231,0.046099027887860376
36764,45764,Medium,Medium,0.03694507690931198,0.031770018356743264,0.9312849047339448
25551,34551,High,High,0.9318789250435296,0.028816730131682292,0.03930434482478797
4847,13847,Medium,Medium,0.03615578175178608,0.03224956923734935,0.9315946490108645
31927,40927,High,High,0.9320474081921019,0.02789323581335067,0.04005935599454751
29505,38505,Medium,Medium,0.056086162317375954,0.028924150514629644,0.9149896871679944
15717,24717,Medium,Medium,0.03813346031976779,0.030306817534572345,0.9315597221456597
36021,45021,Medium,Medium,0.030123236233286527,0.02804612178106096,0.9418306419856526
2260,11260,Low,Low,0.02901385621576487,0.9307833315742404,0.04020281220999463
6992,15992,Low,Low,0.02914043404202138,0.9118383006656375,0.05902126529234115
8862,17862,Low,Low,0.02997675441887104,0.9298235210126679,0.04019972456846113
11717,20717,Medium,Medium,0.032233992693546376,0.032669871937114306,0.9350961353693391
25201,34201,Medium,Medium,0.04729351893837782,0.03128552937931183,0.9214209516823103
3073,12073,Low,Low,0.04680040798966332,0.9131485285185263,0.0400510634918102
11245,20245,Medium,Medium,0.04158171084495199,0.03515779591509819,0.9232604932399499
30348,39348,Low,Low,0.031434758594097736,0.9281401275046313,0.04042511390127102
9881,18881,Medium,Medium,0.03280590538572902,0.029796080887470756,0.9373980137268002
18196,27196,Medium,Medium,0.041303873865718675,0.030097368945902248,0.928598757188379
28613,37613,Medium,Medium,0.02948796460357354,0.02923767883058112,0.9412743565658452
39915,48915,High,High,0.9279955669013672,0.028606664788710587,0.04339776830992232
25341,34341,Medium,Medium,0.03179058842115748,0.02873376069424491,0.9394756508845976
25999,34999,Medium,Medium,0.029729679310791863,0.0279844814161725,0.9422858392730357
18785,27785,Medium,Low,0.036552257261730246,0.6445531759670259,0.31889456677124395
33575,42575,Medium,Low,0.029590825612962376,0.9243524675341104,0.04605670685292718
10692,19692,Medium,Medium,0.038298206463930284,0.033558472130915236,0.9281433214051544
36127,45127,Low,Low,0.03231611341412032,0.9259392258139828,0.04174466077189687
20227,29227,Medium,Medium,0.033759446124854264,0.0323055246908275,0.9339350291843181
7556,16556,High,High,0.9287756292696105,0.029499270930865892,0.04172509979952352
38038,47038,Low,Low,0.031214761514641934,0.9251117235467511,0.043673514938607085
24681,33681,Low,Low,0.03339027073461929,0.9253884976535799,0.04122123161180086
11231,20231,Low,Low,0.02999233791431154,0.9290199211694996,0.04098774091618879
32261,41261,Low,Low,0.029099226727627613,0.9260732581683492,0.04482751510402321
10255,19255,Medium,Medium,0.02979800851142414,0.029091731744995932,0.94111025974358
19704,28704,High,Medium,0.03137175072279812,0.030288418043599042,0.9383398312336029
17905,26905,Low,Low,0.030332609233256442,0.8703659621799217,0.09930142858682178
39177,48177,Low,Low,0.032866354939925374,0.9272250100796232,0.039908634980451475
3562,12562,Medium,Medium,0.035036493806448195,0.030750887044604727,0.9342126191489472
28761,37761,Medium,Medium,0.02985680095316699,0.028316315704094455,0.9418268833427387
12519,21519,Medium,Medium,0.03152192373988649,0.03167324702567877,0.9368048292344348
4421,13421,Medium,Medium,0.036133956645763375,0.03301937689616152,0.9308466664580751
89,9089,Medium,Medium,0.03572832499228423,0.028874711586244207,0.9353969634214717
15974,24974,Low,Low,0.03642175102338622,0.9013070415803334,0.062271207396280503
33219,42219,Medium,Medium,0.03156880376984664,0.03193348098479525,0.9364977152453581
30088,39088,Medium,Medium,0.03191651905330158,0.02971886704802809,0.9383646138986702
36200,45200,Medium,Medium,0.030439906659777877,0.028603134472807618,0.9409569588674146
19731,28731,Medium,Medium,0.030078047720376106,0.03581932947004602,0.9341026228095779
9500,18500,High,High,0.922318289249502,0.029992929076555513,0.04768878167394237
15468,24468,Low,Low,0.02884445352187956,0.9316440147506307,0.0395115317274898
34975,43975,High,High,0.9239367797925033,0.032659980046532734,0.043403240160963884
19373,28373,High,High,0.9303247844079864,0.02960486151213806,0.040070354079875435
25171,34171,Low,Low,0.032587297655153544,0.924974209513878,0.04243849283096851
37078,46078,Low,High,0.9317869119907408,0.02883936750260145,0.03937372050665786
17525,26525,High,High,0.9271823559715257,0.03256286655172944,0.04025477747674496
7544,16544,Low,Low,0.03569995313381275,0.923441594783795,0.04085845208239231
3566,12566,Low,Low,0.028913961012644582,0.9315499131245378,0.039536125862817545
5844,14844,Medium,Medium,0.029300714214510654,0.02927261200835599,0.9414266737771334
16903,25903,Low,Low,0.02884916200789907,0.9318377384098699,0.039313099582231066
16800,25800,Low,Low,0.029746183337742798,0.9297474009832296,0.04050641567902766
1474,10474,Low,Medium,0.04237976009072386,0.4381741740052932,0.5194460659039829
3675,12675,Low,Low,0.0326709115156836,0.9274847679132252,0.039844320571091225
10065,19065,Medium,Medium,0.037553482491198636,0.035933209133783166,0.9265133083750182
3672,12672,Medium,Low,0.03194264460562407,0.878148094220172,0.08990926117420399
29731,38731,Medium,Medium,0.029771779504442656,0.03218854583741353,0.9380396746581439
25659,34659,High,Medium,0.031905257519443925,0.02922397120836283,0.9388707712721933
14149,23149,Medium,Medium,0.031315921586991285,0.03148994373724779,0.9371941346757607
35243,44243,Medium,Medium,0.030161513831254524,0.0318605637329445,0.937977922435801
20926,29926,Medium,Medium,0.03453296082184872,0.03879520839055688,0.9266718307875944
23850,32850,High,High,0.9330840431780785,0.027771268669487915,0.03914468815243354
38056,47056,Medium,Medium,0.03829780023731009,0.03255908505456867,0.9291431147081212
22969,31969,High,High,0.9308822753649633,0.028709248444916177,0.040408476190120585
28287,37287,Medium,High,0.9304280990890352,0.029302217700130737,0.04026968321083402
33988,42988,Medium,Medium,0.03127981355354213,0.03674347584020014,0.9319767106062576
19376,28376,High,High,0.9313419307111568,0.02910631198039533,0.039551757308447864
22263,31263,High,High,0.9304728462288162,0.028762613850882923,0.04076453992030069
27278,36278,Medium,Medium,0.047762601989505306,0.040223358239514666,0.91201403977098
36310,45310,Medium,Medium,0.034865187409186024,0.036918873626181785,0.9282159389646322
17691,26691,Low,Low,0.03214793736321419,0.9275581210457419,0.040293941591043915
37578,46578,Low,Low,0.03001399737805807,0.9288529923637071,0.041133010258234785
4559,13559,Low,Low,0.03687983355966005,0.9144220555079468,0.048698110932393256
32487,41487,Medium,Medium,0.030874462619243596,0.029434659701261596,0.9396908776794947
20911,29911,Medium,Medium,0.03242402039468006,0.0366390624131747,0.9309369171921453
25478,34478,Medium,Medium,0.03293633708143212,0.03426316203328989,0.932800500885278
25738,34738,Medium,Medium,0.03035541645570165,0.031256850791801814,0.9383877327524965
39362,48362,Medium,Medium,0.03344550176047917,0.03907063598837094,0.9274838622511498
10307,19307,High,High,0.9257082500951112,0.030284780266667765,0.04400696963822107
35671,44671,Medium,Medium,0.03842754028995821,0.04171780335306191,0.9198546563569798
30672,39672,Medium,Medium,0.030221259153138908,0.02875491314377565,0.9410238277030855
14939,23939,Medium,Medium,0.03513439378690389,0.03649025830998901,0.9283753479031072
4244,13244,Medium,Medium,0.03543003742284192,0.03137986347994803,0.9331900990972101
21272,30272,Medium,Medium,0.032559246994865634,0.03006672808799017,0.9373740249171442
29096,38096,Medium,Medium,0.02991967102784478,0.029852546454790962,0.9402277825173643
1320,10320,Low,Medium,0.037300502486830464,0.30951017952294896,0.6531893179902206
5607,14607,Medium,Medium,0.03381832034673651,0.03035888456299267,0.9358227950902708
13344,22344,High,High,0.9298835964250426,0.03009730482393717,0.040019098751020186
23314,32314,Medium,Medium,0.03295285950053744,0.03614855009815026,0.9308985904013123
22445,31445,Low,Low,0.03156909397468028,0.926269613164488,0.042161292860832
24171,33171,Low,Low,0.03346127211871442,0.9219094517910434,0.044629276090242205
16251,25251,High,High,0.9318209535798067,0.028654672063656007,0.0395243743565373
36241,45241,Low,Low,0.03895174962932737,0.9165514703892529,0.044496779981419744
18186,27186,Medium,Medium,0.052419361637154945,0.030897537527999373,0.9166831008348457
5511,14511,Medium,High,0.49432533837450654,0.052287673946436665,0.45338698767905683
25187,34187,High,High,0.9313820369918792,0.028585730827488037,0.04003223218063276
20677,29677,Medium,Medium,0.029371930635099287,0.03260320359411747,0.9380248657707831
32616,41616,Medium,Medium,0.03571893695573244,0.22005462224242459,0.744226440801843
25028,34028,Medium,Medium,0.029082276319151334,0.02884813847881947,0.9420695852020291
32948,41948,Medium,High,0.9273373214807982,0.03190913880570045,0.04075353971350126
8863,17863,Medium,Medium,0.034952309481590074,0.03207026052805375,0.932977429990356
37516,46516,High,High,0.9306253578649377,0.029167241631036345,0.040207400504025805
28643,37643,Low,Medium,0.031417987141657576,0.029461067267308228,0.9391209455910342
18837,27837,Medium,Medium,0.04377547401977303,0.030048338144947066,0.92617618783528
17490,26490,High,High,0.9317035183808328,0.028326209030055834,0.0399702725891114
5757,14757,Medium,High,0.9317125998193374,0.028425151493375,0.039862248687287626
19063,28063,Low,Low,0.028913521208880428,0.9305047205931474,0.040581758197972224
13128,22128,Medium,Medium,0.03598922747529779,0.05778602733307894,0.9062247451916233
30932,39932,Medium,High,0.9312881414485809,0.028794287713184777,0.03991757083823421
31547,40547,High,High,0.9314525965644057,0.028930418258944865,0.03961698517664949
29230,38230,Medium,Medium,0.03376424858723792,0.0443781591941883,0.9218575922185739
9592,18592,High,High,0.9305482920656251,0.030040722690812094,0.0394109852435628
36010,45010,Medium,Medium,0.10131470443663514,0.032660081538693146,0.8660252140246717
25981,34981,Low,Low,0.03698000072782503,0.903009128785678,0.060010870486497
37642,46642,High,High,0.9275936148037928,0.02911284839025714,0.04329353680595011
33359,42359,Low,Low,0.033166307720114106,0.9250333291129765,0.04180036316690938
32217,41217,Low,Low,0.03040388717699134,0.923684327137089,0.04591178568591956
23801,32801,High,Medium,0.03119756825110134,0.03404115258821549,0.9347612791606833
14967,23967,Medium,Medium,0.030597932734967474,0.030015159888199968,0.9393869073768326
20291,29291,High,High,0.9272563850402369,0.03101565609176486,0.041727958867998266
38443,47443,High,High,0.9284148738971948,0.03103327023838881,0.04055185586441634
33980,42980,Medium,Medium,0.042018017001511636,0.03134644894273323,0.9266355340557552
36419,45419,Medium,Medium,0.12774145816253873,0.05313022500792732,0.8191283168295339
19572,28572,Medium,Medium,0.03749582197170318,0.03480745169775715,0.9276967263305397
34021,43021,Medium,Medium,0.03345899033707965,0.03865205543941489,0.9278889542235054
16226,25226,Medium,Medium,0.030696121957464146,0.03356977659674076,0.935734101445795
11117,20117,Medium,Medium,0.032745359225498503,0.03402668497779511,0.9332279557967066
18381,27381,Low,Low,0.03024116428530388,0.9265084342127256,0.04325040150197066
31581,40581,High,High,0.9298859299190266,0.028388862189568497,0.04172520789140486
36714,45714,Low,Low,0.03846712582745085,0.7311424619251431,0.23039041224740622
36945,45945,Low,Low,0.03670679342207173,0.9226837160773601,0.04060949050056826
25860,34860,Low,Low,0.035835512980380825,0.923408581729594,0.04075590529002523
12048,21048,Medium,Medium,0.02936717773395743,0.030118481429760563,0.940514340836282
19458,28458,Low,Low,0.03160292708256045,0.9027899148634027,0.06560715805403688
27627,36627,High,High,0.928774337023948,0.029656823949403208,0.04156883902664888
35882,44882,Medium,Medium,0.03142513012685405,0.030772798933687895,0.937802070939458
18268,27268,Medium,Medium,0.03801749380641237,0.03024187774547619,0.9317406284481113
31014,40014,Low,Low,0.028820739013875,0.9311059830805638,0.04007327790556106
38643,47643,Medium,Medium,0.03488429094754067,0.03037982874734027,0.934735880305119
9449,18449,Medium,Medium,0.03461458717681717,0.033713850585212486,0.9316715622379702
6310,15310,Low,Low,0.029499417347188823,0.9279105919559415,0.04258999069686959
25554,34554,Medium,Medium,0.04180386740278643,0.031935028645390356,0.9262611039518233
23306,32306,High,High,0.9134177269075311,0.034135473547917905,0.05244679954455098
7717,16717,High,High,0.9282027274208743,0.029623263535942832,0.04217400904318292
8775,17775,Medium,Medium,0.03375153461938344,0.05349424724525387,0.9127542181353627
15662,24662,Low,Low,0.029032288626612095,0.9313943277177188,0.03957338365566906
6705,15705,High,Low,0.03586580107599832,0.9232895996331857,0.04084459929081596
35608,44608,Medium,Medium,0.03255614664112602,0.05926368279769573,0.9081801705611783
24175,33175,Medium,Medium,0.04028107541958678,0.0354534888605072,0.924265435719906
16355,25355,Low,Low,0.0292665905154568,0.9289091709579598,0.04182423852658354
6407,15407,Medium,Medium,0.031848955895490805,0.029835106603056317,0.9383159375014527
2051,11051,Medium,Medium,0.030579163804782344,0.03159033501211144,0.9378305011831062
36237,45237,High,Medium,0.03846476318528918,0.03345910343617025,0.9280761333785407
9966,18966,High,High,0.9238361196905611,0.02922329565927993,0.04694058465015902
24449,33449,Medium,Medium,0.03432884881316853,0.031604548523628255,0.9340666026632033
30474,39474,Low,Low,0.029135137356119018,0.9269881067654175,0.04387675587846342
4402,13402,Low,Low,0.0304776007244522,0.9297072556065858,0.03981514366896191
24793,33793,Medium,Medium,0.03242172628276495,0.029545639783828268,0.9380326339334069
37125,46125,Medium,Medium,0.03715595352413529,0.03515198530669159,0.9276920611691731
81,9081,Medium,Medium,0.030436941133366684,0.033824211684145525,0.9357388471824879
7118,16118,Medium,Medium,0.033256309815506,0.04374435140482378,0.9229993387796703
23615,32615,Medium,Medium,0.031931662940312355,0.03141353802222086,0.9366547990374667
19963,28963,Low,Low,0.03202117459610399,0.9252711133953117,0.042707712008584246
23573,32573,Medium,Medium,0.029050569996226128,0.03085139469346063,0.9400980353103133
15337,24337,Medium,Medium,0.037586294456061785,0.047369179936814075,0.915044525607124
15388,24388,Medium,Medium,0.033802128594203194,0.032020579243375584,0.9341772921624213
33745,42745,Medium,Medium,0.030836249983387947,0.028140276871228248,0.9410234731453837
20308,29308,Medium,High,0.9268204053954853,0.02994040077195345,0.04323919383256131
27056,36056,Medium,Medium,0.034951093690157496,0.031854357736048,0.9331945485737944
2668,11668,Low,Low,0.028820271211573645,0.9290338382122038,0.042145890576222506
19520,28520,High,High,0.9156374197081522,0.030769758592344914,0.05359282169950289
32031,41031,Medium,Medium,0.03359569565798228,0.030089838375493092,0.9363144659665247
25094,34094,Medium,Medium,0.03963885848358506,0.030584857526864337,0.9297762839895506
268,9268,Low,Low,0.04210266498645279,0.9162441962092932,0.04165313880425401
12549,21549,Low,Low,0.028899913112172052,0.9288769145749146,0.042223172312913365
30365,39365,Low,Low,0.031684947294369915,0.8920691346264308,0.07624591807919928
8208,17208,Low,Low,0.029804584215157595,0.8664347462903955,0.1037606694944469
15170,24170,Medium,Medium,0.032681554006596975,0.035286332671260294,0.9320321133221426
28962,37962,Low,Low,0.029028808576016186,0.9306849797950608,0.04028621162892312
3209,12209,Low,Low,0.028531032555584316,0.932174393750799,0.0392945736936167
17091,26091,Medium,Medium,0.03800872490921791,0.03432461469421596,0.9276666603965661
17548,26548,Medium,Medium,0.03524924221145225,0.030095396992343388,0.9346553607962044
11150,20150,Medium,Medium,0.043249322450023664,0.033143876543107374,0.9236068010068689
12847,21847,Medium,Medium,0.034701529895595246,0.03038437833491789,0.9349140917694868
9402,18402,Low,Low,0.029065193320019642,0.9316525518300862,0.03928225484989408
11352,20352,Medium,Medium,0.029209050683880033,0.031745041403048825,0.9390459079130711
22918,31918,Low,Medium,0.03459598561852847,0.046833052492261724,0.9185709618892098
17320,26320,Medium,Medium,0.03376847972731276,0.033180027713501134,0.9330514925591861
35160,44160,Medium,Medium,0.0334924369518238,0.031136078167574046,0.9353714848806022
35909,44909,Medium,Medium,0.031999573515914086,0.03050702312151993,0.9374934033625659
21561,30561,Medium,Medium,0.04703285868009698,0.04137713895899897,0.9115900023609042
29673,38673,Low,Low,0.03419998219462043,0.9233760391269269,0.042423978678452705
18554,27554,Medium,Medium,0.033785752270867685,0.10208237273819724,0.8641318749909349
38971,47971,Medium,High,0.5693612660374326,0.04676025882141757,0.38387847514114987
24537,33537,Medium,Medium,0.03627343332264631,0.03147845329770413,0.9322481133796495
22669,31669,Medium,Medium,0.041012596923312016,0.03556671582454978,0.9234206872521381
37950,46950,Medium,Medium,0.031137619793371263,0.037294144881387825,0.931568235325241
29207,38207,Medium,Medium,0.03039784415610512,0.030133548017837058,0.9394686078260578
17936,26936,Medium,Medium,0.02929082296133449,0.028293093519824997,0.9424160835188404
25295,34295,Medium,Medium,0.03329677771435662,0.03276900054626536,0.9339342217393779
15500,24500,High,High,0.9290465598865145,0.03005846210921867,0.0408949780042668
33207,42207,Low,Low,0.035368242866192716,0.9210482128286123,0.043583544305195045
8625,17625,High,High,0.9112558556010294,0.04795909073905311,0.04078505365991752
16045,25045,Medium,Medium,0.03389711216676242,0.03149570548766059,0.934607182345577
36465,45465,Medium,Medium,0.034638077259831264,0.03937745955235078,0.925984463187818
39920,48920,Medium,Medium,0.033714305454417816,0.03130900397623778,0.9349766905693443
39919,48919,Low,Low,0.02977811920613555,0.9283763065633154,0.04184557423054904
4919,13919,Low,Low,0.03020825000726432,0.9265386190200288,0.04325313097270711
38603,47603,High,High,0.9139267040388198,0.03235627596598605,0.053717019995193994
16671,25671,Low,Low,0.028794795717344515,0.9319559285322767,0.03924927575037886
3535,12535,Medium,Medium,0.04545109781310406,0.035273995490934,0.9192749066959619
25674,34674,High,High,0.9284280569291203,0.030104442578818377,0.04146750049206126
3779,12779,High,High,0.9281799760696167,0.030165985208712023,0.0416540387216714
38555,47555,Medium,Medium,0.030436819647129326,0.028605727633796377,0.9409574527190743
6388,15388,Medium,Medium,0.03155695846980503,0.028898338819850867,0.9395447027103442
29306,38306,High,High,0.9301921775909184,0.030439374837444858,0.0393684475716368
38856,47856,Medium,Medium,0.0334167745388825,0.03377571158706308,0.9328075138740545
13565,22565,Medium,Medium,0.03767072386289272,0.03305252417010413,0.9292767519670031
32714,41714,High,High,0.9295716129425279,0.030138932301749535,0.04028945475572262
12120,21120,Medium,Medium,0.03191014478239577,0.03103028470778091,0.9370595705098234
3883,12883,Low,Medium,0.03391891224343401,0.42627786204742196,0.539803225709144
6653,15653,High,Low,0.032791880867248116,0.9265818494902383,0.0406262696425136
30169,39169,Medium,Medium,0.0287436546567968,0.028060164162280802,0.9431961811809223
25643,34643,High,High,0.9304037220396438,0.028607695434211405,0.040988582526144714
11930,20930,High,High,0.9319919361000245,0.028786029403440414,0.0392220344965351
15663,24663,Low,High,0.6963620505881435,0.06239916321370196,0.2412387861981545
36592,45592,Medium,Medium,0.02934421165283754,0.03785772908374065,0.9327980592634217
22396,31396,Low,Low,0.02938434013239016,0.930729044046446,0.03988661582116382
2839,11839,High,High,0.8919731804548484,0.030509671049881046,0.07751714849527058
24119,33119,Low,Low,0.029502774546784367,0.9271370820232554,0.043360143429960245
33333,42333,High,High,0.9277256876880641,0.028771598320236392,0.043502713991699506
17607,26607,Medium,Medium,0.03267222087664154,0.03162817277302512,0.9356996063503334
18339,27339,High,High,0.9323731141141236,0.028462162268349,0.03916472361752737
13757,22757,Medium,Medium,0.03246701015177727,0.03195636615758033,0.9355766236906424
25456,34456,Medium,Medium,0.032528553768512075,0.03465056656493412,0.9328208796665537
19067,28067,Medium,Medium,0.033866551896625775,0.030664222872623926,0.9354692252307503
28796,37796,High,Medium,0.03302238593007741,0.033686811029344864,0.9332908030405777
17379,26379,Low,Medium,0.10386583635087167,0.04092544058385142,0.8552087230652768
7357,16357,High,High,0.9287929317183335,0.03002821758264851,0.04117885069901795
35171,44171,High,High,0.9295465639104603,0.029473330859636177,0.04098010522990343
15492,24492,Medium,Medium,0.03776208683636791,0.03987722124679684,0.9223606919168352
35082,44082,Medium,Medium,0.029776016223655128,0.029109189810225426,0.9411147939661194
34953,43953,Low,Low,0.030082680172948063,0.926500780217696,0.04341653960935593
20222,29222,Medium,Medium,0.03404263528434082,0.03787072969893044,0.9280866350167288
31700,40700,Medium,Medium,0.03548437159845403,0.030476824156575492,0.9340388042449704
3896,12896,High,High,0.9247577774356962,0.030253848931174,0.04498837363312989
1507,10507,High,Medium,0.038735511242346705,0.0336200325823014,0.927644456175352
38708,47708,High,High,0.9101111544378777,0.033161504871818875,0.056727340690303434
18632,27632,High,High,0.9033364826280819,0.037599388093208494,0.059064129278709715
29198,38198,Medium,High,0.9239566601233299,0.02861334051146544,0.04742999936520464
2997,11997,Medium,Medium,0.043433942471052145,0.03674238890973324,0.9198236686192146
37128,46128,Medium,High,0.9320308687801413,0.02829024965300592,0.039678881566852675
19869,28869,Medium,Medium,0.02904488622417341,0.02873368912818476,0.9422214246476419
33979,42979,Medium,Medium,0.030778324675273083,0.029289561606254056,0.939932113718473
7183,16183,Low,Low,0.036716918726428856,0.685858310798388,0.27742477047518305
27654,36654,Medium,Medium,0.03193872731593273,0.035224703898589414,0.9328365687854778
35474,44474,High,High,0.932788562818773,0.02821390217814554,0.038997535003081396
16088,25088,Medium,Medium,0.03095998112388901,0.02938460770240892,0.939655411173702
30631,39631,Low,Low,0.029233345645750253,0.9306092330413605,0.04015742131288929
12894,21894,Low,Low,0.028587124735975245,0.9315815887691027,0.039831286494922145
32470,41470,Medium,Medium,0.03636967321070514,0.03068245575430668,0.9329478710349881
2175,11175,Low,Low,0.028796124932776963,0.9309704384793869,0.040233436587836145
6593,15593,Low,Low,0.029638500752319403,0.930363271543415,0.03999822770426556
3385,12385,Low,Low,0.02873409133766559,0.9299959095358631,0.04126999912647125
26705,35705,Low,Low,0.029546309057683916,0.9302957219122435,0.04015796903007244
23592,32592,High,High,0.6527139333640231,0.03299877589517116,0.3142872907408057
30870,39870,Medium,Medium,0.03459516773816465,0.03517333023703333,0.9302315020248021
36211,45211,Medium,Medium,0.035973956789626706,0.030251600083193764,0.9337744431271796
31378,40378,Low,Low,0.029989561862951406,0.9289546419891841,0.041055796147864455
407,9407,Medium,Medium,0.031052273108560083,0.031240102970003698,0.9377076239214363
26906,35906,Medium,Medium,0.03518503589188149,0.034050551108564114,0.9307644129995544
32193,41193,Low,Medium,0.05721796241541507,0.03376772959907189,0.9090143079855131
27774,36774,High,High,0.9182537300828688,0.03552320898217016,0.04622306093496103
36867,45867,Low,Low,0.031202148118270823,0.9275688061343974,0.041229045747331765
39144,48144,Medium,Medium,0.029324476245917778,0.03044368928064844,0.9402318344734338
994,9994,High,High,0.9259486682308644,0.03457179966929464,0.03947953209984105
7305,16305,High,High,0.8939195791418088,0.06327872987841258,0.04280169097977871
17004,26004,Low,High,0.9146351414769173,0.044712496563920186,0.04065236195916256
24404,33404,High,High,0.930288169755847,0.028953162928054527,0.040758667316098424
39213,48213,Medium,Medium,0.0312463645789028,0.031667155820021026,0.9370864796010762
20146,29146,Medium,Medium,0.028671960921895275,0.029492886483194748,0.9418351525949099
21973,30973,Low,Low,0.03354162617417008,0.9207723578736045,0.04568601595222547
36677,45677,Medium,Medium,0.039959972270891535,0.03308759900439673,0.9269524287247117
24059,33059,High,High,0.9289104643368863,0.02965677016371811,0.04143276549939559
36630,45630,Medium,Medium,0.032577763935898625,0.039144148375322534,0.928278087688779
37927,46927,Medium,Medium,0.032846458443304326,0.035795394288778204,0.9313581472679174
7151,16151,High,Medium,0.029318290474592012,0.029322892091552522,0.9413588174338554
9798,18798,Low,Low,0.0289499815321813,0.930830405274342,0.04021961319347669
23761,32761,Medium,Medium,0.04187873601671005,0.36088696922495994,0.59723429475833
36985,45985,Medium,Medium,0.033681042126197075,0.03927228142055786,0.9270466764532451
18241,27241,Medium,Medium,0.05014364145981511,0.03330896907628803,0.9165473894638968
34601,43601,Medium,Medium,0.03160907987385853,0.03097151804149661,0.9374194020846448
31229,40229,Medium,Medium,0.03305759609418089,0.0318765401606781,0.935065863745141
2191,11191,Medium,Medium,0.03590021840375828,0.035861538360959476,0.9282382432352824
17064,26064,High,High,0.9308812165704836,0.02996874695803922,0.0391500364714771
6308,15308,Low,High,0.9301608731501058,0.0286224984062813,0.04121662844361295
3667,12667,Low,Medium,0.031939423673493186,0.033909045133632514,0.9341515311928742
20092,29092,Medium,High,0.9283933456827237,0.029403604167366437,0.042203050149909736
2265,11265,Low,Low,0.029522716905323345,0.9259658315712832,0.044511451523393385
7198,16198,Medium,Medium,0.0364445864143118,0.03322439399056007,0.9303310195951281
35847,44847,Medium,Medium,0.029888102916780717,0.03202481168196745,0.9380870854012519
26703,35703,High,Medium,0.03823853676879596,0.03083928876073491,0.9309221744704691
8366,17366,Medium,Medium,0.04686024599997004,0.0631918553939347,0.8899478986060952
3404,12404,Low,Low,0.02984307519124098,0.9050911051596144,0.06506581964914455
1212,10212,Medium,Medium,0.037219053237861094,0.029125818960121768,0.9336551278020172
18687,27687,Low,Low,0.030209697909973812,0.9197373852487577,0.05005291684126862
15485,24485,Medium,Medium,0.0606250119441736,0.03499642563636028,0.904378562419466
3473,12473,High,High,0.9318838073588629,0.02834643165751766,0.03976976098361934
21855,30855,Medium,Medium,0.029367163115895486,0.030636695703221344,0.9399961411808831
38621,47621,High,Low,0.028908318607535496,0.9315176852044513,0.03957399618801328
26628,35628,Medium,Medium,0.0351830039686631,0.035754141665984306,0.9290628543653526
26040,35040,High,Low,0.029389266214568457,0.9298746027722373,0.04073613101319421
30004,39004,High,High,0.9331749822842447,0.027808643772810934,0.03901637394294437
35355,44355,Low,Low,0.02869220525163982,0.9306709913630543,0.04063680338530588
9825,18825,Low,Low,0.032048644112998584,0.9274769771214902,0.04047437876551122
34172,43172,Medium,Medium,0.030316344242499255,0.029911091277280092,0.9397725644802207
27287,36287,Medium,Medium,0.04491061973424538,0.04246036190180288,0.9126290183639517
33798,42798,Medium,Medium,0.037169614776252816,0.02959463318463797,0.9332357520391091
1793,10793,High,High,0.9310024250258079,0.02897721753731347,0.04002035743687851
4964,13964,Low,Low,0.03293751741375606,0.9257449579724137,0.041317524613830064
27780,36780,Medium,Medium,0.042252900451423714,0.04970641581106566,0.9080406837375107
34568,43568,High,High,0.9172344962731286,0.0323739283413013,0.05039157538557008
1067,10067,Low,Low,0.029642235432753936,0.928945665653519,0.04141209891372705
34737,43737,Medium,Medium,0.03434513931420203,0.03028658651457622,0.9353682741712218
1872,10872,Medium,Medium,0.031368015823247726,0.033615642336960884,0.9350163418397915
17195,26195,Low,Low,0.028826635766424108,0.9308079375328875,0.04036542670068851
16874,25874,Medium,Medium,0.03604895537523515,0.26797674242958075,0.6959743021951841
9872,18872,Medium,Medium,0.03538252695493434,0.04408064443712146,0.9205368286079442
1040,10040,High,High,0.9324329613906085,0.028277402766972562,0.03928963584241892
35537,44537,High,High,0.9192001354958319,0.02856302174381684,0.0522368427603512
5052,14052,High,High,0.9316207989843509,0.028289538413966902,0.04008966260168214
29167,38167,Medium,Medium,0.0331385735218298,0.036831044070966386,0.9300303824072039
10656,19656,Medium,Medium,0.030277070764603158,0.02933593352356347,0.9403869957118335
34752,43752,High,High,0.9079298001552502,0.0427407805740456,0.04932941927070427
3208,12208,Low,Low,0.03213948766311761,0.9192089198987287,0.04865159243815373
19490,28490,High,High,0.9304390825132022,0.029452900402615733,0.04010801708418207
37441,46441,High,Medium,0.03434531869887262,0.03750828494570863,0.9281463963554187
25268,34268,Low,Low,0.031546149053974105,0.9284444541322966,0.040009396813729295
15742,24742,Medium,Medium,0.03101000725762647,0.03516595182577024,0.9338240409166033
14295,23295,Medium,Medium,0.03708967932755272,0.0299484502849869,0.9329618703874605
22493,31493,Low,Low,0.02886372565562303,0.9293279026392761,0.04180837170510088
1598,10598,Low,Low,0.029066465428903055,0.9271819272962315,0.0437516072748654
15293,24293,Medium,Medium,0.3789294051217313,0.047461157073525585,0.573609437804743
5780,14780,Medium,Medium,0.03043152780287683,0.029729106556134057,0.9398393656409891
1722,10722,Medium,Medium,0.0400929737230885,0.03767411020809216,0.9222329160688193
14651,23651,Low,Low,0.029315285797981552,0.92966811633932,0.0410165978626984
11855,20855,Medium,Medium,0.05001711909369282,0.04022779725610253,0.9097550836502046
420,9420,High,High,0.929269794039478,0.028128497719588797,0.04260170824093313
33079,42079,Low,Low,0.036194854239964255,0.9207723694631919,0.04303277629684393
2132,11132,Medium,Medium,0.030210632416186073,0.0307096249475958,0.9390797426362182
22387,31387,Medium,Medium,0.035955175424366236,0.02820349202701286,0.9358413325486209
36883,45883,Medium,Medium,0.04212805331025998,0.03124881451808001,0.92662313217166
6860,15860,Low,Low,0.031416646260913485,0.9263268330426175,0.042256520696468985
10057,19057,Medium,Medium,0.031185888883577383,0.0322675816445781,0.9365465294718446
17707,26707,Low,Low,0.0302643020058017,0.9271217667078222,0.04261393128637623
15010,24010,Medium,High,0.9306553033787496,0.0291571823679297,0.0401875142533207
14636,23636,Medium,Medium,0.033902773901818166,0.029640732942999088,0.9364564931551828
14279,23279,Medium,Medium,0.034170313960773364,0.03976799195582386,0.9260616940834027
24438,33438,Medium,Medium,0.031019794892759373,0.03435425916595513,0.9346259459412855
23247,32247,High,High,0.9319005018766725,0.02812041585914642,0.03997908226418092
8351,17351,High,High,0.9272365099802983,0.02949222611514279,0.04327126390455897
18288,27288,Low,Medium,0.03267891223219136,0.028855943966264248,0.9384651438015444
4378,13378,Medium,Medium,0.033225430056435946,0.030937365700096888,0.9358372042434672
25336,34336,Medium,Medium,0.03083209069546951,0.029465451394004763,0.9397024579105256
10177,19177,Medium,Medium,0.08230893897591005,0.05176899264306517,0.8659220683810247
37893,46893,Medium,Medium,0.033956809319322524,0.04702678655976628,0.9190164041209113
14877,23877,Medium,Low,0.08361635961171464,0.8717847174639332,0.04459892292435213
1307,10307,High,High,0.9329736386412493,0.02774089612070389,0.03928546523804677
31628,40628,Medium,Medium,0.032882799980674414,0.03326836350067877,0.9338488365186469
18942,27942,Low,High,0.9296810944678394,0.028774806715252055,0.04154409881690854
3629,12629,Medium,Medium,0.030963267923152144,0.0325104622707621,0.9365262698060858
19962,28962,High,High,0.923140720531733,0.0350450812719359,0.04181419819633104
27027,36027,Medium,Medium,0.030281311660143095,0.029836620142489962,0.9398820681973671
31684,40684,High,High,0.9319558602004485,0.02824467163560752,0.03979946816394394
33244,42244,Low,Low,0.029868884475943634,0.9294022807119363,0.04072883481212012
38174,47174,High,High,0.9284780260912334,0.03198555131844321,0.03953642259032338
19576,28576,Medium,Medium,0.030098902784782427,0.02902847138696324,0.9408726258282544
24976,33976,High,Low,0.03081585628206217,0.907266933868005,0.06191720984993266
17992,26992,Medium,Medium,0.04179513415325881,0.033339934795255176,0.924864931051486
28757,37757,High,High,0.9261018860775964,0.032481895192938245,0.04141621872946533
33601,42601,Medium,Medium,0.02995487295949981,0.03128742198789076,0.9387577050526094
29781,38781,High,High,0.9329039665297865,0.027920235134815962,0.03917579833539758
35600,44600,Medium,Medium,0.032713063670406134,0.03188731787306658,0.9353996184565273
5224,14224,High,High,0.9318818675488248,0.028647812904328423,0.039470319546846884
1107,10107,Medium,Medium,0.0377124176996211,0.036027605461917266,0.9262599768384616
1478,10478,Low,Low,0.030371754939026774,0.9295380370243592,0.040090208036613846
21062,30062,Low,Low,0.028916768471554628,0.931964111028042,0.03911912050040354
2638,11638,Low,Low,0.04154900174283676,0.9120718972662081,0.04637910099095519
31049,40049,Medium,Medium,0.03409058954949362,0.031911545069013246,0.9339978653814932
39063,48063,High,High,0.9275650589930907,0.03246766749522005,0.039967273511689244
8018,17018,High,High,0.9323525836178145,0.027865480075965936,0.03978193630621953
35230,44230,Medium,Medium,0.031155903292314536,0.0298365135467652,0.9390075831609203
33905,42905,Medium,Medium,0.030590808554243485,0.02870565632588017,0.9407035351198764
23515,32515,Medium,Medium,0.03356722830470093,0.03267130942067954,0.9337614622746195
27132,36132,Low,Medium,0.030819192157589725,0.03153993833441828,0.937640869507992
33248,42248,High,High,0.9309792445978885,0.028678628387269072,0.04034212701484244
26253,35253,High,High,0.92777816602461,0.03111230696562393,0.04110952700976591
35525,44525,Medium,Medium,0.03364022982831257,0.03137945007999522,0.9349803200916922
28306,37306,High,High,0.9318372539850955,0.027836190617550955,0.04032655539735345
8645,17645,Medium,Medium,0.03051588152439783,0.030379707463968342,0.9391044110116339
6914,15914,Medium,Medium,0.030692605675431972,0.029107341844548565,0.9402000524800195
6826,15826,Medium,Medium,0.031105222634788637,0.028597954726403436,0.9402968226388079
39935,48935,Medium,Medium,0.0366157777993203,0.031631697385160425,0.9317525248155191
8570,17570,Low,Low,0.029984349674398964,0.9210148225329563,0.049000827792644745
11248,20248,High,High,0.926530858364614,0.030782234034437,0.042686907600949155
17860,26860,Medium,Medium,0.03029291415228678,0.03391618176701814,0.9357909040806951
38697,47697,Low,Low,0.030103179854930186,0.9289081570178697,0.0409886631272
36713,45713,Low,Low,0.02926914044244795,0.9284282728059551,0.042302586751596934
18699,27699,High,Low,0.030495709272557407,0.9266455840977782,0.042858706629664484
30343,39343,High,High,0.9290093771517524,0.02995063774024634,0.041039985108001185
5617,14617,Low,Low,0.029039784403289835,0.9248429296233177,0.046117285973392465
13884,22884,High,High,0.932199434811373,0.028015816139786362,0.03978474904884067
14267,23267,High,High,0.9328901982393979,0.0276842754365231,0.039425526324078856
36754,45754,High,High,0.9308676092234284,0.028405555686727743,0.04072683508984378
448,9448,Medium,Medium,0.029140596302888927,0.03177220512191911,0.9390871985751921
13114,22114,Low,Low,0.029334526405254514,0.9299511933774597,0.04071428021728576
29065,38065,High,High,0.9319986293240863,0.028474561798498024,0.039526808877415616
18080,27080,Medium,Medium,0.07095629839368821,0.03293116473287722,0.8961125368734345
35924,44924,Low,Medium,0.0396855841641516,0.04013784383359095,0.9201765720022573
5339,14339,Medium,Medium,0.0341164580939198,0.03222796639815486,0.9336555755079253
13936,22936,Medium,Medium,0.029801567762458903,0.030245782700646217,0.939952649536895
7942,16942,Low,Low,0.02972515351723615,0.9288990653006254,0.041375781182138395
5886,14886,Medium,Medium,0.032591125277834525,0.029155935279958592,0.9382529394422069
12094,21094,Medium,Medium,0.0371742194102296,0.03049160580169115,0.9323341747880792
25235,34235,Low,Low,0.030850856684887986,0.872938558149999,0.09621058516511309
9203,18203,Low,Low,0.03254708349466586,0.9267831919148005,0.04066972459053361
7674,16674,Medium,Medium,0.030938540752250665,0.0364840638555376,0.9325773953922116
21231,30231,Low,Low,0.032789401205014876,0.922541551449147,0.04466904734583808
26195,35195,Medium,Medium,0.033062540117266365,0.03219510915556564,0.934742350727168
39115,48115,Medium,Medium,0.03392175601460957,0.028752094097492697,0.9373261498878978
33123,42123,High,High,0.9330262792580083,0.0277592992946231,0.03921442144736866
1175,10175,Medium,Medium,0.042752244483263147,0.03587630244049806,0.9213714530762388
39909,48909,Medium,Medium,0.050142109100644094,0.046189317890478976,0.9036685730088769
4721,13721,Medium,Medium,0.03392827755678208,0.030325596079532457,0.9357461263636854
4340,13340,Medium,Medium,0.03444608470181543,0.04250387538165154,0.923050039916533
24667,33667,Medium,Medium,0.039885698778483185,0.03675415793929968,0.923360143282217
16533,25533,Medium,Medium,0.04125371632556866,0.030090007394565285,0.9286562762798661
5691,14691,Low,Low,0.02918516938874609,0.9306037183292935,0.04021111228196047
9057,18057,Medium,Medium,0.044599931131617164,0.034461896578848454,0.9209381722895343
27788,36788,Medium,Medium,0.038235078107898356,0.03604963174040093,0.9257152901517008
18792,27792,High,High,0.9313137722869236,0.02894830271765173,0.03973792499542469
28028,37028,Medium,Medium,0.031583459786030554,0.031001590967511327,0.9374149492464582
37770,46770,Medium,Medium,0.03506545740115375,0.029841381038995626,0.9350931615598507
30464,39464,Medium,Medium,0.028856233826657557,0.029431503743317013,0.9417122624300255
35005,44005,Medium,Medium,0.03356809580832581,0.033606975203585944,0.9328249289880882
35228,44228,High,High,0.9264380953761012,0.030595121503937655,0.042966783119961195
15807,24807,Medium,Medium,0.036368756372876794,0.04280838437164186,0.9208228592554816
27597,36597,High,High,0.9190065368942596,0.03957813152192883,0.0414153315838117
10552,19552,Low,Low,0.029599141689151107,0.92722328703214,0.04317757127870898
33586,42586,Medium,Medium,0.03256326459557494,0.0365882455194676,0.9308484898849575
14586,23586,Medium,Medium,0.03581241920602445,0.03748667766351623,0.9267009031304593
25120,34120,Medium,Medium,0.04325474796214854,0.08255142619929802,0.8741938258385534
2319,11319,Low,Low,0.05449600971423266,0.9051750257887147,0.04032896449705258
1546,10546,Low,Low,0.033314780641526216,0.6759968261898236,0.2906883931686502
30784,39784,Medium,Medium,0.031203244563047187,0.038365479782323984,0.9304312756546288
7851,16851,High,High,0.9206441472816462,0.033590704914640265,0.04576514780371354
12888,21888,Medium,Medium,0.033268574278707545,0.030158710436338946,0.9365727152849534
15968,24968,High,High,0.9297515308715565,0.029930514900055678,0.040317954228387826
28779,37779,Low,Low,0.032620232986515,0.8595206336082047,0.10785913340528029
24025,33025,Medium,Medium,0.04191285308039406,0.05620449051581078,0.9018826564037951
5591,14591,High,High,0.9303812747832825,0.030076681601145516,0.03954204361557198
34179,43179,High,High,0.9324975164353856,0.027918294933204316,0.03958418863141006
8088,17088,High,High,0.9252590244823516,0.03496858754630244,0.039772387971345954
6778,15778,Medium,Medium,0.029562055718990548,0.029451355937565333,0.9409865883434442
10300,19300,Medium,Medium,0.0400941196053825,0.07509744972852607,0.8848084306660914
38773,47773,High,High,0.9281128790852344,0.02937892715822214,0.042508193756543404
399,9399,Medium,Medium,0.03220574461718283,0.10619380509350877,0.8616004502893083
3788,12788,Medium,Medium,0.02999736845807191,0.04226753743266402,0.927735094109264
33635,42635,Medium,Medium,0.028954267272117983,0.028751180723598665,0.9422945520042832
23494,32494,Medium,Medium,0.04110576762673703,0.031373985778096365,0.9275202465951665
35971,44971,Low,Low,0.02994602173311243,0.9303886804213056,0.03966529784558197
31477,40477,High,High,0.9306783995963741,0.029044196748684775,0.040277403654941056
27736,36736,Medium,Medium,0.04027102686256135,0.030903982728467044,0.9288249904089717
7455,16455,Low,Low,0.033799082081736286,0.9261894631818292,0.04001145473643459
34160,43160,Low,Low,0.029652518642195966,0.9277872784437147,0.04256020291408941
36382,45382,Medium,Medium,0.03202204780762113,0.03460194622642097,0.9333760059659578
6759,15759,Low,Low,0.038518838590867785,0.9132424508882678,0.04823871052086451
23150,32150,Medium,Medium,0.031495858916144225,0.03061244061794093,0.9378917004659147
26543,35543,Medium,Medium,0.0308596628335838,0.028772896277771107,0.940367440888645
37668,46668,Medium,Medium,0.032127723915151396,0.029804973032077783,0.9380673030527708
16760,25760,Low,Low,0.030597294462107866,0.9243657293235041,0.04503697621438799
23729,32729,Medium,Medium,0.040311505958081605,0.032706596260638196,0.9269818977812802
3512,12512,Low,Low,0.032881016447941135,0.9245960544337896,0.0425229291182693
38906,47906,Medium,Medium,0.03150712679064672,0.03128127091542193,0.9372116022939313
25129,34129,Low,Low,0.031167234322130866,0.9286017952303012,0.04023097044756804
26803,35803,Low,Low,0.029421545823286096,0.927450096378713,0.04312835779800087
3753,12753,High,High,0.9151089214681357,0.03682644509892601,0.04806463343293819
588,9588,High,High,0.9274315790964746,0.030374329972072553,0.042194090931452925
20150,29150,Medium,Medium,0.0316192176285749,0.03159577465282745,0.9367850077185976
14714,23714,Medium,Medium,0.029099869374086502,0.028523758925921152,0.9423763716999923
273,9273,Low,Low,0.028984033455097896,0.9308550094288961,0.040160957116006056
17359,26359,High,High,0.9275461901338936,0.03139820171019489,0.04105560815591149
1169,10169,High,High,0.9293985035211977,0.029492983267510528,0.041108513211291775
22811,31811,Medium,Medium,0.033308098806438834,0.04494550769317701,0.9217463935003841
30619,39619,High,High,0.9330494763316999,0.02790381193038796,0.039046711737912264
5396,14396,Medium,Medium,0.029075853027438512,0.030116841039897684,0.9408073059326637
24786,33786,Low,Low,0.030817323186568202,0.9257944020744188,0.04338827473901313
1964,10964,Medium,Medium,0.04612906777815379,0.03019108895827764,0.9236798432635686
34203,43203,Medium,Medium,0.031099410265460925,0.029156037670886103,0.939744552063653
8608,17608,Low,Low,0.030330952131867497,0.9210192726100946,0.048649775258037965
22489,31489,Medium,Low,0.0287945824717101,0.9315200813907457,0.03968533613754422
21660,30660,Medium,Medium,0.03961094440973586,0.03582000477474717,0.924569050815517
21447,30447,Medium,Medium,0.04199316011054244,0.0335469471287218,0.9244598927607358
36414,45414,Low,Low,0.02873040189986897,0.9309768941825216,0.040292703917609446
29624,38624,Medium,Medium,0.029692122929764943,0.030050346513640868,0.9402575305565941
5501,14501,Low,Low,0.029348516707642422,0.9310401309199244,0.03961135237243326
24067,33067,High,High,0.9284195693951144,0.03021587323740056,0.041364557367485004
9838,18838,High,High,0.9315516688881723,0.028006854143513865,0.04044147696831363
14878,23878,Medium,Medium,0.05043197012896802,0.038331892190216946,0.911236137680815
22237,31237,Medium,Medium,0.044847539964487315,0.030771289141208653,0.9243811708943039
19706,28706,Low,Low,0.02958388303363116,0.9308083565791391,0.03960776038722987
35779,44779,Medium,Medium,0.07595886853520124,0.03702383989985886,0.8870172915649399
19200,28200,Low,Low,0.028801055119240613,0.9319208839515186,0.03927806092924071
28769,37769,Low,Low,0.029417754613117603,0.9310544477276497,0.03952779765923268
19160,28160,High,Medium,0.036131996205007566,0.032943971236335905,0.9309240325586566
34070,43070,High,High,0.9312714482774815,0.02864463142516428,0.040083920297354074
3954,12954,Low,Low,0.02933649433959835,0.9295630049905502,0.04110050066985143
31136,40136,Medium,Medium,0.03185440079962165,0.03115067544192027,0.936994923758458
39058,48058,Medium,Medium,0.031544273872977306,0.048639410516682934,0.9198163156103396
11011,20011,Medium,Medium,0.09164998265483688,0.06640844672509023,0.8419415706200729
6092,15092,Medium,Medium,0.03168489532630297,0.02932616602387657,0.9389889386498206
3515,12515,Medium,Medium,0.0360712397932635,0.029889824843903925,0.9340389353628327
22290,31290,High,High,0.9325421023890543,0.027759854460434653,0.039698043150510974
37760,46760,Medium,Medium,0.031803948186523205,0.036686239232733016,0.9315098125807437
31434,40434,Low,Low,0.04014604775831108,0.7335674919140782,0.2262864603276107
26729,35729,Medium,Medium,0.03601884677041595,0.083889457268146,0.880091695961438
7294,16294,Medium,Medium,0.03181400315650082,0.03422665382969593,0.9339593430138033
34081,43081,Medium,Medium,0.029219332893549874,0.029213210507127437,0.9415674565993227
28520,37520,High,High,0.9321931952586865,0.028091614837718173,0.039715189903595356
12746,21746,Medium,Medium,0.03147643646620257,0.029795856188855423,0.9387277073449419
35561,44561,Medium,Medium,0.03290387406528981,0.03388409142270998,0.9332120345120002
1877,10877,High,High,0.9302830544045455,0.029580842298004756,0.04013610329744971
6599,15599,Medium,Medium,0.02962053052526206,0.03417590255793745,0.9362035669168005
36498,45498,High,Medium,0.1240516920970009,0.06752513846706877,0.8084231694359304
17087,26087,Medium,Medium,0.05665431690807588,0.033349766091853035,0.909995917000071
21572,30572,High,High,0.9218053795953708,0.031550411592773574,0.04664420881185566
25272,34272,Low,Low,0.029631645180632233,0.9310324605202815,0.03933589429908623
18018,27018,Low,Low,0.031067089493969375,0.9160704332616004,0.05286247724443017
25859,34859,Low,Low,0.03042431416719787,0.9292149068688557,0.040360778963946416
21551,30551,High,High,0.8952879483799124,0.04335121894445235,0.06136083267563524
29146,38146,Medium,Medium,0.040113231778654286,0.031089287013567782,0.9287974812077779
1134,10134,Medium,Medium,0.03234637732239624,0.029976772557041367,0.9376768501205625
21830,30830,High,High,0.9240291341192641,0.03533685561670797,0.04063401026402807
30361,39361,Low,Low,0.02937526529670216,0.9196722555758813,0.050952479127416545
7264,16264,Low,Low,0.029099267696942478,0.9316216194078307,0.039279112895226814
15897,24897,Low,Low,0.05085938645340413,0.8997123087133021,0.04942830483329385
30229,39229,Low,Low,0.03521664428280413,0.9235594137214465,0.04122394199574941
28913,37913,Medium,Medium,0.16506657099312547,0.0346944829134088,0.8002389460934657
33976,42976,Medium,Medium,0.032681684570035285,0.02862466866812199,0.9386936467618426
7120,16120,Medium,Medium,0.03539776819974278,0.03461843052164088,0.9299838012786164
28737,37737,Medium,Medium,0.02993698643278749,0.0318159782058052,0.9382470353614073
28646,37646,Medium,Medium,0.03089111390394138,0.03306590765549849,0.9360429784405602
16579,25579,High,High,0.9294537018537189,0.02880597318671337,0.041740324959567754
8772,17772,Low,Low,0.029599121600374017,0.9081302242936727,0.06227065410595315
13021,22021,Low,Low,0.030443745092827896,0.9086434907528909,0.060912764154281214
18497,27497,Low,Low,0.0362604151284772,0.9144480539041555,0.04929153096736739
21419,30419,Medium,Low,0.02886691586758181,0.9314561524499202,0.03967693168249803
27905,36905,Low,Low,0.029562020270894034,0.9305226303050943,0.0399153494240117
10787,19787,Medium,Medium,0.03598031604671136,0.048808463112369145,0.9152112208409194
15762,24762,Medium,Medium,0.030666223524702163,0.032862303217208504,0.9364714732580893
33646,42646,Medium,Medium,0.030470337127283337,0.0311784784946767,0.93835118437804
20829,29829,Medium,Medium,0.038212015770232026,0.03132237223160362,0.9304656119981644
12150,21150,High,High,0.9169365789756685,0.03343234258413868,0.04963107844019285
12705,21705,High,High,0.9301274252885072,0.02964321387836671,0.0402293608331259
38605,47605,Medium,Medium,0.031750929705183624,0.03225082041268275,0.9359982498821336
39563,48563,High,High,0.9313101733176391,0.02858017873182818,0.04010964795053267
14407,23407,Low,Low,0.03638545805789853,0.9226040858051431,0.04101045613695848
30734,39734,Low,Low,0.033880693392616845,0.8131169600913681,0.15300234651601505
24275,33275,High,High,0.9305289970726403,0.02919528099092858,0.04027572193643115
23858,32858,Low,Low,0.032190695209447846,0.9270458415879176,0.04076346320263466
37001,46001,Medium,Medium,0.034705840168759,0.03133696979404358,0.9339571900371973
4885,13885,Medium,Medium,0.03635404121275538,0.035746991628139484,0.9278989671591051
11757,20757,Medium,Medium,0.033148649597279846,0.03298571614317863,0.9338656342595417
20866,29866,Medium,Medium,0.038199847031142785,0.03363105724708543,0.9281690957217719
13745,22745,Low,Low,0.03023229400072014,0.92968005887599,0.04008764712328986
18257,27257,High,High,0.706588271278334,0.03348390747600562,0.2599278212456604
37148,46148,Low,Low,0.029297000596802892,0.9305267198755728,0.04017627952762425
27216,36216,High,High,0.9294025111479641,0.028924492414920955,0.04167299643711494
16363,25363,Low,Low,0.029087099332498752,0.9310579337585025,0.03985496690899877
28733,37733,Medium,Medium,0.03620071665354565,0.03283624658595885,0.9309630367604956
16399,25399,High,High,0.9057740984196035,0.03715052332094393,0.0570753782594527
6987,15987,High,High,0.9308332695134754,0.029589285452481753,0.03957744503404278
33584,42584,Medium,Medium,0.029079130680231588,0.028866191890880855,0.9420546774288875
30260,39260,High,Low,0.029268025469871048,0.9304384069021321,0.040293567627996886
17162,26162,Medium,Medium,0.0299160344369049,0.031381485343317174,0.9387024802197779
17120,26120,Low,High,0.9314745084671431,0.02902529666066903,0.03950019487218787
14022,23022,Medium,Medium,0.05451854943427779,0.0310774035572187,0.9144040470085034
9417,18417,Low,Low,0.029062273329069483,0.9311502832505499,0.03978744342038051
6116,15116,Medium,Medium,0.04267729630390435,0.03243587796558393,0.9248868257305117
28116,37116,Low,Low,0.028751413171993905,0.9295927409792926,0.0416558458487134
21504,30504,Low,Low,0.028779846651769175,0.9279113116571561,0.04330884169107469
13828,22828,Low,Low,0.030187116463939612,0.9254258509934924,0.04438703254256795
19061,28061,Medium,Medium,0.034313036803882584,0.029687915692121532,0.9359990475039958
5582,14582,Low,Low,0.033875075610187426,0.9139672038674275,0.05215772052238519
36844,45844,Medium,Medium,0.03142292505766413,0.02882105504125292,0.9397560199010829
25430,34430,Medium,Medium,0.032354641820196664,0.03182092819866235,0.935824429981141
29757,38757,High,High,0.932874200760042,0.027985907805096733,0.03913989143486124
21367,30367,Low,Low,0.028701910917996207,0.9314488515938685,0.03984923748813526
33741,42741,Medium,Medium,0.03574537480096711,0.03488073564358493,0.929373889555448
38566,47566,Low,Medium,0.03698660275305654,0.0323290603654011,0.9306843368815424
31978,40978,Medium,Medium,0.0318924874793391,0.12219890251718306,0.845908610003478
23956,32956,Low,Low,0.028981627080232292,0.9312911142056097,0.03972725871415799
10796,19796,Medium,Medium,0.04753124452944845,0.1676581696700721,0.7848105858004795
31716,40716,Low,Low,0.030451891240883776,0.9270862514118704,0.04246185734724578
19778,28778,Medium,Medium,0.05341539369194256,0.035179124064440924,0.9114054822436165
16152,25152,Medium,Medium,0.05120795626812417,0.054429254163895935,0.8943627895679799
6083,15083,High,High,0.9302392043835179,0.029163233710255865,0.04059756190622623
37466,46466,Medium,Medium,0.03289827997877682,0.029705892241075744,0.9373958277801474
21475,30475,Medium,High,0.9257103676534717,0.029431296706883738,0.044858335639644566
37923,46923,Low,Low,0.031363905060223386,0.9245765281973872,0.04405956674238936
35328,44328,High,High,0.9215748205353589,0.034104528622426765,0.044320650842214315
4821,13821,Low,Low,0.05794696990594738,0.901309989794603,0.04074304029944981
2568,11568,Low,Low,0.029436797291865793,0.9302458742111576,0.040317328496976584
22008,31008,Medium,High,0.9309714084878044,0.029044601180686302,0.03998399033150928
27885,36885,Medium,Medium,0.03406794689448978,0.42095525627347774,0.5449767968320325
28371,37371,Medium,Medium,0.03202012248722124,0.03129076252833154,0.9366891149844472
3145,12145,Medium,Medium,0.03641514037361684,0.03275988112100243,0.9308249785053807
9178,18178,Medium,Medium,0.03256688824954418,0.029256909396191504,0.9381762023542644
39787,48787,Medium,Medium,0.035279784663224394,0.036946739486863514,0.9277734758499121
13693,22693,Medium,Medium,0.04460070662342428,0.030890474232003584,0.9245088191445721
17524,26524,High,High,0.9294053207722165,0.02857234824848547,0.04202233097929792
33526,42526,Low,Low,0.029191415817070257,0.9311018058952784,0.039706778287651415
30284,39284,Low,Low,0.03820792164214317,0.919291916101225,0.04250016225663187
38777,47777,Low,Low,0.028676526763958817,0.930466775832251,0.040856697403790256
13816,22816,Medium,Medium,0.056510990544016836,0.4492262721025526,0.49426273735343046
40016,49016,Medium,Medium,0.04643310626447189,0.03927478180223517,0.914292111933293
38292,47292,High,Low,0.030387910552299533,0.9238144558224813,0.04579763362521915
3247,12247,Low,Low,0.028671870939290498,0.9319546156045732,0.03937351345613635
28832,37832,High,High,0.9312849306695634,0.02856851862501593,0.04014655070542062
13575,22575,Low,Low,0.031417500634402344,0.9280075483600507,0.04057495100554693
28805,37805,Medium,Medium,0.03776074744118379,0.033535526188312625,0.9287037263705037
12538,21538,Low,Low,0.03568458137246624,0.924267930328604,0.040047488298929595
27825,36825,Medium,Medium,0.030871201725136705,0.03464703020179057,0.9344817680730727
2344,11344,High,High,0.9203855716924189,0.03018054260990746,0.04943388569767365
37015,46015,Low,Low,0.029168193649817348,0.9312645800922744,0.03956722625790824
15895,24895,Medium,Medium,0.035231438856875484,0.3345083115928234,0.6302602495503011
9892,18892,Low,High,0.9278507902772931,0.031158131193408156,0.040991078529298786
33673,42673,Low,Low,0.02965819889609385,0.929615816598594,0.04072598450531218
5679,14679,Low,Low,0.028881295799583328,0.9317465654563577,0.0393721387440591
2438,11438,High,High,0.9194297524005678,0.02917088815564091,0.051399359443791294
4950,13950,Medium,Medium,0.03474538791396467,0.036161581034150826,0.9290930310518846
27330,36330,Medium,Medium,0.032228371351559704,0.03010745432109937,0.9376641743273408
4873,13873,Medium,Medium,0.03323677731554658,0.03719358346362608,0.9295696392208274
13099,22099,High,High,0.930236063171178,0.02951364885358787,0.04025028797523412
23930,32930,Low,Low,0.0315565389231703,0.9193059297903533,0.0491375312864763
2584,11584,High,High,0.9324556970675348,0.02814397646721432,0.039400326465250886
3240,12240,High,High,0.9310875841546807,0.028306373110946737,0.04060604273437258
31296,40296,Medium,Medium,0.031266898323351146,0.028490281298255076,0.9402428203783938
16289,25289,High,High,0.9323955187404396,0.02817004350084559,0.039434437758714865
6696,15696,Medium,Medium,0.03162337678794008,0.03466136817905087,0.9337152550330091
3277,12277,Medium,Medium,0.03251918082687943,0.046766253644257266,0.9207145655288632
27496,36496,Medium,Medium,0.03346115772546325,0.030660534224195818,0.9358783080503409
11071,20071,Medium,Medium,0.03227925920930358,0.031771069949225246,0.9359496708414712
27846,36846,High,High,0.9218838384321074,0.0312848164951366,0.046831345072755985
30820,39820,Medium,Medium,0.02876230637432654,0.028203149618713674,0.9430345440069597
18852,27852,Medium,Medium,0.029666891821874555,0.0286886394414034,0.941644468736722
2448,11448,Medium,Medium,0.03579712295127423,0.3945552343469289,0.5696476427017969
2725,11725,Medium,Medium,0.03343817210937596,0.039649675526554025,0.9269121523640701
34600,43600,Low,Low,0.029434701428621157,0.9268721027870966,0.043693195784282185
30562,39562,High,High,0.9276549909977359,0.03165676066389874,0.040688248338365464
29176,38176,Low,Medium,0.03470766436324152,0.4319610116392931,0.5333313239974654
26829,35829,Medium,Medium,0.03170883604748801,0.03084236965850326,0.9374487942940087
39224,48224,High,High,0.9311783031339439,0.029077508130085427,0.03974418873597061
6112,15112,Medium,Low,0.0348889310157632,0.6215491668152554,0.34356190216898125
23492,32492,Medium,Medium,0.035823544874261155,0.17432278888049016,0.7898536662452487
12377,21377,Medium,Medium,0.03532358624096379,0.03231859350487356,0.9323578202541626
10927,19927,Low,Low,0.03247969930722532,0.9048732431895169,0.06264705750325782
36041,45041,Medium,Medium,0.03578171716617882,0.030988282265334274,0.9332300005684869
5439,14439,Medium,Medium,0.03323945313260534,0.0299938869510324,0.9367666599163623
27818,36818,Medium,Medium,0.032332297829878114,0.030910495951128547,0.9367572062189934
36266,45266,Low,Low,0.032353985744258115,0.921321755116538,0.04632425913920383
28495,37495,Medium,Medium,0.03445910876807118,0.03372476064941559,0.9318161305825132
11964,20964,High,High,0.9074687570112129,0.04642637196749155,0.0461048710212957
631,9631,Medium,Medium,0.030762868504143715,0.030714824397029116,0.9385223070988271
17039,26039,High,Low,0.032324694838401814,0.925299119662849,0.042376185498749115
26874,35874,High,High,0.9298967036931963,0.028460729844198274,0.04164256646260547
36403,45403,High,High,0.9314905598331729,0.02869553194366202,0.03981390822316524
39943,48943,Low,Low,0.02892940097331662,0.9313495793251748,0.03972101970150848
495,9495,Medium,Medium,0.031761116375390384,0.03199990178573974,0.9362389818388698
36088,45088,High,High,0.9303557559237742,0.029578460790422423,0.040065783285803465
33068,42068,Medium,Medium,0.037322078342804064,0.03767586285119324,0.9250020588060028
39338,48338,High,High,0.9303324895071251,0.02952246700669221,0.04014504348618261
37963,46963,High,High,0.9180656246263229,0.03521608023609534,0.046718295137581856
9644,18644,Medium,Medium,0.02947696157346591,0.03058024409182336,0.9399427943347106
202,9202,Medium,Medium,0.061006134718399996,0.035755340920801966,0.903238524360798
8613,17613,Medium,Medium,0.030032022164011768,0.028247467434905176,0.9417205104010832
4617,13617,Low,Low,0.03195846599102074,0.9212840545928938,0.046757479416085546
13618,22618,Medium,Medium,0.031303392187984704,0.02933110881253943,0.939365498999476
285,9285,High,Medium,0.03710953806490789,0.04486674598493633,0.9180237159501559
26035,35035,Low,Low,0.029124510187668762,0.931227538013003,0.03964795179932836
8272,17272,Medium,Medium,0.038290497698547914,0.031904564463754524,0.9298049378376976
27058,36058,High,High,0.9287666958166222,0.030344225351012263,0.04088907883236547
4110,13110,Medium,Medium,0.029263463618673397,0.02845715303059948,0.9422793833507271
3391,12391,Medium,Medium,0.03021482405765549,0.029464258785429725,0.9403209171569147
21908,30908,Medium,Medium,0.030756628195968753,0.02899985323665967,0.9402435185673715
1322,10322,Low,Low,0.02967967983526823,0.9253154731545092,0.04500484701022239
29906,38906,Medium,Medium,0.030440229358810494,0.034195610610297356,0.9353641600308923
25918,34918,Medium,Medium,0.043663366441614636,0.030765528872848374,0.9255711046855372
25443,34443,Medium,Medium,0.03446010576669017,0.031592754339614254,0.9339471398936956
32210,41210,Medium,Medium,0.03849496809312252,0.03451158111964389,0.9269934507872336
27285,36285,Low,Low,0.02958548535895857,0.9307645655377188,0.03964994910332257
39117,48117,High,Medium,0.03201143316030822,0.0328808214008083,0.9351077454388834
1624,10624,Medium,Low,0.0325630172790373,0.6436874903536581,0.32374949236730455
5535,14535,High,Medium,0.038830516988298085,0.03334459511143053,0.9278248879002714
15196,24196,High,High,0.9305472148050269,0.028236479670951428,0.041216305524021675
21165,30165,Medium,Medium,0.030160505525481024,0.030340059377270037,0.9394994350972489
33596,42596,Medium,Low,0.032296562994639545,0.8542181853210277,0.11348525168433288
13831,22831,Medium,Medium,0.032167110684045465,0.03254004067213991,0.9352928486438147
36919,45919,Medium,Medium,0.03549436662400683,0.03765272318054477,0.9268529101954485
10827,19827,Low,Medium,0.03523020024214805,0.043554608585965715,0.9212151911718863
24096,33096,Medium,Medium,0.02874571020324278,0.03157802020799113,0.939676269588766
23302,32302,Medium,Medium,0.031217073747921684,0.03765433935768136,0.9311285868943969
33537,42537,Medium,Medium,0.03302151335624614,0.02936771570617358,0.9376107709375803
35517,44517,Medium,Medium,0.03024242331253429,0.03163538754375727,0.9381221891437085
25954,34954,Medium,Low,0.02908396422911219,0.9132218048191558,0.057694230951731984
7853,16853,Medium,Medium,0.03508223596042139,0.032575721094889404,0.9323420429446893
10369,19369,Low,Low,0.029304861519066056,0.9311112936020528,0.03958384487888117
39412,48412,High,High,0.8944908778779043,0.03308700543448204,0.07242211668761378
21782,30782,Medium,Medium,0.05002822432182829,0.047021695555120924,0.9029500801230507
30739,39739,Medium,Medium,0.03278804986031408,0.03728375707566992,0.9299281930640161
4825,13825,High,High,0.9188256974125056,0.030552288080313305,0.05062201450718109
26015,35015,Medium,Medium,0.10215763969020847,0.03711436844594957,0.860727991863842
29784,38784,High,High,0.9317174385667583,0.0285814018069013,0.039701159626340465
39649,48649,Medium,Medium,0.03303292844424962,0.04340788733503923,0.9235591842207111
3225,12225,Medium,Medium,0.03186978516532942,0.0319282348877019,0.9362019799469686
2043,11043,Medium,Medium,0.030457861417173836,0.02897189995690058,0.9405702386259257
8702,17702,Medium,Medium,0.041751048424828935,0.030714105193164847,0.9275348463820062
13680,22680,Low,Low,0.03044218103686851,0.9303322160171638,0.039225602945967636
20852,29852,Medium,Medium,0.04655037444266597,0.03448306739870848,0.9189665581586256
26704,35704,Low,Low,0.028778282160495286,0.9318912144433709,0.03933050339613389
9045,18045,Low,Low,0.03184993565904806,0.8906805481239393,0.07746951621701259
7539,16539,Low,Low,0.033069548146540395,0.9223351516746326,0.04459530017882707
27606,36606,High,High,0.931047001933837,0.02888296023948092,0.040070037826681955
4814,13814,Medium,Medium,0.03219515331927723,0.028897798396725582,0.9389070482839972
18249,27249,Low,Low,0.029571930507682465,0.9282632293932034,0.04216484009911422
38296,47296,Medium,Medium,0.029513335376683925,0.028223094880858602,0.9422635697424574
29986,38986,High,Medium,0.03571055573486475,0.03595674369340914,0.9283327005717261
1768,10768,Medium,Medium,0.030819579916747383,0.03035895703384635,0.9388214630494063
10156,19156,Medium,Medium,0.03009622682937664,0.030091893357862037,0.9398118798127614
17849,26849,Medium,Medium,0.06654408583749417,0.03164304830965869,0.9018128658528471
7699,16699,Low,Low,0.029822053051937813,0.9299687670942575,0.04020917985380468
29874,38874,High,High,0.9206171146583341,0.028928735034607272,0.05045415030705869
33390,42390,Medium,Medium,0.03533061742025111,0.030006436253720226,0.9346629463260285
9672,18672,Medium,Medium,0.03963116859679015,0.038060920238300926,0.922307911164909
12743,21743,Medium,Medium,0.04019775236844095,0.030050560927267586,0.9297516867042915
9065,18065,Medium,Medium,0.03394867378261491,0.03164513048761396,0.9344061957297711
11756,20756,Low,Low,0.23041604993820583,0.7090373292917856,0.06054662077000846
36852,45852,Medium,Medium,0.03323099524635032,0.031989268166530714,0.934779736587119
15465,24465,Low,Low,0.028822072536328357,0.9320660870420147,0.03911184042165702
5135,14135,Medium,Medium,0.03209717485231178,0.02892487576030527,0.9389779493873829
30376,39376,High,Low,0.03246025739632394,0.9106619225850648,0.0568778200186113
6276,15276,Medium,Medium,0.030434169157212882,0.028724909357012992,0.940840921485774
18835,27835,High,High,0.9319994675613809,0.028172845461049468,0.039827686977569686
13315,22315,High,Medium,0.03212614822331964,0.03188119465095151,0.9359926571257288
20889,29889,High,High,0.9249906498614631,0.028829512019042224,0.04617983811949466
12641,21641,High,High,0.9309019514379527,0.02914965338319998,0.0399483951788474
19256,28256,Medium,Medium,0.029971658184097787,0.02913605869178576,0.9408922831241164
9751,18751,High,High,0.9270831232005442,0.02924990367041738,0.043666973129038396
34065,43065,Low,Low,0.030379413487020727,0.9300800573644814,0.03954052914849778
26423,35423,High,High,0.9300269218586958,0.029036970767920462,0.04093610737338356
19954,28954,Medium,Medium,0.03131400357379855,0.0347094207189081,0.9339765757072933
4975,13975,Medium,Medium,0.03344083230071626,0.03345728740136089,0.9331018802979228
6107,15107,Medium,Medium,0.05280655580989938,0.04339576407701513,0.9037976801130855
36770,45770,Low,Low,0.030450958703442388,0.9087537603870871,0.06079528090947045
28894,37894,Medium,Medium,0.032862162434141404,0.029096619249079695,0.9380412183167789
14461,23461,High,High,0.9305289685221498,0.028800191466429283,0.04067084001142083
26157,35157,Medium,Medium,0.03814388359528035,0.039680847542790505,0.9221752688619292
2000,11000,High,High,0.9293961872499733,0.029421769666477138,0.04118204308354951
12260,21260,High,High,0.9308686498136929,0.02766953730809334,0.04146181287821376
13218,22218,Low,Low,0.028639475380154707,0.9313481652133354,0.040012359406509816
4614,13614,Low,Low,0.03247677821494164,0.9269356969692514,0.04058752481580705
14832,23832,Low,Low,0.029585002362023452,0.9306327439836638,0.039782253654312594
30540,39540,High,High,0.9326365505828424,0.027808474967308695,0.03955497444984874
30136,39136,Medium,Medium,0.030832748236950702,0.03122669310731187,0.9379405586557373
27822,36822,Low,Medium,0.07327549284468644,0.03790944216852254,0.8888150649867911
14215,23215,Medium,Medium,0.03961316043895265,0.04401310362218469,0.9163737359388627
2428,11428,Medium,Medium,0.029905437182159544,0.029155277713090177,0.9409392851047503
12136,21136,High,High,0.9323638088848979,0.028369088149267734,0.039267102965834196
31257,40257,High,High,0.9308531653650377,0.029585106213683154,0.0395617284212792
22367,31367,Low,Low,0.030086489992838517,0.9287572922247266,0.041156217782434945
16173,25173,Medium,Medium,0.030451161587338512,0.028790244205236876,0.9407585942074247
15817,24817,Medium,Low,0.028734918192033807,0.9319929286786284,0.039272153129337704
36244,45244,Medium,High,0.9320856655206734,0.028450168397001322,0.03946416608232521
525,9525,Medium,Medium,0.0332824267954003,0.030329773979968905,0.9363877992246309
39989,48989,Medium,Medium,0.030184081989469855,0.029442921986073844,0.9403729960244563
2951,11951,High,High,0.9258021878294947,0.03094195577873989,0.04325585639176549
176,9176,Low,Low,0.029478345475204237,0.9216885119480432,0.048833142576752565
9609,18609,High,Medium,0.030445199467775325,0.03180063781772468,0.9377541627145
24132,33132,High,High,0.9323404867653933,0.02810311260468437,0.03955640062992233
4460,13460,Low,Low,0.03642873401677594,0.8807014395462466,0.08286982643697745
38800,47800,Low,Medium,0.032848686417129444,0.034240138925096676,0.932911174657774
4285,13285,High,High,0.9030901253996343,0.048501730644705,0.048408143955660766
476,9476,Low,Low,0.030491470113433883,0.929674147733002,0.039834382153564045
29685,38685,Medium,Medium,0.032287157665795235,0.03477732347092411,0.9329355188632805
8656,17656,Low,Medium,0.032393179422022765,0.030911036118039525,0.9366957844599377
24414,33414,Medium,Medium,0.029470390238424682,0.02952338301720364,0.9410062267443718
12709,21709,Medium,Medium,0.03697106677260231,0.11016063657125182,0.8528682966561458
2822,11822,Medium,High,0.893234867161329,0.051502702430507634,0.055262430408163345
31245,40245,High,High,0.8647760120290426,0.03193583356605383,0.10328815440490335
31140,40140,High,High,0.9278892429056445,0.030314490498398534,0.041796266595956984
13882,22882,Medium,Medium,0.029257604303446438,0.030228819840393745,0.9405135758561598
10429,19429,Medium,Medium,0.035491115242976115,0.03406028071647852,0.9304486040405454
14038,23038,High,High,0.5578470185755378,0.04865854166206757,0.3934944397623947
20042,29042,Medium,Medium,0.0386575664784334,0.035401753531899914,0.9259406799896667
28655,37655,Medium,Medium,0.037826072500882,0.03550618107813692,0.926667746420981
23703,32703,Medium,Medium,0.03067831452985999,0.03061387518150659,0.9387078102886335
17997,26997,Medium,Medium,0.03059337187925974,0.028704804939078316,0.9407018231816621
38205,47205,Low,Low,0.03149328342380895,0.9274378951990139,0.04106882137717718
19026,28026,Medium,Medium,0.03701655616072319,0.337031910576459,0.6259515332628179
24644,33644,Medium,Medium,0.03017484174140141,0.029359904651581847,0.9404652536070168
19011,28011,Medium,Medium,0.03958459328026517,0.03234077983491359,0.9280746268848213
22232,31232,High,High,0.9333558085810082,0.02769500625352927,0.03894918516546258
23689,32689,Medium,Medium,0.04088106199865336,0.02983572515245685,0.9292832128488898
5274,14274,Low,Low,0.02856038002201848,0.9323358997334866,0.03910372024449473
6896,15896,High,High,0.8650733734305077,0.04592348042882067,0.08900314614067147
20671,29671,Medium,Medium,0.03247485934768882,0.029748092124226383,0.9377770485280849
30155,39155,Low,Low,0.028578726727607754,0.9312788465409665,0.04014242673142574
11902,20902,Low,Low,0.03289192774806074,0.9042493445659531,0.06285872768598617
39043,48043,Low,Low,0.030104469901031366,0.9005400467704332,0.0693554833285354
2288,11288,Low,Low,0.03062176679742058,0.9251239457996817,0.044254287402897656
804,9804,Medium,Medium,0.0374111754168241,0.03177771767440941,0.9308111069087666
39964,48964,Medium,Medium,0.03630512545260026,0.03852480650299645,0.9251700680444034
25353,34353,High,High,0.9256917380429915,0.031589777407902676,0.04271848454910582
11456,20456,High,High,0.9326027603859702,0.027799008431365724,0.039598231182664034
34244,43244,Medium,Medium,0.031453579517699,0.03188028374600565,0.9366661367362954
39196,48196,High,High,0.9250332699279351,0.033200114334319054,0.04176661573774585
13349,22349,Medium,Medium,0.031056724591583665,0.028753201931350603,0.9401900734770657
22130,31130,High,High,0.9281451661659071,0.030084409281306363,0.04177042455278652
31075,40075,Low,Low,0.029539420541945766,0.9257786735349677,0.044681905923086455
8555,17555,High,High,0.9316626583637007,0.02904948163959188,0.03928785999670737
20408,29408,Low,Low,0.029428210299798446,0.9279753885345828,0.0425964011656187
30148,39148,Low,Low,0.028619911017525656,0.9322010568898279,0.0391790320926464
11482,20482,Low,Low,0.03002318374133141,0.879098909129652,0.09087790712901651
34116,43116,Medium,Medium,0.03182844137299346,0.03627661188120009,0.9318949467458065
27088,36088,High,High,0.9296250757359052,0.030406686192908334,0.03996823807118652
38865,47865,Medium,Medium,0.031447498761714356,0.03274355898393016,0.9358089422543555
9523,18523,Medium,Medium,0.034745583845807365,0.044718635025470584,0.9205357811287219
2703,11703,High,High,0.928277199370319,0.030036341039197986,0.04168645959048297
30577,39577,Medium,Medium,0.05560628535338019,0.03087747939970731,0.9135162352469125
2126,11126,High,High,0.9293820675796115,0.029196914870908187,0.04142101754948032
23229,32229,Medium,Medium,0.03610111607504154,0.03272437439911812,0.9311745095258405
34858,43858,Low,Low,0.028978299093245747,0.9291982044887884,0.04182349641796582
35322,44322,High,High,0.9280949898437578,0.029393101819203377,0.04251190833703872
29992,38992,Medium,Medium,0.03808257559992543,0.047950820453315036,0.9139666039467595
26895,35895,High,High,0.9323109248754519,0.028074208367831723,0.03961486675671642
5786,14786,Medium,Medium,0.036208195805132425,0.031420384324517665,0.9323714198703499
14345,23345,Medium,Medium,0.03056277655688495,0.030255663958267426,0.9391815594848477
28754,37754,Low,Low,0.030667571413757866,0.9289566052057162,0.04037582338052593
27611,36611,High,High,0.8554776779723338,0.03235461145060949,0.11216771057705677
39074,48074,Medium,Medium,0.03841243481023153,0.032120387385481536,0.929467177804287
16952,25952,Medium,Medium,0.03176614104592103,0.031719976847236965,0.936513882106842
15580,24580,Medium,Medium,0.03017180279607865,0.03160596795703512,0.9382222292468864
17577,26577,High,Medium,0.032438725950451684,0.031845344838315214,0.935715929211233
29153,38153,Low,Low,0.029561916559587027,0.9308914911625125,0.039546592277900465
14634,23634,Low,Low,0.030543224871638325,0.9299770637608646,0.03947971136749696
38959,47959,High,High,0.9298014721106069,0.029832632922317526,0.04036589496707568
16775,25775,High,Medium,0.03656942490458218,0.03087927719618423,0.9325512978992335
17345,26345,High,High,0.9292328700011719,0.030102013032947267,0.040665116965880724
12769,21769,Low,Low,0.029698155566563703,0.9273077833114544,0.042994061121981945
20067,29067,Low,Low,0.02975746449076219,0.9274264187667685,0.042816116742469386
29652,38652,Low,Low,0.02898238398289543,0.9304986281518564,0.04051898786524832
25488,34488,Medium,Low,0.05097570601078762,0.573677470582632,0.37534682340658043
20328,29328,Medium,High,0.931993834737257,0.02861719407639787,0.03938897118634483
15678,24678,High,High,0.9306601347611658,0.02833179013339002,0.041008075105444214
34840,43840,Medium,Medium,0.0323058811486103,0.034933749955195326,0.9327603688961944
10720,19720,Medium,Medium,0.028827709855230015,0.027950109047628513,0.9432221810971414
11550,20550,High,High,0.9208936554202801,0.03653472007112717,0.0425716245085928
7797,16797,Medium,Medium,0.03382532192861229,0.03278622178329627,0.9333884562880913
15823,24823,Medium,Medium,0.033613150415920535,0.029924694405023888,0.9364621551790555
12765,21765,High,High,0.9301249291556907,0.028659941070273153,0.041215129774036185
39027,48027,High,High,0.9312285306937741,0.02875130571420768,0.04002016359201827
12794,21794,Low,Low,0.02889289263822673,0.9313847929044169,0.03972231445735632
29088,38088,Low,Low,0.029193257882193204,0.9309812980819704,0.039825444035836384
578,9578,Medium,Medium,0.031399623623965006,0.4412425229696935,0.5273578534063414
31884,40884,Medium,Medium,0.0339657420114105,0.030115614897720758,0.9359186430908689
27351,36351,Low,Low,0.0343352873809061,0.9251769894427572,0.040487723176336664
18897,27897,Medium,Medium,0.030353832502153358,0.029680202640526954,0.9399659648573196
33253,42253,Low,Low,0.030747796225162157,0.9277714562890349,0.04148074748580304
37085,46085,Medium,Medium,0.030276693063526205,0.02927090952993251,0.9404523974065414
1874,10874,High,High,0.9272250203649658,0.02903986034970706,0.04373511928532722
28286,37286,Medium,Medium,0.033546837888266484,0.12794533843230274,0.8385078236794308
5669,14669,Medium,Medium,0.4322078470060746,0.041412945716017585,0.5263792072779078
36633,45633,High,Medium,0.03048836759952869,0.02890359267897985,0.9406080397214915
17161,26161,High,High,0.9330877985635887,0.027934124995546674,0.03897807644086468
20375,29375,Medium,Medium,0.041439217323239415,0.029691498467513774,0.9288692842092466
31734,40734,Medium,Medium,0.029300287333782125,0.02810910414781703,0.9425906085184007
5049,14049,High,High,0.9182161959393292,0.041193587338028366,0.04059021672264242
37331,46331,High,High,0.9293223986181646,0.030461004663873747,0.04021659671796184
11494,20494,High,High,0.8565455315238606,0.03259325192866017,0.1108612165474792
31527,40527,Medium,Medium,0.030789461405148502,0.0326945578132208,0.9365159807816307
29241,38241,Medium,Medium,0.0323256307490066,0.03380805101453111,0.9338663182364623
1664,10664,Medium,Medium,0.032179582501364684,0.029166273020472835,0.9386541444781624
30964,39964,High,High,0.932306848012067,0.027990593362269084,0.03970255862566396
38353,47353,Low,Low,0.0340710245800736,0.9242956609455139,0.04163331447441259
12849,21849,Medium,Medium,0.02924890707124902,0.028283273235725204,0.9424678196930257
20973,29973,High,High,0.9311921230576754,0.028749829490306817,0.04005804745201779
13885,22885,Low,Low,0.03060301420259499,0.9278846699738871,0.04151231582351792
16576,25576,Medium,Medium,0.03050844591559254,0.051370376179346235,0.9181211779050611
25661,34661,Medium,Medium,0.03313056041275391,0.028770351900950095,0.9380990876862959
2567,11567,High,Low,0.03616754975579703,0.9199070733695504,0.04392537687465258
10370,19370,High,High,0.9271811629952807,0.032439512167142456,0.04037932483757674
18878,27878,Low,Low,0.03188796742185413,0.9259498764282443,0.04216215614990143
19660,28660,Medium,Medium,0.061090613085928856,0.03190020311172568,0.9070091838023454
4653,13653,Medium,Medium,0.045751690530463324,0.04832812036829892,0.9059201891012378
28905,37905,Medium,Medium,0.03243275031874534,0.046371628784751005,0.9211956208965036
9935,18935,Medium,Medium,0.032879192745262874,0.03388281177101591,0.9332379954837212
11758,20758,Medium,Medium,0.032139358591581776,0.03028134522395554,0.9375792961844627
37537,46537,Medium,Medium,0.02985328527992064,0.028541422680960434,0.9416052920391188
28431,37431,Medium,Medium,0.03455973677094456,0.04078098377845397,0.9246592794506014
23602,32602,Medium,Medium,0.030719775862051362,0.030754990890487787,0.9385252332474608
3093,12093,Low,Medium,0.034829986265352435,0.03847827118455944,0.9266917425500881
29552,38552,Medium,Medium,0.033138841284093196,0.03266122280729383,0.9341999359086129
873,9873,Medium,High,0.5062023055211187,0.05109626762577551,0.44270142685310576
33013,42013,Low,Low,0.031252603750876316,0.9270081855654997,0.04173921068362402
28578,37578,Medium,Medium,0.032179578949169806,0.03161241244293125,0.9362080086078989
7466,16466,High,High,0.9316983273906065,0.028058244961077006,0.040243427648316406
19360,28360,Low,Low,0.029709027964375027,0.9282513258508814,0.042039646184743575
3490,12490,Medium,Medium,0.033270242352529567,0.03204437554191685,0.9346853821055535
17287,26287,Medium,Medium,0.03515508331614268,0.03266395422742999,0.9321809624564273
307,9307,Medium,Medium,0.03671736509905462,0.030610988454893417,0.9326716464460519
38392,47392,Low,Low,0.034877571988441616,0.9083570303733031,0.05676539763825533
34623,43623,High,Low,0.03934576574795683,0.9175521343135203,0.043102099938522896
21261,30261,High,High,0.9320236857102179,0.02781079505790952,0.04016551923187267
24920,33920,High,Low,0.02902756181336093,0.9306454781427881,0.040326960043850904
6743,15743,Medium,Medium,0.030616759785533524,0.03304889414230539,0.936334346072161
14103,23103,High,High,0.9196607551747326,0.03250681288550609,0.047832431939761194
25538,34538,High,High,0.9292769701767863,0.028860398099138127,0.04186263172407556
18231,27231,Low,Low,0.03414936581124408,0.9244557169962081,0.04139491719254787
18651,27651,High,High,0.9311652815858665,0.02865953474196674,0.04017518367216691
34089,43089,High,High,0.9249678065578544,0.03174563025126181,0.04328656319088383
9489,18489,Medium,Medium,0.03143116272003526,0.03188989359783243,0.9366789436821322
7783,16783,High,High,0.9290802096775725,0.028759210797942043,0.04216057952448543
33536,42536,Medium,Medium,0.032530680026274544,0.03232566412739623,0.9351436558463293
33178,42178,Medium,Medium,0.04113818779457847,0.03063210496049239,0.9282297072449291
4780,13780,Medium,Medium,0.03125780825231165,0.030335129620787143,0.9384070621269013
545,9545,High,High,0.9304113066577578,0.02939928974400381,0.040189403598238305
36695,45695,Medium,Medium,0.03296287882245658,0.033674841930150703,0.9333622792473927
26560,35560,Medium,Medium,0.03526279306543404,0.037046679853341154,0.9276905270812249
7160,16160,Medium,Medium,0.03177870826404914,0.03004434799475987,0.938176943741191
30201,39201,Low,Low,0.032590008725153975,0.6483044084203301,0.3191055828545158
2161,11161,Medium,Medium,0.03498795494976439,0.03313922327854089,0.9318728217716946
25451,34451,Medium,High,0.6762694203213743,0.06877600534051086,0.25495457433811497
16230,25230,Medium,Medium,0.029284624523307073,0.029447945201996034,0.941267430274697
18219,27219,Low,Low,0.0319001694851674,0.9243571815618857,0.04374264895294682
12006,21006,Low,Low,0.0287456488977767,0.9316041113010103,0.039650239801213044
11628,20628,High,High,0.8507826997706034,0.04942473652562229,0.0997925637037743
36578,45578,Medium,Medium,0.031379528025787674,0.03227189492606186,0.9363485770481504
7067,16067,Medium,Medium,0.05804472432515582,0.037782610411913053,0.9041726652629313
23068,32068,Medium,Medium,0.04042220439423491,0.034862481048161205,0.9247153145576039
25605,34605,Medium,Medium,0.03219725006383404,0.037285267482729485,0.9305174824534365
34080,43080,Low,Low,0.029225772757709823,0.929637009015119,0.04113721822717112
26647,35647,High,High,0.9263995094189516,0.033136476951402156,0.04046401362964619
31611,40611,Medium,Medium,0.030602096941280788,0.0301308553748345,0.9392670476838848
29958,38958,Medium,Medium,0.04634345159466199,0.036200009537576634,0.9174565388677615
7345,16345,Medium,Medium,0.03340911455885208,0.03230628094805286,0.934284604493095
19237,28237,Medium,Medium,0.034270557802930604,0.029191353264768526,0.9365380889323008
9801,18801,High,High,0.9294795091554725,0.02897239490885632,0.04154809593567125
8652,17652,Medium,Medium,0.03324046898572685,0.030608435598674016,0.9361510954155992
39064,48064,Medium,Medium,0.02969429668499944,0.028477365793082174,0.9418283375219184
14242,23242,Low,Low,0.03381669955041374,0.9222909835660077,0.04389231688357851
31936,40936,Medium,Medium,0.03438208168571703,0.032633612512088635,0.9329843058021944
7247,16247,Low,Low,0.030932522025014033,0.9281376623103279,0.04092981566465789
27136,36136,High,High,0.9230851141513687,0.03156531913720783,0.04534956671142353
30262,39262,Low,Low,0.029346197165274365,0.9299584491119042,0.04069535372282148
13127,22127,Low,Low,0.030629103251553203,0.9231887584985059,0.04618213824994088
6941,15941,Medium,Medium,0.031400629802285335,0.030570722426018094,0.9380286477716965
5407,14407,Medium,Medium,0.035398003122994015,0.031364353800833356,0.9332376430761725
32232,41232,Medium,Medium,0.03077500915303843,0.032341020359347356,0.9368839704876142
24193,33193,High,High,0.9304329754312932,0.029136428232504438,0.040430596336202385
25445,34445,High,High,0.9297654095294378,0.029111371999140757,0.04112321847142152
20100,29100,High,High,0.8600469590233631,0.03375679288397492,0.10619624809266191
9725,18725,Low,Low,0.029573423595595606,0.9302078066388835,0.04021876976552097
3834,12834,Medium,Medium,0.035622762642862515,0.033808701235672346,0.9305685361214652
8037,17037,Medium,Medium,0.03876899477895442,0.031965709194033146,0.9292652960270124
17919,26919,Medium,Medium,0.03298393135928674,0.036143546363782496,0.9308725222769308
33790,42790,Medium,Medium,0.029825604070820036,0.03390398850245172,0.9362704074267283
39487,48487,Medium,Medium,0.02893100451407989,0.03354848960932266,0.9375205058765975
10633,19633,Low,Low,0.029164840677169578,0.9307697581549944,0.04006540116783606
16170,25170,Medium,Medium,0.030024249262268654,0.029831837090008223,0.9401439136477231
36900,45900,Medium,Medium,0.03271936267860634,0.03629479448559292,0.9309858428358008
13764,22764,Medium,Medium,0.03947628074054781,0.03388222352384567,0.9266414957356065
23301,32301,Low,Low,0.030713065468359516,0.9288265189030241,0.0404604156286163
20650,29650,Medium,Medium,0.02915244839250392,0.028337030352166646,0.9425105212553294
13022,22022,High,High,0.9300313960277821,0.02941690895304148,0.040551695019176444
4360,13360,High,High,0.93020101808753,0.029707048158043314,0.040091933754426635
25998,34998,Medium,Medium,0.03520890110445187,0.03251479797927239,0.9322763009162758
33122,42122,Low,Low,0.18525145932754075,0.7718447121761839,0.04290382849627539
1373,10373,High,High,0.9275995270998018,0.02970466830446303,0.04269580459573521
22015,31015,High,High,0.9255459381391932,0.02909578086128024,0.04535828099952669
36595,45595,Low,Low,0.028515921463523563,0.9322376399618394,0.03924643857463691
4273,13273,High,High,0.932545499772455,0.028259826602338372,0.03919467362520655
17078,26078,High,Medium,0.04532042679870898,0.0356623320348701,0.9190172411664209
5127,14127,High,High,0.9321014225443118,0.02843520403273039,0.03946337342295783
38149,47149,Medium,Medium,0.029085714643423743,0.028760570156448877,0.9421537152001275
30999,39999,High,High,0.9221990770238077,0.03456778620601583,0.043233136770176483
3926,12926,High,Medium,0.03663037758080904,0.0324338710849014,0.9309357513342896
10115,19115,Medium,Low,0.03265181173980145,0.926866307873989,0.0404818803862094
1197,10197,Low,Low,0.02937198951217208,0.9292413559830147,0.041386654504813235
2606,11606,Medium,Medium,0.03353066051029636,0.031342292210461836,0.9351270472792418
28240,37240,Medium,Medium,0.037800074806420704,0.036189507879260875,0.9260104173143184
25923,34923,High,High,0.9279052813161837,0.031468562722751815,0.0406261559610646
19450,28450,High,High,0.9307267923398577,0.02894558743277618,0.04032762022736616
3805,12805,Medium,Medium,0.036004041457384284,0.03451286359799426,0.9294830949446214
37407,46407,Low,Low,0.03137160625613373,0.9197762603527649,0.04885213339110136
17810,26810,Low,Low,0.028912162718018344,0.9316311963691583,0.039456640912823415
2307,11307,Medium,Medium,0.03004039338923271,0.02883414803065934,0.941125458580108
16968,25968,Low,Low,0.03258500701981246,0.9275616408429409,0.039853352137246466
19173,28173,Low,Low,0.028944486453685195,0.9316219043668036,0.03943360917951117
7139,16139,High,High,0.9301610831098263,0.028943173534370998,0.040895743355802594
6043,15043,Medium,Medium,0.03817831464087087,0.03783979536332636,0.9239818899958028
20796,29796,Low,Low,0.031313343554209394,0.9263053634684363,0.042381292977354344
23964,32964,High,High,0.929130401518946,0.02862788475733555,0.04224171372371843
25748,34748,High,High,0.9323383319683639,0.027871121445474118,0.039790546586162046
21679,30679,Medium,Medium,0.03805137357789627,0.030884560355842038,0.9310640660662616
24485,33485,Medium,Medium,0.05698685911828331,0.03196243567542934,0.9110507052062872
20863,29863,Low,Low,0.03276807362652577,0.9020691999494653,0.06516272642400889
31032,40032,High,High,0.9224148050994426,0.029629758687744062,0.04795543621281323
34608,43608,Medium,Medium,0.03005076719616942,0.028745618376350163,0.9412036144274804
12055,21055,Medium,Medium,0.03197817682479636,0.05839643388145025,0.9096253892937534
36640,45640,Medium,Medium,0.03816113779376081,0.029637082282440812,0.9322017799237984
8234,17234,High,High,0.9307687820135538,0.029510141721170544,0.039721076265275705
6806,15806,High,High,0.925047639290835,0.03471662044432108,0.040235740264843924
23001,32001,Low,Low,0.028621979472363182,0.9317534939821311,0.03962452654550563
30915,39915,Medium,Medium,0.03291647487380803,0.029541780685462843,0.937541744440729
35586,44586,Low,Low,0.035854735442004924,0.9158327442890696,0.04831252026892552
33302,42302,High,High,0.9309670839836524,0.02925499873536441,0.03977791728098325
7618,16618,High,High,0.9285362915611585,0.030923035142208167,0.04054067329663342
20551,29551,Medium,Medium,0.031247693489717163,0.030237104121358983,0.9385152023889239
650,9650,High,High,0.9309349640135057,0.028415558269886274,0.04064947771660798
8615,17615,Low,Low,0.03068262751141051,0.9284977203579631,0.04081965213062646
3591,12591,Low,Low,0.030823322259726078,0.9267793857635157,0.042397291976758296
39913,48913,High,High,0.9320169049808885,0.02848527972036079,0.0394978152987506
7583,16583,High,High,0.9306708056968417,0.028699312053032517,0.04062988225012571
27129,36129,Medium,Medium,0.03260007278753941,0.029562880687538987,0.9378370465249216
28531,37531,Medium,Medium,0.05190250586914812,0.033214674361468,0.9148828197693839
35916,44916,Medium,Medium,0.03631782189773434,0.04001098052721748,0.9236711975750481
12445,21445,Medium,Medium,0.036488327962402846,0.03132457588008458,0.9321870961575126
21764,30764,Low,Low,0.0319723895594055,0.86208208447438,0.10594552596621454
19554,28554,High,High,0.9270454135194447,0.03296288812989236,0.03999169835066298
38332,47332,Medium,Medium,0.03181744069142445,0.02846807804492529,0.9397144812636503
8151,17151,High,High,0.9296784105379703,0.02986390557251802,0.040457683889511674
27531,36531,Low,Low,0.031341477323743344,0.9280940444588213,0.04056447821743552
12110,21110,Medium,Medium,0.030543051669572985,0.03299743458652799,0.9364595137438991
7594,16594,Low,Low,0.029048548792437023,0.9305964556595052,0.04035499554805787
9260,18260,Medium,Medium,0.03508021047333683,0.03301984488968673,0.9318999446369766
8670,17670,Medium,Medium,0.03890027665982355,0.02982759080929673,0.9312721325308796
24722,33722,High,High,0.9311782675621542,0.02886201461500866,0.03995971782283733
7377,16377,Medium,Medium,0.03171800631140793,0.03648786656212144,0.9317941271264707
31271,40271,Medium,Medium,0.030768217499625248,0.031001633887270164,0.9382301486131045
16649,25649,Medium,Medium,0.03151442891427501,0.030918874405633744,0.9375666966800913
24505,33505,Medium,Medium,0.030190950438435046,0.029348067925969872,0.940460981635595
25426,34426,Medium,Medium,0.029875948428595367,0.03151761676957485,0.9386064348018298
4792,13792,Medium,Medium,0.030913589541107313,0.030791957392422038,0.9382944530664706
27446,36446,Low,Low,0.03221655692026327,0.9275093415563544,0.040274101523382365
3099,12099,Medium,Medium,0.029637786825826015,0.02838090798649943,0.9419813051876745
12602,21602,Low,Low,0.028647142939507656,0.9301634913452373,0.04118936571525481
4028,13028,Medium,Medium,0.031193592150135563,0.02884852500825456,0.9399578828416099
32418,41418,High,High,0.9289841073484458,0.029689377352550044,0.04132651529900422
25955,34955,Medium,Medium,0.03290587844175875,0.03094462641936242,0.9361494951388788
13452,22452,Medium,Medium,0.03172319584524004,0.029799484880964483,0.9384773192737955
13898,22898,Medium,Medium,0.03208331696705105,0.0314154369958744,0.9365012460370745
25874,34874,Low,Low,0.02878933754685026,0.9317224596174233,0.03948820283572643
37216,46216,Medium,Medium,0.029738016983853366,0.031635289485679605,0.938626693530467
35262,44262,Low,Low,0.029739832206214428,0.9240387647187398,0.046221403075045873
17372,26372,Medium,Medium,0.029362932749077864,0.044310592954201165,0.926326474296721
2682,11682,Medium,Medium,0.03664026092283465,0.0331744309829417,0.9301853080942236
28111,37111,High,High,0.9283792168337709,0.029250250893288848,0.042370532272940305
18242,27242,High,High,0.8108860182443444,0.033298390278434946,0.15581559147722066
22512,31512,Medium,Medium,0.033150675223052616,0.030301138457870986,0.9365481863190764
2255,11255,Medium,Medium,0.03158687352276432,0.028412165266493743,0.940000961210742
23676,32676,High,High,0.9299435232035131,0.03008484627539886,0.039971630521088104
27735,36735,High,High,0.9254447186624555,0.034054563695408345,0.04050071764213614
25270,34270,Low,Low,0.031403096626990645,0.9275526322720898,0.041044271100919606
9394,18394,Low,Low,0.02906685431335596,0.9195538728934567,0.05137927279318736
11789,20789,Medium,Medium,0.0384613005173532,0.1694642205966781,0.7920744788859686
29676,38676,Medium,High,0.9305971882971011,0.028747556247967265,0.04065525545493152
29719,38719,Medium,Medium,0.0361633909436805,0.0339403306998507,0.9298962783564688
29800,38800,High,High,0.9287485922859946,0.029753161009920214,0.041498246704085244
33576,42576,Medium,Medium,0.031039981276658163,0.031526201969334214,0.9374338167540076
29169,38169,Medium,Medium,0.03127792891810698,0.03112211742966682,0.9375999536522261
32105,41105,Low,Low,0.031908141460937935,0.9130373373415838,0.05505452119747825
7256,16256,Low,Medium,0.030648809284532123,0.03229314752386055,0.9370580431916075
10148,19148,High,High,0.9292082119331037,0.02965078082048427,0.04114100724641206
20529,29529,High,High,0.9300629129981633,0.029942110402718037,0.03999497659911858
19569,28569,Medium,Medium,0.03384705681221318,0.032940568218067914,0.933212374969719
32917,41917,Medium,Medium,0.034832601132731796,0.04176849005766303,0.9233989088096051
30445,39445,Low,Low,0.036156077449813716,0.8787353809861834,0.08510854156400278
36259,45259,Medium,Medium,0.03111454868096814,0.030228234940413445,0.9386572163786185
13175,22175,Medium,Medium,0.03335770570165462,0.0375081032881735,0.9291341910101719
22186,31186,Low,Low,0.03101855134591891,0.9227266221125644,0.0462548265415167
27502,36502,Low,Low,0.029003265530014314,0.9310224109529429,0.03997432351704285
13847,22847,High,High,0.9319984164360497,0.028622019101322987,0.0393795644626273
36696,45696,Low,Low,0.03754713177797533,0.9141729222037441,0.04827994601828054
30636,39636,Low,High,0.9298683668033106,0.02941390781174001,0.04071772538494939
25651,34651,Low,Low,0.03035223223606782,0.9282791587913183,0.041368608972613866
27209,36209,Medium,Medium,0.038359864334570365,0.03825261138857126,0.9233875242768583
26867,35867,High,High,0.9316368413103695,0.02837662884240551,0.039986529847225005
25066,34066,Low,Low,0.028676914077032323,0.931596558301569,0.03972652762139858
4424,13424,Low,Low,0.031744285642172326,0.9157251003138808,0.052530614043946905
10133,19133,Medium,Medium,0.03610510684438815,0.03513367396015416,0.9287612191954576
31137,40137,Low,Low,0.029403448776093813,0.9257468808476221,0.04484967037628407
33555,42555,High,Medium,0.054717400084164945,0.03608642241092614,0.909196177504909
30938,39938,Low,Low,0.029845008160306764,0.9285213170065588,0.04163367483313442
26039,35039,Medium,High,0.9321379558352717,0.027936558622015866,0.03992548554271236
39134,48134,High,High,0.9136772636058916,0.04589613796893547,0.04042659842517302
17336,26336,High,High,0.9285239140845912,0.029508293728421956,0.041967792186986784
20121,29121,Low,Low,0.029021277728051128,0.9309483286787431,0.0400303935932058
8386,17386,Low,Medium,0.036834503630112786,0.12361278290159311,0.8395527134682941
32633,41633,Medium,Medium,0.0306034240044931,0.02923389432631734,0.9401626816691896
30977,39977,Medium,Medium,0.030528658385339302,0.028602304093542544,0.9408690375211181
31013,40013,Medium,Medium,0.03590914750620643,0.048762984640881774,0.9153278678529118
28340,37340,Medium,Medium,0.03144255922143341,0.030554591396166036,0.9380028493824005
11769,20769,Medium,Medium,0.030154296640387036,0.029389815068279732,0.9404558882913331
306,9306,Low,Low,0.03134499193050893,0.9203271237927909,0.04832788427670024
32488,41488,Medium,Medium,0.03286326291921474,0.030087865141157202,0.937048871939628
30685,39685,Medium,Medium,0.03742361645558147,0.06082436133772185,0.9017520222066966
26226,35226,High,High,0.9294212466996834,0.029538635290756215,0.04104011800956042
10417,19417,Medium,Medium,0.02992473269376011,0.029401574733741914,0.940673692572498
38049,47049,Low,Low,0.03079713300971017,0.9288672287981732,0.04033563819211665
35609,44609,High,Medium,0.028679241156963187,0.02790557134454477,0.9434151874984922
2256,11256,Low,Medium,0.03647259340460681,0.031799581671937395,0.9317278249234558
33753,42753,Medium,Medium,0.03480585621294935,0.0330498225372292,0.9321443212498215
14843,23843,Medium,Low,0.081241898322865,0.8641339925359786,0.05462410914115647
9726,18726,Low,Low,0.030237734465086596,0.9299472051947006,0.03981506034021263
16096,25096,Medium,Medium,0.03551658367688347,0.032673787087030774,0.9318096292360857
25089,34089,Low,Low,0.030268490841498356,0.9284241935423116,0.041307315616189944
28010,37010,Low,Low,0.029386916595285445,0.9280503158805593,0.04256276752415517
31098,40098,Low,Low,0.029059686263529793,0.9315745962132778,0.03936571752319248
12308,21308,Medium,Medium,0.03104998397482373,0.03244113916478512,0.9365088768603912
7423,16423,High,High,0.9298954345619418,0.02969701317045106,0.040407552267607186
39738,48738,High,High,0.9288082075390226,0.02956807635165638,0.04162371610932103
9361,18361,High,High,0.9237325321360975,0.035966167754493975,0.04030130010940869
20477,29477,Low,Low,0.05641129422749556,0.8997310929533744,0.04385761281913003
22177,31177,Low,Low,0.04066524138318152,0.9177463129613321,0.041588445655486396
38612,47612,Medium,Medium,0.03124417261505306,0.0374364078865349,0.9313194194984119
31460,40460,Medium,Medium,0.032171214107298944,0.039949954686649226,0.9278788312060517
434,9434,Medium,Medium,0.04877342141031551,0.02992505935613714,0.9213015192335474
12874,21874,High,High,0.8986873401710825,0.03170291984562517,0.06960973998329228
36044,45044,High,High,0.9295370179337258,0.028349706018856113,0.042113276047418234
22535,31535,Medium,Medium,0.028802613866255683,0.027943002841344333,0.9432543832924
39774,48774,Medium,Medium,0.03285656266683344,0.02954605267821825,0.9375973846549485
12085,21085,High,High,0.9277905931006246,0.02915310866540095,0.04305629823397442
34546,43546,Low,Low,0.028711905252583093,0.9304009419734522,0.04088715277396459
3445,12445,Medium,Medium,0.032337471596594364,0.029943006769000247,0.9377195216344054
25024,34024,High,High,0.9303904067301311,0.02928789316548915,0.040321700104379805
1399,10399,Medium,Medium,0.030658073478770653,0.03268726011986404,0.9366546664013652
14497,23497,Low,Low,0.029075309508754327,0.9305761049283899,0.04034858556285567
24534,33534,Medium,Medium,0.03600261732122009,0.03344641393034324,0.9305509687484367
8823,17823,Low,Low,0.029119821105851956,0.9311815017743008,0.039698677119847176
21260,30260,Medium,Medium,0.043218449752746725,0.029142115720747746,0.9276394345265055
37338,46338,Low,Low,0.029367136165185728,0.9305264105949359,0.040106453239878354
20618,29618,Medium,Medium,0.04427731493239606,0.04349502726332847,0.9122276578042755
19115,28115,Medium,Medium,0.035904397003739916,0.03766825838404244,0.9264273446122177
20922,29922,Medium,Medium,0.07629539191548092,0.045592096288513385,0.8781125117960057
12513,21513,Medium,Medium,0.030365955247477584,0.03190442868513444,0.9377296160673879
36359,45359,High,High,0.9294896234213498,0.03068574165537362,0.03982463492327675
12164,21164,High,High,0.9286949488739676,0.02941603484940396,0.041889016276628444
3094,12094,Medium,Medium,0.047515248170362095,0.4600505539102003,0.49243419791943754
25631,34631,Low,Low,0.0349470664592581,0.9240364141670364,0.04101651937370541
11987,20987,Medium,Medium,0.04084077456742375,0.040646462643444126,0.9185127627891321
10963,19963,Medium,Medium,0.03577734816698366,0.03348432254619412,0.9307383292868222
8161,17161,Low,Low,0.029768485225902946,0.9195309219170474,0.050700592857049594
12489,21489,High,High,0.9257426604284436,0.028284789748087114,0.04597254982346936
6244,15244,Medium,Medium,0.031044826811188992,0.03129344054055408,0.9376617326482569
38195,47195,Medium,Medium,0.029617797993523227,0.029565180797292062,0.9408170212091846
27365,36365,Low,Low,0.029932500699982698,0.9285758004803846,0.04149169881963272
29258,38258,Medium,Medium,0.03979800394892935,0.03498879875622049,0.9252131972948502
17611,26611,Low,Low,0.029095583364133547,0.9307362368817138,0.0401681797541526
22331,31331,Medium,Medium,0.034050525821175875,0.05703541280802319,0.908914061370801
21607,30607,Medium,Medium,0.034425961683633176,0.0305026372085808,0.935071401107786
9899,18899,Low,Low,0.02869205884423348,0.9314342219737336,0.039873719182032856
27036,36036,High,High,0.9304585860073716,0.029271135284236294,0.04027027870839219
31887,40887,Medium,Medium,0.03202905018820452,0.27183965629933826,0.6961312935124572
26607,35607,High,High,0.926582115476398,0.03314200716798438,0.04027587735561768
30224,39224,Medium,Medium,0.030649702400505113,0.0305393324018369,0.9388109651976579
7595,16595,Medium,Medium,0.03657074995549608,0.03761457781601774,0.9258146722284861
1280,10280,Medium,Medium,0.0345726907009652,0.029818726443032698,0.935608582856002
2961,11961,Medium,High,0.9313808934317503,0.028192216525394064,0.040426890042855615
15661,24661,Medium,Medium,0.030221838460304472,0.029016750915928497,0.9407614106237672
4332,13332,Medium,Medium,0.034888116533394214,0.04867849651359163,0.9164333869530141
21740,30740,Low,Low,0.029469248655088303,0.9296580667339752,0.04087268461093638
15736,24736,Low,Low,0.02973029242225263,0.928221643831238,0.04204806374650938
9088,18088,High,High,0.5941059441102744,0.05578107110006752,0.3501129847896581
6788,15788,High,High,0.9289818647307088,0.03031931110594849,0.04069882416334277
18081,27081,Low,Low,0.03972291595953051,0.9167241355347285,0.04355294850574095
19986,28986,Low,Low,0.03102452560900811,0.9271119867268416,0.04186348766415015
28322,37322,High,High,0.929612056341437,0.029692047816364902,0.040695895842198127
36830,45830,Medium,Medium,0.031438398386298284,0.029081519540204215,0.9394800820734975
34057,43057,Low,Low,0.03215661839658456,0.9135719347256869,0.05427144687772848
618,9618,High,High,0.9302526920911361,0.028054377334191426,0.04169293057467249
3618,12618,Medium,Medium,0.09317058583773387,0.04238367284281389,0.8644457413194523
5167,14167,High,High,0.9272159843536465,0.02869631860922416,0.044087697037129385
25623,34623,Low,Low,0.030513446448581266,0.9251651317796528,0.044321421771766005
7841,16841,Low,Low,0.02925432757942048,0.9295901267147126,0.04115554570586695
28290,37290,Medium,Medium,0.03404352884642734,0.030808148834248764,0.935148322319324
39546,48546,Medium,Medium,0.031076729536286724,0.03067623098796829,0.938247039475745
15761,24761,Low,Medium,0.029240635302823868,0.04043994161636089,0.9303194230808153
5295,14295,Medium,Medium,0.03703739600867286,0.06831118232091841,0.8946514216704088
25849,34849,High,High,0.930554444332901,0.028831814835713242,0.04061374083138577
33104,42104,High,High,0.9281048944936069,0.03141950670270586,0.040475598803687264
21468,30468,High,High,0.9286531503287013,0.02957302744930347,0.041773822221995265
32462,41462,Medium,Medium,0.02968728595919419,0.030866682245061488,0.9394460317957444
9539,18539,High,High,0.9288037997264332,0.031914106601252774,0.03928209367231412
3520,12520,High,Medium,0.029764122505250647,0.028634451103431654,0.9416014263913177
16093,25093,High,High,0.929446067084242,0.028871506025706938,0.04168242689005095
38667,47667,Low,Low,0.03002931160746609,0.9306382762919602,0.03933241210057378
22660,31660,Medium,Medium,0.03501235233174352,0.032007047959669375,0.932980599708587
32949,41949,Low,Low,0.029148556242157526,0.9167235931113725,0.05412785064647002
1170,10170,High,High,0.9326769421983228,0.027943786601740878,0.03937927119993645
23705,32705,Low,Low,0.031862354273921506,0.9276572392040631,0.04048040652201556
5186,14186,High,High,0.9294529270671056,0.03030575065286627,0.04024132228002821
10906,19906,High,High,0.9301561481366979,0.02787466695520957,0.04196918490809243
14079,23079,Medium,Low,0.036373050250567855,0.7676306492211108,0.19599630052832132
20256,29256,High,High,0.9305824800778929,0.029414386438175937,0.04000313348393108
19045,28045,Medium,Medium,0.03154822134234918,0.039736255007778144,0.9287155236498726
35237,44237,Medium,Medium,0.06796821048571139,0.033446389379336396,0.8985854001349521
39404,48404,Medium,Medium,0.030265965338333627,0.02880258402052528,0.9409314506411409
18000,27000,High,High,0.9317981365602801,0.028360583087562213,0.039841280352157775
23824,32824,Low,Medium,0.03413566007811066,0.029550477227446425,0.9363138626944428
38673,47673,High,High,0.9316910086365654,0.02883156772986323,0.03947742363357141
25148,34148,High,High,0.9323092678307306,0.02814650517046276,0.03954422699880658
5064,14064,Medium,Medium,0.029889579572329013,0.028643571280647196,0.9414668491470238
33145,42145,Medium,Medium,0.042473163794322505,0.03837801723338877,0.9191488189722886
14030,23030,Medium,Medium,0.03293670323303913,0.03095541180019783,0.9361078849667629
22284,31284,High,High,0.9257147482831444,0.03222655061345583,0.04205870110339995
37447,46447,Low,Low,0.030462333795378004,0.9278694304013294,0.041668235803292576
15059,24059,Low,High,0.931827717913985,0.028131826312007915,0.040040455774007035
12031,21031,Low,Low,0.031285738232803166,0.9265391784977614,0.04217508326943555
30281,39281,Medium,Medium,0.13916752330208298,0.31792181250738677,0.5429106641905302
466,9466,Medium,Medium,0.03058680916925301,0.0360204480597329,0.933392742771014
33669,42669,High,High,0.9333247015093247,0.027742280558522014,0.03893301793215322
37456,46456,Low,Low,0.05689675718572094,0.8984767975413223,0.044626445272956894
17631,26631,Medium,Medium,0.0339021821705669,0.03933746818136777,0.9267603496480653
29675,38675,Medium,Medium,0.03121165015007134,0.04954080012681173,0.9192475497231168
30570,39570,Medium,Medium,0.03184294768158172,0.034500912839541605,0.9336561394788768
28302,37302,Medium,Medium,0.039452825118002285,0.031892638537958845,0.9286545363440389
17151,26151,Low,Low,0.02953771866692716,0.9300353259178382,0.040426955415234646
23970,32970,Medium,Medium,0.03233976165950586,0.03595401554781357,0.9317062227926806
26759,35759,High,High,0.9261472777765775,0.029733584656966183,0.04411913756645643
22247,31247,Medium,Medium,0.037006939565326157,0.04451188962652195,0.9184811708081518
27876,36876,High,Medium,0.029815117746351653,0.029612844166224245,0.9405720380874242
21038,30038,Medium,Medium,0.04392955688485863,0.2447549126780987,0.7113155304370427
15091,24091,High,High,0.9302956138780617,0.028595345752556674,0.0411090403693816
14950,23950,Low,Medium,0.02911527241749946,0.030181176389863094,0.9407035511926375
2671,11671,Medium,Medium,0.029763975957146787,0.03401739460327238,0.9362186294395807
10131,19131,Medium,Medium,0.03822280187408708,0.04203222138458316,0.9197449767413297
31310,40310,Medium,Medium,0.043961971220813974,0.031789907596125676,0.9242481211830604
5601,14601,Medium,Medium,0.0285278707623443,0.02778577881455541,0.9436863504231002
37327,46327,Low,Low,0.03711853937508571,0.9151453759265967,0.047736084698317555
11513,20513,Low,Low,0.02877309761358246,0.9283454296257947,0.04288147276062271
30479,39479,High,High,0.9274666429681337,0.031842570224598944,0.040690786807267294
33686,42686,Medium,Medium,0.031239067180014207,0.029353204130418597,0.9394077286895671
26642,35642,High,Medium,0.03130265406713857,0.03602500662885231,0.9326723393040091
5910,14910,Medium,Medium,0.04879304398184404,0.04674416210845892,0.9044627939096971
23623,32623,Medium,Medium,0.03196962541030055,0.028872760965679905,0.9391576136240195
35442,44442,Low,Low,0.06065982716313199,0.8949707827427451,0.044369390094122906
27703,36703,Medium,Medium,0.03117346842772969,0.03809801426678582,0.9307285173054844
30646,39646,Medium,Medium,0.03653024912719043,0.0795479504439894,0.8839218004288202
1903,10903,Medium,Medium,0.03564825249303302,0.02979434723150215,0.934557400275465
13041,22041,High,High,0.9274490176397462,0.029441085287022165,0.043109897073231755
21756,30756,Medium,Medium,0.029084629212417227,0.02802413627599282,0.94289123451159
32901,41901,Medium,Medium,0.03626144693660338,0.03507340178922969,0.9286651512741669
25246,34246,Medium,Medium,0.033009050974232144,0.029659267848800252,0.9373316811769676
36449,45449,Low,Medium,0.030110121991242758,0.03829463229279569,0.9315952457159615
7400,16400,Low,Low,0.028818957773681445,0.9313534048795669,0.03982763734675163
34117,43117,Medium,Medium,0.030460755835014564,0.02799225459766286,0.9415469895673226
19804,28804,Medium,Medium,0.03152925677594116,0.029710735103654646,0.9387600081204042
39078,48078,Medium,Medium,0.03220304040300472,0.03192314899498972,0.9358738106020055
27244,36244,Low,Low,0.028885651549301682,0.9315307560073772,0.039583592443321124
19578,28578,High,Medium,0.03232547127447755,0.03017476998425343,0.9374997587412691
25703,34703,Medium,Medium,0.039868253800194785,0.03214008683792457,0.9279916593618807
25136,34136,Low,Low,0.031557683472701215,0.9109894200452051,0.057452896482093625
6882,15882,Medium,Medium,0.035235037693089805,0.03987401783425024,0.92489094447266
18447,27447,High,High,0.9056082901789169,0.0312670210862088,0.06312468873487424
13603,22603,Medium,Low,0.030465649801945008,0.9282430449472713,0.041291305250783734
23276,32276,Low,Low,0.029779107340988414,0.9291636058871413,0.04105728677187032
36561,45561,Low,Low,0.03686463708641812,0.5490266709623932,0.41410869195118866
13029,22029,Medium,Medium,0.05148718365587687,0.032403437868705594,0.9161093784754176
24153,33153,Low,Low,0.029338273174017684,0.9276343095788491,0.04302741724713324
21968,30968,Medium,Medium,0.03588280996920792,0.03187439911453265,0.9322427909162595
21356,30356,High,High,0.9317068380409227,0.028684528470853055,0.03960863348822425
36502,45502,Medium,Medium,0.029793058902034122,0.031909298740758825,0.9382976423572069
24007,33007,Medium,Medium,0.07710463162564359,0.03138128671599981,0.8915140816583565
3688,12688,Medium,Medium,0.029614738104794855,0.02998666273479079,0.9403985991604144
687,9687,Medium,Low,0.030413886608634606,0.9275105685000399,0.04207554489132554
14849,23849,Low,Low,0.029694122975535683,0.9269187168163371,0.04338716020812724
14111,23111,Low,Low,0.029240044127236464,0.9229987026482046,0.047761253224558924
34406,43406,Medium,Medium,0.03470984772542691,0.03137220487941411,0.933917947395159
6957,15957,High,High,0.9305139381717554,0.02836698424453224,0.04111907758371236
26775,35775,Medium,Medium,0.029770804835573986,0.028397670588714615,0.9418315245757114
18432,27432,High,High,0.9321659040051474,0.027984566330306715,0.03984952966454588
31761,40761,Medium,Low,0.040655677019788054,0.5293755784679824,0.4299687445122296
26823,35823,Medium,Medium,0.03561133246538998,0.03561745299052329,0.9287712145440867
19616,28616,Medium,Medium,0.030576886065649875,0.03402188351039414,0.9354012304239561
24745,33745,Medium,Medium,0.03116819200411572,0.18743696867588897,0.7813948393199953
18191,27191,Medium,Medium,0.04100207244998264,0.03877209682873475,0.9202258307212826
12179,21179,High,High,0.9316669266578312,0.02873970005646288,0.039593373285705974
3479,12479,Medium,Medium,0.03365033920768334,0.034683013350718286,0.9316666474415984
34164,43164,Low,Low,0.03175866346701157,0.9262271014009639,0.042014235132024645
30048,39048,Medium,Medium,0.031422026443842725,0.059460369766552695,0.9091176037896046
25460,34460,High,High,0.9221878178224346,0.027999031388086428,0.04981315078947903
25213,34213,Medium,Medium,0.02937417278247345,0.029639596829020138,0.9409862303885065
16198,25198,High,High,0.8677379534737901,0.045422521937711256,0.08683952458849865
15215,24215,Low,Low,0.03053277106624531,0.9264622075644376,0.04300502136931711
29603,38603,Medium,Medium,0.03306114897971819,0.030391755194489375,0.9365470958257923
30338,39338,High,High,0.9298237939641197,0.030477436744316095,0.03969876929156402
32445,41445,High,High,0.9322948320386196,0.028407210493606245,0.039297957467774175
16577,25577,Medium,Medium,0.03524692814500621,0.03660565267034896,0.9281474191846448
25705,34705,High,High,0.7313083872859881,0.06331802874413818,0.20537358396987374
17954,26954,Low,Medium,0.04416380466738241,0.0452987547238115,0.9105374406088061
19363,28363,Medium,Low,0.02957038816599665,0.9300579963632803,0.040371615470723064
13792,22792,Medium,Medium,0.035185712704130484,0.0332336183591636,0.9315806689367059
28822,37822,Low,Low,0.030231813553258876,0.8403925681110959,0.12937561833564526
3064,12064,Low,Low,0.028770434550900642,0.931427393008823,0.03980217244027631
37812,46812,Medium,High,0.563728212805442,0.04078148681308081,0.39549030038147714
16967,25967,Low,Low,0.028820310729276377,0.9301345516348151,0.04104513763590852
24148,33148,High,High,0.9279135094716738,0.030701595837296005,0.04138489469103016
21222,30222,High,High,0.9325988217227051,0.028177439351342842,0.03922373892595204
8924,17924,Low,Low,0.036795129635703326,0.9229782791668603,0.040226591197436455
36709,45709,Medium,Medium,0.04393873753166818,0.03333158705328679,0.9227296754150451
39755,48755,Medium,Medium,0.033810445032407405,0.030937162273077957,0.9352523926945145
38541,47541,Medium,Medium,0.030455327213927352,0.029305981696856775,0.940238691089216
25058,34058,Medium,Medium,0.030866324641893535,0.029805873570946093,0.9393278017871604
36872,45872,Medium,Medium,0.040533889058263245,0.051566867626229605,0.9078992433155072
18858,27858,Low,Low,0.02924565093178495,0.9309143410645991,0.039840008003616
10967,19967,Low,Low,0.037776338246818024,0.916344859316886,0.04587880243629605
26769,35769,Medium,Medium,0.044935909291997776,0.02947929512986787,0.9255847955781343
14056,23056,Medium,Medium,0.04051044766181938,0.07185748452227456,0.8876320678159061
3825,12825,Medium,Medium,0.03078541758096534,0.055640197789353946,0.9135743846296807
16016,25016,Medium,Medium,0.029462120206104798,0.032940032076058084,0.9375978477178372
33064,42064,High,High,0.9285534353733774,0.031211638601349876,0.040234926025272726
22451,31451,Medium,Medium,0.03504812988971531,0.0310638859347158,0.933887984175569
39274,48274,High,High,0.9282529197860176,0.031737216204497994,0.04000986400948441
30178,39178,Medium,Medium,0.03539480366185832,0.03647483459381929,0.9281303617443224
29825,38825,High,High,0.9279593297348052,0.03165874443404454,0.04038192583115025
17793,26793,High,High,0.9322714001430986,0.0283177880979001,0.03941081175900125
1584,10584,Low,Low,0.02925266603402411,0.9302961065522629,0.04045122741371294
23318,32318,High,High,0.8792957067321968,0.06377420119058565,0.05693009207721753
23206,32206,High,High,0.930567530449748,0.02795170081942093,0.041480768730831036
1022,10022,Low,Low,0.03236459656261781,0.9241945867445023,0.043440816692879906
27542,36542,High,High,0.9297794360332338,0.028672169169119004,0.041548394797647395
18933,27933,Low,Low,0.03251325403453115,0.9276821887564736,0.03980455720899509
36639,45639,High,High,0.9261712181547997,0.03431956057199997,0.0395092212732001
32728,41728,Medium,Medium,0.03920011778735347,0.03602673952346081,0.9247731426891858
33395,42395,Medium,Medium,0.03021277152425274,0.1409412912600657,0.8288459372156814
3167,12167,Medium,Medium,0.034703573126650594,0.03504438564968624,0.9302520412236631
33491,42491,Low,Low,0.0297016931743104,0.9305072804563949,0.03979102636929486
770,9770,Medium,Medium,0.0306831365841564,0.02868117597187442,0.9406356874439692
9015,18015,Low,Low,0.029120159845113774,0.9314197521620714,0.0394600879928147
17246,26246,High,High,0.9331779384026975,0.027628925937410103,0.039193135659892464
15294,24294,Medium,Medium,0.030357193508642966,0.028251738326083024,0.9413910681652741
19006,28006,High,Medium,0.0400399503990786,0.04202812118297708,0.9179319284179442
25842,34842,Medium,Medium,0.03750505142283489,0.055944723429393696,0.9065502251477714
13749,22749,High,High,0.9330182561259486,0.02766434006902768,0.03931740380502385
16290,25290,Medium,Medium,0.06708632587031217,0.050784851708341856,0.8821288224213459
35739,44739,Medium,Medium,0.036891867790371714,0.02887814789123974,0.9342299843183884
15882,24882,Low,Low,0.03001463923686677,0.9265158535107526,0.04346950725238058
25848,34848,Low,Low,0.03008803326284158,0.9273600498316611,0.04255191690549742
31070,40070,Low,Low,0.02956921817598046,0.9276572612028064,0.04277352062121317
8238,17238,Medium,Medium,0.03201021917645303,0.039226312607982254,0.9287634682155647
18057,27057,Medium,Medium,0.04876707923982041,0.03451875429955284,0.9167141664606268
7161,16161,Medium,Medium,0.034468155513728345,0.03301268605930605,0.9325191584269655
38781,47781,Medium,Medium,0.03257481748964076,0.03233479358598391,0.9350903889243755
28834,37834,Medium,Medium,0.03635892479782981,0.033010622398361805,0.9306304528038084
10521,19521,Medium,Medium,0.03139047531862001,0.030244279196970304,0.9383652454844097
17555,26555,High,High,0.9316926753869731,0.02807871361329453,0.04022861099973237
38463,47463,Medium,Medium,0.032985349143547955,0.03759234626867037,0.9294223045877817
28014,37014,High,High,0.9237867310446779,0.03463052818267471,0.041582740772647404
5308,14308,Medium,Medium,0.034344106998412643,0.03023591304069732,0.9354199799608901
20182,29182,High,High,0.8795910388753909,0.07051389136134645,0.04989506976326263
5900,14900,Low,Low,0.029157875809771985,0.9255229014795807,0.04531922271064734
3190,12190,Low,Low,0.02915107272727142,0.9288015118877303,0.04204741538499826
18195,27195,Medium,Medium,0.03704704024543449,0.13137413570056763,0.8315788240539979
27901,36901,Low,Low,0.029805540051050638,0.9246320884896831,0.045562371459266254
28829,37829,Low,Medium,0.04242746838319148,0.03373195313728549,0.9238405784795232
12548,21548,Medium,Medium,0.03181718883816013,0.03513554867431273,0.9330472624875271
22020,31020,Medium,Medium,0.038958925734364956,0.032429530657074226,0.9286115436085609
31815,40815,Low,Low,0.033916821522880135,0.9249857495291591,0.04109742894796082
5029,14029,Medium,Medium,0.03270696590946203,0.03446166847197518,0.9328313656185627
3200,12200,High,High,0.9233432912323032,0.03395681041240609,0.04269989835529081
24973,33973,Low,Low,0.028901460091468045,0.9313257357166213,0.03977280419191076
16950,25950,Medium,Medium,0.040257836617910575,0.028402981922433655,0.9313391814596558
3533,12533,Medium,Medium,0.048245466947067515,0.03688980933975573,0.9148647237131767
33501,42501,High,High,0.920515848280074,0.03164434443766173,0.047839807282264245
21391,30391,High,High,0.9316751126912134,0.028042805146912445,0.04028208216187424
5194,14194,High,High,0.9234464385474669,0.032237629960639405,0.044315931491893834
24567,33567,High,Medium,0.033057448900208876,0.032248463030868806,0.9346940880689223
24853,33853,High,High,0.9323861882113168,0.028198508535905182,0.039415303252778096
30926,39926,High,High,0.9183838133271314,0.04073107753039091,0.04088510914247772
34472,43472,Medium,Medium,0.0342394611465463,0.034366054549689176,0.9313944843037646
39324,48324,Low,High,0.925710056490476,0.032892824512424784,0.041397118997099164
19991,28991,High,High,0.9320814367816195,0.027835147278606948,0.04008341593977361
21262,30262,Medium,Medium,0.032414724731411784,0.032170072792257746,0.9354152024763304
19820,28820,Medium,Medium,0.034079713946267305,0.02928308535770997,0.9366372006960226
20625,29625,High,High,0.9311727994542763,0.028855862250772173,0.039971338294951496
21173,30173,High,High,0.9303050159470251,0.029775566023866246,0.039919418029108596
20834,29834,Low,Low,0.03253312249324659,0.9159896738864338,0.05147720362031969
36939,45939,Medium,Medium,0.04039714187066689,0.029114955338955584,0.9304879027903775
39957,48957,High,High,0.9319342934797605,0.028407354487172354,0.03965835203306712
16476,25476,Medium,Low,0.03426417025996757,0.550376660615914,0.41535916912411847
28294,37294,Low,Low,0.028592011720344892,0.932106356048509,0.03930163223114622
7337,16337,Low,Low,0.029396316460979732,0.9292905900349097,0.04131309350411072
25673,34673,High,High,0.9301174504015207,0.029880020667445207,0.04000252893103413
39836,48836,High,High,0.9292986533181494,0.030379550181784686,0.04032179650006604
31266,40266,Low,Low,0.032995342344719666,0.9167364604694752,0.0502681971858052
19993,28993,High,Low,0.028653876827901385,0.9319096727333033,0.03943645043879546
21887,30887,Medium,Medium,0.03248522874450815,0.0320029354000463,0.9355118358554456
37863,46863,High,High,0.9291840316589278,0.029998301371683134,0.04081766696938904
38884,47884,Low,Low,0.03577496677580387,0.9207833241865634,0.043441709037632704
9157,18157,Medium,High,0.8884769731265507,0.033768430147273015,0.07775459672617631
14186,23186,Low,Low,0.02991749391134232,0.9270361922519693,0.04304631383668828
10396,19396,Low,Low,0.029359763115433316,0.9285432742849772,0.04209696259958947
28429,37429,Medium,Medium,0.04073801772100214,0.1610503218638841,0.7982116604151138
10645,19645,Medium,Medium,0.02971923899389896,0.028154607409682255,0.9421261535964188
36084,45084,Medium,Medium,0.03019816786959452,0.030753565400286096,0.9390482667301194
29811,38811,Low,Low,0.02997906294539754,0.9269801892449099,0.04304074780969258
34215,43215,High,High,0.9330455129632478,0.02760035091008911,0.03935413612666306
38346,47346,Low,Low,0.03062848160194961,0.9265409138504476,0.042830604547602714
19682,28682,Medium,Medium,0.030931065927027015,0.030077036830461912,0.9389918972425111
25378,34378,Medium,Medium,0.030473127457992372,0.02963507327042218,0.9398917992715855
36694,45694,High,High,0.9299151374044877,0.029510857924223418,0.040574004671288806
18177,27177,Medium,Medium,0.03029273543652743,0.03493629614307515,0.9347709684203975
17350,26350,High,High,0.928409977025657,0.028622841368447696,0.04296718160589532
26026,35026,Low,Low,0.03256926892560889,0.9271210731831182,0.04030965789127289
17686,26686,High,High,0.9317701046808359,0.02844739937713199,0.039782495942032044
12647,21647,Low,Low,0.03128778166868748,0.9277240491160771,0.04098816921523538
17988,26988,Low,Low,0.04879670017515777,0.6971905435470735,0.25401275627776876
990,9990,Medium,Medium,0.036956401396161215,0.029718401395664836,0.9333251972081739
38435,47435,Medium,Medium,0.03195019801704874,0.034363429390526334,0.933686372592425
22196,31196,Medium,Low,0.034348882353915845,0.8519882809907132,0.11366283665537093
21773,30773,High,High,0.9313902152363897,0.029476486530475302,0.03913329823313504
13557,22557,High,High,0.921403193178766,0.031216699077235607,0.04738010774399834
13118,22118,Medium,Medium,0.029929781729924138,0.02899722135686537,0.9410729969132104
14812,23812,Medium,Medium,0.031977885698782425,0.02969715029993884,0.9383249640012788
22687,31687,Low,Medium,0.03970138282164914,0.035948728075728166,0.9243498891026226
19262,28262,Medium,Low,0.03557485053181906,0.491824702175821,0.47260044729235995
11311,20311,Medium,Medium,0.030697313449486664,0.04955909211349626,0.919743594437017
37813,46813,Medium,Medium,0.04040198687131647,0.0394761525536461,0.9201218605750374
17589,26589,Medium,Low,0.02879060408540561,0.930604318373084,0.04060507754151047
28709,37709,Medium,Low,0.03484414022006662,0.6063312660945992,0.3588245936853342
39883,48883,Low,Low,0.03230994532583858,0.919946373157385,0.047743681516776305
6573,15573,Medium,Medium,0.03309670659036385,0.03510700410052018,0.931796289309116
19037,28037,Low,Low,0.032403799595122525,0.8650035690515326,0.1025926313533449
19721,28721,Low,Low,0.03652233207133749,0.8274017102888084,0.1360759576398541
4514,13514,High,High,0.9186862872614935,0.03438395445790943,0.04692975828059711
6481,15481,Low,Low,0.02960096109126641,0.9301985239497,0.04020051495903363
25609,34609,Medium,Low,0.028953956162699367,0.9299475150562383,0.04109852878106237
31747,40747,Medium,Medium,0.08187490894898726,0.07432551782140732,0.8437995732296054
27727,36727,Low,Low,0.028898624482199955,0.9289029529849943,0.04219842253280592
10825,19825,Low,Low,0.03264690692769069,0.9265977555226098,0.04075533754969962
30666,39666,High,High,0.9294641723222566,0.029444808333819263,0.041091019343924014
12026,21026,Low,Low,0.02855377827001512,0.9321238469503901,0.03932237477959482
35338,44338,Low,Low,0.031675196173181895,0.9251528342542882,0.04317196957252994
6737,15737,Medium,Medium,0.03378304387909661,0.030863497649049363,0.935353458471854
35182,44182,Low,Low,0.030954601673599213,0.9288528636567256,0.04019253466967524
5019,14019,Low,Low,0.029492817924097404,0.9309866996232513,0.0395204824526511
13086,22086,Low,Low,0.028752953844366314,0.9301761371114248,0.041070909044209035
20238,29238,Low,Low,0.0340815101283928,0.9260112990287483,0.03990719084285877
2806,11806,High,High,0.9258110795676622,0.0319400955443388,0.04224882488799911
39647,48647,Low,Low,0.029653323216141652,0.9300753204972261,0.04027135628663228
13116,22116,Medium,Medium,0.033778732979828203,0.07117103770878778,0.8950502293113841
11061,20061,Medium,Medium,0.04181484130536525,0.0768769915734646,0.8813081671211701
14986,23986,Low,Low,0.02919592064114421,0.9293996391469298,0.041404440211925984
4828,13828,Low,Low,0.03032231806912379,0.9224551392671726,0.047222542663703605
5868,14868,Medium,Medium,0.029683202669689393,0.030206982596414755,0.940109814733896
22665,31665,High,High,0.9293665723341381,0.029870048913659242,0.040763378752202734
26502,35502,Medium,Medium,0.03265188710867021,0.03019093665423879,0.937157176237091
516,9516,Medium,Medium,0.029929098747284583,0.028160745616302784,0.9419101556364127
1378,10378,Medium,Low,0.029573756120639838,0.9309594014616699,0.03946684241769032
4117,13117,Medium,Medium,0.03329655445626835,0.07191782289356771,0.8947856226501639
2787,11787,Low,Low,0.04709608692543937,0.9108181948896129,0.04208571818494766
11934,20934,Medium,Medium,0.0418153485641222,0.05012990704917882,0.9080547443866992
23614,32614,Low,Low,0.02885633511730883,0.9319437768070417,0.03919988807564951
23098,32098,Low,Low,0.0337474165450008,0.9215516567647787,0.04470092669022052
39970,48970,Medium,Low,0.03379837303100105,0.5730206644466977,0.3931809625223013
24053,33053,High,High,0.9278942487706899,0.030135553809961902,0.04197019741934823
9768,18768,Medium,Medium,0.0291659445065582,0.02808272504698643,0.9427513304464554
34149,43149,Medium,Medium,0.049747578546610945,0.03500306766793163,0.9152493537854575
16320,25320,High,High,0.9323972723295206,0.02800626469812716,0.03959646297235225
15372,24372,Low,Low,0.03346006861485664,0.9251091599335197,0.04143077145162358
29483,38483,Medium,Medium,0.029529539976141456,0.03297286838467448,0.937497591639184
20793,29793,High,High,0.928894487199213,0.030446155858624164,0.040659356942162966
22219,31219,Medium,Medium,0.03202800090849343,0.03201977946731138,0.9359522196241952
21251,30251,Medium,High,0.9299126282376803,0.029347874859049567,0.040739496903270195
39171,48171,Low,Low,0.029898313388414244,0.9213167392817877,0.04878494732979799
13113,22113,Medium,Medium,0.02960530926036532,0.030427489561753798,0.9399672011778809
12446,21446,Medium,Medium,0.02871124273102098,0.029308001369138026,0.941980755899841
11561,20561,Medium,Medium,0.03146257114767919,0.03403682537833564,0.9345006034739852
24546,33546,High,High,0.9309491009060403,0.02835880830910949,0.04069209078485012
22985,31985,High,High,0.9290949442752187,0.031098084923983724,0.03980697080079768
22814,31814,Medium,Medium,0.03980966057035703,0.029574933742280495,0.9306154056873625
18930,27930,High,High,0.9222054862401734,0.033188066525396076,0.044606447234430406
13720,22720,Low,Low,0.029956603478016073,0.9297892162560424,0.040254180265941575
31500,40500,Medium,Medium,0.031064200948128617,0.030258181128775066,0.9386776179230963
10903,19903,Medium,Medium,0.030529888722705567,0.03044596606943277,0.9390241452078616
27723,36723,Medium,Medium,0.15425310874373843,0.038426444621128604,0.807320446635133
4160,13160,Medium,Medium,0.03653528942778611,0.255439021817044,0.7080256887551699
20195,29195,Low,Low,0.03129523338395341,0.8791972926177261,0.0895074739983205
25467,34467,Low,Low,0.034895182912151185,0.8894720079831991,0.07563280910464958
12182,21182,Low,Low,0.029897752555523165,0.9283944325597794,0.041707814884697526
6381,15381,Medium,Medium,0.04174286650677747,0.03079806946078779,0.9274590640324347
6609,15609,High,High,0.9333030459256739,0.02782388016389552,0.03887307391043057
38045,47045,Medium,Medium,0.0331386058375763,0.03189399404878557,0.9349674001136381
31570,40570,Medium,Medium,0.28575487642376085,0.03703073726692004,0.6772143863093191
3647,12647,High,High,0.9301823074186353,0.029979621250115763,0.03983807133124894
11784,20784,High,High,0.9260235515053447,0.029790317810834827,0.0441861306838206
12050,21050,Medium,Medium,0.03307767851112513,0.041416141370128896,0.9255061801187461
22205,31205,Medium,Medium,0.03336868362021498,0.03370872241869438,0.9329225939610907
8744,17744,High,High,0.9316010842615,0.028402019559790968,0.0399968961787091
23166,32166,Low,Low,0.031113550898625875,0.9268564485950356,0.042030000506338545
4999,13999,Medium,Medium,0.030601702167291397,0.028999225812031282,0.9403990720206773
12704,21704,Low,Low,0.03185969343878576,0.9237082984356689,0.04443200812554518
1896,10896,Medium,Medium,0.03016427458021161,0.030907604769804874,0.9389281206499835
34367,43367,Low,Low,0.029421706796732946,0.9309168984736886,0.03966139472957839
8822,17822,Low,Low,0.030680440944805768,0.9166078932938952,0.05271166576129899
9031,18031,Low,Low,0.032941510419626174,0.9253702861844463,0.041688203395927666
20441,29441,Medium,Medium,0.029807452703542608,0.04058978840646625,0.9296027588899912
5335,14335,Medium,Medium,0.044818161040863114,0.055747046682462435,0.8994347922766744
945,9945,Medium,Medium,0.029759290112701325,0.02887839265440348,0.9413623172328952
39844,48844,Medium,Medium,0.03356892711430798,0.03152186396853565,0.9349092089171563
5289,14289,High,High,0.9329358777791352,0.02787201910310191,0.03919210311776292
29213,38213,High,High,0.9306542538804186,0.029141537792896268,0.04020420832668526
25441,34441,Medium,Medium,0.03124537121591198,0.18043894839383423,0.7883156803902538
26029,35029,Medium,Medium,0.08077096614725504,0.030937138121520807,0.8882918957312241
15841,24841,Medium,Medium,0.030967526063908023,0.03054998538602059,0.9384824885500714
21191,30191,Medium,Medium,0.03735247496813169,0.054184511123298355,0.90846301390857
34542,43542,Medium,Medium,0.030687584026290463,0.03251322762102205,0.9367991883526875
20960,29960,High,High,0.9247727725286424,0.028758142150048686,0.04646908532130889
4831,13831,Medium,Medium,0.044934202633865154,0.030360649674436357,0.9247051476916986
21704,30704,High,High,0.9299788650433625,0.030381054359999122,0.03964008059663832
26255,35255,Medium,Medium,0.029614061393886337,0.03065531986951815,0.9397306187365956
13104,22104,High,High,0.9128567746481343,0.043608300953438324,0.043534924398427245
18120,27120,Medium,Medium,0.03124341959645821,0.03293284314758027,0.9358237372559616
32883,41883,Medium,Medium,0.041307592866709174,0.030494427786078474,0.9281979793472123
31040,40040,Low,Low,0.03069241449935689,0.9268999967754109,0.04240758872523218
13874,22874,Low,Low,0.031103030221120362,0.9278608128741629,0.04103615690471669
37701,46701,Low,Low,0.02901744029431913,0.9304509836660116,0.04053157603966936
35786,44786,Medium,Medium,0.04211153096745259,0.061201780248456274,0.8966866887840913
23627,32627,Low,Low,0.030656005666537024,0.9177968799657076,0.05154711436775531
5866,14866,Low,Low,0.02953767367231412,0.9283617068139506,0.0421006195137354
35305,44305,Medium,Medium,0.030746332483172573,0.030104995500623916,0.9391486720162036
12556,21556,Medium,Medium,0.032784445403857575,0.030864116708075078,0.9363514378880673
26194,35194,High,High,0.9309076058417189,0.028289804780473566,0.04080258937780746
31755,40755,Medium,Medium,0.053250422856153085,0.03388883951014162,0.9128607376337055
31199,40199,High,High,0.9214704897928594,0.02965625287187058,0.04887325733527
25892,34892,Medium,Medium,0.030713620224031707,0.02809651162681469,0.9411898681491536
3616,12616,Medium,Medium,0.036428831726699425,0.037085842349800155,0.9264853259235003
4615,13615,Low,Low,0.03452548387171773,0.5343233153930543,0.43115120073522806
13510,22510,High,High,0.9267203046892929,0.032219772571140615,0.04105992273956651
23364,32364,Low,Low,0.030992771577993437,0.92862693833026,0.0403802900917466
39407,48407,High,Medium,0.04254599690485755,0.030934020595998746,0.9265199824991437
36254,45254,Low,Low,0.030519643386008585,0.8320637514520435,0.1374166051619478
12757,21757,Low,Low,0.04063391348863531,0.910546922204751,0.04881916430661378
22959,31959,High,High,0.930575563638255,0.02957939112056013,0.039845045241184825
30401,39401,Medium,Medium,0.028883300007193757,0.028556756133647016,0.9425599438591593
7928,16928,Medium,Medium,0.03309932131229091,0.042083673119346056,0.9248170055683631
7637,16637,High,High,0.9321467313523438,0.028342264464141054,0.039511004183515185
3495,12495,Medium,Medium,0.03384414915801225,0.03689190054747093,0.9292639502945169
26273,35273,Medium,Medium,0.0444616438551747,0.03006372025510493,0.9254746358897203
26282,35282,High,High,0.8997931118722637,0.02887033912461262,0.07133654900312357
5503,14503,Low,Low,0.032850164947290754,0.9261741681519964,0.040975666900712866
29548,38548,Medium,Medium,0.03553150752803093,0.0412322071914408,0.9232362852805283
8671,17671,Medium,Medium,0.031036374031321576,0.030466640872165145,0.9384969850965134
19292,28292,High,High,0.9301281740588209,0.02952916067559165,0.040342665265587496
27995,36995,High,High,0.9314755895067672,0.028868642639661383,0.03965576785357125
2554,11554,Medium,Medium,0.03129634016143253,0.21273478177894858,0.7559688780596189
36724,45724,Medium,Medium,0.08104762686600045,0.03195485690648036,0.8869975162275191
18295,27295,High,High,0.933002045424468,0.02781563389637859,0.039182320679153594
12818,21818,Medium,Medium,0.03833273025636183,0.03402367916175201,0.9276435905818863
16369,25369,Low,Low,0.0354195199046255,0.9243202402130599,0.04026023988231451
13522,22522,Medium,Medium,0.03716439908211224,0.04658812296647801,0.9162474779514098
33184,42184,Low,Low,0.02948057900136156,0.929921524484533,0.040597896514105246
23153,32153,Low,Low,0.0293139060553729,0.9306354790526571,0.04005061489197006
8475,17475,Low,Low,0.03296797030017094,0.893357777287775,0.07367425241205404
18569,27569,Low,Medium,0.03311476151265869,0.03427298883222218,0.9326122496551191
9169,18169,Low,Low,0.029504794050908487,0.9307589335603673,0.03973627238872409
12023,21023,Medium,High,0.8423651138646938,0.03423578459128153,0.12339910154402467
21676,30676,High,High,0.9283171921988697,0.03143767156282484,0.04024513623830538
7935,16935,Medium,Medium,0.034849804431134064,0.2633527344960909,0.7017974610727751
16244,25244,High,High,0.9310453048681689,0.028978980624522005,0.0399757145073092
15491,24491,Medium,Medium,0.028953992569398217,0.03611442235774733,0.9349315850728545
35465,44465,Low,Low,0.03066637748805015,0.9252964779623148,0.04403714454963506
38639,47639,High,Medium,0.03523012553494997,0.03674284954091728,0.9280270249241328
22565,31565,Medium,Medium,0.03708707304103397,0.03265090449923649,0.9302620224597294
16225,25225,Low,Low,0.029898298936354,0.930201145400276,0.03990055566337006
36916,45916,Low,Low,0.029372160201743824,0.9303323127445173,0.0402955270537389
4111,13111,High,High,0.9280949540086313,0.030997947948212368,0.04090709804315649
31240,40240,Medium,Medium,0.029570845184899996,0.028618729530825383,0.9418104252842746
26022,35022,High,Low,0.03213623831906054,0.9244927801404647,0.04337098154047481
27582,36582,Medium,Medium,0.035277808518402225,0.03594915472294947,0.9287730367586483
33573,42573,Medium,Medium,0.03139424083894051,0.04033911025584865,0.9282666489052108
36662,45662,High,High,0.930091480867445,0.02959100644657674,0.0403175126859783
14189,23189,Low,Low,0.032998805137927405,0.6496048300577226,0.3173963648043499
20697,29697,Medium,Medium,0.03780407970888026,0.031175332804285628,0.931020587486834
19999,28999,Medium,Medium,0.029753214572646482,0.03257413382291869,0.9376726516044348
5785,14785,Low,Low,0.029986071631360103,0.9298254652621839,0.040188463106456025
20784,29784,High,High,0.9312013834726152,0.028782520974583684,0.04001609555280112
123,9123,Medium,Medium,0.030458411879011927,0.029676363795480217,0.939865224325508
31161,40161,Medium,Medium,0.03323278663871845,0.03244769498534541,0.934319518375936
30472,39472,Medium,Medium,0.03190537890123793,0.03409009393321611,0.934004527165546
34393,43393,Low,Low,0.029138363067563663,0.9295618627745937,0.0412997741578426
2861,11861,Medium,Medium,0.029426250859237658,0.028604615952715517,0.941969133188047
24761,33761,Low,Low,0.03133161219206612,0.9208416171061823,0.04782677070175173
4489,13489,Low,Low,0.03236475132413507,0.917799212841039,0.049836035834825786
9321,18321,Medium,Medium,0.029460414456097445,0.02857815689789696,0.9419614286460057
9603,18603,Medium,Medium,0.029625714906887358,0.02994863143865184,0.940425653654461
21089,30089,Medium,Medium,0.03213892347453107,0.02868313540651594,0.939177941118953
32565,41565,Medium,Medium,0.08737543096081153,0.030091809331406132,0.8825327597077823
23292,32292,High,High,0.9329782785060982,0.027788926338172995,0.03923279515572874
14663,23663,Medium,Medium,0.04161125640675949,0.031482928690910156,0.9269058149023303
8034,17034,Low,Medium,0.032263210398176055,0.03689438397390745,0.9308424056279164
18205,27205,Medium,Medium,0.030110358720886594,0.03059531425617513,0.9392943270229384
3326,12326,High,High,0.9204312773656808,0.029926927271611285,0.049641795362708074
13397,22397,Low,Low,0.03274802996849401,0.9234642554283942,0.04378771460311185
22759,31759,Medium,Medium,0.030504695635829877,0.030336200923659563,0.9391591034405106
34760,43760,Medium,Medium,0.028841756378521443,0.028054120295987167,0.9431041233254914
18451,27451,Medium,Medium,0.052453519157324026,0.03169706945433484,0.9158494113883412
30653,39653,Low,Low,0.02972704102738016,0.9304016355300048,0.03987132344261524
4641,13641,Medium,Medium,0.030625232759195025,0.030119749210426067,0.9392550180303788
6880,15880,Low,Low,0.029421081986949416,0.9303528708051468,0.04022604720790365
29400,38400,High,High,0.9205885529834341,0.030455716699227208,0.048955730317338686
3877,12877,Medium,Medium,0.031014377958844448,0.033381129409813914,0.9356044926313416
18414,27414,High,High,0.933066415080947,0.0279231745699082,0.03901041034914493
1182,10182,High,High,0.9213046592535378,0.03224734088641871,0.04644799986004349
5892,14892,Medium,Medium,0.031021333997311402,0.030115706681394613,0.9388629593212939
39684,48684,High,High,0.9312105535670344,0.028022664722747715,0.04076678171021782
16659,25659,High,High,0.9301304298669786,0.028343814155987208,0.04152575597703422
17240,26240,Medium,Medium,0.051375532548110586,0.03633248948111095,0.9122919779707784
24234,33234,High,High,0.9288357985293215,0.030313144384556862,0.040851057086121655
10110,19110,High,Low,0.029947662294336593,0.9302334965366906,0.03981884116897283
22826,31826,Medium,Medium,0.03919542020917124,0.05416992667203058,0.9066346531187982
15828,24828,Low,Low,0.030733203026786088,0.924201171397457,0.04506562557575693
30425,39425,Low,Low,0.030600100958851014,0.9252557344594274,0.04414416458172151
24950,33950,Medium,Medium,0.03860822282656931,0.032478496871297224,0.9289132803021335
39155,48155,Medium,Medium,0.032362567583531156,0.030478358425062593,0.9371590739914062
11263,20263,High,High,0.9224007776929805,0.031001403245873378,0.04659781906114605
36654,45654,Medium,Medium,0.031637694405216306,0.04533828937123707,0.9230240162235465
22143,31143,Low,Low,0.03084821496315412,0.9283332550398655,0.040818529996980296
9527,18527,High,High,0.9277645626035419,0.0297046042642343,0.04253083313222387
33937,42937,Medium,Medium,0.03192123841722024,0.03668201588423156,0.9313967456985481
19904,28904,Low,Low,0.029672015341427674,0.9244825270869189,0.04584545757165329
2462,11462,Low,Low,0.029231692384802055,0.9180147557511065,0.052753551864091475
27107,36107,Medium,Medium,0.032900406731218614,0.03299602053910236,0.9341035727296791
34202,43202,Medium,Medium,0.048190359483429146,0.0338877497235246,0.9179218907930462
35099,44099,Low,Low,0.03095217952464314,0.9245660615377475,0.04448175893760937
17688,26688,Medium,Medium,0.03850278726005698,0.0343135446451151,0.9271836680948279
44,9044,High,High,0.9306509233387336,0.02912591695864411,0.04022315970262235
18324,27324,Medium,Medium,0.0317227846485875,0.041465587102144146,0.9268116282492683
6523,15523,Low,Low,0.029601747457156852,0.9311075675027071,0.039290685040136115
19824,28824,High,High,0.9314474652140929,0.028930041881209307,0.039622492904697625
25258,34258,High,High,0.8297194335997214,0.03844704420018465,0.1318335222000939
11707,20707,Low,Low,0.02957683045120522,0.9151861414461334,0.055237028102661345
11854,20854,Medium,Medium,0.03702138547533835,0.03441001733972974,0.928568597184932
3506,12506,Medium,Medium,0.031637586141387196,0.03120341129369013,0.9371590025649227
37014,46014,High,High,0.9246751391648783,0.03494177180660576,0.040383089028515964
31784,40784,Medium,Medium,0.030399159429182022,0.02977165722729147,0.9398291833435265
32068,41068,Low,Low,0.029547858905323462,0.9278932647494024,0.04255887634527416
27158,36158,Low,Low,0.029933706478021824,0.9287994151449604,0.04126687837701763
401,9401,Low,Low,0.030747641226311597,0.9292023743141553,0.04004998445953307
5675,14675,Medium,Medium,0.03054529517829893,0.029062687772270307,0.9403920170494308
31023,40023,High,High,0.9303606310143077,0.029242406435569485,0.04039696255012289
3286,12286,Low,Low,0.028968423951532735,0.931373107189225,0.039658468859242284
23462,32462,Medium,Medium,0.03427173365698929,0.08444894820523337,0.8812793181377773
17172,26172,Medium,Medium,0.032947193506556754,0.030664060298114054,0.9363887461953292
10770,19770,Medium,Medium,0.0334477142142395,0.03362367530879628,0.9329286104769642
37995,46995,High,High,0.9307232560843103,0.029241625865738363,0.04003511804995134
22017,31017,Medium,Medium,0.03872643154942626,0.04862577829642122,0.9126477901541525
25616,34616,Medium,High,0.932014326722243,0.02833757795324154,0.039648095324515416
33414,42414,Medium,Medium,0.03186496139498859,0.030953637839828536,0.937181400765183
12122,21122,Low,Low,0.038239382739327005,0.9113257538827396,0.0504348633779334
23335,32335,Medium,Medium,0.036189061407270025,0.04018186434752525,0.9236290742452048
4209,13209,Medium,Medium,0.10014532788746859,0.03535883785551113,0.8644958342570203
23230,32230,High,High,0.9290392701422489,0.029234325036762435,0.04172640482098874
27631,36631,Medium,Medium,0.03364278291280793,0.047478476275249405,0.9188787408119427
16623,25623,Low,Low,0.03943415759472388,0.9182787112870191,0.04228713111825699
29923,38923,Medium,Medium,0.029146865295146443,0.029679510183276803,0.9411736245215767
8825,17825,Medium,Medium,0.035611518994213325,0.032459959521202404,0.9319285214845842
37595,46595,Medium,Medium,0.035753957217454384,0.05653978689150599,0.9077062558910396
28775,37775,Medium,Medium,0.030004545093150276,0.02931553621278919,0.9406799186940605
31728,40728,Medium,Medium,0.0992322183913994,0.03217138317353587,0.8685963984350646
22152,31152,Medium,Medium,0.029259544963110656,0.034590466879813306,0.9361499881570761
6594,15594,High,High,0.9310701020616539,0.028200222655743085,0.040729675282603024
2520,11520,High,High,0.9293706016973592,0.02990763726526377,0.04072176103737711
18936,27936,High,High,0.9316276725429508,0.0290839709405601,0.03928835651648929
37270,46270,Low,Low,0.029221215349077113,0.9288254151978971,0.04195336945302582
7889,16889,Medium,Medium,0.03201655476548644,0.030332413068103015,0.9376510321664105
8641,17641,Low,High,0.923855656194895,0.03441908704909133,0.041725256756013816
20997,29997,Medium,Medium,0.03309067446445426,0.03684635017185076,0.9300629753636951
12592,21592,Low,Low,0.040013260645752974,0.9191502617200595,0.0408364776341875
20606,29606,Medium,Medium,0.03347572539094982,0.034803023300841514,0.9317212513082086
23613,32613,Medium,Medium,0.03911136105609556,0.24323892688800977,0.7176497120558946
33440,42440,Low,Low,0.031798538873163425,0.9268484000072243,0.04135306111961216
35910,44910,Medium,Medium,0.029759009247800495,0.04392662101505627,0.9263143697371432
21000,30000,High,Medium,0.03398304716483442,0.034037843611339935,0.9319791092238257
25418,34418,Medium,Medium,0.032247714398588125,0.03239736811846142,0.9353549174829504
26640,35640,High,High,0.9233732215824104,0.03195194574989219,0.044674832667697416
9760,18760,Low,Medium,0.03098022863186008,0.03158746710425921,0.9374323042638807
6648,15648,Low,Low,0.028708772359276435,0.9312614971045159,0.04002973053620753
33117,42117,Medium,High,0.9313644971714994,0.02923756012822234,0.03939794270027827
19148,28148,Medium,Medium,0.03403957840539543,0.03159641018690078,0.9343640114077038
19178,28178,Low,Medium,0.03099264015423366,0.03173239308244555,0.9372749667633208
6428,15428,High,Medium,0.030035443987785442,0.03150235249363074,0.9384622035185838
33346,42346,Low,Low,0.029019649407563866,0.9307048314555796,0.040275519136856425
619,9619,Medium,Medium,0.03526584475144637,0.03866114242882824,0.9260730128197254
37389,46389,Medium,Medium,0.03379271755816373,0.03167120823643588,0.9345360742054004
24554,33554,Medium,Medium,0.03442700356675495,0.033943922008538206,0.9316290744247068
20494,29494,Medium,Medium,0.03219401337335067,0.030073495795697163,0.9377324908309522
14648,23648,Low,Low,0.029692435901456826,0.9304255933470111,0.03988197075153205
39576,48576,High,High,0.9262548586269008,0.032872381720431394,0.04087275965266777
20638,29638,High,High,0.9308856574979504,0.028750378942548716,0.04036396355950093
36212,45212,Medium,Medium,0.032228058355487275,0.030788486749482993,0.9369834548950298
16023,25023,Medium,Medium,0.03061103201501503,0.029842214831384273,0.9395467531536007
31087,40087,Medium,Medium,0.032329059853088565,0.03325415080145245,0.9344167893454589
1062,10062,High,Medium,0.031236876279053204,0.03837624627090952,0.9303868774500373
24405,33405,Medium,Medium,0.029157783381895966,0.030070207085897877,0.9407720095322062
18790,27790,Medium,Medium,0.02997958292425877,0.029323379346611944,0.9406970377291293
23152,32152,Medium,Medium,0.04301777603087248,0.034915672613185976,0.9220665513559415
6676,15676,High,High,0.9247088278090067,0.0291204544654244,0.046170717725568716
5006,14006,High,High,0.911305120837074,0.031150110743552506,0.05754476841937348
24588,33588,Medium,Medium,0.03012112131380842,0.029947523845158214,0.9399313548410334
8348,17348,Medium,Medium,0.03259818312536347,0.034503889970719716,0.9328979269039168
10418,19418,Medium,Medium,0.03256962225670518,0.032920081369932484,0.9345102963733624
29373,38373,Low,Low,0.03897140301621432,0.9188052232159878,0.04222337376779787
5253,14253,High,High,0.9282670032422597,0.030757299359471014,0.04097569739826926
8287,17287,High,Low,0.03568952091651494,0.9202573625350275,0.04405311654845754
27632,36632,Medium,Medium,0.121371414315764,0.03890281830669299,0.839725767377543
39611,48611,Low,Low,0.0327177995727772,0.9268719903434827,0.040410210083740156
14771,23771,Medium,Medium,0.02903459812363751,0.028501659706968066,0.9424637421693944
24297,33297,Medium,Medium,0.03373607993123718,0.0304292303811918,0.935834689687571
29682,38682,Medium,Medium,0.032751346195104974,0.03290503176337461,0.9343436220415205
8944,17944,Low,Low,0.030288266899319276,0.9271146358753027,0.04259709722537802
31077,40077,Medium,Medium,0.03161238762341929,0.030870515605183255,0.9375170967713974
1108,10108,Medium,Medium,0.03499596227625318,0.03189992869391832,0.9331041090298285
20924,29924,High,High,0.9310203108801257,0.02920531583212133,0.03977437328775297
10951,19951,Medium,Medium,0.030410990223060607,0.029847563351658436,0.9397414464252809
37906,46906,Low,Low,0.0471439111977767,0.9066822306274492,0.04617385817477409
26770,35770,Low,Low,0.03052501532912984,0.911295222426565,0.05817976224430529
21049,30049,Low,Low,0.03169281089022514,0.8928709869643984,0.07543620214537648
39930,48930,High,High,0.9295536652242165,0.02871097245783713,0.04173536231794644
38543,47543,Low,Low,0.030305053994513515,0.9248755992932001,0.04481934671228637
11896,20896,High,Low,0.03049054562661414,0.9281900215709614,0.041319432802424345
14450,23450,Medium,Medium,0.029389944810623504,0.03468443281577658,0.9359256223736
38066,47066,Medium,Medium,0.03718265219383018,0.028594822654683147,0.9342225251514865
11908,20908,Low,Low,0.04128774212184966,0.9172596621374524,0.04145259574069812
18840,27840,High,High,0.9310568307041335,0.028089473281475746,0.04085369601439076
39469,48469,High,High,0.9258081369034489,0.03043053634931291,0.04376132674723834
25656,34656,High,High,0.9256474710455672,0.031337198302551085,0.04301533065188163
20011,29011,Medium,Medium,0.031571982068342296,0.033975457208589833,0.9344525607230679
19172,28172,High,High,0.9257387302461365,0.031036154367526214,0.04322511538633724
8142,17142,Medium,Medium,0.033864882542335904,0.028804567171087304,0.9373305502865769
32292,41292,High,High,0.9286337240928805,0.03077009963931063,0.04059617626780881
4259,13259,Medium,Medium,0.04234875195328758,0.03040448062916525,0.9272467674175471
9419,18419,High,High,0.929089353905357,0.03034913982801977,0.0405615062666232
31248,40248,Medium,Medium,0.03154002572429824,0.030082479881107026,0.9383774943945947
3111,12111,Medium,Medium,0.03429170930391681,0.027776041988351402,0.9379322487077317
35662,44662,Low,Low,0.031081504904776472,0.9258616508626645,0.04305684423255917
29577,38577,Medium,Medium,0.030486671262349108,0.03950533536575095,0.9300079933718998
37723,46723,Low,Low,0.02929480982813516,0.9307514584525758,0.03995373171928898
28213,37213,Low,Low,0.03046040852740183,0.926378335472966,0.04316125599963209
16130,25130,Low,Medium,0.0359100119688917,0.2540247516423995,0.7100652363887088
38069,47069,Medium,Medium,0.029728258959896326,0.0847898656369715,0.8854818754031322
24913,33913,Low,Low,0.029464330595972605,0.9299537656882979,0.04058190371572943
34077,43077,High,High,0.9262916892766909,0.029089490764727888,0.044618819958581114
28430,37430,Medium,Medium,0.03347133395949189,0.031808073690484544,0.9347205923500236
26651,35651,High,High,0.9261658799275011,0.029447033098313005,0.04438708697418587
1375,10375,Medium,Medium,0.031088455260721865,0.037134285266993,0.9317772594722852
7437,16437,Medium,Medium,0.03212717221444093,0.030121036956542183,0.9377517908290169
37316,46316,Low,Low,0.02945475936824742,0.9299634934949949,0.04058174713675783
234,9234,Medium,Medium,0.03678699372304455,0.042884742367688085,0.9203282639092674
32536,41536,Medium,Medium,0.029496019612577456,0.030171726693865458,0.9403322536935571
39952,48952,Medium,Medium,0.0332384272561087,0.03941356926965487,0.9273480034742364
20867,29867,Medium,Medium,0.05629722349756371,0.047063646744560116,0.8966391297578761
26112,35112,Medium,Medium,0.04172632198048768,0.030003404446853413,0.9282702735726588
34113,43113,High,High,0.9324853322925538,0.028285758452154166,0.03922890925529194
30613,39613,Medium,Medium,0.03732591008527965,0.030467040293931876,0.9322070496207885
2083,11083,Medium,Medium,0.03360561318647668,0.04851211331635701,0.9178822734971663
21581,30581,Medium,Medium,0.03749423295866154,0.032606925195128776,0.9298988418462097
16042,25042,Medium,Low,0.04186194973214999,0.4957468203551106,0.46239122991273945
661,9661,Medium,Medium,0.03236868957775935,0.03211242673150599,0.9355188836907345
4277,13277,Low,Low,0.03167320622893501,0.925953424760802,0.04237336901026307
28785,37785,High,High,0.9240960840737623,0.03589480915734119,0.04000910676889651
6943,15943,Medium,Medium,0.03305445108212291,0.03747596293997805,0.9294695859778989
37409,46409,Low,Low,0.028892560337498516,0.9305934150596359,0.04051402460286572
25390,34390,Low,Low,0.03171376964800945,0.8165654517118637,0.1517207786401268
30551,39551,High,High,0.9294943723752273,0.03055189402039374,0.03995373360437888
11203,20203,Low,Low,0.029089042247924312,0.9307560079001583,0.0401549498519173
1652,10652,Medium,Medium,0.02973355367481338,0.030395222018314367,0.9398712243068723
10361,19361,Low,Low,0.029464910825520274,0.9295168677228517,0.041018221451627986
20787,29787,Medium,Medium,0.02888468707477372,0.027814253332915817,0.9433010595923105
21097,30097,Medium,Medium,0.039162763584093464,0.03125587633180051,0.929581360084106
17147,26147,Medium,High,0.9315860642222226,0.02863618078262591,0.03977775499515154
11427,20427,Low,Low,0.03981369267785664,0.9052093592655667,0.05497694805657671
37061,46061,Medium,Medium,0.034057878491566995,0.03575119936357917,0.9301909221448539
21698,30698,Medium,Medium,0.02996988297710843,0.029331507347667932,0.9406986096752236
25844,34844,Medium,Medium,0.032780594923756325,0.029058306728329916,0.9381610983479138
15161,24161,Medium,Medium,0.02951900203925258,0.0296180786697489,0.9408629192909985
34222,43222,Low,Low,0.03188622497587934,0.9211809526580518,0.0469328223660689
16388,25388,Medium,Medium,0.031145883144110525,0.030796157721453155,0.9380579591344363
7028,16028,High,High,0.9264880287667712,0.030489475908991457,0.043022495324237325
38701,47701,High,High,0.9295658458136972,0.02972975115670815,0.04070440302959468
8241,17241,High,High,0.9265913408207593,0.029542584456323604,0.043866074722917196
19020,28020,Low,Low,0.03491182070924651,0.9125563436366919,0.05253183565406155
16550,25550,Low,Low,0.029622361600166378,0.9242599225936526,0.04611771580618099
27838,36838,High,High,0.9304482324823035,0.029349273931115128,0.04020249358658129
39972,48972,Medium,Medium,0.03806332413818156,0.039902390605872286,0.9220342852559463
38740,47740,Low,Low,0.029847537974092984,0.9244556356061673,0.045696826419739676
1104,10104,Low,High,0.9269952226447046,0.030358347155889226,0.0426464301994063
15585,24585,Medium,Medium,0.032773264158587244,0.035930798216385604,0.931295937625027
1907,10907,High,High,0.9319135407430602,0.028628611664394652,0.039457847592545205
20702,29702,Low,Low,0.029468583225497908,0.930829438972772,0.03970197780173004
18148,27148,Low,Low,0.03047538341788326,0.9239081790685001,0.045616437513616624
33791,42791,Low,Low,0.02936464634673473,0.9311701992470288,0.03946515440623646
5661,14661,Low,Low,0.030102788755092518,0.92912869009698,0.040768521147927554
33239,42239,High,High,0.9327924252457852,0.027702169149614226,0.03950540560460063
26158,35158,Low,Low,0.03186960982989393,0.9223931326011771,0.04573725756892907
22647,31647,Medium,Medium,0.03262105026137313,0.03210783579987559,0.9352711139387514
26461,35461,Medium,Medium,0.03493162627975527,0.03428205841091738,0.9307863153093273
17217,26217,Medium,Medium,0.03967052404175015,0.04269801513365199,0.9176314608245978
37283,46283,High,High,0.9311452897541042,0.02861406045691739,0.040240649788978365
4991,13991,Low,Low,0.028733877022450626,0.921295682611563,0.049970440365986295
27377,36377,Low,Low,0.028692608599844568,0.9310636176621929,0.0402437737379625
15184,24184,Medium,Medium,0.031224372152170995,0.03168397601003712,0.937091651837792
20026,29026,Medium,Medium,0.034084027157655315,0.030116306693588158,0.9357996661487565
28374,37374,Low,Low,0.032109143715972406,0.9249379323691894,0.04295292391483805
32347,41347,Low,Low,0.02950119221493795,0.9304719359989132,0.04002687178614883
37019,46019,Low,Low,0.03111791878320745,0.9253280152710878,0.043554065945704774
20717,29717,High,High,0.9290041524183973,0.028073540202389363,0.04292230737921333
25360,34360,Medium,Medium,0.03362517146875663,0.03008454143670945,0.9362902870945339
33924,42924,High,High,0.931679360195329,0.028750926039394997,0.03956971376527595
18386,27386,Low,Low,0.03215969474756242,0.9246994845264641,0.04314082072597347
30580,39580,Medium,Medium,0.030941367939999975,0.02907339735931891,0.9399852347006812
10671,19671,High,High,0.9309421470388651,0.028675441463171632,0.04038241149796312
34532,43532,Medium,Medium,0.031159225936669175,0.03290224613095158,0.9359385279323792
17727,26727,Medium,Medium,0.03586246721186805,0.030702335805261615,0.9334351969828703
17839,26839,Medium,Medium,0.031775152775296724,0.03455415917323199,0.9336706880514712
35076,44076,Low,Low,0.028699006053022936,0.9311174077780476,0.04018358616892951
15340,24340,Low,Low,0.029570922321266558,0.9305931920347744,0.03983588564395899
31634,40634,Medium,Medium,0.03270866236051464,0.03932611298817303,0.9279652246513123
17044,26044,Low,Low,0.02959572911442075,0.9301368204067956,0.0402674504787835
26072,35072,Low,Medium,0.03974390753467364,0.04205250447921501,0.9182035879861113
2089,11089,Medium,Medium,0.0412596629509662,0.04664814399256096,0.9120921930564728
27543,36543,High,Medium,0.03526521550356881,0.035832515816239245,0.9289022686801919
9478,18478,Medium,Medium,0.0337044414580999,0.04461620622171356,0.9216793523201866
19908,28908,Medium,Medium,0.12073689876606464,0.034855363809865765,0.8444077374240697
32018,41018,High,High,0.9319001218761711,0.028651596103709192,0.03944828202011977
11005,20005,Medium,Medium,0.030500812011762187,0.02898652797791773,0.9405126600103202
29590,38590,Low,Low,0.03388025189006394,0.9139497925103938,0.05216995559954235
24362,33362,High,High,0.9327481037813005,0.028100370375976683,0.03915152584272293
27262,36262,High,High,0.9169790332346865,0.028971632995855073,0.05404933376945853
4815,13815,Medium,Medium,0.03421244457860779,0.033417215173439485,0.9323703402479527
39342,48342,Medium,Medium,0.03158019264327482,0.38724088830646436,0.5811789190502608
6884,15884,Low,Low,0.029851874727581457,0.9293101400999785,0.04083798517243997
16175,25175,High,High,0.9304770304820688,0.02931368168109365,0.0402092878368375
10463,19463,Medium,Medium,0.03015505173683214,0.03438332674989009,0.9354616215132777
7836,16836,High,High,0.931717688636089,0.028451204765315565,0.039831106598595595
38427,47427,Low,Low,0.030347084200048172,0.929460698069029,0.04019221773092281
23579,32579,Medium,Medium,0.03166021521101618,0.029709339053396833,0.938630445735587
29964,38964,High,High,0.9324419217128304,0.028507638850085486,0.03905043943708411
19266,28266,Medium,Medium,0.03375017013541211,0.04535573879421109,0.9208940910703768
20958,29958,Low,Low,0.030490795463689685,0.9292772301476476,0.04023197438866266
3162,12162,Low,Low,0.034249516520702405,0.842237942514848,0.1235125409644496
26145,35145,Low,Low,0.031039807227959404,0.928677233533968,0.040282959238072624
15530,24530,Medium,Medium,0.041893538494778115,0.06443993346487302,0.8936665280403489
13283,22283,High,High,0.9307889300851907,0.02780398528152031,0.04140708463328908
31215,40215,Low,Low,0.02916739774554548,0.9312866237898713,0.039545978464583346
29887,38887,Low,Low,0.02941254663445428,0.9270430200038513,0.04354443336169452
13901,22901,High,High,0.9295514917184763,0.029398612191863054,0.04104989608966049
32179,41179,Medium,Medium,0.07846104789741663,0.04090292935903168,0.8806360227435518
4158,13158,Low,Low,0.029802172186656446,0.927100634018016,0.043097193795327615
31326,40326,Low,Medium,0.029954340151191496,0.029217423700781776,0.9408282361480267
15068,24068,Low,Low,0.02982017302977467,0.9283131823385524,0.04186664463167286
27305,36305,Medium,Medium,0.03154548846104024,0.03283384264399284,0.9356206688949668
8444,17444,Low,Low,0.029630323119252937,0.9298573865250713,0.04051229035567577
4954,13954,High,High,0.9111894362244906,0.03795341330554248,0.05085715046996695
36096,45096,Medium,Medium,0.03271517652350647,0.030021508387089123,0.9372633150894044
38636,47636,Medium,Medium,0.03302628559508318,0.03915487136698919,0.9278188430379277
39236,48236,Low,Low,0.028908690339321388,0.9304839443827885,0.04060736527789012
34890,43890,Medium,Medium,0.029470124925098772,0.03368199758262284,0.9368478774922783
2779,11779,Medium,Medium,0.0335786187803489,0.028428710560870596,0.9379926706587804
39280,48280,Low,Low,0.028601323515244165,0.9319348114576896,0.03946386502706611
20597,29597,Medium,Medium,0.05164627792082166,0.031467523098056366,0.916886198981122
10977,19977,Low,Low,0.03181728849138727,0.928459295199208,0.039723416309404645
36619,45619,Medium,Medium,0.03279856631275888,0.040371727717712795,0.9268297059695283
25224,34224,Low,Low,0.029747435207442326,0.9274384105839638,0.04281415420859382
12848,21848,High,High,0.7673687062192339,0.03210089248889992,0.20053040129186617
34841,43841,Medium,High,0.9322294537836582,0.02828169563206501,0.039488850584276834
36233,45233,High,High,0.9302352513645973,0.027789586574423212,0.04197516206097956
24659,33659,Medium,Low,0.03140958493411641,0.9245629192746505,0.04402749579123306
23019,32019,Medium,Medium,0.03537664002203952,0.03499235315077718,0.9296310068271834
8359,17359,High,High,0.9175582356695201,0.041352080219659075,0.04108968411082083
1089,10089,Low,Low,0.037856772396665496,0.8730246081246534,0.08911861947868098
20099,29099,Medium,Medium,0.030921677040128815,0.04202355172504212,0.927054771234829
14566,23566,Medium,Medium,0.0317414082345536,0.03321286916678585,0.9350457225986606
12877,21877,Medium,Medium,0.03297892228814595,0.033428127627052655,0.9335929500848014
7612,16612,Medium,Medium,0.030334274083340256,0.031477464981367116,0.9381882609352926
31848,40848,Medium,Medium,0.034426670093234364,0.1578092667052627,0.807764063201503
39278,48278,Medium,Medium,0.03204927955214055,0.029107315960812997,0.9388434044870465
23265,32265,Low,Low,0.02926046378705673,0.93082840925133,0.039911126961613246
4466,13466,High,Medium,0.035421444448335455,0.03214652083808172,0.9324320347135829
1920,10920,Medium,Medium,0.21091526012877468,0.0478091092231663,0.741275630648059
15816,24816,Medium,Medium,0.03266480015943598,0.03642765086274958,0.9309075489778144
20931,29931,Medium,Medium,0.03063006934423883,0.03006815954327099,0.9393017711124901
39692,48692,Medium,Low,0.03193626370785504,0.9239879090525148,0.04407582723963024
39372,48372,Low,Low,0.029788061876223026,0.9291172713733035,0.04109466675047349
7246,16246,High,High,0.9161446091698214,0.04064560188760988,0.04320978894256871
11693,20693,Medium,High,0.9306079854453144,0.028481037505575752,0.04091097704910983
2398,11398,Medium,Medium,0.035978394294239026,0.0335929556868405,0.9304286500189205
23378,32378,Medium,Medium,0.03728398865073546,0.034664297050638816,0.9280517142986259
3436,12436,Medium,Medium,0.031435630023544214,0.030795111031661198,0.9377692589447945
23944,32944,Medium,Medium,0.0334157102965821,0.031150654528098166,0.9354336351753197
29477,38477,Medium,Medium,0.034639991407306996,0.04272772841723968,0.9226322801754533
35201,44201,Low,Low,0.03101192562254081,0.9273367543735785,0.04165132000388061
30805,39805,Medium,Medium,0.029764968979102024,0.02848113726060179,0.9417538937602963
32694,41694,Medium,Medium,0.029649899934954354,0.032006871639281065,0.9383432284257647
6128,15128,Low,Low,0.028903382526276222,0.9293860981243771,0.04171051934934667
33930,42930,Medium,Medium,0.03313510175348793,0.029518719189529835,0.9373461790569823
17228,26228,High,High,0.9297810789798063,0.028673209349878048,0.04154571167031564
16030,25030,Medium,Medium,0.05223568664660979,0.09958844597771567,0.8481758673756744
21894,30894,Medium,Medium,0.03509639746347659,0.033764417655284706,0.9311391848812387
23693,32693,High,High,0.9232619750726371,0.030248768956469257,0.04648925597089367
11209,20209,Medium,Medium,0.030829887486849006,0.02916762801330529,0.9400024844998458
11501,20501,Medium,Medium,0.03041722583021972,0.030598695227099324,0.938984078942681
12156,21156,High,High,0.9277744299161688,0.03046157755786333,0.041763992525967936
20469,29469,High,High,0.9320953789017379,0.02830004846653918,0.03960457263172296
15521,24521,Medium,Medium,0.02891709251339294,0.03109191328368811,0.939990994202919
35402,44402,Low,Low,0.030191000372399666,0.9279718462194507,0.04183715340814966
28253,37253,Medium,Medium,0.032637952811956306,0.03403216253631109,0.9333298846517325
37206,46206,High,High,0.9266163277889609,0.032449869400053254,0.040933802810985936
854,9854,High,Medium,0.043309313627306695,0.032077891925979984,0.9246127944467132
10791,19791,High,High,0.9014175094375614,0.029066560202505632,0.0695159303599329
10961,19961,Medium,Medium,0.03182247455979351,0.033141335574391945,0.9350361898658145
4116,13116,Low,High,0.9266967547138628,0.03078101209936977,0.042522233186767316
21452,30452,Low,Low,0.038313305505220156,0.9180264914581494,0.043660203036630485
29701,38701,Medium,Medium,0.031887145854047644,0.030719981603455945,0.9373928725424965
30152,39152,Medium,Medium,0.03961466471542693,0.036868957518940274,0.9235163777656328
13479,22479,Medium,Medium,0.028899999619364874,0.02907983594847215,0.942020164432163
15702,24702,Medium,Medium,0.03145246137331473,0.042254168742112984,0.9262933698845722
35186,44186,Medium,Medium,0.03240719168218817,0.02927240736472223,0.9383204009530896
7865,16865,High,High,0.9306751831128385,0.02769368492092643,0.041631131966235156
14301,23301,Medium,Medium,0.030545860800867197,0.032677175927168615,0.9367769632719641
31514,40514,Medium,Medium,0.029569578066479776,0.028841877626154547,0.9415885443073657
14116,23116,Low,Low,0.02912494190200439,0.9302877999940958,0.04058725810389968
30031,39031,Medium,Medium,0.03465510510603704,0.03229721694796993,0.933047677945993
23091,32091,Medium,Medium,0.033624220560118566,0.04231694195469749,0.9240588374851839
29879,38879,Medium,Medium,0.037355262076046614,0.06400812352001843,0.8986366144039349
7858,16858,Medium,Medium,0.030876858366316668,0.028541974320494105,0.9405811673131893
34104,43104,Low,Low,0.02911699516107744,0.9264349166250067,0.044448088213915805
2304,11304,Low,Medium,0.033704432210224254,0.032939352180568114,0.9333562156092077
36829,45829,Low,Low,0.03074705155299119,0.9220767385615082,0.04717620988550061
3317,12317,Low,Low,0.02903525920582758,0.9274953728286986,0.04346936796547377
18140,27140,Medium,Medium,0.032045683479614825,0.031912244720177736,0.9360420718002075
23451,32451,High,Low,0.0293889696653112,0.9301305907984799,0.0404804395362089
35967,44967,Medium,Low,0.028944073332835437,0.9305305270897137,0.04052539957745069
18049,27049,Medium,Medium,0.03710404912018921,0.03609927032341309,0.9267966805563977
31468,40468,Low,Low,0.03381126565505186,0.9256172796051251,0.040571454739823126
33229,42229,Medium,Medium,0.044241176009414,0.03280884451381814,0.9229499794767678
8572,17572,High,High,0.9284761127127338,0.02944644178549112,0.04207744550177516
11376,20376,Low,Low,0.02990527236624144,0.9263133652058406,0.043781362427918
2972,11972,Medium,Medium,0.031663214806553,0.03143798588835204,0.9368987993050949
3639,12639,Medium,Medium,0.030167894628439742,0.03019906932729605,0.9396330360442642
38047,47047,High,High,0.9294891987993115,0.028680436005805682,0.04183036519488296
33156,42156,Medium,Medium,0.03566607481688463,0.03272792395111487,0.9316060012320003
34924,43924,Medium,Medium,0.03249050998204452,0.04249681826675014,0.9250126717512054
34049,43049,High,High,0.9271449129683956,0.02915127760257857,0.04370380942902582
35194,44194,Medium,Medium,0.03010326931506079,0.04081422642921724,0.9290825042557219
2866,11866,Low,High,0.9118949869923191,0.04376366407890057,0.044341348928780396
14791,23791,Low,Low,0.032394508538862735,0.8948327650957113,0.07277272636542603
32839,41839,High,High,0.9292658732942382,0.0282555685137357,0.04247855819202612
21865,30865,Low,High,0.920598204054146,0.031585687859023874,0.04781610808683006
32432,41432,Medium,Medium,0.03229406157086281,0.0350610786818395,0.9326448597472977
27889,36889,High,High,0.9111525286838121,0.02976542227630428,0.05908204903988373
23140,32140,Low,Low,0.028904805390556534,0.9310638356149652,0.040031358994478294
5078,14078,Low,Low,0.029644511718463093,0.9298797763904579,0.040475711891078923
14081,23081,Medium,Medium,0.031521108337381185,0.058765481019506884,0.909713410643112
30356,39356,Medium,Medium,0.03433383519779328,0.07750199253675041,0.8881641722654563
18544,27544,Medium,Medium,0.031280024988569514,0.032780213452261724,0.9359397615591686
5735,14735,High,Medium,0.028863468254283375,0.02816533271322379,0.9429711990324928
5897,14897,Medium,Medium,0.029386157288967193,0.036444291656209736,0.934169551054823
2124,11124,Medium,Medium,0.032151761719735085,0.029856618799902822,0.9379916194803622
21485,30485,Low,Low,0.03024714004260946,0.9249162694603178,0.04483659049707266
31130,40130,Medium,Medium,0.18768653201483754,0.03228373510234956,0.780029732882813
7468,16468,Medium,Medium,0.02856233253966195,0.02838674707762405,0.943050920382714
18346,27346,Medium,Medium,0.02982724107508126,0.029974257844399776,0.940198501080519
20128,29128,Medium,Medium,0.0341352752288232,0.03482576871562921,0.9310389560555477
2990,11990,Medium,Medium,0.031487865899046195,0.03434341220777335,0.9341687218931805
33775,42775,High,High,0.9207002601015244,0.03799151834156161,0.041308221556914125
3091,12091,High,High,0.9098418301903365,0.04736469108258868,0.042793478727074945
2057,11057,High,Low,0.34135700494056137,0.6080147638917927,0.05062823116764586
933,9933,Medium,Medium,0.03226608715834068,0.036289153761942694,0.9314447590797167
39641,48641,Medium,Medium,0.029573060054388287,0.028085430938852168,0.9423415090067596
37643,46643,High,High,0.931696520816868,0.028244397599906365,0.04005908158322547
38111,47111,Low,Low,0.031178730602694077,0.9285192157312592,0.04030205366604678
21599,30599,Medium,Medium,0.0317246709708461,0.028657344596090605,0.9396179844330632
35680,44680,Medium,Medium,0.034404708972895534,0.03595068591522855,0.9296446051118759
34746,43746,Medium,Medium,0.03031023611674355,0.03405584416030336,0.9356339197229531
33096,42096,Medium,Medium,0.03131606164911532,0.03235824209639864,0.936325696254486
37511,46511,Medium,Medium,0.03111100151217575,0.030357151673915533,0.9385318468139087
615,9615,High,High,0.9290975234707401,0.029558748537118696,0.04134372799214107
28650,37650,Medium,Medium,0.03106055799287193,0.029250409875816823,0.9396890321313113
3637,12637,Medium,Medium,0.03169183751404684,0.0320601323366862,0.9362480301492669
35341,44341,High,High,0.9299259253043058,0.02956352942920228,0.040510545266491914
4850,13850,Medium,Medium,0.03477221954190615,0.040392608270739254,0.9248351721873546
9286,18286,Medium,Medium,0.03791882139201619,0.03477112595748072,0.927310052650503
29882,38882,Low,Low,0.03159600772835842,0.9223774979984037,0.04602649427323777
10992,19992,Medium,Medium,0.028937060470684603,0.029270141289181897,0.9417927982401335
28569,37569,Low,Low,0.03507717477262961,0.9121391107275635,0.05278371449980684
27283,36283,Medium,Medium,0.032870484003181905,0.058891528447594245,0.9082379875492239
35829,44829,Low,Low,0.030790161270112082,0.92841087207547,0.04079896665441796
4995,13995,High,High,0.9276223545390003,0.03238557352878279,0.03999207193221697
6253,15253,Medium,Medium,0.03128935620431116,0.03156230944030864,0.93714833435538
34385,43385,High,High,0.924840498426867,0.030375574938752026,0.04478392663438093
37455,46455,Low,Low,0.03066257054967057,0.9270556307489309,0.04228179870139851
5357,14357,Low,Low,0.029396245353421946,0.9301804171132595,0.040423337533318594
32397,41397,Medium,Medium,0.03625332096034214,0.0424726061766235,0.9212740728630345
14799,23799,Low,Low,0.03375791904942014,0.9249913167280538,0.04125076422252616
19141,28141,Low,Low,0.03059018153888353,0.9276153933092703,0.041794425151846164
34135,43135,Medium,Medium,0.04151046944506002,0.032731872611821165,0.9257576579431189
2856,11856,Low,High,0.9302531064402225,0.029633810990838186,0.040113082568939376
21799,30799,Low,Medium,0.31684646061415206,0.07676742741758678,0.6063861119682611
37675,46675,Medium,Medium,0.030913655055730377,0.03109412009409385,0.9379922248501756
8371,17371,Medium,Medium,0.029083583010120262,0.03017037098263504,0.9407460460072447
39084,48084,Medium,Medium,0.0331624823822041,0.03941807572377348,0.9274194418940224
2955,11955,High,High,0.9273660795413446,0.03189603719397011,0.040737883264685346
3799,12799,High,High,0.9296291257988715,0.03029751070514668,0.04007336349598185
2917,11917,High,High,0.9309187260351862,0.029008374322865873,0.040072899641947914
23713,32713,Medium,Medium,0.03789975655756365,0.10031214542708677,0.8617880980153495
23819,32819,Medium,Medium,0.030796397145895698,0.03852123739616817,0.9306823654579363
33999,42999,Medium,Medium,0.030016689034666394,0.03386641687256701,0.9361168940927665
11459,20459,Low,Low,0.028935998541838176,0.9309111690311961,0.04015283242696579
8908,17908,Low,Low,0.0301626209496668,0.9066004139996836,0.06323696505064959
2603,11603,Medium,Medium,0.03546419590046273,0.029638661489938073,0.9348971426095992
5500,14500,Medium,Medium,0.030975042554061912,0.04915792583359128,0.9198670316123468
16807,25807,Medium,Medium,0.031832733566234304,0.029304162445333265,0.9388631039884325
22782,31782,Medium,Medium,0.04793892125769325,0.03054531103003308,0.9215157677122736
6654,15654,Medium,Medium,0.03233888699681972,0.03375104592674647,0.9339100670764338
17857,26857,Medium,Medium,0.04057010331246253,0.028880379683353944,0.9305495170041835
25267,34267,High,Medium,0.03582238886505501,0.030085494094217402,0.9340921170407276
17711,26711,Low,Low,0.0347016979855859,0.9003384882220223,0.06495981379239181
1709,10709,Medium,Medium,0.03413483304408838,0.03462945758283261,0.931235709373079
15973,24973,Low,Low,0.030898085427688255,0.9057180769724907,0.06338383759982112
13385,22385,Low,Low,0.02913279068795503,0.9308301806076935,0.04003702870435136
9894,18894,Medium,Medium,0.03438851055500557,0.03053826467574827,0.9350732247692463
18250,27250,Medium,Medium,0.03657598182420923,0.029700989611402596,0.9337230285643882
36303,45303,Medium,Medium,0.038587368844931295,0.038844534868415666,0.922568096286653
28842,37842,Medium,Medium,0.032337602372150075,0.029976380560534255,0.9376860170673158
10950,19950,High,High,0.9329844130426027,0.02781447623627049,0.03920111072112683
37988,46988,High,High,0.9330251104244486,0.027784285373112158,0.03919060420243911
11464,20464,Low,Low,0.02956905404180567,0.9303353607131571,0.040095585245037195
32473,41473,Medium,Medium,0.034980699008227145,0.030480480106809066,0.9345388208849639
24086,33086,Medium,Medium,0.03155181278852592,0.03391450976174395,0.9345336774497301
2105,11105,Medium,Medium,0.03219533006720845,0.034753437446493736,0.933051232486298
21217,30217,Medium,Medium,0.03266660469633075,0.031908189837953925,0.9354252054657154
36638,45638,Low,Low,0.03109874246945028,0.9281322011280339,0.040769056402515845
36388,45388,Low,Medium,0.04085672932520654,0.2963185605837053,0.6628247100910881
10221,19221,High,High,0.9281080681083548,0.03200134218777862,0.03989058970386669
28590,37590,Medium,Medium,0.036213316248057556,0.03328375775867774,0.9305029259932648
31279,40279,Low,Low,0.03130549477139621,0.8347685446681338,0.13392596056046988
29653,38653,Low,Low,0.029324367206175605,0.9303523077931488,0.04032332500067546
13326,22326,High,High,0.93104782598337,0.02917040358589318,0.03978177043073688
35420,44420,Medium,Medium,0.029863862170440725,0.029940171401806367,0.9401959664277529
18521,27521,Medium,Medium,0.04497474472211879,0.032209224420715526,0.9228160308571657
951,9951,Medium,Medium,0.09028099585980164,0.08957768545941865,0.8201413186807797
33964,42964,High,High,0.9315915702371411,0.028760372633293008,0.03964805712956592
4710,13710,Low,Low,0.033191710592834156,0.9212962306359419,0.045512058771223836
10610,19610,Medium,Medium,0.03127372897932807,0.029987992138919905,0.9387382788817519
5319,14319,High,High,0.9295268355070325,0.029796283662551548,0.04067688083041592
13337,22337,Low,Low,0.02953700078181101,0.9312107277626076,0.03925227145558143
18712,27712,High,High,0.9313418056128183,0.028399876043189314,0.040258318343992405
23018,32018,Medium,Medium,0.036187200290787466,0.033411561608196916,0.9304012381010156
6758,15758,Medium,Medium,0.036039539896893964,0.03300668639552632,0.9309537737075798
28118,37118,Medium,Medium,0.032343566834249826,0.03241237166139061,0.9352440615043597
1528,10528,Low,Low,0.028683134261001192,0.9302075812370192,0.04110928450197967
5810,14810,Medium,Medium,0.02844229239061345,0.0281970348619616,0.9433606727474251
24110,33110,Medium,Medium,0.030687591522743505,0.03081185918983791,0.9385005492874186
11534,20534,High,High,0.9294694911287561,0.029904632344880725,0.040625876526363264
29159,38159,Medium,Medium,0.03595484619154261,0.03333272580546237,0.930712428002995
36271,45271,Medium,Medium,0.030052357073712493,0.03144598555508004,0.9385016573712074
31420,40420,Low,Medium,0.03860755144221528,0.3524284384191123,0.6089640101386724
19107,28107,Medium,Medium,0.030795875950036588,0.029142573695825583,0.9400615503541379
20941,29941,High,High,0.9211514580908394,0.034304580143947716,0.04454396176521296
16763,25763,High,High,0.9325944716708797,0.02775494033754435,0.03965058799157603
29057,38057,Medium,Medium,0.034827565073263206,0.03741140357838233,0.9277610313483544
24043,33043,Medium,Medium,0.033333247161294204,0.02979969179387762,0.9368670610448282
3508,12508,Medium,Medium,0.030336655982956023,0.02895530518120944,0.9407080388358345
32975,41975,Medium,Medium,0.03503697457496104,0.03911848926039021,0.9258445361646488
4431,13431,Medium,Medium,0.030654778101485022,0.04002264716808641,0.9293225747304286
25046,34046,High,High,0.9314187048102371,0.028890970040526293,0.03969032514923652
888,9888,High,High,0.9273769511860747,0.031293047058767454,0.04133000175515787
20064,29064,Low,Low,0.030822696114957252,0.927471079285137,0.0417062245999058
28189,37189,Medium,Medium,0.03058843869902252,0.028521424702273923,0.9408901365987035
6375,15375,High,High,0.9296713366092559,0.028843089113065535,0.04148557427767844
31869,40869,Medium,Medium,0.031111447170500028,0.03017764583146158,0.9387109069980384
30751,39751,Medium,Medium,0.03058281566698093,0.029241998004480744,0.9401751863285382
17904,26904,High,High,0.9277915699778694,0.029039346243019282,0.043169083779111356
3722,12722,Medium,Medium,0.03143421454388142,0.032981783505205475,0.9355840019509131
12287,21287,Medium,Medium,0.0947916476457593,0.04519013735336611,0.8600182150008746
11241,20241,Medium,Medium,0.033416041312062224,0.03183930167258442,0.9347446570153534
2289,11289,Low,Low,0.03218327233240683,0.9249856589427158,0.04283106872487739
23045,32045,High,High,0.9273116217593991,0.03232919745041904,0.04035918079018188
702,9702,Medium,Medium,0.03793216854945299,0.0431503286347201,0.9189175028158268
26581,35581,Low,Low,0.03044429016838476,0.8925014137713521,0.07705429606026316
11190,20190,Medium,Medium,0.040296984007701424,0.05225532512884163,0.907447690863457
31943,40943,Medium,Medium,0.03352863932804106,0.02894612554749215,0.9375252351244668
18102,27102,Medium,Medium,0.03441077464889208,0.03820231292292549,0.9273869124281825
9517,18517,High,High,0.9316102324899589,0.028685814610501046,0.039703952899540235
12504,21504,Low,Low,0.0285600822147191,0.9315649792109554,0.039874938574325496
39922,48922,Low,Low,0.02881341182781326,0.9309706807109905,0.04021590746119618
7352,16352,Medium,Medium,0.036267168540702034,0.03491643465370866,0.9288163968055893
16875,25875,Low,Low,0.031361362874309594,0.914613832889933,0.05402480423575746
7392,16392,Low,Low,0.02881123841191008,0.9318932294263833,0.03929553216170655
34714,43714,High,High,0.9273032978792409,0.030281773985535897,0.04241492813522323
27115,36115,High,High,0.9105684435685317,0.037727300030170635,0.05170425640129766
13091,22091,Low,Low,0.02989709982997657,0.9299360659077988,0.04016683426222469
30696,39696,Low,Low,0.032570464994920556,0.9216212416987891,0.04580829330629014
38088,47088,Low,Low,0.028724832940575665,0.9297128681456818,0.04156229891374257
22519,31519,Medium,Medium,0.03338884570598544,0.03488061452471714,0.9317305397692973
16845,25845,High,High,0.930950369033028,0.028300291364353594,0.04074933960261846
24098,33098,Medium,Medium,0.03282855552927004,0.03094744192454768,0.9362240025461822
12829,21829,Medium,Medium,0.03011148662825558,0.03390424343021823,0.9359842699415261
9763,18763,Medium,Medium,0.03069697088909021,0.030170491187295017,0.9391325379236147
34190,43190,High,High,0.9325960888383676,0.027995339900304173,0.03940857126132801
4745,13745,Low,Medium,0.03338080965125983,0.399652233236273,0.5669669571124673
12992,21992,Medium,Medium,0.029537131643618944,0.03112362627929667,0.9393392420770844
27336,36336,High,High,0.9314575116442759,0.028736757538689612,0.039805730817034445
23010,32010,Low,Low,0.029718734441741012,0.9224289539433816,0.04785231161487735
1994,10994,Medium,Medium,0.03049255312012049,0.029788579447124732,0.9397188674327549
33773,42773,High,High,0.9295427403145843,0.02989230375597966,0.04056495592943615
5165,14165,Medium,Medium,0.029189996541751584,0.029766257573352887,0.9410437458848956
1323,10323,Medium,High,0.9318465791713733,0.029060582695437556,0.03909283813318921
30049,39049,Medium,Medium,0.03408199595823161,0.034550570738930406,0.931367433302838
17038,26038,Low,Low,0.029333898645598638,0.9310812123556103,0.03958488899879103
38501,47501,High,High,0.9315648096063098,0.02874907672272291,0.0396861136709673
30091,39091,Medium,Medium,0.03233945639462604,0.036808019163223515,0.9308525244421505
27314,36314,Medium,Medium,0.03124251384275792,0.03945974329154054,0.9292977428657015
22601,31601,Medium,Medium,0.07652572478461815,0.035323524968825425,0.8881507502465563
39347,48347,Medium,Medium,0.04266568800758827,0.03166564248845167,0.9256686695039601
32940,41940,Medium,Medium,0.0364288758990401,0.03438038486238352,0.9291907392385763
5956,14956,High,High,0.9193343169911213,0.03670153667677335,0.043964146332105415
17166,26166,Low,Low,0.029403378345533523,0.9280375427520049,0.042559078902461606
3191,12191,Medium,Medium,0.03341198498589761,0.033264428959238236,0.9333235860548642
32117,41117,Low,Low,0.028946444574222737,0.9282026337724271,0.042850921653350325
19128,28128,High,High,0.9285571002792031,0.030106571153226003,0.04133632856757096
5498,14498,Medium,Medium,0.033187035602200425,0.02994301665774397,0.9368699477400556
16690,25690,Medium,Medium,0.030578544518142205,0.028071106775072168,0.9413503487067856
7022,16022,Medium,Medium,0.31415207371267123,0.030148741834846785,0.655699184452482
15387,24387,Low,Low,0.03473040587127793,0.9214246489056448,0.04384494522307725
15233,24233,Medium,Medium,0.031033963821506628,0.052605581932512746,0.9163604542459806
34955,43955,Medium,Medium,0.05958236575447617,0.03306189416526965,0.9073557400802542
986,9986,Low,Low,0.029129353851992886,0.9286866027785288,0.042184043369478265
26614,35614,Medium,Medium,0.032276646186638544,0.029430864692058713,0.9382924891213028
21917,30917,High,Medium,0.030865725662294022,0.029263631676001118,0.9398706426617048
17911,26911,Medium,Medium,0.04796310844402309,0.048030695396641725,0.9040061961593352
20405,29405,Medium,Medium,0.03151258644486434,0.029926240991082126,0.9385611725640534
28274,37274,Low,Low,0.029812700291360027,0.9290841899322891,0.04110310977635086
19620,28620,Medium,Medium,0.041555477970272474,0.034109451301729425,0.9243350707279981
18466,27466,High,High,0.9255820657075629,0.029939562031073008,0.04447837226136404
33374,42374,Medium,Medium,0.03150496626620256,0.03227526463429957,0.9362197690994978
32642,41642,Medium,Medium,0.03897277892852014,0.036068338905218246,0.9249588821662615
20613,29613,High,High,0.9306420999928716,0.029733949419272376,0.039623950587856005
24608,33608,Low,Low,0.030907817279091736,0.9284132544343273,0.04067892828658098
9170,18170,High,High,0.9285433835380559,0.029223315486077206,0.04223330097586699
20900,29900,High,High,0.9296827333129389,0.030294605670720686,0.040022661016340555
39312,48312,Medium,Medium,0.02900519410400711,0.02899938444591449,0.9419954214500783
17174,26174,Medium,Medium,0.033079025452880634,0.031141403617250984,0.9357795709298684
8271,17271,High,High,0.9286939956847249,0.030154263135103193,0.04115174118017189
24636,33636,Medium,Medium,0.030723505277669996,0.03216979681209198,0.937106697910238
14932,23932,Medium,Medium,0.03775839256815219,0.03269098702613918,0.9295506204057086
20631,29631,High,High,0.929178655176751,0.029275122618425038,0.041546222204823936
18301,27301,High,High,0.9311650647791011,0.028864259217864455,0.03997067600303449
28851,37851,High,Medium,0.08650313491984264,0.03994452149086081,0.8735523435892966
12594,21594,Medium,Medium,0.03970343493808898,0.03627616234572348,0.9240204027161876
31069,40069,Medium,Low,0.04371578182403316,0.664360054080038,0.291924164095929
26562,35562,Medium,Medium,0.029699579999834483,0.036243372147206424,0.9340570478529591
8253,17253,Medium,Medium,0.03759903365357317,0.0299053534366296,0.9324956129097973
14981,23981,High,High,0.9310684653436251,0.02782087154122311,0.04111066311515183
8332,17332,Medium,Medium,0.02962015625127207,0.028454498421485664,0.9419253453272423
39265,48265,Low,Low,0.03341988759583849,0.9240609614130131,0.04251915099114852
5403,14403,High,High,0.9314430740730367,0.028833743312663404,0.03972318261429993
1029,10029,Low,Low,0.02956254212671773,0.9285332516957622,0.041904206177520165
31292,40292,Medium,Medium,0.03801020309342553,0.04949858380326964,0.9124912131033048
18507,27507,High,High,0.9305638456692357,0.02906335768979745,0.04037279664096699
376,9376,High,High,0.9316509101212332,0.02848675815289378,0.03986233172587303
33569,42569,Medium,Medium,0.032234262875885815,0.02932924592519422,0.93843649119892
23459,32459,Medium,Medium,0.03076406362228891,0.030243928668044453,0.9389920077096666
6031,15031,Medium,Medium,0.030587584188194388,0.03043898892951243,0.9389734268822932
20414,29414,Medium,Medium,0.039575652236420504,0.03198974018199218,0.9284346075815874
14378,23378,High,Medium,0.029792228171571192,0.02925091499691565,0.9409568568315132
13789,22789,High,High,0.9314049944849696,0.02850360789360958,0.040091397621420694
2842,11842,High,High,0.9326570091922003,0.027810630757494643,0.039532360050305075
32797,41797,Medium,Medium,0.037770335631084256,0.031350216590452194,0.9308794477784635
39066,48066,High,Low,0.02947757253488333,0.9299899514755955,0.04053247598952126
30147,39147,Low,Low,0.03147648956374973,0.9207242894348221,0.04779922100142814
26093,35093,Medium,Low,0.05496007400706854,0.6582483967398649,0.2867915292530666
25783,34783,Low,Low,0.029640461703522053,0.9235872997546131,0.04677223854186485
37370,46370,High,High,0.919788159263434,0.037357057378938796,0.04285478335762725
11136,20136,Medium,Medium,0.029516407571233406,0.03872732858624891,0.9317562638425176
34411,43411,Medium,Medium,0.02942362687465888,0.03095406340592828,0.9396223097194129
39733,48733,Medium,Medium,0.03484605804764155,0.04091946312587691,0.9242344788264815
23533,32533,High,High,0.9313390586802756,0.0289609224407857,0.039700018878938835
18283,27283,Low,Low,0.029094779492815,0.9288449393102999,0.04206028119688517
39852,48852,Medium,Medium,0.02987351249526853,0.02939720698871773,0.9407292805160137
36994,45994,Medium,Medium,0.03111720889181022,0.029386724559008485,0.9394960665491813
12697,21697,Medium,Medium,0.03000293915332715,0.03265311319158291,0.9373439476550899
17724,26724,Low,Low,0.029213403685098862,0.9308728180901177,0.039913778224783564
464,9464,High,Medium,0.030682162721672873,0.03125319625492026,0.9380646410234069
5823,14823,High,High,0.9193620559887717,0.031284327909809034,0.04935361610141934
31599,40599,Medium,Medium,0.05466662672321437,0.03503973032700686,0.9102936429497787
25882,34882,High,High,0.9292580051124991,0.030255914909553937,0.04048607997794701
11533,20533,Low,Low,0.02905584203869374,0.9271706822587252,0.043773475702581034
1841,10841,Medium,Medium,0.03129293333267065,0.029901703856825845,0.9388053628105036
10717,19717,High,High,0.9237005214236357,0.029478446421591364,0.046821032154772936
3095,12095,Low,Low,0.029363392390565207,0.9311342297510138,0.039502377858421076
35458,44458,Low,Low,0.02870881587781063,0.931769083685011,0.039522100437178374
38528,47528,High,High,0.9311611703885642,0.028471567730169223,0.0403672618812665
25861,34861,Medium,Medium,0.04820486611369348,0.03102678173623119,0.9207683521500755
34502,43502,Low,High,0.9012325211840752,0.04911400272868174,0.04965347608724324
33399,42399,Low,Low,0.029441060140141573,0.9309026055241896,0.03965633433566895
16882,25882,Medium,Medium,0.031818400520299224,0.031896635328801735,0.9362849641508991
29348,38348,Medium,Medium,0.03218998757365618,0.03129220042348094,0.936517812002863
34533,43533,High,High,0.9293864291409087,0.02768857377136617,0.04292499708772505
10406,19406,High,High,0.9095760006709014,0.03223798058825017,0.058186018740848576
16578,25578,Medium,Medium,0.03125940907006036,0.031893811113163,0.9368467798167767
31277,40277,High,High,0.9287114780692618,0.030816314361012936,0.04047220756972533
36682,45682,Medium,Medium,0.030883475223712792,0.029661828613071498,0.9394546961632159
19459,28459,Low,High,0.9303651443663153,0.028295287757303052,0.041339567876381725
16384,25384,Low,Low,0.033599296893540846,0.9250475443341118,0.041353158772347264
31529,40529,Medium,Medium,0.034893188238669055,0.04268933797744943,0.9224174737838816
13597,22597,Medium,Medium,0.035156356221010654,0.03357034239888062,0.9312733013801088
12839,21839,Medium,Medium,0.030532719415231308,0.031780016665697214,0.9376872639190714
7053,16053,Medium,Medium,0.031227666587570105,0.04185302690756629,0.9269193065048636
29255,38255,Low,Low,0.0313319828263581,0.9223774962436787,0.046290520929963115
22529,31529,Low,Low,0.02880837445772574,0.9310558687477863,0.04013575679448799
998,9998,Medium,Medium,0.05403856450041634,0.030485472204840523,0.915475963294743
18184,27184,Low,Medium,0.032351085813040685,0.040585105405228424,0.9270638087817309
22830,31830,High,High,0.9282706986119816,0.031846553551651065,0.03988274783636739
20836,29836,High,High,0.9201671092774895,0.03944206000167813,0.040390830720832376
2306,11306,Medium,Medium,0.03496194715763035,0.04152693291738977,0.9235111199249798
34094,43094,Medium,Medium,0.03965910350617368,0.03971231100865452,0.9206285854851718
11569,20569,Medium,Medium,0.040522472791227455,0.03845681464296443,0.9210207125658081
8117,17117,Medium,Medium,0.03166264997793843,0.029702710882373248,0.9386346391396883
30323,39323,Low,Medium,0.030358471001359705,0.03483561909597644,0.9348059099026639
22003,31003,Medium,Medium,0.029476678296152012,0.029013116709154966,0.941510204994693
17502,26502,Low,Low,0.031161018754543173,0.9257295390457506,0.04310944219970634
845,9845,Medium,Medium,0.02878860112630451,0.02848823723460211,0.9427231616390933
12817,21817,Medium,Medium,0.0349669735947249,0.04061344390997898,0.9244195824952962
1646,10646,Medium,Medium,0.031300640332989405,0.03617852435217516,0.9325208353148353
27972,36972,High,Low,0.02961820846633785,0.9299365625870658,0.0404452289465963
27323,36323,High,High,0.9247509665978891,0.029869540761316284,0.04537949264079469
11656,20656,Medium,Medium,0.030153624245105214,0.03702446086274802,0.9328219148921469
11791,20791,Medium,Medium,0.029059300378572864,0.028492514336970184,0.942448185284457
38432,47432,Medium,Medium,0.030357918740380557,0.030952798483847657,0.9386892827757718
37477,46477,Medium,Medium,0.03255740258294483,0.03376368785568852,0.9336789095613667
37848,46848,High,High,0.9026528755503378,0.03184980716795307,0.06549731728170911
36937,45937,Low,Low,0.02914900029596525,0.9276319426987983,0.04321905700523652
7147,16147,Low,Low,0.029872277416663196,0.9235401679327615,0.046587554650575284
3154,12154,Medium,Medium,0.041045930482983446,0.029125409005711325,0.9298286605113052
13269,22269,Low,Low,0.02965305352708425,0.9296483408082498,0.04069860566466605
32170,41170,Medium,Medium,0.03412475007040403,0.03168372067459793,0.9341915292549979
22820,31820,High,High,0.9316527057056082,0.028285587022762345,0.04006170727162954
32686,41686,Medium,Medium,0.029547919969979988,0.0291375577561471,0.9413145222738729
22609,31609,Low,Low,0.03386264804259348,0.9219665238160996,0.04417082814130687
7367,16367,Medium,Medium,0.02973775484706932,0.028731630881391832,0.9415306142715388
6021,15021,Low,Low,0.030201911584654073,0.9306433134969413,0.03915477491840454
15859,24859,Medium,Medium,0.03474246402620914,0.03326191746861266,0.9319956185051782
26190,35190,Medium,Medium,0.03221803267378426,0.030794219060325756,0.9369877482658899
39316,48316,High,Medium,0.032649038300961254,0.1088594580743375,0.8584915036247013
19739,28739,High,High,0.931814645662087,0.028851223751651698,0.03933413058626124
33110,42110,Low,Low,0.03305604156171632,0.9253985094755511,0.04154544896273243
27690,36690,High,High,0.9273062978097136,0.029970540065424087,0.04272316212486221
6715,15715,Low,Low,0.03028971420487828,0.9234892477427729,0.04622103805234892
5155,14155,High,High,0.9317092628120557,0.028684511797714238,0.039606225390230156
7601,16601,Medium,Low,0.04224117863346999,0.7762096252200763,0.18154919614645362
22743,31743,Medium,Medium,0.03497549953359213,0.03092405318954322,0.9341004472768647
38036,47036,Medium,Medium,0.029989782063974804,0.030471578263813266,0.9395386396722119
33922,42922,Medium,Medium,0.0359353459660204,0.03502081677517147,0.9290438372588081
24276,33276,Medium,Low,0.029617414905398615,0.9310372133743979,0.039345371720203436
30239,39239,High,High,0.9319174140043862,0.028759441326541946,0.03932314466907181
27913,36913,High,High,0.9285054480833814,0.029370672591748363,0.04212387932487017
2472,11472,Medium,Medium,0.03156366709408743,0.031848620818852084,0.9365877120870606
21826,30826,High,High,0.9279985348143072,0.030942259098143188,0.04105920608754963
36229,45229,High,High,0.9262754265868915,0.03358932533505401,0.040135248078054506
31657,40657,Medium,Medium,0.03145738030979193,0.03253588554176045,0.9360067341484477
4017,13017,High,High,0.92597567255226,0.030021724535869123,0.04400260291187097
18441,27441,Medium,Medium,0.030074909225470653,0.05938927197026669,0.9105358188042626
13039,22039,Medium,Medium,0.033911504761816404,0.02937115916105827,0.9367173360771254
189,9189,Medium,Medium,0.03257338598000905,0.0360459908533075,0.9313806231666835
32492,41492,Medium,Medium,0.03275322449685355,0.0343749336537588,0.9328718418493877
20362,29362,Medium,Medium,0.03334563036453666,0.0336783471602621,0.9329760224752013
12622,21622,High,High,0.920763441126352,0.0336168867676676,0.04561967210598039
11385,20385,High,Medium,0.05979992714868545,0.0372680934124782,0.9029319794388364
6738,15738,Medium,Medium,0.03014483269940553,0.03357697059317381,0.9362781967074207
6068,15068,Medium,Low,0.03049083905237403,0.9280115231085712,0.04149763783905493
2232,11232,High,High,0.9219890770609739,0.03575669372241733,0.04225422921660881
34483,43483,Medium,Medium,0.040767941539501924,0.24874340875488585,0.7104886497056122
16833,25833,Medium,Medium,0.040799407605045086,0.042177359940547034,0.9170232324544078
2053,11053,High,High,0.9329120824692098,0.028003867750665757,0.039084049780124454
24,9024,High,High,0.9245587705103273,0.029026640039852974,0.04641458944981967
2749,11749,Low,Medium,0.032625585621594226,0.03367413382144752,0.9337002805569582
12275,21275,Low,Low,0.03034834440277541,0.9253355514920575,0.044316104105167224
185,9185,High,High,0.9210372943177338,0.033224518724384026,0.04573818695788207
12041,21041,Medium,Medium,0.03706887615249299,0.037756603811546934,0.9251745200359601
13735,22735,High,High,0.9301967818066729,0.030004252775357242,0.03979896541796991
4832,13832,High,High,0.9137711575796151,0.030339277810289497,0.055889564610095484
193,9193,Medium,Medium,0.030180536177116926,0.029358850664280272,0.9404606131586029
23208,32208,Medium,Medium,0.03289735381050651,0.033381634561934395,0.933721011627559
31270,40270,Medium,Medium,0.033546832746073084,0.07076279741799454,0.8956903698359323
36187,45187,Low,Low,0.042297476130860684,0.9111996470803199,0.046502876788819474
33535,42535,High,High,0.9309017755184449,0.028340704961800797,0.04075751951975428
5017,14017,High,High,0.9295207419904107,0.029655319558639218,0.040823938450949955
20077,29077,Medium,Medium,0.04201030251492391,0.030913513454229453,0.9270761840308466
17205,26205,Low,Low,0.03241808966612145,0.7608646478711707,0.2067172624627079
36395,45395,High,High,0.9256918014203609,0.030836946521504243,0.043471252058134874
5888,14888,Medium,Low,0.030389481317309192,0.9285102739236016,0.041100244759089154
3894,12894,High,High,0.9237982883770571,0.028487754608682293,0.04771395701426059
18269,27269,Medium,Medium,0.03463583577579545,0.03592573990133804,0.9294384243228665
13701,22701,Medium,Medium,0.032083246384763286,0.03264498196288231,0.9352717716523543
51,9051,High,Medium,0.030232281755425323,0.0303235864963227,0.9394441317482519
33951,42951,Low,Low,0.03435642719166677,0.9243673671571714,0.04127620565116192
8573,17573,High,High,0.9221969522798904,0.036050214516271994,0.041752833203837686
2883,11883,High,High,0.9309634815738935,0.029108613807380373,0.03992790461872611
22837,31837,High,High,0.9310032280755457,0.02854286687605187,0.040453905048402454
2134,11134,Low,Low,0.03356829452792775,0.9254025270591312,0.04102917841294098
20220,29220,High,High,0.9163421956489781,0.04000177475155653,0.04365602959946529
3262,12262,Medium,Medium,0.02959890826549783,0.03016236936001951,0.9402387223744827
36601,45601,Medium,Medium,0.032218092659877996,0.037450425099518576,0.9303314822406034
15404,24404,High,High,0.9282807760799594,0.027780403707852352,0.043938820212188236
14529,23529,High,High,0.9284391539825961,0.031224438754592836,0.04033640726281096
2562,11562,High,Low,0.029693920069480382,0.9214492394893042,0.04885684044121535
29444,38444,Medium,Medium,0.4340235487911119,0.04559096998025745,0.5203854812286307
23779,32779,Medium,Medium,0.030483085659641057,0.03150827929430896,0.93800863504605
17869,26869,High,High,0.9274691632358077,0.030852721926423913,0.0416781148377684
3904,12904,Medium,Medium,0.03200766613635956,0.03343138790161844,0.934560945962022
29706,38706,Low,Low,0.0326073193970357,0.9240727068037858,0.04331997379917854
18745,27745,High,High,0.9300490156195136,0.029081835970681164,0.0408691484098053
15861,24861,High,High,0.9326254352659243,0.027971586340325618,0.03940297839375007
29512,38512,Medium,Medium,0.0317249307328048,0.030451197697174803,0.9378238715700203
18513,27513,High,High,0.924216517503451,0.029293038952121986,0.04649044354442711
8480,17480,Medium,Medium,0.029581489862188438,0.028777584322268773,0.9416409258155428
2298,11298,High,High,0.9294736295892451,0.03045857481820043,0.04006779559255454
34995,43995,Low,Low,0.03007660697788433,0.9273880436676175,0.04253534935449819
13247,22247,Medium,Medium,0.02971554625108523,0.0441698118740498,0.9261146418748649
28603,37603,Medium,Medium,0.030789314175463465,0.03196873468311843,0.9372419511414182
36431,45431,High,High,0.919115709431897,0.03072343367826805,0.050160856889834904
3818,12818,Medium,Medium,0.029184700031232847,0.028430389966128244,0.9423849100026388
24758,33758,Low,Low,0.029484983366040374,0.9293985880821548,0.04111642855180472
18800,27800,Low,Low,0.030373213711084864,0.9219879303884614,0.04763885590045386
16641,25641,Low,Low,0.029837952305001452,0.9292697969798636,0.04089225071513488
6639,15639,Medium,Medium,0.043231097177029644,0.03347622178103863,0.9232926810419317
37903,46903,Medium,Medium,0.03040555624214091,0.030813184101123974,0.9387812596567352
26741,35741,Medium,Medium,0.033976773043772564,0.0306899442328033,0.9353332827234242
9070,18070,Low,Low,0.028921597031907973,0.9279257396089525,0.043152663359139455
10885,19885,Medium,Medium,0.03549268870995364,0.03095665569460784,0.9335506555954386
18261,27261,High,High,0.9317943952787565,0.027998350689215967,0.04020725403202744
25373,34373,Medium,Medium,0.029874881646930484,0.03797011063278117,0.9321550077202884
31588,40588,Medium,Medium,0.030558818292682245,0.03038279654723286,0.9390583851600849
519,9519,Low,Low,0.02929821428930951,0.9308350312716646,0.03986675443902582
5462,14462,Medium,Medium,0.03117580905751775,0.029007066728944503,0.9398171242135378
25544,34544,Medium,Medium,0.04350214330191784,0.02972810837886709,0.9267697483192151
18220,27220,Low,Medium,0.0534531653304269,0.028878767649944476,0.9176680670196286
23561,32561,Medium,Medium,0.03637799604756383,0.03878935635271725,0.924832647599719
1858,10858,Low,Medium,0.030295256713035557,0.035411649969248504,0.9342930933177159
29091,38091,Medium,Medium,0.03868562940753014,0.031815506062262515,0.9294988645302072
18478,27478,Medium,Medium,0.02910061248994743,0.03439547263966366,0.9365039148703889
3879,12879,High,High,0.9301621887542274,0.028583676124741164,0.04125413512103147
17150,26150,Medium,Medium,0.03247698997376924,0.029652873202908974,0.9378701368233218
9939,18939,Medium,Medium,0.037805195442379154,0.13293153518414788,0.8292632693734729
30043,39043,Medium,Medium,0.03543300140693496,0.03257536856534882,0.9319916300277162
26293,35293,High,High,0.931720782722525,0.02861611314165925,0.03966310413581579
35022,44022,Medium,Medium,0.03206995569472385,0.029448735619340624,0.9384813086859355
36305,45305,High,Medium,0.030323260921968867,0.03306240180128126,0.9366143372767498
25363,34363,High,High,0.9223061517494449,0.028732017155157275,0.04896183109539776
23506,32506,Medium,Medium,0.040763664992395816,0.04030350982859245,0.9189328251790118
38365,47365,Low,Low,0.02928917533088433,0.9280080485049039,0.042702776164211705
14844,23844,High,High,0.9299819308983311,0.030056725813270627,0.039961343288398225
22234,31234,High,High,0.9321785155427532,0.028825132261071543,0.038996352196175255
32200,41200,Medium,Medium,0.1207236407618874,0.039279401152541665,0.839996958085571
36909,45909,Medium,High,0.9271402798076371,0.03257299034561589,0.040286729846747034
28532,37532,Medium,Medium,0.05257276043210964,0.04130426051637204,0.9061229790515183
21389,30389,High,High,0.9292247303430169,0.03001322550491518,0.04076204415206792
24064,33064,Low,Low,0.02894445597451606,0.930183581225287,0.04087196280019678
32751,41751,High,High,0.9290035278558832,0.030803975993198864,0.04019249615091796
39896,48896,Medium,Medium,0.031207147847133066,0.04125415687666872,0.9275386952761983
38841,47841,Medium,Medium,0.032639619520195756,0.03262417108882473,0.9347362093909796
7780,16780,Medium,Low,0.03205475458620887,0.9085825481622054,0.05936269725158589
21372,30372,Medium,Medium,0.030029403517618722,0.03080282082619032,0.939167775656191
3598,12598,Medium,Medium,0.031681421900147465,0.029833330786240914,0.9384852473136117
15225,24225,Medium,Medium,0.030812933994658925,0.031177030883499907,0.9380100351218412
7711,16711,Low,Low,0.028896665845160843,0.9307577327180968,0.04034560143674228
19189,28189,Low,Low,0.04398705387210788,0.9142526852569258,0.04176026087096613
25893,34893,Low,Low,0.029049259626093057,0.9307785218946387,0.040172218479268135
19334,28334,Low,Low,0.031152563150924878,0.9283513011342407,0.040496135714834396
11332,20332,Medium,Medium,0.02960709673950418,0.02931516958980376,0.9410777336706921
30030,39030,High,High,0.9301860913899495,0.02931589188045956,0.040498016729590906
24775,33775,Medium,Medium,0.03584322343002449,0.0537321380934907,0.9104246384764849
18226,27226,Medium,Medium,0.0327261828880662,0.031470201109358525,0.9358036160025752
29290,38290,High,High,0.9320365490622177,0.02865100890246323,0.03931244203531905
3314,12314,Medium,Medium,0.029956229559289557,0.030804344399160632,0.9392394260415499
14632,23632,Low,Low,0.029941205369477603,0.9302678402777623,0.03979095435275994
20989,29989,Medium,Medium,0.03156222050977864,0.0553935447855127,0.9130442347047086
38619,47619,High,High,0.9319066717746253,0.028312171476068185,0.039781156749306705
20114,29114,Medium,Medium,0.03795583130073391,0.03741767451861809,0.924626494180648
39086,48086,Medium,Medium,0.036469738847552266,0.03453937311625973,0.928990888036188
24773,33773,Low,Low,0.029156531783643528,0.9302122882875663,0.040631179928790305
24126,33126,High,High,0.9308024793657529,0.02908345807446845,0.04011406255977862
11270,20270,High,High,0.9282161592211452,0.02933512587381308,0.04244871490504165
12020,21020,High,High,0.9305406294360251,0.02947055505608818,0.039988815507886744
22274,31274,Medium,Medium,0.03904159333187144,0.03545620150363946,0.9255022051644891
2837,11837,Medium,Medium,0.03257620042807673,0.03175259503705199,0.9356712045348713
32843,41843,Medium,Medium,0.03844120743480736,0.04164296701434695,0.9199158255508456
20246,29246,Medium,Medium,0.03692177127684614,0.04879295903706874,0.9142852696860851
22025,31025,Low,Low,0.029087961222889158,0.927257577205804,0.043654461571306695
35014,44014,Medium,Medium,0.030635259007236793,0.031154600288882606,0.9382101407038806
3907,12907,High,High,0.9303352805449953,0.02906357724569338,0.04060114220931143
6921,15921,High,Low,0.02907601148026614,0.9292833729908794,0.04164061552885444
9812,18812,Medium,Medium,0.03272948623374797,0.03027787265205777,0.9369926411141943
26333,35333,High,High,0.9307659620487078,0.029006306972197915,0.04022773097909429
26920,35920,Medium,Medium,0.04615172535221195,0.03677552359515764,0.9170727510526304
30838,39838,Low,Low,0.029175219599051765,0.9310427123774322,0.03978206802351601
31383,40383,High,High,0.9077017384788139,0.050595157639330625,0.04170310388185559
1614,10614,Medium,Medium,0.03813461623443196,0.03266815246142473,0.9291972313041432
34076,43076,High,High,0.9217115932682768,0.028752425709908592,0.04953598102181459
8239,17239,Medium,Medium,0.03480791824370625,0.028803441103216892,0.9363886406530769
38866,47866,Medium,Medium,0.03153877138591953,0.029436557720914535,0.9390246708931659
39925,48925,Medium,Medium,0.03675340963146274,0.0587986363889004,0.9044479539796368
22448,31448,Medium,Medium,0.029054336974850634,0.02808155966469254,0.9428641033604568
18553,27553,High,High,0.9292668487752808,0.029350871297226914,0.0413822799274924
37352,46352,High,High,0.9315187001416473,0.028185220574984557,0.04029607928336812
17364,26364,High,High,0.7593931275740927,0.03340298662650507,0.20720388579940222
37328,46328,Medium,Medium,0.03631861711493533,0.04034284295853675,0.9233385399265278
21620,30620,Medium,Medium,0.02953049271948142,0.029970055973049244,0.9404994513074693
32164,41164,Medium,Medium,0.033414799350486024,0.03205486497737905,0.934530335672135
20394,29394,Low,Low,0.029842468162658824,0.9175525081370952,0.052605023700245994
7756,16756,High,High,0.9328335936522709,0.027876430502741065,0.03928997584498795
12361,21361,Medium,Medium,0.03289169076731658,0.03030918639221093,0.9367991228404725
11897,20897,Medium,Medium,0.034419107563304255,0.04104784210713903,0.9245330503295568
26743,35743,Medium,Medium,0.03883418215042967,0.039999280128385974,0.9211665377211844
38476,47476,Medium,Medium,0.052050008944152154,0.033291337411759804,0.914658653644088
1902,10902,Medium,Medium,0.030572517343100233,0.03473103674325522,0.9346964459136444
5728,14728,Medium,Medium,0.03360419864142236,0.03709329986306953,0.9293025014955081
9234,18234,Medium,Medium,0.030661355758236513,0.030208895336171587,0.939129748905592
36126,45126,Medium,Medium,0.029775216822479366,0.03361789397447055,0.9366068892030501
23834,32834,Low,Low,0.032623464681045315,0.9230032438340281,0.044373291484926754
8281,17281,Medium,Medium,0.042733837076668724,0.034560809781865535,0.9227053531414656
33541,42541,Medium,Medium,0.0336004481634252,0.030619793581582826,0.9357797582549919
26033,35033,Medium,Medium,0.03550104484783361,0.07264370844538533,0.891855246706781
32285,41285,High,High,0.9295351202245691,0.02839842991362994,0.04206644986180097
18410,27410,Low,Low,0.029215265516106256,0.9247678881960967,0.04601684628779713
23543,32543,Low,Low,0.03471910700086988,0.9211530262512504,0.04412786674787966
19890,28890,Medium,Medium,0.03328180040387286,0.05797162066450654,0.9087465789316206
21520,30520,High,High,0.9319987205849228,0.0285770185923846,0.039424260822692674
11504,20504,High,High,0.9247428191122067,0.031194944241436828,0.04406223664635645
17449,26449,High,Medium,0.031062506521417677,0.02871338506382821,0.9402241084147541
23523,32523,Low,Low,0.02880187449949574,0.9311176594665259,0.040080466033978406
39711,48711,Low,Low,0.03309432001015124,0.8980907084601376,0.06881497152971106
28078,37078,Medium,Medium,0.032599829475640316,0.03150941814839034,0.9358907523759692
37151,46151,Medium,Medium,0.030444362985361198,0.03213966417312803,0.9374159728415107
12961,21961,Medium,Medium,0.03285423123519469,0.035261461779914384,0.931884306984891
16505,25505,High,High,0.9231462513526095,0.031953471023017266,0.04490027762437323
3002,12002,Medium,Medium,0.03225566753786733,0.03882137213594546,0.9289229603261872
14421,23421,Low,Low,0.028566876634917224,0.9318340316002276,0.039599091764855265
10249,19249,Low,Low,0.029468464188929483,0.9292414970194715,0.04129003879159909
35282,44282,Low,Low,0.029166506072437547,0.9311342629570784,0.039699230970484174
10910,19910,High,High,0.9283379402208158,0.0298711026191342,0.04179095716005
29424,38424,High,High,0.9288694847025197,0.029752485933700112,0.04137802936378005
16188,25188,High,High,0.9314892415546162,0.028679365245848062,0.03983139319953569
39418,48418,High,High,0.9318035596414364,0.028774230926532474,0.03942220943203121
34810,43810,Low,Low,0.046975763505957537,0.9073083219954873,0.045715914498555194
17627,26627,Medium,Medium,0.03134183861665633,0.03321850249330119,0.9354396588900425
10079,19079,Medium,Medium,0.034770018258312656,0.032799707483215736,0.9324302742584717
28235,37235,Medium,Medium,0.03207984399140612,0.0313612599751324,0.9365588960334615
16715,25715,High,High,0.93170150174767,0.02826958391243821,0.04002891433989184
29679,38679,High,High,0.8255776194821077,0.031037631567022116,0.14338474895087008
29425,38425,High,High,0.9322916226644021,0.027898866615920486,0.03980951071967734
18314,27314,High,High,0.9301177027511661,0.030327121702155232,0.0395551755466787
12296,21296,Medium,Medium,0.03871368776189648,0.03287967781600016,0.9284066344221035
6209,15209,Medium,Medium,0.03912101821125063,0.07727373975292624,0.883605242035823
31097,40097,Low,Low,0.03642177251877734,0.9224572971591822,0.0411209303220405
4234,13234,Medium,Medium,0.029477877238870052,0.03020574709974581,0.9403163756613843
27342,36342,Low,Medium,0.032086783759600106,0.2616666504129859,0.706246565827414
12,9012,High,Low,0.03210873954901963,0.9194160476568732,0.04847521279410705
20447,29447,High,High,0.9310406041357201,0.028790678361417365,0.04016871750286233
29980,38980,Medium,Medium,0.03152711095606177,0.03094948811558665,0.9375234009283515
2581,11581,Medium,Medium,0.032337566643280975,0.04912923977389261,0.9185331935828264
27704,36704,High,High,0.9310729156853945,0.028586162929960236,0.040340921384645144
37319,46319,Medium,Medium,0.03437631587458336,0.040334635223534025,0.9252890489018827
28485,37485,Medium,Medium,0.02984434616761107,0.02863920027281569,0.9415164535595731
10491,19491,Medium,Medium,0.031222990888159968,0.03686762629515521,0.9319093828166848
16350,25350,Low,Low,0.029753885288872777,0.9298870400119759,0.04035907469915134
1900,10900,Low,Low,0.030431615901692268,0.9197647980568954,0.04980358604141236
22004,31004,Medium,Medium,0.029785288650339647,0.03956315849063929,0.930651552859021
32050,41050,Low,Low,0.0344409228276628,0.9238027086860807,0.04175636848625653
14910,23910,Low,Low,0.030658651978220455,0.925044047526466,0.04429730049531357
14835,23835,Medium,Medium,0.052499849852994274,0.11725088575971927,0.8302492643872865
35504,44504,Low,Low,0.02891950172722917,0.9287021709934903,0.042378327279280655
6942,15942,Medium,Medium,0.030630918443886,0.02799522319473142,0.9413738583613825
22724,31724,High,High,0.9320220834473174,0.028273017880845172,0.03970489867183747
34122,43122,High,High,0.9032215243809277,0.03412003396313944,0.06265844165593289
9995,18995,High,High,0.9293061532092765,0.03100108669407142,0.039692760096652104
8165,17165,Medium,Medium,0.03454229150652144,0.03284787467514172,0.9326098338183367
18733,27733,Low,Low,0.029508953644730232,0.928587529101963,0.041903517253306787
32556,41556,Medium,Medium,0.04035903146365941,0.030443906467361958,0.9291970620689787
25238,34238,Medium,Medium,0.030946434113532637,0.029005547356618838,0.9400480185298484
18515,27515,Medium,Medium,0.03405604478470175,0.02962270114160936,0.9363212540736888
39727,48727,Medium,Medium,0.058016022027927695,0.04097130199600584,0.9010126759760665
22365,31365,High,Medium,0.03340021472015072,0.03360171496056565,0.9329980703192836
7520,16520,Low,Low,0.036584316685331617,0.787612636295797,0.17580304701887126
12712,21712,High,High,0.9305742537519718,0.028637976603979667,0.04078776964404853
27545,36545,Low,Low,0.03043494505670428,0.9272560454901776,0.04230900945311822
5860,14860,Low,Low,0.03447174923837203,0.9144656566667971,0.05106259409483079
25679,34679,Medium,Medium,0.029593222444827982,0.02964159676540365,0.9407651807897683
27928,36928,Medium,Medium,0.02880141537169596,0.02812610375695379,0.9430724808713502
29602,38602,Medium,Medium,0.031160535345305187,0.029926980433091433,0.9389124842216034
6512,15512,Medium,Medium,0.03646906260718789,0.07955796039366682,0.8839729769991452
6494,15494,Low,Low,0.03444185575174809,0.9250441236840515,0.04051402056420033
31950,40950,High,High,0.9296852893934031,0.029148309569887287,0.041166401036709606
38721,47721,Low,Low,0.03222893025073764,0.8815744201374581,0.0861966496118043
33831,42831,Medium,Medium,0.05225388736399952,0.05849823922787555,0.889247873408125
38484,47484,Medium,Medium,0.03384612187209787,0.03202259957150616,0.934131278556396
23941,32941,Medium,Medium,0.03047372862574424,0.02951414458250308,0.9400121267917526
10062,19062,Medium,Medium,0.03165936482255604,0.02991510884390475,0.9384255263335392
14564,23564,High,High,0.9269099964641807,0.030006715575539633,0.04308328796027949
8481,17481,Medium,Medium,0.05747060118439202,0.03405990426363901,0.9084694945519689
20489,29489,Medium,Medium,0.032660157105205395,0.03472170455324793,0.9326181383415467
17731,26731,Medium,Medium,0.04646302619544373,0.04016730154244905,0.9133696722621072
23839,32839,Medium,Medium,0.042123614966829016,0.03340668319456376,0.9244697018386071
8132,17132,High,High,0.9304230360596687,0.02971688006956767,0.039860083870763785
36911,45911,High,High,0.9291815254899323,0.0286045688161157,0.04221390569395206
927,9927,Medium,Medium,0.030624649347473745,0.032868616435519436,0.9365067342170068
1773,10773,Medium,Medium,0.03601444204223722,0.041001380438101254,0.9229841775196616
7813,16813,Medium,Medium,0.03724019233965619,0.24490007018683313,0.7178597374735108
14057,23057,High,High,0.9278934699020454,0.031093572407328365,0.04101295769062611
28634,37634,Low,Low,0.02889156614524992,0.9312397601818083,0.03986867367294188
28068,37068,Low,Medium,0.03419088522825933,0.03305517767147753,0.9327539371002631
38223,47223,Medium,Medium,0.0330419029413638,0.0327003325596364,0.9342577644989999
20582,29582,High,High,0.9323666943225563,0.028086323018949273,0.03954698265849447
35684,44684,High,Medium,0.06650883799069834,0.038246622184800266,0.8952445398245015
17508,26508,Medium,Medium,0.033511308840293665,0.03388388655634619,0.93260480460336
17392,26392,Medium,Medium,0.029516626017114706,0.03252920980225408,0.9379541641806313
11898,20898,Medium,Medium,0.03022416817315425,0.031986791636062585,0.9377890401907831
34325,43325,High,High,0.931384005882593,0.028744553418886837,0.039871440698520236
31190,40190,Medium,Medium,0.032179700591270156,0.03415806061063354,0.9336622387980963
10830,19830,Medium,Medium,0.043060414172987484,0.033570658175205124,0.9233689276518073
7315,16315,High,High,0.932433749581981,0.02835776403934479,0.039208486378674266
37304,46304,Medium,Medium,0.37026266929929025,0.0381092170576609,0.5916281136430488
4577,13577,Medium,Medium,0.031064036848258248,0.03402391310906099,0.9349120500426809
1095,10095,Medium,Medium,0.03306987537966594,0.03571183502900313,0.9312182895913308
33973,42973,Low,Low,0.02993485257865558,0.9253831835052063,0.04468196391613799
6775,15775,Medium,Medium,0.05704053194784905,0.05250370652328746,0.8904557615288634
30876,39876,Low,Low,0.029674050745159667,0.9292764373902934,0.041049511864546924
39979,48979,Medium,Medium,0.03814933975478607,0.04273391791898412,0.9191167423262298
23851,32851,Low,Low,0.03152222400714506,0.9269301953005913,0.04154758069226364
23512,32512,High,High,0.930997967593293,0.028499222094987925,0.04050281031171917
3372,12372,High,Medium,0.032187929559728545,0.036066644768243526,0.931745425672028
34759,43759,Medium,Medium,0.04914703870561984,0.04970767481526131,0.9011452864791188
15189,24189,Low,Low,0.031888497359319395,0.9229700614975681,0.04514144114311256
15693,24693,Medium,Medium,0.03170248603096686,0.0284370650260741,0.9398604489429591
27164,36164,Medium,Medium,0.041005368845457114,0.031583802009855846,0.9274108291446871
2085,11085,Medium,Medium,0.031683736675136076,0.12669042199464797,0.8416258413302161
10376,19376,High,High,0.9296065658191924,0.0296571281897161,0.0407363059910914
26213,35213,Medium,Medium,0.030975792389045406,0.029021976064818437,0.9400022315461363
2734,11734,Medium,Medium,0.03100995811727857,0.034401208301435615,0.9345888335812859
19953,28953,Medium,Medium,0.0379117667121558,0.036267708122004215,0.92582052516584
1665,10665,High,Medium,0.029090054238586596,0.028133845141838375,0.9427761006195751
8914,17914,Low,Low,0.03086070099888182,0.9295900154338007,0.03954928356731742
14971,23971,High,High,0.9306091112237741,0.028096005980923818,0.04129488279530212
10304,19304,Low,Low,0.02982395364728255,0.9299408750430965,0.04023517130962084
26873,35873,Medium,Medium,0.03133248329112817,0.03261563360200522,0.9360518831068667
29008,38008,Medium,Medium,0.03227904225080704,0.02920326168225398,0.9385176960669391
17231,26231,Medium,Medium,0.035205393614016686,0.03010593583566303,0.9346886705503202
17275,26275,Medium,Medium,0.029122898059640467,0.02852238949421367,0.9423547124461459
18194,27194,Medium,Medium,0.03489912962749226,0.03218373512703293,0.9329171352454747
27992,36992,Low,Low,0.028860025702476182,0.9292126475884519,0.04192732670907184
21034,30034,Medium,Medium,0.03197340359344089,0.03146714487414887,0.9365594515324102
33029,42029,Medium,Medium,0.07491653905108926,0.049873163363572004,0.8752102975853386
33327,42327,Low,Low,0.02993072607233765,0.9126909905047919,0.057378283422870525
37351,46351,High,High,0.929766324262907,0.029539676847296692,0.04069399888979645
21991,30991,Medium,Medium,0.031010985050666712,0.02897075967469671,0.9400182552746367
221,9221,High,High,0.9295939695284671,0.027790317595138846,0.04261571287639393
16768,25768,Medium,Medium,0.04771888025595142,0.03544778143553778,0.9168333383085109
25788,34788,Medium,Medium,0.03349994793871645,0.04047802267767561,0.926022029383608
29628,38628,Medium,Medium,0.05162908083571241,0.05192049113410111,0.8964504280301865
8530,17530,High,High,0.9295060579406297,0.027755204941630463,0.042738737117739706
13064,22064,Low,Low,0.02913276547038261,0.9314672973149883,0.039399937214629026
7445,16445,Low,Medium,0.03634041959421383,0.033214712806032796,0.9304448675997533
17556,26556,High,High,0.9304674692527022,0.028992781948127322,0.0405397487991705
4776,13776,High,High,0.9002388087514692,0.05368197634452643,0.04607921490400422
29137,38137,Medium,Medium,0.034704749848086976,0.02901126876536815,0.9362839813865448
36357,45357,High,High,0.8734278088306947,0.0334642492300194,0.09310794193928586
14700,23700,High,High,0.9245964781184804,0.030903725292376116,0.0444997965891434
3427,12427,Medium,Medium,0.029611875980512705,0.03022042065038123,0.9401677033691062
20078,29078,Low,Low,0.029282997181897762,0.9307808134513028,0.0399361893667993
25627,34627,Low,Low,0.03071487447861676,0.926755222789211,0.04252990273217222
25717,34717,High,High,0.9307732127623384,0.029819229211667627,0.03940755802599382
39111,48111,Medium,Medium,0.034602192772379116,0.036520632689760676,0.9288771745378602
33099,42099,Medium,Medium,0.0357228532282405,0.03221877542527232,0.9320583713464871
23311,32311,Medium,Medium,0.030592658126826877,0.03162300163550981,0.9377843402376632
24618,33618,Medium,Medium,0.029841142888887933,0.0366440029949849,0.9335148541161272
21051,30051,Medium,Medium,0.032450941520819974,0.03158334486603873,0.9359657136131413
35002,44002,Medium,Medium,0.05552212679419066,0.04725070124923505,0.8972271719565743
8184,17184,Medium,Medium,0.03093212568470723,0.03301555964059582,0.936052314674697
8178,17178,Medium,Medium,0.032395952017145964,0.05053393731778546,0.9170701106650686
9384,18384,High,High,0.9324161899908597,0.028023323644745662,0.03956048636439471
7152,16152,Medium,Medium,0.06021126176338745,0.03075922476221149,0.9090295134744011
541,9541,Medium,High,0.9318737947233035,0.028617589937785116,0.03950861533891143
372,9372,Low,Low,0.029954179567415556,0.9270367588470033,0.04300906158558098
6991,15991,High,High,0.9306822648994094,0.028654683955523595,0.040663051145067054
22414,31414,High,High,0.9056396309969575,0.03907408024213931,0.055286288760903086
18910,27910,Low,Low,0.0302107341668446,0.9285650223134514,0.041224243519703975
18125,27125,Low,Low,0.029703072039513414,0.9239222316678793,0.0463746962926073
27224,36224,Medium,Medium,0.029162153642276045,0.02833645687962934,0.9425013894780946
35614,44614,Low,Low,0.02859356295918916,0.9320914745734549,0.03931496246735599
24511,33511,Medium,Medium,0.04955305607315864,0.03882172211361604,0.9116252218132254
20504,29504,High,High,0.93045480675431,0.029238363988202926,0.04030682925748703
30444,39444,High,High,0.9311943770127019,0.02855496858303655,0.04025065440426164
5352,14352,High,High,0.9151219970869242,0.03801100358097231,0.0468669993321034
11468,20468,Medium,Medium,0.0320554778724871,0.03366054416449494,0.9342839779630179
36189,45189,Medium,Medium,0.03254431270016756,0.3693915859011483,0.5980641013986842
26430,35430,Medium,Medium,0.03089693927563228,0.02921000073696033,0.9398930599874075
5489,14489,Low,Low,0.029837579979221096,0.9290327847080141,0.04112963531276465
20769,29769,High,High,0.9317499471938202,0.02830740711841967,0.039942645687760236
5091,14091,Low,Low,0.02910211455592357,0.9316232887900197,0.039274596654056686
31711,40711,Low,Low,0.031103075625940415,0.8796275934058079,0.0892693309682517
39203,48203,Low,Low,0.028661963366841865,0.9319760661663432,0.03936197046681485
16977,25977,Medium,Medium,0.030345188733921318,0.03192172332858113,0.9377330879374974
37781,46781,High,High,0.925197243467275,0.03305787026227502,0.0417448862704499
31683,40683,High,High,0.9315734635734404,0.02855880146628385,0.03986773496027578
27123,36123,High,Low,0.029632441827962718,0.9283055660035675,0.0420619921684697
19120,28120,High,High,0.9319446276298876,0.028810067638786047,0.0392453047313264
17825,26825,Low,Low,0.030385639814162816,0.9249350136255554,0.04467934656028183
8445,17445,Medium,Medium,0.24297363600716762,0.04233818335963339,0.7146881806331989
24206,33206,High,High,0.9304015545136316,0.02876015472418104,0.04083829076218746
38316,47316,Medium,Medium,0.035280782416738675,0.044187431363730524,0.9205317862195308
1762,10762,Low,Low,0.028871645866037982,0.9320087897300233,0.03911956440393873
16147,25147,High,High,0.926115891061429,0.02954751885545959,0.04433659008311135
34286,43286,High,High,0.9301473774249677,0.030576205489048377,0.03927641708598393
8246,17246,Low,Low,0.03005807005465451,0.9289467244478304,0.04099520549751498
35233,44233,High,High,0.9264272189576513,0.033779369120987966,0.039793411921360655
6931,15931,Medium,Medium,0.044651537340357476,0.04298935466759557,0.9123591079920471
24550,33550,Medium,Medium,0.02858251369816826,0.027774900782551345,0.9436425855192804
19636,28636,High,High,0.9164510817826503,0.03780483164010898,0.04574408657724085
15793,24793,Medium,Medium,0.032269647025870686,0.029549556730983834,0.9381807962431453
14453,23453,High,High,0.9292024125912876,0.029644084399709406,0.04115350300900314
32991,41991,High,High,0.9202566641472196,0.0309515658042241,0.04879177004855625
16327,25327,Medium,Medium,0.033679400448045634,0.03342155472804017,0.9328990448239142
28720,37720,Medium,Medium,0.02936593227013662,0.02868115602361854,0.9419529117062448
25724,34724,Medium,Medium,0.03537302653080338,0.03092999120296991,0.9336969822662268
20034,29034,Medium,Medium,0.03290072674036393,0.029246082866224068,0.9378531903934119
4813,13813,Low,Low,0.03705623725494162,0.9163272676983217,0.04661649504673653
12350,21350,Medium,Medium,0.0317899833437224,0.0283096718346514,0.9399003448216261
36580,45580,Low,Low,0.030958690842631625,0.9250446062772607,0.043996702880107735
652,9652,Medium,Medium,0.03079460271210571,0.028792485153633418,0.9404129121342608
20147,29147,Low,Low,0.035306488406252425,0.9084590440068138,0.056234467586933824
24934,33934,Medium,Medium,0.031586480812954905,0.039736921484113126,0.9286765977029319
35434,44434,Medium,Medium,0.03657337299362883,0.04380701003172902,0.9196196169746421
32614,41614,Medium,Medium,0.033132988806535764,0.031484341523102984,0.9353826696703612
24458,33458,High,High,0.9305989792188721,0.028294901359159432,0.04110611942196829
24752,33752,Low,Low,0.031809524385498035,0.6801933490622085,0.2879971265522934
27408,36408,Medium,Medium,0.037081667049972844,0.03219939433252092,0.9307189386175061
28141,37141,Low,Low,0.03064135935820593,0.9241258103303102,0.0452328303114839
34724,43724,High,High,0.9319603127688412,0.028213460093762677,0.039826227137396135
18704,27704,Low,Low,0.031556672543188176,0.9237424545725964,0.04470087288421543
26506,35506,Low,Low,0.02862361514044536,0.9320384990876219,0.03933788577193275
24235,33235,High,High,0.9258445687191289,0.03133300084472134,0.04282243043614967
36422,45422,Medium,Medium,0.03725133379500521,0.030433652245936044,0.9323150139590588
4165,13165,Medium,Medium,0.02907661617855735,0.02899849723489566,0.941924886586547
35884,44884,Medium,Medium,0.04083139351606758,0.06002011882046504,0.8991484876634672
21484,30484,High,High,0.920363911122965,0.038733368585607476,0.040902720291427545
3680,12680,Medium,Medium,0.03428324961450362,0.036267996979523744,0.9294487534059725
36890,45890,Low,Low,0.07400508935468984,0.8795676630491186,0.04642724759619147
20315,29315,Low,Low,0.03031191691662734,0.9273475315911902,0.0423405514921824
6346,15346,Low,Low,0.031238611561738207,0.9288643961869014,0.03989699225136031
5514,14514,High,High,0.9007946514741357,0.050709552410526826,0.04849579611533753
26369,35369,Low,Low,0.03024813847903469,0.9248764383252404,0.04487542319572486
7901,16901,Medium,Medium,0.03940500765556712,0.030633764323414543,0.9299612280210182
22571,31571,High,High,0.9248613845987332,0.03035654951407134,0.044782065887195494
21507,30507,High,Low,0.030614512434493934,0.9270298792089816,0.042355608356524486
16888,25888,High,High,0.9297020883600067,0.027911754267240532,0.042386157372752885
4678,13678,Medium,Medium,0.030480865535019264,0.031226532500044993,0.9382926019649357
21078,30078,Low,Low,0.028801984887180315,0.9297682460492157,0.041429769063603954
27540,36540,Low,Low,0.02949411496041479,0.9295681375676624,0.040937747471922616
11936,20936,Medium,Medium,0.03887298167219169,0.035352327671201646,0.9257746906566067
6784,15784,Medium,Medium,0.03180656686147582,0.032501875135601786,0.9356915580029225
34493,43493,Low,High,0.9285119202825104,0.028714156002192247,0.042773923715297285
22763,31763,Low,Low,0.03083939778276254,0.9273336643113551,0.04182693790588236
26185,35185,High,High,0.9270943041071519,0.031941113565909764,0.04096458232693826
32474,41474,High,High,0.9172988175181088,0.03061972685007655,0.05208145563181469
21689,30689,Medium,Medium,0.0307400843670222,0.031087192213790166,0.9381727234191878
7182,16182,Medium,Medium,0.03879578082791745,0.03361193580244038,0.9275922833696422
16727,25727,High,High,0.9294597160596864,0.030403563299829878,0.04013672064048378
12160,21160,Medium,Medium,0.08847429568516273,0.1833848225803445,0.7281408817344929
16473,25473,Low,Low,0.029895965026971682,0.9274513026268592,0.04265273234616921
30801,39801,Low,Low,0.029458273053259817,0.9311420348305051,0.039399692116235153
16919,25919,Low,Low,0.029504373210738916,0.92959618833785,0.04089943845141119
5412,14412,Medium,Medium,0.041060620804686206,0.035577286514603616,0.9233620926807101
17890,26890,High,High,0.9308151966382638,0.02952034386059942,0.039664459501136666
4602,13602,Medium,Medium,0.0342241088495937,0.03790479501707261,0.9278710961333337
4192,13192,High,High,0.9290660179879189,0.030133118777174516,0.04080086323490667
7485,16485,Low,Low,0.02948670035752386,0.9226081471923625,0.04790515245011365
22087,31087,Low,Low,0.028949521058232452,0.93145398022022,0.03959649872154761
614,9614,Medium,Medium,0.0361283477913472,0.03879724015557586,0.9250744120530769
36245,45245,High,High,0.9302297543712292,0.029631678813295675,0.040138566815475146
22712,31712,Medium,Medium,0.03021211015220003,0.028950304316478742,0.9408375855313212
19960,28960,Medium,Medium,0.02924455541443147,0.0288309985365318,0.9419244460490367
29723,38723,High,High,0.9235951803157425,0.03424489733526529,0.0421599223489923
